matchup,rank,player,batter,bats,game_year,plate_appearances,opportunities,chases,chase_rate,xchase_plus,xchase_plus_posterior_sd,xchase_plus_raw,xchase_plus_se,overall_xchase_plus,runs_saved_per_600_pa,runs_saved_shrunk,standard_error_per_600_pa,shrinkage_factor,league_chase_cost_per_600_pa
R/R,1,Alex Bregman,608324,R,2022,429,884,156,17.647058823529413,147.99198165983435,8.787990508151138,158.93955160950412,9.82926320344311,144.328039409884,20.97079291464889,17.07562886836969,3.497268600016723,0.20064953999477686,35.580170432221806
R/R,2,Matt Chapman,656305,R,2022,500,1038,206,19.845857418111752,140.3860073764008,9.325834423559932,150.89739590950043,10.600013383077034,137.95165716218509,18.109380210162943,14.369410255293081,3.7715028275371294,0.22596148020333337,35.580170432221806
R/R,3,Taylor Ward,621493,R,2022,401,813,162,19.92619926199262,138.25878939498338,9.130945976819822,147.62702640318926,10.316406065130378,131.02659447182688,16.945777166054018,13.612542472039888,3.6705948604534555,0.21661601231917887,35.580170432221806
R/R,4,Yandy Díaz,650490,R,2022,409,807,164,20.322180916976457,137.38154753484181,8.11728947561497,144.19826746780745,8.916282500500566,138.21709642682634,15.725818893135143,13.300418323098725,3.17242850989647,0.17119105873460652,35.580170432221806
R/R,5,Austin Nola,543592,R,2022,256,482,93,19.294605809128633,136.3905894769924,9.293724718538463,145.65278610062038,10.552933104204453,130.4610349295973,16.2433391016584,12.94783375720407,3.7547515840742993,0.22440814666282832,35.580170432221806
R/R,6,Will Smith,669257,R,2022,438,893,193,21.612541993281077,134.31819719194095,8.243995535285645,140.73846605039083,9.085028435756854,132.23025730942092,14.494815652201877,12.210473050158548,3.232468601258103,0.1765771512076093,35.580170432221806
R/R,7,Myles Straw,664702,R,2022,453,824,158,19.174757281553397,133.6665209011124,7.298273967185095,138.37057011843046,7.862567105528244,131.56436288399175,13.652314243952734,11.978605515215367,2.7975147764947583,0.13838828725854868,35.580170432221806
R/R,8,Alejandro Kirk,672386,R,2022,431,888,201,22.635135135135133,132.2113330111564,8.788001495567205,139.1977337606155,9.829278577551236,130.03521153439607,13.94662047759554,11.460847183859975,3.4972740701505964,0.20065004172981074,35.580170432221806
R/R,9,Seiya Suzuki,673548,R,2022,324,671,155,23.09985096870343,131.79178871530053,9.154526459043158,139.42192703478625,10.35045131613149,137.2408022918333,14.026388826643071,11.311572608355785,3.6827082187837292,0.2177362698648114,35.580170432221806
R/R,10,Jon Berti,542932,R,2022,314,595,133,22.35294117647059,131.09897301565994,9.297863487764106,138.8389866403089,10.558993560368048,125.20302801200285,13.81897764076976,11.065067601642472,3.756907904706277,0.22460806227570138,35.580170432221806
R/R,11,Luis Urías,649966,R,2022,338,705,155,21.98581560283688,131.02139621247971,9.936228500648397,140.21320993575483,11.523479501427017,126.2797016226497,14.307928631408721,11.037465642855086,4.100073646329876,0.2565087301292895,35.580170432221806
R/R,12,Paul Goldschmidt,502671,R,2022,512,1077,272,25.25533890436397,129.4905468988899,9.293764514755994,136.75637966796123,10.552991367191332,135.00816200478113,13.077982530575126,10.49278684801933,3.7547723141443297,0.2244100685218915,35.580170432221806
R/R,13,Nick Senzel,669222,R,2022,297,526,144,27.376425855513308,129.31330764138863,9.86935732436358,137.76132135995658,11.419530779238679,118.88587468789768,13.435542497331532,10.42972481812758,4.063088513813149,0.2530677222621266,35.580170432221806
R/R,14,Mike Trout,545361,R,2022,361,764,171,22.38219895287958,128.77525969629198,10.999602295767279,139.96024264647747,13.283901015312626,127.47980467357915,14.21792243874607,10.238286442255113,4.726434621295875,0.314349646317325,35.580170432221806
R/R,15,Isaac Paredes,670623,R,2022,277,614,119,19.381107491856678,127.34602784173393,10.524840868465684,136.62702306819403,12.471377104700961,123.0465568267642,13.031957231912635,9.729763312531759,4.437337229097691,0.28779953404044434,35.580170432221806
R/R,16,Chris Taylor,621035,R,2022,318,649,146,22.496147919876734,127.30512278583893,8.684356923928792,132.8921547543602,9.68489250390665,120.1969219168824,11.70308472043151,9.715209223928921,3.44590125906746,0.19594506910333503,35.580170432221806
R/R,17,Connor Joe,656582,R,2022,298,578,129,22.318339100346023,126.47976475886492,10.346688233149084,134.99540675928125,12.1779600300559,127.61170686342712,12.45142536840154,9.421545431255547,4.332938933861739,0.2781389022651922,35.580170432221806
R/R,18,Andrew McCutchen,457705,R,2022,416,814,176,21.62162162162162,126.26318530873658,8.818551133875593,131.80444934412355,9.872081182922168,119.8999630318648,11.316077281668806,9.344486093778714,3.512503310091006,0.2020475018145761,35.580170432221806
R/R,19,Mark Canha,592192,R,2022,341,673,168,24.962852897473997,125.70762513163089,8.989607181963247,131.3759837324767,10.113854224266223,130.21935780900708,11.163628486801402,9.146816835910954,3.598526570260387,0.20996187368135824,35.580170432221806
R/R,20,Aaron Judge,592450,R,2022,519,1187,277,23.336141533277168,125.52223635294571,10.01801389871269,132.9799166931779,11.651600948836261,120.93328194313058,11.734310567837467,9.080855192492557,4.145659475678315,0.26074877083042425,35.580170432221806
R/R,21,Justin Turner,457759,R,2022,381,774,197,25.452196382428944,124.74654090908801,10.40089964849173,132.7090443469763,12.266620530871764,114.87551955649872,11.63793372540518,8.804861431533007,4.364484491158085,0.28106115227538103,35.580170432221806
R/R,22,DJ LeMahieu,518934,R,2022,397,741,187,25.236167341430498,124.48206339407848,8.773353378625373,129.50727979561452,9.80879508281348,129.1080149402422,10.498740441192197,8.710759880937712,3.489986007812428,0.1999816996164672,35.580170432221806
R/R,23,Carson Kelly,608348,R,2022,220,444,113,25.45045045045045,122.88355481477699,11.527682248836005,132.64138898885412,14.246451366790842,110.3905242420111,11.613861833678776,8.142007804048552,5.068911676847774,0.3452574066485494,35.580170432221806
R/R,24,Mookie Betts,605141,R,2022,459,859,198,23.050058207217695,122.2302097239536,7.776776444741043,125.55808930082748,8.470698719105137,121.47164529457748,9.09361173245386,7.909546507223038,3.0138890410576367,0.15712968484242165,35.580170432221806
R/R,25,Spencer Torkelson,679529,R,2022,297,583,145,24.871355060034304,120.42154578449632,10.496147504791105,126.85490932412709,12.423716255138237,112.3934014584392,9.555022506943045,7.266020795017999,4.420379417593829,0.2862324452469274,35.580170432221806
R/R,26,Rhys Hoskins,656555,R,2022,500,1055,256,24.265402843601898,118.8603629092619,8.626761586377297,122.33160132926515,9.60520141585075,120.95536893035955,7.945621813196854,6.71054926725093,3.4175470341178786,0.19335464145062536,35.580170432221806
R/R,27,Wilmer Flores,527038,R,2022,397,815,211,25.88957055214724,118.6662024440654,9.14037831025316,122.62726087588057,10.330015600540792,123.0822759470383,8.050817983781752,6.641466642822023,3.6754371563475146,0.21706377529526738,35.580170432221806
R/R,28,Nolan Arenado,571448,R,2022,496,993,314,31.62134944612286,118.05649100273462,8.463945703580313,121.18441871914814,9.381969542135545,106.17476696458654,7.537452285348409,6.424530272851771,3.3381207529909673,0.1861250157266868,35.580170432221806
R/R,29,Ha-Seong Kim,673490,R,2022,392,721,186,25.79750346740638,117.41354240005415,9.08669002178427,120.97342109213722,10.252706115035487,129.1892049515655,7.46237897004998,6.195768064226476,3.6479303096444533,0.21452130790659485,35.580170432221806
R/R,30,Elvis Andrus,462101,R,2022,420,835,239,28.622754491017965,116.19068540025108,10.196210528354074,120.56181098178055,11.93464032534579,117.39091452404531,7.315927391268819,5.760673459554186,4.246365368230703,0.2701074719721431,35.580170432221806
R/R,31,Gio Urshela,570482,R,2022,390,740,270,36.486486486486484,115.89114846967848,11.232610402458143,121.50534601432423,13.700431141765264,107.56555504705705,7.65163876393558,5.654097709149009,4.874636750189273,0.32780864435597157,35.580170432221806
R/R,32,Carlos Correa,621043,R,2022,431,895,255,28.49162011173184,115.43716478430413,10.502005864432624,119.87865054159298,12.433434474351083,119.0860673160278,7.072857742324561,5.492569540158337,4.423837176552737,0.28655205214403,35.580170432221806
R/R,33,Tommy Pham,502054,R,2022,469,896,202,22.544642857142858,115.19989873802012,8.827111640246144,117.9465294420458,9.884095362187212,115.72263482013128,6.385405762148763,5.408149876512693,3.516777975549541,0.20243996275488027,35.580170432221806
R/R,34,Whit Merrifield,593160,R,2022,394,705,215,30.49645390070922,114.09659476805498,9.47571889593258,117.05332466988503,10.82167933995727,114.21514631640754,6.067601981905222,5.015592443613624,3.8503719527853324,0.23328313728230968,35.580170432221806
R/R,35,Jonathan India,663697,R,2022,309,599,157,26.21035058430718,113.71983273315934,10.160075614041883,117.14316176871075,11.876805913527352,113.27002358320036,6.099566174778776,4.881539869473845,4.2257877859372295,0.2681963668069621,35.580170432221806
R/R,36,Bryan De La Cruz,650559,R,2022,259,555,178,32.072072072072075,113.32010116032212,13.716132496380492,121.86917348632043,19.183684402924285,105.53198691423844,7.781089198551074,4.739314694586966,6.825587605740013,0.488790046422568,35.580170432221806
R/R,37,José Altuve,514888,R,2022,441,921,263,28.555917480998914,113.27687670358871,9.770291670442589,116.21151748325019,11.266844491661876,110.4467204904551,5.768085550189854,4.723935359212818,4.008762472466691,0.2480127841557451,35.580170432221806
R/R,38,Eugenio Suárez,553993,R,2022,473,989,232,23.458038422649143,112.82691020741305,9.299329231499875,115.2750440209213,10.561140431003446,118.86822331451998,5.434886696240703,4.5638365129856195,3.757671764937311,0.2246788836660507,35.580170432221806
R/R,39,Brian Anderson,605119,R,2022,302,614,167,27.19869706840391,112.5282427480483,10.037456453784962,115.41780822937076,11.68222141266255,97.78455619038544,5.485682444923238,4.457570121918054,4.156554288894845,0.2617618542313687,35.580170432221806
R/R,40,Ramón Urías,602104,R,2022,316,574,166,28.9198606271777,111.35976760307572,10.238262794971217,113.97248594774649,12.002232756424915,101.36793089645532,4.971434313826442,4.041824673878659,4.270414870407938,0.27234007684364764,35.580170432221806
R/R,41,Lourdes Gurriel,666971,R,2022,399,760,217,28.55263157894737,111.23334610192734,9.175486695594813,113.15241703778442,10.380775010163903,107.96038530635448,4.679652398000276,3.99684368830709,3.6934974408018073,0.2187344707861486,35.580170432221806
R/R,42,Dansby Swanson,621020,R,2022,520,1017,272,26.745329400196656,111.18262856537086,8.481399701409417,112.74647348948484,9.40575798026078,106.27889104741998,4.535216991656676,3.978798302361275,3.3465847198190892,0.1868934458005179,35.580170432221806
R/R,43,Ronald Acuña,660670,R,2022,402,824,216,26.21359223300971,110.95061849088711,9.555305599987015,112.99436464809918,10.94068328527642,111.55952350805194,4.623417088378068,3.89624872244003,3.8927137593509538,0.23721829096486052,35.580170432221806
R/R,44,Christopher Morel,666624,R,2022,305,598,181,30.267558528428097,110.91114619786617,10.087807249666398,113.25899588973583,11.761814279485025,108.83399403504416,4.717573335169292,3.8822044133096765,4.184873566562173,0.264394587912398,35.580170432221806
R/R,45,Tyler O'Neill,641933,R,2022,292,647,179,27.666151468315302,110.52325716381776,11.527040766949423,113.76273600115442,14.245240603091677,110.1399052423302,4.896804925347494,3.7441928339073494,5.06848088506008,0.3452189825828031,35.580170432221806
R/R,46,Lane Thomas,657041,R,2022,345,699,191,27.32474964234621,110.47783249614645,10.824291219868876,113.14689120345639,12.978442915128094,109.3301948862738,4.6776862967285595,3.7280306597316293,4.6177521086511915,0.3044093209707486,35.580170432221806
R/R,47,Santiago Espinal,669289,R,2022,365,702,172,24.501424501424502,110.45766520974524,8.837537323698271,112.00517801430126,9.898739199123263,109.64457535947612,4.271462798180012,3.720855104858526,3.521988277689205,0.20291844800661266,35.580170432221806
R/R,48,Yonathan Daza,602074,R,2022,267,536,185,34.51492537313433,110.1840216869939,11.543606361456353,113.25811096496354,14.276541520922214,107.90611982654768,4.717258477427115,3.623492273086863,5.0796178049710345,0.3462119290000993,35.580170432221806
R/R,49,Max Stassi,545358,R,2022,247,458,94,20.52401746724891,109.3557482595546,11.077018468217796,111.68479563968262,13.42092319998071,101.11772668285492,4.157470203255899,3.328791175959153,4.775187348130733,0.3187900586774733,35.580170432221806
R/R,50,Manny Machado,592518,R,2022,456,945,295,31.216931216931215,109.34612868556117,10.576254677651699,111.38109420904821,12.557173056764423,102.798996372652,4.049412716631079,3.325368515137435,4.467863575065818,0.29061820119961485,35.580170432221806
R/R,51,J. T. Realmuto,592663,R,2022,396,769,248,32.249674902470744,108.77206823618832,10.217603978058877,110.4071966540175,11.968988129480245,112.37624863477735,3.7028983067159085,3.1211168288665943,4.2585863754814675,0.27124212739910253,35.580170432221806
R/R,52,Gleyber Torres,650402,R,2022,427,834,227,27.218225419664265,108.74683404661766,9.460274335718669,110.07019248702905,10.798691387895511,103.67333139182227,3.582991649737729,3.1121384612101664,3.842192800262881,0.23252329641845879,35.580170432221806
R/R,53,Christian Walker,572233,R,2022,507,994,239,24.044265593561367,108.23226440113847,7.794820599704487,108.95458010310182,8.494032091900888,111.81400023133408,3.186054862173451,2.929053704356191,3.022191094865951,0.15785969468377345,35.580170432221806
R/R,54,Trey Mancini,641820,R,2022,398,801,228,28.46441947565543,107.88196500326269,10.745381293495837,109.3831874543562,12.843069383911853,99.14720234831113,3.338554088234793,2.8044165815689435,4.569585975524336,0.2999871635397867,35.580170432221806
R/R,55,Jorge Soler,624585,R,2022,236,551,145,26.31578947368421,107.08705800323776,12.455678827527315,108.91580511693894,16.121676469680917,98.11651640392294,3.1722586560116253,2.5215873161824116,5.73611996444387,0.4030823786397323,35.580170432221806
R/R,56,George Springer,543807,R,2022,454,827,219,26.481257557436518,107.06943659104031,8.164077780466197,107.63293971440416,8.97840280769741,107.74302681192256,2.7158129593737432,2.515317587689993,3.194531021070126,0.17317024739348072,35.580170432221806
R/R,57,Christian Vázquez,543877,R,2022,318,616,190,30.844155844155846,106.82924296657926,10.660969693626136,107.85600707990722,12.699664978276125,103.85374442414532,2.7951807081983975,2.4298562867394184,4.51856244359183,0.29529250744484425,35.580170432221806
R/R,58,Sean Murphy,669221,R,2022,446,856,268,31.308411214953267,106.77695823136646,8.899008051744488,107.39817847059523,9.98535005272702,112.77900983742404,2.6322845087177233,2.411253288840672,3.5528045670142236,0.20575112073382337,35.580170432221806
R/R,59,Willson Contreras,575929,R,2022,358,708,227,32.06214689265537,106.2390374184273,10.019474331718342,106.89540462995774,11.65389882730947,96.7353382066756,2.4533967193302764,2.219860146806523,4.146477064755408,0.2608248006447255,35.580170432221806
R/R,60,Byron Buxton,621439,R,2022,269,514,145,28.21011673151751,105.72121545762158,12.981358990541159,106.76661408664974,17.313462018851798,96.43408423138824,2.4075728245207073,2.0356182106163754,6.16015929402546,0.4378237641643736,35.580170432221806
R/R,61,Miguel Rojas,500743,R,2022,376,703,214,30.440967283072546,105.4366986966465,9.940968649211179,105.80211440092276,11.530875305467799,102.61112120117818,2.064402192520803,1.9343866621532049,4.10270508601242,0.2567535271390913,35.580170432221806
R/R,62,Ke'Bryan Hayes,663647,R,2022,391,805,218,27.080745341614907,104.89469260898622,10.554811575939963,105.10479751324345,12.52132816901833,101.21978760584236,1.8162956554318415,1.74153997241066,4.45510990291452,0.28944095302054174,35.580170432221806
R/R,63,Nico Hoerner,663538,R,2022,381,666,229,34.38438438438439,104.65056474531784,9.014019039599564,104.72326095262171,10.148655857966085,105.6582684171902,1.6805442969013913,1.6546788624449096,3.610909050843995,0.2111037519990345,35.580170432221806
R/R,64,Alec Bohm,664761,R,2022,458,803,250,31.133250311332507,104.61013704163031,8.949626423032536,104.6709026515407,10.057019867151709,105.83057163818395,1.6619151241413497,1.6402946165710537,3.578304809134985,0.20809844005091704,35.580170432221806
R/R,65,Jose Iglesias,578428,R,2022,309,573,228,39.79057591623037,104.164404043715,10.541720889203935,104.07733583798624,12.499489139079344,98.81363497723868,1.4507230402495646,1.4817020562401313,4.447339538841485,0.2887234354863029,35.580170432221806
R/R,66,Gilberto Celestino,665482,R,2022,226,458,106,23.144104803493452,103.9518714618185,10.612176903047141,103.77524504559686,12.617422331255261,105.14404824671615,1.3432386214573728,1.4060826013773546,4.489300369613836,0.29259572197128386,35.580170432221806
R/R,67,José Abreu,547989,R,2022,537,1077,336,31.197771587743734,103.94808088752656,8.75851433971919,103.84084339477731,9.788070741972719,103.77548790550614,1.3665786258964985,1.4047339085839246,3.482612252020331,0.19930578324025947,35.580170432221806
R/R,68,Garrett Cooper,643265,R,2022,368,759,242,31.88405797101449,103.48672887183314,10.02622131401601,103.17134452662766,11.664519287810785,107.34877663384476,1.1283697875670586,1.2405840751077164,4.150255842702463,0.2611761908995285,35.580170432221806
R/R,69,Xander Bogaerts,593428,R,2022,481,954,291,30.50314465408805,102.8786923260703,8.560932232209485,102.52584273765343,9.514584541507832,104.53003023598068,0.898699150906991,1.0242436358351006,3.3853053957863164,0.19041498747458332,35.580170432221806
R/R,70,Amed Rosario,642708,R,2022,512,924,366,39.61038961038961,102.60373333968356,9.42151025876073,102.07162647807542,10.741144089907497,98.38322610395444,0.7370882316182645,0.9264127598599914,3.8217173735596073,0.23062164244142894,35.580170432221806
R/R,71,Yuli Gurriel,493329,R,2022,400,748,263,35.160427807486634,101.81886432633328,9.27882720430002,101.08120580087814,10.531137841750413,100.79707089772748,0.38469486667551145,0.6471550272402675,3.746996792547002,0.22368928652730985,35.580170432221806
R/R,72,Travis d'Arnaud,518595,R,2022,326,624,219,35.09615384615385,101.67479942063167,10.614992808656917,100.55549378936517,12.622155893376279,101.94437461243685,0.19764563699653326,0.595896488258612,4.490984579084009,0.2927510211629365,35.580170432221806
R/R,73,Chas McCormick,676801,R,2022,292,609,180,29.55665024630542,101.29403142145125,10.98932964158483,99.88356227204345,13.265818873110927,99.3223923908116,-0.04142874205434534,0.46041858519885814,4.720000964282714,0.31376277104194755,35.580170432221806
R/R,74,Bo Bichette,666182,R,2022,580,1061,378,35.626767200754,100.92022322419487,9.28158568077572,99.92286310771021,10.535171245786321,97.74472028717932,-0.02744543774282655,0.327416991525424,3.7484318845771982,0.22382230621621033,35.580170432221806
R/R,75,Tyrone Taylor,621438,R,2022,272,499,161,32.26452905811623,100.41506983417788,12.397846794493825,97.7796882648769,15.996862448762354,91.27955827097094,-0.7899906994834227,0.14768255441322964,5.6917109230777365,0.39934802472681563,35.580170432221806
R/R,76,Randy Arozarena,668227,R,2022,517,1121,355,31.668153434433542,100.19961692536482,9.58191077624152,98.89037944003798,10.980671387456223,95.76513004620011,-0.3948048863854622,0.0710240422563661,3.9069415942591386,0.2385411206059891,35.580170432221806
R/R,77,Luke Voit,572228,R,2022,397,811,242,29.839704069050555,100.11197385688368,10.801201760825197,98.25607130362721,12.938698514494517,84.93897325522852,-0.620492802385862,0.039840489118743494,4.6036109831685,0.30311202584991187,35.580170432221806
R/R,78,Owen Miller,680911,R,2022,318,644,226,35.09316770186335,99.9536692091539,11.115764165348445,97.86139266406555,13.490006204150044,94.60839689886195,-0.7609201350014752,-0.016484574345638547,4.799767198753881,0.32102411567405026,35.580170432221806
R/R,79,Isiah Kiner-Falefa,643396,R,2022,406,697,218,31.276901004304158,98.53034076597667,8.87794185018385,97.02427451953416,9.95561611904533,100.901357665631,-1.0587681975447951,-0.5229072602383839,3.5422251827340743,0.20477814391399812,35.580170432221806
R/R,80,Bobby Dalbec,666915,R,2022,241,516,147,28.488372093023255,98.06384316670854,11.150114180310636,95.05074456986335,13.55153798278565,82.02713632671005,-1.7609535171686124,-0.6888879011202109,4.821660310462407,0.32301124335200704,35.580170432221806
R/R,81,Bobby Witt,677951,R,2022,484,933,311,33.33333333333333,98.0364822066722,8.903795978117769,96.39124450179862,9.992115606829191,92.20492710328448,-1.2840013567422268,-0.698622977333031,3.55521176269446,0.20597258052429976,35.580170432221806
R/R,82,Ryan Mountcastle,663624,R,2022,456,958,364,37.995824634655534,98.02838914051897,11.267680643843986,94.90252349809424,13.764212487430104,101.43202439738376,-1.8136908271205299,-0.7015025040635448,4.8973302616807874,0.3298587955998124,35.580170432221806
R/R,83,Ty France,664034,R,2022,435,818,255,31.173594132029343,97.76123945156934,8.904362035829845,96.0443282211234,9.992915658811459,87.47971440678906,-1.407434760663595,-0.7965548187009713,3.5554964225532975,0.20599877071871606,35.580170432221806
R/R,84,Brandon Drury,592273,R,2022,415,848,251,29.599056603773583,97.05963795320024,9.428056288544576,94.86171946314383,10.750847039136376,93.99121242636905,-1.8282089722991057,-1.0461858275757225,3.8251696994321946,0.23094222386636826,35.580170432221806
R/R,85,Vladimir Guerrero,665489,R,2022,579,1129,343,30.380868024800712,96.94846950564546,8.592026085047843,95.1850907640679,9.557324929847942,94.27523664103116,-1.7131529123014329,-1.085739750682566,3.400512498801121,0.1918006982086143,35.580170432221806
R/R,86,Willy Adames,642715,R,2022,449,936,278,29.700854700854702,96.50458355181397,9.114665118780643,94.3371245950013,10.292942478091808,87.14187954961207,-2.0148607204629068,-1.2436751295805066,3.66224647619562,0.21584423019875218,35.580170432221806
R/R,87,Josh Donaldson,518626,R,2022,424,876,258,29.45205479452055,96.13960773355767,8.765618197578215,94.08455620995139,9.797988780834974,94.58930494989896,-2.1047249823215757,-1.3735341477524932,3.486141107151055,0.19962922031636215,35.580170432221806
R/R,88,Michael Taylor,572191,R,2022,321,602,202,33.5548172757475,96.07041572518796,10.060384953546016,93.10614172850133,11.71841314326256,98.43492424535172,-2.4528465223550486,-1.3981527822559114,4.169431368324699,0.2629591020769247,35.580170432221806
R/R,89,Starling Marte,516782,R,2022,350,668,232,34.73053892215569,96.02420344824536,9.573519527823267,93.41295441766366,10.968047931330089,95.2228483149325,-2.3436820446434092,-1.4145951891527,3.9024501470550232,0.23812350424881984,35.580170432221806
R/R,90,Patrick Wisdom,621550,R,2022,390,843,229,27.164887307236064,95.85988995728607,9.087908655886876,93.53247736947415,10.254456749915832,95.11283753326131,-2.3011555746836128,-1.4730582092791482,3.648553188518526,0.21457885152498668,35.580170432221806
R/R,91,Jacob Stallings,607732,R,2022,309,603,166,27.52902155887231,95.63620943376667,11.072377975881047,91.54986797459637,13.412672041664036,98.627921570584,-3.0065713763863675,-1.5526441207710355,4.772251571939028,0.31852301336050015,35.580170432221806
R/R,92,Austin Riley,663586,R,2022,516,1001,308,30.76923076923077,95.56277569958647,8.678622307272832,93.41784734073883,9.676940601898268,96.59012002868946,-2.3419411342741436,-1.5787719685470956,3.443071958780275,0.19568637433400518,35.580170432221806
R/R,93,Marcus Semien,543760,R,2022,520,1014,261,25.7396449704142,95.32540338324029,7.609449730644527,93.72220185678023,8.255747812591105,101.5190185117414,-2.2336512787484497,-1.6632294432619832,2.937409142174339,0.15044075863364464,35.580170432221806
R/R,94,Ramón Laureano,657656,R,2022,286,570,170,29.82456140350877,95.26578706659811,11.04629642564603,91.03565669087787,13.366386999283566,92.26243293029898,-3.1895286275151244,-1.6844410303286788,4.755783274975431,0.3170241863632198,35.580170432221806
R/R,95,C. J. Cron,543068,R,2022,432,837,297,35.483870967741936,95.22033962519481,10.924877396753583,91.10383289805374,13.15289457404409,89.81958840457303,-3.165271416807726,-1.70061130743706,4.679822306215342,0.31009313647025855,35.580170432221806
R/R,96,Jose Trevino,624431,R,2022,278,487,196,40.24640657084189,94.82164862579513,10.98937649858458,90.4518092468673,13.265901299131764,86.90374187959429,-3.3972625431582584,-1.8424662445213922,4.720030291601408,0.3137654467308037,35.580170432221806
R/R,97,Maikel Franco,596748,R,2022,271,476,184,38.655462184873954,94.12565981947003,11.697536669555317,88.4699055937912,14.570861355748617,91.6087298047796,-4.102427240725164,-2.0901002480010478,5.184337303818102,0.3555067414739265,35.580170432221806
R/R,98,Pete Alonso,624413,R,2022,500,1022,351,34.34442270058709,94.01651439697989,10.441740185881404,89.92098039570054,12.33377211401951,97.93520608657872,-3.586132353106795,-2.12893437534201,4.388377138889988,0.2832727349648461,35.580170432221806
R/R,99,Elías Díaz,553869,R,2022,241,488,158,32.37704918032787,94.0148842430273,11.839968918787564,88.07771840175182,14.848961605415937,88.9147590300777,-4.241968112066118,-2.1295143868966515,5.28328584662217,0.3642169344853133,35.580170432221806
R/R,100,Julio Rodríguez,677594,R,2022,423,832,285,34.25480769230769,93.98875088898993,9.42837178653772,90.86839674220755,10.75131484396025,93.26882628694564,-3.2490400023168693,-2.1388126788028035,3.825336145185819,0.23095768050452273,35.580170432221806
R/R,101,Giancarlo Stanton,519317,R,2022,334,718,196,27.298050139275766,93.63815122633362,11.56278096828889,87.92143754763842,14.312861431808683,94.94813214922344,-4.2975731063126,-2.2635566363107116,5.092540491165272,0.3473630408557022,35.580170432221806
R/R,102,Jesús Aguilar,542583,R,2022,381,824,301,36.529126213592235,93.57223740487558,10.898517276740199,88.7488174794464,13.106968802640981,88.15064712901557,-4.003189916453321,-2.2870088863238736,4.663481838477803,0.30859852366027946,35.580170432221806
R/R,103,Harrison Bader,664056,R,2022,255,502,174,34.66135458167331,93.34479936686425,11.514931338533271,87.54594831983519,14.222404656336684,84.00578062331853,-4.431172813519624,-2.367931727876005,5.060355816284842,0.3444940421865428,35.580170432221806
R/R,104,AJ Pollock,572041,R,2022,393,700,230,32.857142857142854,93.21450565673831,9.166002910038646,90.0970212716358,10.367047387581561,91.1517258207977,-3.523496709418654,-2.4142904520012793,3.6886131292907183,0.21828253644907547,35.580170432221806
R/R,105,Adolis García,666969,R,2022,448,986,385,39.046653144016226,93.0954487741734,11.973938571067462,86.39713855787457,15.1158361083637,87.84785002457046,-4.8399212847672155,-2.4566510937291604,5.378240249611129,0.3725058192589683,35.580170432221806
R/R,106,Brendan Rodgers,663898,R,2022,380,680,200,29.411764705882355,92.86734292490958,8.742156539681448,90.01527241140269,9.76525564454177,98.1034080364576,-3.5525830932159916,-2.537811543663098,3.474494601470122,0.1985620133337564,35.580170432221806
R/R,107,Gary Sánchez,596142,R,2022,344,697,199,28.55093256814921,92.62250724042453,9.725866591747137,88.79177727220284,11.198871182423192,89.04337138138027,-3.9879047489732513,-2.6249244974817785,3.984577453191145,0.2457625057246355,35.580170432221806
R/R,108,Jean Segura,516416,R,2022,272,488,178,36.47540983606557,92.25983863017478,10.95285750419849,86.77208420468061,13.201806529458983,97.04340825159342,-4.706514984605426,-2.7539626071128085,4.697225263313693,0.31168355249701735,35.580170432221806
R/R,109,William Contreras,661388,R,2022,258,547,155,28.336380255941503,91.97571545113067,12.339172536073702,83.85819692700129,15.871411897979236,99.11312499781212,-5.743281044206559,-2.8550541184541474,5.647075403300942,0.39557704682163264,35.580170432221806
R/R,110,Kyle Farmer,571657,R,2022,424,761,279,36.662286465177395,91.92704602730568,9.347109001151091,88.27055506102676,10.631285084564475,87.05881886064111,-4.173356500040297,-2.872370782399461,3.7826293522234167,0.22699360624839857,35.580170432221806
R/R,111,Andrew Vaughn,683734,R,2022,428,806,264,32.754342431761785,91.63100162550495,10.239618153028577,86.85813104139618,12.004416459757913,92.59679426001928,-4.675899373450493,-2.9777038851152096,4.271191835775553,0.2724121872704122,35.580170432221806
R/R,112,Tim Anderson,641313,R,2022,289,479,206,43.0062630480167,91.3707435982515,11.139626607863933,85.1813931236713,13.532722704386815,,-5.272485582278693,-3.0703041347755264,4.814965802340804,0.32240389339933456,35.580170432221806
R/R,113,Trea Turner,607208,R,2022,525,1061,347,32.704995287464655,91.30541409334224,7.698240593202338,88.92611726175299,8.369492636425125,92.42390854805444,-3.9401063517326764,-3.093548483964768,2.9778797443523137,0.15397207764774737,35.580170432221806
R/R,114,Albert Pujols,405395,R,2022,221,465,161,34.623655913978496,90.925843324803,11.929277689998008,83.03391507227002,15.026284162927935,88.55931463313372,-6.036561932961826,-3.2286004103219232,5.346377514799713,0.36973222686700224,35.580170432221806
R/R,115,Randal Grichuk,545341,R,2022,358,659,215,32.62518968133536,90.91166226355648,9.125377372971455,87.19358799976344,10.308376824540211,80.53442105704771,-4.556543215936675,-3.233646056082533,3.6677380429670614,0.21635188175897058,35.580170432221806
R/R,116,Franmil Reyes,614177,R,2022,367,729,217,29.766803840877916,90.42153183445237,10.31778571266999,85.08512055355183,12.130910483539559,94.51557087665122,-5.3067395268066795,-3.4080352980979596,4.316198625023637,0.27658716181392007,35.580170432221806
R/R,117,Harold Ramírez,623912,R,2022,312,599,259,43.23873121869783,90.15615890982656,11.030852573814931,83.58121315956978,13.339051606379138,86.85679098830377,-5.841832340728274,-3.502455436960794,4.746057295591718,0.31613834159387405,35.580170432221806
R/R,118,Hunter Renfroe,592669,R,2022,383,753,249,33.067729083665334,89.71522123670844,9.577149174685209,85.12754469860286,10.973506951797672,87.35073758077485,-5.291644943693107,-3.6593418125560895,3.9043924758413198,0.23830409991606727,35.580170432221806
R/R,119,Eloy Jiménez,650391,R,2022,246,481,160,33.264033264033266,89.70715338998599,11.668433841081255,81.67635673205947,14.51472871473661,90.44125091499876,-6.5195835041255785,-3.662212366170152,5.164365214477923,0.35373997953805675,35.580170432221806
R/R,120,José Miranda,669304,R,2022,342,695,222,31.942446043165468,89.51270699671122,10.322313872469051,83.8219185085361,12.138271736958613,81.60253760215929,-5.756188967326587,-3.731396724296625,4.318817771536084,0.27682998633629363,35.580170432221806
R/R,121,Enrique Hernández,571771,R,2022,303,560,152,27.142857142857142,88.74760486008533,9.874234127010274,83.44456339719973,11.427087309705914,79.38927543888012,-5.89045255907477,-4.003621368488683,4.065777140232154,0.2533178836898246,35.580170432221806
R/R,122,Josh Harrison,543281,R,2022,323,559,216,38.64042933810376,88.68998515248049,10.384995452857586,82.58261818238115,12.240553908068073,86.9035310497942,-6.197134135539598,-4.0241225586570355,4.3552099423386075,0.2802022585093973,35.580170432221806
R/R,123,Thairo Estrada,642731,R,2022,368,665,211,31.72932330827068,88.03951252388795,9.073173674544556,83.5939540619633,10.233302023635575,86.15368464795685,-5.8372991059420585,-4.255561828525211,3.641026300853541,0.21388358658861362,35.580170432221806
R/R,124,Trevor Story,596115,R,2022,300,631,198,31.378763866877975,87.72114772737994,10.80168016023033,80.47492363562749,12.939520868336619,85.89450002894193,-6.947055447465196,-4.368836565718958,4.603903578067076,0.3031388769035959,35.580170432221806
R/R,125,J. D. Martinez,502110,R,2022,459,930,304,32.68817204301075,87.23114776805079,9.325708167268184,82.22545942478035,10.599827984415551,88.52990193088212,-6.324211830207565,-4.543179386366084,3.771436862377395,0.2259553619592912,35.580170432221806
R/R,126,Austin Hedges,595978,R,2022,254,490,140,28.57142857142857,87.00061231909154,10.54073511257957,79.9482228729259,12.497845917839115,86.98715090367023,-7.134456476502234,-4.625204292012475,4.446754877923633,0.2886694398419358,35.580170432221806
R/R,127,Miguel Cabrera,408234,R,2022,323,638,215,33.69905956112852,86.88047371607065,10.170808786134254,80.4489929838962,11.893960831304744,88.08518915355013,-6.956281617545371,-4.667949811722199,4.231891534919933,0.2687633149978807,35.580170432221806
R/R,128,Teoscar Hernández,606192,R,2022,439,897,261,29.09698996655518,86.67529643375065,10.270039334542217,79.99265561973377,12.05351561619119,79.66686353420044,-7.118647229460279,-4.74095223845986,4.288661399315296,0.2740332263885517,35.580170432221806
R/R,129,Oscar González,660757,R,2022,267,526,245,46.57794676806083,86.6347858592467,11.873965123960446,76.3775815785315,14.91618821228837,72.73945508656502,-8.404896734571054,-4.755365969911431,5.307205187923181,0.36631149570924265,35.580170432221806
R/R,130,Nelson Cruz,443558,R,2022,332,685,231,33.72262773722628,86.19474743159897,10.308555947553067,79.25945698123897,12.115917479352396,87.09758705180329,-7.379520554643454,-4.911932392435765,4.310864088580935,0.276092541593819,35.580170432221806
R/R,131,Adam Duvall,594807,R,2022,236,461,166,36.00867678958785,85.91660400618811,12.140320823146032,74.45961372256632,15.45478366994137,82.91240147239176,-9.087312966558695,-5.0108962972429705,5.498838369696324,0.3829299520889032,35.580170432221806
R/R,132,Eric Haase,606992,R,2022,227,467,162,34.68950749464668,83.93465391916914,10.72419523224806,75.22259237599296,12.806941578896048,76.28082854254438,-8.815843861308023,-5.716077516085887,4.556731640926292,0.2988053942175142,35.580170432221806
R/R,133,Manuel Margot,622534,R,2022,275,564,191,33.86524822695036,82.11626928945996,11.481141768059322,70.5206618048644,14.158883926039195,88.74017642810354,-10.488798772120305,-6.363061866449735,5.037755032185204,0.3424752325837361,35.580170432221806
R/R,134,Austin Hays,669720,R,2022,420,787,287,36.46759847522236,80.52076311723148,8.936542690552823,74.27435919756823,10.038464275653565,77.30995471091282,-9.153226842286415,-6.93074568178525,3.571702698055238,0.20749043386426144,35.580170432221806
R/R,135,Salvador Pérez,521692,R,2022,352,762,328,43.044619422572175,80.51808139994435,13.055152909840167,61.554982166957615,17.489705552939167,72.38871831855741,-13.678802867694547,-6.931699841366522,6.222867043829517,0.44281562407027986,35.580170432221806
R/R,136,Emmanuel Rivera,656896,R,2022,239,442,126,28.50678733031674,80.45216548926703,9.92611118545244,72.21988908015337,11.507706193769069,73.79449137583998,-9.884210811541692,-6.955152834727462,4.09446147658238,0.255986628924634,35.580170432221806
R/R,137,José Siri,642350,R,2022,239,481,183,38.04573804573805,79.27768922929803,12.112391946865872,63.81652453861664,15.397289516158379,79.04381720330903,-12.874142237461353,-7.373033489710412,5.478381851791771,0.3811701136655236,35.580170432221806
R/R,138,Jorge Mateo,622761,R,2022,376,698,240,34.38395415472779,79.09255403358955,9.935347960205373,70.37070037228372,11.522106042799905,69.30586919159171,-10.542155305415111,-7.438904907873519,4.099584967409534,0.2564632689560067,35.580170432221806
R/R,139,Nick Castellanos,592206,R,2022,428,834,328,39.328537170263786,77.7019778053866,10.070015315452217,68.15951947189609,11.73364061677281,78.92455460828967,-11.328897238337767,-7.933674299858089,4.174849329352168,0.26346278129086664,35.580170432221806
R/R,140,Marcell Ozuna,542303,R,2022,361,759,245,32.27931488801054,76.28955414740442,10.306379159211538,65.58275014644505,12.112383702113897,86.8780847506694,-12.245716155978457,-8.436217044593175,4.309606764616782,0.2759759526991675,35.580170432221806
R/R,141,Jonathan Schoop,570731,R,2022,388,668,249,37.27544910179641,76.09923824274537,9.030078970307011,68.49753204281255,10.17159223051686,71.76276669674277,-11.208631789523356,-8.50393176783049,3.61906985128853,0.211856652965437,35.580170432221806
R/R,142,Avisaíl García,541645,R,2022,313,636,274,43.08176100628931,74.46808315842152,11.906558017938483,57.02729128533425,14.980953946899344,67.80702889150304,-15.289763000020308,-9.084299526846767,5.330248946679447,0.3683252354381823,35.580170432221806
R/R,143,Hunter Dozier,641531,R,2022,358,728,247,33.92857142857143,73.7543775530419,10.978223046740895,59.79335749042036,13.246294876945859,68.54180467227951,-14.305591929982578,-9.338237197625151,4.713054293172002,0.31312886977996895,35.580170432221806
R/R,144,Jeremy Peña,665161,R,2022,402,753,281,37.31739707835325,71.94446981304233,9.132291851406352,62.97254672231501,10.318347259890595,66.87792730673101,-13.17443098291162,-9.982205456182978,3.671285540857563,0.21667987415182524,35.580170432221806
R/R,145,Martín Maldonado,455117,R,2022,267,520,180,34.61538461538461,71.70996792501322,11.03633126723744,56.58568983591694,13.348742732490132,72.08348979169895,-15.446885548354148,-10.065641627610514,4.749505414778811,0.31645245243227604,35.580170432221806
R/R,146,Luis Robert,673357,R,2022,314,547,247,45.155393053016454,71.2794964702504,11.264056282514098,55.00284810237512,13.757607395149144,76.4876479483087,-16.01006333482066,-10.218804104877188,4.894980158590016,0.32964662501666564,35.580170432221806
R/R,147,Javier Báez,595879,R,2022,447,931,451,48.442534908700324,64.65529259738287,11.31535987664054,44.853940276097774,13.851397361943006,63.259680999767134,-19.621062036419236,-12.57570713262129,4.928350788623597,0.33265629938249885,35.580170432221806
L/L,1,Brandon Nimmo,607043,L,2022,232,426,97,22.769953051643192,137.746398122771,9.163695442934568,143.55424312064156,9.976048950025634,131.27848299476457,15.496673932788504,13.430232784106902,3.549495218820995,0.15622986245614046,35.580170432221806
L/L,2,Luis Guillorme,641645,L,2022,96,190,39,20.526315789473685,136.97585461618615,16.28675563088441,166.78780739157685,22.88480279261904,132.09432273319027,23.763215697867082,13.156072091209591,8.14245183669171,0.493505408944352,35.580170432221806
L/L,3,Jesse Winker,608385,L,2022,140,272,47,17.27941176470588,135.31028385056507,13.302337980616972,149.5093234662129,16.241872071231533,143.65521436582603,17.61550166911853,12.563459174132348,5.778885764327614,0.3292143161954202,35.580170432221806
L/L,4,Tony Kemp,643393,L,2022,86,169,47,27.810650887573964,130.3299439416828,16.54962129955336,155.2147860833377,23.631808675406326,116.81113752763554,19.645514992238247,10.791445746448073,8.408237802926148,0.5095641634172717,35.580170432221806
L/L,5,Bryson Stott,681082,L,2022,111,219,54,24.65753424657534,128.96262243924298,16.266692908923154,150.86013363401196,22.82924475188715,109.04902371781291,18.096122229037217,10.304950425523563,8.1226841911105,0.4922903156802735,35.580170432221806
L/L,6,J. P. Crawford,641487,L,2022,181,326,70,21.472392638036812,128.60877713563283,10.18097944325114,133.91974561160126,11.332097767208824,125.50334896916948,12.0687032987838,10.179051663432663,4.031979699118901,0.19284211133067897,35.580170432221806
L/L,7,Kyle Schwarber,656941,L,2022,229,479,111,23.173277661795407,126.83575411413156,11.854175810895061,134.07692719003433,13.793590012969942,133.94712274491525,12.124628772278344,9.548207050579984,4.907782835336631,0.2614360569012996,35.580170432221806
L/L,8,Luis Arráez,650333,L,2022,123,244,49,20.081967213114755,126.25922554831143,13.471279293356622,136.3926318943865,16.552300507117035,136.89598531690714,12.94856045279383,9.343077204270742,5.889336730885756,0.3376295400270249,35.580170432221806
L/L,9,Juan Soto,665742,L,2022,238,513,94,18.323586744639375,124.76752788141388,12.419931565366378,132.16876786339128,14.70856367737163,152.30008661581024,11.44570243174042,8.812328632055115,5.2333320245406965,0.28698629815880583,35.580170432221806
L/L,10,Jake Cronenworth,630105,L,2022,208,371,82,22.10242587601078,120.98305127707717,11.3384158609722,125.57410661753028,12.999056733605439,115.49949149837076,9.09931072103539,7.4658054062645505,4.62508654039802,0.23918146403611107,35.580170432221806
L/L,11,Josh Rojas,668942,L,2022,128,247,38,15.384615384615385,119.20930969416375,14.1100029473165,126.75753141384297,17.782651037506064,118.47293873256388,9.520375280500618,6.834705128036769,6.327097546511917,0.3704051066743295,35.580170432221806
L/L,12,Max Kepler,596146,L,2022,119,220,63,28.636363636363637,119.13705233201455,12.677310655437726,124.57878954474091,15.141516284508477,118.99785504870468,8.745175210195931,6.808995835434251,5.387377300050734,0.2990040164642394,35.580170432221806
L/L,13,Max Muncy,571970,L,2022,145,289,62,21.453287197231834,118.73088143785877,12.553762209412401,123.85478891656254,14.932309876903934,143.78452319141897,8.487574552759709,6.664479539047549,5.31294130366991,0.2932044469048211,35.580170432221806
L/L,14,Steven Kwan,680757,L,2022,139,262,60,22.900763358778626,117.4192602830031,13.483477574410394,123.06208581205149,16.57494424401802,144.02008354922134,8.205529437153162,6.197802496724824,5.89739341106735,0.33824126584581593,35.580170432221806
L/L,15,Jeff McNeil,643446,L,2022,173,286,73,25.524475524475527,117.32200569628327,12.280050328050283,121.58931730083215,14.477791886152962,102.99646507740655,7.681515890789226,6.163199149016758,5.151223027915604,0.2805582539241866,35.580170432221806
L/L,16,Adam Frazier,624428,L,2022,153,268,75,27.985074626865668,116.32439469250185,11.878861677785867,119.86467045356025,13.832525633271992,103.45665615258116,7.067883603175945,5.808247453620732,4.921636195398944,0.2625260517983693,35.580170432221806
L/L,17,Kolten Wong,543939,L,2022,96,183,32,17.48633879781421,115.33892732673853,12.939034893466674,119.39215479353882,15.593470405500389,114.34679799199436,6.899761726021383,5.457616485328212,5.548183346575107,0.31147738843425604,35.580170432221806
L/L,18,MJ Melendez,669004,L,2022,127,249,79,31.72690763052209,114.68556414799906,13.981316550913656,119.4329188994241,17.52710272369265,118.37999885550528,6.914265664370536,5.22514875279133,6.236173020920435,0.3636795608609032,35.580170432221806
L/L,19,Yordan Álvarez,670541,L,2022,193,391,96,24.55242966751918,114.63910872396376,13.461438898825138,118.84012659476541,16.534056566107438,105.77013476132883,6.70334915206388,5.208619833744555,5.8828455055809865,0.33713646222145194,35.580170432221806
L/L,20,Dan Vogelbach,596129,L,2022,85,192,40,20.833333333333336,114.44168880439706,17.360479963198628,124.73302454746094,26.19335434432464,135.3044042221118,8.80005228702986,5.138377489895569,9.31964011762648,0.5607202135838226,35.580170432221806
L/L,21,Kyle Tucker,663656,L,2022,223,398,109,27.386934673366838,114.2165484082173,13.41104711637405,118.15788217166187,16.440948580848442,114.90437176684767,6.460605423559313,5.058272153223034,5.849717525739829,0.3346171016829725,35.580170432221806
L/L,22,Andrew Benintendi,643217,L,2022,153,269,66,24.53531598513011,114.15592606851504,11.72798797871075,116.8303647581698,13.595894096367447,119.52490630178038,5.9882724653214074,5.036702621436969,4.837442291271921,0.2558997024419832,35.580170432221806
L/L,23,Charlie Blackmon,453568,L,2022,170,290,112,38.62068965517241,114.05831065078202,13.586517450933648,118.07498750213772,16.767482051542913,99.99978185086162,6.43111135886339,5.001970889439433,5.965898691131169,0.34343065526689986,35.580170432221806
L/L,24,Trent Grisham,663757,L,2022,133,241,56,23.236514522821576,113.7057829660711,14.947664790748933,118.91802909055646,19.55472206709201,126.45169473704937,6.731066992837287,4.876540938398522,6.957603439018624,0.4156898847039773,35.580170432221806
L/L,25,Joey Votto,458015,L,2022,115,239,63,26.359832635983267,111.74182988189156,14.62536119776481,115.28655514217253,18.84919389608873,107.98817797070778,5.438982372800555,4.177763083838564,6.706575313328321,0.3979568253159699,35.580170432221806
L/L,26,Christian Yelich,592885,L,2022,202,405,103,25.432098765432098,111.09621372263851,13.24571307216111,113.38205325504546,16.139123596859587,116.40651787913365,4.761357355475859,3.9480517540383664,5.742327682029568,0.3264175065182288,35.580170432221806
L/L,27,Gavin Lux,666158,L,2022,109,229,60,26.200873362445414,110.82627226107081,15.434264026970862,114.36592921208573,20.683987397355487,111.46128990924365,5.111422097832441,3.8520061219453474,7.359397968158362,0.4431947499405962,35.580170432221806
L/L,28,Nathaniel Lowe,663993,L,2022,211,350,88,25.142857142857146,110.37442520887953,10.139228601379484,111.31927362352488,11.274607982657027,94.35634487792342,4.027416846939683,3.691238170682722,4.011524735794255,0.19126371470505313,35.580170432221806
L/L,29,Mike Yastrzemski,573262,L,2022,137,277,60,21.660649819494584,107.45222059686968,12.460838606215695,107.88809822519408,14.776643256660723,116.0254253304947,2.8065987923851177,2.6515127893513672,5.257554854881295,0.2888798824436615,35.580170432221806
L/L,30,Jared Walsh,665120,L,2022,119,223,73,32.73542600896861,106.93692126215346,14.209355462282332,107.27244185524219,17.982776520906494,94.97167408469714,2.587547206679403,2.468168407823235,6.398302534584097,0.3756397251259231,35.580170432221806
L/L,31,Riley Greene,682985,L,2022,120,234,63,26.923076923076923,106.8248394187149,13.437352693773743,107.05025178787128,16.48948681639694,99.04779799149946,2.5084916020253623,2.4282894969042177,5.866987512672777,0.3359310824303582,35.580170432221806
L/L,32,Matt Olson,621566,L,2022,214,461,122,26.46420824295011,106.71639298638645,13.152304037943859,106.87638918536985,15.97101551488867,102.53793329332608,2.446630991737459,2.3897040714540916,5.682514539953976,0.3218299339789248,35.580170432221806
L/L,33,Freddie Freeman,518692,L,2022,201,421,120,28.50356294536817,106.24514887106459,12.599621896783983,106.18894351572241,15.00966341224148,128.87361680555412,2.202036650847975,2.2220346120707566,5.340463823378358,0.2953505484595948,35.580170432221806
L/L,34,Rowdy Tellez,642133,L,2022,135,303,81,26.732673267326735,104.70985624342197,13.896453297937292,103.77376467320396,17.360777677824082,117.96813437281706,1.342711902436946,1.6757748785221782,6.176994286128926,0.3592780633552003,35.580170432221806
L/L,35,Luis González,670768,L,2022,108,216,50,23.14814814814815,104.20739363628881,14.703620129397999,102.7460075476617,19.017619556365325,107.70845404763756,0.9770341655397067,1.4969978265460133,6.766501450306328,0.4022270787480755,35.580170432221806
L/L,36,Rafael Devers,646240,L,2022,161,294,107,36.394557823129254,103.63877501114253,14.164948325356633,102.00641923351657,17.89301744245582,102.35675650322524,0.7138873828700735,1.294682350609612,6.3663661014929565,0.37329549229215764,35.580170432221806
L/L,37,Ryan McMahon,641857,L,2022,172,308,81,26.2987012987013,103.61161988721665,12.03036720975529,102.59178949591391,14.073400372409296,117.85368774619712,0.922163119890592,1.2850205112357025,5.007339838112165,0.2692653832602818,35.580170432221806
L/L,38,Brandon Marsh,669016,L,2022,105,203,61,30.049261083743843,103.5352863730994,16.061820618171684,100.91043106730561,22.27305268077523,83.4843867888287,0.32393292541523216,1.25786091681588,7.924790104278375,0.4799680174331748,35.580170432221806
L/L,39,Shohei Ohtani,660271,L,2022,225,439,133,30.296127562642365,100.63095076736224,13.072517818509962,97.95143853050587,15.82876518554485,103.53628987921768,-0.7288816622548401,0.22449335837089734,5.631901630333048,0.3179371241293989,35.580170432221806
L/L,40,Eric Hosmer,543333,L,2022,117,235,86,36.59574468085106,100.16985352600265,17.96685701482167,90.83343522096169,28.428522342737697,87.00829459361512,-3.2614793711618497,0.060434174036884336,10.114916700908328,0.6005746263683925,35.580170432221806
L/L,41,Alex Verdugo,657077,L,2022,171,305,75,24.59016393442623,98.39839276879394,11.618093903616012,95.72210217978979,13.425505512266739,97.52840380210414,-1.522083335347097,-0.5698545825179061,4.776817742651839,0.25112648697516526,35.580170432221806
L/L,42,Ben Gamel,592325,L,2022,109,210,58,27.61904761904762,98.0752118607225,14.969429490972244,92.13803198037678,19.603526959737135,112.07606399907992,-2.797301620708716,-0.6848429004141221,6.974968303001023,0.4169013050305497,35.580170432221806
L/L,43,Luis García,671277,L,2022,101,173,69,39.884393063583815,95.11721482461343,15.909687697882612,85.09322960311442,21.872604811598336,88.24719665964243,-5.303854313151875,-1.7373032872418013,7.782310069933035,0.4709188404138319,35.580170432221806
L/L,44,Andrés Giménez,665926,L,2022,128,246,88,35.77235772357724,93.77920630238447,16.320644587674096,81.4009119414503,22.97910461820924,68.8649803791258,-6.6175872300709955,-2.2133689998485204,8.1760045869574,0.49556128595730453,35.580170432221806
L/L,45,Brandon Crawford,543063,L,2022,116,192,57,29.6875,93.60786637559028,12.6447281494229,88.2001485788401,15.08609222165734,93.7449377283964,-4.198407246397641,-2.2743320378203347,5.367657324027839,0.29746902519121116,35.580170432221806
L/L,46,Cody Bellinger,641355,L,2022,160,301,97,32.22591362126246,92.99672506035975,13.477198741771227,86.16620820404583,16.563284892680812,100.43501236329529,-4.9220866982392115,-2.491777159361078,5.89324499399028,0.33792632249327126,35.580170432221806
L/L,47,Bryce Harper,547180,L,2022,134,289,102,35.294117647058826,92.94947576175353,15.508492405049846,82.07338177147247,20.863676422783517,83.32928515408597,-6.3783213184438345,-2.508588540333202,7.423331629653653,0.4474679352483003,35.580170432221806
L/L,48,Jack Suwinski,669261,L,2022,111,216,58,26.851851851851855,91.28672438592486,14.531027572424001,81.5216890710461,18.64853226134918,99.2038467288916,-6.574614521517666,-3.1001983137171565,6.635179561695907,0.3928397358018451,35.580170432221806
L/L,49,Daulton Varsho,662139,L,2022,130,190,69,36.31578947368421,90.7155451266753,12.393582229431543,84.44835845988372,14.664855025273294,106.77983948109404,-5.533300564981576,-3.303424867631653,5.217780411630482,0.2857698861491121,35.580170432221806
L/L,50,Joey Gallo,608336,L,2022,83,169,55,32.544378698224854,88.62752624403956,17.003940999163994,67.96182777458381,25.014594875893536,92.340250372071,-11.39923628117183,-4.0463455447304195,8.900235489772742,0.5379252561610722,35.580170432221806
L/L,51,Rougned Odor,596059,L,2022,94,167,59,35.32934131736527,87.05396193060191,15.516472677917115,71.37420508333997,20.883118968834584,92.21380532124428,-10.185106618925921,-4.606222409312154,7.430249320674985,0.44792856480278526,35.580170432221806
L/L,52,Nicky Lopez,670032,L,2022,124,234,79,33.76068376068376,86.85059897681344,14.181027277181649,75.17617536193248,17.925459202538743,95.62444483360736,-8.832359114020294,-4.678579294866097,6.377908935021672,0.3741434455236758,35.580170432221806
L/L,53,Nick Gordon,624503,L,2022,90,173,66,38.15028901734104,84.26338932519046,16.38034595667161,62.218768057618,23.146646486759128,78.15817148212724,-13.44262671649254,-5.599112898352445,8.235616269332779,0.49919347090751787,35.580170432221806
L/L,54,Cedric Mullins,656775,L,2022,196,327,112,34.25076452599388,82.51417133528349,11.80899537417433,74.15322800009216,13.722551872317709,104.56444835165088,-9.196325528794999,-6.221487640392427,4.882507343820685,0.25944700494885325,35.580170432221806
L/L,55,Anthony Rizzo,519203,L,2022,137,274,94,34.306569343065696,81.41227383162553,13.870507819023212,67.49365401670676,17.310267794785148,105.02509087673472,-11.56581330214342,-6.613544650182328,6.159022783658559,0.35793773007783497,35.580170432221806
L/L,56,Seth Brown,664913,L,2022,99,195,61,31.28205128205128,81.17599829485034,16.935036794158062,52.344367350024264,24.796762933938094,86.4202132751398,-16.955955317414908,-6.697611888856585,8.822730513569178,0.5335744749873524,35.580170432221806
L/L,57,Kole Calhoun,594777,L,2022,85,172,55,31.976744186046513,78.57542187965358,14.699348231783116,59.88507197030361,19.008379190624588,82.11435646779806,-14.272959761729092,-7.622901409603761,6.763213712427212,0.40199339163223474,35.580170432221806
L/L,58,Corey Seager,608369,L,2022,220,366,132,36.0655737704918,77.73255740565526,10.696493137389579,69.98560079621004,12.056381585993066,84.32463933168016,-10.679174390915891,-7.922794025965015,4.289681116255339,0.21286565249726078,35.580170432221806
L/L,59,Josh Naylor,647304,L,2022,127,283,92,32.50883392226148,74.34368458007057,14.613330600906172,53.22562467083961,18.82346081558636,88.4256116684365,-16.642402460722376,-9.128560753039293,6.697419439428115,0.3973023882814395,35.580170432221806
L/L,60,Oneil Cruz,665833,L,2022,111,258,95,36.82170542635659,53.80949677172103,16.73471694104861,-3.3756920552058034,24.18034299632928,73.77060496103886,-36.781247418731,-16.434659772122572,8.603407249189766,0.5210261230800507,35.580170432221806
L/L,61,Michael Harris,671739,L,2022,135,264,113,42.803030303030305,46.98941374411518,13.928112629051151,13.449488387051147,17.42262646216363,74.71807326503982,-30.79481954184713,-18.861256936963766,6.199000189007196,0.36091696499414394,35.580170432221806
R/L,1,Ha-Seong Kim,673490,R,2022,190,398,92,23.115577889447238,146.4147528942929,11.572422114961432,164.03413726190738,13.780605276824582,129.1892049515655,22.783455172589495,16.514448185484014,4.903162844085938,0.29480057963399275,35.580170432221806
R/L,2,Seiya Suzuki,673548,R,2022,116,251,42,16.733067729083665,142.28813849513517,13.101875039302637,165.3818212413173,16.610939040808397,137.2408022918333,23.262963429351302,15.046191749183095,5.910200421112098,0.3778737346662132,35.580170432221806
R/L,3,Paul Goldschmidt,502671,R,2022,135,311,81,26.04501607717042,141.00056894331024,15.347022184932806,180.55293531326566,22.11641956396586,135.00816200478113,28.66087167261731,14.588072308210386,7.869059774364299,0.5184752644563623,35.580170432221806
R/L,4,Robbie Grossman,543257,S,2022,148,306,46,15.032679738562091,140.68888344359584,13.693545532634811,166.29054477407482,17.869525532107247,130.49199820240614,23.586288811064126,14.477174076199475,6.358007639753149,0.4127733218169975,35.580170432221806
R/L,5,Yandy Díaz,650490,R,2022,144,277,51,18.4115523465704,138.7538234616537,11.293475073368748,152.2159653519937,13.316516603134934,138.21709642682634,18.578529465069245,13.788676436658744,4.738039303030524,0.28075984581341507,35.580170432221806
R/L,6,Carlos Santana,467793,S,2022,142,295,49,16.610169491525422,135.45713174868234,15.898470614649987,174.57906360193317,23.87050993724696,140.3836273892928,26.535357936322924,12.615707906558601,8.493168118712912,0.5564043247503856,35.580170432221806
R/L,7,Eugenio Suárez,553993,R,2022,153,350,60,17.142857142857142,133.13358519556598,14.267043956077366,156.56835316747095,19.204048004402484,118.86822331451998,20.1271164676873,11.788986082887787,6.832833009852094,0.44807199259001707,35.580170432221806
R/L,8,Alex Bregman,608324,R,2022,226,451,87,19.290465631929045,132.40492995848038,10.017187999439347,140.3823670160286,11.348691287588558,144.328039409884,14.368115008868307,11.529729307669422,4.037883701950716,0.22088765725442444,35.580170432221806
R/L,9,DJ LeMahieu,518934,R,2022,144,306,73,23.856209150326798,131.85579655216227,14.70320607334399,156.90602152952283,20.309517204538,129.1080149402422,20.24725944640106,11.334346705801174,7.226160835336031,0.47588705160709494,35.580170432221806
R/L,10,Yasmani Grandal,518735,S,2022,93,198,32,16.161616161616163,130.6413182369973,14.36462458699498,152.59127198085514,19.44403297788775,106.60511196733282,18.712064203261576,10.902233251403104,6.918220072429874,0.45422220449332307,35.580170432221806
R/L,11,Mark Canha,592192,R,2022,189,394,97,24.61928934010152,129.13277399861204,14.169176529204233,148.8249855770222,18.967339812618825,130.21935780900708,17.372013081812216,10.36549064034016,6.7486118317884385,0.44194581132345134,35.580170432221806
R/L,12,Rhys Hoskins,656555,R,2022,174,391,79,20.20460358056266,127.80472243042786,13.53975306452003,143.73026357450766,17.531741315060362,120.95536893035955,15.559302310269642,9.892967628952436,6.237823439634721,0.4035536573806993,35.580170432221806
R/L,13,Matt Chapman,656305,R,2022,118,268,47,17.537313432835823,127.45315362830652,13.366006018960055,142.48150000106767,17.159373122120897,137.95165716218509,15.114990102544185,9.767878849971147,6.105334201951475,0.39326301519686985,35.580170432221806
R/L,14,Dylan Moore,664238,R,2022,119,255,48,18.823529411764707,127.09474709321637,14.367069899337428,146.10493164459822,19.45009898417078,,16.40421325680741,9.64035719394585,6.9203783678038056,0.45437686355809964,35.580170432221806
R/L,15,Myles Straw,664702,R,2022,142,250,53,21.2,127.09067814635426,10.688215261083297,134.75842560505703,12.353819701555002,131.56436288399175,12.36710706983632,9.638909455717513,4.395510104702665,0.25147231731047576,35.580170432221806
R/L,16,Carlos Correa,621043,R,2022,161,365,84,23.013698630136986,126.2747217186304,13.903232670791935,142.57537575518015,18.34320207604704,119.0860673160278,15.148391255851935,9.348590768080694,6.526542561384385,0.4255115779020913,35.580170432221806
R/L,17,Geraldo Perdomo,672695,S,2022,147,291,57,19.587628865979383,126.23930622249904,13.685923365778681,141.65482331309312,17.852597166155412,126.18709338374627,14.8208571280394,9.335989874197738,6.351984498296096,0.4123139299829178,35.580170432221806
R/L,18,Wilmer Flores,527038,R,2022,206,443,127,28.66817155756208,125.59930493180309,14.211329137819963,142.67446258819348,19.068812588080657,123.0822759470383,15.183646519913967,9.108276324199704,6.784716018240063,0.4445792571288044,35.580170432221806
R/L,19,Jurickson Profar,595777,S,2022,197,441,96,21.768707482993197,125.40993209847728,12.542467996458509,136.61021073081807,15.51286408492709,126.4697281785971,13.025975373620621,9.040897147350051,5.519503480335985,0.34629466674167225,35.580170432221806
R/L,20,Sean Murphy,669221,R,2022,161,361,97,26.869806094182824,124.88832357197072,14.356345100503404,142.0141583985127,19.423513452366873,112.77900983742404,14.948709163854453,8.855307944630017,6.910919190277663,0.45369874594010284,35.580170432221806
R/L,21,Will Smith,669257,R,2022,136,267,58,21.722846441947567,124.82252840264326,13.803940636890708,139.67432459587113,18.116961094119517,132.23025730942092,14.11619230904384,8.831897911247136,6.4460456344270405,0.4194555700711595,35.580170432221806
R/L,22,Connor Joe,656582,R,2022,169,349,74,21.20343839541547,124.62405990246798,12.087860184399666,134.27650608116852,14.676461233241527,127.61170686342712,12.195639281890626,8.761282480630497,5.221909920206298,0.32164637118542394,35.580170432221806
R/L,23,Cooper Hummel,669450,S,2022,84,164,30,18.29268292682927,124.42947252057532,14.962591546582205,144.02152390964397,21.01010616355501,,15.6629332339126,8.692047958513491,7.475431580983611,0.4928258063377233,35.580170432221806
R/L,24,Tommy Pham,502054,R,2022,154,287,58,20.209059233449477,122.60869295112906,11.127631691022154,129.4815295377708,13.046934844014162,115.72263482013128,10.489578455564665,8.044211484509436,4.642121653681171,0.27257453842897356,35.580170432221806
R/L,25,Yoán Moncada,660162,S,2022,93,184,46,25.0,122.19731194022498,14.738513516631706,138.62779059560987,20.402875587249863,95.19631552545296,13.74383372811974,7.8978414197039655,7.259377907017677,0.47817533201509066,35.580170432221806
R/L,26,Marcus Semien,543760,R,2022,206,416,94,22.596153846153847,120.7225993513447,12.114905082671665,128.57677552585608,14.724944670520756,101.5190185117414,10.167665436133039,7.373136167194936,5.239160409821646,0.3230872589082631,35.580170432221806
R/L,27,Mookie Betts,605141,R,2022,175,365,77,21.095890410958905,120.51096226818187,13.071899109802748,130.30510454121634,16.549978134865267,121.47164529457748,10.782607845427764,7.297835332307818,5.888510426880506,0.37614662939665944,35.580170432221806
R/L,28,Christian Walker,572233,R,2022,158,309,66,21.35922330097087,120.0685006574704,16.04917023970132,140.76027273545805,24.389892453702824,111.81400023133408,14.502574507914412,7.14040673711952,8.67796530326307,0.5670024919142108,35.580170432221806
R/L,29,Taylor Walls,670764,S,2022,136,269,49,18.21561338289963,119.42172747465645,12.666804340023036,127.69711078932471,15.749987302258315,116.48540554442964,9.854679223643027,6.910283736364412,5.603872325196802,0.3531944937390652,35.580170432221806
R/L,30,J. T. Realmuto,592663,R,2022,161,334,100,29.94011976047904,119.08864394778129,15.30803432284643,134.8803760846164,22.000214369270992,112.37624863477735,12.410497258306446,6.791772049820576,7.827713768040771,0.5158443220437867,35.580170432221806
R/L,31,J. D. Davis,605204,R,2022,181,379,89,23.482849604221638,118.66790454230633,13.454413973874669,128.20795598542983,17.347651629385055,106.82552931567236,10.036438815062048,6.642072252277067,6.172324015723306,0.3984826091432805,35.580170432221806
R/L,32,Ronald Acuña,660670,R,2022,124,291,59,20.274914089347078,118.59360427290616,13.602735928229784,128.43944371002843,17.66912171394859,111.55952350805194,10.118802542003902,6.615636089792891,6.28670361969962,0.40731681036048534,35.580170432221806
R/L,33,Garrett Cooper,643265,R,2022,101,186,48,25.806451612903224,118.55757096283983,16.979880457510294,143.38403947420727,28.09266262762124,107.34877663384476,15.436115185305331,6.602815376658921,9.995417241856718,0.6346715877117232,35.580170432221806
R/L,34,Xander Bogaerts,593428,R,2022,144,330,87,26.36363636363636,117.6065114552067,12.89763428690654,125.31335785235152,16.20050746943964,104.53003023598068,9.00653586598487,6.2644267829312,5.764168168511447,0.36618446565192647,35.580170432221806
R/L,35,Mike Trout,545361,R,2022,134,296,70,23.64864864864865,117.5801695502274,15.960064939991367,134.57405901526585,24.080521752620527,127.47980467357915,12.301509122968529,6.2550542882444695,8.56789068055063,0.5607239523887362,35.580170432221806
R/L,36,Alejandro Kirk,672386,R,2022,108,234,62,26.495726495726498,117.48533104653845,17.73610106338943,147.24814956559058,31.98224503609844,130.03521153439607,16.8109721415082,6.221310586996573,11.379337291894624,0.6924622611759478,35.580170432221806
R/L,37,Elvis Andrus,462101,R,2022,157,312,99,31.73076923076923,117.4432173512574,15.677402257322472,132.97574156195043,23.141199976562927,117.39091452404531,11.732825049030957,6.206326462440271,8.233678391722362,0.5410382921934038,35.580170432221806
R/L,38,César Hernández,514917,S,2022,195,363,103,28.37465564738292,117.1842298408858,11.872646764397453,122.99562880682103,14.296044315875848,114.4268274210035,8.181883921428014,6.114178264851886,5.0865569326545845,0.3102950829524301,35.580170432221806
R/L,39,Austin Nola,543592,R,2022,143,235,57,24.25531914893617,116.85428969951055,11.26440395555262,121.73275778907427,13.268928607459097,130.4610349295973,7.732552260974586,5.996785000226255,4.721107413063782,0.27931626934356235,35.580170432221806
R/L,40,George Springer,543807,R,2022,130,271,65,23.985239852398525,115.60019127845248,14.255721398164592,124.7744006272915,19.1764611903211,107.74302681192256,8.814773966751742,5.550574644625998,6.8230175743851165,0.44736108036940836,35.580170432221806
R/L,41,Evan Longoria,446334,R,2022,128,261,74,28.35249042145594,115.44264931516946,16.014568660953298,129.93219170702048,24.26896226808486,,10.649924823457248,5.494520945587629,8.634938137116196,0.5645602432660514,35.580170432221806
R/L,42,William Contreras,661388,R,2022,116,276,83,30.07246376811594,115.27233937108075,17.013220688184266,134.59863009603498,28.24442846749439,99.11312499781212,12.310251555383234,5.433924377217841,10.049415786341477,0.6371664075382307,35.580170432221806
R/L,43,Whit Merrifield,593160,R,2022,158,287,78,27.177700348432055,115.16845554463836,13.98342160618738,123.40693231584932,18.52855175145306,114.21514631640754,8.32822641093399,5.39696233471813,6.592490291789417,0.4304341338432797,35.580170432221806
R/L,44,Aledmys Díaz,649557,R,2022,99,188,56,29.78723404255319,114.63142128841274,15.191008134919832,125.33235187183291,21.65701068999956,98.83257686245577,9.01329397048828,5.205884631073635,7.705601314026338,0.5079874611713802,35.580170432221806
R/L,45,Luis Urías,649966,R,2022,135,261,70,26.81992337164751,114.46470268409982,13.83895861613671,121.89746344176791,18.196345452442962,126.2797016226497,7.791154812914485,5.146565867516879,6.474290724415048,0.4215864278872481,35.580170432221806
R/L,46,Jonathan India,663697,R,2022,116,215,45,20.930232558139537,114.31420831686843,13.72156482405492,121.4259952378611,17.931925924955312,113.27002358320036,7.623405622430709,5.093019715165054,6.3802098058788665,0.4144642569458353,35.580170432221806
R/L,47,Taylor Ward,621493,R,2022,164,325,73,22.46153846153846,114.08159395962079,12.183665148669233,118.84525766334274,14.848912712389922,131.02659447182688,6.705174795008685,5.010255130406527,5.2832684504001834,0.3267651325514389,35.580170432221806
R/L,48,Isiah Kiner-Falefa,643396,R,2022,125,234,68,29.059829059829063,113.72649619970605,15.213495360503954,123.55211296693219,21.72231910585154,100.901357665631,8.379881934023883,4.883910742227861,7.728838159693058,0.5094925204045104,35.580170432221806
R/L,49,Ryan Mountcastle,663624,R,2022,153,333,126,37.83783783783784,113.60576807021224,16.421275108532132,127.24621439541718,25.759046329444242,101.43202439738376,9.694249518217987,4.840955467994331,9.165112585731237,0.5935995375101533,35.580170432221806
R/L,50,Aaron Judge,592450,R,2022,161,372,82,22.043010752688172,113.56108976820528,13.711829818792372,120.12387041084008,17.910214958528144,120.93328194313058,7.160107389736356,4.825058851994031,6.372485007021597,0.41387636766495683,35.580170432221806
R/L,51,Jordan Luplow,656669,R,2022,126,285,70,24.561403508771928,113.44976451985856,14.888480969988441,122.20053498727292,20.80638882376123,,7.898988185336736,4.785449138898174,7.402948604284995,0.4879559075909517,35.580170432221806
R/L,52,Marcell Ozuna,542303,R,2022,146,328,119,36.28048780487805,113.19658540953273,16.957633926776037,128.59891961869,27.99225699064371,86.8780847506694,10.175544342104017,4.695367579945462,9.959692745096556,0.6330096217498072,35.580170432221806
R/L,53,Brendan Rodgers,663898,R,2022,200,380,92,24.210526315789473,112.86512376470237,11.613593191463364,116.49590768038414,13.850283270399043,98.1034080364576,5.869272067022644,4.577432961797377,4.927954392953484,0.29690192840750723,35.580170432221806
R/L,54,Pete Alonso,624413,R,2022,169,374,120,32.0855614973262,112.64040001594228,16.554747893199032,125.37400641990081,26.283615012661215,97.93520608657872,9.02811472968361,4.497475868986853,9.351755017253897,0.6032883555257831,35.580170432221806
R/L,55,Franmil Reyes,614177,R,2022,108,226,57,25.221238938053098,112.59965832141981,17.02881209354706,127.30668627863594,28.31593970329096,94.51557087665122,9.715765517330793,4.482979904638786,10.074859605916085,0.6383347779454556,35.580170432221806
R/L,56,Gilberto Celestino,665482,R,2022,121,205,40,19.51219512195122,112.4138836532428,12.889748577255666,117.11163783027199,16.18488799305563,105.14404824671615,6.088349903755314,4.416880961081515,5.758610732193396,0.36573682672015767,35.580170432221806
R/L,57,Keibert Ruiz,660688,S,2022,105,205,69,33.65853658536586,111.91786015226937,16.023771728556504,121.86364054258522,24.301026902424557,101.4816270955877,7.779120567740168,4.24039495405129,8.64634678866273,0.5652092996463222,35.580170432221806
R/L,58,Isaac Paredes,670623,R,2022,104,217,51,23.502304147465438,111.8569665985869,14.975945321805057,119.25821210389404,21.047125949854895,123.0465568267642,6.852104688764265,4.218728923868827,7.488603284042754,0.4937058706977353,35.580170432221806
R/L,59,Nico Hoerner,663538,R,2022,129,247,79,31.983805668016196,111.66229198516046,15.399529561699369,119.7392551963232,22.27443632504026,105.6582684171902,7.023260640902993,4.149463364623438,7.925282407266047,0.5220290935470712,35.580170432221806
R/L,60,Wil Myers,571976,R,2022,100,219,71,32.42009132420091,111.60203118759526,18.010985452611482,129.92228113741908,33.68410790805178,,10.646398625902268,4.128022470145921,11.984863002258326,0.7140929588916373,35.580170432221806
R/L,61,José Abreu,547989,R,2022,138,323,84,26.006191950464398,111.44882349324968,15.544324216707235,119.60922851099782,22.71950335300194,103.77548790550614,6.976996924656854,4.0735109113824866,8.083638014352438,0.5318920412570995,35.580170432221806
R/L,62,Santiago Espinal,669289,R,2022,127,259,74,28.57142857142857,111.1585303565799,14.608204287160849,117.26392694489891,20.061317587772745,109.64457535947612,6.142534630289296,3.9702241186023355,7.1378509886788315,0.4697572236381918,35.580170432221806
R/L,63,Jorge Polanco,593871,S,2022,150,309,101,32.68608414239482,111.03364975719508,15.488046364409058,118.60455965071802,22.54486009089894,123.64722690214508,6.619534031889842,3.9257913885044373,8.021499644047799,0.5280476085080706,35.580170432221806
R/L,64,Darin Ruf,573131,R,2022,181,408,102,25.0,110.8646171486633,13.03362881089262,114.80543397160613,16.472515707027554,111.44976527277,5.26779864032753,3.865649298302797,5.860949163034911,0.3739473817574739,35.580170432221806
R/L,65,Alec Bohm,664761,R,2022,175,366,119,32.51366120218579,110.7974317639189,14.770193843354226,116.8311500731014,20.487168125155584,105.83057163818395,5.988551881712502,3.8417446239051944,7.289369335666177,0.48023321007668707,35.580170432221806
R/L,66,Dylan Carlson,666185,S,2022,141,296,80,27.027027027027028,110.66633211535581,14.30257573221624,115.90863247573327,19.2909668459464,115.4055933120034,5.660318548301688,3.7950991455104077,6.863758881811132,0.45030659970087483,35.580170432221806
R/L,67,Lane Thomas,657041,R,2022,204,371,89,23.98921832884097,110.47957593848545,11.263317569867397,112.88674410579554,13.267153017792724,109.3301948862738,4.58512551600635,3.7286509794872327,4.72047565523431,0.2792623951101618,35.580170432221806
R/L,68,Anthony Santander,623993,S,2022,178,393,109,27.735368956743002,110.34820248629528,13.81070263082183,114.74941552246835,18.132256192073616,104.22125400222411,5.247867180650821,3.6819080812952736,6.451487656346884,0.41986661946669795,35.580170432221806
R/L,69,Jo Adell,666176,R,2022,110,221,79,35.74660633484163,110.18751245286093,17.81702991906546,123.92313724884235,32.46421839086378,,8.511893005872448,3.624734293531737,11.550824232958027,0.6987960131459144,35.580170432221806
R/L,70,Jon Berti,542932,R,2022,90,164,36,21.951219512195124,110.1490598309199,13.527173632780224,114.11645988445487,17.50445814602545,125.20302801200285,5.022660485885263,3.611052785109461,6.228116041592788,0.4028041433457602,35.580170432221806
R/L,71,Mike Brosseau,670712,R,2022,105,222,67,30.180180180180184,109.75007762799245,15.56188088998188,116.0104258288734,22.774427146210286,,5.696536796837616,3.4690942373136426,8.103179993583808,0.5330942200385437,35.580170432221806
R/L,72,Jean Segura,516416,R,2022,114,237,77,32.48945147679325,109.51054859270803,17.087530817360356,118.9442957511824,28.588403051823192,97.04340825159342,6.740412715454849,3.3838693983247894,10.171802529689192,0.642744577802166,35.580170432221806
R/L,73,Adley Rutschman,668939,S,2022,115,269,70,26.022304832713754,109.45531077244141,13.087716971594597,112.59571062514144,16.582114724613923,117.8096549403237,4.481575307574795,3.3642156877308804,5.8999446802841815,0.37705750473225896,35.580170432221806
R/L,74,José Altuve,514888,R,2022,160,354,102,28.8135593220339,109.4162557140033,12.051200803504557,111.83607389613356,14.610987620968984,110.4467204904551,4.211295264728037,3.350319831376198,5.198614297371595,0.3196983875764003,35.580170432221806
R/L,75,Luis Rengifo,650859,S,2022,173,283,101,35.68904593639576,109.18931890442477,13.386600176340043,112.39601600486456,17.203014136316646,92.72015751429052,4.410523621336303,3.2695753277547084,6.120861749180673,0.3944758172512062,35.580170432221806
R/L,76,Austin Riley,663586,R,2022,172,366,110,30.05464480874317,109.11716634562707,14.33230253071437,113.12057653343244,19.364094060144247,96.59012002868946,4.668323492285363,3.2439033243632807,6.8897776692550625,0.4521803998983024,35.580170432221806
R/L,77,Garrett Hampson,641658,R,2022,84,165,39,23.636363636363637,109.00351215752116,14.530590307970568,113.11662800514492,19.861708635742374,,4.666918599191096,3.203464970531838,7.066829783348453,0.4647788059403952,35.580170432221806
R/L,78,Aaron Hicks,543305,S,2022,121,242,62,25.6198347107438,108.62191122280636,15.073101085642612,112.9791221383794,21.319407670582645,132.3176443918242,4.617993777441619,3.067690707589363,7.585481584333475,0.5001324380721814,35.580170432221806
R/L,79,Andrew Vaughn,683734,R,2022,124,235,80,34.04255319148936,108.5605520190433,14.526693479018668,112.28527314364305,19.851760087176253,92.59679426001928,4.37112112257217,3.0458589983146096,7.063290072813095,0.4645295496322934,35.580170432221806
R/L,80,Andrew McCutchen,457705,R,2022,165,344,68,19.767441860465116,108.29261559520242,11.854570034950152,110.09573888104865,14.2645175697078,119.8999630318648,3.592081100269191,2.9505267620620237,5.075339662636259,0.3093509210845326,35.580170432221806
R/L,81,Travis d'Arnaud,518595,R,2022,95,180,71,39.44444444444444,108.17946346764911,16.986173552356878,114.99023947783341,28.121189807706802,101.94437461243685,5.3335527544113255,2.910267042230874,10.005567261150668,0.6351421197212256,35.580170432221806
R/L,82,Giancarlo Stanton,519317,R,2022,118,261,66,25.287356321839084,107.94460697860124,16.712572931085933,113.81539665263907,26.92936868254371,94.94813214922344,4.915541674896446,2.8267047031565085,9.581515273570416,0.6148461117125319,35.580170432221806
R/L,83,Matt Duffy,622110,R,2022,101,186,41,22.043010752688172,107.88145381138804,14.66967785372658,111.13491119772877,20.22142693972624,,3.9618203816284487,2.8042346986287052,7.1948181689818105,0.47371916340639836,35.580170432221806
R/L,84,Christopher Morel,666624,R,2022,117,219,54,24.65753424657534,107.75558181589317,11.9540076438475,109.35656540792704,14.438749382467096,108.83399403504416,3.329081918742747,2.7594492281051903,5.137331638563166,0.3145624352678661,35.580170432221806
R/L,85,Michael Taylor,572191,R,2022,135,285,76,26.666666666666668,107.56539566599228,15.724116351224847,111.50455799187975,23.29223622110952,98.43492424535172,4.093341340984612,2.6917806718319746,8.287417344946467,0.5442673690417913,35.580170432221806
R/L,86,Josh Bell,605137,S,2022,208,391,99,25.31969309462916,107.30013216688646,11.779114337696095,108.63388803087332,14.133612230664326,122.28363492494664,3.071952076311929,2.597399466755646,5.0287633198997135,0.30542534618744227,35.580170432221806
R/L,87,Luis Robert,673357,R,2022,86,188,74,39.361702127659576,106.47447898584574,18.024158015112924,112.01626892668689,33.77051019864241,76.4876479483087,4.275408963709304,2.303630657762298,12.015605084507817,0.7151378627271338,35.580170432221806
R/L,88,Diego Castillo,660636,R,2022,152,310,106,34.193548387096776,105.99997383320579,14.379085628686077,107.44756259639989,19.479943538649323,,2.649855464845484,2.1348009157433308,6.930997111152009,0.4551372068317262,35.580170432221806
R/L,89,Trea Turner,607208,R,2022,183,401,139,34.66334164588529,105.97440020576762,14.744957699790323,107.54159792805942,20.41998133677472,92.42390854805444,2.6833133961164495,2.125701775515129,7.2654641618523295,0.47859357271156244,35.580170432221806
R/L,90,Eloy Jiménez,650391,R,2022,82,167,49,29.34131736526946,105.88183416713841,16.365048404399843,108.20120898958706,25.54363335450631,90.44125091499876,2.918004135997769,2.092766621208499,9.088468282115201,0.5895415085051138,35.580170432221806
R/L,91,Chris Taylor,621035,R,2022,135,299,74,24.74916387959866,105.6980079500795,13.880861997165255,106.75200144804235,18.291918059375593,120.1969219168824,2.4023736227995505,2.027360939879835,6.5082956208481955,0.4241433604937403,35.580170432221806
R/L,92,J. D. Martinez,502110,R,2022,138,333,102,30.630630630630627,105.63222418142043,14.681341448674289,106.86481091275279,20.252009422819885,88.52990193088212,2.442511422607204,2.0039549628741975,7.205699468588935,0.47447275391008137,35.580170432221806
R/L,93,Yonathan Daza,602074,R,2022,142,249,97,38.95582329317269,105.41426113317173,14.35335708512391,106.3663199106771,19.416115322426617,107.90611982654768,2.2651474744793867,1.9264033388280462,6.908286923036123,0.4535099071036138,35.580170432221806
R/L,94,Josh Donaldson,518626,R,2022,120,232,66,28.448275862068968,105.40860136497,13.492243231370672,106.17197041831862,17.428966905685336,94.58930494989896,2.1959975938640808,1.9243895836557978,6.201256129618377,0.4007265557282923,35.580170432221806
R/L,95,Chas McCormick,676801,R,2022,116,226,65,28.761061946902654,105.0112740997809,12.882856288692954,105.43971926135634,16.17124974955129,99.3223923908116,1.9354613842249837,1.7830198655278364,5.753758221910591,0.36534580438286635,35.580170432221806
R/L,96,Patrick Wisdom,621550,R,2022,137,267,67,25.0936329588015,105.00000269262465,14.14991520951819,105.57767098391696,18.921211116405782,95.11283753326131,1.9845448422262355,1.7790094796515281,6.732199163057675,0.4407450818813017,35.580170432221806
R/L,97,Miguel Cabrera,408234,R,2022,109,226,59,26.10619469026549,104.78801534303558,14.819842660284834,105.27567064313499,20.62028324694204,88.08518915355013,1.8770926062701183,1.7035840193729908,7.336731922868859,0.4834671668093409,35.580170432221806
R/L,98,Lourdes Gurriel,666971,R,2022,95,181,63,34.806629834254146,104.69576634251726,16.206393880912717,105.28342303510343,24.952589409823304,107.96038530635448,1.8798509205450666,1.6707616677665509,8.87817383926766,0.5781660411401943,35.580170432221806
R/L,99,Yuli Gurriel,493329,R,2022,181,332,118,35.54216867469879,104.58448253683659,13.049405558150424,104.77484803865214,16.50439970139779,100.79707089772748,1.6988990700320328,1.6311667000419061,5.87229354257244,0.3748532298659992,35.580170432221806
R/L,100,Vladimir Guerrero,665489,R,2022,119,236,78,33.05084745762712,104.18010201178103,15.499418419985815,104.0825634787125,22.579977898306996,94.27523664103116,1.45258304372955,1.4872874200324209,8.033994619775644,0.5288233282059996,35.580170432221806
R/L,101,Matt Vierling,663837,R,2022,135,270,81,30.0,104.16298203901694,14.64187022109241,104.0700172028797,20.148778116480063,116.25195407782974,1.448119057405345,1.4811961045450075,7.1689695938538165,0.47192491498250244,35.580170432221806
R/L,102,Miguel Rojas,500743,R,2022,128,222,70,31.53153153153153,103.94741396094255,13.227245538369381,103.74722460609597,16.86868764764141,102.61112120117818,1.333268901327099,1.4044966149686808,6.001907814709961,0.38514000427686457,35.580170432221806
R/L,103,Christian Vázquez,543877,R,2022,108,195,70,35.8974358974359,103.3950802459418,16.950968445955166,101.89433752462028,27.9623062112334,103.85374442414532,0.6740085198214304,1.2079753378167881,9.949036206736588,0.632512089573367,35.580170432221806
R/L,104,Francisco Lindor,596019,S,2022,208,416,127,30.528846153846157,103.12771368277059,12.115511932833035,102.58385342288057,14.726034348097919,101.27866472351346,0.9193394515797012,1.1128458589616976,5.239548118960763,0.3231196273774253,35.580170432221806
R/L,105,Austin Slater,596103,R,2022,181,394,103,26.14213197969543,102.6676629993064,12.278397676215231,101.87325799401385,15.021386329687902,109.91416247175916,0.6665083869053482,0.94915904171054,5.344634857385423,0.33186632845188924,35.580170432221806
R/L,106,Eduardo Escobar,500871,S,2022,171,328,122,37.19512195121951,102.42097269059795,15.523720941365015,100.3352330129774,22.655317708948626,97.29094060828707,0.1192764773624308,0.8613862094322986,8.06080065280525,0.5304829796097403,35.580170432221806
R/L,107,Trayce Thompson,572204,R,2022,96,227,59,25.991189427312776,102.34995068899268,16.000271474629276,99.87459431616116,24.21929097753404,,-0.04461955604155299,0.8361164602167672,8.617265007282331,0.5635526582172363,35.580170432221806
R/L,108,Julio Rodríguez,677594,R,2022,136,301,97,32.22591362126246,102.02916821476128,16.185111095062087,98.98099916445169,24.875117178308813,93.26882628694564,-0.3625622339938527,0.7219815091685385,8.85060908725716,0.5766485037448973,35.580170432221806
R/L,109,Starling Marte,516782,R,2022,153,290,84,28.965517241379313,101.95237433260974,11.375464954648349,101.0304315312785,13.45150761069622,95.2228483149325,0.3666292950162393,0.6946581150174964,4.786069333589002,0.2848512395035388,35.580170432221806
R/L,110,Matt Reynolds,608703,R,2022,85,200,45,22.5,101.85509931604871,16.30706560536203,98.44997523089495,25.324807113500178,,-0.5515014545892281,0.6600474983371123,9.010609532614795,0.5853713149541279,35.580170432221806
R/L,111,Nick Castellanos,592206,R,2022,130,266,109,40.97744360902256,101.52751475407113,15.106405595576396,98.76220406482788,21.413958371440774,78.92455460828967,-0.4404099033373535,0.543492352875841,7.619122884843656,0.5023449977015727,35.580170432221806
R/L,112,Bo Bichette,666182,R,2022,118,225,76,33.77777777777778,101.39849501633624,15.103257147961616,98.50537272142017,21.404993028740186,97.74472028717932,-0.5317909330451815,0.49758691029856417,7.615933000630955,0.5021356239915807,35.580170432221806
R/L,113,Dansby Swanson,621020,R,2022,175,346,89,25.722543352601157,101.27119124127876,12.4377542566413,99.72419856947371,15.316044155785933,106.27889104741998,-0.09813061903575919,0.45229201016645776,5.449474614102982,0.3405365592421994,35.580170432221806
R/L,114,Ke'Bryan Hayes,663647,R,2022,170,356,98,27.52808988764045,101.11667633018426,12.280007268784772,99.55127202527895,15.024333894355921,101.21978760584236,-0.15965817818280634,0.39731534145584224,5.3456836059179045,0.33195334381056524,35.580170432221806
R/L,115,Víctor Caratini,605170,S,2022,123,222,61,27.47747747747748,101.02877224036109,15.417540232482526,97.4746811744801,22.329044935473487,113.66998209826626,-0.8985127420769653,0.3660389164798651,7.9447122439288576,0.5232508961042349,35.580170432221806
R/L,116,Chad Pinder,640461,R,2022,158,284,81,28.52112676056338,100.79435275411137,15.299249958972032,97.10316500534788,21.9741627464599,88.84093769361643,-1.0306988282374705,0.28263206374587346,7.818444556244224,0.5152524675976056,35.580170432221806
R/L,117,Gleyber Torres,650402,R,2022,146,275,86,31.272727272727273,100.60588674666755,15.18954670937606,96.82737218400598,21.652776720354918,103.67333139182227,-1.1288263841107509,0.21557553709055655,7.704094860410727,0.5078897257037821,35.580170432221806
R/L,118,Randy Arozarena,668227,R,2022,127,237,70,29.535864978902953,100.43057877238569,16.929102621104327,93.87352346780573,27.864479267193072,95.76513004620011,-2.179810791644793,0.15320066105979802,9.914229213318405,0.6308813298464795,35.580170432221806
R/L,119,Ketel Marte,606466,S,2022,149,304,108,35.526315789473685,100.13372880865214,15.624621443947513,95.33209268058216,22.97245213541224,113.42185480665944,-1.660849379867021,0.04758093803541019,8.173637622240252,0.5374014178635645,35.580170432221806
R/L,120,Ian Happ,664023,S,2022,134,270,87,32.22222222222222,99.74083490175475,15.008913016172322,95.28860924515914,21.1389352001207,109.60835065836676,-1.6763208603003226,-0.09221138365649417,7.521269171759873,0.49588192824647404,35.580170432221806
R/L,121,Nelson Cruz,443558,R,2022,175,353,93,26.345609065155806,99.3490170208563,12.988148590482805,96.44400652644191,16.38098798023193,87.09758705180329,-1.265228538450653,-0.23162085346408734,5.828383441848289,0.3713421922632633,35.580170432221806
R/L,122,Brandon Drury,592273,R,2022,155,290,95,32.758620689655174,99.20815439636488,15.461917691050223,93.58829565266132,22.464499473764135,93.99121242636905,-2.2812953343932802,-0.2817400153334346,7.992907199510851,0.5262674555977626,35.580170432221806
R/L,123,Jonah Heim,641680,S,2022,132,257,82,31.906614785992215,99.02973657879163,13.704089469011395,95.33868576956938,17.892975754426256,109.06122974721148,-1.6585035475686218,-0.34522137890744475,6.3663512688209885,0.413409231813623,35.580170432221806
R/L,124,AJ Pollock,572041,R,2022,133,240,90,37.5,98.92587431155869,15.431642794679966,93.04121994562604,22.371950932610527,91.1517258207977,-2.4759458033497097,-0.3821757506036958,7.959978270835861,0.5242085784706969,35.580170432221806
R/L,125,Trevor Story,596115,R,2022,94,204,78,38.23529411764706,98.83810533393321,16.259147441690807,91.28118617333243,25.1464372595148,85.89450002894193,-3.102168819196441,-0.41340410242945547,8.947145234567092,0.5819361529278843,35.580170432221806
R/L,126,Frank Schwindel,643524,R,2022,82,166,64,38.55421686746988,98.61571900135404,16.711006929077918,89.59858831590182,26.92281865001576,,-3.7008400045591645,-0.49252953857909665,9.579184760833606,0.6147308924534725,35.580170432221806
R/L,127,Amed Rosario,642708,R,2022,158,297,125,42.08754208754209,97.98922375410596,14.724473767518864,92.25751697053963,20.36567888611669,98.38322610395444,-2.7547886575678535,-0.7154376152997299,7.246143257359329,0.4772647565896589,35.580170432221806
R/L,128,Abraham Toro,647351,S,2022,118,221,63,28.50678733031674,97.96412406959674,14.922784632909707,91.90339301587605,20.90032087057309,84.97327650091822,-2.880786564178476,-0.7243681258260648,7.436369786631129,0.4902070382873103,35.580170432221806
R/L,129,José Siri,642350,R,2022,85,193,63,32.64248704663213,97.88574254909966,16.25676113168134,89.00938797350241,25.13761195117436,79.04381720330903,-3.91047849057211,-0.752256404406288,8.944005174818395,0.5817653471503713,35.580170432221806
R/L,130,Ramón Laureano,657656,R,2022,95,176,50,28.40909090909091,97.87641744452979,15.31273496384592,91.05891028766523,22.014174605168442,92.26243293029898,-3.1812549581465626,-0.7555742925052287,7.832680843765823,0.5161611715112163,35.580170432221806
R/L,131,Cal Raleigh,663728,S,2022,100,234,74,31.62393162393162,97.8336643721973,16.43806541961696,88.38949944630625,25.823999748459197,89.57063651417127,-4.131035885038292,-0.7707859085061388,9.188223122918313,0.5948140371370585,35.580170432221806
R/L,132,Tomás Nido,621512,R,2022,123,235,94,40.0,97.44507216459901,15.784206574186703,89.1596842478203,23.488901686610415,,-3.857002820016527,-0.9090476782559493,8.357391252753008,0.5484351885514104,35.580170432221806
R/L,133,Mauricio Dubón,643289,R,2022,94,167,71,42.51497005988024,96.98436041874898,15.538222590660904,88.72324697431563,22.70046470289401,,-4.0122879457592315,-1.0729697026306542,8.076864030196042,0.5314745551925324,35.580170432221806
R/L,134,Spencer Torkelson,679529,R,2022,106,210,50,23.809523809523807,96.80825315914478,13.086764043343896,92.29463892577392,16.580176698801626,112.3934014584392,-2.741580602627713,-1.135628965741339,5.899255127397145,0.37700259895023686,35.580170432221806
R/L,135,Maikel Franco,596748,R,2022,116,224,86,38.392857142857146,96.74758151166887,14.908984831329725,89.54321992962862,20.862458878112225,91.6087298047796,-3.720540170760741,-1.1572160413173096,7.42289842518452,0.4893008224325852,35.580170432221806
R/L,136,Bryan Reynolds,668804,S,2022,170,350,119,34.0,96.54991113395052,14.437277839084828,90.00702298826329,19.625370929121367,88.74176132375288,-3.5555182520286706,-1.227547498603513,6.982740424537094,0.4588285449488301,35.580170432221806
R/L,137,Hunter Renfroe,592669,R,2022,141,321,95,29.595015576323984,96.25241272163082,14.617374707426137,89.13521751557492,20.085088161139346,87.35073758077485,-3.8657081250486245,-1.333397940740015,7.146308599195383,0.4703471966738185,35.580170432221806
R/L,138,Albert Pujols,405395,R,2022,129,259,95,36.67953667953668,96.22404068322537,16.026181681709545,85.76129080808997,24.30943534619824,88.55931463313372,-5.0661569978300225,-1.3434927603597702,8.649338527288101,0.5653793258284177,35.580170432221806
R/L,139,Nick Senzel,669222,R,2022,120,213,60,28.169014084507044,95.84432432195578,11.301461870597045,92.55000612334058,13.329615710337224,118.88587468789768,-2.6507205185055094,-1.4785964888585206,4.742699987698198,0.28115709552648194,35.580170432221806
R/L,140,Jose Iglesias,578428,R,2022,158,314,141,44.904458598726116,95.83628140644709,14.13221571493088,89.22172633508045,18.878953518264296,98.81363497723868,-3.8349281396296586,-1.4814581719042366,6.717163837618371,0.43964315495991924,35.580170432221806
R/L,141,Manny Machado,592518,R,2022,180,331,99,29.909365558912388,95.70820248829227,14.066672957491212,89.10325738131701,18.723547165025757,102.798996372652,-3.877079595287961,-1.5270288692714664,6.661869992273599,0.4355746345265157,35.580170432221806
R/L,142,Gary Sánchez,596142,R,2022,125,277,83,29.96389891696751,95.61312613888487,15.677840239150143,85.41041991074202,23.142608658244466,89.04337138138027,-5.190997461103489,-1.5608571964313556,8.2341796030655,0.5410685227438772,35.580170432221806
R/L,143,Justin Turner,457759,R,2022,147,307,94,30.618892508143325,95.17481401316893,13.762703519309344,88.67272994295577,18.02403596120703,114.87551955649872,-4.030261991614367,-1.7168093977861782,6.412982713762409,0.41695319732603736,35.580170432221806
R/L,144,Andrew Velazquez,623205,S,2022,104,182,45,24.725274725274726,95.16356463067169,14.497215319188731,87.32576190697203,19.776726980935976,84.88145990616133,-4.50951551448493,-1.7208119472512697,7.0365931657322145,0.4626461778039014,35.580170432221806
R/L,145,Keston Hiura,669374,R,2022,109,233,65,27.896995708154503,94.46025695372344,14.451133545248727,86.11611712945945,19.660217253931854,,-4.939909187948375,-1.9710500173723533,6.995138806294031,0.4597096589953645,35.580170432221806
R/L,146,Harold Ramírez,623912,R,2022,120,228,92,40.35087719298245,94.34978696080613,14.735680288616587,85.26880940054897,20.395361436708193,86.85679098830377,-5.241382721980115,-2.0103554291288015,7.256704359448417,0.47799150757056746,35.580170432221806
R/L,147,Carson Kelly,608348,R,2022,134,257,58,22.56809338521401,94.31491084388236,14.62517219020963,85.45933373353712,20.105331227321223,110.3905242420111,-5.173593839588075,-2.022764410970419,7.153511116643603,0.4708491339152999,35.580170432221806
R/L,148,Thairo Estrada,642731,R,2022,171,314,106,33.75796178343949,94.09926144361403,14.013629272813377,86.35671756579882,18.598999500801728,86.15368464795685,-4.854303142638161,-2.0994928351219535,6.617555721073338,0.4322958319892561,35.580170432221806
R/L,149,Kevin Newman,621028,R,2022,104,172,56,32.55813953488372,93.9421002923509,14.841781629453168,84.22254914607448,20.679503950140273,,-5.613643903686733,-2.155411040594617,7.35780274999795,0.48489965466030055,35.580170432221806
R/L,150,Jesús Aguilar,542583,R,2022,123,284,104,36.61971830985916,93.92346692851075,16.586429096007336,78.04101653738974,26.41096279485407,88.15064712901557,-7.813043741180134,-2.1620408232061985,9.39706557519977,0.6055996186469347,35.580170432221806
R/L,151,Tommy Edman,669242,S,2022,160,303,104,34.32343234323432,93.90912240684804,12.99584055347642,87.77927883367741,16.396427853234666,94.6872997431407,-4.348153419024182,-2.167144628461478,5.833876974977182,0.37178216200771835,35.580170432221806
R/L,152,Yu Chang,644374,R,2022,89,171,54,31.57894736842105,93.45471377061378,15.442111496195176,81.50811369986386,22.40388507480435,,-6.579444661721112,-2.3288239956923604,7.971340493054491,0.5249200574294293,35.580170432221806
R/L,153,Gio Urshela,570482,R,2022,159,289,105,36.332179930795846,93.12187801005503,14.074645871152546,84.50373764404107,18.742361652300513,107.56555504705705,-5.513596556874419,-2.4472475265585483,6.6685642189119045,0.43606853712116844,35.580170432221806
R/L,154,Martín Maldonado,455117,R,2022,112,224,53,23.660714285714285,92.98056871549733,14.15813090102996,84.06730965809129,18.94086858886664,72.08348979169895,-5.668878378089264,-2.497525614398747,6.739193325261915,0.4412570392733083,35.580170432221806
R/L,155,Owen Miller,680911,R,2022,154,305,106,34.75409836065574,92.97508880380025,13.422739695752872,85.55292071660772,17.279915445944066,94.60839689886195,-5.140295431509181,-2.4994753763201056,6.148223366210719,0.3966086082215619,35.580170432221806
R/L,156,Bryan De La Cruz,650559,R,2022,96,199,58,29.145728643216078,92.86747491207093,16.23457037195918,77.11374243511703,25.055801659872294,105.53198691423844,-8.142969447142617,-2.5377645824061412,8.914896933742023,0.5801781916439886,35.580170432221806
R/L,157,Christian Bethancourt,542194,R,2022,131,229,90,39.30131004366812,92.5978788616496,14.223874277747104,83.22773193160799,19.099151716763227,,-5.967601564082991,-2.6336873166245867,6.795510731932973,0.445364513826122,35.580170432221806
R/L,158,Max Stassi,545358,R,2022,129,241,56,23.236514522821576,92.23887521555822,12.31478462191016,86.21118907671936,15.088160995588662,101.11772668285492,-4.906082427080068,-2.761421425761792,5.368393397318461,0.33383621008814707,35.580170432221806
R/L,159,Leody Taveras,665750,S,2022,99,190,54,28.421052631578945,92.13879617010248,16.05824806683655,76.21555390474153,24.421788491692812,88.87944432075398,-8.462546457052888,-2.797029720701887,8.689313967941034,0.567644095961139,35.580170432221806
R/L,160,Adolis García,666969,R,2022,205,411,141,34.306569343065696,91.94993298063979,15.02913657564031,79.76910713878587,21.195549230311485,87.84785002457046,-7.198186159980183,-2.8642275653964404,7.541412540190304,0.4972191675304685,35.580170432221806
R/L,161,Bobby Witt,677951,R,2022,147,274,110,40.14598540145985,91.5420074526467,14.247476716966409,81.26265599729507,19.15640691964104,92.20492710328448,-6.666778930634104,-3.0093681634929226,6.815882230698214,0.4468437746755636,35.580170432221806
R/L,162,Trey Mancini,641820,R,2022,187,407,141,34.64373464373464,91.12057508682324,14.395339117592634,80.0933624470596,19.520413401848085,99.14720234831113,-7.082815568660859,-3.159314517509454,6.9453963574518145,0.45616672271007697,35.580170432221806
R/L,163,Elías Díaz,553869,R,2022,140,269,95,35.31598513011153,90.9984747432275,13.075293223256184,82.99167285537989,16.55686790250229,88.9147590300777,-6.05159178572568,-3.2027580278591454,5.890961817948142,0.37634198740391844,35.580170432221806
R/L,164,Sheldon Neuse,641914,R,2022,111,203,66,32.51231527093596,90.91941352888782,13.325549378165604,82.353879977057,17.07402093645669,,-6.278519578837536,-3.2308881426669886,6.074965748824525,0.39088593681929057,35.580170432221806
R/L,165,C. J. Cron,543068,R,2022,195,436,129,29.587155963302752,90.65013244764197,13.874362260577698,80.63700935227247,18.27705187137857,89.81958840457303,-6.889385073236625,-3.326698810315992,6.50300620582208,0.4237462418311753,35.580170432221806
R/L,166,Javier Báez,595879,R,2022,143,305,139,45.57377049180328,90.62897140593503,17.12770945328952,65.76641323562342,28.77776629857855,63.259680999767134,-12.180368515827713,-3.3342279450205563,10.239178295620736,0.6457707565874322,35.580170432221806
R/L,167,Kyle Farmer,571657,R,2022,153,310,115,37.096774193548384,89.8081247387986,14.233199388778818,78.1703590469069,19.121745331253784,87.05881886064111,-7.7670234558526134,-3.626286588174909,6.803549578475513,0.44594866338038586,35.580170432221806
R/L,168,Willson Contreras,575929,R,2022,120,245,84,34.285714285714285,89.28752593442876,15.590061004229463,72.05122059348135,22.863030291037287,96.7353382066756,-9.944223346565048,-3.8115165300378075,8.134705143521563,0.5350266674031272,35.580170432221806
R/L,169,Víctor Robles,645302,R,2022,141,249,83,33.33333333333333,88.55611441262054,12.31780144519971,80.67708502818905,15.093710552741825,80.82646392925173,-6.875126079443637,-4.071753996058078,5.370367939211789,0.3339997936578128,35.580170432221806
R/L,170,Víctor Reyes,622682,S,2022,92,187,81,43.31550802139038,88.25331325010492,16.824636225380782,61.77692442189242,27.40587693229751,93.36795841465702,-13.59983543512763,-4.179491165751886,9.751057720956414,0.6231192465859475,35.580170432221806
R/L,171,Kyle Garlick,664247,R,2022,82,164,58,35.36585365853659,87.7758654056828,16.92827469384106,59.597400312223044,27.860787887506273,,-14.375313827959355,-4.34936792252225,9.912915814134541,0.6308196241444953,35.580170432221806
R/L,172,Austin Hays,669720,R,2022,161,294,108,36.734693877551024,87.35492807517605,13.603832482830605,75.7290734775973,17.67152514927475,77.30995471091282,-8.635637022150204,-4.499138142129391,6.287558766084896,0.40738248290274537,35.580170432221806
R/L,173,Ramón Urías,602104,R,2022,127,242,72,29.75206611570248,86.72638322479686,13.296549390070018,75.55018514264619,17.013145524472076,101.36793089645532,-8.699285796609175,-4.722775471137259,6.053306173489082,0.3891864417460225,35.580170432221806
R/L,174,Christian Arroyo,624414,R,2022,96,184,81,44.02173913043478,86.55969996350835,15.967188732037842,63.91080536593441,24.10501105197727,,-12.840596958416784,-4.782081659585696,8.576604014999416,0.5612246235724327,35.580170432221806
R/L,175,Teoscar Hernández,606192,R,2022,97,184,67,36.41304347826087,85.71852122941797,15.913177931888148,62.355752750026305,23.920376499679655,79.66686353420044,-13.393887329467612,-5.081374486814658,8.510910726615155,0.5574342351322293,35.580170432221806
R/L,176,Byron Buxton,621439,R,2022,114,230,58,25.217391304347824,85.64457074970638,14.719585737466813,68.66359764040695,20.35275140756433,96.43408423138824,-11.149545366869981,-5.107686193531494,7.24154363845781,0.47694793749103004,35.580170432221806
R/L,177,Aristides Aquino,606157,R,2022,105,236,80,33.89830508474576,85.03459722233409,15.659239114595453,62.476917910916875,23.082904068728435,,-13.350776558718271,-5.324715814161987,8.21293660835984,0.5397853724783611,35.580170432221806
R/L,178,Nolan Arenado,571448,R,2022,124,255,97,38.03921568627451,84.96953560228049,14.643406649892126,67.71710614613576,20.152782447947455,106.17476696458654,-11.486308653658154,-5.347864849463024,7.170394341814586,0.4720239620389817,35.580170432221806
R/L,179,Jeimer Candelario,600869,S,2022,122,230,80,34.78260869565217,84.60504666307834,13.953034322395414,69.8589375563303,18.45803236993145,88.97285280983394,-10.724241387540076,-5.477550635237744,6.5673993756562785,0.4285654191875322,35.580170432221806
R/L,180,Willi Castro,650489,S,2022,123,210,100,47.61904761904761,84.55691564384443,14.40344986580386,67.98981396011894,19.540651528823773,84.98010235303161,-11.389278748660956,-5.494675733911936,6.952597117522054,0.4566809024319917,35.580170432221806
R/L,181,Tyrone Taylor,621438,R,2022,130,240,80,33.33333333333333,84.41220987353557,14.267057891560084,68.29342209629172,19.20408199031103,91.27955827097094,-11.28125445636459,-5.546162293613083,6.832845102096277,0.4480728679083488,35.580170432221806
R/L,182,Jonathan Schoop,570731,R,2022,121,236,86,36.440677966101696,82.77319184437872,14.145586937914734,65.85257641124261,18.910865823370504,71.76276669674277,-12.14971151109259,-6.12932770180194,6.728518290164011,0.44047548695731953,35.580170432221806
R/L,183,José Ramírez,608070,S,2022,170,348,125,35.91954022988506,82.70194131644388,14.283921806756002,65.11952407257019,19.245269137843806,99.07102714777773,-12.410532782549625,-6.154678761075011,6.84749955938461,0.4491327540771362,35.580170432221806
R/L,184,José Miranda,669304,R,2022,139,250,88,35.199999999999996,82.6268737436814,13.689275021789406,67.43173978492027,17.860038543031827,81.60253760215929,-11.587842491334856,-6.181387931403235,6.354632152871228,0.4125159044703272,35.580170432221806
R/L,185,Salvador Pérez,521692,R,2022,116,220,100,45.45454545454545,82.43377522352694,16.51757796802801,49.60435058023438,26.135614390389655,72.38871831855741,-17.930857953977608,-6.250092713976288,9.299096143608928,0.6005823029816038,35.580170432221806
R/L,186,Ozzie Albies,645277,S,2022,88,178,90,50.56179775280899,82.06491846676809,16.45275589459201,49.327976768119655,25.881070052200926,,-18.029192227358056,-6.381332576681851,9.208528834255807,0.5958776665928325,35.580170432221806
R/L,187,José Azócar,640492,R,2022,113,198,91,45.95959595959596,80.49914062454508,14.24717883231218,61.300729328273356,19.155682874869335,,-13.769266461027168,-6.938439001534769,6.8156246143344354,0.4468250897512847,35.580170432221806
R/L,188,Eric Haase,606992,R,2022,124,274,101,36.86131386861314,80.37816697875235,14.686203271997341,58.782902470442686,20.26477678455569,76.28082854254438,-14.665113548231574,-6.981481630885895,7.210242117654233,0.47478705552423095,35.580170432221806
R/L,189,Willy Adames,642715,R,2022,165,353,106,30.02832861189802,80.12366744341024,12.886169272299801,66.21401470717103,16.17780380352314,87.14187954961207,-12.021111149393937,-7.072032999309826,5.756090165483995,0.3655337348023652,35.580170432221806
R/L,190,Joey Bart,663698,R,2022,97,191,68,35.602094240837694,79.33503884384703,15.029441006573034,54.67687560239246,21.19640318289982,,-16.126044905876668,-7.3526283991116586,7.541716377976644,0.49723931112650865,35.580170432221806
R/L,191,Hanser Alberto,593643,R,2022,105,184,81,44.02173913043478,78.28935914464543,15.606746490421033,48.25987182936019,22.91575330744767,,-18.40922578496365,-7.724683018262736,8.153464082617386,0.5361725201730236,35.580170432221806
R/L,192,Enrique Hernández,571771,R,2022,100,221,62,28.054298642533936,78.24199231142606,15.260998060720533,50.862732694998414,21.861273140624867,79.38927543888012,-17.483123452855967,-7.741536218250534,7.778278242087857,0.5126791720628008,35.580170432221806
R/L,193,Hunter Dozier,641531,R,2022,142,319,99,31.03448275862069,78.00383884755338,12.477826734122626,64.30877910295165,15.391058918715633,68.54180467227951,-12.698997224510569,-7.82627162658667,5.476164994602697,0.34273440399426797,35.580170432221806
R/L,194,Emmanuel Rivera,656896,R,2022,122,225,63,28.000000000000004,77.83204367493164,13.063937656724722,61.92441482726408,16.533829736422792,73.79449137583998,-13.547358097525215,-7.887396641799817,5.882764799192598,0.37568858397253985,35.580170432221806
R/L,195,Ty France,664034,R,2022,169,333,118,35.43543543543544,77.69355133465467,11.946902772479953,65.51953655210986,14.426234500477994,87.47971440678906,-12.268207660579252,-7.9366724525059364,5.132878822222052,0.3141886256566406,35.580170432221806
R/L,196,Jeremy Peña,665161,R,2022,154,307,122,39.73941368078176,77.62260212812704,13.19915552081851,61.04776638232024,16.81054125767434,66.87792730673101,-13.859271108327654,-7.961916301108772,5.981219230059494,0.38350593737930344,35.580170432221806
R/L,197,Robinson Chirinos,455139,R,2022,98,190,54,28.421052631578945,77.24164216083915,13.9146865047949,57.16701448622639,18.36953061739207,,-15.240049247009527,-8.097462506748343,6.535910301267264,0.42621296104796447,35.580170432221806
R/L,198,Randal Grichuk,545341,R,2022,180,344,117,34.01162790697674,76.24480552671889,12.945911671965343,59.86267216247278,16.29649454861687,80.53442105704771,-14.280929651531794,-8.452138680099152,5.798320534875618,0.3689309405931522,35.580170432221806
R/L,199,Bobby Dalbec,666915,R,2022,111,267,82,30.711610486891384,73.43653736669604,15.737885005818102,36.47481174180662,23.337059994553595,82.02713632671005,-22.60237024965496,-9.451325277629104,8.303365719932023,0.5452209501765412,35.580170432221806
R/L,200,Jorge Mateo,622761,R,2022,156,320,135,42.1875,73.04872060175471,14.79476692712167,44.01953000495066,20.55289609329408,69.30586919159171,-19.917946632997346,-9.589311143559959,7.31275545875149,0.4818324615819658,35.580170432221806
R/L,201,Oscar González,660757,R,2022,114,235,112,47.65957446808511,69.8848431279102,15.66551864697546,29.487670816001696,23.103031727121238,72.73945508656502,-25.08840689939587,-10.715024141020507,8.220098063520012,0.5402183793867907,35.580170432221806
R/L,202,Michael Chavis,656308,R,2022,181,336,137,40.773809523809526,67.27545526116441,13.804239934439755,40.546283359449134,18.117637738021298,74.22352881645311,-21.153733708998214,-11.643448791246373,6.446286385480513,0.419473759570573,35.580170432221806
R/L,203,Luke Voit,572228,R,2022,170,416,135,32.45192307692308,67.02157772267775,12.920581511962313,45.382009710714755,16.246054127091774,84.93897325522852,-19.433174031582045,-11.733778852129063,5.780373746930257,0.36748864164472217,35.580170432221806
L/R,1,Juan Soto,665742,L,2022,424,954,157,16.457023060796647,155.9249036034056,10.542934947766762,176.13114334849084,12.415284934183285,152.30008661581024,27.087590555392136,19.898176016147467,4.41737953922837,0.2788764622971881,35.580170432221806
L/R,2,Steven Kwan,680757,L,2022,496,1004,197,19.621513944223107,145.69241561035375,8.014885324841028,153.76543422823462,8.751051941014047,144.02008354922134,19.12983313203,16.25743934876298,3.113639195225053,0.1611697130785542,35.580170432221806
L/R,3,Max Muncy,571970,L,2022,419,915,136,14.863387978142075,143.95172163077578,9.151267760274033,154.66536600737007,10.296712054183493,143.78452319141897,19.450030392820118,15.63809746412572,3.6635876977936137,0.21011223008987853,35.580170432221806
L/R,4,Jesse Winker,608385,L,2022,406,838,160,19.09307875894988,137.9209925412551,8.352594341883062,145.18713505006002,9.1961138082286,143.65521436582603,16.077659664249598,13.492353775768677,3.2719929661088187,0.17503769521818102,35.580170432221806
L/R,5,Brendan Donovan,680977,L,2022,392,812,185,22.783251231527093,135.86253564522042,9.35586876492422,144.92050672777188,10.590804913091215,142.65345754752343,15.982792852758896,12.759951303885721,3.768226438221975,0.21961249679242487,35.580170432221806
L/R,6,Luis Arráez,650333,L,2022,478,1002,254,25.349301397205586,132.64100488319912,9.707447801807524,141.60978988671755,11.109130558342178,136.89598531690714,14.804834158183501,11.613725168232083,3.9526475861961807,0.23642801435004587,35.580170432221806
L/R,7,Dan Vogelbach,596129,L,2022,375,924,188,20.346320346320347,132.62020623178495,10.90491622617465,144.92824386411243,13.018580980027025,135.3044042221118,15.985545739055443,11.60632497261132,4.632033300550427,0.29835510555623207,35.580170432221806
L/R,8,Freddie Freeman,518692,L,2022,501,1033,279,27.008712487899324,131.74678141972447,10.126285081204788,141.4703132454796,11.749913237288895,128.87361680555412,14.755208131517893,11.295558935882896,4.180639155465579,0.25726997620573344,35.580170432221806
L/R,9,Cavan Biggio,624415,L,2022,255,513,81,15.789473684210526,131.07013879877772,9.443515227221495,138.96640769264562,10.718447587671974,128.20354779638066,13.864314268357703,11.054808338132986,3.8136419193820554,0.22374646199689205,35.580170432221806
L/R,10,Kyle Schwarber,656941,L,2022,437,998,207,20.741482965931866,129.9107360454842,11.103472651488444,141.66019314802674,13.360417885234838,133.94712274491525,14.8227677244607,10.642290862515285,4.7536594540236,0.30931890300507525,35.580170432221806
L/R,11,Aaron Hicks,543305,S,2022,329,771,145,18.80674448767834,129.86285901624223,9.197808706540092,136.91900306671718,10.363143086484337,132.3176443918242,13.135844213015167,10.625256133913098,3.687223972306138,0.21225481591044865,35.580170432221806
L/R,12,Carlos Santana,467793,S,2022,364,739,175,23.68064952638701,126.20929234785349,10.75366031363387,135.41940779214593,12.763468184823234,140.3836273892928,12.602285658529173,9.325310886445541,4.541263733222514,0.29013587662334595,35.580170432221806
L/R,13,Trent Grisham,663757,L,2022,387,827,161,19.46795646916566,125.0795898860884,9.72818285054532,131.74427010607565,11.140237799640317,126.45169473704937,11.294665406206548,8.923360825172512,3.9637155956668213,0.23743911061171807,35.580170432221806
L/R,14,Lars Nootbaar,663457,L,2022,277,562,108,19.217081850533805,124.12453007656717,10.17311225957919,131.29652575145585,11.823246016247102,133.01961874572245,11.135357201732173,8.583548917215207,4.2067310832015945,0.2596548749288753,35.580170432221806
L/R,15,Brandon Nimmo,607043,L,2022,439,903,190,21.040974529346624,123.41849442967681,8.175846626627244,127.39678873174262,8.961793363106935,131.27848299476457,9.74782412370976,8.332340230739382,3.1886213523769897,0.1677081925636807,35.580170432221806
L/R,16,Luis Guillorme,641645,L,2022,239,449,95,21.158129175946545,121.42056545537724,9.634969261274092,126.80855791208634,11.00087870081841,132.09432273319027,9.538530595541202,7.621473696568854,3.914131390793178,0.2329107177698064,35.580170432221806
L/R,17,Josh Bell,605137,S,2022,435,936,233,24.89316239316239,121.11847867964492,9.330774195929434,125.99360833854533,10.554444957808135,122.28363492494664,9.248570148338645,7.513990706910089,3.755289504163175,0.21843597538012893,35.580170432221806
L/R,18,Jorge Polanco,593871,S,2022,294,673,146,21.693907875185737,119.80336559074485,10.947001467405972,126.73723392339437,13.09036467536352,123.64722690214508,9.513153398805542,7.046071228502985,4.657574061693699,0.30066242743280563,35.580170432221806
L/R,19,J. P. Crawford,641487,L,2022,422,881,177,20.090805902383654,119.42092268052237,8.733005379101813,123.14667224988628,9.71140325969386,125.50334896916948,8.235625435897328,6.909997389239876,3.4553338311594195,0.19134462283507372,35.580170432221806
L/R,20,Rafael Ortega,542364,L,2022,348,757,191,25.23117569352708,119.04750820414014,9.580015803301897,123.64599926781293,10.919295275609214,120.52109457620884,8.413286839889762,6.777135882124496,3.885103869059302,0.23026146203022083,35.580170432221806
L/R,21,Ji Man Choi,596847,L,2022,363,871,172,19.747416762342134,118.5612171064267,10.696183995897144,124.55443022787571,12.667680789495824,119.92442028205627,8.736508123739167,6.604112680761327,4.507182414712435,0.28704272016496074,35.580170432221806
L/R,22,Ryan McMahon,641857,L,2022,427,916,234,25.54585152838428,118.43381718429902,10.787264455953416,124.5192656757319,12.81976241022933,117.85368774619712,8.72399651615467,6.558783571337779,4.561293314565502,0.29195200258276793,35.580170432221806
L/R,23,Andrew Benintendi,643217,L,2022,370,681,150,22.026431718061673,117.23199125882874,9.237433078573796,120.92493047186927,10.419916084977006,119.52490630178038,7.445125924715003,6.131171858756831,3.7074239019293125,0.21408755244509264,35.580170432221806
L/R,24,Rowdy Tellez,642133,L,2022,459,929,254,27.341227125941874,117.19082401171542,11.173553252902432,123.35532420832064,13.483029477508735,117.96813437281706,8.309864158318444,6.116524482071657,4.797284867524313,0.3132358152071678,35.580170432221806
L/R,25,Jurickson Profar,595777,S,2022,462,964,238,24.688796680497926,116.56795304657614,8.158952773972722,119.15297633848762,8.939557994941106,126.4697281785971,6.8146616240770115,5.894905931102275,3.180709970487356,0.16701583360769642,35.580170432221806
L/R,26,Geraldo Perdomo,672695,S,2022,354,681,149,21.879588839941263,115.50753569218966,9.195424055829193,118.69359679104652,10.359732723240725,126.18709338374627,6.651213598166698,5.517607629118709,3.686010559251703,0.2121447705723968,35.580170432221806
L/R,27,Max Kepler,596146,L,2022,328,632,141,22.310126582278482,115.14268108836815,8.539269825576161,117.71039619803591,9.447049276336562,118.99785504870468,6.301389151482907,5.387791739249206,3.361276233336526,0.18294910122356234,35.580170432221806
L/R,28,Mike Yastrzemski,573262,L,2022,422,870,188,21.60919540229885,115.00909890969378,8.797001793960364,117.7398738286355,9.799639010396168,116.0254253304947,6.311877342689621,5.340262972409791,3.4867282616414506,0.1941592867526182,35.580170432221806
L/R,29,Christian Yelich,592885,L,2022,464,1035,230,22.22222222222222,114.67281331617005,8.252939722614807,116.9394808120677,9.06361636277071,116.40651787913365,6.027096143267198,5.220611985095041,3.2248501491965613,0.1708858697465002,35.580170432221806
L/R,30,MJ Melendez,669004,L,2022,410,872,191,21.90366972477064,114.62084881046623,9.867881524079086,118.15944117407663,11.351450196613051,118.37999885550528,6.461160119275528,5.202122925401359,4.038865326483701,0.2443074215294483,35.580170432221806
L/R,31,Ben Gamel,592325,L,2022,311,687,155,22.561863173216885,114.19520750420025,10.016588927678901,117.73421491812603,11.579494385399533,112.07606399907992,6.309863892685745,5.050679023201993,4.120003837514709,0.2517262516670811,35.580170432221806
L/R,32,Josh Rojas,668942,L,2022,381,773,163,21.08667529107374,113.13389218617753,8.666660577533756,115.3302568832678,9.620412870904545,118.47293873256388,5.454531526764097,4.6730612242262275,3.4229592957512396,0.18844836903235637,35.580170432221806
L/R,33,Ketel Marte,606466,S,2022,407,811,204,25.154130702836003,113.1044231869113,9.523328766666365,115.88199910357018,10.835577066440788,113.42185480665944,5.6508423490942095,4.662576104062636,3.855316787554372,0.227544510001125,35.580170432221806
L/R,34,Robbie Grossman,543257,S,2022,330,655,136,20.763358778625953,112.89465581566552,9.837001046036969,115.85059122902362,11.304513933246113,130.49199820240614,5.639667373801406,4.587940515862193,4.022165323983228,0.24278074625238918,35.580170432221806
L/R,35,Cedric Mullins,656775,L,2022,471,843,239,28.35112692763938,112.43780161185916,8.735455004175636,114.51263881164552,9.714772233583814,104.56444835165088,5.163621623396242,4.425391011521121,3.456532517811282,0.1914519829715418,35.580170432221806
L/R,36,Adley Rutschman,668939,S,2022,355,808,181,22.400990099009903,112.32296844384169,9.928698685339528,115.16460601452044,11.444306512396416,117.8096549403237,5.395592665341335,4.384533174627784,4.071903761896504,0.24732810434994737,35.580170432221806
L/R,37,Kyle Tucker,663656,L,2022,384,748,191,25.534759358288774,111.7946273781671,9.68543526016358,114.29376647750824,11.076174257612642,114.90437176684767,5.085746473881219,4.196548522997351,3.9409216782284564,0.235356984990319,35.580170432221806
L/R,38,Anthony Rizzo,519203,L,2022,399,795,230,28.930817610062892,111.24247731163635,9.988033117561624,113.76882588466552,11.535440918139605,105.02509087673472,4.898971716279865,4.000092588284084,4.1043295387823235,0.2502930290835017,35.580170432221806
L/R,39,Dylan Carlson,666185,S,2022,346,682,164,24.04692082111437,110.16712467305786,9.428113457166729,112.03048271496432,10.69594360927719,115.4055933120034,4.28046625380329,3.6174802867304567,3.8056349655151607,0.22301722478007138,35.580170432221806
L/R,40,Kolten Wong,543939,L,2022,398,806,186,23.076923076923077,109.6713096010943,9.282318602983823,111.32497124487581,10.484468096556007,114.34679799199436,4.029444070326925,3.441068439097182,3.730391617666549,0.21617314885045963,35.580170432221806
L/R,41,Corey Dickerson,572816,L,2022,268,492,194,39.43089430894309,109.0913180376332,13.231400098053829,113.3336568104491,17.669192899048053,,4.744137818005342,3.2347064523252147,6.28672894747933,0.4392385113611453,35.580170432221806
L/R,42,Omar Narváez,553882,L,2022,258,516,145,28.100775193798448,108.9961712310604,11.310124330813418,111.51095760169815,13.725027952459179,,4.095618333064997,3.200853056385797,4.883388337355059,0.32093979070582646,35.580170432221806
L/R,43,Jake Cronenworth,630105,L,2022,470,880,193,21.931818181818183,108.91894908820036,7.6880374463466215,109.83193936501064,8.330485378142916,115.49949149837076,3.498220782863495,3.173377286344784,2.9640008953745665,0.14829270488479157,35.580170432221806
L/R,44,Vimael Machín,605353,L,2022,236,496,133,26.814516129032256,108.78065719468678,11.647065135509543,111.41477713051711,14.340315441466046,,4.061397157496266,3.1241727949387017,5.10230867459184,0.3403469126201295,35.580170432221806
L/R,45,Daulton Varsho,662139,L,2022,462,911,264,28.979143798024147,108.67267440688964,9.495212046506337,110.13355994911852,10.794216268187043,106.77983948109404,3.605537900747738,3.085752335003016,3.840600545043562,0.22620288649676198,35.580170432221806
L/R,46,Ian Happ,664023,S,2022,499,1017,258,25.368731563421832,107.78940201364591,7.777621486205097,108.52551957477496,8.444805946609348,109.60835065836676,3.0333943949373636,2.771482512106134,3.004676348474008,0.1517687698027504,35.580170432221806
L/R,47,Tony Kemp,643393,L,2022,473,840,251,29.88095238095238,107.75975069430909,7.898181451618901,108.51763150024678,8.599777679537214,116.81113752763554,3.030587804576414,2.7609325221506893,3.0598155551715105,0.15651033489420393,35.580170432221806
L/R,48,Taylor Walls,670764,S,2022,329,643,133,20.684292379471227,107.62557030746733,10.002457956791455,108.94948796138746,11.557678524855723,116.48540554442964,3.184243069472832,2.713190911825776,4.112241717151965,0.25101650362162325,35.580170432221806
L/R,49,Jonah Heim,641680,S,2022,319,642,182,28.34890965732087,107.5236900191562,10.585349536066039,109.02866421420586,12.484710124531547,109.06122974721148,3.2124141151674652,2.6769417316078394,4.442081140277176,0.2811248349720728,35.580170432221806
L/R,50,Gavin Lux,666158,L,2022,363,719,165,22.94853963838665,107.20788504613725,9.08123321286198,108.12950623189539,10.197253090855694,111.46128990924365,2.892492172606474,2.5645777839742636,3.6282000291314622,0.20690856300877258,35.580170432221806
L/R,51,Luis González,670768,L,2022,243,501,132,26.34730538922156,106.17978932741178,12.78891902327526,107.9227568826483,16.654722364273344,107.70845404763756,2.818930401776849,2.198779575045368,5.925778602221817,0.4103519314402036,35.580170432221806
L/R,52,César Hernández,514917,S,2022,422,793,193,24.337957124842372,105.86810632520991,8.541408374073862,106.3594157567808,9.449945165734059,114.4268274210035,2.2626909647561777,2.0878822316536736,3.3623065957196836,0.1830407471194607,35.580170432221806
L/R,53,Shohei Ohtani,660271,L,2022,427,888,246,27.7027027027027,103.56150249340031,9.533691329992372,103.52789737090356,10.850848012615119,103.53628987921768,1.2552318972413565,1.2671886570996596,3.8607502162298117,0.22803997273694138,35.580170432221806
L/R,54,Alfonso Rivas,663845,L,2022,255,536,122,22.761194029850746,103.29624634987165,10.986269709135339,103.13161819996999,13.15766519851613,,1.1142350928358018,1.1728100691502243,4.6815197025331745,0.30282332246362237,35.580170432221806
L/R,55,TJ Friedl,670770,L,2022,235,455,111,24.395604395604394,103.07184857575534,11.494681043542759,102.7726248109159,14.058727136806962,,0.9865046331699426,1.092968958673529,5.002119075876934,0.33149933127503933,35.580170432221806
L/R,56,Joey Votto,458015,L,2022,253,495,110,22.22222222222222,102.89159252513358,10.87706896526609,102.5607758290194,12.971276708906021,107.98817797070778,0.9111284043522433,1.0288335486479134,4.615202360263854,0.29683326641727514,35.580170432221806
L/R,57,Yadiel Hernández,628450,L,2022,272,563,171,30.373001776198933,102.54396644680719,10.92299932327958,102.06063517103313,13.049381401553138,102.96508113713624,0.7331775058398915,0.9051475975125342,4.642992143023261,0.29934542176236245,35.580170432221806
L/R,58,Cody Bellinger,641355,L,2022,391,843,267,31.672597864768683,102.33326281681066,10.382344393561185,101.83578435532237,12.155324116869668,100.43501236329529,0.6531752023917666,0.8301788868528915,4.324885037371188,0.2704454432966804,35.580170432221806
L/R,59,José Ramírez,608070,S,2022,495,1103,293,26.563916591115138,101.99621105417509,9.76335666439989,101.46842572532921,11.193148403055273,99.07102714777773,0.5224683757427243,0.7102552952623484,3.982541278538579,0.23915921344200464,35.580170432221806
L/R,60,Jack Suwinski,669261,L,2022,262,543,128,23.572744014732965,101.82350115468907,10.556006429764789,101.10491251292804,12.436646000998461,99.2038467288916,0.3931297552267388,0.6488048186719031,4.424979843207351,0.2795684116404443,35.580170432221806
L/R,61,Tucker Barnhart,571466,S,2022,237,438,110,25.11415525114155,99.65318627279316,9.744739012269964,98.39522895235905,11.165120266907497,,-0.5709802737976022,-0.12339691522253454,3.9725688199282256,0.238247982213182,35.580170432221806
L/R,62,Rafael Devers,646240,L,2022,442,905,330,36.46408839779006,99.46122230098389,11.198661086716216,97.52656444646786,13.527213635204266,102.35675650322524,-0.8800525854779059,-0.19169802356073662,4.813005666136425,0.31464512679802176,35.580170432221806
L/R,63,Nicky Lopez,670032,L,2022,357,630,179,28.41269841269841,98.49285637875855,8.93427556580659,97.19509920313382,9.990485582631214,95.62444483360736,-0.9979884839797363,-0.536244269096068,3.5546317973067336,0.2002661247198346,35.580170432221806
L/R,64,Jake McCarthy,664983,L,2022,252,448,137,30.580357142857146,97.84520965985297,9.789977369648234,95.99944224549752,11.23331251357282,95.60972424183343,-1.4234052672914492,-0.7666780754813664,3.9968317375133084,0.24046517136098955,35.580170432221806
L/R,65,Jace Peterson,607054,L,2022,293,615,141,22.926829268292686,97.8234413192031,10.244294144752304,95.73196003662167,11.935402442159194,102.12377008938832,-1.5185758930853475,-0.7744232881848582,4.246636530691805,0.26330122923790694,35.580170432221806
L/R,66,Matt Olson,621566,L,2022,485,1077,319,29.619312906220983,97.7052152663597,9.847747490046377,95.78556003686819,11.320831696977127,102.53793329332608,-1.4995049216459617,-0.816488319281825,4.02797121212945,0.24331148825451204,35.580170432221806
L/R,67,Joc Pederson,592626,L,2022,373,777,234,30.115830115830118,97.34101488053682,10.939642702940068,94.62299652931962,13.077787403934588,101.06714068239636,-1.9131469990145582,-0.9460714372724149,4.653099047083562,0.3002583422863824,35.580170432221806
L/R,68,Yordan Álvarez,670541,L,2022,362,782,196,25.063938618925828,96.76382665708147,10.691559630007667,93.98459613966068,12.660001101612968,105.77013476132883,-2.140290945695177,-1.151435990892545,4.504449968675052,0.2867945749154346,35.580170432221806
L/R,69,Víctor Reyes,622682,S,2022,243,492,209,42.47967479674797,96.44685475961005,13.244038434203873,90.76559314879593,17.699323689033243,93.36795841465702,-3.285617696063174,-1.2642151322351234,6.297449533908636,0.44007801362503773,35.580170432221806
L/R,70,Bryson Stott,681082,L,2022,360,686,202,29.44606413994169,96.25453049155426,9.577397027586585,94.03625086485421,10.915417968535653,109.04902371781291,-2.121912106435027,-1.3326444345918929,3.883724316594349,0.23013559152658142,35.580170432221806
L/R,71,Adam Frazier,624428,L,2022,447,807,233,28.872366790582404,95.6180750690579,8.375154637485306,93.89730608473332,9.226248551414686,103.45665615258116,-2.1713488960087175,-1.5590963586412203,3.282714959093741,0.1759845232243224,35.580170432221806
L/R,72,Tyler Naquin,571980,L,2022,270,563,217,38.54351687388988,95.29443413859363,12.873573030323898,89.32938267033157,16.842991247362963,98.20616434398018,-3.796623832066225,-1.6742483532888301,5.992764991695944,0.41580241651544436,35.580170432221806
L/R,73,Anthony Santander,623993,S,2022,468,1002,348,34.73053892215569,95.27341890601348,9.796015583944483,92.60911151203415,11.24243712201204,104.22125400222411,-2.6296907204737137,-1.6817256088575783,4.000078288747256,0.2407618886981703,35.580170432221806
L/R,74,Francisco Lindor,596019,S,2022,498,1074,319,29.702048417132215,95.16542569259111,9.811868233056598,92.45534779855828,11.266418243300382,101.27866472351346,-2.6844001117913385,-1.7201497782484871,4.008610812573206,0.24154175719776033,35.580170432221806
L/R,75,Alex Verdugo,657077,L,2022,472,878,222,25.28473804100228,95.05487450761902,7.888187559879424,93.46014675457104,8.586881468232935,97.52840380210414,-2.326890930740812,-1.7594840782763996,3.0552270612101484,0.15611450763628576,35.580170432221806
L/R,76,Josh Naylor,647304,L,2022,371,666,224,33.633633633633636,95.00094924834649,11.164137972031495,91.05425848502384,13.466495718178345,88.4256116684365,-3.1829100774545394,-1.778670777431585,4.791402127775707,0.31270814767755134,35.580170432221806
L/R,77,Jesús Sánchez,660821,L,2022,288,639,200,31.29890453834116,94.58185094083233,11.507121722555816,90.0579416388611,14.081506482219279,89.30069964904271,-3.537401309364182,-1.9277866695236825,5.010224005797981,0.3322172822124144,35.580170432221806
L/R,78,Joey Wendle,621563,L,2022,299,498,198,39.75903614457831,94.56383155001781,11.19439292433207,90.38544079221995,13.519693013878841,91.43073613159862,-3.420876552435017,-1.934197999486336,4.810329816251277,0.3144053301718621,35.580170432221806
L/R,79,Jeff McNeil,643446,L,2022,414,715,219,30.629370629370626,94.31156216096622,8.214871935478405,92.40302548201566,9.013264177378051,102.99646507740655,-2.7030164811912902,-2.0239558780592164,3.2069347558175054,0.16931303776856413,35.580170432221806
L/R,80,Franchy Cordero,614173,L,2022,231,488,144,29.508196721311474,94.14985176664987,11.25046584640156,89.7173295145183,13.618811377112648,,-3.65859168371816,-2.081492711963587,4.845596298819494,0.317562942962015,35.580170432221806
L/R,81,Riley Greene,682985,L,2022,299,647,181,27.97527047913447,93.37485070401931,10.607903339601043,89.32280699801143,12.521759694272761,99.04779799149946,-3.7989634674847954,-2.357239410899073,4.4552634403355045,0.2823240752875315,35.580170432221806
L/R,82,Wander Franco,677551,S,2022,273,503,151,30.019880715705767,93.11388923183901,10.964220789362033,88.55282560830393,13.119837842151108,96.49324216642732,-4.072924158239111,-2.4500899474632583,4.668060664668496,0.30160903823762314,35.580170432221806
L/R,83,Joey Gallo,608336,L,2022,326,743,194,26.11036339165545,93.01590909894819,10.6243963696165,88.80445751206692,12.548912002572418,92.340250372071,-3.9833930980183965,-2.484951445735529,4.464924277904805,0.28320266536093097,35.580170432221806
L/R,84,Rougned Odor,596059,L,2022,375,746,225,30.160857908847184,92.66002321979052,9.7559716189564,89.20442200951955,11.182024487683242,92.21380532124428,-3.8410850481563727,-2.611576248084039,3.9785833704904747,0.2387975481379751,35.580170432221806
L/R,85,Charlie Blackmon,453568,L,2022,402,715,214,29.93006993006993,92.15200701441447,9.35056305288997,88.9139040220269,10.58311052146731,99.99978185086162,-3.9444518432425153,-2.7923292797801436,3.765488760568467,0.21936348298006958,35.580170432221806
L/R,86,Keibert Ruiz,660688,S,2022,327,587,182,31.005110732538334,92.03732847334084,10.069702574540422,88.0663842845716,11.661771942431818,101.4816270955877,-4.246000810275829,-2.833132100143327,4.149278332534264,0.2544029207938186,35.580170432221806
L/R,87,Tommy Edman,669242,S,2022,467,871,256,29.39150401836969,91.65837446419533,7.9540799795054316,89.39097962558597,8.672077840170676,94.6872997431407,-3.774707530405645,-2.9679645824570366,3.085540075547666,0.15873354446580648,35.580170432221806
L/R,88,Brandon Crawford,543063,L,2022,341,676,171,25.295857988165682,91.65611301630103,9.193716382351495,88.42125744955723,10.357290965191325,93.7449377283964,-4.11973633335572,-2.9687692094720615,3.6851417775761846,0.21206598348065217,35.580170432221806
L/R,89,Oneil Cruz,665833,L,2022,249,546,152,27.83882783882784,91.35161522999346,12.780733382242545,82.79385466703337,16.636655891055234,73.77060496103886,-6.121975834285306,-3.0771100408026433,5.919350520259721,0.40982680204849437,35.580170432221806
L/R,90,Jared Walsh,665120,L,2022,335,611,184,30.11456628477905,90.85441703717544,11.76732149058203,84.02912539534226,14.56658917297267,94.97167408469714,-5.682464403853653,-3.2540140051932207,5.182817253905244,0.34741138332550037,35.580170432221806
L/R,91,Michael Harris,671739,L,2022,306,596,224,37.58389261744966,90.7708036030123,12.213594167755398,83.05247846576499,15.439997769123373,74.71807326503982,-6.029957045918307,-3.2837638075726976,5.49357752098534,0.3742620372301004,35.580170432221806
L/R,92,Alek Thomas,677950,L,2022,316,566,190,33.56890459363957,90.6689837605099,9.37489934054237,86.989704346682,10.618433572479018,88.54829265860691,-4.629085367186486,-3.3199914810688727,3.7780567623202934,0.22050682374338795,35.580170432221806
L/R,93,Yasmani Grandal,518735,S,2022,283,587,132,22.487223168654175,90.36085352725483,10.289937248794162,85.54431923674133,12.007759463874786,106.60511196733282,-5.143355852705337,-3.429624743214226,4.272381282337892,0.2656527154154873,35.580170432221806
L/R,94,Eduardo Escobar,500871,S,2022,368,780,256,32.82051282051282,90.00888319813217,9.805838990653937,85.66367865368723,11.25729313980258,97.29094060828707,-5.100887568729081,-3.554856386186924,4.005364085196572,0.24124500099829027,35.580170432221806
L/R,95,Harold Castro,605612,L,2022,371,739,290,39.242219215155615,89.85066280415165,10.675351135398463,84.31509359951151,12.633115236508557,91.6398929247588,-5.580716429428271,-3.6111514720237254,4.494883932048725,0.2859256680593179,35.580170432221806
L/R,96,Jeimer Candelario,600869,S,2022,344,696,232,33.33333333333333,89.44194189514627,11.38540812102376,82.58178156238924,13.860203754869984,88.97285280983394,-6.19743180635859,-3.7565750680399663,4.931484118235947,0.3252265654038412,35.580170432221806
L/R,97,Seth Brown,664913,L,2022,453,956,274,28.661087866108787,88.2534837555632,10.054233508568391,83.0131093568634,11.63776335148238,86.4202132751398,-6.043964641963143,-4.179430499619237,4.140736034956079,0.2536218941892432,35.580170432221806
L/R,98,Luis García,671277,L,2022,274,519,213,41.040462427745666,87.84045289953104,12.167992224969613,78.48175981890734,15.348176228340167,88.24719665964243,-7.656226530447606,-4.326387582133139,5.460907260281184,0.3714724874757001,35.580170432221806
L/R,99,Corey Seager,608369,L,2022,434,812,230,28.32512315270936,87.7503340983553,7.196747379798965,85.37189320006213,7.7154815215322206,84.32463933168016,-5.20470533042532,-4.358452005182948,2.745181475027744,0.12994552365216636,35.580170432221806
L/R,100,Raimel Tapia,606132,L,2022,366,701,287,40.94151212553495,87.69581097949514,11.061407600817557,80.61756773883764,13.287320321885439,83.6952934310367,-6.896302432431511,-4.377851423798353,4.727651216402082,0.3069796585290529,35.580170432221806
L/R,101,Mike Moustakas,519058,L,2022,219,485,188,38.76288659793815,87.26065405237634,13.559224714203104,73.20598170701966,18.4735642980609,,-9.533357374283094,-4.532681000114841,6.572925662156147,0.46127351926348503,35.580170432221806
L/R,102,Leody Taveras,665750,S,2022,241,464,150,32.327586206896555,87.16579613175317,11.434989958262756,79.10521436201577,13.949937878652836,88.87944432075398,-7.434400341442195,-4.566431609941028,4.963411672413747,0.3280653643688946,35.580170432221806
L/R,103,Willi Castro,650489,S,2022,269,509,188,36.93516699410609,85.64310828736308,10.6637291269743,78.44475861767782,12.613867383599441,84.98010235303161,-7.669391620907035,-5.108206540125748,4.488035513179119,0.2853034455904877,35.580170432221806
L/R,104,Nathaniel Lowe,663993,L,2022,434,875,271,30.97142857142857,85.46682252756675,8.782199987371827,81.09797093644603,9.779189775411131,94.35634487792342,-6.7253741559605995,-5.170929313909017,3.4794523889816893,0.19350645287515977,35.580170432221806
L/R,105,Cal Raleigh,663728,S,2022,315,644,199,30.900621118012424,83.99669173679474,10.414010658820493,76.64063125296896,12.20622768707893,89.57063651417127,-8.3113032120848,-5.6940043548422645,4.342996614407729,0.2720976823216046,35.580170432221806
L/R,106,David Peralta,444482,L,2022,410,806,267,33.126550868486355,83.8539491107224,9.800063673795156,77.56156989244684,11.248557363118268,88.13621396096815,-7.983631674582388,-5.744792424478234,4.002255880963715,0.2409609139296252,35.580170432221806
L/R,107,Kole Calhoun,594777,L,2022,339,758,248,32.71767810026385,83.56020404639675,11.5310949933445,73.49046652885215,14.12550629473206,82.11435646779806,-9.432137189821292,-5.849307419001541,5.025879214079887,0.33360296862059324,35.580170432221806
L/R,108,Bryce Harper,547180,L,2022,284,590,210,35.59322033898305,81.90964560997551,10.67195047654539,73.20215115000195,12.627480613576456,83.32928515408597,-9.534720292998497,-6.436578923763631,4.492879123606271,0.28574353245138484,35.580170432221806
L/R,109,Bryan Reynolds,668804,S,2022,438,883,272,30.804077010192525,81.90858972999929,8.777337151250299,76.69315916212702,9.772477005409156,88.74176132375288,-8.29261369248188,-6.436954607658732,3.4770639739742637,0.19329221734193494,35.580170432221806
L/R,110,Yoán Moncada,660162,S,2022,341,670,193,28.805970149253728,81.69496500809208,10.314028453552275,73.69266797646986,12.046091234320587,95.19631552545296,-9.36019357014249,-6.512962647798676,4.286019791592196,0.26689808468220044,35.580170432221806
L/R,111,Eric Hosmer,543333,L,2022,298,635,206,32.44094488188976,81.586880281522,10.516393741365833,73.10420226128693,12.372006351160678,87.00829459361512,-9.56957067453977,-6.551419377723514,4.401980945628275,0.2774741201424529,35.580170432221806
L/R,112,Kyle Isbel,664728,L,2022,223,465,136,29.24731182795699,80.9650560517889,11.065645755153419,70.8942344997454,13.294668309030229,,-10.355880970593402,-6.772665498451396,4.730265642751536,0.3072149407753359,35.580170432221806
L/R,113,Gavin Sheets,657757,L,2022,365,782,266,34.015345268542205,80.7131745025628,10.773123116654775,71.28013216934141,12.796046232733767,84.59641040836345,-10.21857792205717,-6.86228538295337,4.552855058192572,0.29118704753817876,35.580170432221806
L/R,114,Luis Rengifo,650859,S,2022,340,636,222,34.90566037735849,79.85230438337514,9.78848700709702,72.31309024175431,11.231061184419593,92.72015751429052,-9.851049679399264,-7.168584438560406,3.9960307107636,0.24039196322291254,35.580170432221806
L/R,115,Leury García,544725,S,2022,248,440,164,37.27272727272727,79.62856640065658,9.842820575880445,71.90662428926183,11.313348373492056,,-9.995670958045046,-7.248190794133283,4.025308632879467,0.2430680874279443,35.580170432221806
L/R,116,Nick Gordon,624503,L,2022,351,577,231,40.03466204506066,79.15600545208753,10.671709871133112,69.34751630708034,12.627082031060386,78.15817148212724,-10.90620593964981,-7.416328785030281,4.49273730726774,0.2857306480839842,35.580170432221806
L/R,117,Nolan Gorman,669357,L,2022,291,656,208,31.70731707317073,77.93631880640031,11.849669214977748,63.93683921567216,14.72367366438877,83.06487457058212,-12.831334070310024,-7.850295372304841,5.2387081836736815,0.35229076698980905,35.580170432221806
L/R,118,Abraham Toro,647351,S,2022,235,444,143,32.207207207207205,77.0652250614699,10.794801633510314,66.0713366043045,12.832418585279747,84.97327650091822,-12.071876261563311,-8.160232011375504,4.56579640321864,0.29236012511373466,35.580170432221806
L/R,119,Brandon Marsh,669016,L,2022,355,713,229,32.117812061711085,76.48568336409939,9.670432704966165,68.1505841292005,11.053752644789135,83.4843867888287,-11.332076448497563,-8.366433935025722,3.9329440301721994,0.23462842269618553,35.580170432221806
L/R,120,Jackie Bradley,598265,L,2022,291,533,157,29.45590994371482,73.51671654169618,9.364777890217743,65.00892585481802,10.603733298108018,82.86698127216162,-12.449883816920845,-9.422797390512905,3.772826379645087,0.22003094789812594,35.580170432221806
L/R,121,Eddie Rosario,592696,L,2022,237,490,209,42.6530612244898,71.87071959132892,13.441239186235679,45.50179965399893,18.178464178135414,,-19.390552565600874,-10.008445910762747,6.4679285365409696,0.45328090648427116,35.580170432221806
L/R,122,Andrés Giménez,665926,L,2022,422,803,320,39.8505603985056,63.35631140322052,9.930420088633777,50.10139279755745,11.446942911755782,68.8649803791258,-17.754009485933963,-13.037886855386764,4.072841797281841,0.2474138735599381,35.580170432221806
