matchup,rank,player,batter,bats,game_year,plate_appearances,opportunities,chases,chase_rate,xchase_plus,xchase_plus_posterior_sd,xchase_plus_raw,xchase_plus_se,overall_xchase_plus,runs_saved_per_600_pa,runs_saved_shrunk,standard_error_per_600_pa,shrinkage_factor,league_chase_cost_per_600_pa
R/R,1,Myles Straw,664702,R,2021,434,835,152,18.20359281437126,149.27609847724392,7.877837033142935,155.96173088742853,8.439941878111675,143.55827506930288,20.52818489319419,18.075725041295076,3.095985142243165,0.12876548308944494,36.68254102877602
R/R,2,Mookie Betts,605141,R,2021,403,839,155,18.474374255065555,140.21274148229804,9.609676945336005,148.78610352702566,10.688002088856457,143.99916813978672,17.895982442642335,14.751055393039616,3.9206307514012084,0.19160332995522494,36.68254102877602
R/R,3,Tommy Pham,502054,R,2021,408,832,134,16.105769230769234,138.9715296583772,7.882266672258968,144.14084891808332,8.445389662214344,132.95980483214746,16.191985014825953,14.295747356475829,3.097983527881785,0.12891033121956957,36.68254102877602
R/R,4,DJ LeMahieu,518934,R,2021,457,862,177,20.533642691415313,138.26187198381004,8.407408922320958,144.14328745113212,9.101248229632953,137.50880199265424,16.19287953071208,14.03542688883888,3.3385691159658593,0.14665937141086108,36.68254102877602
R/R,5,Alex Bregman,608324,R,2021,259,514,86,16.731517509727624,137.80216039612378,9.638101519544954,145.8629025861781,10.727150545679205,137.0833456815526,16.823678058162358,13.86679299707183,3.934991400137345,0.19273849773549476,36.68254102877602
R/R,6,Will Smith,669257,R,2021,363,744,151,20.29569892473118,136.95309711387952,10.591233990871128,146.9369328008105,12.091395665435707,134.899915553186,17.217659632306336,13.555335010202308,4.435431175925099,0.23274405822724864,36.68254102877602
R/R,7,Mark Canha,592192,R,2021,406,886,182,20.54176072234763,136.05913734536216,9.61346282093492,143.65542636937184,10.693211521267937,127.20703161708896,16.013919689231933,13.227407851335167,3.9225417035829158,0.19175432967437617,36.68254102877602
R/R,8,Andrew McCutchen,457705,R,2021,379,734,139,18.93732970027248,135.55891071016364,8.671930415061963,141.38601501367577,9.439589441131824,129.59392051523355,15.181441937567016,13.043912010641613,3.4626812696911906,0.1560332108163277,36.68254102877602
R/R,9,Yuli Gurriel,493329,R,2021,395,825,214,25.93939393939394,135.10307259901577,10.434414162565382,144.16791566971315,11.859607691514421,127.7573426738228,16.20191378709772,12.876699008494995,4.350405457291655,0.22590280220745962,36.68254102877602
R/R,10,Buster Posey,457763,R,2021,335,657,141,21.461187214611872,134.25678315347255,11.844200289839268,146.66276397739068,14.067080286287021,134.31285051376176,17.11708754116725,12.566258535411405,5.1601624975681,0.2910696759618769,36.68254102877602
R/R,11,Justin Turner,457759,R,2021,434,884,197,22.28506787330317,134.16250681690514,8.891370584908229,140.07284973015888,9.724635402700924,130.20401694658253,14.69973954366529,12.531675579569633,3.5672433714946448,0.16402985462337033,36.68254102877602
R/R,12,Ronald Acuña,660670,R,2021,275,554,118,21.299638989169676,131.60986824552802,12.658269120589901,145.34008372699816,15.492958734242464,132.8394169382827,16.6318948156375,11.595302888307863,5.68321094425983,0.3324559623849481,36.68254102877602
R/R,13,Wilmer Flores,527038,R,2021,287,572,134,23.426573426573427,129.9157461160723,10.234707766452066,137.10101294035508,11.568802853311213,115.40713098039838,13.609594293937255,10.9738558430927,4.243730853204097,0.21733835220502895,36.68254102877602
R/R,14,Marcus Semien,543760,R,2021,531,1035,219,21.15942028985507,127.61225832855439,7.411980069816423,130.64476234713447,7.87433900868008,119.34208909659662,11.241277521158509,10.128877990343588,2.8885076376039853,0.11398664271013005,36.68254102877602
R/R,15,Paul Goldschmidt,502671,R,2021,539,1097,292,26.618049225159524,126.42538850610433,8.711137002168847,130.6083946320438,9.490220470735913,125.91033402248082,11.227936919149144,9.693503980765186,3.4812540178990026,0.15744728088662105,36.68254102877602
R/R,16,Josh Donaldson,518626,R,2021,375,761,173,22.733245729303547,125.60576928641485,10.8453059352933,132.56759394742306,12.473654276321792,125.53295572454196,11.946621011848645,9.392846824222858,4.575653347699416,0.24404453781397614,36.68254102877602
R/R,17,Xander Bogaerts,593428,R,2021,390,806,256,31.76178660049628,124.44498042490218,11.388885214664358,131.95814893599538,13.32166575927672,117.7535317585028,11.72306109548385,8.96703997384101,4.88672550786309,0.2691211986003665,36.68254102877602
R/R,18,Jonathan India,663697,R,2021,469,988,217,21.963562753036435,122.58975769753052,8.185957891242964,125.58519431448923,8.822197703066337,117.49957033045604,9.385299401704582,8.28649713569772,3.236206292067045,0.13903511142564534,36.68254102877602
R/R,19,Luis Torrens,620443,R,2021,228,454,109,24.008810572687224,122.48622591803216,11.341008699737966,129.20042403954972,13.245220783392591,101.35904901759758,10.711457528884402,8.248519048205415,4.858683548219957,0.26686329490290356,36.68254102877602
R/R,20,Chris Taylor,621035,R,2021,409,818,172,21.026894865525673,122.0920458055593,9.086163620627287,125.82330840042879,9.981154303740864,120.33228879945813,9.472645698974654,8.103923766720282,3.661341022615186,0.17129574809612294,36.68254102877602
R/R,21,Lourdes Gurriel,666971,R,2021,385,746,255,34.18230563002681,122.00828119876684,12.5863420706673,130.80557893378844,15.3616368571771,115.78181362737048,11.300269131538927,8.073196780466043,5.63503874282557,0.32868852180760133,36.68254102877602
R/R,22,Tyler Stephenson,663886,R,2021,260,537,108,20.11173184357542,121.03523758931055,10.51068450741127,126.08910751299013,11.971953841001476,116.33931600402047,9.57014756749409,7.716259659199357,4.391616879671493,0.22921734474755173,36.68254102877602
R/R,23,Carlos Correa,621043,R,2021,419,916,224,24.45414847161572,120.98678299414556,9.89666969388639,125.30886472415473,11.087139299890907,110.99807150524352,9.283934686355481,7.698485282447634,4.067044422600032,0.20321868094784645,36.68254102877602
R/R,24,Aaron Judge,592450,R,2021,439,1020,248,24.313725490196077,120.66753957167835,10.490103706695445,125.586994294837,11.94156700495765,111.49594552122096,9.38595968023416,7.58137868301943,4.38047021607237,0.22832057006413967,36.68254102877602
R/R,25,Jacob Stallings,607732,R,2021,276,586,131,22.35494880546075,120.607874895218,10.583085602876046,125.62338196953588,12.07927547767538,111.96559336084734,9.399307603935,7.5594921635971755,4.430985183077152,0.23238607173431022,36.68254102877602
R/R,26,Yandy Díaz,650490,R,2021,323,587,105,17.88756388415673,120.15488566808676,8.97236152094441,123.38619126677943,9.830883229574232,116.89856322517852,8.5786492065044,7.393324204498825,3.6062177741796293,0.1670317399096503,36.68254102877602
R/R,27,Trea Turner,607208,R,2021,478,970,269,27.7319587628866,119.92066037588431,9.809896695913977,123.8824749785885,10.965541332267907,119.60851929480688,8.760698682707895,7.3074044155868885,4.022439198236568,0.1996707019542346,36.68254102877602
R/R,28,Carson Kelly,608348,R,2021,224,433,91,21.016166281755197,119.61768471145845,11.790388893065328,125.93172164311572,13.977180704955343,117.5590345231261,9.512414431203915,7.196265243176665,5.127185046761409,0.2884308679161728,36.68254102877602
R/R,29,Dylan Moore,664238,R,2021,219,465,91,19.56989247311828,119.54254646536259,11.070653187404663,124.82876887497068,12.820020518258978,129.05073131837997,9.107823329501091,7.168702625224254,4.702709286507854,0.25429157294262433,36.68254102877602
R/R,30,Donovan Solano,456781,R,2021,220,439,120,27.33485193621868,118.48026590253076,12.33749445214426,125.14560268030183,14.915634551719211,107.33209056898808,9.224046020134725,6.779031121922752,5.471433764136692,0.3158198460152499,36.68254102877602
R/R,31,Vladimir Guerrero,665489,R,2021,518,984,245,24.898373983739837,118.08120931351414,8.501657727068789,120.55827911464107,9.22115790956254,115.6867488001531,7.541299171038504,6.632647024928692,3.3825550335035044,0.14996596610015736,36.68254102877602
R/R,32,Luis Urías,649966,R,2021,431,877,226,25.769669327251993,116.93894641093854,9.439065289103938,119.86404787003121,10.454732979930853,113.48460051114417,7.286637509899913,6.213635967034916,3.835061714812113,0.18486021628641075,36.68254102877602
R/R,33,Gary Sánchez,596142,R,2021,306,669,182,27.204783258594915,116.8345409189097,12.567538133931132,123.0708443027056,15.327487172052734,114.2810378234078,8.462971927025016,6.175337379585136,5.622511770568626,0.32770713719038613,36.68254102877602
R/R,34,Max Stassi,545358,R,2021,239,430,100,23.25581395348837,116.81155910812555,10.618064008016926,120.7111919376359,12.131363620933005,,7.597391480071841,6.166907067415089,4.450092437598758,0.23392473962576774,36.68254102877602
R/R,35,Jorge Soler,624585,R,2021,431,898,212,23.608017817371937,116.69026395055852,10.079358058075501,120.06883767941068,11.345842392709141,106.61203231268532,7.361759615748284,6.122412921474644,4.161943290765794,0.2107905918750889,36.68254102877602
R/R,36,Rhys Hoskins,656555,R,2021,295,612,162,26.47058823529412,115.50281653506383,13.167133941009023,121.9424854016884,16.455354393774712,113.09169727844012,8.049061210207535,5.68682703609066,6.036242126926907,0.35972281512573007,36.68254102877602
R/R,37,Alec Bohm,664761,R,2021,280,567,151,26.63139329805996,115.29401706171333,11.341182365988544,119.39040722801569,13.245497440361337,116.97783481056648,7.112894087063605,5.6102340836109965,4.858785033026025,0.2668714679859006,36.68254102877602
R/R,38,Matt Chapman,656305,R,2021,414,867,197,22.722029988465977,114.8346500112483,9.505242079724695,117.32492278858614,10.544868771967309,117.98695867320956,6.355221910126875,5.441726576851483,3.8681258137074983,0.1874613933117185,36.68254102877602
R/R,39,José Altuve,514888,R,2021,470,932,285,30.5793991416309,114.75327749206352,9.81343196353758,117.42831180731412,10.970479636080173,109.22700730102916,6.393147629341014,5.411877069115379,4.024250693558628,0.19981464160686618,36.68254102877602
R/R,40,Gleyber Torres,650402,R,2021,359,692,155,22.398843930635838,114.5762398059805,9.487551014778093,116.9957792173849,10.52073036940785,114.3213267820826,6.234483684577402,5.346935147281583,3.8592712342849342,0.18676424000659522,36.68254102877602
R/R,41,Austin Riley,663586,R,2021,507,1027,323,31.450827653359298,112.90803200783668,10.61781820076318,115.61554055227802,12.13099702897495,100.59528222511068,5.728177069954545,4.7349941372822295,4.449957962353336,0.23391390907657852,36.68254102877602
R/R,42,Alcides Escobar,444876,R,2021,245,474,166,35.0210970464135,112.68979984129244,11.790345758624719,116.19561841772938,13.97710884324423,106.98164029685556,5.940964370947588,4.654941033251654,5.127158686059746,0.28842875750548197,36.68254102877602
R/R,43,Manny Machado,592518,R,2021,472,852,263,30.868544600938968,112.12124152781176,10.269959838919723,114.38495069968488,11.619788498977604,107.9270733838765,5.276765442381111,4.446379396636589,4.262433683594457,0.2188381159967879,36.68254102877602
R/R,44,Whit Merrifield,593160,R,2021,524,927,273,29.449838187702266,111.96145848939076,8.113539661235455,113.21446144903796,8.731740525478575,110.6455919287836,4.847400242775138,4.3877669180107794,3.203024300784941,0.1365860053276197,36.68254102877602
R/R,45,Martín Maldonado,455117,R,2021,299,627,147,23.444976076555022,110.61320185806223,9.686289481067265,112.20195113143208,10.793708042611891,104.896469297671,4.475985730098775,3.893192126050495,3.959406381257404,0.19467059883557017,36.68254102877602
R/R,46,George Springer,543807,R,2021,250,475,115,24.210526315789473,110.1259333870663,11.754797663869683,112.57169254874348,13.917994304873142,101.57864908633532,4.611616277204408,3.714449669257122,5.1054739712678,0.2866921441124379,36.68254102877602
R/R,47,Chas McCormick,676801,R,2021,230,443,127,28.66817155756208,109.40379111398138,12.500668927005295,111.97694060655971,15.206648533471068,110.62321868418192,4.393446151993398,3.449549533646614,5.578185087392292,0.32422909438729175,36.68254102877602
R/R,48,Garrett Hampson,641658,R,2021,333,579,149,25.734024179620036,108.738402355466,9.980373754919523,109.96219576524304,11.205212094997723,106.85403180771397,3.654386548952264,3.205468029303344,4.110356524108913,0.2066707843251115,36.68254102877602
R/R,49,Enrique Hernández,571771,R,2021,352,685,178,25.985401459854014,108.65988322505754,10.106646901480852,109.9021043833001,11.384806843419037,102.41958356616232,3.6323435031162856,3.1766652170758234,4.176236441384089,0.21193352542552052,36.68254102877602
R/R,50,Eugenio Suárez,553993,R,2021,421,882,208,23.582766439909296,107.89098685073084,10.53454685959532,109.04274725388814,12.007252302383023,104.15077598361488,3.3171094715360345,2.8946144890946615,4.404565252250306,0.2302593080714738,36.68254102877602
R/R,51,Wil Myers,571976,R,2021,361,715,199,27.83216783216783,107.81582999129641,9.771868965237791,108.74857424018,10.91250558626002,113.56401117422834,3.209199335086962,2.8670450432966854,4.002984338947307,0.19812566904230555,36.68254102877602
R/R,52,Josh Harrison,543281,R,2021,395,677,248,36.63220088626292,107.33434929175854,9.99404747189082,108.19533951187192,11.224573599701877,97.51293737283326,3.0062587788899098,2.690425688143072,4.1174588160158025,0.20723747526220138,36.68254102877602
R/R,53,C. J. Cron,543068,R,2021,395,836,266,31.818181818181817,107.11591964713851,10.070168356371063,107.93537790545388,11.332739883280444,94.55830101177602,2.910898255956547,2.6103001441363185,4.157136957368813,0.2104063968522899,36.68254102877602
R/R,54,Christian Vázquez,543877,R,2021,339,655,190,29.00763358778626,105.53263326033608,10.779886186085932,106.00662898313571,12.374411070181328,93.70684171329432,2.203384141185111,2.029510465694494,4.539248417888667,0.2411092254353884,36.68254102877602
R/R,55,Nolan Arenado,571448,R,2021,523,1039,290,27.911453320500478,105.39534772801491,9.11147294770789,105.6772379813985,10.01473246213398,107.79627812693865,2.0825551518277634,1.9791506439742075,3.673658344344448,0.17225135892477622,36.68254102877602
R/R,56,Dansby Swanson,621020,R,2021,505,995,242,24.321608040201003,104.87170875061346,8.15264295386705,105.00463662397433,8.780536333800937,106.20065208245197,1.8358278829305346,1.7870665612462546,3.2209238431931144,0.13790573338041956,36.68254102877602
R/R,57,Willy Adames,642715,R,2021,388,782,225,28.77237851662404,104.54781428092153,10.12721222547224,104.68488866827117,11.414227216989318,100.15520457538042,1.7185362078910487,1.6682538395115734,4.187028581989826,0.21279690099320275,36.68254102877602
R/R,58,Giancarlo Stanton,519317,R,2021,403,912,261,28.618421052631575,104.36139843748292,12.552211022935694,104.51713988955761,15.299706954005336,95.69864250470292,1.657001693314179,1.5998717712580688,5.612321280685506,0.3269082948462129,36.68254102877602
R/R,59,Ke'Bryan Hayes,663647,R,2021,275,565,140,24.778761061946902,103.72647613541363,10.557146986890578,103.63194454950467,12.040749835606842,91.60681566772595,1.3322895495144462,1.3669661373006519,4.4168529986187615,0.23124833432669067,36.68254102877602
R/R,60,Starlin Castro,516770,R,2021,257,464,124,26.72413793103448,102.66870952621723,9.327925731634542,102.36644623222953,10.30431766764607,96.70528312954818,0.868072610061522,0.9789504668934867,3.779885556169686,0.1805325996059227,36.68254102877602
R/R,61,Tyler O'Neill,641933,R,2021,437,866,249,28.752886836027713,102.63742330875115,11.821569253330782,102.06435630525174,14.029210857696444,101.96680183148274,0.7572583486540914,0.9674738873351462,5.146271028887999,0.28995842908615105,36.68254102877602
R/R,62,Ty France,664034,R,2021,430,827,248,29.987908101571946,102.60488507768,9.071740507717418,102.30922626203272,9.962044946367465,89.33495666441243,0.8470828710174243,0.9555380373724276,3.6543312247563535,0.17075235990167897,36.68254102877602
R/R,63,Franmil Reyes,614177,R,2021,320,738,177,23.983739837398375,101.7643894965164,11.486027265946289,100.90643185571676,13.477871498760381,96.13591587232008,0.332502237371195,0.6472229009670414,4.944025742338487,0.2737317427781157,36.68254102877602
R/R,64,Willson Contreras,575929,R,2021,348,770,215,27.92207792207792,101.58023955114948,11.909251539449981,100.55425336881355,14.176431863641978,92.569371171018,0.2033142194184011,0.5796720217033503,5.200275434796946,0.29427570794190167,36.68254102877602
R/R,65,Elvis Andrus,462101,R,2021,358,659,217,32.92867981790592,101.14299726466531,9.350945823986406,100.50075824078911,10.335375002589501,87.17869523234306,0.18369084713244208,0.4192804405686428,3.7912781758027547,0.1814247604815318,36.68254102877602
R/R,66,Christian Walker,572233,R,2021,303,593,172,29.00505902192243,100.7784274804226,10.503106068343401,99.8100882970513,11.960758373272316,95.69304969492607,-0.06966443835260842,0.2855469798852863,4.387510097628381,0.228886922227165,36.68254102877602
R/R,67,Yan Gomes,543228,R,2021,245,433,143,33.02540415704388,100.7425149997269,12.66601359971276,99.0968948439044,15.507164705172512,95.2776443627794,-0.3312819194177647,0.27237336941963536,5.68842205537478,0.3328628878264732,36.68254102877602
R/R,68,Sean Murphy,669221,R,2021,305,544,143,26.286764705882355,100.13347854792218,11.092560536679835,98.7939905953666,12.854075167844984,99.84768429331277,-0.44239489466554843,0.04896332310616813,4.715201397314447,0.2552989870854786,36.68254102877602
R/R,69,Ramón Laureano,657656,R,2021,248,497,153,30.784708249496983,99.60382061535931,14.01223918317731,96.55377965477324,18.202024069542624,98.98022545270295,-1.2641611920798335,-0.14532866531837163,6.67696494737766,0.4073808036199154,36.68254102877602
R/R,70,J. D. Martinez,502110,R,2021,406,797,272,34.12797992471769,99.45620933387086,10.042676082351553,98.24297585331523,11.293598870527862,89.89295306845852,-0.6445211034931408,-0.1994762342134751,4.1427790393067685,0.2092591162911469,36.68254102877602
R/R,71,Andrelton Simmons,592743,R,2021,289,522,157,30.07662835249042,99.2844822429507,9.93736633145698,98.05882943518355,11.144449858838986,97.32711959717152,-0.7120706888773152,-0.2624700947977849,4.088067391899982,0.20489345067831938,36.68254102877602
R/R,72,Jesús Aguilar,542583,R,2021,376,781,218,27.91293213828425,99.22910738179682,11.598844612729934,97.36593494652993,13.661169655097083,93.2028989767746,-0.9662419939638082,-0.2827830009601846,5.0112641637416875,0.2791354128791841,36.68254102877602
R/R,73,David Fletcher,664058,R,2021,453,715,210,29.37062937062937,99.18745345928657,7.981959383261714,98.44816141130323,8.56835867231366,98.95416455982388,-0.5692538269990683,-0.2980627181751035,3.143091685464147,0.13219179619002325,36.68254102877602
R/R,74,Isiah Kiner-Falefa,643396,R,2021,461,850,268,31.529411764705884,98.99971223436864,9.048026902531854,97.96823226167456,9.930667250178026,97.6583022337344,-0.745304034220666,-0.3669309700335472,3.642821088477778,0.16986083047960562,36.68254102877602
R/R,75,Jean Segura,516416,R,2021,386,689,207,30.043541364296082,98.96253678004736,8.90673831001549,97.9619921342299,9.744751538299955,100.9856603261782,-0.7475930715307985,-0.3805678713175861,3.5746224811891634,0.16459735861387226,36.68254102877602
R/R,76,Kris Bryant,592178,R,2021,429,866,251,28.983833718244806,98.81319414251182,9.546420020309077,97.59423071310925,10.601174327840544,101.36625293409368,-0.882497305721392,-0.43535054560501996,3.888780122342178,0.18908912556697716,36.68254102877602
R/R,77,Starling Marte,516782,R,2021,360,690,207,30.0,98.65581227522426,9.612110924048993,97.3786974265987,10.691351119450829,91.71658350451987,-0.9615603919762942,-0.49308221364463267,3.9218592609230547,0.19170040241451716,36.68254102877602
R/R,78,Kevin Newman,621028,R,2021,377,619,161,26.009693053311793,98.4178298894896,8.034122950500361,97.54833382669345,8.632980936537617,98.8009168150348,-0.8993334499117994,-0.5803801999330077,3.1667967740518237,0.13392523714289115,36.68254102877602
R/R,79,Bobby Dalbec,666915,R,2021,261,519,154,29.672447013487474,98.15756263062106,13.218414843524833,94.81179291760034,16.55577752456133,90.10684850239818,-1.9031661916591198,-0.6758528439519309,6.073079883080088,0.36253023434011333,36.68254102877602
R/R,80,Patrick Wisdom,621550,R,2021,257,577,161,27.902946273830153,98.12049374103523,11.943442398131081,95.63168655037141,14.234206720764526,88.65008300333326,-1.6024083734255468,-0.6894506545831626,5.221468720465241,0.2959678348056393,36.68254102877602
R/R,81,Pete Alonso,624413,R,2021,437,798,271,33.959899749373434,97.71862476155545,10.360269639260993,95.90727237265774,11.751079963116718,92.65014277329492,-1.501316491095876,-0.8368664078627586,4.310594728794569,0.22270378279872383,36.68254102877602
R/R,82,Austin Hays,669720,R,2021,313,576,158,27.430555555555557,97.61078295891275,9.48675434391263,96.13441316769966,10.519644089686793,88.85057880578889,-1.4179954757615347,-0.8764255213633373,3.85887275928057,0.1867328760894895,36.68254102877602
R/R,83,Paul DeJong,657557,R,2021,308,622,172,27.652733118971064,96.90782364583133,9.981583282072888,95.04905639750102,11.206923906808948,92.76798973117116,-1.8161319182982487,-1.134288859800035,4.1109844601789005,0.2067208804595506,36.68254102877602
R/R,84,Philip Gosselin,594838,R,2021,216,445,151,33.93258426966292,96.73259386798078,12.693627569423393,93.06234459110125,15.55792405365197,98.41623832961112,-2.5449082918043846,-1.1985675949546943,5.7070418742066975,0.33431586042797873,36.68254102877602
R/R,85,Nick Ahmed,605113,R,2021,316,621,191,30.75684380032206,96.42872383368082,10.14453296674169,94.36208687706423,11.43904355892263,89.28715250681208,-2.06812979448766,-1.3100348449609336,4.196131846801355,0.21352542369536623,36.68254102877602
R/R,86,Justin Upton,457708,R,2021,252,515,126,24.466019417475728,96.27727572916598,11.278917817312053,93.49328553777347,13.146602629258561,100.54139411663772,-2.386828202231548,-1.365589858036894,4.822507903367919,0.2639491945839221,36.68254102877602
R/R,87,Guillermo Heredia,628338,R,2021,244,484,134,27.685950413223143,96.03932406273829,11.115672975468856,93.28088730317043,12.890078177848446,101.4685452576226,-2.4647412717842063,-1.452876575702887,4.728408216230561,0.25636397643821063,36.68254102877602
R/R,88,Adam Duvall,594807,R,2021,414,804,274,34.07960199004975,95.63900933055953,11.948262886961043,92.10295991881566,14.242369027161846,94.06462276596083,-2.896834967839337,-1.5997221915785966,5.224462861858333,0.29620679397855504,36.68254102877602
R/R,89,Nick Castellanos,592206,R,2021,424,863,305,35.34183082271147,95.04178167958698,10.361120697234803,92.46293975499734,11.752321886049971,81.24254792968961,-2.7647852167366667,-1.818800469681797,4.311050297684105,0.22274037289174273,36.68254102877602
R/R,90,Hunter Renfroe,592669,R,2021,364,735,238,32.38095238095238,94.4362181141254,11.444937569789401,90.85176234415414,13.4116176495414,93.67175640009484,-3.355806031515598,-2.0409365730375617,4.91972214691559,0.2717767699082529,36.68254102877602
R/R,91,Víctor Robles,645302,R,2021,255,458,121,26.419213973799128,94.40346499613891,10.537491021130979,91.51849020554444,12.011612432370312,88.59316004280223,-3.111233310210818,-2.052951248981155,4.406164658721801,0.23038803032951308,36.68254102877602
R/R,92,J. T. Realmuto,592663,R,2021,380,750,237,31.6,94.11123223531632,9.222270378913096,91.98354849229611,10.162419031597228,89.10135401386282,-2.940638113365412,-2.1601496513694274,3.7278335307817962,0.1764660555080523,36.68254102877602
R/R,93,Miguel Rojas,500743,R,2021,376,728,192,26.373626373626376,93.38774791044432,8.754951309536365,91.37315928331645,9.546953264071814,93.47188654890908,-3.1645443853845965,-2.4255420856773644,3.5020650480912145,0.1590350855713692,36.68254102877602
R/R,94,Nick Solak,669256,R,2021,353,738,225,30.48780487804878,92.77837170231507,9.911972820712027,89.89474566452256,11.108668535177626,94.73559505967016,-3.7068640676736773,-2.649076763243971,4.074941893167265,0.20384763709858053,36.68254102877602
R/R,95,Randy Arozarena,668227,R,2021,368,780,201,25.769230769230766,92.54087258565856,11.178608658102076,88.5155873848101,12.98850932762467,101.87850969511602,-4.212774369480965,-2.736197474154478,4.76451526313232,0.2592752023419414,36.68254102877602
R/R,96,Nelson Cruz,443558,R,2021,387,784,239,30.484693877551024,91.78425667642368,11.39220788785631,87.26762300778141,13.326984264307594,89.66368161015342,-4.670559414109025,-3.0137434154898077,4.888676470653158,0.2692782521162231,36.68254102877602
R/R,97,Brendan Rodgers,663898,R,2021,307,554,170,30.685920577617328,91.64643831009116,9.967204230162784,88.42831805484809,11.186584097823271,89.98717283775855,-4.244786977249814,-3.0642986942649255,4.103523301402555,0.2061257225185214,36.68254102877602
R/R,98,Ryan Mountcastle,663624,R,2021,378,788,291,36.92893401015229,91.37349500700894,11.8927570526361,86.1121542971518,14.148634068241979,85.92980107658707,-5.094414697960399,-3.1644212334033552,5.190078497094246,0.29346112015885184,36.68254102877602
R/R,99,Kyle Farmer,571657,R,2021,403,740,279,37.7027027027027,90.88286502305986,9.956896402766692,87.47537816375163,11.17201727891785,89.33463295554205,-4.594349543780847,-3.3443967785649544,4.098179822080986,0.2056996030850108,36.68254102877602
R/R,100,Pedro Severino,600474,R,2021,257,516,145,28.100775193798448,90.40937744780334,10.644853339127897,86.21948407296117,12.171363379307982,94.51204365136654,-5.055043408913033,-3.518084052624585,4.46476536537607,0.23510661095618784,36.68254102877602
R/R,101,Trevor Story,596115,R,2021,432,899,270,30.03337041156841,90.14364577851867,9.500387173161167,86.94146725043346,10.53824144915746,86.51484845342807,-4.790201633615901,-3.6155611812363873,3.8656947432986666,0.18726994629385968,36.68254102877602
R/R,102,Edmundo Sosa,624641,R,2021,245,453,152,33.554083885209714,90.13444548078365,11.318195717792825,85.10023667480417,13.2089189749913,,-5.465611794955485,-3.618936084227805,4.845367122458965,0.2657907581311742,36.68254102877602
R/R,103,Bo Bichette,666182,R,2021,524,1026,402,39.1812865497076,89.75240562171865,9.422761942146167,86.52575899353572,10.432593179508249,84.49017296032989,-4.942693985512424,-3.7590780122756007,3.826940273438402,0.18422217907207508,36.68254102877602
R/R,104,AJ Pollock,572041,R,2021,282,489,159,32.515337423312886,89.05623744171652,10.223247998057532,84.9070648520772,11.552259926759108,83.99989023063164,-5.536472128083341,-4.014450190534167,4.23766248738426,0.21685191862008982,36.68254102877602
R/R,105,Maikel Franco,596748,R,2021,271,472,160,33.89830508474576,88.8788879237626,12.211098519785194,82.08670994031334,14.693855580161589,86.61407465626735,-6.571049975748212,-4.0795065002219495,5.39007960190187,0.3093819318861704,36.68254102877602
R/R,106,Gio Urshela,570482,R,2021,304,611,207,33.878887070376436,88.7829739396542,11.5557182224674,82.93547739059926,13.590858044284307,76.18817858574614,-6.25970050755819,-4.114690186794845,4.985472078257297,0.27706353014579355,36.68254102877602
R/R,107,Mitch Haniger,571745,R,2021,464,946,280,29.59830866807611,88.42453834085732,9.283005093991994,85.02446831402311,10.243858935246687,86.2672398215869,-5.4934055549858245,-4.246173472385248,3.7577077568518042,0.1787979990390786,36.68254102877602
R/R,108,Andrew Vaughn,683734,R,2021,327,651,207,31.797235023041477,88.16263954234226,11.328144965062364,82.40083942939141,13.224741211789842,89.36281711721209,-6.4558192970336705,-4.3422446066044085,4.85117112096426,0.26625824965135986,36.68254102877602
R/R,109,Amed Rosario,642708,R,2021,399,727,246,33.83768913342504,88.09149982577281,9.787158537634534,84.13538950653476,10.933810900056677,82.73103943886846,-5.81954225332089,-4.368340462322749,4.0107996694220756,0.19874614945138314,36.68254102877602
R/R,110,Miguel Cabrera,408234,R,2021,374,732,229,31.284153005464482,86.36137110247586,9.900034567443372,81.84840911511904,11.09187099264184,89.65793059136583,-6.658464773722029,-5.0029956410967955,4.068780127734749,0.20335689338375493,36.68254102877602
R/R,111,Trey Mancini,641820,R,2021,394,830,247,29.759036144578317,86.32536579528889,10.105002043212352,81.56316639456911,11.382455826827789,85.07804317087461,-6.763099051719352,-5.016203302678193,4.1753740287584105,0.21186454661431514,36.68254102877602
R/R,112,Michael Taylor,572191,R,2021,374,739,225,30.446549391069013,86.21427990398104,9.414648465674638,82.19713085089074,10.421584821899378,83.06852230724088,-6.530544779921313,-5.056952430334377,3.822902128141934,0.18390506635588316,36.68254102877602
R/R,113,Harold Ramírez,623912,R,2021,233,430,180,41.86046511627907,85.01078726187797,12.596649086382858,75.67055758164206,15.38038715602675,83.00955404025564,-8.924657697186587,-5.498424112552135,5.64191682889411,0.3292270714326884,36.68254102877602
R/R,114,Eric Haase,606992,R,2021,253,562,168,29.8932384341637,84.79053768217986,11.802027179515324,76.9658938415874,13.996581709863632,86.74990464019557,-8.449495442171527,-5.579217254990603,5.134301828346887,0.2890005688582334,36.68254102877602
R/R,115,Manuel Margot,622534,R,2021,254,457,149,32.60393873085339,84.7187417403339,11.562705767712647,77.30124158933296,13.602229746055844,89.59488816775682,-8.326481367015688,-5.605553830815245,4.989643507425312,0.2773987026113455,36.68254102877602
R/R,116,José Abreu,547989,R,2021,498,1038,354,34.104046242774565,84.68053417780412,10.202476124357117,79.34749634195349,11.522313585380811,87.63051921083917,-7.575863127832382,-5.619569335616324,4.2266774084215495,0.21597160258670503,36.68254102877602
R/R,117,Miguel Sanó,593934,R,2021,356,766,207,27.023498694516974,83.08152897079684,11.184897603903117,75.73404709237353,12.99837713938735,87.1338158437703,-8.901368131363547,-6.206125076729034,4.768135027230808,0.25956701439360036,36.68254102877602
R/R,118,Jonathan Schoop,570731,R,2021,476,899,327,36.373748609566185,82.42199956839849,9.409457426242907,77.55684863026283,10.414544988420454,79.51867541202105,-8.232718209354141,-6.448057220360648,3.82031973833767,0.18370231948427804,36.68254102877602
R/R,119,Harrison Bader,664056,R,2021,323,652,198,30.368098159509206,82.01073136634207,10.2802887298333,75.82324151087553,11.634755189496564,78.03326280708673,-8.868649352201173,-6.598920847318308,4.267923845984725,0.21927852505895207,36.68254102877602
R/R,120,Yadier Molina,425877,R,2021,392,692,296,42.77456647398844,81.07708544264493,12.036945863718655,71.20643334258635,14.393279215827224,89.07118333299886,-10.562211902753736,-6.941405896342005,5.2798205537321135,0.3006201528314695,36.68254102877602
R/R,121,Randal Grichuk,545341,R,2021,397,763,254,33.28964613368283,79.59815521460499,10.168889043196138,72.92145253940753,11.473998254622382,78.00138598437971,-9.933099282228424,-7.48391508402973,4.2089541173929,0.21455196374190058,36.68254102877602
R/R,122,Fernando Tatís,665487,R,2021,410,923,287,31.094257854821233,78.24256211752906,10.489443146691954,70.61077674489971,11.940592588183401,85.41704413826604,-10.780713878590749,-7.981181078047859,4.380112775239365,0.22829181635640938,36.68254102877602
R/R,123,Jose Iglesias,578428,R,2021,349,652,270,41.41104294478527,76.87967764499403,10.822961895208689,68.15897588268865,12.439692947945781,80.43382290054532,-11.680096735815205,-8.481121733860338,4.5631954694839685,0.24303998824065204,36.68254102877602
R/R,124,Tim Anderson,641313,R,2021,408,749,279,37.24966622162884,76.74305381252525,9.433786802590214,70.56088141398597,10.447561996980438,71.56445414000002,-10.799016753824626,-8.531238827260786,3.832431216049161,0.1846535201164639,36.68254102877602
R/R,125,Teoscar Hernández,606192,R,2021,453,922,281,30.47722342733189,75.48810658014588,9.588808518120823,68.75694588441505,10.659312914857404,76.96643580275777,-11.460746144592148,-8.99158536066784,3.9101068333781885,0.19077205984509005,36.68254102877602
R/R,126,Hunter Dozier,641531,R,2021,383,735,232,31.564625850340132,71.8218437520642,9.824542809934254,63.75365750508036,10.98600870933182,77.83338734649996,-13.296079457129574,-10.336463726801666,4.029947152225552,0.20026736122870936,36.68254102877602
R/R,127,Kevin Pillar,607680,R,2021,220,428,157,36.68224299065421,70.78805673386296,12.056013039858062,56.42990082929266,14.425912499608991,69.55293328316334,-15.982619504573119,-10.715683073903495,5.291791271444397,0.30157330446176467,36.68254102877602
R/R,128,Adolis García,666969,R,2021,409,895,322,35.977653631284916,69.87448893287134,11.13209115885127,58.04901280562937,12.915700382931401,66.92101230857136,-15.388688089551582,-11.050802957327932,4.737807092122593,0.2571218503374597,36.68254102877602
R/R,129,Avisaíl García,541645,R,2021,388,687,287,41.77583697234352,68.89520599502859,9.26280211641827,61.28354619217332,10.216730043259277,80.16135029756303,-14.202179052943137,-11.4100288227899,3.74775618991787,0.17802059534628376,36.68254102877602
R/R,130,Mike Zunino,572287,R,2021,244,476,151,31.72268907563025,65.76563765086162,12.079971851464691,49.14454847032969,14.467012690051684,80.83708141327861,-18.655071872740617,-12.558034014662537,5.306867865666443,0.3027731235710293,36.68254102877602
R/R,131,James McCann,543510,R,2021,284,564,184,32.62411347517731,61.84617384339138,11.08190745072429,47.41826867232076,12.837506478015914,66.81954216994524,-19.288315167916714,-13.995792933945836,4.709123580869967,0.25480885389036806,36.68254102877602
R/R,132,Salvador Pérez,521692,R,2021,477,997,446,44.73420260782347,58.80721742009101,11.854663286239335,40.18909003408791,14.08461857317196,58.10208752165576,-21.94016158792999,-15.110559370769618,5.166595986850413,0.2915841566453232,36.68254102877602
R/R,133,Javier Báez,595879,S,2021,401,877,398,45.38198403648803,52.73038472386468,12.808327554048974,26.252412610230635,15.770560970166256,53.66866279782269,-27.0524890019846,-17.339696017812916,5.785042498349375,0.34038493276051035,36.68254102877602
R/R,134,Jorge Alfaro,595751,R,2021,224,428,189,44.1588785046729,46.67322861442751,12.465382841793408,19.37778986397761,15.143258073761913,,-29.574275311452432,-19.56161479283422,5.554931856001151,0.3224012516732041,36.68254102877602
L/L,1,Brandon Nimmo,607043,L,2021,119,233,30,12.875536480686694,158.31166707630007,10.620055204655365,180.78345814163256,12.760352443316775,151.75101122149903,29.633425177268467,21.390201199827054,4.6808215204360994,0.3073270806176471,36.68254102877602
L/L,2,Juan Soto,665742,L,2021,231,433,69,15.935334872979215,135.2938149730583,10.253271113109493,146.38672275235794,12.138217640874611,166.86283993895827,17.01582860553828,12.9466681581124,4.452606666275958,0.28646539312651703,36.68254102877602
L/L,3,Trent Grisham,663757,L,2021,137,262,41,15.648854961832063,130.2069828512371,11.086537753207699,141.55939935914162,13.594352055309095,140.1197959937706,15.245043721230003,11.08068887796038,4.986753770285015,0.3349185192546787,36.68254102877602
L/L,4,Freddie Freeman,518692,L,2021,191,357,103,28.851540616246496,128.52498000855832,14.10486730354508,153.22344528145587,20.844292848074346,131.23244822529955,19.523712152298202,10.463687495089559,7.646216276153098,0.5421073447974404,36.68254102877602
L/L,5,Tony Kemp,643393,L,2021,96,195,41,21.025641025641026,121.72945009652074,14.436911751373696,140.2186049521741,21.96331811983374,125.75142282936066,14.753206262782609,7.970914446983631,8.05670318058861,0.5679314061333073,36.68254102877602
L/L,6,Michael Conforto,624424,L,2021,146,304,62,20.394736842105264,120.25492010349856,13.335430900101125,132.09286593414095,18.57481487909711,126.10218260375636,11.772478713601336,7.430019377311661,6.813714089043991,0.4845754287087355,36.68254102877602
L/L,7,Michael Brantley,488726,L,2021,181,291,63,21.649484536082475,119.73011851951017,11.799449650335513,127.10634033793932,14.977790550875614,120.91944460697144,9.943294415864251,7.237508820945456,5.494234164029085,0.3793768138008064,36.68254102877602
L/L,8,Luis Arráez,650333,L,2021,114,225,48,21.333333333333336,119.1262703386748,13.432569849521288,130.21309797647882,18.84005929273655,138.40945351994256,11.082932061286144,7.0160019642590035,6.911012479903816,0.4916607022200589,36.68254102877602
L/L,9,Jesse Winker,608385,L,2021,118,243,57,23.456790123456788,119.07567622334167,11.983544002859919,126.41226285313743,15.359822263686274,123.56268452436802,9.688689157730305,6.99744275714378,5.634373103823791,0.39130719355169197,36.68254102877602
L/L,10,J. P. Crawford,641487,L,2021,273,508,117,23.031496062992126,118.91255118176953,8.941837604158561,122.0461597019168,10.11085262756883,126.70156221280016,8.08709157792512,6.937604346840871,3.7089176634670142,0.21787170816795554,36.68254102877602
L/L,11,Nathaniel Lowe,663993,L,2021,209,416,96,23.076923076923077,118.34475732862276,10.042019588455291,122.39191351626897,11.791986977251787,114.04010586340382,8.213922862733407,6.729323133701438,4.325600461038312,0.2747827150302694,36.68254102877602
L/L,12,Akil Baddoo,668731,L,2021,108,214,49,22.897196261682243,117.89757545325516,13.772157961541973,128.84495892042708,19.81316779038837,110.92465994779486,10.581063890719253,6.565285458796469,7.2679734038094495,0.5168342337258962,36.68254102877602
L/L,13,Cody Bellinger,641355,L,2021,96,227,61,26.87224669603524,117.82831581888027,15.576033471318304,137.65653239971766,26.755625400310237,97.11983629486744,13.81337294754077,6.539879265000523,9.814643264974421,0.6610906661698115,36.68254102877602
L/L,14,Kyle Tucker,663656,L,2021,202,354,89,25.141242937853107,117.39836506872768,11.272074775109123,122.55375783559577,13.940835443406224,122.09898116564295,8.273291471573208,6.382162404672271,5.113852681281638,0.3462222736583984,36.68254102877602
L/L,15,Adam Frazier,624428,L,2021,179,298,76,25.503355704697988,117.37862836362515,10.909846091788355,122.04204421058785,13.272437334221753,123.19200041072732,8.085581911129834,6.374922479725306,4.8686672706444805,0.32432806408843895,36.68254102877602
L/L,16,Brett Gardner,458731,L,2021,114,231,35,15.151515151515152,117.12382935284879,14.115792632847416,128.3622454806786,20.879601982710497,132.34290596403494,10.4039923351321,6.281455728056345,7.65916856395291,0.5429474796148249,36.68254102877602
L/L,17,Anthony Rizzo,519203,L,2021,170,274,82,29.927007299270077,116.76493717546808,13.127935128374494,124.8236311696548,18.0260260074991,112.77087119148784,9.105938688640657,6.149804957839599,6.612404386058695,0.4696130164396822,36.68254102877602
L/L,18,Andrew Benintendi,643217,L,2021,157,249,70,28.11244979919679,115.38812695920092,10.419058385430816,118.63299475501972,12.416000837011474,114.21930947581188,6.835055945899795,5.644755985369019,4.554504601169908,0.29580412457709643,36.68254102877602
L/L,19,Dominic Smith,642086,L,2021,139,283,88,31.09540636042403,115.38699388994924,14.064401946238416,124.41751230116951,20.714355446170305,90.34805836569691,8.956963968082936,5.6443403467758895,7.598551935387922,0.53900131053277,36.68254102877602
L/L,20,Kyle Schwarber,656941,L,2021,148,314,76,24.203821656050955,114.90577534276254,13.20587155450037,121.4638516774346,18.229401646368256,132.9960031395625,7.873486197930577,5.467817155766047,6.687007738229408,0.47520545744986703,36.68254102877602
L/L,21,Max Muncy,571970,L,2021,158,326,60,18.404907975460123,113.67296482181412,11.589226264513046,117.1419269543549,14.554678627808862,131.3967917256866,6.288094388154054,5.015590930612077,5.339025959252481,0.3659789997916661,36.68254102877602
L/L,22,Bryce Harper,547180,L,2021,189,435,111,25.517241379310345,113.55636771351223,13.674039714853313,119.67757010838507,19.524308093493193,115.44589581111664,7.218232728474519,4.97282014852087,7.162012326980279,0.5094962076970624,36.68254102877602
L/L,23,Josh Rojas,668942,L,2021,148,288,57,19.791666666666664,113.2446494861148,12.302514056383373,117.16207255917223,16.049396979050453,114.41929700995811,6.295484307906666,4.858473981861631,5.887326631711322,0.4124155404157228,36.68254102877602
L/L,24,Rougned Odor,596059,L,2021,110,230,70,30.434782608695656,113.08228014438609,15.458331963228492,123.1964894120582,26.17190463978444,91.02894873500992,8.509061745813934,4.798912781463844,9.600519657501064,0.6511372496331612,36.68254102877602
L/L,25,Colin Moran,592567,L,2021,95,191,59,30.89005235602094,112.36969756763958,15.119652831004617,120.14432686703327,24.62203539449474,111.5122125019086,7.389450967970229,4.537519385384899,9.031988235705288,0.6229180572312666,36.68254102877602
L/L,26,Charlie Blackmon,453568,L,2021,158,270,63,23.333333333333332,111.85394662060136,12.848616133164558,115.2804327593183,17.322582307885124,109.03043253811954,5.605251016311468,4.348328832631303,6.354363362333458,0.44984198871443,36.68254102877602
L/L,27,Max Kepler,596146,L,2021,128,219,54,24.65753424657534,110.34777446164689,15.127357949518865,114.79431047728673,24.655353066602682,121.94640692333166,5.426929010755216,3.7958266124588276,9.044210004446116,0.6235531089066958,36.68254102877602
L/L,28,Pavin Smith,656976,L,2021,149,278,68,24.46043165467626,109.8601297024617,11.262427374515854,111.02044343158572,13.922597743015933,106.85390492424648,4.042578683344483,3.616946123596044,5.1071626293532635,0.3456298866002176,36.68254102877602
L/L,29,Rafael Devers,646240,L,2021,252,453,154,33.99558498896248,109.01277767224182,12.120758710776943,109.91359857041309,15.65200188914891,101.7612205127036,3.636559863019936,3.306115867452472,5.741552014811847,0.4003196363276636,36.68254102877602
L/L,30,Joey Votto,458015,L,2021,166,346,87,25.14450867052023,107.40840656411137,12.900095652013485,107.19689175495395,17.449361149889572,124.62626914730554,2.6400027708075813,2.717591777458692,6.400869063067546,0.4534539015995986,36.68254102877602
L/L,31,Joey Gallo,608336,L,2021,219,462,95,20.562770562770563,107.14446047580665,11.791934322355566,106.82792547710521,14.962428384805166,120.3373796579221,2.5046565645533723,2.6207696453224605,5.488598931157385,0.37889370089452307,36.68254102877602
L/L,32,Matt Olson,621566,L,2021,253,513,137,26.705653021442494,106.2070755146995,12.508278577119105,105.12484640740476,16.51449001356023,118.74032560428796,1.8799238860580054,2.2769130223667524,6.05793457491735,0.42632654244208423,36.68254102877602
L/L,33,Ryan McMahon,641857,L,2021,172,305,73,23.934426229508198,106.08581773080937,10.237767230145403,105.45516119152376,12.11251824759034,101.67572199474937,2.0010917422665715,2.2324325860406704,4.443179475790309,0.28559972439816855,36.68254102877602
L/L,34,Jake Cronenworth,630105,L,2021,199,341,76,22.28739002932551,105.53525927942675,10.10947842949714,104.71386896517394,11.901635399342815,119.77179506379112,1.729166917192672,2.0304737562248523,4.365822288459259,0.2784869070669158,36.68254102877602
L/L,35,Christian Yelich,592885,L,2021,125,270,50,18.51851851851852,105.48517485246465,13.213256029405176,103.50861704474629,18.248840279414413,120.27859064935426,1.2870498869816855,2.0121015157554485,6.694138322771997,0.47573705794044985,36.68254102877602
L/L,36,Joc Pederson,592626,L,2021,111,186,51,27.419354838709676,105.2154634400667,13.72679127352705,102.63240251732772,19.678796253611036,98.56660230757672,0.9656321334612733,1.9131645162432789,7.218682509700106,0.5134348479248606,36.68254102877602
L/L,37,Eddie Rosario,592696,L,2021,121,237,81,34.177215189873415,105.17550076192501,15.68435797659904,100.11715613753506,27.316120409050335,98.41438325127028,0.04297584821902909,1.8985051904377557,10.02024707651975,0.6703178337516424,36.68254102877602
L/L,38,Shohei Ohtani,660271,L,2021,221,469,143,30.49040511727079,104.11694041666155,14.924811185808654,98.64017665413749,23.80642897821103,103.4699561755218,-0.4988177567648907,1.5101983574721354,8.732803077418685,0.6069668509754863,36.68254102877602
L/L,39,Nicky Lopez,670032,L,2021,141,235,56,23.829787234042556,103.79440983504901,12.398010851319382,101.0060471709095,16.263173364887145,111.26245766715944,0.36904366623771734,1.3918859445417664,5.965745242155701,0.41884304300792274,36.68254102877602
L/L,40,Jeff McNeil,643446,L,2021,110,192,50,26.041666666666668,103.7109997894163,11.117257553558678,101.70404334089412,13.651108751868337,106.89761377605086,0.6250863976716093,1.3612890203304278,5.007573568786937,0.33677714901079864,36.68254102877602
L/L,41,Joey Wendle,621563,L,2021,133,269,75,27.881040892193308,103.647170756749,13.369325404205188,99.8339072595869,18.666741863576807,77.44012782331299,-0.06092703764785794,1.3378749092339752,6.847435242842272,0.48704183821373875,36.68254102877602
L/L,42,Gavin Lux,666158,L,2021,98,180,40,22.22222222222222,103.23991406681426,13.730246257533736,98.56737525526478,19.68898000095653,104.2257724628447,-0.5255231597758976,1.1884828068562265,7.222418166998384,0.513693339861685,36.68254102877602
L/L,43,Alex Verdugo,657077,L,2021,201,354,94,26.55367231638418,101.50597582175841,9.80598190477509,99.31983440730255,11.414789481874832,106.36582211389204,-0.2495020226048587,0.5524301986999762,4.187234835037145,0.262016992223606,36.68254102877602
L/L,44,Yordan Álvarez,670541,L,2021,228,453,115,25.386313465783665,100.54852479876688,11.683863070843401,96.33436516051074,14.743476494052153,97.8627959391214,-1.3446480039607571,0.2012128343606714,5.408281813998629,0.371980521680878,36.68254102877602
L/L,45,Kolten Wong,543939,L,2021,146,241,67,27.800829875518673,98.5890036837262,12.051428746616063,92.64573954986804,15.503556349375721,102.70668439584831,-2.697729606982703,-0.517589302631654,5.687098418779159,0.3957531284496914,36.68254102877602
L/L,46,Mike Yastrzemski,573262,L,2021,126,223,52,23.318385650224215,96.63165738178819,12.08978665565173,89.3298657589615,15.585477372047595,106.24048870411106,-3.9140763707944273,-1.2355936629152944,5.717149131531962,0.398276384585139,36.68254102877602
L/L,47,Brandon Crawford,543063,L,2021,149,258,72,27.906976744186046,95.74325900035882,11.793336294430272,88.46886048983812,14.965292811518864,94.40463713681056,-4.229914981900535,-1.561480763682105,5.489649675661877,0.3789838014583755,36.68254102877602
L/L,48,Austin Meadows,640457,L,2021,189,394,100,25.380710659898476,95.67401021481407,12.481343337605066,86.83071824149278,16.452648020513422,100.73642606590543,-4.830827184259531,-1.5868829778514875,6.035249360444942,0.42449242217816535,36.68254102877602
L/L,49,Kevin Kiermaier,595281,L,2021,119,241,82,34.024896265560166,94.8429341817191,13.583097689345271,81.88114854263443,19.26228544143908,88.80128470473039,-6.646455119791105,-1.8917427846718766,7.065895760135841,0.5027417241488422,36.68254102877602
L/L,50,Cedric Mullins,656775,L,2021,245,412,108,26.21359223300971,94.24708776129546,9.883937759848234,89.38009544392138,11.538278289581132,105.02562236377426,-3.8956508460003954,-2.110314392312269,4.232533667589955,0.2661995309006489,36.68254102877602
L/L,51,Eric Hosmer,543333,L,2021,159,269,100,37.174721189591075,93.82200512284814,11.75294812197698,85.46775098136835,14.883022625536926,88.10482351814564,-5.330798208663456,-2.2662455055669146,5.459470880934601,0.3763924646170749,36.68254102877602
L/L,52,Raimel Tapia,606132,L,2021,138,233,96,41.201716738197426,93.12992161942417,13.919969794923063,76.87299177602117,20.261037009207094,89.89310971135703,-8.483574280489439,-2.5201193206638024,7.432263213757886,0.5279877758611136,36.68254102877602
L/L,53,Didi Gregorius,544369,L,2021,103,186,61,32.795698924731184,92.51225755076331,13.078303384900089,79.28686272980559,17.898176521612896,88.70862449973086,-7.598105077485764,-2.746694196070326,6.565505945943407,0.46606887126744384,36.68254102877602
L/L,54,Jarred Kelenic,672284,L,2021,144,261,76,29.118773946360154,90.65629696781642,12.268220468429794,78.83200034632861,15.973480444373621,89.04181442624648,-7.764960157929172,-3.427507698387731,5.859478517730868,0.41011950624624444,36.68254102877602
L/L,55,Jared Walsh,665120,L,2021,192,353,118,33.42776203966006,90.2038651735322,12.037110677667547,78.81360322457405,15.473108509672327,102.68705872837572,-7.771708689664902,-3.5934711769532726,5.675929377487586,0.39481331382412976,36.68254102877602
L/L,56,Gregory Polanco,570256,L,2021,106,210,63,30.0,89.82293713300224,13.735876296332542,70.94602160573692,19.705592247841388,89.16731885735663,-10.657737544967276,-3.733205261710782,7.228511961277725,0.5141147024986374,36.68254102877602
L/L,57,Odúbel Herrera,546318,L,2021,152,291,98,33.67697594501718,87.85324389112505,12.60128346244902,72.74398805519371,16.73033187732789,84.8651559783271,-9.99819776446166,-4.455738793303412,6.137110855151198,0.43268998578030865,36.68254102877602
L/L,58,Jazz Chisholm,665862,L,2021,150,285,94,32.98245614035088,86.3418617271093,12.68042246151128,69.71518556666796,16.916884194859957,92.03144828322472,-11.109239479995708,-5.01015217572009,6.2055429855700295,0.43814183969707,36.68254102877602
L/L,59,Kyle Seager,572122,L,2021,234,442,151,34.16289592760181,81.14513597477146,11.03756014244742,67.96745515934094,13.504352339226555,85.27035951108167,-11.750351403735834,-6.916443231974389,4.953739587507256,0.33196587959515744,36.68254102877602
L/L,60,Corey Seager,608369,L,2021,124,208,71,34.13461538461539,78.68241291653402,12.324363549373794,58.21780701567676,16.09799844657954,101.2757879138179,-15.326770084196749,-7.819832628237466,5.905154884978266,0.41388175656182064,36.68254102877602
L/L,61,Brandon Lowe,664040,L,2021,189,360,124,34.44444444444444,73.07837777555922,11.655282161043852,52.75237526903109,14.68617386777043,96.58260450351088,-17.331629327059797,-9.875535118092575,5.387261754602271,0.37016287998048125,36.68254102877602
R/L,1,Robbie Grossman,543257,S,2021,207,409,48,11.7359413202934,156.40989362896366,9.028863303866043,167.83444400119438,9.951354416444653,155.47092647101715,24.883397752380226,20.692582374733508,3.6504096667312247,0.17680681178140722,36.68254102877602
R/L,2,Mookie Betts,605141,R,2021,147,296,54,18.243243243243242,148.79310777172674,13.379436134734574,177.7169592794553,17.10605515827929,143.99916813978672,28.508555474003344,17.89855177757856,6.274935701840858,0.38824731307447324,36.68254102877602
R/L,3,Darin Ruf,573131,R,2021,140,323,54,16.718266253869967,137.8986387978171,14.002723910009559,163.559461512595,18.470474611316106,123.41079578746006,23.31522554702676,13.90218372635689,6.775439427505689,0.42526328445293066,36.68254102877602
R/L,4,Dylan Moore,664238,R,2021,160,313,73,23.322683706070286,136.3048715040408,13.19720337697549,156.39010976695033,16.73004403942684,129.05073131837997,20.68532515143339,13.317549384914177,6.137005268895048,0.37774320091791647,36.68254102877602
R/L,5,DJ LeMahieu,518934,R,2021,212,434,89,20.506912442396313,134.89904130564497,11.998617877965538,149.2822208434532,14.468193101681486,137.50880199265424,18.077970880791725,12.801855145592707,5.307300870646853,0.312244848603912,36.68254102877602
R/L,6,Jed Lowrie,476704,S,2021,182,335,60,17.91044776119403,132.49184136785968,11.180849183725153,143.38132757679483,13.096361437319777,119.23665584493833,15.913373287185493,11.918833040769949,4.804078157521628,0.27113302279582924,36.68254102877602
R/L,7,Paul Goldschmidt,502671,R,2021,138,318,67,21.069182389937108,132.11405858357458,13.11298679935286,149.29936698442822,16.55946181832619,125.91033402248082,18.08426052098974,11.780252715924915,6.074431375652004,0.37293752573805866,36.68254102877602
R/L,8,Myles Straw,664702,R,2021,199,409,84,20.537897310513447,130.95790155157414,12.190754195380531,144.15172321400235,14.808799091831341,143.55827506930288,16.195973982888038,11.356144938304269,5.432243802730042,0.32232499627458333,36.68254102877602
R/L,9,Alex Bregman,608324,R,2021,137,266,48,18.045112781954884,130.49807323109235,14.118268731557993,151.27223029068958,18.738118931080738,137.0833456815526,18.807956912750733,11.187468225981611,6.8736181649145385,0.43231044182685335,36.68254102877602
R/L,10,Wil Myers,571976,R,2021,140,307,81,26.384364820846905,130.24564798054777,13.768993465009961,149.11945809596784,17.9437309112883,113.56401117422834,18.018265369165846,11.094872229883602,6.582216453626496,0.4111849635618765,36.68254102877602
R/L,11,Buster Posey,457763,R,2021,114,232,56,24.137931034482758,125.9650444172018,16.60851289566345,159.83950691247696,26.20363019691068,134.31285051376176,21.950651674586624,9.52463807147997,9.612157398010504,0.5982660151777638,36.68254102877602
R/L,12,Trea Turner,607208,R,2021,167,283,65,22.968197879858657,125.3757206579425,12.51842010963427,136.78422619519517,15.407766605005602,119.60851929480688,13.493388866170251,9.308459141697346,5.65196030649923,0.33988490830979085,36.68254102877602
R/L,13,Josh Donaldson,518626,R,2021,166,349,80,22.922636103151863,125.33272738370555,13.76873159782896,140.77471878039256,17.94315134370888,125.53295572454196,14.95720294598554,9.292688116235766,6.582003853511386,0.41116932337385126,36.68254102877602
R/L,14,Dansby Swanson,621020,R,2021,145,294,68,23.12925170068027,124.65869610608084,10.678158726709478,131.70293697156353,12.307948060612725,106.20065208245197,11.6294428619208,9.045436316274301,4.5148680971347055,0.2473008343038224,36.68254102877602
R/L,15,Abraham Toro,647351,S,2021,122,256,85,33.203125,124.42736958881386,14.941058582154461,144.33436196302526,20.80304890010527,121.04601100671236,16.262970516932807,8.960579871667402,7.631086948017455,0.4841674336018075,36.68254102877602
R/L,16,Austin Slater,596103,R,2021,192,357,78,21.84873949579832,124.05235585515031,14.359902566311359,140.9088133323855,19.31440087606724,,15.006392235037708,8.823015304952724,7.08501302582564,0.44723504117816,36.68254102877602
R/L,17,Justin Turner,457759,R,2021,177,354,85,24.01129943502825,123.91467222647816,13.006448412759356,135.90885969829296,16.346444750776282,130.20401694658253,13.172282191791929,8.772509451375157,5.996291302449714,0.3669021719312347,36.68254102877602
R/L,18,Jordan Luplow,656669,R,2021,109,280,54,19.28571428571429,123.10682230686578,14.529233309652044,139.90236757110776,19.732443197993977,,14.637202355724618,8.476169573162409,7.238361572084064,0.45784474361125593,36.68254102877602
R/L,19,Tommy Pham,502054,R,2021,152,343,56,16.3265306122449,122.91745043054135,12.78741373267018,133.74291455709954,15.91785683662822,132.95980483214746,12.377758476712874,8.406703156932736,5.839074364997975,0.3546486172161384,36.68254102877602
R/L,20,Will Smith,669257,R,2021,135,267,63,23.595505617977526,122.79554855176008,17.065246003379237,156.3626691017046,28.116826840047697,134.899915553186,20.675259218146053,8.361986450233948,10.313966541590405,0.6316230108904018,36.68254102877602
R/L,21,Matt Chapman,656305,R,2021,209,459,104,22.657952069716774,121.89068408549265,15.472101423214173,142.05391376946173,22.31337812638762,117.98695867320956,15.426444172688884,8.030059171140586,8.185114086118073,0.5191961273567097,36.68254102877602
R/L,22,Pat Valaika,642162,R,2021,113,207,66,31.88405797101449,121.81993062577904,17.90175102120644,164.2194446549613,32.418289766933704,,23.557324134008294,8.004105004251858,11.891852444582955,0.6950625069092058,36.68254102877602
R/L,23,Chris Taylor,621035,R,2021,170,343,73,21.282798833819243,121.45760801725235,13.311572221808484,132.8428093809789,16.96490294273993,120.33228879945813,12.047577026180281,7.871195864722528,6.2231574824626055,0.38431872299919584,36.68254102877602
R/L,24,Randy Arozarena,668227,R,2021,232,527,127,24.09867172675522,121.27631682005287,12.321881082892002,130.14221931667447,15.045674608062717,101.87850969511602,11.05693196782276,7.804693646928267,5.519135761158742,0.32929630945167604,36.68254102877602
R/L,25,Nolan Arenado,571448,R,2021,123,266,90,33.83458646616541,121.20919848515038,16.29344690239996,145.62776669348492,25.016059061422045,107.79627812693865,16.7374242378518,7.78007293618983,9.176526128988984,0.5757829181602541,36.68254102877602
R/L,26,Andrew McCutchen,457705,R,2021,194,395,77,19.49367088607595,120.70587797515003,12.723987801747713,130.16942796480333,15.796012834871302,129.59392051523355,11.066912791336005,7.59544218360271,5.794378889062393,0.35113920805296756,36.68254102877602
R/L,27,Wander Franco,677551,S,2021,110,190,50,26.31578947368421,120.51765594609591,13.524640113913925,131.8937187802688,17.412707780502725,,11.699426477174553,7.526397560569739,6.387423675803786,0.3967201615593972,36.68254102877602
R/L,28,Alec Bohm,664761,R,2021,137,288,72,25.0,119.37833101387508,14.980489770563944,134.7024117674947,20.909879465454253,116.97783481056648,12.72972643458604,7.108464224856756,7.670275113982869,0.48672635394417885,36.68254102877602
R/L,29,Yasmani Grandal,518735,S,2021,96,239,35,14.644351464435147,118.96278492208272,15.30178761162214,135.2080024662155,21.81142266348966,131.11788363242755,12.91518995008198,6.956031359241545,8.000984067494347,0.5078286240532403,36.68254102877602
R/L,30,Dylan Carlson,666185,S,2021,138,295,65,22.033898305084744,118.32104146123466,14.00697336461305,129.50767709832076,18.480230708243457,111.7560291829751,10.824165758230254,6.720623550916469,6.779018211763872,0.4255214358301144,36.68254102877602
R/L,31,Fernando Tatís,665487,R,2021,132,275,62,22.545454545454547,117.89178765885865,15.106114416986431,132.27019678022452,21.25564735648871,85.41704413826604,11.837528173972618,6.563162348742309,7.797111562475916,0.49492384331367506,36.68254102877602
R/L,32,Guillermo Heredia,628338,R,2021,99,200,39,19.5,117.63568873803908,14.930912093783313,131.1323441576915,20.775687537308354,101.4685452576226,11.420134918864939,6.46921875703842,7.621050104883443,0.48351005967718086,36.68254102877602
R/L,33,Kris Bryant,592178,R,2021,150,307,66,21.49837133550489,117.34224791791587,12.931531538953884,125.37995831381784,16.198462510326323,101.36625293409368,9.310013621552478,6.3615772078015445,5.942007656381355,0.3626876469361644,36.68254102877602
R/L,34,Chas McCormick,676801,R,2021,92,189,35,18.51851851851852,117.27883736091171,13.611574964504488,126.7243938499722,17.59942571400915,110.62321868418192,9.80318673870775,6.3383166042119194,6.455916558370364,0.40183669741547834,36.68254102877602
R/L,35,Vladimir Guerrero,665489,R,2021,173,359,86,23.955431754874652,117.2407289353664,13.692298696017758,126.84953719185533,17.774967959177317,115.6867488001531,9.849092496438809,6.324337465375841,6.520309914477012,0.40661703241141167,36.68254102877602
R/L,36,Gleyber Torres,650402,R,2021,156,341,77,22.58064516129032,116.97801286263058,14.266488713774466,127.85224509494478,19.088875405363915,114.3213267820826,10.216911234388377,6.22796653420533,7.002284552504554,0.4414352718121181,36.68254102877602
R/L,37,Mitch Garver,641598,R,2021,105,229,46,20.087336244541483,116.153810092355,14.415146740829371,126.76653140917274,19.449456249990224,,9.818643866150012,5.925628014838688,7.134554768776507,0.45068278828070973,36.68254102877602
R/L,38,Yuli Gurriel,493329,R,2021,208,401,105,26.184538653366584,115.83253273195788,10.825644794765138,120.13148060056413,12.535353667745078,127.7573426738228,7.384738631002025,5.807775315294846,4.598286252272768,0.2541794194573439,36.68254102877602
R/L,39,Jon Berti,542932,R,2021,104,236,52,22.033898305084744,115.10537665294046,14.92049856142405,126.20328644912644,20.747660300151374,,9.612031302588516,5.5410359882660405,7.610769002114102,0.48283584878111335,36.68254102877602
R/L,40,Mark Canha,592192,R,2021,210,436,98,22.477064220183486,114.86866277343721,11.059991854137488,119.07562555956497,12.903297968217345,127.20703161708896,6.997424172383105,5.45420332229645,4.7332575712565506,0.26530317740571774,36.68254102877602
R/L,41,Luis Urías,649966,R,2021,134,262,61,23.282442748091604,114.5004503010741,12.985326312919819,121.00531633317912,16.30457324181522,113.48460051114417,7.705283782142624,5.319133631048784,5.9809317689957044,0.36571146231094476,36.68254102877602
R/L,42,Jonathan India,663697,R,2021,160,340,79,23.235294117647058,114.46716863491096,12.506715245944054,120.24261467778474,15.385958221130602,117.49957033045604,7.425505434475427,5.306925070203431,5.64396043713657,0.3392496130238655,36.68254102877602
R/L,43,Avisaíl García,541645,R,2021,126,237,61,25.738396624472575,114.38207825868339,16.291542174296115,129.52595980201116,25.009167027325827,80.16135029756303,10.830872318512656,5.275711758032211,9.17399795575392,0.5756483062749979,36.68254102877602
R/L,44,Josh Bell,605137,S,2021,185,409,88,21.515892420537895,114.33953647855904,11.846713817335653,119.20595902842845,14.204128947462767,106.7401801491564,7.045233800573177,5.260106352083723,5.21043542893328,0.30438877419023885,36.68254102877602
R/L,45,Yandy Díaz,650490,R,2021,218,427,86,20.140515222482435,114.2433208937465,11.536399042809032,118.71700014145755,13.678200646809916,116.89856322517852,6.865871256246232,5.224812030708788,5.017511564264354,0.28865120630780106,36.68254102877602
R/L,46,Ramón Urías,602104,R,2021,132,270,65,24.074074074074073,114.24062532010618,14.49496848470238,123.46819166046181,19.64686384867534,,8.608729034560698,5.223823225802217,7.2069688921580966,0.45568778585555364,36.68254102877602
R/L,47,Whit Merrifield,593160,R,2021,195,374,108,28.87700534759358,113.91324205063555,12.292720149117478,119.1271596913027,14.992677783036296,110.6455919287836,7.016328201401618,5.103730723657303,5.499695179074477,0.3277395300805636,36.68254102877602
R/L,48,Carson Kelly,608348,R,2021,135,310,76,24.516129032258064,113.62590784792683,14.605825697300865,122.58782736987928,19.92560322144126,117.5590345231261,8.285789042465067,4.998329236858969,7.309217576936308,0.4626846208636335,36.68254102877602
R/L,49,Justin Upton,457708,R,2021,108,243,60,24.691358024691358,113.30941961305786,15.575651786592456,124.51502619786355,22.62739277065385,100.54139411663772,8.992734543246488,4.8822333102519115,8.300302636837397,0.526169046705758,36.68254102877602
R/L,50,Santiago Espinal,669289,R,2021,99,180,53,29.444444444444446,113.2784892163814,15.021766342731818,122.9213242501622,21.022570133500064,,8.408124172404538,4.870887254800709,7.711612914524375,0.48941225725865223,36.68254102877602
R/L,51,Tyler Stephenson,663886,R,2021,145,271,62,22.878228782287824,112.62118170055878,12.395799218707335,117.32098240727395,15.180845356236418,116.33931600402047,6.353776478135343,4.629770155623847,5.568719826316464,0.3332590127240375,36.68254102877602
R/L,52,Rhys Hoskins,656555,R,2021,149,339,81,23.893805309734514,112.4368122980877,12.739283557500247,117.44397276663975,15.825306104897582,113.09169727844012,6.398892467171137,4.562138773917884,5.805124404858453,0.3519839381645083,36.68254102877602
R/L,53,Matt Duffy,622110,R,2021,101,202,36,17.82178217821782,112.30297153820273,14.036110490732572,119.0809017328712,18.547302798401947,110.01062350673132,6.99935960682091,4.51304258225985,6.803621958755118,0.42729360559014967,36.68254102877602
R/L,54,Gary Sánchez,596142,R,2021,129,282,58,20.56737588652482,112.29724379591369,15.286736940033904,121.62752441975455,21.767899440650964,114.2810378234078,7.933525518785014,4.51094150084465,7.9850186434194965,0.5068301259467096,36.68254102877602
R/L,55,Tyler O'Neill,641933,R,2021,98,192,46,23.958333333333336,111.96631430497118,16.05328262788441,123.05192721871423,24.171971244368653,101.96680183148274,8.456032659928434,4.389548154553347,8.866893269179473,0.5589340155898004,36.68254102877602
R/L,56,Jonathan Villar,542340,S,2021,157,323,104,32.19814241486068,111.72110406538424,14.18223056341388,118.30041074678151,18.888437486937438,102.41698197184816,6.713055680622663,4.299598807810108,6.928758830840536,0.4362364195247257,36.68254102877602
R/L,57,Bryan Reynolds,668804,S,2021,186,377,93,24.6684350132626,111.71650412080902,14.220561950613812,118.35565258860916,18.97927710129963,118.29543897850586,6.733319791916141,4.297911431254,6.962081109649329,0.4385977045606283,36.68254102877602
R/L,58,Jean Segura,516416,R,2021,180,361,108,29.916897506925206,111.70144812526674,12.09625305306055,115.64497431217353,14.640331179010353,100.9856603261782,5.738974121004527,4.292388509511912,5.370445491489161,0.3173471222944043,36.68254102877602
R/L,59,Mike Zunino,572287,R,2021,128,281,64,22.77580071174377,111.69583011931181,16.345360028461382,123.37668480327874,25.205174226841713,80.83708141327861,8.575161994130372,4.290327682172498,9.24589837713569,0.5794578077384701,36.68254102877602
R/L,60,Carlos Santana,467793,S,2021,189,382,82,21.465968586387437,110.75318756146136,13.058029238093086,115.17490609660565,16.44919536366154,120.07750651923006,5.566541154965602,3.944542439134305,6.033982838178669,0.3698180553069032,36.68254102877602
R/L,61,Mike Brosseau,670712,R,2021,110,242,59,24.380165289256198,110.72373453086432,14.910014161445588,117.71183681500115,20.719497622418775,,6.497151806612654,3.933738319101326,7.600438216300039,0.4821575248548719,36.68254102877602
R/L,62,Marcus Semien,543760,R,2021,195,440,95,21.59090909090909,109.1545634302991,12.994169679300176,112.58451169583549,16.32208957786461,119.34208909659662,4.616318666095968,3.3581264863247924,5.98735720615376,0.3662097511695364,36.68254102877602
R/L,63,Garrett Hampson,641658,R,2021,159,314,75,23.88535031847134,108.86551314282359,11.78788846271259,111.3015477858672,14.10306311858481,106.85403180771397,4.145694903437463,3.252095496027793,5.173361914789052,0.3013733689199835,36.68254102877602
R/L,64,José Abreu,547989,R,2021,149,301,83,27.57475083056478,108.86411343172303,16.31788129150287,116.5813389480038,25.104764117885146,87.63051921083917,6.082456462721916,3.251582046429044,9.20906539772066,0.5775111532141873,36.68254102877602
R/L,65,Francisco Lindor,596019,S,2021,163,326,92,28.22085889570552,108.5701912188015,13.369931175562318,111.95879070006988,17.086203677527408,105.69437446808902,4.386788305098587,3.1437639100814208,6.267653674269229,0.38769587518006826,36.68254102877602
R/L,66,Xander Bogaerts,593428,R,2021,212,519,158,30.443159922928707,108.29083224179206,13.20631939336006,111.37689287374211,16.748627387206422,117.7535317585028,4.173333396210344,3.041287938722361,6.143822113068813,0.3782652361431054,36.68254102877602
R/L,67,Nick Solak,669256,R,2021,157,339,104,30.678466076696164,106.86356352876608,14.670981855889574,110.05503969104072,20.09199298185069,94.73559505967016,3.688444060125727,2.5177295074757247,7.370253569066178,0.46682187336104597,36.68254102877602
R/L,68,Pedro Severino,600474,R,2021,161,341,98,28.739002932551323,106.833317640356,13.988902438483143,109.49889730870153,18.438788016888356,94.51204365136654,3.4844369025457396,2.5066345470501776,6.763815979504108,0.4244241814935364,36.68254102877602
R/L,69,Miguel Cabrera,408234,R,2021,150,292,83,28.424657534246577,106.66649656905246,15.199937911245879,110.12963522420502,21.519445459320014,89.65793059136583,3.7158075971843556,2.4454403391246116,7.893879409780143,0.5010908413368376,36.68254102877602
R/L,70,Philip Gosselin,594838,R,2021,156,295,80,27.11864406779661,106.62155507185496,12.320055660674518,108.29165117949861,15.042351687868956,98.41623832961112,3.041588345882573,2.428954655976195,5.517916829595313,0.32919874962779877,36.68254102877602
R/L,71,Eduardo Escobar,500871,S,2021,158,312,101,32.371794871794876,106.48336837746572,15.252287218800651,109.80824627590941,21.6687736895279,114.35241029185237,3.5979139643638645,2.3782642651105537,7.948656799093696,0.5045483462858953,36.68254102877602
R/L,72,José Altuve,514888,R,2021,206,375,107,28.53333333333333,106.11272193692041,11.807768382633894,107.36730000907761,14.137144833449419,109.22700730102916,2.7025128485429146,2.24230173248582,5.185863953827572,0.30239074035424846,36.68254102877602
R/L,73,Eugenio Suárez,553993,R,2021,152,367,85,23.160762942779293,105.85549905693959,13.914174512960816,107.76432675310011,18.268659634733822,104.15077598361488,2.8481523468141803,2.1479458440014594,6.701408565918679,0.4199017930759746,36.68254102877602
R/L,74,Miguel Sanó,593934,R,2021,174,414,107,25.845410628019323,105.8062380266658,14.29831709674336,107.86779866432784,19.165321556654852,87.1338158437703,2.8861084731035485,2.129875646360078,7.030326943316772,0.4434071436664369,36.68254102877602
R/L,75,David Fletcher,664058,R,2021,209,300,86,28.666666666666668,105.77415262551385,10.601322453638714,106.59791683554835,12.190701249684059,98.95416455982388,2.4202835502445406,2.118105905918265,4.471858987610866,0.24375465930529866,36.68254102877602
R/L,76,Andrew Vaughn,683734,R,2021,137,287,67,23.34494773519164,105.58107712167848,12.92874465888057,106.92472193570944,16.19298592454709,89.36281711721209,2.5401639651952697,2.0472809050073404,5.939998705555913,0.36253133783114944,36.68254102877602
R/L,77,Kevin Newman,621028,R,2021,177,333,89,26.726726726726728,105.40709268022988,12.626978169477988,106.56401007939164,15.611546698153484,98.8009168150348,2.4078456905058276,1.9834589908892721,5.726712022776681,0.3458053407407909,36.68254102877602
R/L,78,Miguel Rojas,500743,R,2021,162,299,79,26.421404682274247,105.36379765953245,10.514676927284414,106.04048747689157,12.059467747786499,93.47188654890908,2.2158042970488294,1.9675772771585203,4.4237192044337945,0.23978648608356828,36.68254102877602
R/L,79,Lourdes Gurriel,666971,R,2021,156,317,114,35.96214511041009,104.96419622143392,15.83892798798432,107.04775710898379,23.458183410601848,115.78181362737048,2.585296393111457,1.8209933156764477,8.605057754199553,0.5441071159032356,36.68254102877602
R/L,80,Manny Machado,592518,R,2021,159,344,86,25.0,104.87179799462793,13.119009574031375,105.85655588609833,16.571595942058025,107.9270733838765,2.148333515791218,1.7870992982184757,6.078882480568417,0.37328018367564225,36.68254102877602
R/L,81,Ketel Marte,606466,S,2021,111,182,62,34.065934065934066,104.80578797380183,16.114044462243996,106.85226036531049,24.38090950403745,120.33288579904384,2.513583219903578,1.7628851452458405,8.943537132007291,0.5631731646589831,36.68254102877602
R/L,82,Ramón Laureano,657656,R,2021,129,251,74,29.482071713147413,104.55614347531589,13.573077092225944,105.44634019037665,17.516445865172802,98.98022545270295,1.9978559749016307,1.671309199662653,6.425477441275355,0.3995668673554102,36.68254102877602
R/L,83,Sean Murphy,669221,R,2021,142,292,105,35.95890410958904,104.50784488109298,16.20164560031132,106.21227810670342,24.68756415101229,99.84768429331277,2.2788214653131527,1.6535920480205113,9.056025848700484,0.5693129900377527,36.68254102877602
R/L,84,Isiah Kiner-Falefa,643396,R,2021,212,346,104,30.057803468208093,103.34147644417561,10.917737019158404,103.3843755332453,12.67895897598837,97.6583022337344,1.241474943550564,1.2257384676016054,4.650964328388614,0.25852235008648816,36.68254102877602
R/L,85,Martín Maldonado,455117,R,2021,126,254,59,23.228346456692915,103.09752074244098,13.895307713990148,103.01040482724113,18.226020595034747,104.896469297671,1.1042929858849841,1.1362493172207586,6.6857674826867886,0.4187638410270788,36.68254102877602
R/L,86,Jacob Stallings,607732,R,2021,151,320,81,25.3125,102.85376232394447,13.632152881843249,102.6075385199263,17.643974341213074,111.96559336084734,0.9565113874130996,1.0468325353446808,6.4722581268222,0.40305260561927875,36.68254102877602
R/L,87,Jurickson Profar,595777,S,2021,90,196,50,25.510204081632654,102.80226730953876,14.056114672248162,102.49021601531753,18.593532005255607,122.34128519655816,0.9134745115240033,1.0279428555575327,6.82058000652649,0.42851242613002766,36.68254102877602
R/L,88,Hunter Dozier,641531,R,2021,158,361,96,26.59279778393352,102.78898716769294,14.035256995331705,102.46864543242319,18.54533367204957,77.83338734649996,0.9055618736036417,1.0230713620762595,6.802899633172998,0.42724164218626154,36.68254102877602
R/L,89,Manuel Margot,622534,R,2021,209,389,105,26.99228791773779,102.75052444557983,10.644020897739068,102.59809227304278,12.255754025342071,89.59488816775682,0.9530462640243788,1.008962258256332,4.495721998731974,0.24572213167169205,36.68254102877602
R/L,90,José Ramírez,608070,S,2021,204,453,107,23.62030905077263,102.71413400217304,12.988769532737058,102.42312563268815,16.311390881933118,112.39650756077552,0.8888640543896194,0.9956133189230854,5.983432652629147,0.3659054338559956,36.68254102877602
R/L,91,Ryan Jeffers,680777,R,2021,99,214,59,27.570093457943923,102.70302046772517,16.235431941844986,102.01506599367767,24.80759698839353,,0.7391774098877213,0.9915365920895003,9.100056943520862,0.5716899163815651,36.68254102877602
R/L,92,Aaron Judge,592450,R,2021,185,419,95,22.673031026252982,102.26412676102909,15.12679132431157,101.32391412669845,21.313367248778896,111.49594552122096,0.4856453427119199,0.8305392280579924,7.818284685647029,0.4962796516765993,36.68254102877602
R/L,93,Alcides Escobar,444876,R,2021,104,211,81,38.388625592417064,102.18175865664259,16.521490756356915,100.67747877331456,25.865811640060045,106.98164029685556,0.24851642898236279,0.8003245143717881,9.48823696729095,0.5920130778411782,36.68254102877602
R/L,94,Carlos Correa,621043,R,2021,221,448,105,23.4375,101.98337457115788,11.855051830319457,101.44183599299056,14.21850744246221,110.99807150524352,0.5289020796964251,0.7275521908192987,5.215709826260772,0.3048173978142233,36.68254102877602
R/L,95,Adam Duvall,594807,R,2021,143,302,103,34.105960264900666,101.75479152734742,16.36593697929293,99.72593741396153,25.280822483575104,94.06462276596083,-0.10053312056808411,0.6437021219887014,9.27364807994947,0.5809176691239568,36.68254102877602
R/L,96,Eric Haase,606992,R,2021,127,245,69,28.163265306122447,101.24877810491728,16.503243335092247,98.40610483346694,25.79595784287109,86.74990464019557,-0.5846812484191664,0.4580835406946544,9.462612819476954,0.5907060836271728,36.68254102877602
R/L,97,Andrelton Simmons,592743,R,2021,161,305,81,26.557377049180324,101.15945946841933,13.905414573743519,99.67230848272243,18.248846548720696,97.32711959717152,-0.12020557527316224,0.42531919521494943,6.694140622512847,0.41937324482411353,36.68254102877602
R/L,98,Hunter Renfroe,592669,R,2021,208,425,131,30.823529411764707,101.06826423722788,13.713970816302009,99.58697044324092,17.82245842490439,93.67175640009484,-0.15150973661912476,0.3918664671168571,6.537730624052101,0.40790523498906955,36.68254102877602
R/L,99,Teoscar Hernández,606192,R,2021,140,286,92,32.16783216783217,101.06301964281857,14.838243953125295,99.09302479411625,20.528184569458414,76.96643580275777,-0.33270155201913454,0.38994261662087193,7.530259727154451,0.4775269108065171,36.68254102877602
R/L,100,Aristides Aquino,606157,R,2021,97,231,59,25.541125541125542,100.57236622998474,17.96692668831704,94.39429716570699,32.81023332163894,,-2.0563142421407936,0.20995847714901217,12.035627299847347,0.7001328072896824,36.68254102877602
R/L,101,Willy Adames,642715,R,2021,167,376,94,25.0,100.35007062207411,14.217669606383566,98.11077221730392,18.972402694781948,100.15520457538042,-0.6930167565145232,0.12841479957203017,6.959559402657995,0.43841930844158267,36.68254102877602
R/L,102,Paul DeJong,657557,R,2021,90,185,49,26.486486486486488,100.04914516482226,16.09232840279056,95.98828626121578,24.305887696675153,92.76798973117116,-1.4715985381865693,0.018027695249585474,8.916017226741086,0.5616562691143986,36.68254102877602
R/L,103,Yu Chang,644374,R,2021,131,254,64,25.196850393700785,99.83667437035243,14.838231608792611,96.74584145562248,20.528151882746698,,-1.1937080431827043,-0.059911991105977336,7.530247736838015,0.4775261162719861,36.68254102877602
R/L,104,Niko Goodrum,592348,S,2021,109,228,65,28.50877192982456,99.62865890475466,15.108849198704814,96.10851556411814,21.263268198500697,94.60087887924612,-1.4274953748207964,-0.13621734962008025,7.799907080973702,0.49510305964417756,36.68254102877602
R/L,105,Brendan Rodgers,663898,R,2021,106,179,57,31.843575418994412,99.51126035372701,13.06586660367869,97.33158098292674,16.464870117982972,89.98717283775855,-0.9788439007575633,-0.1792821212679817,6.039732736363786,0.37026211452124697,36.68254102877602
R/L,106,Enrique Hernández,571771,R,2021,233,497,118,23.74245472837022,99.43859984427817,11.864638909734557,97.77739117839064,14.235056341764693,102.41958356616232,-0.8153093928960473,-0.20593584245826968,5.221780383037217,0.30531060362467893,36.68254102877602
R/L,107,Ozzie Albies,645277,S,2021,175,327,115,35.16819571865443,99.33502508811712,13.520916704721332,96.78360223739587,17.404763681622743,86.74881417495376,-1.1798564289158955,-0.2439296948825055,6.3845095784727715,0.3965017530620242,36.68254102877602
R/L,108,Elías Díaz,553869,R,2021,135,258,71,27.51937984496124,99.2649698807032,15.083121996077004,95.41423238090925,21.191735767628035,101.81408701192876,-1.6821760883572876,-0.26962772508490995,7.773667167669958,0.49341838176774877,36.68254102877602
R/L,109,Franmil Reyes,614177,R,2021,142,313,94,30.031948881789138,98.9576239232609,16.07776189333469,93.52066804351081,24.25578296200415,96.13591587232008,-2.3767836033297454,-0.3823700320239698,8.897637536888036,0.5606399253847262,36.68254102877602
R/L,110,Jose Iglesias,578428,R,2021,157,319,148,46.39498432601881,98.87036096168436,15.541016888074815,94.08705494282934,22.521595368463334,80.43382290054532,-2.169018496605611,-0.414380303707208,8.261493461371483,0.5238316100402263,36.68254102877602
R/L,111,Wilmer Flores,527038,R,2021,149,326,97,29.754601226993866,98.63804723051605,15.113512302501695,94.14101252451631,21.27627193636612,115.40713098039838,-2.149225484565153,-0.49959888345849857,7.80467718245146,0.49540871803034875,36.68254102877602
R/L,112,Kyle Farmer,571657,R,2021,122,247,77,31.17408906882591,98.37848621646778,15.536732551204489,93.06023065871503,22.50856234202125,89.33463295554205,-2.545683735919277,-0.5948124589314683,8.256712616099575,0.5235428307734202,36.68254102877602
R/L,113,Nelson Cruz,443558,R,2021,190,375,123,32.800000000000004,98.09607335029783,13.66596957642853,94.60863083356055,17.717479997050887,89.66368161015342,-1.9776912064919283,-0.6984086744347986,6.499221869183376,0.4050547563500999,36.68254102877602
R/L,114,Chad Pinder,640461,R,2021,114,237,65,27.42616033755274,98.05991476970449,14.485007942795608,93.7521872801919,19.622081848017576,,-2.2918564643446904,-0.7116725605963761,7.1978782245990605,0.4550617289186524,36.68254102877602
R/L,115,Jorge Soler,624585,R,2021,168,386,85,22.020725388601036,97.98599234639184,15.724516268425248,91.93493419556322,23.091224642495593,106.61203231268532,-2.9584710727103096,-0.7387891838575014,8.470447953530286,0.5362748443209782,36.68254102877602
R/L,116,Yoán Moncada,660162,S,2021,148,303,82,27.062706270627064,97.15954491811401,14.958831510991711,91.44628452724183,20.85110231377184,123.10207759655307,-3.1377201877792813,-1.0419511008167839,7.648714161201422,0.4853199879965513,36.68254102877602
R/L,117,Christian Walker,572233,R,2021,141,319,85,26.64576802507837,96.57917527947482,14.278368128555279,91.31647779558973,19.11736025008959,95.69304969492607,-3.185336595375674,-1.2548454316291606,7.012733517358032,0.44217072621592823,36.68254102877602
R/L,118,Stephen Piscotty,572039,R,2021,99,182,49,26.923076923076923,95.86230087824076,12.777783961886186,91.8292082680093,15.899293665948246,,-2.99725402946333,-1.5178131779866386,5.832264922297053,0.354114670472311,36.68254102877602
R/L,119,César Hernández,514917,S,2021,197,371,94,25.336927223719673,95.56150964251466,10.070582772890186,93.40237777207192,11.402391057665483,99.19626605766535,-2.420175480683368,-1.6281510464428246,4.182686777989629,0.219959155664671,36.68254102877602
R/L,120,Mitch Haniger,571745,R,2021,227,465,136,29.24731182795699,95.3498983164752,11.673255125295075,92.04882857665967,13.907975527689345,86.2672398215869,-2.9166917196351294,-1.705775457938786,5.101798829216772,0.29554035582756133,36.68254102877602
R/L,121,Tom Murphy,608596,R,2021,173,380,89,23.42105263157895,95.0132963904495,12.779289948741416,90.51308441530175,15.902195216557386,101.73813707345496,-3.480041701722285,-1.829249597556816,5.833329284789722,0.35419814714829917,36.68254102877602
R/L,122,Trey Mancini,641820,R,2021,221,487,161,33.059548254620125,94.86982672867629,14.428824534873463,87.9965680174276,19.483091054176647,85.07804317087461,-4.403163861868341,-1.8818779151006244,7.146892869622139,0.4515384536422057,36.68254102877602
R/L,123,Donovan Solano,456781,R,2021,123,231,79,34.1991341991342,94.52630203547835,13.826884513019895,88.36897558229491,18.07242648874415,107.33209056898808,-4.266555304091629,-2.007891501626933,6.629425261628958,0.41464984568904606,36.68254102877602
R/L,124,Trevor Story,596115,R,2021,162,347,113,32.564841498559076,94.25658156407164,12.967830131677003,89.11135278881754,16.269978707992358,86.51484845342807,-3.994232480720683,-2.1068318242137067,5.96824161493242,0.36472662092487684,36.68254102877602
R/L,125,Maikel Franco,596748,R,2021,131,277,108,38.98916967509025,94.10187953120356,16.197470311189253,82.0653711693195,24.672799538122835,86.61407465626735,-6.578877579173067,-2.163580460892887,9.05060981351957,0.5690195951442467,36.68254102877602
R/L,126,Yan Gomes,543228,R,2021,124,224,73,32.589285714285715,93.94674699640935,15.21108048048642,84.60709774003493,21.551099795229117,95.2776443627794,-5.64650768703108,-2.2204870166177604,7.905491024537386,0.5018257766957744,36.68254102877602
R/L,127,James McCann,543510,R,2021,128,297,92,30.976430976430976,93.89943825923343,15.344456663050314,84.17423794345927,21.935536302764337,66.81954216994524,-5.805291659507023,-2.2378410635425094,8.046512104143588,0.5106647341387635,36.68254102877602
R/L,128,Pete Alonso,624413,R,2021,195,419,108,25.775656324582343,93.58437451192866,12.003576150648959,89.2051952547371,14.476888748366964,92.65014277329492,-3.9598086796573226,-2.353414451914384,5.310490654809971,0.31250296416436407,36.68254102877602
R/L,129,Freddy Galvis,520471,S,2021,118,207,67,32.367149758454104,93.3525354400594,14.802724744411245,84.41752529395053,20.43443999817457,95.97912394106729,-5.7160476773452435,-2.4384589145735567,7.495871836331006,0.47524347655068616,36.68254102877602
R/L,130,Tommy Edman,669242,S,2021,156,286,86,30.069930069930066,93.30703162138778,13.342959607437539,87.07258013519247,17.0300181001696,104.38410766253692,-4.742106095870164,-2.4551508715274353,6.247043376802696,0.3861332316336719,36.68254102877602
R/L,131,George Springer,543807,R,2021,93,216,52,24.074074074074073,93.18862737626051,15.359769894473972,82.67882897239318,21.980342326068914,101.57864908633532,-6.353845668866338,-2.498584557326057,8.062948092025652,0.5116844938386482,36.68254102877602
R/L,132,Jesús Aguilar,542583,R,2021,132,286,73,25.524475524475527,92.70206390324695,14.19983588374501,84.52863920942319,18.93008844217948,93.2028989767746,-5.675288269713303,-2.6770684029452907,6.944037459586075,0.43732014873963965,36.68254102877602
R/L,133,Francisco Mejía,642336,S,2021,115,244,98,40.16393442622951,92.1713533977112,15.750289776593501,79.305228336007,23.173074925804627,,-7.591368106455744,-2.871746501882467,8.500472717287291,0.538034263964219,36.68254102877602
R/L,134,Giancarlo Stanton,519317,R,2021,171,382,104,27.225130890052355,92.05188337038686,15.385117564227798,80.27151364639538,22.054818297655896,95.69864250470292,-7.236910101017495,-2.9155711436728105,8.090267770859626,0.513374715974103,36.68254102877602
R/L,135,Harold Ramírez,623912,R,2021,128,255,108,42.35294117647059,92.04420774897135,15.597576123539252,79.56169737670554,22.694769748203242,83.00955404025564,-7.497288745375396,-2.91838675664777,8.325018224270904,0.5276513636731798,36.68254102877602
R/L,136,J. T. Realmuto,592663,R,2021,153,319,91,28.526645768025077,91.88985810773038,13.413669550538003,84.63978956731385,17.17777622357682,89.10135401386282,-5.634515494076432,-2.975006127123756,6.3012448110449,0.39023663985603957,36.68254102877602
R/L,137,Albert Pujols,405395,R,2021,144,285,93,32.631578947368425,91.84997418068453,15.477396119276056,79.55624819166256,22.329268347433086,,-7.499287644914521,-2.989636565026239,8.19094302297264,0.5195515355821092,36.68254102877602
R/L,138,Michael Taylor,572191,R,2021,152,349,102,29.22636103151863,91.64293959192769,14.17296000913773,82.70664262360603,18.866553275832942,83.06852230724088,-6.343642914848582,-3.0655821129907244,6.920731146123305,0.43566629318140443,36.68254102877602
R/L,139,Starling Marte,516782,R,2021,165,321,102,31.775700934579437,91.59624409362542,13.434898471035865,84.11954892014299,17.222428818415146,91.71658350451987,-5.825352982923252,-3.082711208314047,6.317624517466881,0.3914728203178176,36.68254102877602
R/L,140,Ian Happ,664023,S,2021,126,274,75,27.37226277372263,91.27988379598611,14.748914173160705,80.61633575433589,20.29357756321104,106.9244408201766,-7.110420589795923,-3.1987602042943397,7.444199915831375,0.4717945653613634,36.68254102877602
R/L,141,David Bote,623520,R,2021,101,206,54,26.21359223300971,91.25015930806552,12.810774138062865,84.63572618032515,15.962984308664735,88.20492783751499,-5.636006047675717,-3.2096639017714033,5.85562826844302,0.35594556482991324,36.68254102877602
R/L,142,Aledmys Díaz,649557,R,2021,109,205,70,34.146341463414636,91.17533666069836,15.108857051749762,79.36582246238511,21.263290087923348,,-7.569140641186069,-3.237110750090678,7.799915110570147,0.495103574318398,36.68254102877602
R/L,143,Lewis Brinson,621446,R,2021,97,222,95,42.792792792792795,91.10526683018014,17.032281779611715,70.55207692967485,27.970118631883853,,-10.802246462394418,-3.2628141444193215,10.26015024293812,0.6291852080282,36.68254102877602
R/L,144,Ronald Torreyes,591720,R,2021,127,212,74,34.90566037735849,90.97290709558608,12.588119644535942,84.56056584225249,15.53828638526301,,-5.663576769526588,-3.3113670583673662,5.699838278442822,0.34368023861742686,36.68254102877602
R/L,145,Randal Grichuk,545341,R,2021,149,266,79,29.69924812030075,90.94616971228766,12.82208670943308,84.14510759066624,15.984886906487286,78.00138598437971,-5.815977413122151,-3.321175009965829,5.863662697875646,0.35657447881063475,36.68254102877602
R/L,146,Luke Voit,572228,R,2021,92,193,57,29.533678756476682,89.90389691041023,14.532398571931552,78.65085989286277,19.740374492414997,,-7.831407079091495,-3.7035071581462917,7.241270972414168,0.45804425263190884,36.68254102877602
R/L,147,Ryan Mountcastle,663624,R,2021,210,474,190,40.08438818565401,89.4377126509355,14.720414550800339,77.21839522891457,20.219529629256858,85.92980107658707,-8.356871517167004,-3.874515390397807,7.41703725207767,0.4699730107938747,36.68254102877602
R/L,148,Jeimer Candelario,600869,S,2021,174,353,104,29.461756373937675,89.34102816874831,13.776856755491652,79.63125206047442,17.96114480639651,109.8393475277783,-7.471774319964437,-3.90998171524458,6.588604312844274,0.4116547422797494,36.68254102877602
R/L,149,Jonathan Schoop,570731,R,2021,196,420,137,32.61904761904762,89.16936356861135,14.470835495853482,77.47944097848062,19.586894042257878,79.51867541202105,-8.261113302978563,-3.9729526526217063,7.184970443314132,0.4541716799594063,36.68254102877602
R/L,150,Bo Bichette,666182,R,2021,164,335,121,36.11940298507463,89.00579496746897,13.248520447357217,80.2694070075867,16.834962149538605,84.49017296032989,-7.237682869662818,-4.03295377184595,6.175491897683412,0.3806866067803467,36.68254102877602
R/L,151,Willson Contreras,575929,R,2021,133,274,71,25.91240875912409,88.37207000801028,14.292322189104143,76.5625837733152,19.15089181479664,92.569371171018,-8.59743982343866,-4.265420190108982,7.025033747339287,0.4430354037474764,36.68254102877602
R/L,152,Víctor Robles,645302,R,2021,110,224,61,27.232142857142854,87.66414162247422,13.093636810715461,78.45685079326354,16.52054444492626,88.59316004280223,-7.902574546651538,-4.525106310587599,6.060155494187253,0.3718376981161084,36.68254102877602
R/L,153,Nick Ahmed,605113,R,2021,158,299,98,32.77591973244147,87.3130074805625,12.292597127633831,79.55904500989118,14.99245459473851,89.28715250681208,-7.498261700920306,-4.653911236260404,5.49961330793557,0.32773297029542214,36.68254102877602
R/L,154,Austin Hedges,595978,R,2021,91,182,57,31.318681318681318,87.00571021948441,14.742897131655889,72.54680708356402,20.277912165025025,,-10.07052875528066,-4.766635680135681,7.438453449714469,0.4714096924980346,36.68254102877602
R/L,155,Bobby Dalbec,666915,R,2021,188,370,101,27.297297297297295,86.8951781463031,12.258763173189507,79.00241875653151,14.931195889892468,90.10684850239818,-7.702446354685906,-4.807181653230372,5.477142058396724,0.3259313587465256,36.68254102877602
R/L,156,Javier Báez,595879,S,2021,145,349,150,42.97994269340974,86.40950886356963,17.104932943722442,57.22149592974524,28.29540077783891,53.66866279782269,-15.692242307067824,-4.985337487133242,10.379471999587366,0.6345642322326758,36.68254102877602
R/L,157,AJ Pollock,572041,R,2021,138,256,89,34.765625,86.40160571317,12.748502774873316,77.24675515218777,15.842989743273632,83.99989023063164,-8.346468376676588,-4.9882365635211485,5.811611212761127,0.3524935728871469,36.68254102877602
R/L,158,Willi Castro,650489,S,2021,136,227,99,43.61233480176212,86.39156217490081,14.52978489415255,72.17944368702561,19.733825005129436,76.41684678497269,-10.205286983940567,-4.991920788567484,7.238868454053468,0.45787950729802723,36.68254102877602
R/L,159,Juan Lagares,501571,R,2021,119,214,80,37.38317757009346,86.28456214826437,15.63812108016112,67.1583716752786,22.82021123425328,85.58783129761093,-12.047143784734052,-5.0311711172391975,8.371033348858314,0.530398124730065,36.68254102877602
R/L,160,Austin Hays,669720,R,2021,213,417,139,33.33333333333333,86.14745747193643,12.965745056527592,76.35153400879143,16.2658613313247,88.85057880578889,-8.674858239901228,-5.081464596385567,5.966731256546996,0.3646093428193545,36.68254102877602
R/L,161,Patrick Wisdom,621550,R,2021,117,300,98,32.666666666666664,86.11961622218422,15.08720070349575,69.44730735883455,21.203052474105643,88.65008300333326,-11.20750401349135,-5.091677474248843,7.777818423166711,0.49368527363820586,36.68254102877602
R/L,162,Anthony Santander,623993,S,2021,157,371,119,32.075471698113205,86.04866957670555,15.39114924206972,67.90587779196386,22.072597640460966,93.8914176764261,-11.772939546788374,-5.1177025065851,8.096789685578742,0.5137773281574388,36.68254102877602
R/L,163,Amed Rosario,642708,R,2021,185,358,133,37.150837988826815,85.89757522723605,13.452048850625468,74.70800141985194,17.258602222163937,82.73103943886846,-9.277747756160261,-5.1731277533214115,6.330893841138536,0.3924729310095679,36.68254102877602
R/L,164,J. D. Martinez,502110,R,2021,221,448,149,33.25892857142857,85.75555867908967,12.631758653818498,76.51404361277844,15.620584063039136,89.89295306845852,-8.615245587742994,-5.225223031862857,5.730027157858779,0.34606722920266497,36.68254102877602
R/L,165,Josh Harrison,543281,R,2021,161,237,84,35.44303797468354,85.39873498602763,11.60139436223592,78.05246445778053,13.786906620656309,97.51293737283326,-8.050913730079856,-5.3561150294707325,5.057387677721288,0.29191285257163635,36.68254102877602
R/L,166,C. J. Cron,543068,R,2021,149,329,101,30.69908814589666,85.27066489504098,15.432658724582776,66.09389709132155,22.19555585370772,94.55830101177602,-12.437620110734994,-5.403094393142505,8.141893882601233,0.5165523502607432,36.68254102877602
R/L,167,Christian Vázquez,543877,R,2021,160,334,106,31.736526946107784,85.2020431816222,14.487216808880325,70.14866684937957,19.627573858947805,93.70684171329432,-10.950227530612956,-5.428266581321992,7.199892833761846,0.4552005271939849,36.68254102877602
R/L,168,Austin Riley,663586,R,2021,150,345,109,31.594202898550726,85.12693974394952,15.487764742122804,65.50834432838306,22.360437372306794,100.59528222511068,-12.652415743245037,-5.455816430660296,8.202376613310207,0.5202478850613412,36.68254102877602
R/L,169,Salvador Pérez,521692,R,2021,183,379,177,46.701846965699204,83.98471228536187,16.495067349173368,56.29307330755023,25.764767381380008,58.10208752165576,-16.032811316374946,-5.874814486798657,9.451171365643424,0.5901209370362899,36.68254102877602
R/L,170,Hanser Alberto,593643,R,2021,127,232,114,49.137931034482754,83.54896398242815,14.758441162330097,65.93710326310114,20.318416185839535,,-12.49513607110253,-6.034658036804514,7.453311353768056,0.4724042690117815,36.68254102877602
R/L,171,Kevin Pillar,607680,R,2021,125,258,93,36.04651162790697,83.48774047349251,13.461009712052812,70.7133866289735,17.27753794211356,69.55293328316334,-10.743073965765804,-6.057116375589088,6.337839944378152,0.39299598395844326,36.68254102877602
R/L,172,Yonathan Daza,602074,R,2021,117,222,69,31.08108108108108,82.91169217030235,14.359433814184111,66.48370650513559,19.31326032354149,85.80284768083399,-12.294628112578625,-6.268425530752388,7.084594642177428,0.4472058433539726,36.68254102877602
R/L,173,Ke'Bryan Hayes,663647,R,2021,120,227,66,29.074889867841406,82.86236729277518,14.001483834238535,67.80500088214737,18.467628826053954,91.60681566772595,-11.809943760620373,-6.286519149188684,6.77439552115931,0.42518796548679183,36.68254102877602
R/L,174,Kurt Suzuki,435559,R,2021,109,191,56,29.31937172774869,82.09653409993592,14.139251126187881,65.92718054343241,18.787258020734082,,-12.498775976816184,-6.567446224363931,6.891643631637794,0.43359638545081053,36.68254102877602
R/L,175,Adolis García,666969,R,2021,213,420,149,35.476190476190474,81.68193354377311,14.839366525220195,61.99242508673045,20.53115735377539,66.92101230857136,-13.942144261602888,-6.7195322434838864,7.531350219981223,0.4775991671548831,36.68254102877602
R/L,176,Tim Anderson,641313,R,2021,138,260,94,36.15384615384615,79.7484316006011,13.629484220917309,63.912121107822465,17.638189343172698,71.56445414000002,-13.237950981038026,-7.42878988708014,6.470136042542525,0.40289481609519595,36.68254102877602
R/L,177,Ryan Zimmerman,475582,R,2021,116,265,93,35.094339622641506,79.66331186187789,16.52448359314789,45.45306728796128,25.87730071224493,,-20.009200972032453,-7.460013970160871,9.492451450908996,0.5922275813657336,36.68254102877602
R/L,178,Charlie Culberson,518586,R,2021,143,248,103,41.53225806451613,78.98789848395164,14.093378344255624,60.649911833987815,18.680043521686674,,-14.434612236356958,-7.707772759632507,6.852314629035932,0.43078746626769965,36.68254102877602
R/L,179,Luis Torrens,620443,R,2021,150,285,84,29.47368421052631,78.06144677717626,12.782739062967355,64.2522418741931,15.90884266689653,101.35904901759758,-13.113186041366731,-8.04761878708218,5.835767738487745,0.35438936821560546,36.68254102877602
R/L,180,Ty France,664034,R,2021,215,382,123,32.19895287958115,76.45080990769057,10.705360309522966,67.59654843292843,12.34965498200279,89.33495666441243,-11.886409415830597,-8.638441317555866,4.5301672556854555,0.2485623893071686,36.68254102877602
R/L,181,Gio Urshela,570482,R,2021,138,247,103,41.70040485829959,76.25316704902832,16.05290840541148,42.0854608010963,24.170693760948602,76.18817858574614,-21.24452460326442,-8.710941740275091,8.866424655799777,0.5589079569653549,36.68254102877602
R/L,182,Asdrúbal Cabrera,452678,S,2021,122,236,67,28.389830508474578,75.87119865284757,14.138853249069081,54.93827239285194,18.786324667778043,89.10775683041858,-16.52978671776738,-8.851057453921051,6.891301254056751,0.4335719830759318,36.68254102877602
R/L,183,Elvis Andrus,462101,R,2021,179,353,109,30.878186968838527,75.56322132369374,12.96474716577978,59.69753762780583,16.263891209916057,87.17869523234306,-14.783967295287146,-8.964031364047237,5.966008565952954,0.3645532216651988,36.68254102877602
R/L,184,Joshua Fuentes,658069,R,2021,90,195,72,36.92307692307693,74.55564211788248,15.738234785821572,41.283531882075415,23.13473315618644,,-21.53869250800588,-9.333637019616361,8.48640798191594,0.5372109754983648,36.68254102877602
R/L,185,Nick Castellanos,592206,R,2021,153,330,132,40.0,73.1335034707941,14.903645109228005,45.167915362581134,20.702416384638855,81.24254792968961,-20.11380194405437,-9.855313612320643,7.594172384243198,0.48174569016036367,36.68254102877602
R/L,186,Jorge Polanco,593871,S,2021,211,378,131,34.65608465608466,72.36057604972709,11.4884636375659,59.984557868277946,13.59850449822925,88.45748885336184,-14.678680977815068,-10.13884303067621,4.9882769918628975,0.28625741498094864,36.68254102877602
R/L,187,Jack Mayfield,608686,R,2021,103,199,67,33.66834170854271,64.59761177074282,14.970829391190131,28.066198396555308,20.88363288809823,,-26.387146286741945,-12.986495587363839,7.660647202475596,0.48609881168896135,36.68254102877602
R/L,188,Leury García,544725,S,2021,139,244,103,42.21311475409836,54.127390639544174,13.964660606490819,18.145349347108365,18.383378975515935,74.87182290217348,-30.026365809708253,-16.827238749619358,6.743490535169018,0.42295445864310266,36.68254102877602
L/R,1,Juan Soto,665742,L,2021,404,919,96,10.44613710554951,170.70241163623467,7.369404378164219,180.6286380702469,7.917089088300428,166.86283993895827,29.57663324106164,25.935441156795893,2.904189453100554,0.13356953927026327,36.68254102877602
L/R,2,Robbie Grossman,543257,S,2021,461,1047,181,17.28748806112703,142.02109345375712,8.883374394051598,150.6205379349641,9.895417962951404,155.47092647101715,18.568899596980327,15.41440484691477,3.629890754228521,0.19408795492382075,36.68254102877602
L/R,3,Brandon Belt,474832,L,2021,304,665,134,20.150375939849624,137.32938128574338,12.216029674055118,155.31408302958957,15.354613069779198,148.0415056698448,20.29061120202043,13.693365605931056,5.63246223913156,0.3670310531506357,36.68254102877602
L/R,4,Brandon Nimmo,607043,L,2021,265,488,79,16.188524590163937,135.82334116972328,9.09773174136105,143.36601911456347,10.194330260072023,151.75101122149903,15.907757754246601,13.14091182246215,3.7395393802598496,0.20356771684374791,36.68254102877602
L/R,5,Luis Arráez,650333,L,2021,364,757,178,23.513870541611624,134.95868185741097,10.264404124773566,144.9774809918106,11.925083155102051,138.40945351994256,16.498882918530864,12.823732815464059,4.374423521085968,0.2591254903399289,36.68254102877602
L/R,6,Dan Vogelbach,596129,L,2021,226,547,97,17.73308957952468,134.6144039910455,11.671071857179244,148.87215820045753,14.312147042053425,,17.927549483531163,12.697442945881553,5.250059210800002,0.3350149114188198,36.68254102877602
L/R,7,Trent Grisham,663757,L,2021,390,792,138,17.424242424242426,134.3767532139282,8.641676987770243,140.69082695171673,9.564564604035386,140.1197959937706,14.92642929151174,12.610266602060294,3.5085253350990695,0.18367020467216594,36.68254102877602
L/R,8,Jace Peterson,607054,L,2021,248,523,104,19.88527724665392,132.56297725512928,11.303767402436991,144.59250874639133,13.650339853581396,134.44003207731393,16.35766531665554,11.944927491803806,5.007291517357361,0.3142599787391454,36.68254102877602
L/R,9,Max Muncy,571970,L,2021,429,898,134,14.92204899777283,130.26916521448015,8.497294478980933,135.44188599728938,9.36989902438375,131.3967917256866,13.000984372327697,11.103498948869683,3.437117053974454,0.17758406392629925,36.68254102877602
L/R,10,Kyle Schwarber,656941,L,2021,324,722,141,19.529085872576175,129.68596992392725,13.50995030923149,148.7240473112646,18.198633129961237,132.9960031395625,17.87321864583488,10.889568097134724,6.675721064574457,0.44890056826577346,36.68254102877602
L/R,11,Brett Gardner,458731,L,2021,343,763,138,18.086500655307994,127.89110953271977,8.96635156793588,133.20919725936702,10.010498060837186,132.34290596403494,12.18197740999447,10.231167697720789,3.6721050583514288,0.19773073408919756,36.68254102877602
L/R,12,Ji Man Choi,596847,L,2021,228,501,87,17.365269461077844,127.52916073682142,10.293241878584775,135.00590590041298,11.97037142808395,124.80887999288784,12.841055794413718,10.098395682162218,4.391036410403777,0.26058355728737786,36.68254102877602
L/R,13,Matt Carpenter,572761,L,2021,226,511,78,15.264187866927593,127.51045232572869,11.036707464238408,136.5769283109193,13.187490662269221,,13.417346734718961,10.091532961587298,4.837506672852914,0.29958613816784385,36.68254102877602
L/R,14,Joey Votto,458015,L,2021,360,818,170,20.78239608801956,125.15169100682475,11.1913993465592,133.53797262977724,13.453796688562898,124.62626914730554,12.302580570137708,9.226279373009456,4.935194490210195,0.3080430665144118,36.68254102877602
L/R,15,Yoán Moncada,660162,S,2021,461,1042,241,23.128598848368522,124.54925583956052,9.457210155348841,129.69182908538608,10.707994290705843,123.10207759655307,10.891717386440805,9.005290845605982,3.927964399047165,0.21997267275425098,36.68254102877602
L/R,16,J. P. Crawford,641487,L,2021,413,785,164,20.891719745222932,124.49587329893969,8.665541422423107,128.61454848090452,9.59695065879673,126.70156221280016,10.49654348670681,8.985708773240539,3.520405362924502,0.18468603477072565,36.68254102877602
L/R,17,Tommy La Stella,600303,L,2021,215,433,90,20.785219399538107,124.32017500947143,11.324458391429975,132.61637550872695,13.686822742896322,,11.96451532808842,8.921258176119487,5.020674368198791,0.31541150648112126,36.68254102877602
L/R,18,Yasmani Grandal,518735,S,2021,279,662,112,16.91842900302115,123.39502951295574,10.467531657545383,129.69625824171206,12.246982319540523,131.11788363242755,10.89334211352731,8.581891299784253,4.492504314152398,0.2694829034906135,36.68254102877602
L/R,19,Jurickson Profar,595777,S,2021,321,669,145,21.674140508221225,121.04920004217219,9.12878375404705,124.8480085808705,10.238076012750328,122.34128519655816,9.114880942511604,7.721381441698951,3.755586433934415,0.2049597066533595,36.68254102877602
L/R,20,Jake Cronenworth,630105,L,2021,440,851,208,24.44183313748531,120.90640077383533,8.406939486402276,123.97674201758977,9.249165593956233,119.77179506379112,8.795278227966147,7.668999041502493,3.3928289638224305,0.1738275041716928,36.68254102877602
L/R,21,Joey Gallo,608336,L,2021,389,891,162,18.181818181818183,120.82491980356721,9.31493822687479,124.76185292548189,10.502776403937546,120.3373796579221,9.083276858875072,7.639109751153248,3.8526852635349966,0.21340402688630536,36.68254102877602
L/R,22,Freddie Freeman,518692,L,2021,490,999,249,24.924924924924923,120.53441507053061,9.934565046577063,125.09289200849875,11.416321534798797,131.23244822529955,9.204710406324013,7.53254523326656,4.187796830979561,0.24273945201486818,36.68254102877602
L/R,23,Matt Olson,621566,L,2021,409,914,203,22.210065645514224,120.46687784575192,9.336817820459482,124.32966240409763,10.534169010148076,118.74032560428796,8.924738393545809,7.5077708630774165,3.8642008691881773,0.21440772158218938,36.68254102877602
L/R,24,Ketel Marte,606466,S,2021,259,525,112,21.333333333333336,120.39252153508896,10.376895322674315,125.4643329999713,12.102508894050105,120.33288579904384,9.340964400418628,7.480495078910993,4.439507790571197,0.2648363071300083,36.68254102877602
L/R,25,Josh VanMeter,642165,L,2021,264,562,99,17.615658362989322,120.32400460432635,9.835639448011825,124.69825341920034,11.266913401986555,119.18490610702948,9.059946943889239,7.45536132767234,4.1329901313603825,0.23792925903585782,36.68254102877602
L/R,26,Max Kepler,596146,L,2021,362,728,142,19.505494505494507,119.89974899435268,9.756642518704323,124.0529297694195,11.14861147786878,121.94640692333166,8.823225831289996,7.299733589476866,4.089593979508048,0.2341226534160935,36.68254102877602
L/R,27,Adam Frazier,624428,L,2021,456,833,223,26.770708283313326,119.64627006697535,8.359461274427051,122.41332591409885,9.186052934352574,123.19200041072732,8.221777474352598,7.206751077942377,3.3696776365689667,0.17186966573823564,36.68254102877602
L/R,28,Michael Conforto,624424,L,2021,332,725,177,24.413793103448274,119.03980493517125,9.754244348675034,122.92761120063989,11.145033874473219,126.10218260375636,8.410430385592974,6.984284257143117,4.088281623674624,0.23400757347425358,36.68254102877602
L/R,29,Christian Yelich,592885,L,2021,344,785,140,17.8343949044586,118.98952363103876,9.214945072060248,122.33569001176957,10.360065463702034,120.27859064935426,8.193298652627599,6.965839797124914,3.8003352643305535,0.20884695786199114,36.68254102877602
L/R,30,Tony Kemp,643393,L,2021,301,550,115,20.909090909090907,118.52282345445221,7.647062134931259,120.57378372385031,8.264434431201718,125.75142282936066,7.546986655673031,6.794642313367179,3.031604551021862,0.14382417444947812,36.68254102877602
L/R,31,Jesse Winker,608385,L,2021,366,742,182,24.528301886792452,117.13684830137737,9.368490567127607,120.1163861232382,10.579719624254642,123.56268452436802,7.379201593163859,6.286231409191863,3.8809099918966776,0.21586483464516373,36.68254102877602
L/R,32,Kyle Tucker,663656,L,2021,361,775,206,26.580645161290324,116.607717174031,11.268654372181247,121.28274170669283,13.588637196410403,122.09898116564295,7.807050458606021,6.092132666307,4.984657414824766,0.31231063189539504,36.68254102877602
L/R,33,Billy McKinney,641856,L,2021,232,475,93,19.57894736842105,116.46071340294402,10.286278297675779,120.03020173960834,11.959423202839615,,7.347586971278442,6.038207947664175,4.387020323186601,0.26023109673090883,36.68254102877602
L/R,34,Carlos Santana,467793,S,2021,469,1051,243,23.120837297811608,114.65098314529756,8.705080253397472,116.56081097566678,9.65074188872526,120.07750651923006,6.074926280847012,5.374352903392836,3.5401373529129176,0.18637523774764772,36.68254102877602
L/R,35,Michael Brantley,488726,L,2021,328,609,155,25.451559934318556,114.58944786352778,9.244012443438852,116.79156849067164,10.401423359762806,120.91944460697144,6.15957400096565,5.351780198410464,3.8155063915216845,0.21016659819756556,36.68254102877602
L/R,36,Brad Miller,543543,L,2021,296,612,140,22.875816993464053,114.32005634936499,9.86210174650258,116.83749150166773,11.306740875256946,110.62053099492758,6.176419728315944,5.2529605456996595,4.147599860583519,0.2392112549552022,36.68254102877602
L/R,37,Brock Holt,571788,L,2021,217,444,108,24.324324324324326,114.20369979339068,11.23980933558323,117.7603723151982,13.538144707637198,,6.514955861385957,5.2102780043147146,4.966135486914085,0.31071379852494335,36.68254102877602
L/R,38,Bryan Reynolds,668804,S,2021,450,910,231,25.384615384615383,112.46522834082477,9.191596402163237,114.07875013786708,10.326919068748353,118.29543897850586,5.164443295661953,4.572562500453661,3.788176324402109,0.20778995298588598,36.68254102877602
L/R,39,Jeimer Candelario,600869,S,2021,452,992,287,28.931451612903224,112.45857463435054,10.236239710645973,114.59195306264732,11.88098101364141,109.8393475277783,5.35269916910534,4.57012175184632,4.358245734950099,0.2577054166737183,36.68254102877602
L/R,40,Corey Seager,608369,L,2021,283,507,123,24.2603550295858,111.40405720699162,10.433144465380293,113.26507511272425,12.192007549768416,101.2757879138179,4.865966620723028,4.183297963899793,4.472338171675269,0.2677152395487389,36.68254102877602
L/R,41,Eduardo Escobar,500871,S,2021,440,946,266,28.118393234672308,110.15172161312717,9.980569433390695,111.39715871951229,11.48628979144557,114.35241029185237,4.180767423399822,3.7239094458624944,4.213462965431133,0.2449927837940895,36.68254102877602
L/R,42,Nicky Lopez,670032,L,2021,426,798,194,24.31077694235589,109.97721842053542,8.074057767472771,110.67678826902677,8.811272609400357,111.26245766715944,3.9165172373412904,3.6598972406435055,3.232198690100589,0.16033426916772944,36.68254102877602
L/R,43,Bryce Harper,547180,L,2021,396,875,217,24.8,109.18421998401496,11.35595990232003,110.51759964485211,13.742544352834738,115.44589581111664,3.85812280496528,3.3690052638093313,5.041114470626345,0.3171687222665237,36.68254102877602
L/R,44,José Ramírez,608070,S,2021,417,948,229,24.156118143459913,109.11896575170266,10.140381884135042,110.06861681351153,11.73181905842845,112.39650756077552,3.6934244936466074,3.345068353268361,4.303529339529781,0.25290142318773756,36.68254102877602
L/R,45,Andrew Benintendi,643217,L,2021,384,737,227,30.800542740841248,108.78461916356969,10.319573929146381,109.66149751548667,12.011841932733336,114.21930947581188,3.544082790112574,3.22242152889817,4.406248845286629,0.2619185062269829,36.68254102877602
L/R,46,Josh Rojas,668942,L,2021,402,855,187,21.871345029239766,108.42723998981563,9.163259327664548,108.97733050782406,10.286779874516984,114.41929700995811,3.2931129468213896,3.09132576685754,3.7734522480095674,0.2065107229760765,36.68254102877602
L/R,47,Abraham Toro,647351,S,2021,251,492,143,29.065040650406505,107.99637700179396,10.130661518018023,108.56455878380856,11.716773631938826,121.04601100671236,3.1416977898042195,2.9332742744986775,4.2980102947847705,0.25241680313749093,36.68254102877602
L/R,48,DJ Stewart,621466,L,2021,270,570,124,21.75438596491228,107.75877475841477,11.296634011695149,108.41985310074227,13.637783357664915,112.00856360641592,3.0886160682424526,2.8461157340858194,5.002685475591021,0.3138634681239483,36.68254102877602
L/R,49,Jared Walsh,665120,L,2021,383,800,245,30.625000000000004,107.41805997474663,9.847394309817169,107.76397344616262,11.284592815464785,102.68705872837572,2.8480227448518805,2.7211328937756454,4.139475389463181,0.2384983113803287,36.68254102877602
L/R,50,Ian Happ,664023,S,2021,410,870,191,21.95402298850575,107.40642867363916,9.298037508748813,107.70155077551884,10.478568496300644,106.9244408201766,2.825124523081718,2.7168662369747154,3.843805187883883,0.21263034287563154,36.68254102877602
L/R,51,Cedric Mullins,656775,L,2021,427,858,243,28.321678321678323,107.32107182973837,10.291999937602656,107.67600977420803,11.968418260065281,105.02562236377426,2.8157554347967158,2.685555177689941,4.390319938743968,0.2605206791622992,36.68254102877602
L/R,52,Colin Moran,592567,L,2021,264,546,172,31.5018315018315,106.9586629590049,13.16599112968442,107.43806275532282,17.382967897944383,111.5122125019086,2.7284704219674034,2.552614394991213,6.376514331182412,0.4263338029961433,36.68254102877602
L/R,53,Brandon Lowe,664040,L,2021,424,878,251,28.5876993166287,106.86509015580943,10.810831363242535,107.08756903253497,12.807109511223413,96.58260450351088,2.5999004183024654,2.5182895130672587,4.697973201054805,0.2874490235237972,36.68254102877602
L/R,54,Mike Yastrzemski,573262,L,2021,402,803,189,23.536737235367372,106.06493206385886,9.039112388047409,106.0023963593256,10.112058878518434,106.24048870411106,2.2018315072193713,2.224771192692421,3.7093601469665134,0.20095287518419613,36.68254102877602
L/R,55,Jake Bauers,641343,L,2021,243,446,114,25.56053811659193,105.60640492020455,10.632772851939093,105.33402944538904,12.513979680667202,,1.956657539791829,2.056571785093351,4.590445730693441,0.27805821095036026,36.68254102877602
L/R,56,Nathaniel Lowe,663993,L,2021,435,921,210,22.80130293159609,105.57545634246891,8.800059618977746,105.40179055723262,9.780648388545501,114.04010586340382,1.9815140374454054,2.045219060367654,3.587790358008524,0.1904644297386143,36.68254102877602
L/R,57,LaMonte Wade,664774,L,2021,337,711,163,22.925457102672294,105.54909063533734,9.060387105195481,105.35569030945518,10.141870892478144,109.49691895616009,1.9646032951400778,2.0355474490315877,3.720295951218788,0.20189992541027876,36.68254102877602
L/R,58,Rafael Ortega,542364,L,2021,272,539,130,24.118738404452692,105.27060916262577,9.492205702335765,104.97367962143394,10.758872211584936,107.1024923722057,1.8244720677723802,1.9333933685466274,3.9466277132482266,0.22160366262795855,36.68254102877602
L/R,59,Jeff McNeil,643446,L,2021,315,536,156,29.1044776119403,104.95124775488947,9.917868444142295,104.51648368297549,11.391004693161827,106.89761377605086,1.6567609800654586,1.8162434891236816,4.178509970158889,0.24192421384034615,36.68254102877602
L/R,60,Alex Verdugo,657077,L,2021,399,789,210,26.61596958174905,104.89490561829597,9.045827923889636,104.53745524677562,10.121463554771262,106.36582211389204,1.664453882560817,1.7955757617512789,3.71281002119158,0.20125157874718863,36.68254102877602
L/R,61,Anthony Rizzo,519203,L,2021,404,837,248,29.629629629629626,104.64087405889816,10.218907225497231,104.06279374813047,11.853903182810035,112.77087119148784,1.4903359835725096,1.7023905307491438,4.348312898545678,0.256833437540663,36.68254102877602
L/R,62,Tommy Edman,669242,S,2021,531,969,267,27.55417956656347,104.09178999671123,7.023337452328067,103.78502626627065,7.492521192148894,104.38410766253692,1.388443813074679,1.5009725443549495,2.7484471603997567,0.12131925174071373,36.68254102877602
L/R,63,Charlie Blackmon,453568,L,2021,425,768,212,27.604166666666668,103.1907506181029,8.901926232452896,102.43477032733452,9.921079549350912,109.03043253811954,0.8931356242809476,1.1704484046115182,3.6393040761881554,0.19489945920443033,36.68254102877602
L/R,64,Jed Lowrie,476704,S,2021,333,634,143,22.555205047318612,102.69046823738455,8.926868499675566,101.80725741410106,9.955641902383471,119.23665584493833,0.6629479424232199,0.986932115044777,3.6519824255198348,0.19599316512859669,36.68254102877602
L/R,65,Kolten Wong,543939,L,2021,342,641,184,28.70514820592824,102.47663005097284,9.446297006753507,101.39777986083516,10.692160915861272,102.70668439584831,0.5127411709428256,0.9084908345791106,3.922156314823565,0.21946529069502643,36.68254102877602
L/R,66,Dylan Carlson,666185,S,2021,476,988,242,24.493927125506072,102.02257159065863,9.524241133420679,100.79031825424663,10.805587234813158,111.7560291829751,0.28990881787192335,0.7419306535797194,3.963763970810521,0.22310197580138794,36.68254102877602
L/R,67,Akil Baddoo,668731,L,2021,353,741,181,24.426450742240217,101.64895038348263,9.39939665288941,100.35397705641216,10.624290418347785,110.92465994779486,0.12984777895084315,0.6048769009651727,3.8972596917267457,0.21729143406243648,36.68254102877602
L/R,68,Gavin Lux,666158,L,2021,281,529,113,21.361058601134218,101.55584131489694,10.454485530812583,99.80671818074079,12.226102018519816,104.2257724628447,-0.07090068265092396,0.5707221286797163,4.484844889163545,0.2688115862520385,36.68254102877602
L/R,69,Pavin Smith,656976,L,2021,395,722,170,23.545706371191137,101.50062526974855,8.221054484608672,100.54108769125861,9.003331226494616,106.85390492424648,0.19848471434759543,0.5504674802636961,3.302650671115491,0.16622552176460648,36.68254102877602
L/R,70,Ben Gamel,592325,L,2021,291,619,144,23.263327948303715,101.24961561690425,11.080920092952354,99.05870280163884,13.2631101464285,105.29523125682915,-0.34529173099155086,0.45839076137289203,4.865245821155391,0.30199120710759175,36.68254102877602
L/R,71,Austin Meadows,640457,L,2021,399,848,210,24.764150943396228,101.07015572704742,9.668819422703145,99.50458194139375,11.018118476205991,100.73642606590543,-0.18173193261220003,0.3925603136459658,4.041725830633414,0.22992677640078701,36.68254102877602
L/R,72,Shohei Ohtani,660271,L,2021,400,967,250,25.853154084798348,99.70024552601939,10.520822963349596,97.22640614604842,12.33257535693334,103.4699561755218,-1.0174247034473982,-0.1099575579035319,4.523902015211793,0.2722338199846659,36.68254102877602
L/R,73,Steven Duggar,621453,L,2021,245,519,123,23.699421965317917,98.71454278354352,12.494099528201266,93.97886537253522,15.91805842696239,,-2.2087051801176067,-0.47153837083400885,5.839148313455017,0.3839304644960829,36.68254102877602
L/R,74,Trevor Larnach,663616,L,2021,210,448,111,24.776785714285715,98.4108974934311,11.442566125164763,94.65727144435427,13.896856502662148,95.59433109971236,-1.9598485944808783,-0.5829231789614451,5.097720088299171,0.32202494412980165,36.68254102877602
L/R,75,Daulton Varsho,662139,L,2021,224,453,136,30.022075055187635,98.34151334111282,11.839011593051906,94.1475760399089,14.625268471980798,99.1450270966034,-2.1468178203383346,-0.6083750491030706,5.364920107803,0.34472560585177076,36.68254102877602
L/R,76,Corey Dickerson,572816,L,2021,311,639,233,36.46322378716745,97.97958607288925,12.611857690792927,92.62431834232385,16.163758738902224,98.00152008233091,-2.7055874502289607,-0.7411391677635053,5.929277431190179,0.391201737603652,36.68254102877602
L/R,77,Anthony Santander,623993,S,2021,280,573,194,33.85689354275742,97.88767480367571,12.931832207883003,92.00074609959134,16.854445256662828,93.8914176764261,-2.934329594013376,-0.7748545568028309,6.182638796447937,0.4113038490957729,36.68254102877602
L/R,78,Francisco Lindor,596019,S,2021,359,765,193,25.22875816993464,97.55657888348763,9.662083509267175,94.94665620562421,11.008153804035555,105.69437446808902,-1.8536949106970042,-0.8963089535704267,4.038070535676111,0.22960652481471402,36.68254102877602
L/R,79,Asdrúbal Cabrera,452678,S,2021,228,442,122,27.601809954751133,96.98998455821595,11.308658910012998,92.71177868926716,13.658956389773646,89.10775683041858,-2.673504772577573,-1.1041501494049248,5.010452281781342,0.3145320186018564,36.68254102877602
L/R,80,Josh Bell,605137,S,2021,384,772,192,24.870466321243523,96.65172246521801,10.032920120159613,93.47271006956315,11.56629314424523,106.7401801491564,-2.3943758067996646,-1.2282332804536908,4.242810228146265,0.24756962617195521,36.68254102877602
L/R,81,Ryan McMahon,641857,L,2021,422,871,214,24.569460390355914,95.55176798319559,9.189508078849633,92.73065177216776,10.32395765967926,101.67572199474937,-2.6665816461991625,-1.631724534619429,3.7870900043053095,0.20769554429133502,36.68254102877602
L/R,82,César Hernández,514917,S,2021,433,842,220,26.128266033254157,95.43945216620439,8.276273637173041,93.23638742644327,9.076007427146317,99.19626605766535,-2.4810649573224004,-1.6729248302690327,3.3293101482377065,0.16846602719853013,36.68254102877602
L/R,83,Freddy Galvis,520471,S,2021,275,568,186,32.74647887323944,95.30389066026603,12.099209777357167,89.10972653452642,15.124542787099362,95.97912394106729,-3.994829032118257,-1.7226522353040945,5.548066613292508,0.3600449013113008,36.68254102877602
L/R,84,Yordan Álvarez,670541,L,2021,367,811,220,27.12700369913687,95.17722087598266,12.235891052840028,88.68646219265845,15.39410885966603,97.8627959391214,-4.150093147984151,-1.7691179308949052,5.6469502984614355,0.36822549503812635,36.68254102877602
L/R,85,Jazz Chisholm,665862,L,2021,355,769,233,30.299089726918076,95.05018381281076,12.521534334189655,87.98067270367822,15.974911050985883,92.03144828322472,-4.40899466685611,-1.8157183537146926,5.860003300588371,0.38561840081152315,36.68254102877602
L/R,86,Dom Nuñez,624513,L,2021,219,492,122,24.796747967479675,94.98076752916843,14.045054906441138,84.30105140543658,19.574444360803405,,-5.7587732592871825,-1.8411820104424392,7.180403583806643,0.4851650797548413,36.68254102877602
L/R,87,Eddie Rosario,592696,L,2021,292,588,209,35.544217687074834,94.21486326225123,11.796283075372243,87.91970742307176,14.544943648924816,98.41438325127028,-4.431358280927886,-2.1221351573954887,5.335454921629198,0.34224177795931343,36.68254102877602
L/R,88,Joc Pederson,592626,L,2021,369,804,273,33.95522388059701,94.05873826878639,11.275967885622945,88.48274405225,13.601467286396346,98.56660230757672,-4.224822138422539,-2.1794057721794013,4.989363817847888,0.31271615133566394,36.68254102877602
L/R,89,Jorge Polanco,593871,S,2021,432,888,247,27.815315315315313,93.8694854491133,9.403369978336606,90.41108477239254,10.630029342390023,88.45748885336184,-3.517457762581655,-2.2488285154040994,3.8993648748931498,0.217475180338645,36.68254102877602
L/R,90,Rafael Devers,646240,L,2021,406,869,278,31.990794016110474,93.86612530714356,11.05136395578886,88.5217783979879,13.212515329240238,101.7612205127036,-4.210503348531921,-2.250061100860774,4.846686356581872,0.30038235338174907,36.68254102877602
L/R,91,Omar Narváez,553882,L,2021,371,705,228,32.340425531914896,93.40511370885731,10.243558964823153,88.91498375734169,11.89242992471388,94.8225153642654,-4.06626563125962,-2.419171869549542,4.362445486451606,0.25807408443707347,36.68254102877602
L/R,92,Víctor Caratini,605170,S,2021,276,557,137,24.59605026929982,92.75297196671082,10.16737309686836,88.12973454770129,11.773673689020864,97.86816264691268,-4.354314994764098,-2.658394031678205,4.318882681569286,0.25424953826199254,36.68254102877602
L/R,93,Bradley Zimmer,605548,L,2021,256,525,116,22.095238095238095,92.37946287642468,10.743940974764087,86.85515566276673,12.69631433941891,97.34207678562564,-4.821862917174332,-2.7954066569686216,4.657330716699715,0.28390293306296915,36.68254102877602
L/R,94,Brandon Crawford,543063,L,2021,395,852,240,28.169014084507044,91.62867664226572,9.478439277262126,87.46354467173737,10.738838968527979,94.40463713681056,-4.59869036934412,-3.0708141253523884,3.9392790106444635,0.22096135079346646,36.68254102877602
L/R,95,Jarred Kelenic,672284,L,2021,233,503,151,30.019880715705767,90.99739179579457,12.77835080606752,80.71839440484749,16.518801386254,89.04181442624648,-7.072982883448593,-3.3023854481676134,6.059516095974646,0.4015986694853213,36.68254102877602
L/R,96,Adam Eaton,594809,L,2021,237,509,146,28.68369351669941,90.92160914742712,11.392814127608043,83.70390124157755,13.808008213332226,,-5.977823113148172,-3.3301844492476964,5.065128278112357,0.3192307188196139,36.68254102877602
L/R,97,Rowdy Tellez,642133,L,2021,258,572,195,34.090909090909086,90.8254965789644,13.813276346678554,77.13017723503309,18.9611967546043,92.50917753736208,-8.389232118967346,-3.3654409816078408,6.955448779054669,0.4692843297223408,36.68254102877602
L/R,98,Gregory Polanco,570256,L,2021,275,612,180,29.411764705882355,90.78287015609803,12.603972114052583,80.82361095419134,16.147168151044827,89.16731885735663,-7.034386779566476,-3.3810774366649032,5.923191581992474,0.39071269197766445,36.68254102877602
L/R,99,Jackie Bradley,598265,L,2021,348,665,193,29.022556390977446,90.47749070910176,10.568884501582884,84.47892285674916,12.410186934756624,94.92002798045424,-5.693525491180963,-3.4930983776027573,4.5523719140899,0.27472675452009515,36.68254102877602
L/R,100,Jonathan Villar,542340,S,2021,345,702,183,26.06837606837607,89.85155207266249,8.689655110827994,86.09702600237537,9.629736593801036,102.41698197184816,-5.099964140898717,-3.7227085747295554,3.532432076984124,0.1857153202183677,36.68254102877602
L/R,101,Niko Goodrum,592348,S,2021,216,438,124,28.31050228310502,89.83526612614729,13.017222863969693,78.06082400421508,17.04481520479033,94.60087887924612,-8.047847236029185,-3.728682673741914,6.252471330776266,0.4167535736220709,36.68254102877602
L/R,102,Raimel Tapia,606132,L,2021,393,727,220,30.261348005502064,89.08895025337632,8.949069603706715,84.86405010083163,9.986465295787186,89.89310971135703,-5.55225103185742,-4.00245029997539,3.663289229451613,0.196969246593624,36.68254102877602
L/R,103,Tucker Barnhart,571466,L,2021,327,671,191,28.46497764530551,88.22005348518687,9.692172689488554,82.78374575777418,11.052714014316473,90.58308558431446,-6.315359526022876,-4.321183713464198,4.0544163530949175,0.23103880997767268,36.68254102877602
L/R,104,Leury García,544725,S,2021,333,582,165,28.350515463917525,88.17763906650494,8.69851717462974,84.03096973098441,9.641801448158898,74.87182290217348,-5.857846080329307,-4.336742399999312,3.5368577721340078,0.1860943134541981,36.68254102877602
L/R,105,David Peralta,444482,L,2021,443,886,247,27.878103837471784,88.11704562508449,8.433838308758979,84.25873225592977,9.285021975172548,94.788226538164,-5.7742969986680475,-4.358969614009119,3.4059819955735398,0.1749416398045694,36.68254102877602
L/R,106,Kyle Seager,572122,L,2021,435,899,245,27.252502780867633,87.89343884231825,9.357264153720509,82.83802777852382,10.563559679013382,85.27035951108167,-6.295447501490142,-4.440994263840469,3.8749821133533247,0.21534779599010345,36.68254102877602
L/R,107,Didi Gregorius,544369,L,2021,302,610,193,31.639344262295083,87.76286891504964,11.0375237435936,79.82654201161955,13.188883265259108,88.70862449973086,-7.400137003510553,-4.488890630982022,4.838017515016047,0.299630454830914,36.68254102877602
L/R,108,Kevin Kiermaier,595281,L,2021,268,532,153,28.7593984962406,87.24463714366505,11.098624549808555,78.95666487630744,13.29350094469388,88.80128470473039,-7.7192300405713565,-4.678991213144327,4.876393938198061,0.3029569863911798,36.68254102877602
L/R,109,Tyler Naquin,571980,L,2021,383,813,327,40.22140221402214,86.50576933318244,12.537448433800042,74.0217799531629,16.007997109492766,97.97376360033326,-9.529471227226736,-4.950026700873028,5.872140107574963,0.38659921821081533,36.68254102877602
L/R,110,Seth Brown,664913,L,2021,280,581,158,27.19449225473322,86.49531776324807,12.400817727954342,74.4401941973864,15.726482204988098,90.03396205057228,-9.375986250419208,-4.953860602302357,5.76887328722792,0.37821896348563094,36.68254102877602
L/R,111,Eric Hosmer,543333,L,2021,407,894,272,30.42505592841163,84.86496804895343,9.715360417553523,78.38039994227415,11.087138742209742,88.10482351814564,-7.9306186614325656,-5.551914305161018,4.0670442180284105,0.23214561516546436,36.68254102877602
L/R,112,Odúbel Herrera,546318,L,2021,339,701,225,32.09700427960057,84.76543683254805,9.696028255874081,78.28446815060609,11.058432873906463,84.8651559783271,-7.965808880270847,-5.588424884455365,4.056514176110394,0.23122266197375219,36.68254102877602
L/R,113,Cody Bellinger,641355,L,2021,253,517,171,33.07543520309478,84.26260198866203,12.660383771924234,69.91272797836533,16.266295948628965,97.11983629486744,-11.036775903775588,-5.772877482370837,5.966890685217952,0.39421794801161764,36.68254102877602
L/R,114,Marwin González,503556,S,2021,219,459,151,32.89760348583878,83.35609088949307,13.34015356882802,65.48663535771693,17.789839297749975,88.22200301950686,-12.660379145316563,-6.105408788253893,6.525765099350455,0.4376876676995596,36.68254102877602
L/R,115,Ryan O'Hearn,656811,L,2021,221,436,138,31.65137614678899,83.34336556122452,12.178802015187488,70.15154182157316,15.280883110298957,,-10.949172917758476,-6.110076762017054,5.605416216494721,0.36479744902261774,36.68254102877602
L/R,116,Harold Castro,605612,L,2021,295,549,231,42.07650273224044,81.72911567943824,11.425671568642967,70.10271957022367,13.866624293085197,77.40742749903812,-10.967082160140926,-6.702224637210273,5.0866301456172005,0.32107472855265223,36.68254102877602
L/R,117,Alex Dickerson,543105,L,2021,282,565,180,31.858407079646017,79.0920191561277,11.625662230352036,65.53752146495623,14.228652692421308,88.72287727655862,-12.64171282815056,-7.669578651342085,5.21943136173949,0.3324130412166415,36.68254102877602
L/R,118,Ozzie Albies,645277,S,2021,505,1031,351,34.04461687681862,78.70597681537457,8.881004563529576,72.06162997193258,9.892142716597963,86.74881417495376,-10.248504048317095,-7.811188791377301,3.628689310641127,0.1939844144925312,36.68254102877602
L/R,119,Dominic Smith,642086,L,2021,354,685,242,35.32846715328467,77.18703520662568,10.515234102019,66.30762615557786,12.323576110865588,90.34805836569691,-12.35921885904875,-8.368375170209763,4.52060086308071,0.2719446652377593,36.68254102877602
L/R,120,Rougned Odor,596059,L,2021,242,445,126,28.314606741573034,76.75605660893073,10.953691158253001,64.38228736044529,13.04654659539031,91.02894873500992,-13.065482052516199,-8.526469071134457,4.785804807692432,0.2950962124265459,36.68254102877602
L/R,121,Willi Castro,650489,S,2021,314,615,240,39.02439024390244,73.17635604877773,10.496314029653332,60.85991212127887,12.293150526923304,76.41684678497269,-14.35757879481087,-9.839594197819906,4.509439985767837,0.2709669249796944,36.68254102877602
L/R,122,Jason Heyward,518792,L,2021,279,513,155,30.214424951267056,70.54080709881039,10.572365058763626,56.978098446935995,12.41582302020574,72.23897093170527,-15.781526688562332,-10.806380522725153,4.554439373447189,0.27490773097543314,36.68254102877602
L/R,123,Joey Wendle,621563,L,2021,363,676,240,35.50295857988166,68.37182006737856,10.498134346904177,54.262916003155816,12.296075138755144,77.44012782331299,-16.77752460250812,-11.602020080438963,4.510512807702984,0.271060917696945,36.68254102877602
R/R,1,Alex Bregman,608324,R,2022,429,884,156,17.647058823529413,147.99198165983435,8.787990508151138,158.93955160950412,9.82926320344311,144.328039409884,20.97079291464889,17.07562886836969,3.497268600016723,0.20064953999477686,35.580170432221806
R/R,2,Matt Chapman,656305,R,2022,500,1038,206,19.845857418111752,140.3860073764008,9.325834423559932,150.89739590950043,10.600013383077034,137.95165716218509,18.109380210162943,14.369410255293081,3.7715028275371294,0.22596148020333337,35.580170432221806
R/R,3,Taylor Ward,621493,R,2022,401,813,162,19.92619926199262,138.25878939498338,9.130945976819822,147.62702640318926,10.316406065130378,131.02659447182688,16.945777166054018,13.612542472039888,3.6705948604534555,0.21661601231917887,35.580170432221806
R/R,4,Yandy Díaz,650490,R,2022,409,807,164,20.322180916976457,137.38154753484181,8.11728947561497,144.19826746780745,8.916282500500566,138.21709642682634,15.725818893135143,13.300418323098725,3.17242850989647,0.17119105873460652,35.580170432221806
R/R,5,Austin Nola,543592,R,2022,256,482,93,19.294605809128633,136.3905894769924,9.293724718538463,145.65278610062038,10.552933104204453,130.4610349295973,16.2433391016584,12.94783375720407,3.7547515840742993,0.22440814666282832,35.580170432221806
R/R,6,Will Smith,669257,R,2022,438,893,193,21.612541993281077,134.31819719194095,8.243995535285645,140.73846605039083,9.085028435756854,132.23025730942092,14.494815652201877,12.210473050158548,3.232468601258103,0.1765771512076093,35.580170432221806
R/R,7,Myles Straw,664702,R,2022,453,824,158,19.174757281553397,133.6665209011124,7.298273967185095,138.37057011843046,7.862567105528244,131.56436288399175,13.652314243952734,11.978605515215367,2.7975147764947583,0.13838828725854868,35.580170432221806
R/R,8,Alejandro Kirk,672386,R,2022,431,888,201,22.635135135135133,132.2113330111564,8.788001495567205,139.1977337606155,9.829278577551236,130.03521153439607,13.94662047759554,11.460847183859975,3.4972740701505964,0.20065004172981074,35.580170432221806
R/R,9,Seiya Suzuki,673548,R,2022,324,671,155,23.09985096870343,131.79178871530053,9.154526459043158,139.42192703478625,10.35045131613149,137.2408022918333,14.026388826643071,11.311572608355785,3.6827082187837292,0.2177362698648114,35.580170432221806
R/R,10,Jon Berti,542932,R,2022,314,595,133,22.35294117647059,131.09897301565994,9.297863487764106,138.8389866403089,10.558993560368048,125.20302801200285,13.81897764076976,11.065067601642472,3.756907904706277,0.22460806227570138,35.580170432221806
R/R,11,Luis Urías,649966,R,2022,338,705,155,21.98581560283688,131.02139621247971,9.936228500648397,140.21320993575483,11.523479501427017,126.2797016226497,14.307928631408721,11.037465642855086,4.100073646329876,0.2565087301292895,35.580170432221806
R/R,12,Paul Goldschmidt,502671,R,2022,512,1077,272,25.25533890436397,129.4905468988899,9.293764514755994,136.75637966796123,10.552991367191332,135.00816200478113,13.077982530575126,10.49278684801933,3.7547723141443297,0.2244100685218915,35.580170432221806
R/R,13,Nick Senzel,669222,R,2022,297,526,144,27.376425855513308,129.31330764138863,9.86935732436358,137.76132135995658,11.419530779238679,118.88587468789768,13.435542497331532,10.42972481812758,4.063088513813149,0.2530677222621266,35.580170432221806
R/R,14,Mike Trout,545361,R,2022,361,764,171,22.38219895287958,128.77525969629198,10.999602295767279,139.96024264647747,13.283901015312626,127.47980467357915,14.21792243874607,10.238286442255113,4.726434621295875,0.314349646317325,35.580170432221806
R/R,15,Isaac Paredes,670623,R,2022,277,614,119,19.381107491856678,127.34602784173393,10.524840868465684,136.62702306819403,12.471377104700961,123.0465568267642,13.031957231912635,9.729763312531759,4.437337229097691,0.28779953404044434,35.580170432221806
R/R,16,Chris Taylor,621035,R,2022,318,649,146,22.496147919876734,127.30512278583893,8.684356923928792,132.8921547543602,9.68489250390665,120.1969219168824,11.70308472043151,9.715209223928921,3.44590125906746,0.19594506910333503,35.580170432221806
R/R,17,Connor Joe,656582,R,2022,298,578,129,22.318339100346023,126.47976475886492,10.346688233149084,134.99540675928125,12.1779600300559,127.61170686342712,12.45142536840154,9.421545431255547,4.332938933861739,0.2781389022651922,35.580170432221806
R/R,18,Andrew McCutchen,457705,R,2022,416,814,176,21.62162162162162,126.26318530873658,8.818551133875593,131.80444934412355,9.872081182922168,119.8999630318648,11.316077281668806,9.344486093778714,3.512503310091006,0.2020475018145761,35.580170432221806
R/R,19,Mark Canha,592192,R,2022,341,673,168,24.962852897473997,125.70762513163089,8.989607181963247,131.3759837324767,10.113854224266223,130.21935780900708,11.163628486801402,9.146816835910954,3.598526570260387,0.20996187368135824,35.580170432221806
R/R,20,Aaron Judge,592450,R,2022,519,1187,277,23.336141533277168,125.52223635294571,10.01801389871269,132.9799166931779,11.651600948836261,120.93328194313058,11.734310567837467,9.080855192492557,4.145659475678315,0.26074877083042425,35.580170432221806
R/R,21,Justin Turner,457759,R,2022,381,774,197,25.452196382428944,124.74654090908801,10.40089964849173,132.7090443469763,12.266620530871764,114.87551955649872,11.63793372540518,8.804861431533007,4.364484491158085,0.28106115227538103,35.580170432221806
R/R,22,DJ LeMahieu,518934,R,2022,397,741,187,25.236167341430498,124.48206339407848,8.773353378625373,129.50727979561452,9.80879508281348,129.1080149402422,10.498740441192197,8.710759880937712,3.489986007812428,0.1999816996164672,35.580170432221806
R/R,23,Carson Kelly,608348,R,2022,220,444,113,25.45045045045045,122.88355481477699,11.527682248836005,132.64138898885412,14.246451366790842,110.3905242420111,11.613861833678776,8.142007804048552,5.068911676847774,0.3452574066485494,35.580170432221806
R/R,24,Mookie Betts,605141,R,2022,459,859,198,23.050058207217695,122.2302097239536,7.776776444741043,125.55808930082748,8.470698719105137,121.47164529457748,9.09361173245386,7.909546507223038,3.0138890410576367,0.15712968484242165,35.580170432221806
R/R,25,Spencer Torkelson,679529,R,2022,297,583,145,24.871355060034304,120.42154578449632,10.496147504791105,126.85490932412709,12.423716255138237,112.3934014584392,9.555022506943045,7.266020795017999,4.420379417593829,0.2862324452469274,35.580170432221806
R/R,26,Rhys Hoskins,656555,R,2022,500,1055,256,24.265402843601898,118.8603629092619,8.626761586377297,122.33160132926515,9.60520141585075,120.95536893035955,7.945621813196854,6.71054926725093,3.4175470341178786,0.19335464145062536,35.580170432221806
R/R,27,Wilmer Flores,527038,R,2022,397,815,211,25.88957055214724,118.6662024440654,9.14037831025316,122.62726087588057,10.330015600540792,123.0822759470383,8.050817983781752,6.641466642822023,3.6754371563475146,0.21706377529526738,35.580170432221806
R/R,28,Nolan Arenado,571448,R,2022,496,993,314,31.62134944612286,118.05649100273462,8.463945703580313,121.18441871914814,9.381969542135545,106.17476696458654,7.537452285348409,6.424530272851771,3.3381207529909673,0.1861250157266868,35.580170432221806
R/R,29,Ha-Seong Kim,673490,R,2022,392,721,186,25.79750346740638,117.41354240005415,9.08669002178427,120.97342109213722,10.252706115035487,129.1892049515655,7.46237897004998,6.195768064226476,3.6479303096444533,0.21452130790659485,35.580170432221806
R/R,30,Elvis Andrus,462101,R,2022,420,835,239,28.622754491017965,116.19068540025108,10.196210528354074,120.56181098178055,11.93464032534579,117.39091452404531,7.315927391268819,5.760673459554186,4.246365368230703,0.2701074719721431,35.580170432221806
R/R,31,Gio Urshela,570482,R,2022,390,740,270,36.486486486486484,115.89114846967848,11.232610402458143,121.50534601432423,13.700431141765264,107.56555504705705,7.65163876393558,5.654097709149009,4.874636750189273,0.32780864435597157,35.580170432221806
R/R,32,Carlos Correa,621043,R,2022,431,895,255,28.49162011173184,115.43716478430413,10.502005864432624,119.87865054159298,12.433434474351083,119.0860673160278,7.072857742324561,5.492569540158337,4.423837176552737,0.28655205214403,35.580170432221806
R/R,33,Tommy Pham,502054,R,2022,469,896,202,22.544642857142858,115.19989873802012,8.827111640246144,117.9465294420458,9.884095362187212,115.72263482013128,6.385405762148763,5.408149876512693,3.516777975549541,0.20243996275488027,35.580170432221806
R/R,34,Whit Merrifield,593160,R,2022,394,705,215,30.49645390070922,114.09659476805498,9.47571889593258,117.05332466988503,10.82167933995727,114.21514631640754,6.067601981905222,5.015592443613624,3.8503719527853324,0.23328313728230968,35.580170432221806
R/R,35,Jonathan India,663697,R,2022,309,599,157,26.21035058430718,113.71983273315934,10.160075614041883,117.14316176871075,11.876805913527352,113.27002358320036,6.099566174778776,4.881539869473845,4.2257877859372295,0.2681963668069621,35.580170432221806
R/R,36,Bryan De La Cruz,650559,R,2022,259,555,178,32.072072072072075,113.32010116032212,13.716132496380492,121.86917348632043,19.183684402924285,105.53198691423844,7.781089198551074,4.739314694586966,6.825587605740013,0.488790046422568,35.580170432221806
R/R,37,José Altuve,514888,R,2022,441,921,263,28.555917480998914,113.27687670358871,9.770291670442589,116.21151748325019,11.266844491661876,110.4467204904551,5.768085550189854,4.723935359212818,4.008762472466691,0.2480127841557451,35.580170432221806
R/R,38,Eugenio Suárez,553993,R,2022,473,989,232,23.458038422649143,112.82691020741305,9.299329231499875,115.2750440209213,10.561140431003446,118.86822331451998,5.434886696240703,4.5638365129856195,3.757671764937311,0.2246788836660507,35.580170432221806
R/R,39,Brian Anderson,605119,R,2022,302,614,167,27.19869706840391,112.5282427480483,10.037456453784962,115.41780822937076,11.68222141266255,97.78455619038544,5.485682444923238,4.457570121918054,4.156554288894845,0.2617618542313687,35.580170432221806
R/R,40,Ramón Urías,602104,R,2022,316,574,166,28.9198606271777,111.35976760307572,10.238262794971217,113.97248594774649,12.002232756424915,101.36793089645532,4.971434313826442,4.041824673878659,4.270414870407938,0.27234007684364764,35.580170432221806
R/R,41,Lourdes Gurriel,666971,R,2022,399,760,217,28.55263157894737,111.23334610192734,9.175486695594813,113.15241703778442,10.380775010163903,107.96038530635448,4.679652398000276,3.99684368830709,3.6934974408018073,0.2187344707861486,35.580170432221806
R/R,42,Dansby Swanson,621020,R,2022,520,1017,272,26.745329400196656,111.18262856537086,8.481399701409417,112.74647348948484,9.40575798026078,106.27889104741998,4.535216991656676,3.978798302361275,3.3465847198190892,0.1868934458005179,35.580170432221806
R/R,43,Ronald Acuña,660670,R,2022,402,824,216,26.21359223300971,110.95061849088711,9.555305599987015,112.99436464809918,10.94068328527642,111.55952350805194,4.623417088378068,3.89624872244003,3.8927137593509538,0.23721829096486052,35.580170432221806
R/R,44,Christopher Morel,666624,R,2022,305,598,181,30.267558528428097,110.91114619786617,10.087807249666398,113.25899588973583,11.761814279485025,108.83399403504416,4.717573335169292,3.8822044133096765,4.184873566562173,0.264394587912398,35.580170432221806
R/R,45,Tyler O'Neill,641933,R,2022,292,647,179,27.666151468315302,110.52325716381776,11.527040766949423,113.76273600115442,14.245240603091677,110.1399052423302,4.896804925347494,3.7441928339073494,5.06848088506008,0.3452189825828031,35.580170432221806
R/R,46,Lane Thomas,657041,R,2022,345,699,191,27.32474964234621,110.47783249614645,10.824291219868876,113.14689120345639,12.978442915128094,109.3301948862738,4.6776862967285595,3.7280306597316293,4.6177521086511915,0.3044093209707486,35.580170432221806
R/R,47,Santiago Espinal,669289,R,2022,365,702,172,24.501424501424502,110.45766520974524,8.837537323698271,112.00517801430126,9.898739199123263,109.64457535947612,4.271462798180012,3.720855104858526,3.521988277689205,0.20291844800661266,35.580170432221806
R/R,48,Yonathan Daza,602074,R,2022,267,536,185,34.51492537313433,110.1840216869939,11.543606361456353,113.25811096496354,14.276541520922214,107.90611982654768,4.717258477427115,3.623492273086863,5.0796178049710345,0.3462119290000993,35.580170432221806
R/R,49,Max Stassi,545358,R,2022,247,458,94,20.52401746724891,109.3557482595546,11.077018468217796,111.68479563968262,13.42092319998071,101.11772668285492,4.157470203255899,3.328791175959153,4.775187348130733,0.3187900586774733,35.580170432221806
R/R,50,Manny Machado,592518,R,2022,456,945,295,31.216931216931215,109.34612868556117,10.576254677651699,111.38109420904821,12.557173056764423,102.798996372652,4.049412716631079,3.325368515137435,4.467863575065818,0.29061820119961485,35.580170432221806
R/R,51,J. T. Realmuto,592663,R,2022,396,769,248,32.249674902470744,108.77206823618832,10.217603978058877,110.4071966540175,11.968988129480245,112.37624863477735,3.7028983067159085,3.1211168288665943,4.2585863754814675,0.27124212739910253,35.580170432221806
R/R,52,Gleyber Torres,650402,R,2022,427,834,227,27.218225419664265,108.74683404661766,9.460274335718669,110.07019248702905,10.798691387895511,103.67333139182227,3.582991649737729,3.1121384612101664,3.842192800262881,0.23252329641845879,35.580170432221806
R/R,53,Christian Walker,572233,R,2022,507,994,239,24.044265593561367,108.23226440113847,7.794820599704487,108.95458010310182,8.494032091900888,111.81400023133408,3.186054862173451,2.929053704356191,3.022191094865951,0.15785969468377345,35.580170432221806
R/R,54,Trey Mancini,641820,R,2022,398,801,228,28.46441947565543,107.88196500326269,10.745381293495837,109.3831874543562,12.843069383911853,99.14720234831113,3.338554088234793,2.8044165815689435,4.569585975524336,0.2999871635397867,35.580170432221806
R/R,55,Jorge Soler,624585,R,2022,236,551,145,26.31578947368421,107.08705800323776,12.455678827527315,108.91580511693894,16.121676469680917,98.11651640392294,3.1722586560116253,2.5215873161824116,5.73611996444387,0.4030823786397323,35.580170432221806
R/R,56,George Springer,543807,R,2022,454,827,219,26.481257557436518,107.06943659104031,8.164077780466197,107.63293971440416,8.97840280769741,107.74302681192256,2.7158129593737432,2.515317587689993,3.194531021070126,0.17317024739348072,35.580170432221806
R/R,57,Christian Vázquez,543877,R,2022,318,616,190,30.844155844155846,106.82924296657926,10.660969693626136,107.85600707990722,12.699664978276125,103.85374442414532,2.7951807081983975,2.4298562867394184,4.51856244359183,0.29529250744484425,35.580170432221806
R/R,58,Sean Murphy,669221,R,2022,446,856,268,31.308411214953267,106.77695823136646,8.899008051744488,107.39817847059523,9.98535005272702,112.77900983742404,2.6322845087177233,2.411253288840672,3.5528045670142236,0.20575112073382337,35.580170432221806
R/R,59,Willson Contreras,575929,R,2022,358,708,227,32.06214689265537,106.2390374184273,10.019474331718342,106.89540462995774,11.65389882730947,96.7353382066756,2.4533967193302764,2.219860146806523,4.146477064755408,0.2608248006447255,35.580170432221806
R/R,60,Byron Buxton,621439,R,2022,269,514,145,28.21011673151751,105.72121545762158,12.981358990541159,106.76661408664974,17.313462018851798,96.43408423138824,2.4075728245207073,2.0356182106163754,6.16015929402546,0.4378237641643736,35.580170432221806
R/R,61,Miguel Rojas,500743,R,2022,376,703,214,30.440967283072546,105.4366986966465,9.940968649211179,105.80211440092276,11.530875305467799,102.61112120117818,2.064402192520803,1.9343866621532049,4.10270508601242,0.2567535271390913,35.580170432221806
R/R,62,Ke'Bryan Hayes,663647,R,2022,391,805,218,27.080745341614907,104.89469260898622,10.554811575939963,105.10479751324345,12.52132816901833,101.21978760584236,1.8162956554318415,1.74153997241066,4.45510990291452,0.28944095302054174,35.580170432221806
R/R,63,Nico Hoerner,663538,R,2022,381,666,229,34.38438438438439,104.65056474531784,9.014019039599564,104.72326095262171,10.148655857966085,105.6582684171902,1.6805442969013913,1.6546788624449096,3.610909050843995,0.2111037519990345,35.580170432221806
R/R,64,Alec Bohm,664761,R,2022,458,803,250,31.133250311332507,104.61013704163031,8.949626423032536,104.6709026515407,10.057019867151709,105.83057163818395,1.6619151241413497,1.6402946165710537,3.578304809134985,0.20809844005091704,35.580170432221806
R/R,65,Jose Iglesias,578428,R,2022,309,573,228,39.79057591623037,104.164404043715,10.541720889203935,104.07733583798624,12.499489139079344,98.81363497723868,1.4507230402495646,1.4817020562401313,4.447339538841485,0.2887234354863029,35.580170432221806
R/R,66,Gilberto Celestino,665482,R,2022,226,458,106,23.144104803493452,103.9518714618185,10.612176903047141,103.77524504559686,12.617422331255261,105.14404824671615,1.3432386214573728,1.4060826013773546,4.489300369613836,0.29259572197128386,35.580170432221806
R/R,67,José Abreu,547989,R,2022,537,1077,336,31.197771587743734,103.94808088752656,8.75851433971919,103.84084339477731,9.788070741972719,103.77548790550614,1.3665786258964985,1.4047339085839246,3.482612252020331,0.19930578324025947,35.580170432221806
R/R,68,Garrett Cooper,643265,R,2022,368,759,242,31.88405797101449,103.48672887183314,10.02622131401601,103.17134452662766,11.664519287810785,107.34877663384476,1.1283697875670586,1.2405840751077164,4.150255842702463,0.2611761908995285,35.580170432221806
R/R,69,Xander Bogaerts,593428,R,2022,481,954,291,30.50314465408805,102.8786923260703,8.560932232209485,102.52584273765343,9.514584541507832,104.53003023598068,0.898699150906991,1.0242436358351006,3.3853053957863164,0.19041498747458332,35.580170432221806
R/R,70,Amed Rosario,642708,R,2022,512,924,366,39.61038961038961,102.60373333968356,9.42151025876073,102.07162647807542,10.741144089907497,98.38322610395444,0.7370882316182645,0.9264127598599914,3.8217173735596073,0.23062164244142894,35.580170432221806
R/R,71,Yuli Gurriel,493329,R,2022,400,748,263,35.160427807486634,101.81886432633328,9.27882720430002,101.08120580087814,10.531137841750413,100.79707089772748,0.38469486667551145,0.6471550272402675,3.746996792547002,0.22368928652730985,35.580170432221806
R/R,72,Travis d'Arnaud,518595,R,2022,326,624,219,35.09615384615385,101.67479942063167,10.614992808656917,100.55549378936517,12.622155893376279,101.94437461243685,0.19764563699653326,0.595896488258612,4.490984579084009,0.2927510211629365,35.580170432221806
R/R,73,Chas McCormick,676801,R,2022,292,609,180,29.55665024630542,101.29403142145125,10.98932964158483,99.88356227204345,13.265818873110927,99.3223923908116,-0.04142874205434534,0.46041858519885814,4.720000964282714,0.31376277104194755,35.580170432221806
R/R,74,Bo Bichette,666182,R,2022,580,1061,378,35.626767200754,100.92022322419487,9.28158568077572,99.92286310771021,10.535171245786321,97.74472028717932,-0.02744543774282655,0.327416991525424,3.7484318845771982,0.22382230621621033,35.580170432221806
R/R,75,Tyrone Taylor,621438,R,2022,272,499,161,32.26452905811623,100.41506983417788,12.397846794493825,97.7796882648769,15.996862448762354,91.27955827097094,-0.7899906994834227,0.14768255441322964,5.6917109230777365,0.39934802472681563,35.580170432221806
R/R,76,Randy Arozarena,668227,R,2022,517,1121,355,31.668153434433542,100.19961692536482,9.58191077624152,98.89037944003798,10.980671387456223,95.76513004620011,-0.3948048863854622,0.0710240422563661,3.9069415942591386,0.2385411206059891,35.580170432221806
R/R,77,Luke Voit,572228,R,2022,397,811,242,29.839704069050555,100.11197385688368,10.801201760825197,98.25607130362721,12.938698514494517,84.93897325522852,-0.620492802385862,0.039840489118743494,4.6036109831685,0.30311202584991187,35.580170432221806
R/R,78,Owen Miller,680911,R,2022,318,644,226,35.09316770186335,99.9536692091539,11.115764165348445,97.86139266406555,13.490006204150044,94.60839689886195,-0.7609201350014752,-0.016484574345638547,4.799767198753881,0.32102411567405026,35.580170432221806
R/R,79,Isiah Kiner-Falefa,643396,R,2022,406,697,218,31.276901004304158,98.53034076597667,8.87794185018385,97.02427451953416,9.95561611904533,100.901357665631,-1.0587681975447951,-0.5229072602383839,3.5422251827340743,0.20477814391399812,35.580170432221806
R/R,80,Bobby Dalbec,666915,R,2022,241,516,147,28.488372093023255,98.06384316670854,11.150114180310636,95.05074456986335,13.55153798278565,82.02713632671005,-1.7609535171686124,-0.6888879011202109,4.821660310462407,0.32301124335200704,35.580170432221806
R/R,81,Bobby Witt,677951,R,2022,484,933,311,33.33333333333333,98.0364822066722,8.903795978117769,96.39124450179862,9.992115606829191,92.20492710328448,-1.2840013567422268,-0.698622977333031,3.55521176269446,0.20597258052429976,35.580170432221806
R/R,82,Ryan Mountcastle,663624,R,2022,456,958,364,37.995824634655534,98.02838914051897,11.267680643843986,94.90252349809424,13.764212487430104,101.43202439738376,-1.8136908271205299,-0.7015025040635448,4.8973302616807874,0.3298587955998124,35.580170432221806
R/R,83,Ty France,664034,R,2022,435,818,255,31.173594132029343,97.76123945156934,8.904362035829845,96.0443282211234,9.992915658811459,87.47971440678906,-1.407434760663595,-0.7965548187009713,3.5554964225532975,0.20599877071871606,35.580170432221806
R/R,84,Brandon Drury,592273,R,2022,415,848,251,29.599056603773583,97.05963795320024,9.428056288544576,94.86171946314383,10.750847039136376,93.99121242636905,-1.8282089722991057,-1.0461858275757225,3.8251696994321946,0.23094222386636826,35.580170432221806
R/R,85,Vladimir Guerrero,665489,R,2022,579,1129,343,30.380868024800712,96.94846950564546,8.592026085047843,95.1850907640679,9.557324929847942,94.27523664103116,-1.7131529123014329,-1.085739750682566,3.400512498801121,0.1918006982086143,35.580170432221806
R/R,86,Willy Adames,642715,R,2022,449,936,278,29.700854700854702,96.50458355181397,9.114665118780643,94.3371245950013,10.292942478091808,87.14187954961207,-2.0148607204629068,-1.2436751295805066,3.66224647619562,0.21584423019875218,35.580170432221806
R/R,87,Josh Donaldson,518626,R,2022,424,876,258,29.45205479452055,96.13960773355767,8.765618197578215,94.08455620995139,9.797988780834974,94.58930494989896,-2.1047249823215757,-1.3735341477524932,3.486141107151055,0.19962922031636215,35.580170432221806
R/R,88,Michael Taylor,572191,R,2022,321,602,202,33.5548172757475,96.07041572518796,10.060384953546016,93.10614172850133,11.71841314326256,98.43492424535172,-2.4528465223550486,-1.3981527822559114,4.169431368324699,0.2629591020769247,35.580170432221806
R/R,89,Starling Marte,516782,R,2022,350,668,232,34.73053892215569,96.02420344824536,9.573519527823267,93.41295441766366,10.968047931330089,95.2228483149325,-2.3436820446434092,-1.4145951891527,3.9024501470550232,0.23812350424881984,35.580170432221806
R/R,90,Patrick Wisdom,621550,R,2022,390,843,229,27.164887307236064,95.85988995728607,9.087908655886876,93.53247736947415,10.254456749915832,95.11283753326131,-2.3011555746836128,-1.4730582092791482,3.648553188518526,0.21457885152498668,35.580170432221806
R/R,91,Jacob Stallings,607732,R,2022,309,603,166,27.52902155887231,95.63620943376667,11.072377975881047,91.54986797459637,13.412672041664036,98.627921570584,-3.0065713763863675,-1.5526441207710355,4.772251571939028,0.31852301336050015,35.580170432221806
R/R,92,Austin Riley,663586,R,2022,516,1001,308,30.76923076923077,95.56277569958647,8.678622307272832,93.41784734073883,9.676940601898268,96.59012002868946,-2.3419411342741436,-1.5787719685470956,3.443071958780275,0.19568637433400518,35.580170432221806
R/R,93,Marcus Semien,543760,R,2022,520,1014,261,25.7396449704142,95.32540338324029,7.609449730644527,93.72220185678023,8.255747812591105,101.5190185117414,-2.2336512787484497,-1.6632294432619832,2.937409142174339,0.15044075863364464,35.580170432221806
R/R,94,Ramón Laureano,657656,R,2022,286,570,170,29.82456140350877,95.26578706659811,11.04629642564603,91.03565669087787,13.366386999283566,92.26243293029898,-3.1895286275151244,-1.6844410303286788,4.755783274975431,0.3170241863632198,35.580170432221806
R/R,95,C. J. Cron,543068,R,2022,432,837,297,35.483870967741936,95.22033962519481,10.924877396753583,91.10383289805374,13.15289457404409,89.81958840457303,-3.165271416807726,-1.70061130743706,4.679822306215342,0.31009313647025855,35.580170432221806
R/R,96,Jose Trevino,624431,R,2022,278,487,196,40.24640657084189,94.82164862579513,10.98937649858458,90.4518092468673,13.265901299131764,86.90374187959429,-3.3972625431582584,-1.8424662445213922,4.720030291601408,0.3137654467308037,35.580170432221806
R/R,97,Maikel Franco,596748,R,2022,271,476,184,38.655462184873954,94.12565981947003,11.697536669555317,88.4699055937912,14.570861355748617,91.6087298047796,-4.102427240725164,-2.0901002480010478,5.184337303818102,0.3555067414739265,35.580170432221806
R/R,98,Pete Alonso,624413,R,2022,500,1022,351,34.34442270058709,94.01651439697989,10.441740185881404,89.92098039570054,12.33377211401951,97.93520608657872,-3.586132353106795,-2.12893437534201,4.388377138889988,0.2832727349648461,35.580170432221806
R/R,99,Elías Díaz,553869,R,2022,241,488,158,32.37704918032787,94.0148842430273,11.839968918787564,88.07771840175182,14.848961605415937,88.9147590300777,-4.241968112066118,-2.1295143868966515,5.28328584662217,0.3642169344853133,35.580170432221806
R/R,100,Julio Rodríguez,677594,R,2022,423,832,285,34.25480769230769,93.98875088898993,9.42837178653772,90.86839674220755,10.75131484396025,93.26882628694564,-3.2490400023168693,-2.1388126788028035,3.825336145185819,0.23095768050452273,35.580170432221806
R/R,101,Giancarlo Stanton,519317,R,2022,334,718,196,27.298050139275766,93.63815122633362,11.56278096828889,87.92143754763842,14.312861431808683,94.94813214922344,-4.2975731063126,-2.2635566363107116,5.092540491165272,0.3473630408557022,35.580170432221806
R/R,102,Jesús Aguilar,542583,R,2022,381,824,301,36.529126213592235,93.57223740487558,10.898517276740199,88.7488174794464,13.106968802640981,88.15064712901557,-4.003189916453321,-2.2870088863238736,4.663481838477803,0.30859852366027946,35.580170432221806
R/R,103,Harrison Bader,664056,R,2022,255,502,174,34.66135458167331,93.34479936686425,11.514931338533271,87.54594831983519,14.222404656336684,84.00578062331853,-4.431172813519624,-2.367931727876005,5.060355816284842,0.3444940421865428,35.580170432221806
R/R,104,AJ Pollock,572041,R,2022,393,700,230,32.857142857142854,93.21450565673831,9.166002910038646,90.0970212716358,10.367047387581561,91.1517258207977,-3.523496709418654,-2.4142904520012793,3.6886131292907183,0.21828253644907547,35.580170432221806
R/R,105,Adolis García,666969,R,2022,448,986,385,39.046653144016226,93.0954487741734,11.973938571067462,86.39713855787457,15.1158361083637,87.84785002457046,-4.8399212847672155,-2.4566510937291604,5.378240249611129,0.3725058192589683,35.580170432221806
R/R,106,Brendan Rodgers,663898,R,2022,380,680,200,29.411764705882355,92.86734292490958,8.742156539681448,90.01527241140269,9.76525564454177,98.1034080364576,-3.5525830932159916,-2.537811543663098,3.474494601470122,0.1985620133337564,35.580170432221806
R/R,107,Gary Sánchez,596142,R,2022,344,697,199,28.55093256814921,92.62250724042453,9.725866591747137,88.79177727220284,11.198871182423192,89.04337138138027,-3.9879047489732513,-2.6249244974817785,3.984577453191145,0.2457625057246355,35.580170432221806
R/R,108,Jean Segura,516416,R,2022,272,488,178,36.47540983606557,92.25983863017478,10.95285750419849,86.77208420468061,13.201806529458983,97.04340825159342,-4.706514984605426,-2.7539626071128085,4.697225263313693,0.31168355249701735,35.580170432221806
R/R,109,William Contreras,661388,R,2022,258,547,155,28.336380255941503,91.97571545113067,12.339172536073702,83.85819692700129,15.871411897979236,99.11312499781212,-5.743281044206559,-2.8550541184541474,5.647075403300942,0.39557704682163264,35.580170432221806
R/R,110,Kyle Farmer,571657,R,2022,424,761,279,36.662286465177395,91.92704602730568,9.347109001151091,88.27055506102676,10.631285084564475,87.05881886064111,-4.173356500040297,-2.872370782399461,3.7826293522234167,0.22699360624839857,35.580170432221806
R/R,111,Andrew Vaughn,683734,R,2022,428,806,264,32.754342431761785,91.63100162550495,10.239618153028577,86.85813104139618,12.004416459757913,92.59679426001928,-4.675899373450493,-2.9777038851152096,4.271191835775553,0.2724121872704122,35.580170432221806
R/R,112,Tim Anderson,641313,R,2022,289,479,206,43.0062630480167,91.3707435982515,11.139626607863933,85.1813931236713,13.532722704386815,,-5.272485582278693,-3.0703041347755264,4.814965802340804,0.32240389339933456,35.580170432221806
R/R,113,Trea Turner,607208,R,2022,525,1061,347,32.704995287464655,91.30541409334224,7.698240593202338,88.92611726175299,8.369492636425125,92.42390854805444,-3.9401063517326764,-3.093548483964768,2.9778797443523137,0.15397207764774737,35.580170432221806
R/R,114,Albert Pujols,405395,R,2022,221,465,161,34.623655913978496,90.925843324803,11.929277689998008,83.03391507227002,15.026284162927935,88.55931463313372,-6.036561932961826,-3.2286004103219232,5.346377514799713,0.36973222686700224,35.580170432221806
R/R,115,Randal Grichuk,545341,R,2022,358,659,215,32.62518968133536,90.91166226355648,9.125377372971455,87.19358799976344,10.308376824540211,80.53442105704771,-4.556543215936675,-3.233646056082533,3.6677380429670614,0.21635188175897058,35.580170432221806
R/R,116,Franmil Reyes,614177,R,2022,367,729,217,29.766803840877916,90.42153183445237,10.31778571266999,85.08512055355183,12.130910483539559,94.51557087665122,-5.3067395268066795,-3.4080352980979596,4.316198625023637,0.27658716181392007,35.580170432221806
R/R,117,Harold Ramírez,623912,R,2022,312,599,259,43.23873121869783,90.15615890982656,11.030852573814931,83.58121315956978,13.339051606379138,86.85679098830377,-5.841832340728274,-3.502455436960794,4.746057295591718,0.31613834159387405,35.580170432221806
R/R,118,Hunter Renfroe,592669,R,2022,383,753,249,33.067729083665334,89.71522123670844,9.577149174685209,85.12754469860286,10.973506951797672,87.35073758077485,-5.291644943693107,-3.6593418125560895,3.9043924758413198,0.23830409991606727,35.580170432221806
R/R,119,Eloy Jiménez,650391,R,2022,246,481,160,33.264033264033266,89.70715338998599,11.668433841081255,81.67635673205947,14.51472871473661,90.44125091499876,-6.5195835041255785,-3.662212366170152,5.164365214477923,0.35373997953805675,35.580170432221806
R/R,120,José Miranda,669304,R,2022,342,695,222,31.942446043165468,89.51270699671122,10.322313872469051,83.8219185085361,12.138271736958613,81.60253760215929,-5.756188967326587,-3.731396724296625,4.318817771536084,0.27682998633629363,35.580170432221806
R/R,121,Enrique Hernández,571771,R,2022,303,560,152,27.142857142857142,88.74760486008533,9.874234127010274,83.44456339719973,11.427087309705914,79.38927543888012,-5.89045255907477,-4.003621368488683,4.065777140232154,0.2533178836898246,35.580170432221806
R/R,122,Josh Harrison,543281,R,2022,323,559,216,38.64042933810376,88.68998515248049,10.384995452857586,82.58261818238115,12.240553908068073,86.9035310497942,-6.197134135539598,-4.0241225586570355,4.3552099423386075,0.2802022585093973,35.580170432221806
R/R,123,Thairo Estrada,642731,R,2022,368,665,211,31.72932330827068,88.03951252388795,9.073173674544556,83.5939540619633,10.233302023635575,86.15368464795685,-5.8372991059420585,-4.255561828525211,3.641026300853541,0.21388358658861362,35.580170432221806
R/R,124,Trevor Story,596115,R,2022,300,631,198,31.378763866877975,87.72114772737994,10.80168016023033,80.47492363562749,12.939520868336619,85.89450002894193,-6.947055447465196,-4.368836565718958,4.603903578067076,0.3031388769035959,35.580170432221806
R/R,125,J. D. Martinez,502110,R,2022,459,930,304,32.68817204301075,87.23114776805079,9.325708167268184,82.22545942478035,10.599827984415551,88.52990193088212,-6.324211830207565,-4.543179386366084,3.771436862377395,0.2259553619592912,35.580170432221806
R/R,126,Austin Hedges,595978,R,2022,254,490,140,28.57142857142857,87.00061231909154,10.54073511257957,79.9482228729259,12.497845917839115,86.98715090367023,-7.134456476502234,-4.625204292012475,4.446754877923633,0.2886694398419358,35.580170432221806
R/R,127,Miguel Cabrera,408234,R,2022,323,638,215,33.69905956112852,86.88047371607065,10.170808786134254,80.4489929838962,11.893960831304744,88.08518915355013,-6.956281617545371,-4.667949811722199,4.231891534919933,0.2687633149978807,35.580170432221806
R/R,128,Teoscar Hernández,606192,R,2022,439,897,261,29.09698996655518,86.67529643375065,10.270039334542217,79.99265561973377,12.05351561619119,79.66686353420044,-7.118647229460279,-4.74095223845986,4.288661399315296,0.2740332263885517,35.580170432221806
R/R,129,Oscar González,660757,R,2022,267,526,245,46.57794676806083,86.6347858592467,11.873965123960446,76.3775815785315,14.91618821228837,72.73945508656502,-8.404896734571054,-4.755365969911431,5.307205187923181,0.36631149570924265,35.580170432221806
R/R,130,Nelson Cruz,443558,R,2022,332,685,231,33.72262773722628,86.19474743159897,10.308555947553067,79.25945698123897,12.115917479352396,87.09758705180329,-7.379520554643454,-4.911932392435765,4.310864088580935,0.276092541593819,35.580170432221806
R/R,131,Adam Duvall,594807,R,2022,236,461,166,36.00867678958785,85.91660400618811,12.140320823146032,74.45961372256632,15.45478366994137,82.91240147239176,-9.087312966558695,-5.0108962972429705,5.498838369696324,0.3829299520889032,35.580170432221806
R/R,132,Eric Haase,606992,R,2022,227,467,162,34.68950749464668,83.93465391916914,10.72419523224806,75.22259237599296,12.806941578896048,76.28082854254438,-8.815843861308023,-5.716077516085887,4.556731640926292,0.2988053942175142,35.580170432221806
R/R,133,Manuel Margot,622534,R,2022,275,564,191,33.86524822695036,82.11626928945996,11.481141768059322,70.5206618048644,14.158883926039195,88.74017642810354,-10.488798772120305,-6.363061866449735,5.037755032185204,0.3424752325837361,35.580170432221806
R/R,134,Austin Hays,669720,R,2022,420,787,287,36.46759847522236,80.52076311723148,8.936542690552823,74.27435919756823,10.038464275653565,77.30995471091282,-9.153226842286415,-6.93074568178525,3.571702698055238,0.20749043386426144,35.580170432221806
R/R,135,Salvador Pérez,521692,R,2022,352,762,328,43.044619422572175,80.51808139994435,13.055152909840167,61.554982166957615,17.489705552939167,72.38871831855741,-13.678802867694547,-6.931699841366522,6.222867043829517,0.44281562407027986,35.580170432221806
R/R,136,Emmanuel Rivera,656896,R,2022,239,442,126,28.50678733031674,80.45216548926703,9.92611118545244,72.21988908015337,11.507706193769069,73.79449137583998,-9.884210811541692,-6.955152834727462,4.09446147658238,0.255986628924634,35.580170432221806
R/R,137,José Siri,642350,R,2022,239,481,183,38.04573804573805,79.27768922929803,12.112391946865872,63.81652453861664,15.397289516158379,79.04381720330903,-12.874142237461353,-7.373033489710412,5.478381851791771,0.3811701136655236,35.580170432221806
R/R,138,Jorge Mateo,622761,R,2022,376,698,240,34.38395415472779,79.09255403358955,9.935347960205373,70.37070037228372,11.522106042799905,69.30586919159171,-10.542155305415111,-7.438904907873519,4.099584967409534,0.2564632689560067,35.580170432221806
R/R,139,Nick Castellanos,592206,R,2022,428,834,328,39.328537170263786,77.7019778053866,10.070015315452217,68.15951947189609,11.73364061677281,78.92455460828967,-11.328897238337767,-7.933674299858089,4.174849329352168,0.26346278129086664,35.580170432221806
R/R,140,Marcell Ozuna,542303,R,2022,361,759,245,32.27931488801054,76.28955414740442,10.306379159211538,65.58275014644505,12.112383702113897,86.8780847506694,-12.245716155978457,-8.436217044593175,4.309606764616782,0.2759759526991675,35.580170432221806
R/R,141,Jonathan Schoop,570731,R,2022,388,668,249,37.27544910179641,76.09923824274537,9.030078970307011,68.49753204281255,10.17159223051686,71.76276669674277,-11.208631789523356,-8.50393176783049,3.61906985128853,0.211856652965437,35.580170432221806
R/R,142,Avisaíl García,541645,R,2022,313,636,274,43.08176100628931,74.46808315842152,11.906558017938483,57.02729128533425,14.980953946899344,67.80702889150304,-15.289763000020308,-9.084299526846767,5.330248946679447,0.3683252354381823,35.580170432221806
R/R,143,Hunter Dozier,641531,R,2022,358,728,247,33.92857142857143,73.7543775530419,10.978223046740895,59.79335749042036,13.246294876945859,68.54180467227951,-14.305591929982578,-9.338237197625151,4.713054293172002,0.31312886977996895,35.580170432221806
R/R,144,Jeremy Peña,665161,R,2022,402,753,281,37.31739707835325,71.94446981304233,9.132291851406352,62.97254672231501,10.318347259890595,66.87792730673101,-13.17443098291162,-9.982205456182978,3.671285540857563,0.21667987415182524,35.580170432221806
R/R,145,Martín Maldonado,455117,R,2022,267,520,180,34.61538461538461,71.70996792501322,11.03633126723744,56.58568983591694,13.348742732490132,72.08348979169895,-15.446885548354148,-10.065641627610514,4.749505414778811,0.31645245243227604,35.580170432221806
R/R,146,Luis Robert,673357,R,2022,314,547,247,45.155393053016454,71.2794964702504,11.264056282514098,55.00284810237512,13.757607395149144,76.4876479483087,-16.01006333482066,-10.218804104877188,4.894980158590016,0.32964662501666564,35.580170432221806
R/R,147,Javier Báez,595879,R,2022,447,931,451,48.442534908700324,64.65529259738287,11.31535987664054,44.853940276097774,13.851397361943006,63.259680999767134,-19.621062036419236,-12.57570713262129,4.928350788623597,0.33265629938249885,35.580170432221806
L/L,1,Brandon Nimmo,607043,L,2022,232,426,97,22.769953051643192,137.746398122771,9.163695442934568,143.55424312064156,9.976048950025634,131.27848299476457,15.496673932788504,13.430232784106902,3.549495218820995,0.15622986245614046,35.580170432221806
L/L,2,Luis Guillorme,641645,L,2022,96,190,39,20.526315789473685,136.97585461618615,16.28675563088441,166.78780739157685,22.88480279261904,132.09432273319027,23.763215697867082,13.156072091209591,8.14245183669171,0.493505408944352,35.580170432221806
L/L,3,Jesse Winker,608385,L,2022,140,272,47,17.27941176470588,135.31028385056507,13.302337980616972,149.5093234662129,16.241872071231533,143.65521436582603,17.61550166911853,12.563459174132348,5.778885764327614,0.3292143161954202,35.580170432221806
L/L,4,Tony Kemp,643393,L,2022,86,169,47,27.810650887573964,130.3299439416828,16.54962129955336,155.2147860833377,23.631808675406326,116.81113752763554,19.645514992238247,10.791445746448073,8.408237802926148,0.5095641634172717,35.580170432221806
L/L,5,Bryson Stott,681082,L,2022,111,219,54,24.65753424657534,128.96262243924298,16.266692908923154,150.86013363401196,22.82924475188715,109.04902371781291,18.096122229037217,10.304950425523563,8.1226841911105,0.4922903156802735,35.580170432221806
L/L,6,J. P. Crawford,641487,L,2022,181,326,70,21.472392638036812,128.60877713563283,10.18097944325114,133.91974561160126,11.332097767208824,125.50334896916948,12.0687032987838,10.179051663432663,4.031979699118901,0.19284211133067897,35.580170432221806
L/L,7,Kyle Schwarber,656941,L,2022,229,479,111,23.173277661795407,126.83575411413156,11.854175810895061,134.07692719003433,13.793590012969942,133.94712274491525,12.124628772278344,9.548207050579984,4.907782835336631,0.2614360569012996,35.580170432221806
L/L,8,Luis Arráez,650333,L,2022,123,244,49,20.081967213114755,126.25922554831143,13.471279293356622,136.3926318943865,16.552300507117035,136.89598531690714,12.94856045279383,9.343077204270742,5.889336730885756,0.3376295400270249,35.580170432221806
L/L,9,Juan Soto,665742,L,2022,238,513,94,18.323586744639375,124.76752788141388,12.419931565366378,132.16876786339128,14.70856367737163,152.30008661581024,11.44570243174042,8.812328632055115,5.2333320245406965,0.28698629815880583,35.580170432221806
L/L,10,Jake Cronenworth,630105,L,2022,208,371,82,22.10242587601078,120.98305127707717,11.3384158609722,125.57410661753028,12.999056733605439,115.49949149837076,9.09931072103539,7.4658054062645505,4.62508654039802,0.23918146403611107,35.580170432221806
L/L,11,Josh Rojas,668942,L,2022,128,247,38,15.384615384615385,119.20930969416375,14.1100029473165,126.75753141384297,17.782651037506064,118.47293873256388,9.520375280500618,6.834705128036769,6.327097546511917,0.3704051066743295,35.580170432221806
L/L,12,Max Kepler,596146,L,2022,119,220,63,28.636363636363637,119.13705233201455,12.677310655437726,124.57878954474091,15.141516284508477,118.99785504870468,8.745175210195931,6.808995835434251,5.387377300050734,0.2990040164642394,35.580170432221806
L/L,13,Max Muncy,571970,L,2022,145,289,62,21.453287197231834,118.73088143785877,12.553762209412401,123.85478891656254,14.932309876903934,143.78452319141897,8.487574552759709,6.664479539047549,5.31294130366991,0.2932044469048211,35.580170432221806
L/L,14,Steven Kwan,680757,L,2022,139,262,60,22.900763358778626,117.4192602830031,13.483477574410394,123.06208581205149,16.57494424401802,144.02008354922134,8.205529437153162,6.197802496724824,5.89739341106735,0.33824126584581593,35.580170432221806
L/L,15,Jeff McNeil,643446,L,2022,173,286,73,25.524475524475527,117.32200569628327,12.280050328050283,121.58931730083215,14.477791886152962,102.99646507740655,7.681515890789226,6.163199149016758,5.151223027915604,0.2805582539241866,35.580170432221806
L/L,16,Adam Frazier,624428,L,2022,153,268,75,27.985074626865668,116.32439469250185,11.878861677785867,119.86467045356025,13.832525633271992,103.45665615258116,7.067883603175945,5.808247453620732,4.921636195398944,0.2625260517983693,35.580170432221806
L/L,17,Kolten Wong,543939,L,2022,96,183,32,17.48633879781421,115.33892732673853,12.939034893466674,119.39215479353882,15.593470405500389,114.34679799199436,6.899761726021383,5.457616485328212,5.548183346575107,0.31147738843425604,35.580170432221806
L/L,18,MJ Melendez,669004,L,2022,127,249,79,31.72690763052209,114.68556414799906,13.981316550913656,119.4329188994241,17.52710272369265,118.37999885550528,6.914265664370536,5.22514875279133,6.236173020920435,0.3636795608609032,35.580170432221806
L/L,19,Yordan Álvarez,670541,L,2022,193,391,96,24.55242966751918,114.63910872396376,13.461438898825138,118.84012659476541,16.534056566107438,105.77013476132883,6.70334915206388,5.208619833744555,5.8828455055809865,0.33713646222145194,35.580170432221806
L/L,20,Dan Vogelbach,596129,L,2022,85,192,40,20.833333333333336,114.44168880439706,17.360479963198628,124.73302454746094,26.19335434432464,135.3044042221118,8.80005228702986,5.138377489895569,9.31964011762648,0.5607202135838226,35.580170432221806
L/L,21,Kyle Tucker,663656,L,2022,223,398,109,27.386934673366838,114.2165484082173,13.41104711637405,118.15788217166187,16.440948580848442,114.90437176684767,6.460605423559313,5.058272153223034,5.849717525739829,0.3346171016829725,35.580170432221806
L/L,22,Andrew Benintendi,643217,L,2022,153,269,66,24.53531598513011,114.15592606851504,11.72798797871075,116.8303647581698,13.595894096367447,119.52490630178038,5.9882724653214074,5.036702621436969,4.837442291271921,0.2558997024419832,35.580170432221806
L/L,23,Charlie Blackmon,453568,L,2022,170,290,112,38.62068965517241,114.05831065078202,13.586517450933648,118.07498750213772,16.767482051542913,99.99978185086162,6.43111135886339,5.001970889439433,5.965898691131169,0.34343065526689986,35.580170432221806
L/L,24,Trent Grisham,663757,L,2022,133,241,56,23.236514522821576,113.7057829660711,14.947664790748933,118.91802909055646,19.55472206709201,126.45169473704937,6.731066992837287,4.876540938398522,6.957603439018624,0.4156898847039773,35.580170432221806
L/L,25,Joey Votto,458015,L,2022,115,239,63,26.359832635983267,111.74182988189156,14.62536119776481,115.28655514217253,18.84919389608873,107.98817797070778,5.438982372800555,4.177763083838564,6.706575313328321,0.3979568253159699,35.580170432221806
L/L,26,Christian Yelich,592885,L,2022,202,405,103,25.432098765432098,111.09621372263851,13.24571307216111,113.38205325504546,16.139123596859587,116.40651787913365,4.761357355475859,3.9480517540383664,5.742327682029568,0.3264175065182288,35.580170432221806
L/L,27,Gavin Lux,666158,L,2022,109,229,60,26.200873362445414,110.82627226107081,15.434264026970862,114.36592921208573,20.683987397355487,111.46128990924365,5.111422097832441,3.8520061219453474,7.359397968158362,0.4431947499405962,35.580170432221806
L/L,28,Nathaniel Lowe,663993,L,2022,211,350,88,25.142857142857146,110.37442520887953,10.139228601379484,111.31927362352488,11.274607982657027,94.35634487792342,4.027416846939683,3.691238170682722,4.011524735794255,0.19126371470505313,35.580170432221806
L/L,29,Mike Yastrzemski,573262,L,2022,137,277,60,21.660649819494584,107.45222059686968,12.460838606215695,107.88809822519408,14.776643256660723,116.0254253304947,2.8065987923851177,2.6515127893513672,5.257554854881295,0.2888798824436615,35.580170432221806
L/L,30,Jared Walsh,665120,L,2022,119,223,73,32.73542600896861,106.93692126215346,14.209355462282332,107.27244185524219,17.982776520906494,94.97167408469714,2.587547206679403,2.468168407823235,6.398302534584097,0.3756397251259231,35.580170432221806
L/L,31,Riley Greene,682985,L,2022,120,234,63,26.923076923076923,106.8248394187149,13.437352693773743,107.05025178787128,16.48948681639694,99.04779799149946,2.5084916020253623,2.4282894969042177,5.866987512672777,0.3359310824303582,35.580170432221806
L/L,32,Matt Olson,621566,L,2022,214,461,122,26.46420824295011,106.71639298638645,13.152304037943859,106.87638918536985,15.97101551488867,102.53793329332608,2.446630991737459,2.3897040714540916,5.682514539953976,0.3218299339789248,35.580170432221806
L/L,33,Freddie Freeman,518692,L,2022,201,421,120,28.50356294536817,106.24514887106459,12.599621896783983,106.18894351572241,15.00966341224148,128.87361680555412,2.202036650847975,2.2220346120707566,5.340463823378358,0.2953505484595948,35.580170432221806
L/L,34,Rowdy Tellez,642133,L,2022,135,303,81,26.732673267326735,104.70985624342197,13.896453297937292,103.77376467320396,17.360777677824082,117.96813437281706,1.342711902436946,1.6757748785221782,6.176994286128926,0.3592780633552003,35.580170432221806
L/L,35,Luis González,670768,L,2022,108,216,50,23.14814814814815,104.20739363628881,14.703620129397999,102.7460075476617,19.017619556365325,107.70845404763756,0.9770341655397067,1.4969978265460133,6.766501450306328,0.4022270787480755,35.580170432221806
L/L,36,Rafael Devers,646240,L,2022,161,294,107,36.394557823129254,103.63877501114253,14.164948325356633,102.00641923351657,17.89301744245582,102.35675650322524,0.7138873828700735,1.294682350609612,6.3663661014929565,0.37329549229215764,35.580170432221806
L/L,37,Ryan McMahon,641857,L,2022,172,308,81,26.2987012987013,103.61161988721665,12.03036720975529,102.59178949591391,14.073400372409296,117.85368774619712,0.922163119890592,1.2850205112357025,5.007339838112165,0.2692653832602818,35.580170432221806
L/L,38,Brandon Marsh,669016,L,2022,105,203,61,30.049261083743843,103.5352863730994,16.061820618171684,100.91043106730561,22.27305268077523,83.4843867888287,0.32393292541523216,1.25786091681588,7.924790104278375,0.4799680174331748,35.580170432221806
L/L,39,Shohei Ohtani,660271,L,2022,225,439,133,30.296127562642365,100.63095076736224,13.072517818509962,97.95143853050587,15.82876518554485,103.53628987921768,-0.7288816622548401,0.22449335837089734,5.631901630333048,0.3179371241293989,35.580170432221806
L/L,40,Eric Hosmer,543333,L,2022,117,235,86,36.59574468085106,100.16985352600265,17.96685701482167,90.83343522096169,28.428522342737697,87.00829459361512,-3.2614793711618497,0.060434174036884336,10.114916700908328,0.6005746263683925,35.580170432221806
L/L,41,Alex Verdugo,657077,L,2022,171,305,75,24.59016393442623,98.39839276879394,11.618093903616012,95.72210217978979,13.425505512266739,97.52840380210414,-1.522083335347097,-0.5698545825179061,4.776817742651839,0.25112648697516526,35.580170432221806
L/L,42,Ben Gamel,592325,L,2022,109,210,58,27.61904761904762,98.0752118607225,14.969429490972244,92.13803198037678,19.603526959737135,112.07606399907992,-2.797301620708716,-0.6848429004141221,6.974968303001023,0.4169013050305497,35.580170432221806
L/L,43,Luis García,671277,L,2022,101,173,69,39.884393063583815,95.11721482461343,15.909687697882612,85.09322960311442,21.872604811598336,88.24719665964243,-5.303854313151875,-1.7373032872418013,7.782310069933035,0.4709188404138319,35.580170432221806
L/L,44,Andrés Giménez,665926,L,2022,128,246,88,35.77235772357724,93.77920630238447,16.320644587674096,81.4009119414503,22.97910461820924,68.8649803791258,-6.6175872300709955,-2.2133689998485204,8.1760045869574,0.49556128595730453,35.580170432221806
L/L,45,Brandon Crawford,543063,L,2022,116,192,57,29.6875,93.60786637559028,12.6447281494229,88.2001485788401,15.08609222165734,93.7449377283964,-4.198407246397641,-2.2743320378203347,5.367657324027839,0.29746902519121116,35.580170432221806
L/L,46,Cody Bellinger,641355,L,2022,160,301,97,32.22591362126246,92.99672506035975,13.477198741771227,86.16620820404583,16.563284892680812,100.43501236329529,-4.9220866982392115,-2.491777159361078,5.89324499399028,0.33792632249327126,35.580170432221806
L/L,47,Bryce Harper,547180,L,2022,134,289,102,35.294117647058826,92.94947576175353,15.508492405049846,82.07338177147247,20.863676422783517,83.32928515408597,-6.3783213184438345,-2.508588540333202,7.423331629653653,0.4474679352483003,35.580170432221806
L/L,48,Jack Suwinski,669261,L,2022,111,216,58,26.851851851851855,91.28672438592486,14.531027572424001,81.5216890710461,18.64853226134918,99.2038467288916,-6.574614521517666,-3.1001983137171565,6.635179561695907,0.3928397358018451,35.580170432221806
L/L,49,Daulton Varsho,662139,L,2022,130,190,69,36.31578947368421,90.7155451266753,12.393582229431543,84.44835845988372,14.664855025273294,106.77983948109404,-5.533300564981576,-3.303424867631653,5.217780411630482,0.2857698861491121,35.580170432221806
L/L,50,Joey Gallo,608336,L,2022,83,169,55,32.544378698224854,88.62752624403956,17.003940999163994,67.96182777458381,25.014594875893536,92.340250372071,-11.39923628117183,-4.0463455447304195,8.900235489772742,0.5379252561610722,35.580170432221806
L/L,51,Rougned Odor,596059,L,2022,94,167,59,35.32934131736527,87.05396193060191,15.516472677917115,71.37420508333997,20.883118968834584,92.21380532124428,-10.185106618925921,-4.606222409312154,7.430249320674985,0.44792856480278526,35.580170432221806
L/L,52,Nicky Lopez,670032,L,2022,124,234,79,33.76068376068376,86.85059897681344,14.181027277181649,75.17617536193248,17.925459202538743,95.62444483360736,-8.832359114020294,-4.678579294866097,6.377908935021672,0.3741434455236758,35.580170432221806
L/L,53,Nick Gordon,624503,L,2022,90,173,66,38.15028901734104,84.26338932519046,16.38034595667161,62.218768057618,23.146646486759128,78.15817148212724,-13.44262671649254,-5.599112898352445,8.235616269332779,0.49919347090751787,35.580170432221806
L/L,54,Cedric Mullins,656775,L,2022,196,327,112,34.25076452599388,82.51417133528349,11.80899537417433,74.15322800009216,13.722551872317709,104.56444835165088,-9.196325528794999,-6.221487640392427,4.882507343820685,0.25944700494885325,35.580170432221806
L/L,55,Anthony Rizzo,519203,L,2022,137,274,94,34.306569343065696,81.41227383162553,13.870507819023212,67.49365401670676,17.310267794785148,105.02509087673472,-11.56581330214342,-6.613544650182328,6.159022783658559,0.35793773007783497,35.580170432221806
L/L,56,Seth Brown,664913,L,2022,99,195,61,31.28205128205128,81.17599829485034,16.935036794158062,52.344367350024264,24.796762933938094,86.4202132751398,-16.955955317414908,-6.697611888856585,8.822730513569178,0.5335744749873524,35.580170432221806
L/L,57,Kole Calhoun,594777,L,2022,85,172,55,31.976744186046513,78.57542187965358,14.699348231783116,59.88507197030361,19.008379190624588,82.11435646779806,-14.272959761729092,-7.622901409603761,6.763213712427212,0.40199339163223474,35.580170432221806
L/L,58,Corey Seager,608369,L,2022,220,366,132,36.0655737704918,77.73255740565526,10.696493137389579,69.98560079621004,12.056381585993066,84.32463933168016,-10.679174390915891,-7.922794025965015,4.289681116255339,0.21286565249726078,35.580170432221806
L/L,59,Josh Naylor,647304,L,2022,127,283,92,32.50883392226148,74.34368458007057,14.613330600906172,53.22562467083961,18.82346081558636,88.4256116684365,-16.642402460722376,-9.128560753039293,6.697419439428115,0.3973023882814395,35.580170432221806
L/L,60,Oneil Cruz,665833,L,2022,111,258,95,36.82170542635659,53.80949677172103,16.73471694104861,-3.3756920552058034,24.18034299632928,73.77060496103886,-36.781247418731,-16.434659772122572,8.603407249189766,0.5210261230800507,35.580170432221806
L/L,61,Michael Harris,671739,L,2022,135,264,113,42.803030303030305,46.98941374411518,13.928112629051151,13.449488387051147,17.42262646216363,74.71807326503982,-30.79481954184713,-18.861256936963766,6.199000189007196,0.36091696499414394,35.580170432221806
R/L,1,Ha-Seong Kim,673490,R,2022,190,398,92,23.115577889447238,146.4147528942929,11.572422114961432,164.03413726190738,13.780605276824582,129.1892049515655,22.783455172589495,16.514448185484014,4.903162844085938,0.29480057963399275,35.580170432221806
R/L,2,Seiya Suzuki,673548,R,2022,116,251,42,16.733067729083665,142.28813849513517,13.101875039302637,165.3818212413173,16.610939040808397,137.2408022918333,23.262963429351302,15.046191749183095,5.910200421112098,0.3778737346662132,35.580170432221806
R/L,3,Paul Goldschmidt,502671,R,2022,135,311,81,26.04501607717042,141.00056894331024,15.347022184932806,180.55293531326566,22.11641956396586,135.00816200478113,28.66087167261731,14.588072308210386,7.869059774364299,0.5184752644563623,35.580170432221806
R/L,4,Robbie Grossman,543257,S,2022,148,306,46,15.032679738562091,140.68888344359584,13.693545532634811,166.29054477407482,17.869525532107247,130.49199820240614,23.586288811064126,14.477174076199475,6.358007639753149,0.4127733218169975,35.580170432221806
R/L,5,Yandy Díaz,650490,R,2022,144,277,51,18.4115523465704,138.7538234616537,11.293475073368748,152.2159653519937,13.316516603134934,138.21709642682634,18.578529465069245,13.788676436658744,4.738039303030524,0.28075984581341507,35.580170432221806
R/L,6,Carlos Santana,467793,S,2022,142,295,49,16.610169491525422,135.45713174868234,15.898470614649987,174.57906360193317,23.87050993724696,140.3836273892928,26.535357936322924,12.615707906558601,8.493168118712912,0.5564043247503856,35.580170432221806
R/L,7,Eugenio Suárez,553993,R,2022,153,350,60,17.142857142857142,133.13358519556598,14.267043956077366,156.56835316747095,19.204048004402484,118.86822331451998,20.1271164676873,11.788986082887787,6.832833009852094,0.44807199259001707,35.580170432221806
R/L,8,Alex Bregman,608324,R,2022,226,451,87,19.290465631929045,132.40492995848038,10.017187999439347,140.3823670160286,11.348691287588558,144.328039409884,14.368115008868307,11.529729307669422,4.037883701950716,0.22088765725442444,35.580170432221806
R/L,9,DJ LeMahieu,518934,R,2022,144,306,73,23.856209150326798,131.85579655216227,14.70320607334399,156.90602152952283,20.309517204538,129.1080149402422,20.24725944640106,11.334346705801174,7.226160835336031,0.47588705160709494,35.580170432221806
R/L,10,Yasmani Grandal,518735,S,2022,93,198,32,16.161616161616163,130.6413182369973,14.36462458699498,152.59127198085514,19.44403297788775,106.60511196733282,18.712064203261576,10.902233251403104,6.918220072429874,0.45422220449332307,35.580170432221806
R/L,11,Mark Canha,592192,R,2022,189,394,97,24.61928934010152,129.13277399861204,14.169176529204233,148.8249855770222,18.967339812618825,130.21935780900708,17.372013081812216,10.36549064034016,6.7486118317884385,0.44194581132345134,35.580170432221806
R/L,12,Rhys Hoskins,656555,R,2022,174,391,79,20.20460358056266,127.80472243042786,13.53975306452003,143.73026357450766,17.531741315060362,120.95536893035955,15.559302310269642,9.892967628952436,6.237823439634721,0.4035536573806993,35.580170432221806
R/L,13,Matt Chapman,656305,R,2022,118,268,47,17.537313432835823,127.45315362830652,13.366006018960055,142.48150000106767,17.159373122120897,137.95165716218509,15.114990102544185,9.767878849971147,6.105334201951475,0.39326301519686985,35.580170432221806
R/L,14,Dylan Moore,664238,R,2022,119,255,48,18.823529411764707,127.09474709321637,14.367069899337428,146.10493164459822,19.45009898417078,,16.40421325680741,9.64035719394585,6.9203783678038056,0.45437686355809964,35.580170432221806
R/L,15,Myles Straw,664702,R,2022,142,250,53,21.2,127.09067814635426,10.688215261083297,134.75842560505703,12.353819701555002,131.56436288399175,12.36710706983632,9.638909455717513,4.395510104702665,0.25147231731047576,35.580170432221806
R/L,16,Carlos Correa,621043,R,2022,161,365,84,23.013698630136986,126.2747217186304,13.903232670791935,142.57537575518015,18.34320207604704,119.0860673160278,15.148391255851935,9.348590768080694,6.526542561384385,0.4255115779020913,35.580170432221806
R/L,17,Geraldo Perdomo,672695,S,2022,147,291,57,19.587628865979383,126.23930622249904,13.685923365778681,141.65482331309312,17.852597166155412,126.18709338374627,14.8208571280394,9.335989874197738,6.351984498296096,0.4123139299829178,35.580170432221806
R/L,18,Wilmer Flores,527038,R,2022,206,443,127,28.66817155756208,125.59930493180309,14.211329137819963,142.67446258819348,19.068812588080657,123.0822759470383,15.183646519913967,9.108276324199704,6.784716018240063,0.4445792571288044,35.580170432221806
R/L,19,Jurickson Profar,595777,S,2022,197,441,96,21.768707482993197,125.40993209847728,12.542467996458509,136.61021073081807,15.51286408492709,126.4697281785971,13.025975373620621,9.040897147350051,5.519503480335985,0.34629466674167225,35.580170432221806
R/L,20,Sean Murphy,669221,R,2022,161,361,97,26.869806094182824,124.88832357197072,14.356345100503404,142.0141583985127,19.423513452366873,112.77900983742404,14.948709163854453,8.855307944630017,6.910919190277663,0.45369874594010284,35.580170432221806
R/L,21,Will Smith,669257,R,2022,136,267,58,21.722846441947567,124.82252840264326,13.803940636890708,139.67432459587113,18.116961094119517,132.23025730942092,14.11619230904384,8.831897911247136,6.4460456344270405,0.4194555700711595,35.580170432221806
R/L,22,Connor Joe,656582,R,2022,169,349,74,21.20343839541547,124.62405990246798,12.087860184399666,134.27650608116852,14.676461233241527,127.61170686342712,12.195639281890626,8.761282480630497,5.221909920206298,0.32164637118542394,35.580170432221806
R/L,23,Cooper Hummel,669450,S,2022,84,164,30,18.29268292682927,124.42947252057532,14.962591546582205,144.02152390964397,21.01010616355501,,15.6629332339126,8.692047958513491,7.475431580983611,0.4928258063377233,35.580170432221806
R/L,24,Tommy Pham,502054,R,2022,154,287,58,20.209059233449477,122.60869295112906,11.127631691022154,129.4815295377708,13.046934844014162,115.72263482013128,10.489578455564665,8.044211484509436,4.642121653681171,0.27257453842897356,35.580170432221806
R/L,25,Yoán Moncada,660162,S,2022,93,184,46,25.0,122.19731194022498,14.738513516631706,138.62779059560987,20.402875587249863,95.19631552545296,13.74383372811974,7.8978414197039655,7.259377907017677,0.47817533201509066,35.580170432221806
R/L,26,Marcus Semien,543760,R,2022,206,416,94,22.596153846153847,120.7225993513447,12.114905082671665,128.57677552585608,14.724944670520756,101.5190185117414,10.167665436133039,7.373136167194936,5.239160409821646,0.3230872589082631,35.580170432221806
R/L,27,Mookie Betts,605141,R,2022,175,365,77,21.095890410958905,120.51096226818187,13.071899109802748,130.30510454121634,16.549978134865267,121.47164529457748,10.782607845427764,7.297835332307818,5.888510426880506,0.37614662939665944,35.580170432221806
R/L,28,Christian Walker,572233,R,2022,158,309,66,21.35922330097087,120.0685006574704,16.04917023970132,140.76027273545805,24.389892453702824,111.81400023133408,14.502574507914412,7.14040673711952,8.67796530326307,0.5670024919142108,35.580170432221806
R/L,29,Taylor Walls,670764,S,2022,136,269,49,18.21561338289963,119.42172747465645,12.666804340023036,127.69711078932471,15.749987302258315,116.48540554442964,9.854679223643027,6.910283736364412,5.603872325196802,0.3531944937390652,35.580170432221806
R/L,30,J. T. Realmuto,592663,R,2022,161,334,100,29.94011976047904,119.08864394778129,15.30803432284643,134.8803760846164,22.000214369270992,112.37624863477735,12.410497258306446,6.791772049820576,7.827713768040771,0.5158443220437867,35.580170432221806
R/L,31,J. D. Davis,605204,R,2022,181,379,89,23.482849604221638,118.66790454230633,13.454413973874669,128.20795598542983,17.347651629385055,106.82552931567236,10.036438815062048,6.642072252277067,6.172324015723306,0.3984826091432805,35.580170432221806
R/L,32,Ronald Acuña,660670,R,2022,124,291,59,20.274914089347078,118.59360427290616,13.602735928229784,128.43944371002843,17.66912171394859,111.55952350805194,10.118802542003902,6.615636089792891,6.28670361969962,0.40731681036048534,35.580170432221806
R/L,33,Garrett Cooper,643265,R,2022,101,186,48,25.806451612903224,118.55757096283983,16.979880457510294,143.38403947420727,28.09266262762124,107.34877663384476,15.436115185305331,6.602815376658921,9.995417241856718,0.6346715877117232,35.580170432221806
R/L,34,Xander Bogaerts,593428,R,2022,144,330,87,26.36363636363636,117.6065114552067,12.89763428690654,125.31335785235152,16.20050746943964,104.53003023598068,9.00653586598487,6.2644267829312,5.764168168511447,0.36618446565192647,35.580170432221806
R/L,35,Mike Trout,545361,R,2022,134,296,70,23.64864864864865,117.5801695502274,15.960064939991367,134.57405901526585,24.080521752620527,127.47980467357915,12.301509122968529,6.2550542882444695,8.56789068055063,0.5607239523887362,35.580170432221806
R/L,36,Alejandro Kirk,672386,R,2022,108,234,62,26.495726495726498,117.48533104653845,17.73610106338943,147.24814956559058,31.98224503609844,130.03521153439607,16.8109721415082,6.221310586996573,11.379337291894624,0.6924622611759478,35.580170432221806
R/L,37,Elvis Andrus,462101,R,2022,157,312,99,31.73076923076923,117.4432173512574,15.677402257322472,132.97574156195043,23.141199976562927,117.39091452404531,11.732825049030957,6.206326462440271,8.233678391722362,0.5410382921934038,35.580170432221806
R/L,38,César Hernández,514917,S,2022,195,363,103,28.37465564738292,117.1842298408858,11.872646764397453,122.99562880682103,14.296044315875848,114.4268274210035,8.181883921428014,6.114178264851886,5.0865569326545845,0.3102950829524301,35.580170432221806
R/L,39,Austin Nola,543592,R,2022,143,235,57,24.25531914893617,116.85428969951055,11.26440395555262,121.73275778907427,13.268928607459097,130.4610349295973,7.732552260974586,5.996785000226255,4.721107413063782,0.27931626934356235,35.580170432221806
R/L,40,George Springer,543807,R,2022,130,271,65,23.985239852398525,115.60019127845248,14.255721398164592,124.7744006272915,19.1764611903211,107.74302681192256,8.814773966751742,5.550574644625998,6.8230175743851165,0.44736108036940836,35.580170432221806
R/L,41,Evan Longoria,446334,R,2022,128,261,74,28.35249042145594,115.44264931516946,16.014568660953298,129.93219170702048,24.26896226808486,,10.649924823457248,5.494520945587629,8.634938137116196,0.5645602432660514,35.580170432221806
R/L,42,William Contreras,661388,R,2022,116,276,83,30.07246376811594,115.27233937108075,17.013220688184266,134.59863009603498,28.24442846749439,99.11312499781212,12.310251555383234,5.433924377217841,10.049415786341477,0.6371664075382307,35.580170432221806
R/L,43,Whit Merrifield,593160,R,2022,158,287,78,27.177700348432055,115.16845554463836,13.98342160618738,123.40693231584932,18.52855175145306,114.21514631640754,8.32822641093399,5.39696233471813,6.592490291789417,0.4304341338432797,35.580170432221806
R/L,44,Aledmys Díaz,649557,R,2022,99,188,56,29.78723404255319,114.63142128841274,15.191008134919832,125.33235187183291,21.65701068999956,98.83257686245577,9.01329397048828,5.205884631073635,7.705601314026338,0.5079874611713802,35.580170432221806
R/L,45,Luis Urías,649966,R,2022,135,261,70,26.81992337164751,114.46470268409982,13.83895861613671,121.89746344176791,18.196345452442962,126.2797016226497,7.791154812914485,5.146565867516879,6.474290724415048,0.4215864278872481,35.580170432221806
R/L,46,Jonathan India,663697,R,2022,116,215,45,20.930232558139537,114.31420831686843,13.72156482405492,121.4259952378611,17.931925924955312,113.27002358320036,7.623405622430709,5.093019715165054,6.3802098058788665,0.4144642569458353,35.580170432221806
R/L,47,Taylor Ward,621493,R,2022,164,325,73,22.46153846153846,114.08159395962079,12.183665148669233,118.84525766334274,14.848912712389922,131.02659447182688,6.705174795008685,5.010255130406527,5.2832684504001834,0.3267651325514389,35.580170432221806
R/L,48,Isiah Kiner-Falefa,643396,R,2022,125,234,68,29.059829059829063,113.72649619970605,15.213495360503954,123.55211296693219,21.72231910585154,100.901357665631,8.379881934023883,4.883910742227861,7.728838159693058,0.5094925204045104,35.580170432221806
R/L,49,Ryan Mountcastle,663624,R,2022,153,333,126,37.83783783783784,113.60576807021224,16.421275108532132,127.24621439541718,25.759046329444242,101.43202439738376,9.694249518217987,4.840955467994331,9.165112585731237,0.5935995375101533,35.580170432221806
R/L,50,Aaron Judge,592450,R,2022,161,372,82,22.043010752688172,113.56108976820528,13.711829818792372,120.12387041084008,17.910214958528144,120.93328194313058,7.160107389736356,4.825058851994031,6.372485007021597,0.41387636766495683,35.580170432221806
R/L,51,Jordan Luplow,656669,R,2022,126,285,70,24.561403508771928,113.44976451985856,14.888480969988441,122.20053498727292,20.80638882376123,,7.898988185336736,4.785449138898174,7.402948604284995,0.4879559075909517,35.580170432221806
R/L,52,Marcell Ozuna,542303,R,2022,146,328,119,36.28048780487805,113.19658540953273,16.957633926776037,128.59891961869,27.99225699064371,86.8780847506694,10.175544342104017,4.695367579945462,9.959692745096556,0.6330096217498072,35.580170432221806
R/L,53,Brendan Rodgers,663898,R,2022,200,380,92,24.210526315789473,112.86512376470237,11.613593191463364,116.49590768038414,13.850283270399043,98.1034080364576,5.869272067022644,4.577432961797377,4.927954392953484,0.29690192840750723,35.580170432221806
R/L,54,Pete Alonso,624413,R,2022,169,374,120,32.0855614973262,112.64040001594228,16.554747893199032,125.37400641990081,26.283615012661215,97.93520608657872,9.02811472968361,4.497475868986853,9.351755017253897,0.6032883555257831,35.580170432221806
R/L,55,Franmil Reyes,614177,R,2022,108,226,57,25.221238938053098,112.59965832141981,17.02881209354706,127.30668627863594,28.31593970329096,94.51557087665122,9.715765517330793,4.482979904638786,10.074859605916085,0.6383347779454556,35.580170432221806
R/L,56,Gilberto Celestino,665482,R,2022,121,205,40,19.51219512195122,112.4138836532428,12.889748577255666,117.11163783027199,16.18488799305563,105.14404824671615,6.088349903755314,4.416880961081515,5.758610732193396,0.36573682672015767,35.580170432221806
R/L,57,Keibert Ruiz,660688,S,2022,105,205,69,33.65853658536586,111.91786015226937,16.023771728556504,121.86364054258522,24.301026902424557,101.4816270955877,7.779120567740168,4.24039495405129,8.64634678866273,0.5652092996463222,35.580170432221806
R/L,58,Isaac Paredes,670623,R,2022,104,217,51,23.502304147465438,111.8569665985869,14.975945321805057,119.25821210389404,21.047125949854895,123.0465568267642,6.852104688764265,4.218728923868827,7.488603284042754,0.4937058706977353,35.580170432221806
R/L,59,Nico Hoerner,663538,R,2022,129,247,79,31.983805668016196,111.66229198516046,15.399529561699369,119.7392551963232,22.27443632504026,105.6582684171902,7.023260640902993,4.149463364623438,7.925282407266047,0.5220290935470712,35.580170432221806
R/L,60,Wil Myers,571976,R,2022,100,219,71,32.42009132420091,111.60203118759526,18.010985452611482,129.92228113741908,33.68410790805178,,10.646398625902268,4.128022470145921,11.984863002258326,0.7140929588916373,35.580170432221806
R/L,61,José Abreu,547989,R,2022,138,323,84,26.006191950464398,111.44882349324968,15.544324216707235,119.60922851099782,22.71950335300194,103.77548790550614,6.976996924656854,4.0735109113824866,8.083638014352438,0.5318920412570995,35.580170432221806
R/L,62,Santiago Espinal,669289,R,2022,127,259,74,28.57142857142857,111.1585303565799,14.608204287160849,117.26392694489891,20.061317587772745,109.64457535947612,6.142534630289296,3.9702241186023355,7.1378509886788315,0.4697572236381918,35.580170432221806
R/L,63,Jorge Polanco,593871,S,2022,150,309,101,32.68608414239482,111.03364975719508,15.488046364409058,118.60455965071802,22.54486009089894,123.64722690214508,6.619534031889842,3.9257913885044373,8.021499644047799,0.5280476085080706,35.580170432221806
R/L,64,Darin Ruf,573131,R,2022,181,408,102,25.0,110.8646171486633,13.03362881089262,114.80543397160613,16.472515707027554,111.44976527277,5.26779864032753,3.865649298302797,5.860949163034911,0.3739473817574739,35.580170432221806
R/L,65,Alec Bohm,664761,R,2022,175,366,119,32.51366120218579,110.7974317639189,14.770193843354226,116.8311500731014,20.487168125155584,105.83057163818395,5.988551881712502,3.8417446239051944,7.289369335666177,0.48023321007668707,35.580170432221806
R/L,66,Dylan Carlson,666185,S,2022,141,296,80,27.027027027027028,110.66633211535581,14.30257573221624,115.90863247573327,19.2909668459464,115.4055933120034,5.660318548301688,3.7950991455104077,6.863758881811132,0.45030659970087483,35.580170432221806
R/L,67,Lane Thomas,657041,R,2022,204,371,89,23.98921832884097,110.47957593848545,11.263317569867397,112.88674410579554,13.267153017792724,109.3301948862738,4.58512551600635,3.7286509794872327,4.72047565523431,0.2792623951101618,35.580170432221806
R/L,68,Anthony Santander,623993,S,2022,178,393,109,27.735368956743002,110.34820248629528,13.81070263082183,114.74941552246835,18.132256192073616,104.22125400222411,5.247867180650821,3.6819080812952736,6.451487656346884,0.41986661946669795,35.580170432221806
R/L,69,Jo Adell,666176,R,2022,110,221,79,35.74660633484163,110.18751245286093,17.81702991906546,123.92313724884235,32.46421839086378,,8.511893005872448,3.624734293531737,11.550824232958027,0.6987960131459144,35.580170432221806
R/L,70,Jon Berti,542932,R,2022,90,164,36,21.951219512195124,110.1490598309199,13.527173632780224,114.11645988445487,17.50445814602545,125.20302801200285,5.022660485885263,3.611052785109461,6.228116041592788,0.4028041433457602,35.580170432221806
R/L,71,Mike Brosseau,670712,R,2022,105,222,67,30.180180180180184,109.75007762799245,15.56188088998188,116.0104258288734,22.774427146210286,,5.696536796837616,3.4690942373136426,8.103179993583808,0.5330942200385437,35.580170432221806
R/L,72,Jean Segura,516416,R,2022,114,237,77,32.48945147679325,109.51054859270803,17.087530817360356,118.9442957511824,28.588403051823192,97.04340825159342,6.740412715454849,3.3838693983247894,10.171802529689192,0.642744577802166,35.580170432221806
R/L,73,Adley Rutschman,668939,S,2022,115,269,70,26.022304832713754,109.45531077244141,13.087716971594597,112.59571062514144,16.582114724613923,117.8096549403237,4.481575307574795,3.3642156877308804,5.8999446802841815,0.37705750473225896,35.580170432221806
R/L,74,José Altuve,514888,R,2022,160,354,102,28.8135593220339,109.4162557140033,12.051200803504557,111.83607389613356,14.610987620968984,110.4467204904551,4.211295264728037,3.350319831376198,5.198614297371595,0.3196983875764003,35.580170432221806
R/L,75,Luis Rengifo,650859,S,2022,173,283,101,35.68904593639576,109.18931890442477,13.386600176340043,112.39601600486456,17.203014136316646,92.72015751429052,4.410523621336303,3.2695753277547084,6.120861749180673,0.3944758172512062,35.580170432221806
R/L,76,Austin Riley,663586,R,2022,172,366,110,30.05464480874317,109.11716634562707,14.33230253071437,113.12057653343244,19.364094060144247,96.59012002868946,4.668323492285363,3.2439033243632807,6.8897776692550625,0.4521803998983024,35.580170432221806
R/L,77,Garrett Hampson,641658,R,2022,84,165,39,23.636363636363637,109.00351215752116,14.530590307970568,113.11662800514492,19.861708635742374,,4.666918599191096,3.203464970531838,7.066829783348453,0.4647788059403952,35.580170432221806
R/L,78,Aaron Hicks,543305,S,2022,121,242,62,25.6198347107438,108.62191122280636,15.073101085642612,112.9791221383794,21.319407670582645,132.3176443918242,4.617993777441619,3.067690707589363,7.585481584333475,0.5001324380721814,35.580170432221806
R/L,79,Andrew Vaughn,683734,R,2022,124,235,80,34.04255319148936,108.5605520190433,14.526693479018668,112.28527314364305,19.851760087176253,92.59679426001928,4.37112112257217,3.0458589983146096,7.063290072813095,0.4645295496322934,35.580170432221806
R/L,80,Andrew McCutchen,457705,R,2022,165,344,68,19.767441860465116,108.29261559520242,11.854570034950152,110.09573888104865,14.2645175697078,119.8999630318648,3.592081100269191,2.9505267620620237,5.075339662636259,0.3093509210845326,35.580170432221806
R/L,81,Travis d'Arnaud,518595,R,2022,95,180,71,39.44444444444444,108.17946346764911,16.986173552356878,114.99023947783341,28.121189807706802,101.94437461243685,5.3335527544113255,2.910267042230874,10.005567261150668,0.6351421197212256,35.580170432221806
R/L,82,Giancarlo Stanton,519317,R,2022,118,261,66,25.287356321839084,107.94460697860124,16.712572931085933,113.81539665263907,26.92936868254371,94.94813214922344,4.915541674896446,2.8267047031565085,9.581515273570416,0.6148461117125319,35.580170432221806
R/L,83,Matt Duffy,622110,R,2022,101,186,41,22.043010752688172,107.88145381138804,14.66967785372658,111.13491119772877,20.22142693972624,,3.9618203816284487,2.8042346986287052,7.1948181689818105,0.47371916340639836,35.580170432221806
R/L,84,Christopher Morel,666624,R,2022,117,219,54,24.65753424657534,107.75558181589317,11.9540076438475,109.35656540792704,14.438749382467096,108.83399403504416,3.329081918742747,2.7594492281051903,5.137331638563166,0.3145624352678661,35.580170432221806
R/L,85,Michael Taylor,572191,R,2022,135,285,76,26.666666666666668,107.56539566599228,15.724116351224847,111.50455799187975,23.29223622110952,98.43492424535172,4.093341340984612,2.6917806718319746,8.287417344946467,0.5442673690417913,35.580170432221806
R/L,86,Josh Bell,605137,S,2022,208,391,99,25.31969309462916,107.30013216688646,11.779114337696095,108.63388803087332,14.133612230664326,122.28363492494664,3.071952076311929,2.597399466755646,5.0287633198997135,0.30542534618744227,35.580170432221806
R/L,87,Luis Robert,673357,R,2022,86,188,74,39.361702127659576,106.47447898584574,18.024158015112924,112.01626892668689,33.77051019864241,76.4876479483087,4.275408963709304,2.303630657762298,12.015605084507817,0.7151378627271338,35.580170432221806
R/L,88,Diego Castillo,660636,R,2022,152,310,106,34.193548387096776,105.99997383320579,14.379085628686077,107.44756259639989,19.479943538649323,,2.649855464845484,2.1348009157433308,6.930997111152009,0.4551372068317262,35.580170432221806
R/L,89,Trea Turner,607208,R,2022,183,401,139,34.66334164588529,105.97440020576762,14.744957699790323,107.54159792805942,20.41998133677472,92.42390854805444,2.6833133961164495,2.125701775515129,7.2654641618523295,0.47859357271156244,35.580170432221806
R/L,90,Eloy Jiménez,650391,R,2022,82,167,49,29.34131736526946,105.88183416713841,16.365048404399843,108.20120898958706,25.54363335450631,90.44125091499876,2.918004135997769,2.092766621208499,9.088468282115201,0.5895415085051138,35.580170432221806
R/L,91,Chris Taylor,621035,R,2022,135,299,74,24.74916387959866,105.6980079500795,13.880861997165255,106.75200144804235,18.291918059375593,120.1969219168824,2.4023736227995505,2.027360939879835,6.5082956208481955,0.4241433604937403,35.580170432221806
R/L,92,J. D. Martinez,502110,R,2022,138,333,102,30.630630630630627,105.63222418142043,14.681341448674289,106.86481091275279,20.252009422819885,88.52990193088212,2.442511422607204,2.0039549628741975,7.205699468588935,0.47447275391008137,35.580170432221806
R/L,93,Yonathan Daza,602074,R,2022,142,249,97,38.95582329317269,105.41426113317173,14.35335708512391,106.3663199106771,19.416115322426617,107.90611982654768,2.2651474744793867,1.9264033388280462,6.908286923036123,0.4535099071036138,35.580170432221806
R/L,94,Josh Donaldson,518626,R,2022,120,232,66,28.448275862068968,105.40860136497,13.492243231370672,106.17197041831862,17.428966905685336,94.58930494989896,2.1959975938640808,1.9243895836557978,6.201256129618377,0.4007265557282923,35.580170432221806
R/L,95,Chas McCormick,676801,R,2022,116,226,65,28.761061946902654,105.0112740997809,12.882856288692954,105.43971926135634,16.17124974955129,99.3223923908116,1.9354613842249837,1.7830198655278364,5.753758221910591,0.36534580438286635,35.580170432221806
R/L,96,Patrick Wisdom,621550,R,2022,137,267,67,25.0936329588015,105.00000269262465,14.14991520951819,105.57767098391696,18.921211116405782,95.11283753326131,1.9845448422262355,1.7790094796515281,6.732199163057675,0.4407450818813017,35.580170432221806
R/L,97,Miguel Cabrera,408234,R,2022,109,226,59,26.10619469026549,104.78801534303558,14.819842660284834,105.27567064313499,20.62028324694204,88.08518915355013,1.8770926062701183,1.7035840193729908,7.336731922868859,0.4834671668093409,35.580170432221806
R/L,98,Lourdes Gurriel,666971,R,2022,95,181,63,34.806629834254146,104.69576634251726,16.206393880912717,105.28342303510343,24.952589409823304,107.96038530635448,1.8798509205450666,1.6707616677665509,8.87817383926766,0.5781660411401943,35.580170432221806
R/L,99,Yuli Gurriel,493329,R,2022,181,332,118,35.54216867469879,104.58448253683659,13.049405558150424,104.77484803865214,16.50439970139779,100.79707089772748,1.6988990700320328,1.6311667000419061,5.87229354257244,0.3748532298659992,35.580170432221806
R/L,100,Vladimir Guerrero,665489,R,2022,119,236,78,33.05084745762712,104.18010201178103,15.499418419985815,104.0825634787125,22.579977898306996,94.27523664103116,1.45258304372955,1.4872874200324209,8.033994619775644,0.5288233282059996,35.580170432221806
R/L,101,Matt Vierling,663837,R,2022,135,270,81,30.0,104.16298203901694,14.64187022109241,104.0700172028797,20.148778116480063,116.25195407782974,1.448119057405345,1.4811961045450075,7.1689695938538165,0.47192491498250244,35.580170432221806
R/L,102,Miguel Rojas,500743,R,2022,128,222,70,31.53153153153153,103.94741396094255,13.227245538369381,103.74722460609597,16.86868764764141,102.61112120117818,1.333268901327099,1.4044966149686808,6.001907814709961,0.38514000427686457,35.580170432221806
R/L,103,Christian Vázquez,543877,R,2022,108,195,70,35.8974358974359,103.3950802459418,16.950968445955166,101.89433752462028,27.9623062112334,103.85374442414532,0.6740085198214304,1.2079753378167881,9.949036206736588,0.632512089573367,35.580170432221806
R/L,104,Francisco Lindor,596019,S,2022,208,416,127,30.528846153846157,103.12771368277059,12.115511932833035,102.58385342288057,14.726034348097919,101.27866472351346,0.9193394515797012,1.1128458589616976,5.239548118960763,0.3231196273774253,35.580170432221806
R/L,105,Austin Slater,596103,R,2022,181,394,103,26.14213197969543,102.6676629993064,12.278397676215231,101.87325799401385,15.021386329687902,109.91416247175916,0.6665083869053482,0.94915904171054,5.344634857385423,0.33186632845188924,35.580170432221806
R/L,106,Eduardo Escobar,500871,S,2022,171,328,122,37.19512195121951,102.42097269059795,15.523720941365015,100.3352330129774,22.655317708948626,97.29094060828707,0.1192764773624308,0.8613862094322986,8.06080065280525,0.5304829796097403,35.580170432221806
R/L,107,Trayce Thompson,572204,R,2022,96,227,59,25.991189427312776,102.34995068899268,16.000271474629276,99.87459431616116,24.21929097753404,,-0.04461955604155299,0.8361164602167672,8.617265007282331,0.5635526582172363,35.580170432221806
R/L,108,Julio Rodríguez,677594,R,2022,136,301,97,32.22591362126246,102.02916821476128,16.185111095062087,98.98099916445169,24.875117178308813,93.26882628694564,-0.3625622339938527,0.7219815091685385,8.85060908725716,0.5766485037448973,35.580170432221806
R/L,109,Starling Marte,516782,R,2022,153,290,84,28.965517241379313,101.95237433260974,11.375464954648349,101.0304315312785,13.45150761069622,95.2228483149325,0.3666292950162393,0.6946581150174964,4.786069333589002,0.2848512395035388,35.580170432221806
R/L,110,Matt Reynolds,608703,R,2022,85,200,45,22.5,101.85509931604871,16.30706560536203,98.44997523089495,25.324807113500178,,-0.5515014545892281,0.6600474983371123,9.010609532614795,0.5853713149541279,35.580170432221806
R/L,111,Nick Castellanos,592206,R,2022,130,266,109,40.97744360902256,101.52751475407113,15.106405595576396,98.76220406482788,21.413958371440774,78.92455460828967,-0.4404099033373535,0.543492352875841,7.619122884843656,0.5023449977015727,35.580170432221806
R/L,112,Bo Bichette,666182,R,2022,118,225,76,33.77777777777778,101.39849501633624,15.103257147961616,98.50537272142017,21.404993028740186,97.74472028717932,-0.5317909330451815,0.49758691029856417,7.615933000630955,0.5021356239915807,35.580170432221806
R/L,113,Dansby Swanson,621020,R,2022,175,346,89,25.722543352601157,101.27119124127876,12.4377542566413,99.72419856947371,15.316044155785933,106.27889104741998,-0.09813061903575919,0.45229201016645776,5.449474614102982,0.3405365592421994,35.580170432221806
R/L,114,Ke'Bryan Hayes,663647,R,2022,170,356,98,27.52808988764045,101.11667633018426,12.280007268784772,99.55127202527895,15.024333894355921,101.21978760584236,-0.15965817818280634,0.39731534145584224,5.3456836059179045,0.33195334381056524,35.580170432221806
R/L,115,Víctor Caratini,605170,S,2022,123,222,61,27.47747747747748,101.02877224036109,15.417540232482526,97.4746811744801,22.329044935473487,113.66998209826626,-0.8985127420769653,0.3660389164798651,7.9447122439288576,0.5232508961042349,35.580170432221806
R/L,116,Chad Pinder,640461,R,2022,158,284,81,28.52112676056338,100.79435275411137,15.299249958972032,97.10316500534788,21.9741627464599,88.84093769361643,-1.0306988282374705,0.28263206374587346,7.818444556244224,0.5152524675976056,35.580170432221806
R/L,117,Gleyber Torres,650402,R,2022,146,275,86,31.272727272727273,100.60588674666755,15.18954670937606,96.82737218400598,21.652776720354918,103.67333139182227,-1.1288263841107509,0.21557553709055655,7.704094860410727,0.5078897257037821,35.580170432221806
R/L,118,Randy Arozarena,668227,R,2022,127,237,70,29.535864978902953,100.43057877238569,16.929102621104327,93.87352346780573,27.864479267193072,95.76513004620011,-2.179810791644793,0.15320066105979802,9.914229213318405,0.6308813298464795,35.580170432221806
R/L,119,Ketel Marte,606466,S,2022,149,304,108,35.526315789473685,100.13372880865214,15.624621443947513,95.33209268058216,22.97245213541224,113.42185480665944,-1.660849379867021,0.04758093803541019,8.173637622240252,0.5374014178635645,35.580170432221806
R/L,120,Ian Happ,664023,S,2022,134,270,87,32.22222222222222,99.74083490175475,15.008913016172322,95.28860924515914,21.1389352001207,109.60835065836676,-1.6763208603003226,-0.09221138365649417,7.521269171759873,0.49588192824647404,35.580170432221806
R/L,121,Nelson Cruz,443558,R,2022,175,353,93,26.345609065155806,99.3490170208563,12.988148590482805,96.44400652644191,16.38098798023193,87.09758705180329,-1.265228538450653,-0.23162085346408734,5.828383441848289,0.3713421922632633,35.580170432221806
R/L,122,Brandon Drury,592273,R,2022,155,290,95,32.758620689655174,99.20815439636488,15.461917691050223,93.58829565266132,22.464499473764135,93.99121242636905,-2.2812953343932802,-0.2817400153334346,7.992907199510851,0.5262674555977626,35.580170432221806
R/L,123,Jonah Heim,641680,S,2022,132,257,82,31.906614785992215,99.02973657879163,13.704089469011395,95.33868576956938,17.892975754426256,109.06122974721148,-1.6585035475686218,-0.34522137890744475,6.3663512688209885,0.413409231813623,35.580170432221806
R/L,124,AJ Pollock,572041,R,2022,133,240,90,37.5,98.92587431155869,15.431642794679966,93.04121994562604,22.371950932610527,91.1517258207977,-2.4759458033497097,-0.3821757506036958,7.959978270835861,0.5242085784706969,35.580170432221806
R/L,125,Trevor Story,596115,R,2022,94,204,78,38.23529411764706,98.83810533393321,16.259147441690807,91.28118617333243,25.1464372595148,85.89450002894193,-3.102168819196441,-0.41340410242945547,8.947145234567092,0.5819361529278843,35.580170432221806
R/L,126,Frank Schwindel,643524,R,2022,82,166,64,38.55421686746988,98.61571900135404,16.711006929077918,89.59858831590182,26.92281865001576,,-3.7008400045591645,-0.49252953857909665,9.579184760833606,0.6147308924534725,35.580170432221806
R/L,127,Amed Rosario,642708,R,2022,158,297,125,42.08754208754209,97.98922375410596,14.724473767518864,92.25751697053963,20.36567888611669,98.38322610395444,-2.7547886575678535,-0.7154376152997299,7.246143257359329,0.4772647565896589,35.580170432221806
R/L,128,Abraham Toro,647351,S,2022,118,221,63,28.50678733031674,97.96412406959674,14.922784632909707,91.90339301587605,20.90032087057309,84.97327650091822,-2.880786564178476,-0.7243681258260648,7.436369786631129,0.4902070382873103,35.580170432221806
R/L,129,José Siri,642350,R,2022,85,193,63,32.64248704663213,97.88574254909966,16.25676113168134,89.00938797350241,25.13761195117436,79.04381720330903,-3.91047849057211,-0.752256404406288,8.944005174818395,0.5817653471503713,35.580170432221806
R/L,130,Ramón Laureano,657656,R,2022,95,176,50,28.40909090909091,97.87641744452979,15.31273496384592,91.05891028766523,22.014174605168442,92.26243293029898,-3.1812549581465626,-0.7555742925052287,7.832680843765823,0.5161611715112163,35.580170432221806
R/L,131,Cal Raleigh,663728,S,2022,100,234,74,31.62393162393162,97.8336643721973,16.43806541961696,88.38949944630625,25.823999748459197,89.57063651417127,-4.131035885038292,-0.7707859085061388,9.188223122918313,0.5948140371370585,35.580170432221806
R/L,132,Tomás Nido,621512,R,2022,123,235,94,40.0,97.44507216459901,15.784206574186703,89.1596842478203,23.488901686610415,,-3.857002820016527,-0.9090476782559493,8.357391252753008,0.5484351885514104,35.580170432221806
R/L,133,Mauricio Dubón,643289,R,2022,94,167,71,42.51497005988024,96.98436041874898,15.538222590660904,88.72324697431563,22.70046470289401,,-4.0122879457592315,-1.0729697026306542,8.076864030196042,0.5314745551925324,35.580170432221806
R/L,134,Spencer Torkelson,679529,R,2022,106,210,50,23.809523809523807,96.80825315914478,13.086764043343896,92.29463892577392,16.580176698801626,112.3934014584392,-2.741580602627713,-1.135628965741339,5.899255127397145,0.37700259895023686,35.580170432221806
R/L,135,Maikel Franco,596748,R,2022,116,224,86,38.392857142857146,96.74758151166887,14.908984831329725,89.54321992962862,20.862458878112225,91.6087298047796,-3.720540170760741,-1.1572160413173096,7.42289842518452,0.4893008224325852,35.580170432221806
R/L,136,Bryan Reynolds,668804,S,2022,170,350,119,34.0,96.54991113395052,14.437277839084828,90.00702298826329,19.625370929121367,88.74176132375288,-3.5555182520286706,-1.227547498603513,6.982740424537094,0.4588285449488301,35.580170432221806
R/L,137,Hunter Renfroe,592669,R,2022,141,321,95,29.595015576323984,96.25241272163082,14.617374707426137,89.13521751557492,20.085088161139346,87.35073758077485,-3.8657081250486245,-1.333397940740015,7.146308599195383,0.4703471966738185,35.580170432221806
R/L,138,Albert Pujols,405395,R,2022,129,259,95,36.67953667953668,96.22404068322537,16.026181681709545,85.76129080808997,24.30943534619824,88.55931463313372,-5.0661569978300225,-1.3434927603597702,8.649338527288101,0.5653793258284177,35.580170432221806
R/L,139,Nick Senzel,669222,R,2022,120,213,60,28.169014084507044,95.84432432195578,11.301461870597045,92.55000612334058,13.329615710337224,118.88587468789768,-2.6507205185055094,-1.4785964888585206,4.742699987698198,0.28115709552648194,35.580170432221806
R/L,140,Jose Iglesias,578428,R,2022,158,314,141,44.904458598726116,95.83628140644709,14.13221571493088,89.22172633508045,18.878953518264296,98.81363497723868,-3.8349281396296586,-1.4814581719042366,6.717163837618371,0.43964315495991924,35.580170432221806
R/L,141,Manny Machado,592518,R,2022,180,331,99,29.909365558912388,95.70820248829227,14.066672957491212,89.10325738131701,18.723547165025757,102.798996372652,-3.877079595287961,-1.5270288692714664,6.661869992273599,0.4355746345265157,35.580170432221806
R/L,142,Gary Sánchez,596142,R,2022,125,277,83,29.96389891696751,95.61312613888487,15.677840239150143,85.41041991074202,23.142608658244466,89.04337138138027,-5.190997461103489,-1.5608571964313556,8.2341796030655,0.5410685227438772,35.580170432221806
R/L,143,Justin Turner,457759,R,2022,147,307,94,30.618892508143325,95.17481401316893,13.762703519309344,88.67272994295577,18.02403596120703,114.87551955649872,-4.030261991614367,-1.7168093977861782,6.412982713762409,0.41695319732603736,35.580170432221806
R/L,144,Andrew Velazquez,623205,S,2022,104,182,45,24.725274725274726,95.16356463067169,14.497215319188731,87.32576190697203,19.776726980935976,84.88145990616133,-4.50951551448493,-1.7208119472512697,7.0365931657322145,0.4626461778039014,35.580170432221806
R/L,145,Keston Hiura,669374,R,2022,109,233,65,27.896995708154503,94.46025695372344,14.451133545248727,86.11611712945945,19.660217253931854,,-4.939909187948375,-1.9710500173723533,6.995138806294031,0.4597096589953645,35.580170432221806
R/L,146,Harold Ramírez,623912,R,2022,120,228,92,40.35087719298245,94.34978696080613,14.735680288616587,85.26880940054897,20.395361436708193,86.85679098830377,-5.241382721980115,-2.0103554291288015,7.256704359448417,0.47799150757056746,35.580170432221806
R/L,147,Carson Kelly,608348,R,2022,134,257,58,22.56809338521401,94.31491084388236,14.62517219020963,85.45933373353712,20.105331227321223,110.3905242420111,-5.173593839588075,-2.022764410970419,7.153511116643603,0.4708491339152999,35.580170432221806
R/L,148,Thairo Estrada,642731,R,2022,171,314,106,33.75796178343949,94.09926144361403,14.013629272813377,86.35671756579882,18.598999500801728,86.15368464795685,-4.854303142638161,-2.0994928351219535,6.617555721073338,0.4322958319892561,35.580170432221806
R/L,149,Kevin Newman,621028,R,2022,104,172,56,32.55813953488372,93.9421002923509,14.841781629453168,84.22254914607448,20.679503950140273,,-5.613643903686733,-2.155411040594617,7.35780274999795,0.48489965466030055,35.580170432221806
R/L,150,Jesús Aguilar,542583,R,2022,123,284,104,36.61971830985916,93.92346692851075,16.586429096007336,78.04101653738974,26.41096279485407,88.15064712901557,-7.813043741180134,-2.1620408232061985,9.39706557519977,0.6055996186469347,35.580170432221806
R/L,151,Tommy Edman,669242,S,2022,160,303,104,34.32343234323432,93.90912240684804,12.99584055347642,87.77927883367741,16.396427853234666,94.6872997431407,-4.348153419024182,-2.167144628461478,5.833876974977182,0.37178216200771835,35.580170432221806
R/L,152,Yu Chang,644374,R,2022,89,171,54,31.57894736842105,93.45471377061378,15.442111496195176,81.50811369986386,22.40388507480435,,-6.579444661721112,-2.3288239956923604,7.971340493054491,0.5249200574294293,35.580170432221806
R/L,153,Gio Urshela,570482,R,2022,159,289,105,36.332179930795846,93.12187801005503,14.074645871152546,84.50373764404107,18.742361652300513,107.56555504705705,-5.513596556874419,-2.4472475265585483,6.6685642189119045,0.43606853712116844,35.580170432221806
R/L,154,Martín Maldonado,455117,R,2022,112,224,53,23.660714285714285,92.98056871549733,14.15813090102996,84.06730965809129,18.94086858886664,72.08348979169895,-5.668878378089264,-2.497525614398747,6.739193325261915,0.4412570392733083,35.580170432221806
R/L,155,Owen Miller,680911,R,2022,154,305,106,34.75409836065574,92.97508880380025,13.422739695752872,85.55292071660772,17.279915445944066,94.60839689886195,-5.140295431509181,-2.4994753763201056,6.148223366210719,0.3966086082215619,35.580170432221806
R/L,156,Bryan De La Cruz,650559,R,2022,96,199,58,29.145728643216078,92.86747491207093,16.23457037195918,77.11374243511703,25.055801659872294,105.53198691423844,-8.142969447142617,-2.5377645824061412,8.914896933742023,0.5801781916439886,35.580170432221806
R/L,157,Christian Bethancourt,542194,R,2022,131,229,90,39.30131004366812,92.5978788616496,14.223874277747104,83.22773193160799,19.099151716763227,,-5.967601564082991,-2.6336873166245867,6.795510731932973,0.445364513826122,35.580170432221806
R/L,158,Max Stassi,545358,R,2022,129,241,56,23.236514522821576,92.23887521555822,12.31478462191016,86.21118907671936,15.088160995588662,101.11772668285492,-4.906082427080068,-2.761421425761792,5.368393397318461,0.33383621008814707,35.580170432221806
R/L,159,Leody Taveras,665750,S,2022,99,190,54,28.421052631578945,92.13879617010248,16.05824806683655,76.21555390474153,24.421788491692812,88.87944432075398,-8.462546457052888,-2.797029720701887,8.689313967941034,0.567644095961139,35.580170432221806
R/L,160,Adolis García,666969,R,2022,205,411,141,34.306569343065696,91.94993298063979,15.02913657564031,79.76910713878587,21.195549230311485,87.84785002457046,-7.198186159980183,-2.8642275653964404,7.541412540190304,0.4972191675304685,35.580170432221806
R/L,161,Bobby Witt,677951,R,2022,147,274,110,40.14598540145985,91.5420074526467,14.247476716966409,81.26265599729507,19.15640691964104,92.20492710328448,-6.666778930634104,-3.0093681634929226,6.815882230698214,0.4468437746755636,35.580170432221806
R/L,162,Trey Mancini,641820,R,2022,187,407,141,34.64373464373464,91.12057508682324,14.395339117592634,80.0933624470596,19.520413401848085,99.14720234831113,-7.082815568660859,-3.159314517509454,6.9453963574518145,0.45616672271007697,35.580170432221806
R/L,163,Elías Díaz,553869,R,2022,140,269,95,35.31598513011153,90.9984747432275,13.075293223256184,82.99167285537989,16.55686790250229,88.9147590300777,-6.05159178572568,-3.2027580278591454,5.890961817948142,0.37634198740391844,35.580170432221806
R/L,164,Sheldon Neuse,641914,R,2022,111,203,66,32.51231527093596,90.91941352888782,13.325549378165604,82.353879977057,17.07402093645669,,-6.278519578837536,-3.2308881426669886,6.074965748824525,0.39088593681929057,35.580170432221806
R/L,165,C. J. Cron,543068,R,2022,195,436,129,29.587155963302752,90.65013244764197,13.874362260577698,80.63700935227247,18.27705187137857,89.81958840457303,-6.889385073236625,-3.326698810315992,6.50300620582208,0.4237462418311753,35.580170432221806
R/L,166,Javier Báez,595879,R,2022,143,305,139,45.57377049180328,90.62897140593503,17.12770945328952,65.76641323562342,28.77776629857855,63.259680999767134,-12.180368515827713,-3.3342279450205563,10.239178295620736,0.6457707565874322,35.580170432221806
R/L,167,Kyle Farmer,571657,R,2022,153,310,115,37.096774193548384,89.8081247387986,14.233199388778818,78.1703590469069,19.121745331253784,87.05881886064111,-7.7670234558526134,-3.626286588174909,6.803549578475513,0.44594866338038586,35.580170432221806
R/L,168,Willson Contreras,575929,R,2022,120,245,84,34.285714285714285,89.28752593442876,15.590061004229463,72.05122059348135,22.863030291037287,96.7353382066756,-9.944223346565048,-3.8115165300378075,8.134705143521563,0.5350266674031272,35.580170432221806
R/L,169,Víctor Robles,645302,R,2022,141,249,83,33.33333333333333,88.55611441262054,12.31780144519971,80.67708502818905,15.093710552741825,80.82646392925173,-6.875126079443637,-4.071753996058078,5.370367939211789,0.3339997936578128,35.580170432221806
R/L,170,Víctor Reyes,622682,S,2022,92,187,81,43.31550802139038,88.25331325010492,16.824636225380782,61.77692442189242,27.40587693229751,93.36795841465702,-13.59983543512763,-4.179491165751886,9.751057720956414,0.6231192465859475,35.580170432221806
R/L,171,Kyle Garlick,664247,R,2022,82,164,58,35.36585365853659,87.7758654056828,16.92827469384106,59.597400312223044,27.860787887506273,,-14.375313827959355,-4.34936792252225,9.912915814134541,0.6308196241444953,35.580170432221806
R/L,172,Austin Hays,669720,R,2022,161,294,108,36.734693877551024,87.35492807517605,13.603832482830605,75.7290734775973,17.67152514927475,77.30995471091282,-8.635637022150204,-4.499138142129391,6.287558766084896,0.40738248290274537,35.580170432221806
R/L,173,Ramón Urías,602104,R,2022,127,242,72,29.75206611570248,86.72638322479686,13.296549390070018,75.55018514264619,17.013145524472076,101.36793089645532,-8.699285796609175,-4.722775471137259,6.053306173489082,0.3891864417460225,35.580170432221806
R/L,174,Christian Arroyo,624414,R,2022,96,184,81,44.02173913043478,86.55969996350835,15.967188732037842,63.91080536593441,24.10501105197727,,-12.840596958416784,-4.782081659585696,8.576604014999416,0.5612246235724327,35.580170432221806
R/L,175,Teoscar Hernández,606192,R,2022,97,184,67,36.41304347826087,85.71852122941797,15.913177931888148,62.355752750026305,23.920376499679655,79.66686353420044,-13.393887329467612,-5.081374486814658,8.510910726615155,0.5574342351322293,35.580170432221806
R/L,176,Byron Buxton,621439,R,2022,114,230,58,25.217391304347824,85.64457074970638,14.719585737466813,68.66359764040695,20.35275140756433,96.43408423138824,-11.149545366869981,-5.107686193531494,7.24154363845781,0.47694793749103004,35.580170432221806
R/L,177,Aristides Aquino,606157,R,2022,105,236,80,33.89830508474576,85.03459722233409,15.659239114595453,62.476917910916875,23.082904068728435,,-13.350776558718271,-5.324715814161987,8.21293660835984,0.5397853724783611,35.580170432221806
R/L,178,Nolan Arenado,571448,R,2022,124,255,97,38.03921568627451,84.96953560228049,14.643406649892126,67.71710614613576,20.152782447947455,106.17476696458654,-11.486308653658154,-5.347864849463024,7.170394341814586,0.4720239620389817,35.580170432221806
R/L,179,Jeimer Candelario,600869,S,2022,122,230,80,34.78260869565217,84.60504666307834,13.953034322395414,69.8589375563303,18.45803236993145,88.97285280983394,-10.724241387540076,-5.477550635237744,6.5673993756562785,0.4285654191875322,35.580170432221806
R/L,180,Willi Castro,650489,S,2022,123,210,100,47.61904761904761,84.55691564384443,14.40344986580386,67.98981396011894,19.540651528823773,84.98010235303161,-11.389278748660956,-5.494675733911936,6.952597117522054,0.4566809024319917,35.580170432221806
R/L,181,Tyrone Taylor,621438,R,2022,130,240,80,33.33333333333333,84.41220987353557,14.267057891560084,68.29342209629172,19.20408199031103,91.27955827097094,-11.28125445636459,-5.546162293613083,6.832845102096277,0.4480728679083488,35.580170432221806
R/L,182,Jonathan Schoop,570731,R,2022,121,236,86,36.440677966101696,82.77319184437872,14.145586937914734,65.85257641124261,18.910865823370504,71.76276669674277,-12.14971151109259,-6.12932770180194,6.728518290164011,0.44047548695731953,35.580170432221806
R/L,183,José Ramírez,608070,S,2022,170,348,125,35.91954022988506,82.70194131644388,14.283921806756002,65.11952407257019,19.245269137843806,99.07102714777773,-12.410532782549625,-6.154678761075011,6.84749955938461,0.4491327540771362,35.580170432221806
R/L,184,José Miranda,669304,R,2022,139,250,88,35.199999999999996,82.6268737436814,13.689275021789406,67.43173978492027,17.860038543031827,81.60253760215929,-11.587842491334856,-6.181387931403235,6.354632152871228,0.4125159044703272,35.580170432221806
R/L,185,Salvador Pérez,521692,R,2022,116,220,100,45.45454545454545,82.43377522352694,16.51757796802801,49.60435058023438,26.135614390389655,72.38871831855741,-17.930857953977608,-6.250092713976288,9.299096143608928,0.6005823029816038,35.580170432221806
R/L,186,Ozzie Albies,645277,S,2022,88,178,90,50.56179775280899,82.06491846676809,16.45275589459201,49.327976768119655,25.881070052200926,,-18.029192227358056,-6.381332576681851,9.208528834255807,0.5958776665928325,35.580170432221806
R/L,187,José Azócar,640492,R,2022,113,198,91,45.95959595959596,80.49914062454508,14.24717883231218,61.300729328273356,19.155682874869335,,-13.769266461027168,-6.938439001534769,6.8156246143344354,0.4468250897512847,35.580170432221806
R/L,188,Eric Haase,606992,R,2022,124,274,101,36.86131386861314,80.37816697875235,14.686203271997341,58.782902470442686,20.26477678455569,76.28082854254438,-14.665113548231574,-6.981481630885895,7.210242117654233,0.47478705552423095,35.580170432221806
R/L,189,Willy Adames,642715,R,2022,165,353,106,30.02832861189802,80.12366744341024,12.886169272299801,66.21401470717103,16.17780380352314,87.14187954961207,-12.021111149393937,-7.072032999309826,5.756090165483995,0.3655337348023652,35.580170432221806
R/L,190,Joey Bart,663698,R,2022,97,191,68,35.602094240837694,79.33503884384703,15.029441006573034,54.67687560239246,21.19640318289982,,-16.126044905876668,-7.3526283991116586,7.541716377976644,0.49723931112650865,35.580170432221806
R/L,191,Hanser Alberto,593643,R,2022,105,184,81,44.02173913043478,78.28935914464543,15.606746490421033,48.25987182936019,22.91575330744767,,-18.40922578496365,-7.724683018262736,8.153464082617386,0.5361725201730236,35.580170432221806
R/L,192,Enrique Hernández,571771,R,2022,100,221,62,28.054298642533936,78.24199231142606,15.260998060720533,50.862732694998414,21.861273140624867,79.38927543888012,-17.483123452855967,-7.741536218250534,7.778278242087857,0.5126791720628008,35.580170432221806
R/L,193,Hunter Dozier,641531,R,2022,142,319,99,31.03448275862069,78.00383884755338,12.477826734122626,64.30877910295165,15.391058918715633,68.54180467227951,-12.698997224510569,-7.82627162658667,5.476164994602697,0.34273440399426797,35.580170432221806
R/L,194,Emmanuel Rivera,656896,R,2022,122,225,63,28.000000000000004,77.83204367493164,13.063937656724722,61.92441482726408,16.533829736422792,73.79449137583998,-13.547358097525215,-7.887396641799817,5.882764799192598,0.37568858397253985,35.580170432221806
R/L,195,Ty France,664034,R,2022,169,333,118,35.43543543543544,77.69355133465467,11.946902772479953,65.51953655210986,14.426234500477994,87.47971440678906,-12.268207660579252,-7.9366724525059364,5.132878822222052,0.3141886256566406,35.580170432221806
R/L,196,Jeremy Peña,665161,R,2022,154,307,122,39.73941368078176,77.62260212812704,13.19915552081851,61.04776638232024,16.81054125767434,66.87792730673101,-13.859271108327654,-7.961916301108772,5.981219230059494,0.38350593737930344,35.580170432221806
R/L,197,Robinson Chirinos,455139,R,2022,98,190,54,28.421052631578945,77.24164216083915,13.9146865047949,57.16701448622639,18.36953061739207,,-15.240049247009527,-8.097462506748343,6.535910301267264,0.42621296104796447,35.580170432221806
R/L,198,Randal Grichuk,545341,R,2022,180,344,117,34.01162790697674,76.24480552671889,12.945911671965343,59.86267216247278,16.29649454861687,80.53442105704771,-14.280929651531794,-8.452138680099152,5.798320534875618,0.3689309405931522,35.580170432221806
R/L,199,Bobby Dalbec,666915,R,2022,111,267,82,30.711610486891384,73.43653736669604,15.737885005818102,36.47481174180662,23.337059994553595,82.02713632671005,-22.60237024965496,-9.451325277629104,8.303365719932023,0.5452209501765412,35.580170432221806
R/L,200,Jorge Mateo,622761,R,2022,156,320,135,42.1875,73.04872060175471,14.79476692712167,44.01953000495066,20.55289609329408,69.30586919159171,-19.917946632997346,-9.589311143559959,7.31275545875149,0.4818324615819658,35.580170432221806
R/L,201,Oscar González,660757,R,2022,114,235,112,47.65957446808511,69.8848431279102,15.66551864697546,29.487670816001696,23.103031727121238,72.73945508656502,-25.08840689939587,-10.715024141020507,8.220098063520012,0.5402183793867907,35.580170432221806
R/L,202,Michael Chavis,656308,R,2022,181,336,137,40.773809523809526,67.27545526116441,13.804239934439755,40.546283359449134,18.117637738021298,74.22352881645311,-21.153733708998214,-11.643448791246373,6.446286385480513,0.419473759570573,35.580170432221806
R/L,203,Luke Voit,572228,R,2022,170,416,135,32.45192307692308,67.02157772267775,12.920581511962313,45.382009710714755,16.246054127091774,84.93897325522852,-19.433174031582045,-11.733778852129063,5.780373746930257,0.36748864164472217,35.580170432221806
L/R,1,Juan Soto,665742,L,2022,424,954,157,16.457023060796647,155.9249036034056,10.542934947766762,176.13114334849084,12.415284934183285,152.30008661581024,27.087590555392136,19.898176016147467,4.41737953922837,0.2788764622971881,35.580170432221806
L/R,2,Steven Kwan,680757,L,2022,496,1004,197,19.621513944223107,145.69241561035375,8.014885324841028,153.76543422823462,8.751051941014047,144.02008354922134,19.12983313203,16.25743934876298,3.113639195225053,0.1611697130785542,35.580170432221806
L/R,3,Max Muncy,571970,L,2022,419,915,136,14.863387978142075,143.95172163077578,9.151267760274033,154.66536600737007,10.296712054183493,143.78452319141897,19.450030392820118,15.63809746412572,3.6635876977936137,0.21011223008987853,35.580170432221806
L/R,4,Jesse Winker,608385,L,2022,406,838,160,19.09307875894988,137.9209925412551,8.352594341883062,145.18713505006002,9.1961138082286,143.65521436582603,16.077659664249598,13.492353775768677,3.2719929661088187,0.17503769521818102,35.580170432221806
L/R,5,Brendan Donovan,680977,L,2022,392,812,185,22.783251231527093,135.86253564522042,9.35586876492422,144.92050672777188,10.590804913091215,142.65345754752343,15.982792852758896,12.759951303885721,3.768226438221975,0.21961249679242487,35.580170432221806
L/R,6,Luis Arráez,650333,L,2022,478,1002,254,25.349301397205586,132.64100488319912,9.707447801807524,141.60978988671755,11.109130558342178,136.89598531690714,14.804834158183501,11.613725168232083,3.9526475861961807,0.23642801435004587,35.580170432221806
L/R,7,Dan Vogelbach,596129,L,2022,375,924,188,20.346320346320347,132.62020623178495,10.90491622617465,144.92824386411243,13.018580980027025,135.3044042221118,15.985545739055443,11.60632497261132,4.632033300550427,0.29835510555623207,35.580170432221806
L/R,8,Freddie Freeman,518692,L,2022,501,1033,279,27.008712487899324,131.74678141972447,10.126285081204788,141.4703132454796,11.749913237288895,128.87361680555412,14.755208131517893,11.295558935882896,4.180639155465579,0.25726997620573344,35.580170432221806
L/R,9,Cavan Biggio,624415,L,2022,255,513,81,15.789473684210526,131.07013879877772,9.443515227221495,138.96640769264562,10.718447587671974,128.20354779638066,13.864314268357703,11.054808338132986,3.8136419193820554,0.22374646199689205,35.580170432221806
L/R,10,Kyle Schwarber,656941,L,2022,437,998,207,20.741482965931866,129.9107360454842,11.103472651488444,141.66019314802674,13.360417885234838,133.94712274491525,14.8227677244607,10.642290862515285,4.7536594540236,0.30931890300507525,35.580170432221806
L/R,11,Aaron Hicks,543305,S,2022,329,771,145,18.80674448767834,129.86285901624223,9.197808706540092,136.91900306671718,10.363143086484337,132.3176443918242,13.135844213015167,10.625256133913098,3.687223972306138,0.21225481591044865,35.580170432221806
L/R,12,Carlos Santana,467793,S,2022,364,739,175,23.68064952638701,126.20929234785349,10.75366031363387,135.41940779214593,12.763468184823234,140.3836273892928,12.602285658529173,9.325310886445541,4.541263733222514,0.29013587662334595,35.580170432221806
L/R,13,Trent Grisham,663757,L,2022,387,827,161,19.46795646916566,125.0795898860884,9.72818285054532,131.74427010607565,11.140237799640317,126.45169473704937,11.294665406206548,8.923360825172512,3.9637155956668213,0.23743911061171807,35.580170432221806
L/R,14,Lars Nootbaar,663457,L,2022,277,562,108,19.217081850533805,124.12453007656717,10.17311225957919,131.29652575145585,11.823246016247102,133.01961874572245,11.135357201732173,8.583548917215207,4.2067310832015945,0.2596548749288753,35.580170432221806
L/R,15,Brandon Nimmo,607043,L,2022,439,903,190,21.040974529346624,123.41849442967681,8.175846626627244,127.39678873174262,8.961793363106935,131.27848299476457,9.74782412370976,8.332340230739382,3.1886213523769897,0.1677081925636807,35.580170432221806
L/R,16,Luis Guillorme,641645,L,2022,239,449,95,21.158129175946545,121.42056545537724,9.634969261274092,126.80855791208634,11.00087870081841,132.09432273319027,9.538530595541202,7.621473696568854,3.914131390793178,0.2329107177698064,35.580170432221806
L/R,17,Josh Bell,605137,S,2022,435,936,233,24.89316239316239,121.11847867964492,9.330774195929434,125.99360833854533,10.554444957808135,122.28363492494664,9.248570148338645,7.513990706910089,3.755289504163175,0.21843597538012893,35.580170432221806
L/R,18,Jorge Polanco,593871,S,2022,294,673,146,21.693907875185737,119.80336559074485,10.947001467405972,126.73723392339437,13.09036467536352,123.64722690214508,9.513153398805542,7.046071228502985,4.657574061693699,0.30066242743280563,35.580170432221806
L/R,19,J. P. Crawford,641487,L,2022,422,881,177,20.090805902383654,119.42092268052237,8.733005379101813,123.14667224988628,9.71140325969386,125.50334896916948,8.235625435897328,6.909997389239876,3.4553338311594195,0.19134462283507372,35.580170432221806
L/R,20,Rafael Ortega,542364,L,2022,348,757,191,25.23117569352708,119.04750820414014,9.580015803301897,123.64599926781293,10.919295275609214,120.52109457620884,8.413286839889762,6.777135882124496,3.885103869059302,0.23026146203022083,35.580170432221806
L/R,21,Ji Man Choi,596847,L,2022,363,871,172,19.747416762342134,118.5612171064267,10.696183995897144,124.55443022787571,12.667680789495824,119.92442028205627,8.736508123739167,6.604112680761327,4.507182414712435,0.28704272016496074,35.580170432221806
L/R,22,Ryan McMahon,641857,L,2022,427,916,234,25.54585152838428,118.43381718429902,10.787264455953416,124.5192656757319,12.81976241022933,117.85368774619712,8.72399651615467,6.558783571337779,4.561293314565502,0.29195200258276793,35.580170432221806
L/R,23,Andrew Benintendi,643217,L,2022,370,681,150,22.026431718061673,117.23199125882874,9.237433078573796,120.92493047186927,10.419916084977006,119.52490630178038,7.445125924715003,6.131171858756831,3.7074239019293125,0.21408755244509264,35.580170432221806
L/R,24,Rowdy Tellez,642133,L,2022,459,929,254,27.341227125941874,117.19082401171542,11.173553252902432,123.35532420832064,13.483029477508735,117.96813437281706,8.309864158318444,6.116524482071657,4.797284867524313,0.3132358152071678,35.580170432221806
L/R,25,Jurickson Profar,595777,S,2022,462,964,238,24.688796680497926,116.56795304657614,8.158952773972722,119.15297633848762,8.939557994941106,126.4697281785971,6.8146616240770115,5.894905931102275,3.180709970487356,0.16701583360769642,35.580170432221806
L/R,26,Geraldo Perdomo,672695,S,2022,354,681,149,21.879588839941263,115.50753569218966,9.195424055829193,118.69359679104652,10.359732723240725,126.18709338374627,6.651213598166698,5.517607629118709,3.686010559251703,0.2121447705723968,35.580170432221806
L/R,27,Max Kepler,596146,L,2022,328,632,141,22.310126582278482,115.14268108836815,8.539269825576161,117.71039619803591,9.447049276336562,118.99785504870468,6.301389151482907,5.387791739249206,3.361276233336526,0.18294910122356234,35.580170432221806
L/R,28,Mike Yastrzemski,573262,L,2022,422,870,188,21.60919540229885,115.00909890969378,8.797001793960364,117.7398738286355,9.799639010396168,116.0254253304947,6.311877342689621,5.340262972409791,3.4867282616414506,0.1941592867526182,35.580170432221806
L/R,29,Christian Yelich,592885,L,2022,464,1035,230,22.22222222222222,114.67281331617005,8.252939722614807,116.9394808120677,9.06361636277071,116.40651787913365,6.027096143267198,5.220611985095041,3.2248501491965613,0.1708858697465002,35.580170432221806
L/R,30,MJ Melendez,669004,L,2022,410,872,191,21.90366972477064,114.62084881046623,9.867881524079086,118.15944117407663,11.351450196613051,118.37999885550528,6.461160119275528,5.202122925401359,4.038865326483701,0.2443074215294483,35.580170432221806
L/R,31,Ben Gamel,592325,L,2022,311,687,155,22.561863173216885,114.19520750420025,10.016588927678901,117.73421491812603,11.579494385399533,112.07606399907992,6.309863892685745,5.050679023201993,4.120003837514709,0.2517262516670811,35.580170432221806
L/R,32,Josh Rojas,668942,L,2022,381,773,163,21.08667529107374,113.13389218617753,8.666660577533756,115.3302568832678,9.620412870904545,118.47293873256388,5.454531526764097,4.6730612242262275,3.4229592957512396,0.18844836903235637,35.580170432221806
L/R,33,Ketel Marte,606466,S,2022,407,811,204,25.154130702836003,113.1044231869113,9.523328766666365,115.88199910357018,10.835577066440788,113.42185480665944,5.6508423490942095,4.662576104062636,3.855316787554372,0.227544510001125,35.580170432221806
L/R,34,Robbie Grossman,543257,S,2022,330,655,136,20.763358778625953,112.89465581566552,9.837001046036969,115.85059122902362,11.304513933246113,130.49199820240614,5.639667373801406,4.587940515862193,4.022165323983228,0.24278074625238918,35.580170432221806
L/R,35,Cedric Mullins,656775,L,2022,471,843,239,28.35112692763938,112.43780161185916,8.735455004175636,114.51263881164552,9.714772233583814,104.56444835165088,5.163621623396242,4.425391011521121,3.456532517811282,0.1914519829715418,35.580170432221806
L/R,36,Adley Rutschman,668939,S,2022,355,808,181,22.400990099009903,112.32296844384169,9.928698685339528,115.16460601452044,11.444306512396416,117.8096549403237,5.395592665341335,4.384533174627784,4.071903761896504,0.24732810434994737,35.580170432221806
L/R,37,Kyle Tucker,663656,L,2022,384,748,191,25.534759358288774,111.7946273781671,9.68543526016358,114.29376647750824,11.076174257612642,114.90437176684767,5.085746473881219,4.196548522997351,3.9409216782284564,0.235356984990319,35.580170432221806
L/R,38,Anthony Rizzo,519203,L,2022,399,795,230,28.930817610062892,111.24247731163635,9.988033117561624,113.76882588466552,11.535440918139605,105.02509087673472,4.898971716279865,4.000092588284084,4.1043295387823235,0.2502930290835017,35.580170432221806
L/R,39,Dylan Carlson,666185,S,2022,346,682,164,24.04692082111437,110.16712467305786,9.428113457166729,112.03048271496432,10.69594360927719,115.4055933120034,4.28046625380329,3.6174802867304567,3.8056349655151607,0.22301722478007138,35.580170432221806
L/R,40,Kolten Wong,543939,L,2022,398,806,186,23.076923076923077,109.6713096010943,9.282318602983823,111.32497124487581,10.484468096556007,114.34679799199436,4.029444070326925,3.441068439097182,3.730391617666549,0.21617314885045963,35.580170432221806
L/R,41,Corey Dickerson,572816,L,2022,268,492,194,39.43089430894309,109.0913180376332,13.231400098053829,113.3336568104491,17.669192899048053,,4.744137818005342,3.2347064523252147,6.28672894747933,0.4392385113611453,35.580170432221806
L/R,42,Omar Narváez,553882,L,2022,258,516,145,28.100775193798448,108.9961712310604,11.310124330813418,111.51095760169815,13.725027952459179,,4.095618333064997,3.200853056385797,4.883388337355059,0.32093979070582646,35.580170432221806
L/R,43,Jake Cronenworth,630105,L,2022,470,880,193,21.931818181818183,108.91894908820036,7.6880374463466215,109.83193936501064,8.330485378142916,115.49949149837076,3.498220782863495,3.173377286344784,2.9640008953745665,0.14829270488479157,35.580170432221806
L/R,44,Vimael Machín,605353,L,2022,236,496,133,26.814516129032256,108.78065719468678,11.647065135509543,111.41477713051711,14.340315441466046,,4.061397157496266,3.1241727949387017,5.10230867459184,0.3403469126201295,35.580170432221806
L/R,45,Daulton Varsho,662139,L,2022,462,911,264,28.979143798024147,108.67267440688964,9.495212046506337,110.13355994911852,10.794216268187043,106.77983948109404,3.605537900747738,3.085752335003016,3.840600545043562,0.22620288649676198,35.580170432221806
L/R,46,Ian Happ,664023,S,2022,499,1017,258,25.368731563421832,107.78940201364591,7.777621486205097,108.52551957477496,8.444805946609348,109.60835065836676,3.0333943949373636,2.771482512106134,3.004676348474008,0.1517687698027504,35.580170432221806
L/R,47,Tony Kemp,643393,L,2022,473,840,251,29.88095238095238,107.75975069430909,7.898181451618901,108.51763150024678,8.599777679537214,116.81113752763554,3.030587804576414,2.7609325221506893,3.0598155551715105,0.15651033489420393,35.580170432221806
L/R,48,Taylor Walls,670764,S,2022,329,643,133,20.684292379471227,107.62557030746733,10.002457956791455,108.94948796138746,11.557678524855723,116.48540554442964,3.184243069472832,2.713190911825776,4.112241717151965,0.25101650362162325,35.580170432221806
L/R,49,Jonah Heim,641680,S,2022,319,642,182,28.34890965732087,107.5236900191562,10.585349536066039,109.02866421420586,12.484710124531547,109.06122974721148,3.2124141151674652,2.6769417316078394,4.442081140277176,0.2811248349720728,35.580170432221806
L/R,50,Gavin Lux,666158,L,2022,363,719,165,22.94853963838665,107.20788504613725,9.08123321286198,108.12950623189539,10.197253090855694,111.46128990924365,2.892492172606474,2.5645777839742636,3.6282000291314622,0.20690856300877258,35.580170432221806
L/R,51,Luis González,670768,L,2022,243,501,132,26.34730538922156,106.17978932741178,12.78891902327526,107.9227568826483,16.654722364273344,107.70845404763756,2.818930401776849,2.198779575045368,5.925778602221817,0.4103519314402036,35.580170432221806
L/R,52,César Hernández,514917,S,2022,422,793,193,24.337957124842372,105.86810632520991,8.541408374073862,106.3594157567808,9.449945165734059,114.4268274210035,2.2626909647561777,2.0878822316536736,3.3623065957196836,0.1830407471194607,35.580170432221806
L/R,53,Shohei Ohtani,660271,L,2022,427,888,246,27.7027027027027,103.56150249340031,9.533691329992372,103.52789737090356,10.850848012615119,103.53628987921768,1.2552318972413565,1.2671886570996596,3.8607502162298117,0.22803997273694138,35.580170432221806
L/R,54,Alfonso Rivas,663845,L,2022,255,536,122,22.761194029850746,103.29624634987165,10.986269709135339,103.13161819996999,13.15766519851613,,1.1142350928358018,1.1728100691502243,4.6815197025331745,0.30282332246362237,35.580170432221806
L/R,55,TJ Friedl,670770,L,2022,235,455,111,24.395604395604394,103.07184857575534,11.494681043542759,102.7726248109159,14.058727136806962,,0.9865046331699426,1.092968958673529,5.002119075876934,0.33149933127503933,35.580170432221806
L/R,56,Joey Votto,458015,L,2022,253,495,110,22.22222222222222,102.89159252513358,10.87706896526609,102.5607758290194,12.971276708906021,107.98817797070778,0.9111284043522433,1.0288335486479134,4.615202360263854,0.29683326641727514,35.580170432221806
L/R,57,Yadiel Hernández,628450,L,2022,272,563,171,30.373001776198933,102.54396644680719,10.92299932327958,102.06063517103313,13.049381401553138,102.96508113713624,0.7331775058398915,0.9051475975125342,4.642992143023261,0.29934542176236245,35.580170432221806
L/R,58,Cody Bellinger,641355,L,2022,391,843,267,31.672597864768683,102.33326281681066,10.382344393561185,101.83578435532237,12.155324116869668,100.43501236329529,0.6531752023917666,0.8301788868528915,4.324885037371188,0.2704454432966804,35.580170432221806
L/R,59,José Ramírez,608070,S,2022,495,1103,293,26.563916591115138,101.99621105417509,9.76335666439989,101.46842572532921,11.193148403055273,99.07102714777773,0.5224683757427243,0.7102552952623484,3.982541278538579,0.23915921344200464,35.580170432221806
L/R,60,Jack Suwinski,669261,L,2022,262,543,128,23.572744014732965,101.82350115468907,10.556006429764789,101.10491251292804,12.436646000998461,99.2038467288916,0.3931297552267388,0.6488048186719031,4.424979843207351,0.2795684116404443,35.580170432221806
L/R,61,Tucker Barnhart,571466,S,2022,237,438,110,25.11415525114155,99.65318627279316,9.744739012269964,98.39522895235905,11.165120266907497,,-0.5709802737976022,-0.12339691522253454,3.9725688199282256,0.238247982213182,35.580170432221806
L/R,62,Rafael Devers,646240,L,2022,442,905,330,36.46408839779006,99.46122230098389,11.198661086716216,97.52656444646786,13.527213635204266,102.35675650322524,-0.8800525854779059,-0.19169802356073662,4.813005666136425,0.31464512679802176,35.580170432221806
L/R,63,Nicky Lopez,670032,L,2022,357,630,179,28.41269841269841,98.49285637875855,8.93427556580659,97.19509920313382,9.990485582631214,95.62444483360736,-0.9979884839797363,-0.536244269096068,3.5546317973067336,0.2002661247198346,35.580170432221806
L/R,64,Jake McCarthy,664983,L,2022,252,448,137,30.580357142857146,97.84520965985297,9.789977369648234,95.99944224549752,11.23331251357282,95.60972424183343,-1.4234052672914492,-0.7666780754813664,3.9968317375133084,0.24046517136098955,35.580170432221806
L/R,65,Jace Peterson,607054,L,2022,293,615,141,22.926829268292686,97.8234413192031,10.244294144752304,95.73196003662167,11.935402442159194,102.12377008938832,-1.5185758930853475,-0.7744232881848582,4.246636530691805,0.26330122923790694,35.580170432221806
L/R,66,Matt Olson,621566,L,2022,485,1077,319,29.619312906220983,97.7052152663597,9.847747490046377,95.78556003686819,11.320831696977127,102.53793329332608,-1.4995049216459617,-0.816488319281825,4.02797121212945,0.24331148825451204,35.580170432221806
L/R,67,Joc Pederson,592626,L,2022,373,777,234,30.115830115830118,97.34101488053682,10.939642702940068,94.62299652931962,13.077787403934588,101.06714068239636,-1.9131469990145582,-0.9460714372724149,4.653099047083562,0.3002583422863824,35.580170432221806
L/R,68,Yordan Álvarez,670541,L,2022,362,782,196,25.063938618925828,96.76382665708147,10.691559630007667,93.98459613966068,12.660001101612968,105.77013476132883,-2.140290945695177,-1.151435990892545,4.504449968675052,0.2867945749154346,35.580170432221806
L/R,69,Víctor Reyes,622682,S,2022,243,492,209,42.47967479674797,96.44685475961005,13.244038434203873,90.76559314879593,17.699323689033243,93.36795841465702,-3.285617696063174,-1.2642151322351234,6.297449533908636,0.44007801362503773,35.580170432221806
L/R,70,Bryson Stott,681082,L,2022,360,686,202,29.44606413994169,96.25453049155426,9.577397027586585,94.03625086485421,10.915417968535653,109.04902371781291,-2.121912106435027,-1.3326444345918929,3.883724316594349,0.23013559152658142,35.580170432221806
L/R,71,Adam Frazier,624428,L,2022,447,807,233,28.872366790582404,95.6180750690579,8.375154637485306,93.89730608473332,9.226248551414686,103.45665615258116,-2.1713488960087175,-1.5590963586412203,3.282714959093741,0.1759845232243224,35.580170432221806
L/R,72,Tyler Naquin,571980,L,2022,270,563,217,38.54351687388988,95.29443413859363,12.873573030323898,89.32938267033157,16.842991247362963,98.20616434398018,-3.796623832066225,-1.6742483532888301,5.992764991695944,0.41580241651544436,35.580170432221806
L/R,73,Anthony Santander,623993,S,2022,468,1002,348,34.73053892215569,95.27341890601348,9.796015583944483,92.60911151203415,11.24243712201204,104.22125400222411,-2.6296907204737137,-1.6817256088575783,4.000078288747256,0.2407618886981703,35.580170432221806
L/R,74,Francisco Lindor,596019,S,2022,498,1074,319,29.702048417132215,95.16542569259111,9.811868233056598,92.45534779855828,11.266418243300382,101.27866472351346,-2.6844001117913385,-1.7201497782484871,4.008610812573206,0.24154175719776033,35.580170432221806
L/R,75,Alex Verdugo,657077,L,2022,472,878,222,25.28473804100228,95.05487450761902,7.888187559879424,93.46014675457104,8.586881468232935,97.52840380210414,-2.326890930740812,-1.7594840782763996,3.0552270612101484,0.15611450763628576,35.580170432221806
L/R,76,Josh Naylor,647304,L,2022,371,666,224,33.633633633633636,95.00094924834649,11.164137972031495,91.05425848502384,13.466495718178345,88.4256116684365,-3.1829100774545394,-1.778670777431585,4.791402127775707,0.31270814767755134,35.580170432221806
L/R,77,Jesús Sánchez,660821,L,2022,288,639,200,31.29890453834116,94.58185094083233,11.507121722555816,90.0579416388611,14.081506482219279,89.30069964904271,-3.537401309364182,-1.9277866695236825,5.010224005797981,0.3322172822124144,35.580170432221806
L/R,78,Joey Wendle,621563,L,2022,299,498,198,39.75903614457831,94.56383155001781,11.19439292433207,90.38544079221995,13.519693013878841,91.43073613159862,-3.420876552435017,-1.934197999486336,4.810329816251277,0.3144053301718621,35.580170432221806
L/R,79,Jeff McNeil,643446,L,2022,414,715,219,30.629370629370626,94.31156216096622,8.214871935478405,92.40302548201566,9.013264177378051,102.99646507740655,-2.7030164811912902,-2.0239558780592164,3.2069347558175054,0.16931303776856413,35.580170432221806
L/R,80,Franchy Cordero,614173,L,2022,231,488,144,29.508196721311474,94.14985176664987,11.25046584640156,89.7173295145183,13.618811377112648,,-3.65859168371816,-2.081492711963587,4.845596298819494,0.317562942962015,35.580170432221806
L/R,81,Riley Greene,682985,L,2022,299,647,181,27.97527047913447,93.37485070401931,10.607903339601043,89.32280699801143,12.521759694272761,99.04779799149946,-3.7989634674847954,-2.357239410899073,4.4552634403355045,0.2823240752875315,35.580170432221806
L/R,82,Wander Franco,677551,S,2022,273,503,151,30.019880715705767,93.11388923183901,10.964220789362033,88.55282560830393,13.119837842151108,96.49324216642732,-4.072924158239111,-2.4500899474632583,4.668060664668496,0.30160903823762314,35.580170432221806
L/R,83,Joey Gallo,608336,L,2022,326,743,194,26.11036339165545,93.01590909894819,10.6243963696165,88.80445751206692,12.548912002572418,92.340250372071,-3.9833930980183965,-2.484951445735529,4.464924277904805,0.28320266536093097,35.580170432221806
L/R,84,Rougned Odor,596059,L,2022,375,746,225,30.160857908847184,92.66002321979052,9.7559716189564,89.20442200951955,11.182024487683242,92.21380532124428,-3.8410850481563727,-2.611576248084039,3.9785833704904747,0.2387975481379751,35.580170432221806
L/R,85,Charlie Blackmon,453568,L,2022,402,715,214,29.93006993006993,92.15200701441447,9.35056305288997,88.9139040220269,10.58311052146731,99.99978185086162,-3.9444518432425153,-2.7923292797801436,3.765488760568467,0.21936348298006958,35.580170432221806
L/R,86,Keibert Ruiz,660688,S,2022,327,587,182,31.005110732538334,92.03732847334084,10.069702574540422,88.0663842845716,11.661771942431818,101.4816270955877,-4.246000810275829,-2.833132100143327,4.149278332534264,0.2544029207938186,35.580170432221806
L/R,87,Tommy Edman,669242,S,2022,467,871,256,29.39150401836969,91.65837446419533,7.9540799795054316,89.39097962558597,8.672077840170676,94.6872997431407,-3.774707530405645,-2.9679645824570366,3.085540075547666,0.15873354446580648,35.580170432221806
L/R,88,Brandon Crawford,543063,L,2022,341,676,171,25.295857988165682,91.65611301630103,9.193716382351495,88.42125744955723,10.357290965191325,93.7449377283964,-4.11973633335572,-2.9687692094720615,3.6851417775761846,0.21206598348065217,35.580170432221806
L/R,89,Oneil Cruz,665833,L,2022,249,546,152,27.83882783882784,91.35161522999346,12.780733382242545,82.79385466703337,16.636655891055234,73.77060496103886,-6.121975834285306,-3.0771100408026433,5.919350520259721,0.40982680204849437,35.580170432221806
L/R,90,Jared Walsh,665120,L,2022,335,611,184,30.11456628477905,90.85441703717544,11.76732149058203,84.02912539534226,14.56658917297267,94.97167408469714,-5.682464403853653,-3.2540140051932207,5.182817253905244,0.34741138332550037,35.580170432221806
L/R,91,Michael Harris,671739,L,2022,306,596,224,37.58389261744966,90.7708036030123,12.213594167755398,83.05247846576499,15.439997769123373,74.71807326503982,-6.029957045918307,-3.2837638075726976,5.49357752098534,0.3742620372301004,35.580170432221806
L/R,92,Alek Thomas,677950,L,2022,316,566,190,33.56890459363957,90.6689837605099,9.37489934054237,86.989704346682,10.618433572479018,88.54829265860691,-4.629085367186486,-3.3199914810688727,3.7780567623202934,0.22050682374338795,35.580170432221806
L/R,93,Yasmani Grandal,518735,S,2022,283,587,132,22.487223168654175,90.36085352725483,10.289937248794162,85.54431923674133,12.007759463874786,106.60511196733282,-5.143355852705337,-3.429624743214226,4.272381282337892,0.2656527154154873,35.580170432221806
L/R,94,Eduardo Escobar,500871,S,2022,368,780,256,32.82051282051282,90.00888319813217,9.805838990653937,85.66367865368723,11.25729313980258,97.29094060828707,-5.100887568729081,-3.554856386186924,4.005364085196572,0.24124500099829027,35.580170432221806
L/R,95,Harold Castro,605612,L,2022,371,739,290,39.242219215155615,89.85066280415165,10.675351135398463,84.31509359951151,12.633115236508557,91.6398929247588,-5.580716429428271,-3.6111514720237254,4.494883932048725,0.2859256680593179,35.580170432221806
L/R,96,Jeimer Candelario,600869,S,2022,344,696,232,33.33333333333333,89.44194189514627,11.38540812102376,82.58178156238924,13.860203754869984,88.97285280983394,-6.19743180635859,-3.7565750680399663,4.931484118235947,0.3252265654038412,35.580170432221806
L/R,97,Seth Brown,664913,L,2022,453,956,274,28.661087866108787,88.2534837555632,10.054233508568391,83.0131093568634,11.63776335148238,86.4202132751398,-6.043964641963143,-4.179430499619237,4.140736034956079,0.2536218941892432,35.580170432221806
L/R,98,Luis García,671277,L,2022,274,519,213,41.040462427745666,87.84045289953104,12.167992224969613,78.48175981890734,15.348176228340167,88.24719665964243,-7.656226530447606,-4.326387582133139,5.460907260281184,0.3714724874757001,35.580170432221806
L/R,99,Corey Seager,608369,L,2022,434,812,230,28.32512315270936,87.7503340983553,7.196747379798965,85.37189320006213,7.7154815215322206,84.32463933168016,-5.20470533042532,-4.358452005182948,2.745181475027744,0.12994552365216636,35.580170432221806
L/R,100,Raimel Tapia,606132,L,2022,366,701,287,40.94151212553495,87.69581097949514,11.061407600817557,80.61756773883764,13.287320321885439,83.6952934310367,-6.896302432431511,-4.377851423798353,4.727651216402082,0.3069796585290529,35.580170432221806
L/R,101,Mike Moustakas,519058,L,2022,219,485,188,38.76288659793815,87.26065405237634,13.559224714203104,73.20598170701966,18.4735642980609,,-9.533357374283094,-4.532681000114841,6.572925662156147,0.46127351926348503,35.580170432221806
L/R,102,Leody Taveras,665750,S,2022,241,464,150,32.327586206896555,87.16579613175317,11.434989958262756,79.10521436201577,13.949937878652836,88.87944432075398,-7.434400341442195,-4.566431609941028,4.963411672413747,0.3280653643688946,35.580170432221806
L/R,103,Willi Castro,650489,S,2022,269,509,188,36.93516699410609,85.64310828736308,10.6637291269743,78.44475861767782,12.613867383599441,84.98010235303161,-7.669391620907035,-5.108206540125748,4.488035513179119,0.2853034455904877,35.580170432221806
L/R,104,Nathaniel Lowe,663993,L,2022,434,875,271,30.97142857142857,85.46682252756675,8.782199987371827,81.09797093644603,9.779189775411131,94.35634487792342,-6.7253741559605995,-5.170929313909017,3.4794523889816893,0.19350645287515977,35.580170432221806
L/R,105,Cal Raleigh,663728,S,2022,315,644,199,30.900621118012424,83.99669173679474,10.414010658820493,76.64063125296896,12.20622768707893,89.57063651417127,-8.3113032120848,-5.6940043548422645,4.342996614407729,0.2720976823216046,35.580170432221806
L/R,106,David Peralta,444482,L,2022,410,806,267,33.126550868486355,83.8539491107224,9.800063673795156,77.56156989244684,11.248557363118268,88.13621396096815,-7.983631674582388,-5.744792424478234,4.002255880963715,0.2409609139296252,35.580170432221806
L/R,107,Kole Calhoun,594777,L,2022,339,758,248,32.71767810026385,83.56020404639675,11.5310949933445,73.49046652885215,14.12550629473206,82.11435646779806,-9.432137189821292,-5.849307419001541,5.025879214079887,0.33360296862059324,35.580170432221806
L/R,108,Bryce Harper,547180,L,2022,284,590,210,35.59322033898305,81.90964560997551,10.67195047654539,73.20215115000195,12.627480613576456,83.32928515408597,-9.534720292998497,-6.436578923763631,4.492879123606271,0.28574353245138484,35.580170432221806
L/R,109,Bryan Reynolds,668804,S,2022,438,883,272,30.804077010192525,81.90858972999929,8.777337151250299,76.69315916212702,9.772477005409156,88.74176132375288,-8.29261369248188,-6.436954607658732,3.4770639739742637,0.19329221734193494,35.580170432221806
L/R,110,Yoán Moncada,660162,S,2022,341,670,193,28.805970149253728,81.69496500809208,10.314028453552275,73.69266797646986,12.046091234320587,95.19631552545296,-9.36019357014249,-6.512962647798676,4.286019791592196,0.26689808468220044,35.580170432221806
L/R,111,Eric Hosmer,543333,L,2022,298,635,206,32.44094488188976,81.586880281522,10.516393741365833,73.10420226128693,12.372006351160678,87.00829459361512,-9.56957067453977,-6.551419377723514,4.401980945628275,0.2774741201424529,35.580170432221806
L/R,112,Kyle Isbel,664728,L,2022,223,465,136,29.24731182795699,80.9650560517889,11.065645755153419,70.8942344997454,13.294668309030229,,-10.355880970593402,-6.772665498451396,4.730265642751536,0.3072149407753359,35.580170432221806
L/R,113,Gavin Sheets,657757,L,2022,365,782,266,34.015345268542205,80.7131745025628,10.773123116654775,71.28013216934141,12.796046232733767,84.59641040836345,-10.21857792205717,-6.86228538295337,4.552855058192572,0.29118704753817876,35.580170432221806
L/R,114,Luis Rengifo,650859,S,2022,340,636,222,34.90566037735849,79.85230438337514,9.78848700709702,72.31309024175431,11.231061184419593,92.72015751429052,-9.851049679399264,-7.168584438560406,3.9960307107636,0.24039196322291254,35.580170432221806
L/R,115,Leury García,544725,S,2022,248,440,164,37.27272727272727,79.62856640065658,9.842820575880445,71.90662428926183,11.313348373492056,,-9.995670958045046,-7.248190794133283,4.025308632879467,0.2430680874279443,35.580170432221806
L/R,116,Nick Gordon,624503,L,2022,351,577,231,40.03466204506066,79.15600545208753,10.671709871133112,69.34751630708034,12.627082031060386,78.15817148212724,-10.90620593964981,-7.416328785030281,4.49273730726774,0.2857306480839842,35.580170432221806
L/R,117,Nolan Gorman,669357,L,2022,291,656,208,31.70731707317073,77.93631880640031,11.849669214977748,63.93683921567216,14.72367366438877,83.06487457058212,-12.831334070310024,-7.850295372304841,5.2387081836736815,0.35229076698980905,35.580170432221806
L/R,118,Abraham Toro,647351,S,2022,235,444,143,32.207207207207205,77.0652250614699,10.794801633510314,66.0713366043045,12.832418585279747,84.97327650091822,-12.071876261563311,-8.160232011375504,4.56579640321864,0.29236012511373466,35.580170432221806
L/R,119,Brandon Marsh,669016,L,2022,355,713,229,32.117812061711085,76.48568336409939,9.670432704966165,68.1505841292005,11.053752644789135,83.4843867888287,-11.332076448497563,-8.366433935025722,3.9329440301721994,0.23462842269618553,35.580170432221806
L/R,120,Jackie Bradley,598265,L,2022,291,533,157,29.45590994371482,73.51671654169618,9.364777890217743,65.00892585481802,10.603733298108018,82.86698127216162,-12.449883816920845,-9.422797390512905,3.772826379645087,0.22003094789812594,35.580170432221806
L/R,121,Eddie Rosario,592696,L,2022,237,490,209,42.6530612244898,71.87071959132892,13.441239186235679,45.50179965399893,18.178464178135414,,-19.390552565600874,-10.008445910762747,6.4679285365409696,0.45328090648427116,35.580170432221806
L/R,122,Andrés Giménez,665926,L,2022,422,803,320,39.8505603985056,63.35631140322052,9.930420088633777,50.10139279755745,11.446942911755782,68.8649803791258,-17.754009485933963,-13.037886855386764,4.072841797281841,0.2474138735599381,35.580170432221806
R/R,1,Ha-Seong Kim,673490,R,2023,436,899,173,19.243604004449388,158.40220065094013,8.785931785125667,166.88301180131026,9.446850783445614,148.43261106176558,25.416111399128848,22.193331276829422,3.5898833712254823,0.13502900820535885,38.00084762126538
R/R,2,Alex Bregman,608324,R,2023,506,1020,174,17.058823529411764,155.046492366223,7.966995640067356,161.41261539371493,8.449889741843455,146.9537996699193,23.337314395999375,20.918133684939875,3.211029724962866,0.11103006209028624,38.00084762126538
R/R,3,Will Smith,669257,R,2023,404,837,210,25.089605734767023,150.50916415596046,9.547446962608443,159.3175003090013,10.413713178896646,143.98755882192597,22.541152905167205,19.193910505681327,3.9572992768281456,0.159450517339746,38.00084762126538
R/R,4,Andrew McCutchen,457705,R,2023,311,661,116,17.549167927382754,146.07284493616677,9.175194116342912,153.32529502985503,9.9358882331097,139.6005019911516,20.26406410788541,17.508071598974617,3.7757217472832543,0.14725903363458795,38.00084762126538
R/R,5,Mookie Betts,605141,R,2023,508,1015,181,17.832512315270936,144.64951541577648,7.703435461126421,149.3491496537788,8.137355858156104,139.95223028023554,18.753095162322687,16.967194316782614,3.092264200058013,0.10380548945644523,38.00084762126538
R/R,6,Maikel García,672580,R,2023,400,734,141,19.20980926430518,143.89988767915486,9.09018851790888,150.6288196988604,9.828196015785508,136.28947362105848,19.23938062620914,16.682329422862296,3.734797791877926,0.14454304638174825,38.00084762126538
R/R,7,Connor Joe,656582,R,2023,278,591,123,20.812182741116754,140.31617537997818,9.251751910428364,146.6978541006096,10.033321273557618,139.77028860513894,17.745580379173475,15.320488372867613,3.8127471285166337,0.14972674407651007,38.00084762126538
R/R,8,Jonathan India,663697,R,2023,393,796,158,19.849246231155778,136.77867557115115,9.154115597774181,142.3957541791625,9.909136233950113,124.61851312076156,16.110745943509787,13.976208460912702,3.7655557608469774,0.1465832033981975,38.00084762126538
R/R,9,Seiya Suzuki,673548,R,2023,417,828,160,19.32367149758454,135.3625831122814,9.097839475772718,140.65941166518238,9.837867903613608,127.35672683392228,15.450921070588954,13.438081323441384,3.7384731912335822,0.1447864644703227,38.00084762126538
R/R,10,Alex Call,669743,R,2023,278,594,122,20.53872053872054,133.71350259486547,10.102616363996312,140.1548303355864,11.146508988655276,131.39661397494515,15.25917588840384,12.811416748866183,4.23576789586954,0.1785332646553932,38.00084762126538
R/R,11,Mark Canha,592192,R,2023,341,664,161,24.246987951807228,133.51587991126223,9.828646788646896,139.50232251692609,10.781727558751719,127.7883004124696,15.011217386517888,12.736318454005058,4.097147860541217,0.16898139068952536,38.00084762126538
R/R,12,Wilmer Flores,527038,R,2023,272,587,164,27.938671209540033,133.39815784429538,11.44875139808913,142.1212828373369,13.040974142729693,127.02037828231111,16.006444507138607,12.691583070720384,4.95568071230733,0.22928079230437415,38.00084762126538
R/R,13,Ronald Acuña,660670,R,2023,586,1110,250,22.52252252252252,133.22699967384474,8.654889621254561,137.62270357135472,9.284519327098481,127.31384981902254,14.296946255150871,12.626541515176084,3.528196041857628,0.13103113133260347,38.00084762126538
R/R,14,Justin Turner,457759,R,2023,460,967,247,25.542916235780766,132.0456624165275,8.505818109106041,136.0983282395236,9.101199226970213,126.65368942926165,13.717670708125574,12.177623344129728,3.458532849948733,0.12655625255141684,38.00084762126538
R/R,15,Alejandro Kirk,672386,R,2023,294,604,166,27.483443708609272,130.6411152379162,12.534577376984714,140.7092815941344,14.719431820877382,117.92579415792598,15.469872066298851,11.643883511016865,5.593508856967662,0.2748342254066379,38.00084762126538
R/R,16,Paul Goldschmidt,502671,R,2023,517,1084,281,25.92250922509225,130.06498247028796,9.53367731323291,134.9782022098449,10.395852422091599,131.07904048176638,13.292013322421246,11.424948175894276,3.9505120378506544,0.15899091919647995,38.00084762126538
R/R,17,Matt Chapman,656305,R,2023,468,965,182,18.860103626943005,129.6857295373709,9.185963502689203,134.12049106192416,9.949568588691031,121.67150950977174,12.966075816069269,11.280828846757274,3.7809203983617627,0.1476049271655853,38.00084762126538
R/R,18,Aaron Judge,592450,R,2023,378,850,164,19.294117647058822,127.90596859888107,9.632297353523983,132.5228686644501,10.524098708497798,119.6752824195,12.35896576324195,10.604504604498961,3.999246713727806,0.16229725918016444,38.00084762126538
R/R,19,Mike Trout,545361,R,2023,265,576,105,18.229166666666664,126.75709888790745,12.228693039926995,134.7920024662364,14.230807817135815,126.4727328011262,13.221255841581392,10.167924376265002,5.407827593864903,0.2615842014587671,38.00084762126538
R/R,20,George Springer,543807,R,2023,535,920,216,23.47826086956522,125.96618105229793,7.89046569932432,128.6415851792364,8.358746902783663,119.40875774640084,10.884045140276552,9.867368894745617,3.176394673574059,0.10890722600220813,38.00084762126538
R/R,21,Marcus Semien,543760,R,2023,542,1045,230,22.00956937799043,125.07187586220586,7.089161160968118,127.09556700251807,7.422943233852785,124.7798311854836,10.296545128744752,9.527525342189662,2.820781347309426,0.08791057539511937,38.00084762126538
R/R,22,Sean Murphy,669221,R,2023,334,649,149,22.95839753466872,124.96674654018372,9.575577960591083,128.95759399204903,10.450247822023226,121.07934673613408,11.004131167703248,9.48757530872276,3.9711827508916504,0.16039152499028203,38.00084762126538
R/R,23,Jorge Soler,624585,R,2023,442,984,255,25.914634146341463,124.53628482228315,12.032486096461582,131.4754882058893,13.924188936784368,116.123465028335,11.960952311169345,9.323996207235487,5.29130982036452,0.25325740976054134,38.00084762126538
R/R,24,Yandy Díaz,650490,R,2023,461,864,173,20.02314814814815,124.22952011781165,8.818131685398459,127.40243847899863,9.486912132593135,122.6507423015592,10.413158890915263,9.207423019333445,3.6051070234700546,0.13602056792506223,38.00084762126538
R/R,25,Gleyber Torres,650402,R,2023,544,1100,296,26.90909090909091,124.1850604990846,8.476336159861706,127.07571498392383,9.065110035803352,117.63176617360703,10.289001193409014,9.190527987367982,3.444818651405668,0.12568046170920394,38.00084762126538
R/R,26,Xander Bogaerts,593428,R,2023,491,952,250,26.260504201680675,123.20777859584271,9.255303228625753,126.57983980444273,10.03785124902116,114.0655774796442,10.100564422062723,8.819152580486827,3.814468557589815,0.1498417124346638,38.00084762126538
R/R,27,Tommy Pham,502054,R,2023,304,601,128,21.29783693843594,121.99360677832153,10.276868606918972,126.05399250361519,11.381882732991436,114.88059146935748,9.900737990554715,8.357756998250261,4.325211913795191,0.18474514390348434,38.00084762126538
R/R,28,Spencer Steer,668715,R,2023,485,955,220,23.036649214659686,121.07607108033882,8.995174787550079,123.87897342406461,9.708427001499901,112.33829782413548,9.074212304401252,8.009085655789134,3.6892845512617614,0.14153721211929968,38.00084762126538
R/R,29,Chris Taylor,621035,R,2023,223,441,103,23.356009070294785,119.7757404856624,11.907257136455009,124.95378655545957,13.731141382854359,122.35355458652327,9.482650404675999,7.514949007933451,5.217950113558996,0.24801325275487648,38.00084762126538
R/R,30,DJ LeMahieu,518934,R,2023,450,839,200,23.837902264600714,119.67703088819232,9.817666856227664,122.84092681113391,10.767238651015942,116.09727967287624,8.679745792783748,7.477438524211283,4.0916419527905585,0.16860405128145173,38.00084762126538
R/R,31,Jon Berti,542932,R,2023,296,505,101,20.0,118.96983730268532,9.214313056533454,121.56770714248506,9.985620932517094,111.69093940627988,8.19591152661652,7.208698967395408,3.794620594603,0.14851740432605118,38.00084762126538
R/R,32,Zach Neto,687263,R,2023,261,495,118,23.83838383838384,118.75445896353456,11.35823460142456,123.03241777477702,12.907664979190626,103.07284223121796,8.752513982086255,7.126853372925513,4.905022100205665,0.22566961763169158,38.00084762126538
R/R,33,Myles Straw,664702,R,2023,371,648,152,23.456790123456788,118.28622542159792,8.743592165682083,120.47998442664462,9.39427863967386,119.63628299588557,7.782567674828099,6.948920658142515,3.569905510979546,0.13373072781929154,38.00084762126538
R/R,34,Mitch Garver,641598,R,2023,261,525,99,18.857142857142858,118.08677696555074,11.263980437680868,122.08340755781754,12.76983508145859,119.46640699581248,8.391882055629246,6.873128554277063,4.852645570791968,0.22193980432034435,38.00084762126538
R/R,35,Dansby Swanson,621020,R,2023,478,942,222,23.56687898089172,118.07988531990802,8.265897887710322,119.98082836387806,8.809062095082837,110.8113763964133,7.592884140023873,6.870509670517776,3.3475182636150764,0.11951749871781922,38.00084762126538
R/R,36,Matt McLain,680574,R,2023,300,627,167,26.6347687400319,117.84544064161203,12.534530111355654,123.06405563099162,14.719355280858798,114.25545738750296,8.764536635617006,6.78141870556235,5.59347977111183,0.27483215271002137,38.00084762126538
R/R,37,Eugenio Suárez,553993,R,2023,537,1116,270,24.193548387096776,117.52649847190382,7.792411579253285,119.12499542417538,8.242442134161168,113.62774652581312,7.267660368714865,6.660217977651578,3.1321978756735596,0.10621728339206771,38.00084762126538
R/R,38,Andruw Monasterio,655316,R,2023,222,444,91,20.495495495495494,117.44178103604514,11.107325597288963,121.12013415988824,12.542921281892736,114.92563848420026,8.025829999505945,6.628024633942275,4.766416403587325,0.21580943581959927,38.00084762126538
R/R,39,Randy Arozarena,668227,R,2023,514,1092,296,27.106227106227106,117.0706140970928,10.625712175612327,120.26874710228957,11.861389813303171,112.58594259309872,7.702295701080699,6.486978051050481,4.507428668717632,0.19750019065902277,38.00084762126538
R/R,40,Taylor Ward,621493,R,2023,293,604,140,23.178807947019866,116.75644545443905,10.962746513922689,120.13191082459144,12.335832223625836,115.3324754856362,7.650296755702025,6.367591303881832,4.687720806115006,0.2102278109781358,38.00084762126538
R/R,41,Alec Bohm,664761,R,2023,442,786,220,27.989821882951656,113.97721997249839,8.979512981420726,115.60310196321699,9.688744840355287,106.13129984154614,5.9293110012327555,5.311462063438182,3.6818051631966244,0.14104477064531887,38.00084762126538
R/R,42,Bobby Witt,677951,R,2023,546,1061,314,29.594721960414706,113.55313987096899,8.62078888582138,114.96931924120814,9.242459149350108,112.86190885830878,5.688468194792266,5.15030803026389,3.5122128178022347,0.13000062590765227,38.00084762126538
R/R,43,Nico Hoerner,663538,R,2023,502,906,271,29.911699779249446,111.16812067770708,7.837225424385264,112.02187978620007,8.295531879130296,108.8302737447785,4.568416218765595,4.2439805208945,3.152372428761796,0.1074424990106001,38.00084762126538
R/R,44,Anthony Volpe,683011,R,2023,465,894,260,29.082774049217004,110.54085650942504,9.719875262819254,111.82083504132491,10.638626936358232,107.11963244876702,4.492017511615025,4.005614820122844,4.042768411080385,0.16526192486202568,38.00084762126538
R/R,45,Spencer Torkelson,679529,R,2023,521,1049,254,24.21353670162059,110.5148270425149,8.494822853792384,111.44505768906939,9.087733463977466,107.91014271835184,4.349218932589175,3.9957234020656927,3.453415745872819,0.12622927191291872,38.00084762126538
R/R,46,Gabriel Moreno,672515,R,2023,264,512,132,25.78125,109.953012094005,12.087432041572088,111.97081561944286,14.009536502548505,101.54928970883746,4.549011402567116,3.782228959568956,5.323742618779008,0.2555756738138045,38.00084762126538
R/R,47,Jake Rogers,668670,R,2023,256,454,98,21.58590308370044,109.83538871567403,10.158049709783851,111.10398141725716,11.221096351681279,102.11754777243526,4.219607058265518,3.7375310788024168,4.264111726037772,0.18049787413171509,38.00084762126538
R/R,48,Isiah Kiner-Falefa,643396,R,2023,273,510,146,28.627450980392155,109.54003706921166,9.851572479818778,110.65742293784737,10.812011728397753,110.60987102608183,4.049911050965162,3.625294949683356,4.108656101701771,0.1697706210696102,38.00084762126538
R/R,49,J. D. Davis,605204,R,2023,387,737,197,26.72998643147897,109.16016678803608,9.410962960466758,110.0922843744284,10.237319512670565,99.07908067697822,3.835153606631316,3.480941022975349,3.8902681885120094,0.15492430335618979,38.00084762126538
R/R,50,Isaac Paredes,670623,R,2023,434,949,278,29.29399367755532,108.67212503171596,9.747748232304629,109.58839951947002,10.675205638864151,109.75787184624348,3.643673090711941,3.295481018827997,4.056668628081495,0.16621110272607126,38.00084762126538
R/R,51,Matt Vierling,663837,R,2023,380,742,214,28.84097035040431,107.53903736045703,9.11650050164626,108.12819564860452,9.861475409712876,108.80266271074788,3.0887832427845243,2.864898099457545,3.747444243653546,0.1453810308901477,38.00084762126538
R/R,52,Bryan De La Cruz,650559,R,2023,472,983,343,34.89318413021363,107.47465655847681,10.503200936354718,108.2874008193311,11.691693701877162,98.8081494851938,3.149282557117511,2.840432848999692,4.442942707995422,0.19297221051388785,38.00084762126538
R/R,53,Jake Meyers,676694,R,2023,263,479,117,24.4258872651357,107.31111626334403,12.35902360130298,108.49078610270018,14.43737993073504,98.76321955979404,3.2265706887346766,2.7782861506469194,5.486326747981772,0.2671897212348865,38.00084762126538
R/R,54,Ke'Bryan Hayes,663647,R,2023,358,689,208,30.18867924528302,107.24431944495072,10.51849438334147,108.00472464654413,11.712799396102413,96.08797042812114,3.0418632154351126,2.7529027934734227,4.45096305069737,0.19353458361916684,38.00084762126538
R/R,55,Ramón Urías,602104,R,2023,271,467,131,28.051391862955033,107.10892644358314,11.444764423742095,108.01046870146529,13.035082563900547,101.83639840309868,3.0440460049929765,2.7014523053338686,4.953441862413979,0.2291211281744631,38.00084762126538
R/R,56,William Contreras,661388,R,2023,433,885,221,24.97175141242938,106.8686515730807,8.871755925826568,107.31458286777706,9.553782166310532,103.5387454112724,2.7796034897151434,2.6101458179220414,3.6305182030872913,0.1376799165928305,38.00084762126538
R/R,57,Enrique Hernández,571771,R,2023,347,676,196,28.994082840236686,106.58145919440824,10.590767627512305,107.1931080230471,11.812840204385253,106.139947817098,2.7334420190711435,2.5010102797228324,4.488979405812014,0.1962032975563781,38.00084762126538
R/R,58,Jacob Stallings,607732,R,2023,223,459,101,22.004357298474943,105.84888317125356,12.01392024057847,106.44778206356203,13.895440248687496,,2.450211836925486,2.2226251814538984,5.280385075207715,0.2524764717168295,38.00084762126538
R/R,59,Donovan Solano,456781,R,2023,293,581,172,29.604130808950085,105.78620014185188,11.36610365562571,106.28560290499509,12.919217178529205,95.7420431571963,2.3885823820050147,2.1988050989665733,4.909412033873224,0.2259824165233863,38.00084762126538
R/R,60,Willson Contreras,575929,R,2023,369,771,239,30.99870298313878,105.73146061538316,11.115315319702333,106.18796726748116,12.554430035287092,93.78389496084066,2.351480012169294,2.178003614924591,4.770789827427821,0.2161200196082528,38.00084762126538
R/R,61,Miguel Cabrera,408234,R,2023,271,495,155,31.313131313131315,103.29269605596518,12.16730733875814,103.01907052407978,14.134322522709862,104.64536446643868,1.147272389434095,1.2512524108587446,5.371162364153167,0.2589645876203067,38.00084762126538
R/R,62,Bo Bichette,666182,R,2023,496,924,352,38.095238095238095,102.9948263260379,9.777922338866562,102.77775911518158,10.714874788037406,99.7988323404305,1.0555720086459641,1.1380593886791983,4.071743241011476,0.16724170667271776,38.00084762126538
R/R,63,Vladimir Guerrero,665489,R,2023,551,1025,312,30.4390243902439,102.98441174449364,9.380306254033929,102.78589118585968,10.197892517959913,102.25647446780916,1.058662264432802,1.134101759416178,3.8752855963303694,0.15391659923813789,38.00084762126538
R/R,64,Austin Riley,663586,R,2023,565,1138,318,27.943760984182774,102.6572151699461,9.478137571104702,102.39275281824729,10.323959274842435,102.74734885668984,0.9092663524156847,1.0097642877003632,3.9231920325143683,0.15714386831353463,38.00084762126538
R/R,65,Marcell Ozuna,542303,R,2023,451,977,290,29.682702149437052,102.57708646289154,9.590715422569229,102.28972780163302,10.469932790873898,104.98547159223486,0.8701159728403115,0.9793146998316751,3.9786632059088873,0.16089903267260477,38.00084762126538
R/R,66,Manny Machado,592518,R,2023,451,851,252,29.612220916568745,101.79358442390003,8.705216547143785,101.44484144107608,9.34673027817143,98.04172138013264,0.5490519943922176,0.6815772838850018,3.551836730578599,0.132559415816141,38.00084762126538
R/R,67,Corey Julks,667452,R,2023,250,527,152,28.842504743833018,101.39137449720738,12.21326698879355,100.44370033592696,14.206513067622724,96.11144755958064,0.16860988855064535,0.5287341025249233,5.398595383122466,0.2609246598187612,38.00084762126538
R/R,68,Austin Hays,669720,R,2023,398,763,241,31.585845347313235,101.06956394682048,11.12223860965233,100.23944208511308,12.564408186270446,96.0706207817887,0.09099002190500216,0.4064433656432401,4.7745816093784255,0.21638932866476593,38.00084762126538
R/R,69,Whit Merrifield,593160,R,2023,443,824,272,33.00970873786408,100.80717002037726,9.139355792226334,100.24788717815082,9.890422580255715,94.0321899121904,0.09419922884174481,0.30673144948809783,3.7584444138221977,0.1461108922624331,38.00084762126538
R/R,70,Pete Alonso,624413,R,2023,471,948,266,28.059071729957807,100.70924763363553,10.50679460917747,99.90360036660798,11.69665116060658,96.61704899083162,-0.036632677792762816,0.2695201125152648,4.444826584333074,0.19310428408454078,38.00084762126538
R/R,71,Elvis Andrus,462101,R,2023,301,573,171,29.84293193717277,100.58858972171143,10.3669295861216,99.7812468953854,11.50459738569617,95.29570311021313,-0.08312803395138402,0.22366908326198887,4.371844521978482,0.18799734725603662,38.00084762126538
R/R,72,Brent Rooker,667670,R,2023,345,745,216,28.993288590604028,99.29169541101028,11.756116543423873,97.76637536743827,13.500806067916903,93.41725683343056,-0.8487962930508315,-0.26916174755641065,5.130420741511653,0.24175707315833847,38.00084762126538
R/R,73,Christian Walker,572233,R,2023,496,979,266,27.170582226762,98.04623175642189,7.905368282134279,97.30619835177774,8.376469511938163,98.53550677426207,-1.0236674595600797,-0.7424484931147917,3.1831294152733736,0.10931899678499704,38.00084762126538
R/R,74,Joey Wiemer,686894,R,2023,289,582,162,27.835051546391753,97.96964520349451,10.909583136877426,96.36415226826031,12.260232322082768,91.60048376257186,-1.381652956279633,-0.7715520323911028,4.658992202727799,0.20819377314344817,38.00084762126538
R/R,75,Carlos Correa,621043,R,2023,444,905,246,27.18232044198895,97.6458451310971,9.393707849064912,96.47219562184151,10.215119379418027,96.6855246773455,-1.340595566120339,-0.8945988045003864,3.881831949702994,0.15435671310649085,38.00084762126538
R/R,76,Joey Meneses,608841,R,2023,471,928,285,30.711206896551722,96.99330711085234,8.44052129364976,95.9850467188513,9.021341384058422,84.08318796785946,-1.525716278434317,-1.1425687832444245,3.4281861927501938,0.12462063600907254,38.00084762126538
R/R,77,Ty France,664034,R,2023,499,901,300,33.29633740288568,96.87375079144861,8.422961043242777,95.8533356559576,8.99991033204637,93.32786762823648,-1.5757675987448987,-1.1880011980026248,3.4200422113314604,0.12410263644965247,38.00084762126538
R/R,78,Christopher Morel,666624,R,2023,328,644,190,29.503105590062113,96.74934180340051,10.115627493840142,95.15207429122184,11.163991849673842,90.89832742751165,-1.8422528613849418,-1.2352776679779447,4.242411531245043,0.1789934257155993,38.00084762126538
R/R,79,Kris Bryant,592178,R,2023,262,535,146,27.289719626168225,96.44011592724829,11.727361054981325,94.0212657207551,13.457304898960137,91.58868651276104,-2.2719697031362136,-1.3527861219800772,5.113889928582922,0.24057584284546812,38.00084762126538
R/R,80,Adolis García,666969,R,2023,476,1029,332,32.26433430515063,96.36705813075932,10.993830988522806,94.30033791181933,12.380170955602248,104.62682341673056,-2.165919905056568,-1.3805487038992996,4.704569900090564,0.21142168801755246,38.00084762126538
R/R,81,Chas McCormick,676801,R,2023,315,643,202,31.41524105754277,95.6443389831748,10.978068175140512,93.39206203310795,12.357674386959559,104.56467723585814,-2.511072437706393,-1.6551881059026026,4.696021013320642,0.21081585525611882,38.00084762126538
R/R,82,Edward Olivares,658668,R,2023,259,488,154,31.557377049180328,95.22991867879257,11.464652746409563,92.58889823241645,13.064489905567527,97.61011400423304,-2.816281489756329,-1.8126713342824758,4.964616901510313,0.2299181379012938,38.00084762126538
R/R,83,Hunter Renfroe,592669,R,2023,406,817,275,33.65973072215422,95.03844633916098,10.503639758280958,92.87728612957429,11.692298989917848,84.83038346315483,-2.7066916443992075,-1.8854324463027476,4.443172722581433,0.19298833554217376,38.00084762126538
R/R,84,Tyler Stephenson,663886,R,2023,378,748,198,26.47058823529412,94.68955761320909,9.440282312585301,92.95611555671182,10.275092697073623,94.20937883524608,-2.6767357939119574,-2.0180131194195043,3.9046223187587143,0.15589112382642858,38.00084762126538
R/R,85,Mauricio Dubón,643289,R,2023,374,643,263,40.90202177293934,94.60763338056094,10.925263765383383,92.10909759146448,12.28250033658365,92.6936469134492,-2.998609800210345,-2.0491450222330188,4.66745423698656,0.2087926879373372,38.00084762126538
R/R,86,Byron Buxton,621439,R,2023,257,504,150,29.761904761904763,94.58139022515681,13.127690577598521,90.48408054656744,15.706967493345612,90.48878688973323,-3.6161300512612535,-2.0591176437291514,5.9687807830679525,0.3014588840938428,38.00084762126538
R/R,87,Andy Ibáñez,628451,R,2023,264,519,178,34.296724470134876,94.3075167978702,12.194629546300991,90.87315777920193,14.177203956942497,88.48051796885184,-3.468277404958784,-2.1631918675074733,5.387457672633723,0.2601289254910895,38.00084762126538
R/R,88,Yainer Diaz,673237,R,2023,273,505,219,43.366336633663366,93.3617004338045,14.496494011626218,87.13385819886119,18.22919945526159,80.23721115589414,-4.889242940586691,-2.5226101027930703,6.927250307570495,0.3676015929186255,38.00084762126538
R/R,89,Garrett Cooper,643265,R,2023,345,740,294,39.729729729729726,92.99940702680215,12.692381962630032,88.65345616971005,14.976826050749855,90.84266064228484,-4.311782831228569,-2.6602846683299273,5.69132084604743,0.2817978596160127,38.00084762126538
R/R,90,J. T. Realmuto,592663,R,2023,386,743,222,29.878869448183043,92.94833992988983,8.905793623373958,91.15586488342646,9.596328016806888,89.77432574130303,-3.360846309067935,-2.6796905980121837,3.6466859869035835,0.13873839863994483,38.00084762126538
R/R,91,José Altuve,514888,R,2023,296,609,194,31.85550082101806,92.85836090797602,11.160136044704304,89.73372991730464,12.619119039398987,94.16410925291684,-3.9012696505126163,-2.713883389020753,4.7953721973080965,0.2178664722512666,38.00084762126538
R/R,92,Jordan Walker,691023,R,2023,346,642,217,33.8006230529595,92.45373186800687,9.786904174763789,90.1145577025517,10.726697222086607,85.45794268837967,-3.75655186414144,-2.8676458539308194,4.076235866159638,0.1675490986587949,38.00084762126538
R/R,93,Brian Anderson,605119,R,2023,275,548,154,28.102189781021895,92.28436477173679,10.652601005412906,89.36410034947012,11.898827652654361,83.5712906509084,-4.041732019348555,-2.9320067861049743,4.521655365002172,0.19850102113752724,38.00084762126538
R/R,94,Francisco Álvarez,682626,R,2023,275,515,143,27.766990291262132,92.23185851352346,11.629298283852771,88.56173356782344,13.309713557561528,94.81304596020485,-4.346638197405761,-2.9519596092802463,5.057803967835856,0.23656933209964978,38.00084762126538
R/R,95,José Abreu,547989,R,2023,416,857,322,37.57292882147025,91.80424407653213,10.911200300227666,88.5764415372398,12.262527682635838,94.87559850585887,-4.3410490443596705,-3.1144567198878548,4.65986445919393,0.2082555002120796,38.00084762126538
R/R,96,José Siri,642350,R,2023,271,514,195,37.93774319066148,91.54231953763274,13.301235378087444,85.92501398466358,16.00679834734433,78.69286661463794,-5.348613988402406,-3.2139902647977165,6.082719049017544,0.30948199035787266,38.00084762126538
R/R,97,Lourdes Gurriel,666971,R,2023,432,798,248,31.07769423558897,91.49897909906821,9.49341401742245,89.14517132147088,10.343710228921038,97.95337102250431,-4.124926905677265,-3.2304599988150136,3.930697562477524,0.1576508317208932,38.00084762126538
R/R,98,Jean Segura,516416,R,2023,254,511,183,35.81213307240704,91.38267377655846,12.480746424004016,86.6287582366455,14.63247194628856,82.64574507866557,-5.081185207563342,-3.27465700719736,5.5604633675335196,0.27247869008584347,38.00084762126538
R/R,99,J. D. Martinez,502110,R,2023,343,673,224,33.28380386329866,90.3718734572204,10.7582426696567,86.89313585637107,12.046598814342127,90.02607818694848,-4.980719471146698,-3.6587696963042835,4.5778096589833135,0.20245760557663198,38.00084762126538
R/R,100,Salvador Pérez,521692,R,2023,433,854,393,46.01873536299766,89.96988440916765,12.584140550180221,84.56526450290868,14.799873668025745,83.50078092591768,-5.865330316995034,-3.8115289419089824,5.624077440726243,0.2770119752753587,38.00084762126538
R/R,101,Ryan Jeffers,680777,R,2023,238,482,154,31.950207468879665,89.80316335122158,11.271119462759703,85.7253238662142,12.780239957907158,94.39173861922944,-5.42449792602908,-3.8748843570916307,4.85659951203637,0.22222122098985211,38.00084762126538
R/R,102,Nolan Arenado,571448,R,2023,466,953,319,33.47324239244492,89.74538467191763,9.971779927463762,86.72793588738833,10.971515159067705,80.14547150180704,-5.043496859630206,-3.8968407449715032,4.16926875734135,0.17393893002332628,38.00084762126538
R/R,103,Manuel Margot,622534,R,2023,235,442,142,32.126696832579185,89.7359639738047,11.75388546007245,85.16619658788673,13.497427257455339,91.2954363209242,-5.636971031075229,-3.900420690106259,5.129136764896742,0.24166532024026188,38.00084762126538
R/R,104,Ramón Laureano,657656,R,2023,268,544,165,30.330882352941174,89.13916724406997,12.10486898350431,83.99125548764405,14.0367047999661,94.10541877480205,-6.083458608218065,-4.127208505981449,5.334066802081961,0.2563135762136015,38.00084762126538
R/R,105,Josh Jung,673962,R,2023,398,795,263,33.081761006289305,88.99527177932805,9.968613498219268,85.82231657497711,10.967298116304795,90.55903417306796,-5.387639874568348,-4.181890002271936,4.167666245346894,0.1738284827663575,38.00084762126538
R/R,106,Michael Taylor,572191,R,2023,275,529,171,32.32514177693761,88.57049386668692,12.59638267732491,82.61369211450965,14.819798891782497,84.55608237404505,-6.606944366529236,-4.343309209583484,5.631649194644242,0.2775512040503158,38.00084762126538
R/R,107,Harold Ramírez,623912,R,2023,309,615,271,44.06504065040651,87.48859242334045,12.880912983090626,80.70595950828638,15.289325286627243,83.67861716069561,-7.331898927241333,-4.754440928481846,5.8100732044908145,0.29023161362204203,38.00084762126538
R/R,108,Esteury Ruiz,665923,R,2023,346,614,204,33.22475570032573,87.38341841758655,9.043934500237372,84.59640452148126,9.769812058493569,83.77943608435962,-5.853496845988029,-4.794407942145566,3.7126113932321516,0.14307581893269491,38.00084762126538
R/R,109,Lane Thomas,657041,R,2023,486,959,279,29.092805005213762,86.97402712550772,9.65167073819842,83.64479855694,10.54938148150667,93.19781642127178,-6.215115178528225,-4.949980103223173,4.008854381773338,0.16295077082363704,38.00084762126538
R/R,110,Orlando Arcia,606115,R,2023,421,793,222,27.994955863808325,86.88804285013723,8.596605966296437,84.33628542742667,9.212676891678862,86.8335941240443,-5.952344306553532,-4.982654856684964,3.5008953074464126,0.12927229692265957,38.00084762126538
R/R,111,Giancarlo Stanton,519317,R,2023,340,783,215,27.458492975734355,86.86669655347114,10.570253752589624,82.68626349637643,11.78439423742238,80.10501063580509,-6.579366626289392,-4.990766630353827,4.478169697252056,0.1954439584744492,38.00084762126538
R/R,112,Shea Langeliers,669127,R,2023,343,672,210,31.25,86.66794853038206,9.952523423436848,83.01960884650492,10.945882445123107,80.51157178075664,-6.4526925677344895,-5.066292563758184,4.159528108774069,0.17326779173831655,38.00084762126538
R/R,113,Adam Duvall,594807,R,2023,257,507,167,32.938856015779095,85.9917785263122,13.841190332956726,76.87699748534507,16.97466810125834,79.17760919787337,-8.786936951055381,-5.323242896665477,6.450517759374724,0.3351184241907858,38.00084762126538
R/R,114,Teoscar Hernández,606192,R,2023,527,1078,378,35.064935064935064,85.44360324919555,9.914100324401012,81.5750045713799,10.894829702484184,78.40812574742068,-7.001654437055036,-5.531554148420025,4.140127633837375,0.17193252546157323,38.00084762126538
R/R,115,Willy Adames,642715,R,2023,479,1021,336,32.90891283055827,85.06393547457677,9.604541741660947,81.40585787649397,10.487928354655947,82.8113609692413,-7.065931614835043,-5.675831120919956,3.9855016726802917,0.16136328269578976,38.00084762126538
R/R,116,Yan Gomes,543228,R,2023,278,563,211,37.47779751332149,84.33398726156835,12.261667904896676,77.28923619857125,14.282849933168018,83.52014538291881,-8.630282745806436,-5.9532176290594325,5.427604039077182,0.2629968353954653,38.00084762126538
R/R,117,Tim Anderson,641313,R,2023,395,721,262,36.33841886269071,83.9291601501597,10.07279252697717,79.58200394580658,11.106490448542315,77.95107276697952,-7.759011567870023,-6.107055362795407,4.220560511420959,0.17748072786216404,38.00084762126538
R/R,118,Christian Vázquez,543877,R,2023,278,514,175,34.04669260700389,83.73313249867914,11.930144486829791,76.98956691101108,13.766272642216014,83.40844052493547,-8.744159615139905,-6.181547531930078,5.231300289896451,0.24896759875044808,38.00084762126538
R/R,119,Miguel Rojas,500743,R,2023,280,498,173,34.738955823293175,83.4225626896407,10.274718083996662,78.74475485512457,11.378961453589373,83.32664375675431,-8.077173319030518,-6.299566691820433,4.324101802861022,0.18466783298069894,38.00084762126538
R/R,120,Thairo Estrada,642731,R,2023,380,696,268,38.50574712643678,82.32483906297792,10.148627029179433,77.54498410111519,11.208398907432871,73.55694782330325,-8.533096375066132,-6.716710974491184,4.259286589597139,0.18016316716704714,38.00084762126538
R/R,121,Andrew Vaughn,683734,R,2023,472,928,290,31.25,81.99076736058122,9.980890880145365,77.33017771704372,10.983653824655006,77.35031873856742,-8.614724621757876,-6.843661053064719,4.173881553154436,0.174256922065738,38.00084762126538
R/R,122,Julio Rodríguez,677594,R,2023,540,974,377,38.70636550308008,81.65720063763845,10.059063578873422,76.83581933789002,11.088094309208618,76.24756927146453,-8.802584996123038,-6.970419235165446,4.213569822544565,0.17699725455144344,38.00084762126538
R/R,123,Ezequiel Duran,677649,R,2023,305,604,238,39.40397350993378,81.19837960841353,11.181761328891895,74.79417276222387,12.650408097752406,86.030873916752,-9.578428000306712,-7.144775115335532,4.807262304695108,0.21871162128581448,38.00084762126538
R/R,124,Brandon Drury,592273,R,2023,391,734,270,36.78474114441417,80.64806059474773,9.66937287290325,76.067318910067,10.572509155424273,73.6325660573131,-9.094621672668836,-7.353901005149523,4.017643093897109,0.16354905517779172,38.00084762126538
R/R,125,Trea Turner,607208,R,2023,485,988,359,36.336032388663966,80.55173820952821,9.495902057568061,76.14634668888942,10.346928711138803,74.45771914426537,-9.064590446860052,-7.3905043279819616,3.9319206130008144,0.1577334770152115,38.00084762126538
R/R,126,Eloy Jiménez,650391,R,2023,391,761,279,36.662286465177395,79.48266903824963,10.60740932969741,73.4561132470856,11.835946402870189,82.15685951730153,-10.08690195773625,-7.796759674725461,4.497759957089341,0.19682038638264765,38.00084762126538
R/R,127,Fernando Tatís,665487,R,2023,488,909,312,34.32343234323432,78.45653982434162,9.436200430313466,73.7300083732338,10.269829971005146,82.3863242738828,-9.982819488206596,-8.186697473699931,3.902622438244708,0.15575634149207235,38.00084762126538
R/R,128,Jeremy Peña,665161,R,2023,458,923,330,35.75297941495125,78.35101632801377,8.90052188984561,74.21278971760475,9.589733412803811,72.91905879808408,-9.799358485188298,-8.226797296744111,3.6441799814851485,0.13857419645267505,38.00084762126538
R/R,129,Randal Grichuk,545341,R,2023,335,631,228,36.13312202852615,77.7618182895701,11.430135950489758,69.96669320940802,13.013481631610345,90.30013909216356,-11.412911149120005,-8.450697545520576,4.945233325049607,0.22853578624213913,38.00084762126538
R/R,130,Brenton Doyle,686668,R,2023,299,551,176,31.941923774954628,76.64084065753805,10.195813484361205,70.54321561999483,11.272062843949882,69.38329213039808,-11.193827746370468,-8.87667854733754,4.2834794251026675,0.1818424139594966,38.00084762126538
R/R,131,Connor Wong,657136,R,2023,294,542,193,35.608856088560884,75.37996537050023,10.335363261866005,68.78592484203426,11.461502140210317,73.03649580368072,-11.86161313716581,-9.355821843858978,4.355467963409393,0.18685422182986422,38.00084762126538
R/R,132,Ryan Mountcastle,663624,R,2023,310,611,227,37.15220949263502,74.20587282875154,10.901811987102008,66.36616688454859,12.24920589148361,87.91662169081957,-12.781141671393387,-9.801986961581537,4.654802065637748,0.20789727624939827,38.00084762126538
R/R,133,Elías Díaz,553869,R,2023,382,770,276,35.84415584415584,73.27913444876062,10.388836932920889,66.11183555020204,11.534559516739794,71.7541643189878,-12.877789734211548,-10.154155401209673,4.383230385740453,0.18879273699438304,38.00084762126538
R/R,134,Ezequiel Tovar,678662,R,2023,439,858,352,41.02564102564102,71.71590967739695,9.460485641207681,65.70930416819141,10.301159212610441,68.1531303345711,-13.030755071317182,-10.748194064553454,3.9145278156080345,0.15655908897262494,38.00084762126538
R/R,135,Paul DeJong,657557,R,2023,281,493,175,35.496957403651116,71.47843923302904,10.17133098290016,64.27585783598607,11.239006628969232,67.52947113775315,-13.575476827751146,-10.838434846263244,4.270917783218513,0.18097017123283027,38.00084762126538
R/R,136,Martín Maldonado,455117,R,2023,308,568,187,32.92253521126761,71.0721967650044,11.067711462018144,62.07193508318533,12.485960006359333,66.91015449660956,-14.412986154733355,-10.992810427510154,4.744770636068747,0.2142728176709841,38.00084762126538
R/R,137,Luis Robert,673357,R,2023,470,897,362,40.356744704570794,70.45823054753613,9.876953583170081,63.54115377661744,10.845589897383292,65.65698644998648,-13.854670597819073,-11.22612279425632,4.1214160905319766,0.17064652517346562,38.00084762126538
R/R,138,Amed Rosario,642708,R,2023,353,682,272,39.882697947214076,69.99289094347665,10.618128752847708,61.61981248542635,11.850843917262782,74.10254395714692,-14.584796574169053,-11.402955788116358,4.503421138833026,0.197218384985481,38.00084762126538
R/R,139,Starling Marte,516782,R,2023,245,460,177,38.47826086956522,68.64362796146891,11.745982124313182,57.372185062326444,13.485463171514073,76.21736758710178,-16.19893099874033,-11.915687157919265,5.124590310828925,0.24134043702737842,38.00084762126538
R/R,140,Christian Bethancourt,542194,R,2023,259,502,219,43.625498007968126,67.75450284249304,12.415979362314072,54.343936891163565,14.528402337051165,55.66818803892792,-17.34969097185769,-12.253562239543681,5.520916033907172,0.2696580488260815,38.00084762126538
R/R,141,Jake Burger,669394,R,2023,401,781,310,39.69270166453265,67.426761676297,10.819933915433188,57.98880604885505,12.133403714745896,62.03212008215187,-15.964609797248853,-12.378106660701992,4.610796256913541,0.20478617776914496,38.00084762126538
R/R,142,Nick Castellanos,592206,R,2023,486,963,390,40.49844236760124,67.3037948487571,10.05201168772416,59.4089942860639,11.078651406978674,62.94504689550352,-15.42492622929198,-12.42483509746014,4.209981439657139,0.17674917423048356,38.00084762126538
R/R,143,Harrison Bader,664056,R,2023,246,465,174,37.41935483870968,61.648515528260475,11.998092606726946,47.3691483681963,13.87096714384952,68.67689990782605,-20.000169730375987,-14.573889174598989,5.271085087930043,0.2518116641013887,38.00084762126538
R/R,144,Javier Báez,595879,R,2023,402,804,368,45.77114427860697,38.823090080832145,10.998311000894944,21.31046318377406,12.386569529048948,47.33411112761321,-29.90269097941354,-23.247744317781763,4.70700141223598,0.21159403281099642,38.00084762126538
L/L,1,Kyle Tucker,663656,L,2023,238,413,87,21.06537530266344,133.01600556698534,10.197561426909497,146.45190664488666,12.461679436707058,132.71164910583286,17.652118261295822,12.54636196613859,4.735543813793611,0.3303628960499798,38.00084762126538
L/L,2,Cedric Mullins,656775,L,2023,120,212,41,19.339622641509436,125.57720984345137,11.088593546606587,138.26618085528955,14.204678988477117,116.40640390468812,14.541473077296404,9.719556538381246,5.397898417501089,0.3906173539956679,38.00084762126538
L/L,3,Lars Nootbaar,663457,L,2023,125,258,53,20.54263565891473,123.5137857246516,12.794879939791562,142.72969868576493,18.469377935380994,150.74655423710828,16.237647686603367,8.935437883215704,7.018520165819741,0.5200810557234368,38.00084762126538
L/L,4,Alex Verdugo,657077,L,2023,161,279,57,20.43010752688172,123.01353284330801,10.764908656338331,133.05348361522863,13.54259064695919,114.48852257976218,12.56060394214295,8.745337548055339,5.1462992357227,0.3681453358187152,38.00084762126538
L/L,5,Trent Grisham,663757,L,2023,143,264,52,19.696969696969695,122.86159070735216,13.08081892540153,143.20355262433378,19.36223914085986,119.982429852415,16.41771619974628,8.687598248498261,7.357814991983158,0.5435862618984406,38.00084762126538
L/L,6,Juan Soto,665742,L,2023,208,426,88,20.657276995305164,120.77910592995829,12.311547359969083,134.70793477933432,17.09822676307068,153.7619459679887,13.189309407983009,7.89623638150477,6.4974710981729045,0.4815305933802793,38.00084762126538
L/L,7,Andrew Benintendi,643217,L,2023,136,243,70,28.80658436213992,120.63896847663806,13.6264581023617,142.00833170351913,21.277870457736352,122.55919373974378,15.96352211889002,7.842982961408225,8.085771129694633,0.5898812269873167,38.00084762126538
L/L,8,Charlie Blackmon,453568,L,2023,104,193,45,23.316062176165804,119.82929393476127,12.882934003897082,135.49713083942524,18.737233589200645,104.59903779501732,13.48921060021118,7.535299772521451,7.120307584672692,0.5272640588869099,38.00084762126538
L/L,9,Brandon Nimmo,607043,L,2023,234,423,92,21.749408983451538,119.73835860439397,8.817869845198919,124.31681946852109,10.16180731838846,131.31524814721934,9.240597512570895,7.500743576194677,3.8615729146273923,0.24701650513922277,38.00084762126538
L/L,10,Steven Kwan,680757,L,2023,224,415,93,22.40963855421687,118.93491009519681,9.97810172569653,125.01984351668409,12.06740927672009,132.98860783194465,9.507752609854169,7.195426332499334,4.585717811080844,0.3162965529439192,38.00084762126538
L/L,11,J. P. Crawford,641487,L,2023,193,390,78,20.0,118.3361129072711,11.252672525639904,126.78488140399952,14.554609875931169,129.9042771201904,10.178481967870505,6.967878325555266,5.530875120822245,0.40226288592110604,38.00084762126538
L/L,12,Kyle Schwarber,656941,L,2023,254,576,124,21.52777777777778,117.68668955502491,9.68027829913564,122.73302161501604,11.551158570938117,126.6172496511623,8.638740903631565,6.721091947051274,4.38953816703293,0.29769688517292425,38.00084762126538
L/L,13,Jeff McNeil,643446,L,2023,200,308,78,25.324675324675322,115.25106656392731,10.167322206567952,119.8815102357351,12.406616354113549,105.41965598734504,7.555142409487976,5.795534565575773,4.71461937568168,0.32840652545363175,38.00084762126538
L/L,14,Nolan Jones,666134,L,2023,130,249,66,26.506024096385545,114.66545072174821,13.12705039295237,125.4114017846113,19.513127469037588,123.04257978425366,9.65654807059765,5.572995581743305,7.4151538356522515,0.5474354399323667,38.00084762126538
L/L,15,Freddie Freeman,518692,L,2023,217,400,108,27.0,113.6711988266918,11.100673468016362,118.74647328977443,14.230099503873394,112.64317392054718,7.123818749208394,5.195171434131371,5.4075584288213685,0.3914688952042853,38.00084762126538
L/L,16,Ryan Noda,676116,L,2023,96,188,38,20.212765957446805,113.49242804912755,12.377219019028152,120.80295507291109,17.275458361769278,122.79932220645732,7.905299257977239,5.12723702335783,6.564820607931092,0.48668140874613225,38.00084762126538
L/L,17,Triston Casas,671213,L,2023,97,237,62,26.160337552742618,113.41067485823163,14.46989280610082,128.56580764338122,25.006317086198507,135.02620760950208,10.855249034345075,5.0961701178599474,9.502612451616743,0.6651647595129093,38.00084762126538
L/L,18,Shohei Ohtani,660271,L,2023,166,350,111,31.71428571428571,111.98509706984737,15.426277929371059,131.20505200218466,31.229487927942085,111.42571317141623,11.858184261486812,4.554438474773444,11.867470120398739,0.7559984546080475,38.00084762126538
L/L,19,Daulton Varsho,662139,L,2023,117,204,44,21.568627450980394,110.61185138687416,13.23216707813341,116.66615145689906,19.863503860417875,93.96149017631922,6.333278819465512,4.032593475321187,7.548299834241564,0.5562378738780729,38.00084762126538
L/L,20,Luis García,671277,L,2023,129,208,58,27.884615384615387,110.29482095150236,15.43637039801882,124.35304917233853,31.31347874346648,106.49448519258895,9.254365107112196,3.9121192226625148,11.89938734222202,0.756987985150784,38.00084762126538
L/L,21,Bryson Stott,681082,L,2023,164,340,111,32.64705882352941,109.5318637383203,12.826969036900675,113.63853523374686,18.566290946906587,112.09617036644374,5.182758991948736,3.6221890146657456,7.055347931654761,0.5226930160074398,38.00084762126538
L/L,22,Corbin Carroll,682998,L,2023,175,284,71,25.0,107.1234994718177,10.768710871407485,107.90611711352088,13.550163246447498,103.89304942396308,3.0043915170678526,2.706990179587085,5.14917688771522,0.3684054429855057,38.00084762126538
L/L,23,Jack Suwinski,669261,L,2023,131,285,58,20.350877192982455,106.50677177373217,12.170594239839232,107.15115664256331,16.7265584515244,131.06690210862124,2.71750013889848,2.4726284267994667,6.356233989445673,0.47056776276869,38.00084762126538
L/L,24,Masataka Yoshida,807799,L,2023,143,256,58,22.65625,106.43346736755291,10.529769692692321,106.78784049414033,13.083115565579288,121.35505258739964,2.579436922952811,2.4447721311076114,4.971694810189837,0.35223811577099673,38.00084762126538
L/L,25,LaMonte Wade,664774,L,2023,81,161,37,22.981366459627328,105.82088964974494,14.208315042627916,105.89082314081911,23.7244975424246,123.24262553332974,2.2385627253809064,2.211987406001583,9.015510160007622,0.6413332564306068,38.00084762126538
L/L,26,James Outman,681546,L,2023,155,323,76,23.52941176470588,105.67483281259226,11.86178943930133,105.58838913460033,15.950863940819609,112.83781130705115,2.123635239522825,2.156484569874752,6.061463500426226,0.4469912539078742,38.00084762126538
L/L,27,Max Kepler,596146,L,2023,97,175,44,25.142857142857146,105.21149435580809,13.768087593764866,104.34815681622702,21.82956526002575,106.03564971333284,1.652336446068091,1.9804120289414753,8.295419830847068,0.602207063490031,38.00084762126538
L/L,28,Luis Arráez,650333,L,2023,138,221,74,33.4841628959276,105.19151871614558,12.32074531264917,104.64172915511766,17.122890500374517,122.56644824548847,1.7638964232281125,1.9728211165519562,6.506843527403444,0.48225036482252953,38.00084762126538
L/L,29,Dominic Smith,642086,L,2023,172,312,80,25.64102564102564,104.96979476618479,10.819140710845147,104.4890902772005,13.65104595616083,101.46423496688844,1.7058923558200032,1.8885641361875036,5.187513172509587,0.37186400536814235,38.00084762126538
L/L,30,Ryan McMahon,641857,L,2023,179,347,89,25.64841498559078,104.63691477769753,10.459458365609072,104.02706387659538,12.948978167241192,106.88455667349434,1.5303184073560323,1.7620669190007756,4.920721461844248,0.3475497620974808,38.00084762126538
L/L,31,Matt Olson,621566,L,2023,182,363,100,27.548209366391184,104.51916748465182,12.873888591251216,103.11509390553661,18.7094370463336,117.0004209878954,1.1837620883022935,1.7173219495923078,7.109744662773806,0.5265239096851836,38.00084762126538
L/L,32,TJ Friedl,670770,L,2023,110,178,39,21.910112359550563,103.3816526568362,12.0210604899532,101.34469638115438,16.34460686995623,103.19830678578889,0.5109960227711434,1.2850566732047939,6.21108915094694,0.45907555671258343,38.00084762126538
L/L,33,Michael Conforto,624424,L,2023,102,187,55,29.411764705882355,103.28266108851211,12.987655602878043,100.39724750974683,19.06388196727049,120.86467153017868,0.1509574208581659,1.247439038168061,7.244436737080347,0.5358708486759216,38.00084762126538
L/L,34,Nathaniel Lowe,663993,L,2023,219,434,106,24.42396313364055,102.89062875933482,10.474937473268666,101.34355662694249,12.978384373857583,122.764942907585,0.5105629065098258,1.0984634301312985,4.931896069611737,0.34857921138440423,38.00084762126538
L/L,35,Cody Bellinger,641355,L,2023,182,361,121,33.51800554016621,101.74331278494584,12.093906967272623,98.23808979157485,16.529141012412044,113.81800591087148,-0.6695408135271605,0.6624736349693083,6.281213689230782,0.46465632305710414,38.00084762126538
L/L,36,Rafael Devers,646240,L,2023,186,369,115,31.16531165311653,101.51122699107421,11.20010607211832,98.68178416814781,14.441394764906864,107.21980535265692,-0.5009331895815439,0.5742790660895456,5.487852418997653,0.3985133512304973,38.00084762126538
L/L,37,Josh Naylor,647304,L,2023,148,258,92,35.65891472868217,101.46418014779714,12.220784624235469,97.56627941392573,16.857568349587407,83.62488864477754,-0.9248344514414517,0.5564008668652094,6.406018861177371,0.4744569197954749,38.00084762126538
L/L,38,Brandon Marsh,669016,L,2023,110,234,58,24.786324786324787,101.19310974499916,14.17042908998277,93.10878021625462,23.549371088052414,99.63941568945452,-2.618721929267577,0.4533918161516022,8.948960622937122,0.6379176329616975,38.00084762126538
L/L,39,Michael Harris,671739,L,2023,139,235,97,41.27659574468085,101.10990675585266,13.14261917558539,95.42894945339037,19.56437465494055,89.32100522973668,-1.7370379529081426,0.4217739750297027,7.434628200677423,0.5487347352392454,38.00084762126538
L/L,40,Jazz Chisholm,665862,L,2023,94,165,48,29.09090909090909,100.45171849510687,13.863473034851456,92.09459592097473,22.215853619682683,93.69982737928645,-3.004120557915692,0.17165685700263644,8.442212681778985,0.6105801602768712,38.00084762126538
L/L,41,Jarred Kelenic,672284,L,2023,92,185,49,26.486486486486488,100.41641754473115,14.422167679168824,89.96481982641431,24.76238883860065,87.43997024630991,-3.813453526283731,0.1582421966414973,9.409917649941859,0.6607842541938405,38.00084762126538
L/L,42,Gunnar Henderson,683002,L,2023,167,320,87,27.187499999999996,96.5506633026947,11.166800423475726,90.49476016323409,14.37020804045405,98.06090237103972,-3.6120717064052283,-1.3107771822873762,5.46080086031177,0.3961467645122068,38.00084762126538
L/L,43,Yordan Álvarez,670541,L,2023,173,337,104,30.86053412462908,93.608499037214,12.27868149180309,82.41821206154779,17.01051651084551,111.18360040541732,-6.681228443585241,-2.428824541580018,6.46414045887659,0.4789631180230311,38.00084762126538
L/L,44,CJ Abrams,682928,L,2023,167,295,99,33.559322033898304,92.74600205338739,11.612384799458614,82.97632655699128,15.359331117198822,96.6547300128694,-6.469140204619563,-2.7565807061419805,5.836676013492322,0.42839208848803517,38.00084762126538
L/L,45,Nick Pratto,668472,L,2023,81,172,56,32.55813953488372,92.72796869661339,14.855189623799463,62.11483088531046,27.169770417925097,80.6811721618431,-14.396685386331868,-2.763433534570666,10.324743055563355,0.701059702517865,38.00084762126538
L/L,46,Max Muncy,571970,L,2023,168,339,95,28.023598820058996,92.52030473745381,11.980421151733532,81.40510702339941,16.242893128081917,107.61997616538602,-7.06621694537537,-2.8423475992551843,6.172437066887396,0.4559768299445745,38.00084762126538
L/L,47,Christian Yelich,592885,L,2023,158,314,89,28.343949044585987,92.30870773358036,10.39953534569202,85.25673618164514,12.835791870343034,113.58098178618766,-5.602565218014185,-2.9227562542682968,4.877709709631826,0.34357889227394617,38.00084762126538
L/L,48,Andrés Giménez,665926,L,2023,197,379,162,42.74406332453825,91.56509145516651,11.930180068378135,79.83131878656613,16.118340277387265,73.85262365941648,-7.6642698151357855,-3.2053367431152653,6.125105927886978,0.4521604808307357,38.00084762126538
L/L,49,Jihwan Bae,678225,L,2023,114,232,75,32.327586206896555,89.56611968436603,12.414616347164225,74.00961605493575,17.377583595370552,86.16399566118801,-9.87656619914569,-3.9649629597292693,6.6036290623347735,0.48962683300056414,38.00084762126538
L/L,50,Bryce Harper,547180,L,2023,169,351,126,35.8974358974359,89.17411269006284,12.518425328159127,72.70869837136887,17.6657760845291,88.82640689181575,-10.370925945756031,-4.113928940299124,6.713144650995845,0.49784942602376947,38.00084762126538
L/L,51,Riley Greene,682985,L,2023,92,191,63,32.98429319371728,88.02065166001758,13.763296015974344,61.1795912644351,21.810482115894434,104.7283298036572,-14.752084369554412,-4.552253908697303,8.28816807432438,0.6017879755287503,38.00084762126538
L/L,52,MJ Melendez,669004,L,2023,144,267,91,34.08239700374532,87.96820059170378,13.03122305068326,67.10100156310803,19.20247415847551,104.35191184316436,-12.501898264925796,-4.572185759242957,7.29710294447514,0.5394720657431855,38.00084762126538
L/L,53,Jake Cronenworth,630105,L,2023,155,272,85,31.25,86.69883762568277,10.975038727586622,74.87032383618713,13.968286283590984,100.90831607206806,-9.549489946727979,-5.054554445721373,5.308067185929523,0.3826579383460679,38.00084762126538
L/L,54,Kevin Kiermaier,595281,L,2023,96,166,56,33.734939759036145,79.90541623735893,13.311570010523733,46.57713078026646,20.13518232885308,84.75161783164118,-20.30114312709883,-7.636112155768769,7.651539955051412,0.5629335927815662,38.00084762126538
L/L,55,Corey Seager,608369,L,2023,166,271,83,30.627306273062732,78.41350577552626,11.577603744314905,58.11600076946343,15.279119449305977,87.59889198141744,-15.916274725288165,-8.203050777015518,5.806194899801887,0.42582971818991866,38.00084762126538
L/L,56,Brett Baty,683146,L,2023,97,169,59,34.9112426035503,75.54261438183563,13.637353840154956,31.87902194543061,21.319427283891507,87.97109937149997,-25.886549068632544,-9.294013840903915,8.101563075878088,0.5908249440891952,38.00084762126538
R/L,1,Adley Rutschman,668939,S,2023,192,426,88,20.657276995305164,151.37209214119594,11.48556230071328,171.48964907314559,13.661831148158411,141.13493308743065,27.166672609263415,19.521830454431917,5.191611636886248,0.29321602045096956,38.00084762126538
R/L,2,Robbie Grossman,543257,S,2023,138,284,34,11.971830985915492,144.1429709236442,10.540140430457035,157.67321730109097,12.14588233544364,141.75571204580322,21.91631142486884,16.77470311619352,4.615538238550126,0.24693119935118957,38.00084762126538
R/L,3,Rob Refsnyder,608701,R,2023,146,285,50,17.543859649122805,135.5879694305646,12.744141373886782,154.06619895360717,15.942607017905258,,20.545613878970435,13.523730034811368,6.058325799731338,0.3609976148780137,38.00084762126538
R/L,4,Wander Franco,677551,S,2023,95,184,48,26.08695652173913,135.2435230738534,14.233400558802495,161.7550273007286,19.197523871584128,119.51477718433048,23.46743382302071,13.392837499660539,7.29522179349673,0.4502985146881642,38.00084762126538
R/L,5,Mookie Betts,605141,R,2023,180,351,48,13.675213675213676,134.32922534898302,11.425685371420478,147.18524251887618,13.561386735221774,139.95223028023554,17.930792109322656,13.045396614427851,5.153441908582122,0.2901667816914181,38.00084762126538
R/L,6,Connor Joe,656582,R,2023,193,390,72,18.461538461538463,133.37804959281917,13.2222637488173,152.76197064497367,16.90988128362694,139.77028860513894,20.049996066773218,12.683941764717597,6.425898219527948,0.3885928480486895,38.00084762126538
R/L,7,Marcus Semien,543760,R,2023,209,352,74,21.022727272727273,130.20655467188092,11.467993720420775,141.49441739584734,13.632292291441154,124.7798311854836,15.768230325927785,11.47874681249569,5.180386620956059,0.29231968656293433,38.00084762126538
R/L,8,Alex Bregman,608324,R,2023,215,443,99,22.34762979683973,130.08084636937568,11.56214451974911,141.5803468085032,13.791253267065974,146.9537996699193,15.800884231092981,11.430976592013394,5.240793139080524,0.29713920590705445,38.00084762126538
R/L,9,Adolis García,666969,R,2023,153,354,78,22.033898305084744,129.08208064967184,15.223915301465697,156.92230516427134,21.86370807981959,104.62682341673056,21.63095844798642,11.0514371527753,8.30839439177053,0.5151525922857876,38.00084762126538
R/L,10,Ha-Seong Kim,673490,R,2023,191,375,88,23.466666666666665,128.88526651819782,9.893684709735048,136.1166499417692,11.184983812848829,148.43261106176558,13.724633110277544,10.976646114576743,4.250388655183882,0.21757014634452204,38.00084762126538
R/L,11,Alex Call,669743,R,2023,160,322,58,18.012422360248447,128.77746989228953,11.763244705312598,140.28076354084408,14.136364723688612,131.39661397494515,15.307031573838383,10.935682483024465,5.3719384178352225,0.3075653696728185,38.00084762126538
R/L,12,Yandy Díaz,650490,R,2023,139,295,58,19.661016949152543,127.99264915643539,11.312936647593245,137.97663467976884,13.373987607460403,122.6507423015592,14.431443076343578,10.637443951092438,5.082228651597943,0.2844683027349678,38.00084762126538
R/L,13,Paul Goldschmidt,502671,R,2023,166,355,102,28.732394366197184,126.69962896477062,16.569968250615904,163.99985697604933,26.542589043691823,131.07904048176638,24.320488127296283,10.14608531834572,10.086408817232009,0.6102763273285697,38.00084762126538
R/L,14,Andrew McCutchen,457705,R,2023,162,336,70,20.833333333333336,126.48290029410971,13.259641344580865,141.62388076997968,16.988276409232455,139.6005019911516,15.817427505457157,10.063726586456273,6.455689031751799,0.39079295482698745,38.00084762126538
R/L,15,Mitch Garver,641598,R,2023,83,188,26,13.829787234042554,126.33717730183851,14.622535568365976,147.58255822292784,20.185958193620856,119.46640699581248,18.081775444594694,10.008350614214143,7.670835214050195,0.4752570240915051,38.00084762126538
R/L,16,Will Smith,669257,R,2023,144,329,88,26.74772036474164,125.61174148003259,14.899003116993915,147.7513881368535,20.932633162373353,143.98755882192597,18.145932242924697,9.732678852979603,7.954578031151962,0.49339823709844766,38.00084762126538
R/L,17,Myles Straw,664702,R,2023,146,225,56,24.88888888888889,125.48936948589923,13.111168296210096,139.47031287972163,16.679340244770184,119.63628299588557,14.999053453059698,9.686176457957881,6.338290670647511,0.3820902498622151,38.00084762126538
R/L,18,Chris Taylor,621035,R,2023,162,337,69,20.474777448071215,122.582858245556,13.107606042132135,134.75582402020268,16.67200815285072,122.35355458652327,13.207507725432377,8.5816775504201,6.335504413569743,0.38188265316041,38.00084762126538
R/L,19,Zack Short,670097,R,2023,100,188,28,14.893617021276595,121.98127552172171,13.036748402982239,133.57807404112518,16.526925626204093,,12.759952750523643,8.353071016219975,6.2803718236936765,0.37776501886503716,38.00084762126538
R/L,20,Henry Davis,680779,R,2023,83,187,50,26.737967914438503,121.49620552688862,14.737504064011556,138.87175465352044,20.491690052353633,,14.771596253596433,8.168740306626967,7.7870159118169,0.48275974268548194,38.00084762126538
R/L,21,Jurickson Profar,595777,S,2023,147,283,65,22.968197879858657,120.97566828294413,12.190752524875547,129.90183504755387,14.897011467745754,109.6353587088361,11.362950772383071,7.970931741743687,5.660990627980493,0.33032709767158447,38.00084762126538
R/L,22,Lourdes Gurriel,666971,R,2023,158,291,83,28.52233676975945,120.26100650382864,13.698807505683563,132.69884496779446,17.942740632109565,97.95337102250431,12.42583825012538,7.699354208054589,6.818393526686824,0.4171081709115654,38.00084762126538
R/L,23,Dylan Carlson,666185,S,2023,86,195,47,24.102564102564102,119.50727078702003,14.331804164796578,133.4758766547859,19.441045711362424,,12.721116877467942,7.412928246843099,7.387762156755383,0.45654637808796866,38.00084762126538
R/L,24,Austin Slater,596103,R,2023,147,296,66,22.2972972972973,119.47505684020622,13.10651247169014,129.72520648492034,16.669758027100062,,11.295830421441071,7.4006866740015855,6.334649346711949,0.38181893471181083,38.00084762126538
R/L,25,Isaac Paredes,670623,R,2023,136,302,82,27.1523178807947,119.25504974202256,14.998839177929092,135.63261681947097,21.21225695585204,109.75787184624348,13.540696421036543,7.317082111864846,8.060837442824601,0.5000327715802301,38.00084762126538
R/L,26,Mark Canha,592192,R,2023,167,350,84,24.0,118.61661801809157,11.898070594263741,125.84180978818407,14.372168101442156,127.7883004124696,9.820106760185066,7.074472645288013,5.4615457001011425,0.31465617147835634,38.00084762126538
R/L,27,Chas McCormick,676801,R,2023,139,293,84,28.668941979522184,118.23411056988536,16.767608858156017,143.81633901133642,27.37852376882881,104.56467723585814,16.650580220915014,6.9291165727551824,10.40407109834456,0.6249214625122045,38.00084762126538
R/L,28,Mike Trout,545361,R,2023,94,197,49,24.873096446700508,118.18361744373897,17.96477686862685,157.0229359687996,33.79028898420673,126.4727328011262,21.669199006675267,6.909928756829077,12.84059622767362,0.7173429364700384,38.00084762126538
R/L,29,Carlos Santana,467793,S,2023,162,329,74,22.492401215805472,117.95086604654372,12.416814034267565,125.80834571710116,15.315303330637747,126.58237008135936,9.80739012952498,6.821481253044547,5.819945081410232,0.3426916518791167,38.00084762126538
R/L,30,Justin Turner,457759,R,2023,164,330,91,27.575757575757574,117.74786702887438,14.949433767641956,132.42371547052625,21.073189695679943,126.65368942926165,12.321286709107323,6.744339905667354,8.007990705195532,0.4967440321580468,38.00084762126538
R/L,31,Vladimir Guerrero,665489,R,2023,121,235,54,22.97872340425532,117.52762908475869,13.009942592202151,126.36200783562592,16.472414445546107,102.25647446780916,10.017786427522243,6.660647620119739,6.259657112995282,0.37621311549278663,38.00084762126538
R/L,32,Luis Matos,682641,R,2023,98,184,41,22.282608695652172,117.12352544146374,14.610012116552614,129.98212130791833,20.153050360216447,,11.393460231844989,6.507084810399247,7.658329958422726,0.4744433061584426,38.00084762126538
R/L,33,Taylor Ward,621493,R,2023,114,222,52,23.423423423423422,116.93072013273623,14.334834356977499,128.74399753777087,19.44861129049213,115.3324754856362,10.922962704588583,6.433817158823994,7.390637140952129,0.4567394548979361,38.00084762126538
R/L,34,Maikel García,672580,R,2023,117,199,50,25.125628140703515,116.8748759780628,14.92070089296613,130.58401268303646,20.992936425495635,136.28947362105848,11.622184056149168,6.41259590670116,7.977493782281711,0.49483637893559274,38.00084762126538
R/L,35,Isiah Kiner-Falefa,643396,R,2023,90,170,35,20.588235294117645,116.80015151837883,15.5504982661157,132.9775176847314,22.86570308175456,110.60987102608183,12.531736244650624,6.384199978640838,8.689160985628533,0.5374917340616084,38.00084762126538
R/L,36,Wilmer Flores,527038,R,2023,181,379,112,29.551451187335093,116.37761772103798,14.230620433351648,127.42689921151066,19.190704100188047,127.02037828231111,10.4224541766042,6.223633554164996,7.292630222560386,0.450122623607992,38.00084762126538
R/L,37,Matt Vierling,663837,R,2023,146,281,80,28.46975088967972,116.19597243848348,14.098544932331306,126.73575579246364,18.870428808033576,108.80266271074788,10.159813819087741,6.154606807130244,7.170922896820204,0.4418061499211713,38.00084762126538
R/L,38,Lane Thomas,657041,R,2023,194,376,88,23.404255319148938,116.13948098581866,13.47484517177463,125.11207360617149,17.448096629121647,93.19781642127178,9.542800825621232,6.133139576284048,6.630424612843658,0.4035810249514457,38.00084762126538
R/L,39,Sean Murphy,669221,R,2023,101,220,53,24.09090909090909,115.95434105618905,14.919664113459786,128.75823891064715,20.990049111834477,121.07934673613408,10.928374546994473,6.062784833739385,7.976396578616987,0.49476761294451194,38.00084762126538
R/L,40,Miguel Cabrera,408234,R,2023,99,190,40,21.052631578947366,115.90430202485788,13.71419604795475,125.26055374950462,17.97736164544828,104.64536446643868,9.599224538637088,6.0437695776920695,6.8315498052106065,0.41804581339319763,38.00084762126538
R/L,41,Randal Grichuk,545341,R,2023,132,268,88,32.83582089552239,115.81793738578416,17.24657910866331,141.06075485202143,29.627061925534772,90.30013909216356,15.603434883458002,6.010950282799007,11.258534656980402,0.6611334047033218,38.00084762126538
R/L,42,Ronald Acuña,660670,R,2023,145,301,71,23.588039867109632,115.72686572506527,15.676986723253084,131.1944245585073,23.273647167605432,127.31384981902254,11.854145742808942,5.976342279783061,8.844183196072686,0.5462712601749202,38.00084762126538
R/L,43,Miguel Vargas,678246,R,2023,92,193,33,17.098445595854923,114.69159899182664,13.969873142398683,123.74067251635097,18.565186338694033,119.11954873702206,9.02165678720216,5.582932146011401,7.054928171171097,0.43377857346680915,38.00084762126538
R/L,44,Bobby Witt,677951,R,2023,147,301,106,35.21594684385382,114.60876368814593,16.86619600400418,134.77755826662846,27.814125269731687,112.86190885830878,13.215766923298261,5.551454028483085,10.569603360938606,0.632291665772619,38.00084762126538
R/L,45,Marcell Ozuna,542303,R,2023,138,284,87,30.633802816901408,114.56338570618294,17.412891193802867,138.71341040045382,30.494811896366965,104.98547159223486,14.711424095271559,5.534210010703722,11.588287001129917,0.6739457578649889,38.00084762126538
R/L,46,Eugenio Suárez,553993,R,2023,156,329,73,22.188449848024316,114.45241914113792,13.272042521028895,121.89894171170556,17.0143803862752,113.62774652581312,8.321783470534953,5.4920417754104145,6.465608764290903,0.3915242805886182,38.00084762126538
R/L,47,Seiya Suzuki,673548,R,2023,166,348,73,20.977011494252874,114.39527288874696,11.587690156789748,119.29428792034602,13.834666507877847,127.35672683392228,7.331992952218905,5.470325715118059,5.257290538568896,0.29845366720201366,38.00084762126538
R/L,48,DJ LeMahieu,518934,R,2023,114,252,53,21.03174603174603,114.28895000106937,14.680678708649198,124.78036849682672,20.339750807003735,116.09727967287624,9.416750072467172,5.429922116585167,7.729277710714584,0.47904403814129637,38.00084762126538
R/L,49,Ramón Laureano,657656,R,2023,138,259,55,21.235521235521233,113.9623338493509,12.574164208437574,119.96759264139345,15.613540793349529,94.10541877480205,7.587854453290922,5.305805210464195,5.933277845164865,0.3514320991224645,38.00084762126538
R/L,50,Austin Riley,663586,R,2023,149,314,82,26.11464968152866,113.47524804590499,15.74057266451019,126.46274165037374,23.483235215900827,102.74734885668984,10.056066130967654,5.120708476511895,8.923828430937803,0.5507116052355834,38.00084762126538
R/L,51,Christian Walker,572233,R,2023,166,355,86,24.225352112676056,113.36731140193801,11.79230992710165,118.05908641193675,14.186891517449842,98.53550677426207,6.862605909192725,5.079691636910497,5.391139027740338,0.30908714362867934,38.00084762126538
R/L,52,Spencer Torkelson,679529,R,2023,159,301,65,21.59468438538206,113.04437202429006,13.289322600181913,119.6129408325978,17.050832881492724,107.91014271835184,7.453083759844427,4.956971936101432,6.479461021452663,0.3925444664272286,38.00084762126538
R/L,53,Jeimer Candelario,600869,S,2023,160,349,105,30.08595988538682,112.89772413008956,14.106877527304604,120.84378118760148,18.890423173744157,99.97627019125946,7.9208135276104175,4.901244493286507,7.17852092526672,0.4423285413621697,38.00084762126538
R/L,54,Anthony Santander,623993,S,2023,170,391,103,26.342710997442452,112.32080215427787,14.588997616188683,120.79726926783638,20.098001891802227,96.20599389259534,7.903138603854761,4.682009252364715,7.637411073822798,0.47307944436625293,38.00084762126538
R/L,55,Nico Hoerner,663538,R,2023,179,332,107,32.22891566265061,111.63283092095313,13.424770753828458,117.482586883032,17.339789663487238,108.8302737447785,6.643531201676318,4.42057435231084,6.58926704786971,0.4005870706964023,38.00084762126538
R/L,56,Enrique Hernández,571771,R,2023,162,314,81,25.796178343949045,111.62973335700359,12.927025174136073,116.80034503231016,16.305073810760835,106.139947817098,6.384273515575015,4.419397251754405,6.196066253362073,0.3714328926374356,38.00084762126538
R/L,57,Tyler O'Neill,641933,R,2023,79,173,42,24.277456647398843,111.30790517279269,14.272027350513364,118.28065703062364,19.292617353619207,,6.946804622373429,4.2970998138701315,7.331358122702636,0.45274588323321135,38.00084762126538
R/L,58,Ryan Mountcastle,663624,R,2023,160,328,138,42.073170731707314,111.26897096264322,16.911798658739745,125.9092684655962,28.020083619224966,87.91662169081957,9.845741629395777,4.282304483998695,10.64786927949282,0.6357154560930428,38.00084762126538
R/L,59,Patrick Bailey,672275,S,2023,113,204,43,21.07843137254902,111.25964764230972,13.98787207247416,117.708818379838,18.607493228622545,96.16939437450132,6.729501088048872,4.278761543245514,7.071005147946127,0.4348970632049683,38.00084762126538
R/L,60,Andruw Monasterio,655316,R,2023,93,212,56,26.41509433962264,111.24822236857449,16.708046725561395,124.93065572051961,27.121509811499887,114.92563848420026,9.473860491336936,4.274419842383079,10.306403616054611,0.6204896385489584,38.00084762126538
R/L,61,Matt McLain,680574,R,2023,101,186,42,22.58064516129032,111.14625729435573,15.363824466909751,120.27078019702537,22.284315701938308,114.25545738750296,7.7030682943132485,4.235672249902297,8.46822885333529,0.5246646992242116,38.00084762126538
R/L,62,Ryan Jeffers,680777,R,2023,94,200,52,26.0,110.9351186674492,15.824353951810307,121.0467510814727,23.76419401034006,94.39173861922944,7.997943807697468,4.155437782021916,9.0305951542912,0.5565896783591519,38.00084762126538
R/L,63,Owen Miller,680911,R,2023,98,219,63,28.767123287671232,110.80180978579781,16.816130464447156,124.20697028482246,27.591293427445336,,9.198853891660374,4.10477927703996,10.484925372099712,0.6285434537159326,38.00084762126538
R/L,64,Anthony Volpe,683011,R,2023,134,265,71,26.79245283018868,110.77274156620761,12.43973597500928,114.91104346926298,15.358378359803334,107.11963244876702,5.666322907495268,4.0937331072072745,5.836313957606262,0.3439580650161332,38.00084762126538
R/L,65,Ildemaro Vargas,545121,S,2023,107,189,65,34.39153439153439,110.73620342690184,15.310032094105248,119.28156633926787,22.121117701503124,,7.327158643578379,4.079848304566038,8.406212229868965,0.5209971812125589,38.00084762126538
R/L,66,Dylan Moore,664238,R,2023,92,192,46,23.958333333333336,110.39860087887259,16.55916430995493,122.13340940052453,26.49825037515662,,8.410883179684154,3.9515564747239322,10.069559747364648,0.6094807627724115,38.00084762126538
R/L,67,George Springer,543807,R,2023,144,286,63,22.02797202797203,110.32816599014215,11.838000986067534,113.69792405185035,14.266659528081128,119.40875774640084,5.20532724622031,3.9247906199852753,5.421451547910848,0.3114869921558547,38.00084762126538
R/L,68,Fernando Tatís,665487,R,2023,147,326,88,26.993865030674847,109.83042399354571,13.533646479891319,114.60323109410615,17.57632716801876,82.3863242738828,5.549351595852523,3.7356444423116155,6.6791533045338785,0.4071109906869011,38.00084762126538
R/L,69,Gleyber Torres,650402,R,2023,128,264,58,21.96969696969697,109.65323670552742,14.736918510852005,115.9743274226741,20.4901160561032,117.63176617360703,6.070379822412394,3.668311770987531,7.786417779900209,0.48272138125390857,38.00084762126538
R/L,70,José Altuve,514888,R,2023,111,252,84,33.33333333333333,109.29116692385068,14.639944775892257,115.12448649735127,20.231831756667567,94.16410925291684,5.747433067357314,3.5307221849699055,7.688267556842021,0.47638935486073314,38.00084762126538
R/L,71,Matt Chapman,656305,R,2023,113,219,45,20.54794520547945,109.23724997756054,12.81139807292339,112.88876108355187,16.074868332616525,121.67150950977174,4.897838459629499,3.510233288368152,6.108586220396648,0.36481797033251545,38.00084762126538
R/L,72,Evan Longoria,446334,R,2023,116,239,64,26.778242677824267,109.23330586870176,14.726968650554294,115.14706634688213,20.463397063915735,,5.756013601570643,3.5087344935707097,7.776264336393113,0.48206976756831865,38.00084762126538
R/L,73,Randy Arozarena,668227,R,2023,136,322,95,29.503105590062113,109.22070891109625,16.600756819180777,119.2456625829188,26.669692109910372,112.58594259309872,7.31351491183786,3.5039475429061246,10.134709059747676,0.6125463366163829,38.00084762126538
R/L,74,José Abreu,547989,R,2023,179,380,130,34.21052631578947,108.95486121050129,15.302303844223191,115.54880274268248,22.097825173513854,94.87559850585887,5.908676837177903,3.402923163298398,8.397360871800622,0.5204713325206025,38.00084762126538
R/L,75,Carlos Pérez,542208,R,2023,96,178,52,29.213483146067414,108.94729053877344,16.03812413464463,117.04744098527995,24.50723399936057,,6.4781720721413745,3.4000462438711936,9.31295664828395,0.5717291197099519,38.00084762126538
R/L,76,Carlos Correa,621043,R,2023,135,270,71,26.296296296296294,108.8856959199537,14.123559132734359,113.66978354499739,18.930535883015434,96.6855246773455,5.194633615091268,3.3766397666306034,7.19376409479366,0.4433752808588931,38.00084762126538
R/L,77,Taylor Walls,670764,S,2023,92,169,35,20.710059171597635,108.44115752708119,16.420943211013284,116.76083816174813,25.9426701007426,128.87518803507115,6.369260569892801,3.2077114093370946,9.858434533870769,0.5993484268404915,38.00084762126538
R/L,78,Tommy Pham,502054,R,2023,176,356,70,19.662921348314608,108.19729876406896,12.807622287710801,111.24867907455369,16.067411580032342,114.88059146935748,4.274593394526313,3.1150430123937163,6.105752591209638,0.3646029631483378,38.00084762126538
R/L,79,Kevin Newman,621028,R,2023,110,206,57,27.669902912621357,108.05695325666389,15.196727254129502,113.51754865974809,21.78340408220336,,5.136783068321271,3.06171052998142,8.277878192002602,0.5133142364760496,38.00084762126538
R/L,80,Edward Olivares,658668,R,2023,122,220,68,30.909090909090907,107.55360483767062,15.812551413136369,113.40090746324492,23.724277045198942,97.61011400423304,5.092458424974483,2.870433864275741,9.015426369192891,0.5557597270792779,38.00084762126538
R/L,81,Ketel Marte,606466,S,2023,198,384,123,32.03125,107.34657200386548,12.300897453414917,109.61022823396223,15.099357397018148,124.03099095574188,3.6519681872438086,2.791759632575459,5.737883796231129,0.33632315423394527,38.00084762126538
R/L,82,Tyler Stephenson,663886,R,2023,140,290,54,18.620689655172416,107.33419833530557,12.352509310659512,109.62030889067123,15.195121835057927,94.20937883524608,3.6557989222390184,2.787057533640854,5.774275094405986,0.339151350861748,38.00084762126538
R/L,83,William Contreras,661388,R,2023,175,352,86,24.431818181818183,106.6082514142749,14.247985081935692,109.67403563432129,19.233354075648453,103.5387454112724,3.6762155402253427,2.511191550368718,7.308837574745603,0.4512218012600424,38.00084762126538
R/L,84,José Caballero,676609,R,2023,121,246,79,32.113821138211385,105.80813295946395,14.13072622398827,108.14506846701195,18.94780470300667,,3.095195056796947,2.2071397555663843,7.200326392764521,0.44382538233016927,38.00084762126538
R/L,85,Ian Happ,664023,S,2023,191,417,123,29.496402877697843,105.67475777991686,13.232034216324305,107.45556095836976,16.930332810132075,126.90278551564744,2.8331763591006442,2.156456056822107,6.433669972951386,0.3891673542978222,38.00084762126538
R/L,86,Starling Marte,516782,R,2023,95,187,67,35.82887700534759,105.48346573403049,16.208294472547472,109.1377380352156,25.127658770928065,76.21736758710178,3.4724179067926904,2.0837634579532263,9.548723320331899,0.5839259932258555,38.00084762126538
R/L,87,Josh Jung,673962,R,2023,117,229,75,32.751091703056765,105.36650074925032,17.789677982319617,111.26500357144035,32.6665034088798,90.55903417306796,4.280796841713147,2.039315772316681,12.413548183603874,0.7034275037475111,38.00084762126538
R/L,88,Orlando Arcia,606115,R,2023,112,250,54,21.6,105.18260950915729,13.867547160934643,106.90193110060275,18.327021075125757,86.8335941240443,2.622792320464776,1.9694355423800685,6.96442335227573,0.4274471978844552,38.00084762126538
R/L,89,Eloy Jiménez,650391,R,2023,97,201,74,36.81592039800995,104.84295747879821,18.00405009053169,109.90362590576648,34.05382634256913,82.15685951730153,3.76346178943048,1.8403648918807847,12.940742657650024,0.7204827653330553,38.00084762126538
R/L,90,Francisco Álvarez,682626,R,2023,148,328,79,24.085365853658537,104.56679151869776,16.310167757118,107.00764014289803,25.512347951496753,94.81304596020485,2.662962652549304,1.7354194862012045,9.694908469655301,0.5912893099272661,38.00084762126538
R/L,91,Leody Taveras,665750,S,2023,150,284,71,25.0,104.52542080122481,12.352624760538612,105.3700743638316,15.19533673861169,104.2380573002444,2.040673776148285,1.7196982628944846,5.7743567595779846,0.3391576904911212,38.00084762126538
R/L,92,Jonathan India,663697,R,2023,134,269,54,20.074349442379184,104.5252967753699,12.798875561141521,105.46758452900559,16.050152301564395,124.61851312076156,2.077728465431296,1.719651132018348,6.0991939190985045,0.3641051356216923,38.00084762126538
R/L,93,Manuel Margot,622534,R,2023,99,159,46,28.930817610062892,104.51898646377374,15.872348060726086,106.60519527544336,23.927676238458336,91.2954363209242,2.5100301917082515,1.7172531601242678,9.092719786686276,0.5599709898557458,38.00084762126538
R/L,94,Dansby Swanson,621020,R,2023,161,338,83,24.556213017751478,104.31631634779201,12.14574588375612,105.01721462267197,14.815108503580673,110.8113763964133,1.9065840835934196,1.6402367981762078,5.629866807370822,0.32789255234370535,38.00084762126538
R/L,95,Jorge Soler,624585,R,2023,134,279,71,25.448028673835125,104.10882006997659,14.093965870953587,105.08058364760143,18.859453126776348,116.123465028335,1.9306648501959451,1.5613864538237743,7.166752044910249,0.4415192084029943,38.00084762126538
R/L,96,Bo Bichette,666182,R,2023,107,200,61,30.5,104.02177759128494,15.667380062216019,105.39317064317414,23.242249467185733,99.7988323404305,2.049450558067426,1.5283095741303865,8.832251803779615,0.545601968937103,38.00084762126538
R/L,97,Ezequiel Duran,677649,R,2023,131,267,92,34.45692883895131,103.76406526957726,17.12353909748427,105.4191690309872,29.01602074023571,86.030873916752,2.0593301658042544,1.4303767074570275,11.026333827251731,0.6517337790233056,38.00084762126538
R/L,98,Jon Berti,542932,R,2023,128,213,53,24.88262910798122,103.45088863556104,11.183174583659458,103.6708251425518,13.161047554579788,111.69093940627988,1.3949446688642106,1.3113669319791164,5.001309626578139,0.2779798915136277,38.00084762126538
R/L,99,Spencer Steer,668715,R,2023,180,350,96,27.42857142857143,103.27642217457299,11.594556746106965,103.44551218748373,13.846356677996244,112.33829782413548,1.3093238361378212,1.2450681979888296,5.261732902302256,0.2988074850787023,38.00084762126538
R/L,100,Manny Machado,592518,R,2023,150,302,86,28.47682119205298,102.29963425971296,13.63385452002703,101.89128978221541,17.797523728510768,98.04172138013264,0.718706148216242,0.8738805108799357,6.763209872429926,0.4131621060318053,38.00084762126538
R/L,101,Xander Bogaerts,593428,R,2023,174,330,76,23.03030303030303,101.79703711226134,12.566431959888321,101.21153645915838,15.598744406535134,114.0655774796442,0.4603941237208531,0.6828893347280167,5.927655092758073,0.35100001873947356,38.00084762126538
R/L,102,Stuart Fairchild,656413,R,2023,112,204,47,23.03921568627451,101.77141703432159,13.644886725858944,100.98902719853368,17.822085322702804,,0.37583871864765384,0.6731534879496854,6.772543486412195,0.4138310193666609,38.00084762126538
R/L,103,J. D. Martinez,502110,R,2023,136,286,84,29.37062937062937,101.15111447689804,14.685156332085374,99.55979948926776,20.351664017604843,90.02607818694848,-0.1672799253113902,0.4374332583123535,7.733804831721913,0.47933630064021593,38.00084762126538
R/L,104,Emmanuel Rivera,656896,R,2023,100,225,66,29.333333333333332,101.10663216251261,15.214018365236328,99.22785757591339,21.83442319165473,,-0.29342066599629923,0.4205296018043324,8.297265886042942,0.5144830174714459,38.00084762126538
R/L,105,Garrett Cooper,643265,R,2023,111,226,88,38.93805309734513,101.04366945577348,16.108046013933855,98.5421168699264,24.758916313453565,90.84266064228484,-0.5540079467554001,0.39660323955816923,9.408598060952105,0.5767251550621195,38.00084762126538
R/L,106,Jonah Heim,641680,S,2023,88,167,59,35.32934131736527,101.02275549885536,17.20971219480155,97.44524923665743,29.441328948572135,106.01150048293592,-0.9708269446809218,0.3886557586581366,11.18795455142239,0.658309900191454,38.00084762126538
R/L,107,Patrick Wisdom,621550,R,2023,131,276,65,23.55072463768116,100.94807114901553,14.60630067183468,99.20605265616081,20.143312483131826,100.95115464233407,-0.30170672032541385,0.36027507267857056,7.654629482590252,0.4742022869959912,38.00084762126538
R/L,108,Pete Alonso,624413,R,2023,179,390,108,27.692307692307693,100.60849983096021,13.2264829190699,99.16352747072816,16.918709306198938,96.61704899083162,-0.3178666512423379,0.2312350935388484,6.429252942933504,0.3888408843912047,38.00084762126538
R/L,109,Harrison Bader,664056,R,2023,98,190,61,32.10526315789474,100.51749376684602,16.056675926715755,97.34701484266762,24.573580164043637,68.67689990782605,-1.008156847052665,0.196652017788703,9.338168753227718,0.5730525580561133,38.00084762126538
R/L,110,Mauricio Dubón,643289,R,2023,117,177,73,41.24293785310734,100.39075576207924,14.455955240137827,98.23195598780447,19.75436948503515,92.6936469134492,-0.6718717109513306,0.14849050171904699,7.506827846549953,0.4644904199009214,38.00084762126538
R/L,111,Jorge Polanco,593871,S,2023,90,164,59,35.97560975609756,99.92170877268153,16.162330041240782,95.82656929421022,24.957409530543742,105.61499971100892,-1.5859390430862774,-0.029751329994111675,9.484027165917091,0.5806188261117337,38.00084762126538
R/L,112,AJ Pollock,572041,R,2023,80,160,58,36.25,99.8079402802314,17.243411180852394,93.82152413723469,29.611011048375335,,-2.347873197926107,-0.07298432145109457,11.252435187609167,0.6608905472033081,38.00084762126538
R/L,113,Nick Allen,669397,R,2023,100,166,50,30.120481927710845,99.66322392161372,15.4565498875279,96.021375778301,22.570123432207524,,-1.5119109279105878,-0.12797776437244401,8.576838213404693,0.5310168367618668,38.00084762126538
R/L,114,Alec Bohm,664761,R,2023,167,314,111,35.35031847133758,99.3833607851856,13.801502091617346,96.8161883377247,18.175381692222587,106.13129984154614,-1.2098754183293123,-0.23432812839458494,6.90679910144487,0.4233854046847103,38.00084762126538
R/L,115,Ty France,664034,R,2023,157,303,114,37.62376237623762,99.1537270886228,14.624468512132287,95.77749576739595,20.191044204366708,93.32786762823648,-1.6045873992333448,-0.3215908795124971,7.672767941243727,0.47538268024947816,38.00084762126538
R/L,116,Alejandro Kirk,672386,R,2023,127,281,72,25.622775800711743,98.96048996665567,15.27049848238573,94.74340164509194,22.002367045485435,117.92579415792598,-1.9975519309105565,-0.3950226237789414,8.36108597402643,0.5183100140723287,38.00084762126538
R/L,117,Tommy Edman,669242,S,2023,162,260,85,32.69230769230769,98.94362114061884,11.750900316471705,97.20061784687087,14.114955643595867,106.42747110997487,-1.0637889463474963,-0.401432920656696,5.363802785932063,0.30692018809682353,38.00084762126538
R/L,118,Ramón Urías,602104,R,2023,123,240,72,30.0,98.81723500612023,14.877074861748916,94.88362513289735,20.871949481583005,101.83639840309868,-1.9442658169803968,-0.44946072304192186,7.931517718083847,0.49194694529560706,38.00084762126538
R/L,119,Francisco Lindor,596019,S,2023,201,399,100,25.062656641604008,98.63806267774818,13.752231195301903,95.561942180756,18.06329333323966,97.01916454033449,-1.6864995892345642,-0.5175477265260535,6.864204574946591,0.42036785739784976,38.00084762126538
R/L,120,Eduardo Escobar,500871,S,2023,113,259,103,39.768339768339764,98.3195066413966,17.576591921724184,88.32556543306701,31.400643081732007,88.67645716956808,-4.436384090424538,-0.6386017204883614,11.93251052958639,0.6866770155608868,38.00084762126538
R/L,121,Alan Trejo,676701,R,2023,105,217,62,28.57142857142857,97.79430563950599,14.869023991645943,92.88067107663556,20.849734902611697,,-2.705405335824394,-0.8381825529221725,7.923075989779254,0.4914146458573711,38.00084762126538
R/L,122,J. T. Realmuto,592663,R,2023,148,304,101,33.223684210526315,97.72021915282387,14.484389896931223,93.2120280281318,19.827115806591433,89.77432574130303,-2.5794868856038384,-0.8663360458341955,7.534472065354633,0.4663195090284538,38.00084762126538
R/L,123,Nick Senzel,669222,R,2023,126,215,57,26.51162790697674,97.61362478147038,12.613330500903345,94.73265119268827,15.688717212697856,,-2.0016371939470705,-0.9068428104650823,5.961845521728545,0.35362480613868197,38.00084762126538
R/L,124,Byron Buxton,621439,R,2023,89,185,43,23.243243243243246,96.72134578164581,15.356333804916678,89.93789291139984,22.261477087391167,90.48878688973323,-3.8236859822274893,-1.2459163935449675,8.459549986222424,0.5241532213861777,38.00084762126538
R/L,125,Josh Bell,605137,S,2023,186,398,107,26.884422110552762,96.60847711715466,12.905253234770026,92.92253032518732,16.261450135292698,95.57820512294607,-2.68949846656683,-1.288807442750402,6.17948888692063,0.3701827976889678,38.00084762126538
R/L,126,Austin Hays,669720,R,2023,166,347,102,29.394812680115272,96.53460343992384,12.756772865657249,92.93891032983659,15.967356493693392,96.0706207817887,-2.68327392595971,-1.3168800662671138,6.067730810312648,0.3617135828013843,38.00084762126538
R/L,127,Willy Adames,642715,R,2023,159,379,112,29.551451187335093,96.52065156175748,14.229516015050223,91.31674232622314,19.187995820985304,82.8113609692413,-3.299711517173782,-1.3221818982294178,7.291601053507394,0.4500527595602233,38.00084762126538
R/L,128,Elvis Andrus,462101,R,2023,107,203,47,23.15270935960591,96.51860618652678,13.117617124328522,92.57894088837025,16.69262310032684,95.29570311021313,-2.820065364894449,-1.3229591581541162,6.343338268347347,0.38246621030577704,38.00084762126538
R/L,129,Stone Garrett,656448,R,2023,143,288,96,33.33333333333333,96.44776119241266,15.431966102547065,89.21431268089896,22.493785173717207,,-4.09865260303773,-1.3498808564147193,8.54782902811906,0.529329005744418,38.00084762126538
R/L,130,Nick Ahmed,605113,R,2023,122,224,78,34.82142857142857,96.24784021608706,14.60968984331059,90.26153290187801,20.15220453248816,,-3.700700042604401,-1.4258525219911573,7.658008536716562,0.47442237548503263,38.00084762126538
R/L,131,Trayce Thompson,572204,R,2023,81,209,44,21.052631578947366,96.18488354578808,16.700477214047627,85.26523569162437,27.089169048422228,,-5.59933533217842,-1.449776590338895,10.294113851957915,0.6199275453723472,38.00084762126538
R/L,132,Ozzie Albies,645277,S,2023,133,253,109,43.08300395256917,96.1795496438497,16.680973869386857,85.31806607640434,27.006170353605306,77.80505979152662,-5.57925933816046,-1.4518035182867681,10.262573644412898,0.6184804489211961,38.00084762126538
R/L,133,Jake Rogers,668670,R,2023,108,204,49,24.019607843137255,95.99419475058788,13.652500954350707,91.12386290085682,17.839061833794844,102.11754777243526,-3.3730073337000044,-1.5222399488337506,6.778994704523687,0.41429300680209125,38.00084762126538
R/L,134,James McCann,543510,R,2023,114,200,71,35.5,95.97684435104418,13.767540895642211,90.95145126333756,18.09802811196361,,-3.4385252173550254,-1.5288332477260338,6.8774040852810625,0.4213043291775343,38.00084762126538
R/L,135,Yuli Gurriel,493329,R,2023,104,183,65,35.51912568306011,95.88381005587034,15.16452504654793,88.56912132407344,21.688876025183397,,-4.343830787410572,-1.5641870684705617,8.241956729095103,0.5111410925145387,38.00084762126538
R/L,136,Gabriel Moreno,672515,R,2023,116,226,63,27.876106194690266,95.81508121417546,14.663590275537006,89.34784067230933,20.29437708572164,101.54928970883746,-4.047910834490136,-1.59030461087489,7.7120353120300775,0.4779294646512784,38.00084762126538
R/L,137,Yan Gomes,543228,R,2023,140,254,95,37.40157480314961,95.4675207195527,14.0113732060339,89.72920727000201,18.662922765074626,83.52014538291881,-3.9029882948225416,-1.7223805448282077,7.092068841630456,0.4363596387486043,38.00084762126538
R/L,138,Santiago Espinal,669289,R,2023,115,207,51,24.637681159420293,95.09862232687836,12.525233691465479,90.9327003628769,15.520155724481565,,-3.4456507184666956,-1.862565060905678,5.897790727443335,0.3487023277233524,38.00084762126538
R/L,139,Miguel Rojas,500743,R,2023,145,251,75,29.880478087649404,94.86048082466968,13.657246345717272,89.181492854275,17.849652216133347,83.32664375675431,-4.11112441534266,-1.9530608502829883,6.783019139578651,0.4145810601245321,38.00084762126538
R/L,140,Amed Rosario,642708,R,2023,193,365,143,39.178082191780824,94.60006509606313,12.77065062876346,89.89205700401143,15.994595925715192,74.10254395714692,-3.8411040155499814,-2.0520210344925705,6.078082025368151,0.36250100857265133,38.00084762126538
R/L,141,Christopher Morel,666624,R,2023,101,202,55,27.22772277227723,94.48086322244575,14.833819935839434,86.44077819245685,20.75300496108947,90.89832742751165,-5.152619217713861,-2.0973187568476055,7.8863177920972545,0.4890904436707445,38.00084762126538
R/L,142,Kyle Farmer,571657,R,2023,128,232,74,31.896551724137932,94.19389092931945,14.06730275691392,87.3735287084766,18.795711058577435,82.63265603552624,-4.798166115434628,-2.2063706606737847,7.142529518703337,0.4398502471393126,38.00084762126538
R/L,143,Michael Taylor,572191,R,2023,112,263,73,27.756653992395435,94.12095900880192,17.15269699861554,77.5688297320441,29.15857242673223,84.55608237404505,-8.524034833192513,-2.2340854086569113,11.080504676418817,0.6539552086314726,38.00084762126538
R/L,144,Brent Rooker,667670,R,2023,174,356,87,24.43820224719101,93.89537755634002,11.487731868901895,90.16618291766439,13.665482841638347,93.41725683343056,-3.7369338448123215,-2.3198082726687934,5.192999311361155,0.2933268051416563,38.00084762126538
R/L,145,Javier Báez,595879,R,2023,140,272,110,40.44117647058824,93.8625899772925,15.40771484943064,83.78921542940425,22.41888045600642,47.33411112761321,-6.160235542883692,-2.332267830621344,8.519364600480644,0.5276666375067962,38.00084762126538
R/L,146,Joey Wiemer,686894,R,2023,121,225,74,32.88888888888889,93.57703399679305,13.501457407497265,87.24037057037282,17.5059896769838,91.60048376257186,-4.848767336590757,-2.4407815236443513,6.652424461745061,0.4051767091972468,38.00084762126538
R/L,147,Luis Rengifo,650859,S,2023,121,214,64,29.906542056074763,93.21002286152942,14.430449338346405,84.87784841639115,19.689432094388973,104.02192687249774,-5.7465457803439675,-2.5802488659089615,7.482151087681274,0.46285278402405877,38.00084762126538
R/L,148,Bryan De La Cruz,650559,R,2023,154,331,111,33.53474320241692,92.65920306053532,14.598969323014275,83.45926360781306,20.124096565740647,98.8081494851938,-6.285620031830149,-2.7895650591524883,7.647327271103402,0.4737263732154875,38.00084762126538
R/L,149,Jorge Mateo,622761,R,2023,138,260,82,31.538461538461537,92.23284162880606,13.101856959646792,85.66441594181342,16.660182757060955,75.01868844126665,-5.447643453569893,-2.9515860171397694,6.331010662935063,0.38154773412320314,38.00084762126538
R/L,150,Andy Ibáñez,628451,R,2023,119,202,75,37.12871287128713,92.05955865057135,14.269536803039772,83.11377032049819,19.286466757097127,88.48051796885184,-6.416910409484374,-3.0174350176523292,7.329020843890482,0.4525878837138626,38.00084762126538
R/L,151,Casey Schmitt,669477,R,2023,115,196,69,35.204081632653065,91.95844297535704,14.769120897326168,81.68030317492074,20.576938724312186,,-6.961640075176164,-3.0558598313117313,7.819411129747022,0.48483332403357343,38.00084762126538
R/L,152,Matt Duffy,622110,R,2023,106,171,44,25.730994152046783,91.94493096169583,12.63972947704872,85.92380657111705,15.739604263944667,,-5.34907281578438,-3.060994511033692,5.981183032531801,0.35510658796920713,38.00084762126538
R/L,153,Harold Ramírez,623912,R,2023,125,229,100,43.66812227074236,91.90941791160857,14.008924691911318,83.42175343322117,18.657137658431342,83.67861716069561,-6.299874216119285,-3.074489771083019,7.0898704520702145,0.4362071427202759,38.00084762126538
R/L,154,Willi Castro,650489,S,2023,129,254,87,34.25196850393701,91.50686135606477,13.676475504873771,83.41406679459094,17.89264648765899,90.47535765662457,-6.302795203952354,-3.2274646743446307,6.799357327186985,0.415749327465568,38.00084762126538
R/L,155,Whit Merrifield,593160,R,2023,146,273,85,31.135531135531135,91.33612960270632,12.930089117473337,84.50969802459764,16.311223377404254,94.0321899121904,-5.886446049746513,-3.2923441877794897,6.198403140811607,0.3716089863930591,38.00084762126538
R/L,156,José Ramírez,608070,S,2023,224,413,117,28.329297820823246,91.2793728905621,11.124852910405293,86.87733211790308,13.066270608545304,92.34851183075487,-4.986725025720384,-3.3139122194762534,4.965293583735486,0.27508805113193924,38.00084762126538
R/L,157,Esteury Ruiz,665923,R,2023,147,243,91,37.4485596707819,91.14623136949727,13.630520786339886,82.89223568285156,17.790109916697613,83.77943608435962,-6.50109544956479,-3.3645071260167385,6.760392561099882,0.4129600789333961,38.00084762126538
R/L,158,Jake Meyers,676694,R,2023,79,166,55,33.13253012048193,90.86510500657025,15.664232959507867,76.45184703360135,23.231978787587426,98.76321955979404,-8.948497726383632,-3.4713375268158435,8.828348858475794,0.5453828010897737,38.00084762126538
R/L,159,Jordan Westburg,676059,R,2023,82,176,46,26.136363636363637,90.82871438425497,14.470310503260418,80.33713629376786,19.791048868893867,,-7.472054874982374,-3.4851662717503005,7.520766323318523,0.465413388020773,38.00084762126538
R/L,160,Danny Jansen,643376,R,2023,85,182,50,27.472527472527474,90.7556631937424,15.84315873195322,75.45522071918425,23.82802521102053,,-9.327224173478706,-3.512926343342505,9.054851551596611,0.5579133046498028,38.00084762126538
R/L,161,Keibert Ruiz,660688,S,2023,159,273,101,36.996336996337,90.64591853793948,14.559404447847838,79.7464311972879,20.020842263016895,85.80255241962465,-7.696527818586764,-3.554630242766649,7.608089760862949,0.47116214738952367,38.00084762126538
R/L,162,Salvador Pérez,521692,R,2023,142,300,156,52.0,90.59938629014016,17.234536044839107,66.7389020279946,29.566135225185498,83.50078092591768,-12.639499157501561,-3.5723128913476216,11.235381994420008,0.6602104052107303,38.00084762126538
R/L,163,J. D. Davis,605204,R,2023,160,289,77,26.643598615916954,89.74365330733721,12.318470200866388,83.05818058338892,15.131894344883358,99.07908067697822,-6.438034980776326,-3.8974986781874787,5.750248112209999,0.3372847659209433,38.00084762126538
R/L,164,Yasmani Grandal,518735,S,2023,96,227,66,29.074889867841406,89.58208751190483,17.689082431786066,59.210310805529936,32.05588931992195,94.74192455943438,-15.500427635978319,-3.9588950499178193,12.181509654105026,0.695494632952596,38.00084762126538
R/L,165,Bryan Reynolds,668804,S,2023,202,403,114,28.287841191067,89.37422996495442,12.40157055156786,82.35936046245261,15.286726507634432,99.481727342823,-6.703592550080076,-4.037882679603744,5.809085646445744,0.34185075859545144,38.00084762126538
R/L,166,Connor Wong,657136,R,2023,107,215,71,33.02325581395349,89.22963335103279,15.800168485973883,72.21308705706028,23.68251719303957,73.03649580368072,-10.559262446100188,-4.0928306185256185,8.99955727140694,0.5548896287132064,38.00084762126538
R/L,167,Elías Díaz,553869,R,2023,143,293,111,37.883959044368595,88.94242186226462,13.685742662988417,79.00175287186676,17.913412928075967,71.7541643189878,-7.979511894298649,-4.201973418723176,6.807248750566202,0.41631294052258594,38.00084762126538
R/L,168,Donovan Solano,456781,R,2023,153,307,99,32.24755700325733,88.29824091482128,11.898536114348143,81.60284573172969,14.372988618031105,95.7420431571963,-6.9910745601345194,-4.4467676389663415,5.461857503359816,0.31468079423242135,38.00084762126538
R/L,169,Andrew Vaughn,683734,R,2023,142,270,93,34.44444444444444,88.1893235590558,14.23750680006321,76.14283881873135,19.207602654635043,77.35031873856742,-9.065923467253576,-4.488157157363899,7.299051816485986,0.4505583684104081,38.00084762126538
R/L,170,Trey Mancini,641820,R,2023,108,222,71,31.98198198198198,88.14134662483319,15.06215281170239,73.14957387136604,21.392496379341214,,-10.203389518802613,-4.506388799031182,8.129329951498168,0.5042631938440462,38.00084762126538
R/L,171,Ke'Bryan Hayes,663647,R,2023,167,296,94,31.756756756756754,87.88117441546022,13.266362369772931,78.24396988052581,17.00241805855861,96.08797042812114,-8.267475854137986,-4.605256443867884,6.461062978363365,0.3911892242118709,38.00084762126538
R/L,172,Edmundo Sosa,624641,R,2023,123,220,100,45.45454545454545,87.23734419630159,15.502597424848881,69.29912511766261,22.714227755904716,,-11.666592682432366,-4.849917384390014,8.631599077868517,0.5341855181332144,38.00084762126538
R/L,173,Adam Duvall,594807,R,2023,93,186,71,38.17204301075269,86.77073480093549,16.722189536907305,60.31524423469378,27.182128042281075,79.17760919787337,-15.080543567245345,-5.027232909709598,10.329439057564477,0.6215405312255938,38.00084762126538
R/L,174,Aledmys Díaz,649557,R,2023,135,226,73,32.30088495575221,86.5014897821257,12.484402610862436,77.82002787397373,15.442676075889562,,-8.42857741005038,-5.129548299035351,5.8683478042443955,0.34643255997196015,38.00084762126538
R/L,175,Jordan Walker,691023,R,2023,120,236,77,32.6271186440678,86.36625812943743,13.708111922507664,74.52197594953435,17.96366363633632,85.45794268837967,-9.681865096326794,-5.180937473309141,6.826344445640824,0.41767497444943275,38.00084762126538
R/L,176,Jordan Diaz,672478,R,2023,116,205,73,35.609756097560975,85.47632656158885,13.602683842086508,73.31862084550148,17.728352932420663,,-10.139150235753045,-5.519119012340814,6.736924383609309,0.4112750650618834,38.00084762126538
R/L,177,Teoscar Hernández,606192,R,2023,150,287,105,36.58536585365854,85.261620930821,15.102299769305414,67.14657116983014,21.507987369952072,78.40812574742068,-12.48458142811372,-5.600708971923182,8.17321750685649,0.5069549223822596,38.00084762126538
R/L,178,Cal Raleigh,663728,S,2023,108,211,75,35.54502369668246,85.25492255619525,15.658338794653066,64.1463558277319,23.212762938527803,85.74274881998812,-13.624688688574297,-5.6032544110578115,8.821046672955514,0.5449724431292211,38.00084762126538
R/L,179,Luis Robert,673357,R,2023,119,252,108,42.857142857142854,84.39694198747678,16.846846970875006,52.81251642143282,27.727604219820453,65.65698644998648,-17.93164373100094,-5.929294299596586,10.536724628601519,0.630841757947349,38.00084762126538
R/L,180,Shea Langeliers,669127,R,2023,144,298,93,31.20805369127517,84.27184101292863,12.032435686861138,75.44248050746313,14.610855977590722,80.51157178075664,-9.332065561921477,-5.976833730307348,5.552249116206794,0.3218031341524054,38.00084762126538
R/L,181,Mark Vientos,668901,R,2023,88,185,67,36.21621621621622,84.25727512293996,15.745648438017904,61.398278470949585,23.500099660463846,,-14.668981377439641,-5.982368891966624,8.93023706281837,0.551066832218247,38.00084762126538
R/L,182,Willson Contreras,575929,R,2023,121,264,88,33.33333333333333,83.90333338124634,14.364195869071178,67.8284080808729,19.522128756561198,93.78389496084066,-12.225477622522812,-6.116869753895671,7.41857440120805,0.45861241622736904,38.00084762126538
R/L,183,Julio Rodríguez,677594,R,2023,165,332,117,35.24096385542169,82.87910065219351,13.106140032597954,70.52692914192201,16.66899177746956,76.24756927146453,-11.200016746085788,-6.506086872550159,6.334358165357463,0.381797235228097,38.00084762126538
R/L,184,Tim Anderson,641313,R,2023,130,234,79,33.76068376068376,82.70234888143924,12.853793281086451,70.99207697226804,16.15885515567049,77.95107276697952,-11.023256627862372,-6.573254043622383,6.140501925047327,0.367236461190316,38.00084762126538
R/L,185,Drew Waters,671221,S,2023,86,175,57,32.57142857142858,82.4266437361304,16.047367722594664,55.04888081834223,24.540253038858086,80.70857436192635,-17.081806304275162,-6.678024335775179,9.325504163169407,0.5723883428603859,38.00084762126538
R/L,186,Gabriel Arias,672356,R,2023,119,239,84,35.146443514644346,82.42044218560002,14.21647283951519,65.73324210672504,19.15605003203829,85.68188039350972,-13.021658451771343,-6.680380977542387,7.279461382928228,0.44922807560339256,38.00084762126538
R/L,187,Martín Maldonado,455117,R,2023,99,197,63,31.979695431472084,82.32350312527164,15.130437822689924,61.02693897381714,21.589498153564463,66.91015449660956,-14.810093533902513,-6.717218642143262,8.204192295531934,0.5088457620086289,38.00084762126538
R/L,188,Trea Turner,607208,R,2023,208,442,147,33.257918552036195,80.9594688931817,12.93745853678583,67.97309767119532,16.32602495459603,74.45771914426537,-12.17049435178056,-7.235563212181657,6.204027865605798,0.3720326993038157,38.00084762126538
R/L,189,Ezequiel Tovar,678662,R,2023,176,356,158,44.38202247191011,80.9189916480927,13.02874932547796,67.61273747872801,16.510637702200363,68.1531303345711,-12.30743427940776,-7.250944908409213,6.274182274512351,0.3773015835784419,38.00084762126538
R/L,190,Nolan Arenado,571448,R,2023,143,281,104,37.01067615658363,80.75397977586967,14.771279926482798,59.91928127163227,20.582778907949308,80.14547150180704,-15.231012849474993,-7.313650818529684,7.821630449031766,0.4849750854560903,38.00084762126538
R/L,191,Paul DeJong,657557,R,2023,119,232,87,37.5,79.9771671003632,14.373174451915766,60.5315041536916,19.54468623409037,67.52947113775315,-14.99836296496111,-7.608846219651571,7.427146433871114,0.45918592225942967,38.00084762126538
R/L,192,Jeremy Peña,665161,R,2023,174,298,111,37.24832214765101,79.76814732719288,11.677661894704515,69.7160606673999,13.988547700108521,72.91905879808408,-11.508153639497817,-7.688275505152342,5.3157666959462615,0.30310630141109896,38.00084762126538
R/L,193,Kevin Pillar,607680,R,2023,111,227,93,40.969162995594715,78.68846020608724,14.994097648962525,54.524691393456074,21.198850924925416,,-17.281002728872938,-8.09856576283012,8.055743037440113,0.4997166744359933,38.00084762126538
R/L,194,Hunter Renfroe,592669,R,2023,138,285,94,32.98245614035088,78.46784159435784,12.54378345906211,65.33828362616757,15.555489199707926,84.83038346315483,-13.171746022135256,-8.182402705297562,5.911217747523402,0.3497359430767196,38.00084762126538
R/L,195,Brandon Drury,592273,R,2023,131,256,78,30.46875,78.41227389026614,13.324232606385547,62.463803226910656,17.12475709891744,73.6325660573131,-14.264072938560014,-8.203518903856086,6.507552850671442,0.3946095421999561,38.00084762126538
R/L,196,Thairo Estrada,642731,R,2023,149,307,116,37.785016286644954,77.90029042806256,14.914282469839803,53.473241363450306,20.975071307596778,73.55694782330325,-17.680562652589177,-8.398076959174144,7.970704886051608,0.49441074395265155,38.00084762126538
R/L,197,Elly De La Cruz,682829,S,2023,122,247,94,38.05668016194332,75.92916997588952,15.503548395128579,45.014850918803035,22.717219285441875,82.79562365177966,-20.89482271667126,-9.147119438636022,8.632735884449477,0.5342510568450225,38.00084762126538
R/L,198,Brenton Doyle,686668,R,2023,132,254,81,31.88976377952756,75.7422094263766,13.535401205679229,57.09997624106917,17.580171378547757,69.38329213039808,-16.302372658117946,-9.218166032168305,6.6806141371192425,0.4072165667363736,38.00084762126538
R/L,199,Nick Castellanos,592206,R,2023,188,355,151,42.53521126760563,75.18071414342594,12.308089674490189,61.11932972085988,15.112665652782256,62.94504689550352,-14.774984266902651,-9.431538999042978,5.742941046225096,0.3367165592914945,38.00084762126538
R/L,200,Jake Burger,669394,R,2023,138,258,94,36.434108527131784,75.07480254401928,13.65040892226461,55.41767060869253,17.834395485741375,62.03212008215187,-16.94166305800136,-9.47178630454675,6.77722145271041,0.4141660486922217,38.00084762126538
R/L,201,Joey Meneses,608841,R,2023,190,376,128,34.04255319148936,74.39877377414024,12.085972784934603,60.706189560659986,14.707017475949284,84.08318796785946,-14.931981029642468,-9.7286829672644,5.588791300668357,0.3246731655279841,38.00084762126538
R/L,202,Rodolfo Castro,666801,S,2023,122,225,70,31.11111111111111,73.1347539319751,13.703782279725067,51.8232510783647,17.95392369474675,,-18.30757294659024,-10.20902122138813,6.822643185278971,0.41741117475708867,38.00084762126538
R/L,203,Nelson Cruz,443558,R,2023,89,184,72,39.130434782608695,70.24437411623006,15.81248453684289,29.417334490523416,23.724051183881375,,-26.82201116728363,-11.307390050845216,9.015340539977768,0.555755026121027,38.00084762126538
R/L,204,Yainer Diaz,673237,R,2023,103,203,94,46.30541871921182,69.71735429258726,14.743812624240816,38.71447618416373,20.50865889316751,80.23721115589414,-23.289018519150247,-11.507662050961573,7.793464215157677,0.483173133003772,38.00084762126538
R/L,205,José Siri,642350,R,2023,93,185,70,37.83783783783784,69.49172859925905,14.588411474435382,39.519997760442806,20.096469529533216,78.69286661463794,-22.98291349239202,-11.593401726877653,7.636828763171945,0.4730414313304162,38.00084762126538
R/L,206,Elehuris Montero,660707,R,2023,111,234,107,45.72649572649573,60.78544355957728,15.579455667760952,11.470804991172216,22.95806517748037,55.157178338492685,-33.64184449563752,-14.901863838280146,8.724259364885105,0.5394953811947776,38.00084762126538
L/R,1,Juan Soto,665742,L,2023,498,1117,168,15.04028648164727,154.32211893413597,9.036588615121264,165.76165384879513,10.000994372829616,153.7619459679887,24.989985872304636,20.642865640803564,3.8004626322303077,0.18356303862964754,38.00084762126538
L/R,2,Lars Nootbaar,663457,L,2023,380,763,121,15.858453473132371,146.50394545344264,9.922196618164103,158.742089564842,11.244087783423227,150.74655423710828,22.32249194508283,17.67189344963911,4.272848664979977,0.22130532922117707,38.00084762126538
L/R,3,Geraldo Perdomo,672695,S,2023,423,859,142,16.530849825378347,141.10270440785084,7.853030492618536,147.1637185083556,8.461393538108835,143.25067612524396,17.92261280288275,15.61937607024653,3.215401265052334,0.13862794401300393,38.00084762126538
L/R,4,Cavan Biggio,624415,L,2023,285,553,88,15.913200723327305,140.5588163747627,8.406443515622582,147.56848447671362,9.165936795739258,140.3903948302309,18.07642730174122,15.412694007562404,3.48313367481037,0.15885497229206222,38.00084762126538
L/R,5,Mike Tauchman,643565,L,2023,344,744,143,19.22043010752688,138.1970095285824,9.171733560436836,146.3014469000307,10.185124161426735,141.09095035363868,17.594942282921767,14.515187386836821,3.870433512620457,0.1890945772729947,38.00084762126538
L/R,6,Edouard Julien,666397,L,2023,361,786,107,13.61323155216285,135.694325578031,8.735913035182787,142.37290830317133,9.597881153733818,136.2471661295981,16.102064316986638,13.564146272345916,3.6472761921005357,0.1715508280979759,38.00084762126538
L/R,7,Travis Jankowski,608671,L,2023,256,464,74,15.948275862068966,131.82883879759336,8.29832806762524,137.02770094420498,9.026296931996875,,14.070840213465184,12.095228531091646,3.4300693429710845,0.15479517351383457,38.00084762126538
L/R,8,Jack Suwinski,669261,L,2023,402,882,155,17.573696145124718,130.93544126399786,9.99473319630157,138.89687394144636,11.349980388201901,131.06690210862124,14.781141795924716,11.755729895697884,4.313088752364109,0.22455287791677941,38.00084762126538
L/R,9,Steven Kwan,680757,L,2023,492,923,192,20.801733477789817,130.72387954740705,7.615450856133671,134.81367277732,8.166342638182151,132.98860783194465,13.229490743475324,11.675334650151271,3.1032794221660223,0.13036693480566264,38.00084762126538
L/R,10,Triston Casas,671213,L,2023,403,819,172,21.001221001221,130.28777872751374,10.91162387763605,140.09855594368628,12.750517293746999,135.02620760950208,15.237791142488074,11.509612642108527,4.845304647719887,0.26764244564739115,38.00084762126538
L/R,11,Brandon Nimmo,607043,L,2023,446,909,175,19.251925192519252,129.02492742276888,7.947751200634632,133.2586183667034,8.580224797867436,131.31524814721934,12.638556886469136,11.029718442109274,3.2605581509996298,0.14199228280497792,38.00084762126538
L/R,12,Robbie Grossman,543257,S,2023,282,570,101,17.719298245614034,127.40412541250384,9.85056218631524,134.088785113768,11.140157984498599,141.75571204580322,12.954027287023576,10.413799939946045,4.233354460457541,0.21812138607525575,38.00084762126538
L/R,13,Taylor Walls,670764,S,2023,257,496,85,17.137096774193548,126.83255515532584,10.067399782820234,133.7338941688973,11.456734350096145,128.87518803507115,12.819165719841592,10.196598397467357,4.353656162753205,0.22782996573297548,38.00084762126538
L/R,14,Brandon Belt,474832,L,2023,365,876,153,17.465753424657535,126.41802259538554,10.365210760216804,133.73364838328646,11.901529817588914,130.91606881337154,12.819072319226144,10.039072511023917,4.522682210581427,0.2415085381442309,38.00084762126538
L/R,15,Ian Happ,664023,S,2023,499,1039,212,20.404234841193457,126.06862172519976,7.99085068558155,129.86061750487195,8.63452750163766,126.90278551564744,11.347287756795286,9.906297218757246,3.2811936387135794,0.14353646491943176,38.00084762126538
L/R,16,J. P. Crawford,641487,L,2023,445,911,164,18.00219538968167,125.3830373523552,9.425337788921611,130.8578215002406,10.53584848940134,129.9042771201904,11.726233727548491,9.645769345917374,4.0037117300647935,0.19969632003730184,38.00084762126538
L/R,17,Nathaniel Lowe,663993,L,2023,503,1094,213,19.46983546617916,124.91811513506886,8.314908813431867,128.869940239466,9.04764702325513,122.764942907585,10.97082199874985,9.469094962568981,3.438182558617135,0.15541437862651067,38.00084762126538
L/R,18,Adley Rutschman,668939,S,2023,491,1095,268,24.474885844748858,122.91945088365759,8.61913516300443,126.82410029379614,9.44365037367313,141.13493308743065,10.193385478420867,8.70958560592948,3.5886671883845844,0.16699504964211637,38.00084762126538
L/R,19,Ketel Marte,606466,S,2023,451,866,182,21.016166281755197,122.77166380234891,8.319312774798219,126.33297797161516,9.053321704644299,124.03099095574188,10.006754833134858,8.653425262357455,3.440338985644825,0.15557905155074986,38.00084762126538
L/R,20,Luis Arráez,650333,L,2023,470,803,252,31.38231631382316,122.4649113262414,9.459875555183881,127.25517454119411,10.584155359547239,122.56644824548847,10.357197346309091,8.536856721337386,4.022068750179539,0.20116251713713007,38.00084762126538
L/R,21,Tony Kemp,643393,L,2023,353,571,134,23.46760070052539,121.37701714690593,9.113800679187152,125.49445246488732,10.105962737229996,127.52767726133686,9.688108033057766,8.123447711967493,3.840351500436631,0.18671330532168667,38.00084762126538
L/R,22,Kyle Tucker,663656,L,2023,428,850,186,21.88235294117647,121.33772651778932,8.876028653775398,125.18903393588069,9.784635034416773,132.71164910583286,9.572046403242847,8.108516939867457,3.7182442497256654,0.17709797927744694,38.00084762126538
L/R,23,Kyle Schwarber,656941,L,2023,465,1041,225,21.613832853025936,121.28865907158759,11.273191341127513,128.425787306478,13.338239172657213,126.6172496511623,10.802040119479699,8.089870894404687,5.068643943361395,0.28567351039983896,38.00084762126538
L/R,24,LaMonte Wade,664774,L,2023,435,895,148,16.53631284916201,120.16070533848182,7.7267344006796685,122.7521896361887,8.304020401997596,123.24262553332974,8.646024914149402,7.661238915048788,3.155598139401895,0.13420484128130702,38.00084762126538
L/R,25,Masataka Yoshida,807799,L,2023,436,810,236,29.1358024691358,119.91722297383178,10.255294968117884,125.01802501505445,11.735972276743162,121.35505258739964,9.507061563820894,7.568713552673476,4.459768941759118,0.2364136386520013,38.00084762126538
L/R,26,Michael Conforto,624424,L,2023,364,814,190,23.34152334152334,119.90180034790302,9.276498611327906,123.84932277835898,10.329172156792437,120.86467153017868,9.062944807707932,7.562852824095088,3.925172971840864,0.193439153271302,38.00084762126538
L/R,27,Mike Yastrzemski,573262,L,2023,292,639,131,20.50078247261346,119.55797974501377,10.282563910499968,124.5824103819919,11.776890638197353,122.00177925389968,9.341524310894865,7.432198080700628,4.475318265944444,0.23767256311986418,38.00084762126538
L/R,28,Carlos Santana,467793,S,2023,460,946,233,24.63002114164905,119.41422072065133,8.833668688237262,122.81187442373266,9.72797641133007,126.58237008135936,8.668705639317057,7.377568432910842,3.69671349270218,0.17541164777949894,38.00084762126538
L/R,29,Will Benson,666181,L,2023,285,598,111,18.561872909698995,118.71093883691637,9.68436167729526,122.78985657871236,10.901438798070302,120.77348853650142,8.660338671581409,7.110315355924753,4.1426391461801995,0.21082311000678464,38.00084762126538
L/R,30,Brendan Donovan,680977,L,2023,307,601,137,22.795341098169715,117.702355021027,9.538556908069339,121.36872096086984,10.694704411435362,120.5818406872446,8.120295090953539,6.72704495691589,4.064078326934299,0.20452272236243207,38.00084762126538
L/R,31,Ryan Noda,676116,L,2023,395,821,157,19.12302070645554,117.51115258575881,8.664675572026729,120.36753402572498,9.503645706577108,122.79932220645732,7.739835569325124,6.654386410841475,3.6114659234212962,0.168764395132924,38.00084762126538
L/R,32,Matt Thaiss,642136,L,2023,264,530,97,18.30188679245283,117.30793393841857,10.50822763344158,121.88602508432953,12.119475414201089,121.96170913289704,8.316875042647982,6.577161602327717,4.605503384647277,0.24821907843121574,38.00084762126538
L/R,33,JJ Bleday,668709,L,2023,232,484,94,19.421487603305785,117.25210270557972,11.145534359869771,122.60237391082593,13.128213457864259,117.39154509126774,8.589093668641603,6.555945260611552,4.988832391517452,0.27924024144401627,38.00084762126538
L/R,34,Nolan Jones,666134,L,2023,292,660,172,26.060606060606062,116.57536348233445,14.097687088819058,127.18067493735822,18.953531354938185,123.04257978425366,10.328886865376969,6.298778619592784,7.202502569038816,0.44675759900370726,38.00084762126538
L/R,35,Yordan Álvarez,670541,L,2023,313,687,167,24.308588064046578,115.9899433714104,13.36407986211852,124.40645930212052,17.27414325444545,111.18360040541732,9.27466140914497,6.07631401529629,6.564320856000907,0.4014711474247102,38.00084762126538
L/R,36,Dan Vogelbach,596129,L,2023,304,673,141,20.950965824665676,115.85727790972419,11.542978996496817,121.16560016711928,13.791677234284478,118.25289421800674,8.043107467633288,6.025900015354867,5.240954250217192,0.29951048166444455,38.00084762126538
L/R,37,Cody Bellinger,641355,L,2023,371,685,205,29.927007299270077,115.64136989690907,9.673030476937369,118.89062191016812,10.88528365174095,113.81800591087148,7.178596446792361,5.94385314040289,4.13650005364059,0.21033005090312076,38.00084762126538
L/R,38,Christian Yelich,592885,L,2023,469,1051,252,23.97716460513796,115.4881327265197,9.0084827161328,118.17588125296987,9.962935255397595,113.58098178618766,6.906988938763221,5.885621716784084,3.7859998450089667,0.18242296657885407,38.00084762126538
L/R,39,Matt Olson,621566,L,2023,533,1314,338,25.72298325722983,114.07338523676361,10.7832662915188,117.83553530721903,12.54702024307129,117.0004209878954,6.7776545945332884,5.348005678976198,4.767974043578842,0.2613827212615431,38.00084762126538
L/R,40,Andrew Benintendi,643217,L,2023,482,904,237,26.216814159292035,113.43744587774798,8.274728103309782,115.25572474462635,8.995948967264528,122.55919373974378,5.797304713725135,5.1063433321930125,3.41853685913699,0.1539159684853319,38.00084762126538
L/R,41,Jace Peterson,607054,L,2023,368,718,164,22.841225626740947,112.6752519009518,9.241897752821357,114.86921023534128,10.281468725761444,118.59116830080966,5.650425924017639,4.816703160492239,3.9070452637046618,0.19199880848590908,38.00084762126538
L/R,42,Max Muncy,571970,L,2023,406,982,218,22.19959266802444,109.75742583081619,10.402452583278185,111.78733911917126,11.958004244095084,107.61997616538602,4.479288777278078,3.7079045217264452,4.54414297134302,0.24324711855564313,38.00084762126538
L/R,43,James Outman,681546,L,2023,412,891,236,26.487093153759822,109.70052968785782,10.179721045055016,111.60105294730116,11.62309536204508,112.83781130705115,4.408498452966231,3.6862835051384613,4.416874757405115,0.23294209073401448,38.00084762126538
L/R,44,MJ Melendez,669004,L,2023,457,958,239,24.947807933194156,109.02674985067867,8.939548810437177,110.24963702486748,9.869924716472832,104.35191184316436,3.894948947552692,3.4302414559092003,3.75065505184045,0.17964180690161077,38.00084762126538
L/R,45,Riley Greene,682985,L,2023,320,692,171,24.710982658959537,108.8153213900008,11.100962087111679,110.8739911441268,13.055540566600333,104.7283298036572,4.132208805029518,3.349896848739017,4.961216076846279,0.2770112796788446,38.00084762126538
L/R,46,Trent Grisham,663757,L,2023,412,861,192,22.299651567944252,108.0842805528592,9.222163761290044,109.18150556222835,10.254318916020559,119.982429852415,3.489049938040403,3.0720951341676153,3.8967281058755647,0.1911797434437544,38.00084762126538
L/R,47,Joc Pederson,592626,L,2023,367,828,245,29.589371980676326,108.06968023244046,11.83108101956895,110.19414313815554,14.291164170325521,114.18842324202744,3.8738608002241692,3.0665468886530736,5.4307635196702755,0.31464806954604396,38.00084762126538
L/R,48,Bryson Stott,681082,L,2023,473,914,258,28.227571115973742,107.24437958654327,9.099837213400887,108.1139783293067,10.08693449045705,112.09617036644374,3.083380540942334,2.7529256477883646,3.833120605375445,0.18614160802579863,38.00084762126538
L/R,49,Josh Rojas,668942,L,2023,298,545,140,25.688073394495415,106.99244426126603,10.11124562177932,108.05180023853364,11.521478165472715,114.48814086231052,3.0597523394138544,2.6571880887256167,4.378259361378648,0.22981879090348695,38.00084762126538
L/R,50,Freddie Freeman,518692,L,2023,507,983,269,27.36520854526958,106.19234499586784,9.910322492502239,106.9715173097657,11.226816308239052,112.64317392054718,2.649235669774206,2.3531435860627887,4.266285358013294,0.2207759635956938,38.00084762126538
L/R,51,Jake Cronenworth,630105,L,2023,366,705,175,24.822695035460992,106.0513531141438,8.899437478493853,106.61646512464822,9.816020435226989,100.90831607206806,2.514312829931737,2.299565475930482,3.7301709680628785,0.1780333350323415,38.00084762126538
L/R,52,Wander Franco,677551,S,2023,393,742,194,26.1455525606469,106.00942320790475,10.292024146764007,106.81172335042731,11.791109885973679,119.51477718433048,2.5885126107780385,2.2836317561528383,4.480721700624816,0.23811009464065327,38.00084762126538
L/R,53,Cedric Mullins,656775,L,2023,335,640,184,28.749999999999996,105.58593592047805,10.70209131601313,106.32921423773571,12.419650549756446,116.40640390468812,2.405155058105382,2.122702997362389,4.719572480506595,0.25746222569073757,38.00084762126538
L/R,54,Rafael Devers,646240,L,2023,460,1031,341,33.07468477206596,104.97195386569547,11.085560017369048,105.55580163766575,13.030506245078998,107.21980535265692,2.11125171446913,1.889384612302547,4.951702822471939,0.27624313234213027,38.00084762126538
L/R,55,Alex Verdugo,657077,L,2023,440,821,187,22.77710109622412,104.25439653164341,8.20702045639511,104.39929711311535,8.909142567071937,114.48852257976218,1.6717701923616894,1.6167067431942097,3.3855496912742975,0.15140745049578994,38.00084762126538
L/R,56,Rowdy Tellez,642133,L,2023,298,649,161,24.80739599383667,103.72016483100556,12.387190202044948,103.8664853011048,15.304760720706357,114.81438202010536,1.469297187571461,1.41369416869033,5.8159388002749,0.34492273965393405,38.00084762126538
L/R,57,Luis Rengifo,650859,S,2023,319,663,188,28.355957767722472,103.4178045192358,9.824418866411397,103.41102473597361,11.102385968078888,104.02192687249774,1.2962183122409996,1.298794687347517,4.2190007740544075,0.21696513732932393,38.00084762126538
L/R,58,Ryan McMahon,641857,L,2023,447,957,241,25.182863113897596,102.158161710406,9.319259403188305,101.84665452283797,10.388302726167131,106.88455667349434,0.7017443713148613,0.8201197429918835,3.947643089406529,0.19522661124619717,38.00084762126538
L/R,59,Jorge Polanco,593871,S,2023,253,569,151,26.537785588752193,101.60314714276444,12.141342595891754,100.69169582604928,14.848169141232493,105.61499971100892,0.26285027685964096,0.6092095028665835,5.642430129907508,0.33136729494984507,38.00084762126538
L/R,60,Shohei Ohtani,660271,L,2023,412,898,260,28.953229398663698,101.38517949921744,11.09478862964169,100.5982210443091,13.045501521057314,111.42571317141623,0.22732906748624213,0.5263799507786274,4.957401154446847,0.27670326280140756,38.00084762126538
L/R,61,Brice Turang,668930,L,2023,375,727,206,28.335625859697387,101.22961526765255,8.744294440712638,100.77036775534624,9.608999688026305,107.02911427214153,0.29274627683248583,0.4672642241884596,3.651501329374742,0.1718801644359067,38.00084762126538
L/R,62,Max Kepler,596146,L,2023,395,789,196,24.841571609632446,101.10081784235209,8.632590857843727,100.62965728192547,9.461357121413457,106.03564971333284,0.23927510424070203,0.41832011085991816,3.595395902612068,0.16751686264427046,38.00084762126538
L/R,63,Jonah Heim,641680,S,2023,409,828,244,29.468599033816425,100.97513460829823,9.910069368574556,100.27617112254426,11.226448319121383,106.01150048293592,0.10494736745197993,0.3705594166016334,4.2661455190294255,0.220764685866758,38.00084762126538
L/R,64,Nick Maton,665155,L,2023,279,638,163,25.54858934169279,100.13487780654756,11.254225482916379,98.81840087353012,13.306856525154538,,-0.4490176835440203,0.05125470974104274,5.056718271304385,0.28471309280214635,38.00084762126538
L/R,65,Adam Frazier,624428,L,2023,393,741,218,29.41970310391363,99.86545753920517,8.80245593262544,99.11107427713002,9.686338630134905,106.27163578046968,-0.33779930941405545,-0.05112727551254592,3.6808907829173294,0.17417424386473573,38.00084762126538
L/R,66,Tommy Edman,669242,S,2023,303,522,139,26.62835249042146,99.63307091997723,8.946667945408459,98.79731222623717,9.879508469174228,106.42747110997487,-0.4570315482672013,-0.13943616057756192,3.7542969591009063,0.17992804137040425,38.00084762126538
L/R,67,Alec Burleson,676475,L,2023,317,587,195,33.21976149914821,99.06018295966865,11.338196988204727,97.27918985845719,13.446286574339963,102.00224356604866,-1.0339309159516212,-0.3571384414150024,5.109702871833594,0.2889776206409449,38.00084762126538
L/R,68,Bryan Reynolds,668804,S,2023,431,961,241,25.078043704474506,98.66620276791494,9.658837668832629,97.39880781468155,10.865069964483348,99.481727342823,-0.9884750786791265,-0.5068542537412999,4.12881868114719,0.20971328782115325,38.00084762126538
L/R,69,TJ Friedl,670770,L,2023,445,876,220,25.11415525114155,98.31366814594487,8.320713972424826,97.36837915933435,9.05512755230884,103.19830678578889,-1.0000382256308171,-0.6408203982483471,3.4410252230641,0.15563146341744716,38.00084762126538
L/R,70,Leody Taveras,665750,S,2023,405,768,225,29.296875,97.92860238388604,9.127516723394644,96.658089492684,10.124673377077947,104.2380573002444,-1.2699543195242105,-0.7871486517299875,3.8474617021742143,0.18727572601460946,38.00084762126538
L/R,71,Corbin Carroll,682998,L,2023,471,961,277,28.82414151925078,97.79917656256833,8.983532218887472,96.54856177008662,9.92921551690705,103.89304942396308,-1.3115757824914798,-0.8363315608715035,3.773186058566885,0.18141386421653138,38.00084762126538
L/R,72,Brett Baty,683146,L,2023,291,578,147,25.432525951557096,97.38328767479689,12.248835224608474,94.29993638645857,15.04608274742524,87.97109937149997,-2.1660724880970696,-0.9943728633873015,5.717638977818565,0.33726074850014,38.00084762126538
L/R,73,CJ Abrams,682928,L,2023,444,793,284,35.81336696090794,97.20217999258281,8.691489023122987,95.92580460078662,9.539059826914869,96.6547300128694,-1.548228785447679,-1.0631953177358826,3.6249235893272607,0.1698105179855016,38.00084762126538
L/R,74,Luis García,671277,L,2023,354,716,228,31.843575418994412,97.04003094347952,10.219572827412865,95.07584984883894,11.682522094936699,106.49448519258895,-1.8712187955850212,-1.1248133308049555,4.439457419617555,0.23476951378601776,38.00084762126538
L/R,75,Yasmani Grandal,518735,S,2023,309,585,158,27.00854700854701,96.63269555227743,9.742802066783335,94.7855695931135,10.985000141391987,94.74192455943438,-1.9815277532378688,-1.279604232123149,4.174393164926156,0.21337521605714602,38.00084762126538
L/R,76,Dominic Smith,642086,L,2023,410,806,263,32.6302729528536,96.0246183844168,9.210024280807223,94.27701707563064,10.237638014110908,101.46423496688844,-2.174782020480638,-1.5106787101015686,3.8903892217590252,0.1906767605579154,38.00084762126538
L/R,77,Jeff McNeil,643446,L,2023,445,765,248,32.41830065359477,95.99497242475876,8.858547991975026,94.39988523937383,9.761232663581945,105.41965598734504,-2.1280910768015397,-1.5219444260570831,3.7093511504449586,0.1764011042355045,38.00084762126538
L/R,78,Jurickson Profar,595777,S,2023,375,749,197,26.301735647530037,95.96209461552068,8.619982350492224,94.4621664620927,9.444764722080444,109.6353587088361,-2.1044236842594843,-1.534438272246855,3.589090650224818,0.16702787963418686,38.00084762126538
L/R,79,Gunnar Henderson,683002,L,2023,455,872,231,26.490825688073393,95.81113012188318,10.176337732543292,93.49569281479259,11.618059960037558,98.06090237103972,-2.4716918622696857,-1.5918060594362555,4.414961261961118,0.23278727609454464,38.00084762126538
L/R,80,Brandon Marsh,669016,L,2023,360,801,205,25.593008739076158,95.76004314842639,10.071065818004726,93.4912506013023,11.462138124639191,99.63941568945452,-2.4733799410491386,-1.611219542373886,4.355709642883104,0.22799592412603004,38.00084762126538
L/R,81,Aaron Hicks,543305,S,2023,237,545,107,19.63302752293578,95.490671450123,11.140609172593365,92.41379877606937,13.120166616164253,107.61367630627346,-2.8828207673484485,-1.7135830709809752,4.985774523464708,0.2789935046673889,38.00084762126538
L/R,82,Jason Heyward,518792,L,2023,348,670,185,27.611940298507463,95.22305755694106,10.142654295427487,92.75062752355244,11.568011608498555,94.6728501494278,-2.754822988272792,-1.8152786187423815,4.395942464155826,0.23124878574681543,38.00084762126538
L/R,83,Gavin Sheets,657757,L,2023,322,714,210,29.411764705882355,95.20254823587995,11.455030063550398,91.75532067104683,13.642391772746075,95.1686086871371,-3.133048028657461,-1.823072334586972,5.184224509457281,0.29496377401611823,38.00084762126538
L/R,84,Alex Kirilloff,666135,L,2023,263,556,183,32.913669064748206,95.08027330747075,12.668974836018426,90.3604212697255,15.846049607445014,91.22720814470236,-3.663121624623519,-1.869537843810759,6.021633165315301,0.3607938796520688,38.00084762126538
L/R,85,Corey Seager,608369,L,2023,362,673,184,27.340267459138186,94.6234319854986,9.192300001047602,92.55557341238983,10.213310903689743,87.59889198141744,-2.8289452038347047,-2.0431414184443732,3.8811447135972212,0.18994356894139114,38.00084762126538
L/R,86,Akil Baddoo,668731,L,2023,342,694,172,24.78386167146974,94.1182227076449,9.331063303366347,91.8492115986302,10.404660169402591,100.62491159158832,-3.0973686803363067,-2.235125226290047,3.953859056485171,0.1957214777899963,38.00084762126538
L/R,87,Charlie Blackmon,453568,L,2023,308,553,172,31.103074141048825,93.10042035766176,10.488819724351892,89.70254345973112,12.089728288357234,104.59903779501732,-3.913120768733606,-2.621898746392799,4.594199224683647,0.24730304106017728,38.00084762126538
L/R,88,David Peralta,444482,L,2023,386,701,236,33.66619115549215,92.30702701254295,9.760617182791924,89.27247635462638,11.010554246417513,96.63728345646436,-4.076549914013644,-2.923394942508664,4.184103941437884,0.2141562602828692,38.00084762126538
L/R,89,Jake Fraley,641584,L,2023,337,665,205,30.82706766917293,91.74648275297125,9.037528850029403,89.11619754781641,10.002268954372012,99.64869395036048,-4.13593718525383,-3.1364065124382523,3.800946984020042,0.18360123918585788,38.00084762126538
L/R,90,Mike Moustakas,519058,L,2023,309,580,187,32.241379310344826,91.61389871089183,10.37445496748941,87.83880279570946,11.915529839761177,94.19451591870836,-4.6213580185240355,-3.1867895722389648,4.528002337674052,0.2419395087415145,38.00084762126538
L/R,91,Blake Sabol,666165,L,2023,294,576,161,27.95138888888889,91.60131611896195,10.058546855206917,88.11557321537306,11.443692218884891,94.72279300690752,-4.516182913086929,-3.191571063825048,4.34870004234505,0.22742945012528562,38.00084762126538
L/R,92,Oswaldo Cabrera,665828,S,2023,260,486,125,25.720164609053498,91.43271453643005,9.985911570790805,87.96291287582821,11.337066592228012,,-4.574195136095475,-3.255641094290036,4.30818140043395,0.22415665979875798,38.00084762126538
L/R,93,Joey Gallo,608336,L,2023,274,634,165,26.025236593059937,91.15269363868843,10.809171037626909,86.77527099517945,12.58788085190761,90.26446013443146,-5.0255091174471405,-3.362051408948527,4.783501421279853,0.2626400742622993,38.00084762126538
L/R,94,Jake Bauers,641343,L,2023,244,532,126,23.684210526315788,91.03521078962115,10.299326005690233,87.15045908608292,11.802093357146092,,-4.882934462729784,-3.4066958874037048,4.48489551276857,0.23844807734490978,38.00084762126538
L/R,95,Jazz Chisholm,665862,L,2023,288,627,163,25.996810207336523,90.74467694634777,13.333749215953906,82.29191939565669,17.208790418361446,93.69982737928645,-6.729220727107347,-3.517101210474229,6.53948622434445,0.3996508857479508,38.00084762126538
L/R,96,Mike Ford,645801,L,2023,226,509,120,23.575638506876228,90.56235181500595,12.635889644895496,83.35155337044188,15.781452341756049,,-6.326550835006073,-3.586386305810706,5.997085656813333,0.3589119045294641,38.00084762126538
L/R,97,Brandon Crawford,543063,L,2023,246,478,147,30.753138075313807,90.37499055539483,10.127631233701253,86.45933129661711,11.545738043245912,89.85590970075293,-5.145568880872904,-3.6575851725768107,4.387478320564346,0.23056425252116744,38.00084762126538
L/R,98,Zach McKinstry,656716,L,2023,470,965,272,28.186528497409324,90.26423276425027,8.652326543116624,87.59787987618736,9.487358063634979,99.1477988216874,-4.7129107700563315,-3.699674072018338,3.6052764810457623,0.16828368670978391,38.00084762126538
L/R,99,Kevin Kiermaier,595281,L,2023,312,578,147,25.432525951557096,90.17377441702425,9.106961488787764,87.13322707039296,10.096640352794676,84.75161783164118,-4.889482774754193,-3.734049010708411,3.836808915332696,0.18643318317327115,38.00084762126538
L/R,100,Josh Bell,605137,S,2023,432,903,255,28.23920265780731,90.07666005048509,9.930762092646553,86.26971777224827,11.256557613299844,95.57820512294607,-5.217623627337615,-3.7709532931553147,4.2775873060300205,0.22168758396141253,38.00084762126538
L/R,101,Bryce Harper,547180,L,2023,367,843,273,32.38434163701068,90.02991027035854,11.542657679502849,84.29560039850601,13.791129180122516,88.82640689181575,-5.967804962398337,-3.78871860586448,5.240745984990222,0.29949380720489743,38.00084762126538
L/R,102,Jarren Duran,680776,L,2023,312,599,182,30.38397328881469,89.85804360160387,11.040930564635858,84.73061139881898,12.958190269241694,94.79585380217264,-5.802497095033665,-3.8540293967696906,4.924222138688174,0.2740233504041929,38.00084762126538
L/R,103,Michael Massey,686681,L,2023,374,772,255,33.031088082901555,89.3859682698394,11.149378501771789,83.93499231834163,13.13449694432033,93.0163553767966,-6.104839089451577,-4.033422024251088,4.991220169630926,0.2794328969408354,38.00084762126538
L/R,104,Francisco Lindor,596019,S,2023,479,1009,285,28.245787908820613,89.33282916270001,9.383377977093517,85.85115546661386,10.477338574024495,97.01916454033449,-5.376680851301803,-4.05361533538243,3.9814774662791073,0.19792225764260113,38.00084762126538
L/R,105,José Ramírez,608070,S,2023,449,961,270,28.09573361082206,88.30228786605187,9.50285431531845,84.44618589829344,10.644454823013037,92.34851183075487,-5.910581196084401,-4.445229763195901,4.0449830574076175,0.2029945402811305,38.00084762126538
L/R,106,Willi Castro,650489,S,2023,276,535,190,35.51401869158878,88.20904088874596,11.47203754528512,81.80906662937953,13.671147737528125,90.47535765662457,-6.912708871055397,-4.4806644049533535,5.195152019816133,0.29584029988832417,38.00084762126538
L/R,107,Yoán Moncada,660162,S,2023,288,563,166,29.484902309058615,87.88178800699632,11.231442063462373,81.72305372428897,13.269240379135622,96.59552579004074,-6.9453945040534855,-4.605023273883234,5.042423816974744,0.28356149479198106,38.00084762126538
L/R,108,Nolan Gorman,669357,L,2023,378,836,236,28.22966507177033,87.87547387438246,11.36227460667169,81.51083255489712,13.48649820755336,94.14623594657262,-7.026040347254147,-4.607422697796433,5.124983633297039,0.2902062605629714,38.00084762126538
L/R,109,Elly De La Cruz,682829,S,2023,306,703,222,31.57894736842105,87.44496618020915,11.80435755801386,80.1487888673852,14.244137107559068,82.79562365177966,-7.543628493480618,-4.771019270657053,5.4128928372076395,0.3132282518235557,38.00084762126538
L/R,110,Alek Thomas,677950,L,2023,322,587,202,34.41226575809199,87.39547825808235,11.01982746394988,81.37035609598612,12.924110792314817,88.62253720062944,-7.079422592348665,-4.789825100535392,4.911271648591067,0.2729768415265142,38.00084762126538
L/R,111,Jeimer Candelario,600869,S,2023,415,848,238,28.066037735849058,86.6258711399673,9.066259794988378,82.81446085379055,10.041259826614645,99.97627019125946,-6.530650543843966,-5.082282328772705,3.8157638459671674,0.1847704574630184,38.00084762126538
L/R,112,Jihwan Bae,678225,L,2023,258,523,136,26.003824091778206,86.48713457194143,10.660572802633629,80.66937811344303,12.354893076688217,86.16399566118801,-7.345800167353487,-5.135003400583187,4.6949640918425555,0.2554684631982692,38.00084762126538
L/R,113,Kerry Carpenter,681481,L,2023,376,751,247,32.889480692410125,85.77056318802026,11.680413734555486,77.95355259098551,14.027909563166647,91.0058977940116,-8.377836885802008,-5.407306600284661,5.330724537547872,0.3066850933468499,38.00084762126538
L/R,114,Brandon Lowe,664040,L,2023,372,758,234,30.87071240105541,84.77450255189864,8.849271141431588,80.7863364418768,9.74882526051585,87.32708601491741,-7.3013550111849925,-5.78581808483265,3.7046362321120565,0.17603183608430212,38.00084762126538
L/R,115,Michael Harris,671739,L,2023,399,750,280,37.333333333333336,84.19685069472452,10.203965470818414,78.31596294579805,11.659223162722606,89.32100522973668,-8.240117879106004,-6.005330686858793,4.430603627889496,0.23405298019979218,38.00084762126538
L/R,116,Cal Raleigh,663728,S,2023,462,1041,318,30.547550432276655,84.13074348155061,11.227576554245578,76.49471155776355,13.26286729551839,85.74274881998812,-8.932208843873173,-6.0304519882036764,5.040001991180584,0.283366342478996,38.00084762126538
L/R,117,Daulton Varsho,662139,L,2023,466,903,265,29.346622369878183,83.98293621229223,8.229702558964,80.48829633266668,8.938179862546823,93.96149017631922,-7.414612778936184,-6.086620003367706,3.396584109681046,0.15224550981806587,38.00084762126538
L/R,118,Anthony Santander,623993,S,2023,485,1117,419,37.51119068934646,83.85251927650845,11.258094244507241,76.04750752341653,13.313253000239925,96.20599389259534,-9.10215016752154,-6.136179544407228,5.059148986054716,0.2849088728500159,38.00084762126538
L/R,119,Patrick Bailey,672275,S,2023,239,473,138,29.175475687103592,83.74230699720451,11.601735021671171,75.1958656383234,13.892225137488671,96.16939437450132,-9.42578130255465,-6.178061144725435,5.2791633057001945,0.3025673761032035,38.00084762126538
L/R,120,Jesús Sánchez,660821,L,2023,352,782,237,30.30690537084399,82.86893053151519,10.136420733260014,76.69013233558202,11.558765964166659,83.72636184382914,-8.857947291874087,-6.509951604612027,4.392429040941658,0.23096462724666528,38.00084762126538
L/R,121,Josh Lowe,666139,L,2023,433,934,325,34.796573875803,82.34541885192552,10.845705347659568,74.76176131427893,12.645686148857168,82.7738388984515,-9.590744625252116,-6.70889048025243,4.805467924090674,0.2644184881190378,38.00084762126538
L/R,122,Keibert Ruiz,660688,S,2023,400,689,254,36.86502177068215,82.1381287542093,9.766342630849781,76.32370158188078,11.018774956916484,85.80255241962465,-8.997194084225551,-6.787662474419537,4.187227881107983,0.21440757639134939,38.00084762126538
L/R,123,Jarred Kelenic,672284,L,2023,322,677,198,29.246676514032494,81.83388207702228,10.114786044762939,75.38016528508071,11.526716990002557,87.43997024630991,-9.355745874623876,-6.903278790610145,4.380250159105379,0.2299797598304434,38.00084762126538
L/R,124,Seth Brown,664913,L,2023,314,616,198,32.142857142857146,81.5355965028976,11.91521579070611,71.2673059302517,14.440183767066959,84.57662800716437,-10.918667290929406,-7.016629837109475,5.487392229553813,0.31913911679593876,38.00084762126538
L/R,125,Drew Waters,671221,S,2023,249,506,161,31.818181818181817,81.4781067240852,11.201129346208742,72.85010855080525,13.219333327160797,80.70857436192635,-10.317188878947457,-7.038476440353783,5.023458714201525,0.2820329430574393,38.00084762126538
L/R,126,Anthony Rizzo,519203,L,2023,330,702,248,35.32763532763533,81.02855162471565,10.936613485636542,72.78600982904506,12.790440072129716,86.29429682133743,-10.341546936530726,-7.209311188638836,4.860475641899279,0.2688697494045881,38.00084762126538
L/R,127,Nick Pratto,668472,L,2023,263,547,146,26.691042047531994,80.4231894702405,10.240537569681132,73.32307974912165,11.713870225561895,80.6811721618431,-10.137455814582768,-7.439353938517743,4.451369974968551,0.2357337284125365,38.00084762126538
L/R,128,Will Brennan,686823,L,2023,369,631,246,38.985736925515056,79.39195929801707,9.810794718655707,72.75161121994878,11.082734835479657,82.20358243824855,-10.354618699557232,-7.831230144888879,4.211533177099521,0.21636379581154297,38.00084762126538
L/R,129,Joey Wendle,621563,L,2023,286,544,182,33.455882352941174,76.73685792739492,10.763201279971822,67.33382488658441,12.51544244969969,,-12.413423428544775,-8.840191170929133,4.755974214437542,0.260410888112287,38.00084762126538
L/R,130,Josh Naylor,647304,L,2023,341,626,258,41.21405750798722,76.58667211677994,10.61931318661258,67.46717025908143,12.290796094509494,83.62488864477754,-12.362751056732169,-8.897263051969691,4.670606695314989,0.2534948106782235,38.00084762126538
L/R,131,Ryan O'Hearn,656811,L,2023,339,682,213,31.2316715542522,73.0754366021554,10.407413022983315,63.30215419059721,11.965541077772285,78.3385720627814,-13.945492466318077,-10.231562309505914,4.547007032024161,0.24347916005619413,38.00084762126538
L/R,132,Ozzie Albies,645277,S,2023,524,1127,380,33.71783496007099,69.64081778903534,9.246395147250794,61.59917117530891,10.2876619716781,77.80505979152662,-14.592640446973816,-11.536746571050985,3.9093987496482603,0.19218571911756308,38.00084762126538
L/R,133,Harold Castro,605612,L,2023,244,451,198,43.90243902439025,68.20053755031886,13.055808543622732,46.30927790900262,16.623352922285267,,-20.402929488556985,-12.084065269884835,6.31701501354279,0.3831631723064463,38.00084762126538
L/R,134,Andrés Giménez,665926,L,2023,417,836,330,39.473684210526315,68.06036406448317,9.84507654177265,58.20389295262907,11.132225349172105,73.85262365941648,-15.882874950692388,-12.137332382642668,4.23033999179477,0.2178785160337144,38.00084762126538
L/R,135,Eddie Rosario,592696,L,2023,448,916,402,43.88646288209607,63.97523446852801,10.513836637021267,50.92569906218557,12.128082648296893,68.82264454467324,-18.648650320580067,-13.689716255532804,4.608774206560429,0.2484841342186603,38.00084762126538
L/R,136,Mickey Moniak,666160,L,2023,257,486,228,46.913580246913575,62.11595072813777,13.098963708133189,36.16838504100012,16.7127079334521,58.83655656107213,-24.25655473476238,-14.396259836565465,6.350970675178263,0.38570040286771823,38.00084762126538
L/R,137,Luke Raley,670042,L,2023,359,728,232,31.868131868131865,61.26577352984289,9.429707161559369,50.72945593765927,10.54195245726773,66.45516777410937,-18.72322437129852,-14.719334378200244,4.006031289592551,0.199881512314293,38.00084762126538
R/R,1,Mookie Betts,605141,R,2024,355,720,143,19.86111111111111,145.79403039681455,9.438288297355426,157.09995672180423,10.665734499643756,147.05056674526764,20.63678584851424,16.550653497755437,3.854757366255733,0.21692214850870986,36.14150873889168
R/R,2,Ha-Seong Kim,673490,R,2024,339,683,136,19.91215226939971,142.2259176466434,8.90967690500715,151.15090714761521,9.919894701416702,140.842896449874,18.486709576777717,15.261083716338831,3.5851996104013697,0.19330421771240336,36.14150873889168
R/R,3,Justin Turner,457759,R,2024,399,822,201,24.45255474452555,140.03611125294321,10.075165869295542,151.54662068216584,11.612026711012776,135.73466494285915,18.629726418448318,14.469654647194867,4.196761648523118,0.2471848383759432,36.14150873889168
R/R,4,Aaron Judge,592450,R,2024,511,1080,201,18.61111111111111,139.93329377745954,9.854534053344295,150.75892268500746,11.277819543582662,133.19272232919917,18.34504047796924,14.43249486030783,4.075974135900362,0.23647738187971667,36.14150873889168
R/R,5,Gabriel Moreno,672515,R,2024,231,460,93,20.217391304347824,134.95638642399445,11.151722617288918,147.97725235019996,13.355899517095363,134.14112256868515,17.339702850827635,12.633765454228701,4.827023591128612,0.30283170118609043,36.14150873889168
R/R,6,Brandon Drury,592273,R,2024,280,534,130,24.344569288389515,133.87824720736734,10.29444375068211,143.92957741103987,11.951403969172524,120.65418119281728,15.876812058969165,12.244109675033997,4.319417709938735,0.25806148332099377,36.14150873889168
R/R,7,Jonathan India,663697,R,2024,459,929,174,18.729817007534987,133.4139997439907,8.276078740165064,139.10575438139017,9.066653961403881,131.50798597523357,14.133409637159648,12.076323637487643,3.2768255337858525,0.1667887090692815,36.14150873889168
R/R,8,Isaac Paredes,670623,R,2024,482,1144,304,26.573426573426573,133.14817185551567,8.793914379659029,139.683223240717,9.76086084490699,125.9133490657524,14.342115595417637,11.980249427944035,3.527722375253116,0.18831368638322307,36.14150873889168
R/R,9,Yandy Díaz,650490,R,2024,483,931,215,23.09344790547798,132.38703137071522,9.055697753529808,139.22556259413054,10.122631178800622,131.31489794133282,14.176710132837117,11.705161773114636,3.6584716320920005,0.19969227152202287,36.14150873889168
R/R,10,Gleyber Torres,650402,R,2024,497,1014,216,21.301775147928996,132.18863949204768,8.628727403432894,138.21413023553617,9.536429574171406,126.444119279076,13.811163218567753,11.633459954948748,3.4466095279274094,0.18130547439392242,36.14150873889168
R/R,11,Dylan Moore,664238,R,2024,263,503,87,17.296222664015904,131.7753771420277,9.381401443489777,139.08442600295436,10.583846420704324,134.8895576615447,14.125701239403405,11.484100706601733,3.825161779049728,0.2143151439265907,36.14150873889168
R/R,12,Andrew McCutchen,457705,R,2024,373,780,135,17.307692307692307,130.13462098966752,8.731070984319961,135.86846314456844,9.67513703768261,122.9007813880244,12.963403741900345,10.89110667841257,3.496740497973806,0.18563183489400456,36.14150873889168
R/R,13,Maikel García,672580,R,2024,467,845,170,20.118343195266274,129.3131450133171,8.9368684471136,135.1881658886668,9.957465149260907,121.56945299008764,12.717534049708211,10.59421286663199,3.5987781370922236,0.19448591276593727,36.14150873889168
R/R,14,Matt Chapman,656305,R,2024,481,937,238,25.400213447171826,129.15054208648152,8.908439058032933,134.9403542067913,9.918186336697001,127.93332989553976,12.627971169047195,10.535445715620018,3.5845821816169074,0.19325050882451691,36.14150873889168
R/R,15,Nico Hoerner,663538,R,2024,502,855,269,31.46198830409357,124.65143776952654,8.300035903596198,128.61657206421182,9.098180821867679,118.55860844052476,10.342460893358352,8.90940153573588,3.288219816815474,0.1677557292927283,36.14150873889168
R/R,16,Will Smith,669257,R,2024,390,814,211,25.921375921375923,124.30909934094589,9.164028937134988,129.27795241435388,10.274624895406966,125.55131625394516,10.58149373040225,8.785675262653818,3.7134044544618483,0.20449859244233792,36.14150873889168
R/R,17,Danny Jansen,643376,R,2024,229,463,96,20.734341252699785,124.19394291427714,10.992528435702686,132.2046666278475,13.084928393749479,123.98597890448455,11.639252403634435,8.744055992645938,4.7290905389046864,0.2942473869609616,36.14150873889168
R/R,18,Tommy Pham,502054,R,2024,360,682,136,19.941348973607038,123.9477476207626,10.016894026182982,130.0806270438604,11.523066949135718,122.85021196231553,10.871592451770224,8.655077299125638,4.1646102484102245,0.2443338159179184,36.14150873889168
R/R,19,Taylor Ward,621493,R,2024,533,1036,218,21.042471042471043,123.50722493175265,7.447521341755059,126.40031861267249,8.007922715042284,120.86875995848776,9.541473458494275,8.495865752980306,2.8941840878606993,0.1350644119797445,36.14150873889168
R/R,20,Mark Canha,592192,R,2024,333,672,168,25.0,123.11980894139876,9.738181221148558,128.5664987098076,11.10436762249946,122.29387030965928,10.324363627600494,8.355847768970696,4.013285994684301,0.2309261546379518,36.14150873889168
R/R,21,Xander Bogaerts,593428,R,2024,354,613,164,26.753670473083197,122.89654154122243,9.662437176512391,128.16830256751186,10.992454201166787,118.78669531819124,10.180449534034752,8.275155562024871,3.97283879573336,0.22734781561259804,36.14150873889168
R/R,22,Enrique Hernández,571771,R,2024,249,441,117,26.53061224489796,122.74456659759568,10.814101517953736,129.81756497170258,12.786991925831229,121.9369259378263,10.77651784997259,8.220229524493082,4.621411804315668,0.28477266778728116,36.14150873889168
R/R,23,Lane Thomas,657041,R,2024,381,725,169,23.310344827586206,122.21050858532618,9.956103063835812,127.6928105298368,11.430794808107068,128.969544776539,10.008599537685685,8.02721290131795,4.131261704496793,0.24137716755461922,36.14150873889168
R/R,24,Matt Vierling,663837,R,2024,415,787,166,21.092757306226176,121.30691707337095,7.931489199296818,124.2604290945141,8.61909027705039,113.60470714212828,8.768085101286431,7.700641296060769,3.1150692656931294,0.15318875750863295,36.14150873889168
R/R,25,Seiya Suzuki,673548,R,2024,444,963,204,21.18380062305296,120.1304720687227,9.65707550126973,124.58193619446537,10.984561637002363,117.40999006096116,8.884282617911477,7.275456321897565,3.9699863039661523,0.22709557553465448,36.14150873889168
R/R,26,Vladimir Guerrero,665489,R,2024,548,1008,288,28.57142857142857,119.78924121269078,8.479119940744983,122.93213651784902,9.335616404490017,118.3164304286725,8.288020123612972,7.152130342244995,3.3740326186581644,0.17507292049250858,36.14150873889168
R/R,27,Carlos Correa,621043,R,2024,275,542,146,26.937269372693727,119.61481577724642,11.513037903046696,126.58981144346816,13.990164579573323,112.98490257959398,9.609959026495865,7.0890903582510205,5.056256554111821,0.3227730664778568,36.14150873889168
R/R,28,Max Schuemann,680474,R,2024,355,679,152,22.385861561119295,118.56651427643763,10.144432196244974,123.10967040699299,11.718432831416493,117.35655741959212,8.352183549672434,6.710218379726277,4.235218425827544,0.25059529159002647,36.14150873889168
R/R,29,Randy Arozarena,668227,R,2024,463,1009,265,26.26362735381566,118.36466951115247,8.786273428781469,121.46326092609439,9.750415234729747,122.0774149490476,7.757146323255526,6.637268636241746,3.523947174138077,0.18798658051350892,36.14150873889168
R/R,30,Davis Schneider,676914,R,2024,315,708,154,21.75141242937853,117.1154385198223,9.712918234403297,120.73471224272687,11.066954324963747,104.4343230833255,7.493837837189173,6.185777708341212,3.9997642644859237,0.22972956216118617,36.14150873889168
R/R,31,Alex Bregman,608324,R,2024,455,838,207,24.701670644391406,117.02823349396681,8.19033679625443,119.3805356040933,8.954266772152778,122.58748755143448,7.004417968997393,6.154260496300897,3.23620710796127,0.16335067785319762,36.14150873889168
R/R,32,Rhys Hoskins,656555,R,2024,387,809,210,25.95797280593325,117.00254139318966,9.451790501803753,120.34505940422511,10.685230954303812,115.9867103194003,7.35301142251072,6.144974983453319,3.8618036791204715,0.2175432404133246,36.14150873889168
R/R,33,Dansby Swanson,621020,R,2024,471,896,223,24.888392857142858,116.09445633534308,8.511321017507262,118.4750078184517,9.378646583770644,110.72215412615398,6.677146565216643,5.816779342915125,3.3895843746632335,0.17640519115312406,36.14150873889168
R/R,34,Bobby Witt,677951,R,2024,561,1078,323,29.962894248608535,115.8595615660735,8.889158856625658,118.45167066204795,9.891599529168058,119.19779769536144,6.66871216479557,5.731884829352357,3.574973308250442,0.19241492432188884,36.14150873889168
R/R,35,Mitch Haniger,571745,R,2024,279,586,134,22.866894197952217,115.16469151322487,11.25282193146439,119.70505908698598,13.530612120538787,103.162855455947,7.121705651926806,5.48074830847813,4.890167361970063,0.3083474153067154,36.14150873889168
R/R,36,Travis d'Arnaud,518595,R,2024,263,517,146,28.239845261121854,115.12851558289319,10.971193809295016,119.3364059430377,13.048988242986962,109.61981576747924,6.98846884369054,5.4676737814559315,4.716101226176081,0.2931063271627358,36.14150873889168
R/R,37,Wyatt Langford,694671,R,2024,445,921,224,24.321389793702497,113.60607180411618,8.817743592490363,115.62069348725794,9.793477356356572,111.038912367965,5.645554301772813,4.917439630104526,3.539510474588988,0.18933563099502312,36.14150873889168
R/R,38,George Springer,543807,R,2024,466,820,205,25.0,113.42705002862445,7.057677734326421,114.59303169552786,7.529049433587966,111.24463661589728,5.2741418255084325,4.852738459470665,2.721112058995669,0.12129448839635742,36.14150873889168
R/R,39,Jared Triolo,669707,R,2024,326,621,166,26.73107890499195,113.14575624888721,9.268033393338907,115.30545230609697,10.421857317729588,110.51903196947762,5.531621382734931,4.751074643484971,3.766616473242061,0.2091667262620647,36.14150873889168
R/R,40,Nolan Arenado,571448,R,2024,477,957,281,29.36259143155695,113.1099520910157,9.066800403834645,115.14470171441816,10.13814577840581,102.06290726349351,5.473523693595519,4.738134480638953,3.664078842464114,0.20018223323560547,36.14150873889168
R/R,41,Masyn Winn,691026,R,2024,442,833,255,30.612244897959183,112.918662819116,9.339298921569291,115.05945025733477,10.523501580821705,111.62782970345442,5.442712530783691,4.668999651718757,3.803352243470081,0.21239582289523715,36.14150873889168
R/R,42,Andy Pages,681624,R,2024,335,633,195,30.80568720379147,112.34902751396234,11.028307309047088,115.44974621659173,13.145397563766544,105.35729134567649,5.583771379006087,4.4631248581268395,4.7509450092707395,0.296165957969641,36.14150873889168
R/R,43,Marcell Ozuna,542303,R,2024,523,1198,321,26.79465776293823,112.12328430818087,9.680151531882611,114.2350794527078,11.018557843020101,115.82929559255716,5.144772484388564,4.38153785768187,3.9822730457349444,0.2281821830938578,36.14150873889168
R/R,44,Marcus Semien,543760,R,2024,542,985,258,26.192893401015226,110.40561504763964,8.017640623734694,111.41248903373211,8.729974446130388,111.76446243183044,4.124645721451347,3.760746271778111,3.1551444773512247,0.15653468769455448,36.14150873889168
R/R,45,Lourdes Gurriel,666971,R,2024,378,702,221,31.48148148148148,110.35122183603215,10.925086775569715,112.55192290041458,12.971612600717249,114.22452489933788,4.5364543119522835,3.7410877444516264,4.688136501663399,0.290647913550549,36.14150873889168
R/R,46,Alejandro Kirk,672386,R,2024,285,544,147,27.02205882352941,110.29258367116978,10.317007082207716,112.15128049962067,11.986750653981069,100.03622340257058,4.391656103657646,3.7198950269735667,4.3321925351177235,0.25919395984154636,36.14150873889168
R/R,47,Gio Urshela,570482,R,2024,352,642,234,36.44859813084112,110.04671546853993,10.49043400056004,111.90148593902275,12.261181999648475,103.21451604799128,4.30137658070987,3.631034549033942,4.431376163894367,0.26798120210553145,36.14150873889168
R/R,48,Otto Lopez,672640,R,2024,299,535,149,27.850467289719628,109.98246876372694,9.440756155814762,111.36907986684615,10.669296221725457,92.23861789387156,4.108956993607775,3.607814820599507,3.8560446263531456,0.21703560195068067,36.14150873889168
R/R,49,Christopher Morel,666624,R,2024,484,959,251,26.173096976016687,109.37707082181569,9.624482912331782,110.65771836609096,10.936667154837252,103.7488117519816,3.8518602146472296,3.3890148705185816,3.9526765155090016,0.22556526907645844,36.14150873889168
R/R,50,Nick Gonzales,693304,R,2024,290,521,162,31.09404990403071,109.11322592373631,9.188616313713231,110.18288047930496,10.309314613121597,96.05027921165544,3.680246638298896,3.2936573436221024,3.7259418418211787,0.20559741681094523,36.14150873889168
R/R,51,Mitch Garver,641598,R,2024,275,547,117,21.389396709323584,108.99439352049083,10.080761572636783,110.31438426991963,11.620595924978101,122.16598968759116,3.72777409227587,3.2507095202185017,4.1998586917372505,0.24745948539378826,36.14150873889168
R/R,52,William Contreras,661388,R,2024,507,1007,253,25.12413108242304,108.83071124803652,8.496280302808039,109.65191291666534,9.358534747233422,100.53434964012844,3.4883469502468167,3.1915522774154117,3.3823156535035817,0.17578227590832732,36.14150873889168
R/R,53,Spencer Torkelson,679529,R,2024,290,570,137,24.035087719298247,108.80281730913384,9.804888242585369,109.97121353644621,11.203579803911433,104.84602916649814,3.603747011648258,3.1814709870492783,4.049142773899354,0.2341007015132984,36.14150873889168
R/R,54,Ryan Jeffers,680777,R,2024,321,659,227,34.44613050075873,107.78006157518533,11.623466420951075,109.15282891484983,14.189681677761532,94.57794315934504,3.3079704621162596,2.8118316340867584,5.1283650435890955,0.3289945850961372,36.14150873889168
R/R,55,Paul Goldschmidt,502671,R,2024,486,979,306,31.256384065372828,106.93462358813494,9.420210492560328,107.47337553722504,10.639667381055686,110.2007075301072,2.7009906728763786,2.506277590115033,3.8453363163132486,0.21609197240134342,36.14150873889168
R/R,56,Spencer Steer,668715,R,2024,486,956,245,25.627615062761507,106.48960756432088,9.47561277685662,106.9119684545214,10.719685766008183,104.54190964203652,2.4980896830202877,2.3454420849788047,3.8742561679035745,0.21864121348668625,36.14150873889168
R/R,57,José Altuve,514888,R,2024,511,986,366,37.11967545638945,106.11658292214754,10.044545271115553,106.48670409990552,11.565217394455052,106.49702110112234,2.344392729133402,2.2106253513295098,4.179844055288793,0.24568462569865845,36.14150873889168
R/R,58,Connor Joe,656582,R,2024,246,442,97,21.945701357466064,105.67906460417014,10.875455979565398,105.96176346464115,12.888770751211993,105.78302805469934,2.1546712635653336,2.0524996302034526,4.658196207384997,0.28801318446271446,36.14150873889168
R/R,59,Pete Alonso,624413,R,2024,510,1042,276,26.48752399232246,105.10693528453977,10.456120157349364,105.15291273068374,12.206492034677662,104.36116308428925,1.862340404867524,1.8457234621514849,4.411610385425144,0.2662309549890394,36.14150873889168
R/R,60,Carson Kelly,608348,R,2024,262,486,119,24.485596707818928,104.7281511496967,10.38284113773047,104.63842770953096,12.09034936732531,,1.6763977559873047,1.7088251609556426,4.369634673154412,0.26251240916457985,36.14150873889168
R/R,61,Santiago Espinal,669289,R,2024,261,470,130,27.659574468085108,104.6911671460001,10.500328028479942,104.58507798519294,12.276987740165106,102.12131939196256,1.657116360703503,1.6954585840276393,4.437088596984432,0.2684869321511466,36.14150873889168
R/R,62,Ty France,664034,R,2024,396,716,195,27.23463687150838,104.18598276582165,8.041516903289736,104.03754146397995,8.760822401616958,94.72572069974886,1.4592284010406902,1.5128773271179319,3.1662933938791724,0.15746838656350642,36.14150873889168
R/R,63,Jacob Young,696285,R,2024,360,618,168,27.184466019417474,103.99515106062944,8.542974523543723,103.78224881056606,9.42104712116382,99.91807079670411,1.366961784397359,1.4439078697093108,3.4049085685905247,0.1777197287896237,36.14150873889168
R/R,64,Austin Riley,663586,R,2024,353,671,200,29.806259314456035,103.94651472636492,9.188525947603356,103.67899184061714,10.309186986005077,99.89503723211511,1.3296431575797574,1.4263299647108238,3.725895715455709,0.20559337290558127,36.14150873889168
R/R,65,Ernie Clement,676391,S,2024,304,476,198,41.596638655462186,102.9814367077591,11.093048109209732,102.12623050527169,13.25544721756184,84.9684130328919,0.7684517838717486,1.0775362082792814,4.790718614514287,0.29965340175285626,36.14150873889168
R/R,66,Alec Bohm,664761,R,2024,425,723,206,28.492392807745503,102.90816636479995,8.643474908966231,102.44737808950013,9.556349262189414,108.58832718319712,0.8845193660904108,1.051055200875683,3.4538088037131978,0.18192574857419397,36.14150873889168
R/R,67,Fernando Tatís,665487,R,2024,318,515,164,31.844660194174757,102.88829531692467,10.36822270928417,102.14650426594923,12.06728495281208,106.60406010315276,0.7757790268587234,1.0438735043713303,4.361298845767539,0.2617737255386707,36.14150873889168
R/R,68,Byron Buxton,621439,R,2024,280,537,182,33.89199255121043,102.65684913246733,11.735185904909214,101.48459570290659,14.394388877955036,106.42304299684014,0.5365552857031958,0.9602253613898464,5.202349314236171,0.33534927149170796,36.14150873889168
R/R,69,Joey Ortiz,687401,R,2024,358,714,173,24.2296918767507,102.40940584899278,9.646840544246054,101.65611718556274,10.969506157162353,102.75728447849232,0.5985457373464432,0.8707956254690902,3.964545026404093,0.22661446057285953,36.14150873889168
R/R,70,Hunter Renfroe,592669,R,2024,298,583,145,24.871355060034304,102.3008151789309,10.745009935679995,101.2528964966458,12.673200592656219,102.11630557073867,0.45281569682450845,0.8315493189590584,4.58028589969212,0.28114545181105133,36.14150873889168
R/R,71,Tyler Stephenson,663886,R,2024,376,710,174,24.507042253521128,102.07869765405755,9.358225088618154,101.29220079185804,10.550600818989453,101.97199180605212,0.4670208621133994,0.7512726942963481,3.8131463170006503,0.21325753895697105,36.14150873889168
R/R,72,Royce Lewis,668904,R,2024,223,442,148,33.4841628959276,101.85425944380249,12.415595159514641,99.97577222600198,15.709197638382195,89.32994673239124,-0.008756283056733307,0.6701573389236004,5.677541037285666,0.37536390211890214,36.14150873889168
R/R,73,Manny Machado,592518,R,2024,498,904,279,30.86283185840708,101.76450114490642,8.928334083770519,100.9899280074778,9.945664353446547,97.6159142171344,0.35777491733132494,0.6377173354841978,3.594513151441719,0.19411463709466925,36.14150873889168
R/R,74,Willson Contreras,575929,R,2024,264,522,162,31.03448275862069,101.69627601411834,11.110998815741263,100.28468793307792,13.286106612444485,100.63418064144636,0.10289051421192852,0.6130597438783012,4.801799382395089,0.30062398122724016,36.14150873889168
R/R,75,José Miranda,669304,R,2024,288,542,180,33.210332103321036,101.27895549302937,11.889799646680514,99.33595088714226,14.682615624523287,81.16128649322735,-0.23999736815401018,0.46223381127974594,5.3065188090349595,0.3442440893938183,36.14150873889168
R/R,76,Christian Walker,572233,R,2024,395,854,212,24.824355971896956,100.94131211964785,9.28085752663921,99.86932309813835,10.440102122594942,94.44819212249912,-0.04722860390603897,0.34020440198277546,3.773210420986867,0.20974597272464954,36.14150873889168
R/R,77,Johan Rojas,679032,R,2024,256,468,161,34.401709401709404,100.82228757773453,11.223025710853305,98.9827719763511,13.478903651405524,97.01093916457752,-0.36764155506151946,0.2971871367657441,4.871479141079518,0.30671663792264664,36.14150873889168
R/R,78,Shea Langeliers,669127,R,2024,390,706,220,31.1614730878187,100.80696280040505,11.261157517868401,98.94248520611372,13.545110497936188,97.84879566355971,-0.38220180164748613,0.2916485310279964,4.895407294304142,0.30880440440755597,36.14150873889168
R/R,79,Starling Marte,516782,R,2024,256,453,147,32.450331125827816,100.15379347442675,10.608296226860721,98.33191552650769,12.450543192863629,102.42761271758891,-0.6028708957593221,0.05558328199978846,4.499814156088291,0.2740366793822041,36.14150873889168
R/R,80,Zach Neto,687263,R,2024,484,948,288,30.37974683544304,99.47915865239531,9.861832130083025,97.77206960042585,11.288762257770157,100.30766509269442,-0.8052076600585139,-0.18823992116031008,4.079928997904707,0.23682777270057614,36.14150873889168
R/R,81,Anthony Volpe,683011,R,2024,498,947,285,30.095036958817317,99.05113240623447,8.093017541216668,97.92605101269467,8.827536186459419,97.08369283246732,-0.7495564544871084,-0.34293506432127824,3.1904047622580562,0.15949180855807504,36.14150873889168
R/R,82,Brenton Doyle,686668,R,2024,438,798,245,30.701754385964914,98.52166495878285,9.620248104421494,96.6426557717473,10.930454560186277,95.13014300093126,-1.213394857648626,-0.5342925881115935,3.950431190070307,0.22536681364917296,36.14150873889168
R/R,83,Jorge Soler,624585,R,2024,416,891,242,27.160493827160494,98.45147267804879,9.562235363546735,96.58142318445468,10.845587245041862,95.60030048290037,-1.2355252385360385,-0.559661137387122,3.9197588619509265,0.2226569612479761,36.14150873889168
R/R,84,Eugenio Suárez,553993,R,2024,444,837,242,28.912783751493432,97.56160320269427,9.868309572466638,95.2554923515129,11.298480831996152,101.42459198087084,-1.7147366463953488,-0.881273391587105,4.083441437257891,0.2371389810085836,36.14150873889168
R/R,85,Ke'Bryan Hayes,663647,R,2024,301,558,158,28.31541218637993,97.48875940004245,10.808524660794173,94.51028340081311,12.777774924407957,97.8837405915814,-1.9840664044355156,-0.9076002408882513,4.6180806409408115,0.28447902767566735,36.14150873889168
R/R,86,Orlando Arcia,606115,R,2024,455,854,234,27.400468384074944,97.25590449150474,9.201446541687806,95.2497566317796,10.327445080753396,93.67593911602218,-1.7168096220439955,-0.9917575180063488,3.7324944663647277,0.20617197630610973,36.14150873889168
R/R,87,Elías Díaz,553869,R,2024,247,461,150,32.53796095444685,97.00956939838765,11.588512587263827,93.13642728377407,14.126229353728899,94.43904123181358,-2.480598733034978,-1.0807867372122189,5.105432416353812,0.32701886960991833,36.14150873889168
R/R,88,Teoscar Hernández,606192,R,2024,479,994,291,29.275653923541245,96.60158814440213,8.647333683386849,94.73629003832656,9.561565111024933,90.64050187452943,-1.9023841957881202,-1.2282373177744346,3.455693890175894,0.1820882219160987,36.14150873889168
R/R,89,Brendan Rodgers,663898,R,2024,394,735,217,29.523809523809526,96.21756921090639,8.771332521971258,94.19744017081364,9.730008386726132,85.84027854481825,-2.0971326677448068,-1.3670275541827963,3.516571831383519,0.18734778821111303,36.14150873889168
R/R,90,Eloy Jiménez,650391,R,2024,252,463,146,31.533477321814257,96.19908860093344,10.741263767751054,92.76810222802717,12.667055380252924,85.6792383431675,-2.6137169652452723,-1.3737067254511728,4.578064927214359,0.28094944743638534,36.14150873889168
R/R,91,Freddy Fermin,666023,R,2024,247,482,143,29.66804979253112,96.05339543540681,10.535654858458516,92.74672549122656,12.33355664400462,104.04215552990924,-2.6214428404441574,-1.4263624336019451,4.457533452309085,0.2702965417712142,36.14150873889168
R/R,92,Mauricio Dubón,643289,R,2024,301,500,209,41.8,94.96992614963412,11.333293770067659,90.41400372300376,13.671184460327318,86.56171031766354,-3.4645236821604257,-1.8179445802026872,4.940972326439199,0.31277332850291506,36.14150873889168
R/R,93,Jordan Westburg,676059,R,2024,334,597,181,30.318257956448914,94.62144745392354,10.070126112933414,91.22469128861381,11.604312881354504,98.174964096499,-3.171528964790361,-1.9438900384661033,4.193973754103071,0.24693760874106152,36.14150873889168
R/R,94,Francisco Álvarez,682626,R,2024,260,503,154,30.61630218687873,94.41735118330294,12.053779577487962,88.63396793840066,14.994826100987039,97.93842514051248,-4.107855470808158,-2.0176535099481985,5.4193563856698415,0.3538049544810349,36.14150873889168
R/R,95,Mark Vientos,668901,R,2024,313,593,181,30.522765598650924,94.35881623255993,11.514645602802828,89.29446421592453,13.993049587257875,93.48044445997692,-3.8691421509468116,-2.0388089242862932,5.057299239416252,0.32286321790725564,36.14150873889168
R/R,96,Salvador Pérez,521692,R,2024,490,1011,429,42.433234421364986,94.13206242942746,12.218356951980198,87.93590453103248,15.315269154053714,82.1968637537459,-4.360146118185132,-2.1207611698611837,5.535169339697105,0.3635323271679091,36.14150873889168
R/R,97,Jonny DeLuca,676356,R,2024,262,487,194,39.83572895277207,93.92337493702446,11.735492407754103,88.34421197101321,14.394954534565867,87.78454042233446,-4.212577649082949,-2.196183978164986,5.202553751069607,0.3353667892113023,36.14150873889168
R/R,98,Miguel Amaya,665804,R,2024,271,484,166,34.29752066115703,93.88403280412834,11.271305728595042,88.91366524246962,13.562781065093615,89.07206645214526,-4.006768645215626,-2.210402818563707,4.901793703877555,0.3093612253581745,36.14150873889168
R/R,99,Jake Meyers,676694,R,2024,366,645,216,33.48837209302326,92.74582929735524,8.61274364943029,90.04868049313296,9.514865590930915,95.86454450898238,-3.596557009209382,-2.621766738430476,3.4388159790400943,0.18063440022282015,36.14150873889168
R/R,100,Miguel Andújar,609280,R,2024,258,474,171,36.075949367088604,92.36441102870323,11.02913606186703,87.05467972235239,13.146801153611024,88.09635704320908,-4.678634059423529,-2.759617055327071,4.751452287817041,0.2962104720711093,36.14150873889168
R/R,101,Lenyn Sosa,672820,R,2024,248,457,179,39.16849015317287,92.07218207389249,12.317003286078828,84.50992237009292,15.510901850529448,88.33123736425645,-5.5983477602739695,-2.8652330085675652,5.605873947790013,0.36942606493683927,36.14150873889168
R/R,102,José Caballero,676609,R,2024,354,709,237,33.42736248236953,91.78130045096755,9.847312321412508,87.70118802422661,11.266998710176559,81.46779507597397,-4.444976205003998,-2.9703620157368147,4.072063323449274,0.23613091181976995,36.14150873889168
R/R,103,Willy Adames,642715,R,2024,510,995,293,29.447236180904525,90.36329541822512,9.045178464374963,86.72666630297903,10.107944886025203,90.46951827612926,-4.7971830580510915,-3.482850428563343,3.6531637843051534,0.19922860748626847,36.14150873889168
R/R,104,Heliot Ramos,671218,R,2024,393,757,230,30.38309114927345,90.2548781554782,10.352817338226556,85.05428102109704,12.043016335940168,89.76965453114262,-5.401608330850404,-3.52203406305349,4.352527801479968,0.2609964032284435,36.14150873889168
R/R,105,Logan O'Hoppe,681351,R,2024,411,794,285,35.894206549118394,89.30968733860287,10.350057865220156,83.77926497387841,12.038673284147558,83.185725115215,-5.8624183669782,-3.8636402847336857,4.350958157036808,0.26085728814081555,36.14150873889168
R/R,106,Connor Wong,657136,R,2024,333,569,184,32.33743409490334,88.59815178665994,8.923694929832415,84.65726903130837,9.939253034636605,101.26511737929324,-5.545094453834322,-4.12079996841946,3.5921960040937453,0.19391296593899596,36.14150873889168
R/R,107,Andrew Vaughn,683734,R,2024,462,887,283,31.905298759864714,88.55029805667687,9.937975644558994,83.34769972702848,11.403384106455398,84.02391324096405,-6.018392558382483,-4.138095028423183,4.121355063363962,0.24049900031602434,36.14150873889168
R/R,108,J. D. Martinez,502110,R,2024,357,741,227,30.634278002699055,88.33967062223743,11.24789451116502,80.93049434993497,13.522048439704776,95.16100804825948,-6.892007050981695,-4.214218961047611,4.887072318513067,0.3080774341993517,36.14150873889168
R/R,109,Jo Adell,666176,R,2024,346,741,226,30.49932523616734,88.2918459310119,11.19054810783472,80.97010667994857,13.422749022403124,83.46327892909287,-6.87769055726815,-4.231503526006234,4.8511840109313225,0.30494403076677246,36.14150873889168
R/R,110,Julio Rodríguez,677594,R,2024,448,953,359,37.670514165792234,87.18590002852541,10.530230883558172,80.60382977697765,12.324857552930698,80.110210157724,-7.01006855616393,-4.631209061000805,4.4543894695484,0.2700183048142909,36.14150873889168
R/R,111,Tyler O'Neill,641933,R,2024,316,696,202,29.022988505747126,86.67355437741568,10.210819198246774,80.444207980839,11.821101986835535,92.80163451324964,-7.067758281564557,-4.816378509269956,4.272324607605463,0.25388590563017394,36.14150873889168
R/R,112,Jackson Chourio,694192,R,2024,396,749,250,33.37783711615487,86.50202096831163,9.828157287086656,80.8189806714624,11.23833296198922,84.39980335579263,-6.9323097768319215,-4.878373271311422,4.061703089563078,0.23521315956388983,36.14150873889168
R/R,113,Luis Robert,673357,R,2024,316,654,244,37.308868501529055,86.26870068595389,11.694057760682954,76.9268522102641,14.318688133067107,83.8891079001881,-8.338983724764791,-4.962698741549346,5.174989922907095,0.33300280259283593,36.14150873889168
R/R,114,Adolis García,666969,R,2024,475,1067,358,33.55201499531397,84.82020089769631,9.805483265143465,78.657221726091,11.204467548445919,80.08013595742881,-7.713602074987098,-5.4862084191052904,4.049463618167864,0.2341291157943133,36.14150873889168
R/R,115,Ryan Mountcastle,663624,R,2024,363,724,270,37.29281767955801,84.55939589375708,11.191537420544712,75.59782803338364,13.42445639847752,85.62826186107819,-8.819313113794028,-5.58046728239545,4.851801082404457,0.30499795097478444,36.14150873889168
R/R,116,Jake Burger,669394,R,2024,392,714,250,35.01400560224089,84.51319411120696,10.4893927056537,77.0225536673571,12.259519480244403,74.01441609316035,-8.30439577428628,-5.597165303673331,4.430775304298659,0.2679280043805538,36.14150873889168
R/R,117,Paul DeJong,657557,R,2024,356,649,231,35.59322033898305,84.11056157231144,10.444347704379389,76.56170039693234,12.187773925863684,77.06978124346664,-8.470955099290315,-5.742682777903877,4.404845378492385,0.26563179832854394,36.14150873889168
R/R,118,Zack Gelof,680869,R,2024,423,756,232,30.687830687830687,83.98557425199942,9.746645549793442,77.66735021471027,11.116922444574193,78.14414543379687,-8.07135657377656,-5.787855081196948,4.017823496801593,0.23132776645756722,36.14150873889168
R/R,119,Bo Bichette,666182,R,2024,268,485,178,36.70103092783505,83.14358132475199,11.625768870207176,72.43073610041897,14.193871198159695,,-9.963947921515187,-6.092164028578928,5.129879199469915,0.32912493663410375,36.14150873889168
R/R,120,Isiah Kiner-Falefa,643396,R,2024,360,599,191,31.886477462437394,82.09437202530577,8.35121666797347,77.41252394527599,9.165717990311066,79.94710552411706,-8.163454632213144,-6.471364099227546,3.312628768450441,0.16983098250823378,36.14150873889168
R/R,121,Bryan De La Cruz,650559,R,2024,434,886,289,32.61851015801354,82.02517218205213,9.848688559006225,74.92660116927271,11.269060256794424,83.77287835332945,-9.061904629544468,-6.496373966624359,4.072808397500326,0.23619691865208353,36.14150873889168
R/R,122,Thairo Estrada,642731,R,2024,286,475,166,34.94736842105263,81.46230512502635,10.607237721335556,72.58720305711307,12.448832009392943,73.90894311558034,-9.90739840268811,-6.69980261322768,4.499195708564695,0.2739819948482642,36.14150873889168
R/R,123,Nick Castellanos,592206,R,2024,489,867,331,38.17762399077278,79.99955368532291,9.053855604739143,73.7695631266394,10.120058378210064,85.05139039510266,-9.480075634835087,-7.228463052636361,3.6575417831417303,0.19961103527267357,36.14150873889168
R/R,124,Jeremy Peña,665161,R,2024,478,887,325,36.64036076662909,79.39312439111868,8.988377677450915,73.12638374905715,10.028862944856794,71.54682786232252,-9.712530365790721,-7.44763574899638,3.6245823776268877,0.1967342818630001,36.14150873889168
R/R,125,Giancarlo Stanton,519317,R,2024,319,671,204,30.402384500745157,78.92713440802132,11.580505905115407,66.29323932659888,14.111733971761852,77.78175920143434,-12.182131854374571,-7.616051559459877,5.100193566613456,0.3265671409516679,36.14150873889168
R/R,126,Brent Rooker,667670,R,2024,474,1014,321,31.65680473372781,78.01893974711987,10.824845839214174,67.25426036242263,12.804765333928188,74.36254550282915,-11.834804352729742,-7.944286812195715,4.627835382156229,0.2853388191215715,36.14150873889168
R/R,127,Javier Báez,595879,R,2024,220,457,198,43.32603938730853,76.79287346273559,13.942093169030306,51.45924937108524,19.211571500381375,,-17.543359630472846,-8.38740566551107,6.943351792688758,0.47334018978598563,36.14150873889168
R/R,128,J. T. Realmuto,592663,R,2024,291,532,162,30.451127819548873,76.07845691895122,10.904958300327372,64.29769856917659,12.937959354108134,78.53207494273246,-12.903350391606494,-8.645606583114986,4.675973710599245,0.2895779156400642,36.14150873889168
R/R,129,Trea Turner,607208,R,2024,370,681,241,35.389133627019085,75.34785637345719,9.906755546765975,66.04199978242733,11.356286919401988,73.10492080867427,-12.272933616186886,-8.909656643111099,4.104333429389283,0.23899032112941904,36.14150873889168
R/R,130,José Siri,642350,R,2024,336,639,231,36.15023474178404,74.81940059536817,10.745771586573712,63.02111915410353,12.6744503119637,70.55448605091185,-13.364725452464013,-9.100648534330324,4.580737567104844,0.2811853107363191,36.14150873889168
R/R,131,Harrison Bader,664056,R,2024,282,528,175,33.14393939393939,71.11593984012873,11.192479777500798,56.25118141551704,13.426082922143573,66.2909283373878,-15.811483091872777,-10.439135126826603,4.852388932597363,0.3050493164003778,36.14150873889168
R/R,132,Ceddanne Rafaela,678882,R,2024,418,767,361,47.06649282920469,69.34869197327197,10.626343990604799,55.83532679302179,12.479749067777028,56.86026461382404,-15.961779226602982,-11.07784516906452,4.510369599922388,0.2749699030049221,36.14150873889168
R/R,133,Yainer Diaz,673237,R,2024,449,830,361,43.493975903614455,68.83395526128689,10.429492532224176,55.80987814499017,12.164186960931394,70.48501789752812,-15.97097675195526,-11.263878782808892,4.396320693500142,0.26487671051068895,36.14150873889168
R/R,134,Korey Lee,686676,R,2024,291,494,175,35.4251012145749,68.69569677166976,9.599268827111398,58.198608145033646,10.899712454752162,67.57116815695585,-15.10765369024102,-11.313847486916124,3.9393205293483176,0.2243849517430614,36.14150873889168
R/R,135,Ezequiel Tovar,678662,R,2024,487,918,420,45.751633986928105,56.44740650063933,9.578020835071866,42.486843596829395,10.868635965721282,57.35323717190823,-20.786122447464347,-15.740564385585404,3.9280890173494813,0.2233926984648615,36.14150873889168
L/L,1,Lars Nootbaar,663457,L,2024,110,216,36,16.666666666666664,143.3756628458785,13.427050215175417,166.6614310483988,16.966910477347756,143.44547857381576,24.092446927827307,15.676618977995373,6.132097432890568,0.37373853516838934,36.14150873889168
L/L,2,Juan Soto,665742,L,2024,224,470,87,18.51063829787234,141.33991007756987,12.822301788752979,160.46260274716533,15.793103855559643,148.32738313811657,21.852096855628126,14.940867213334876,5.707866010099328,0.34083064897927084,36.14150873889168
L/L,3,J. P. Crawford,641487,L,2024,143,240,37,15.416666666666668,134.32994859592796,12.187564033627604,147.6658568205184,14.650057660204164,129.87676319707202,17.22715980825525,12.407361371854325,5.294751869515358,0.3079218262569558,36.14150873889168
L/L,4,Nathaniel Lowe,663993,L,2024,144,307,75,24.429967426710096,131.15251260079577,14.75762619155109,153.20811606105246,19.92602836162991,125.75140807606095,19.23021591600491,11.258988064000935,7.201567281632508,0.4514811929602828,36.14150873889168
L/L,5,Steven Kwan,680757,L,2024,159,301,54,17.940199335548172,126.47856006520433,12.600867545153353,137.33319365340205,15.384772978766893,139.33181553690096,13.492779446751653,9.569751099898506,5.560289070579683,0.32916037301026946,36.14150873889168
L/L,6,Kyle Tucker,663656,L,2024,125,232,46,19.82758620689655,125.56070214648074,13.742496378192707,139.20351813018166,17.61721757433981,137.42408387322428,14.16874293097259,9.238023399992406,6.367128229179584,0.3915055429666671,36.14150873889168
L/L,7,Nolan Schanuel,694384,L,2024,140,269,53,19.702602230483272,124.74542117278102,12.946814501549627,135.60305485107534,16.027534795289018,129.03265842082232,12.867481180313796,8.943368555636209,5.792592888668285,0.34748215323938086,36.14150873889168
L/L,8,Spencer Horwitz,687462,L,2024,81,172,46,26.744186046511626,124.40019004014448,16.697128897508524,151.84781984000654,25.701580859645787,134.7075654596779,18.73858433840078,8.818596815664991,9.288939092422194,0.577949979272414,36.14150873889168
L/L,9,Shohei Ohtani,660271,L,2024,248,482,124,25.72614107883817,122.90847210254371,13.362778911901705,133.81200608174925,16.837779489754997,117.38539250457208,12.22016913282999,8.279467446887399,6.085427545725113,0.37016914763142234,36.14150873889168
L/L,10,Gunnar Henderson,683002,L,2024,215,434,89,20.506912442396313,122.58336509866726,11.86469614361415,130.0942505197974,14.098918137958087,122.31629106157756,10.87651618151653,8.161968870670638,5.095561730919306,0.29182325250987934,36.14150873889168
L/L,11,Michael Busch,683737,L,2024,99,196,42,21.428571428571427,122.06877044838986,16.229102742844105,143.37068564733806,24.086206476837923,114.01748429518352,15.67482014334993,7.975986600170764,8.705118418693871,0.5460038087562182,36.14150873889168
L/L,12,Luis Arráez,650333,L,2024,204,317,110,34.70031545741325,120.24079636300092,12.682890501226048,128.18747522517467,15.534775538186627,122.77909315609924,10.187378821779426,7.315329186355251,5.614502258700927,0.3334595338733654,36.14150873889168
L/L,13,Bryson Stott,681082,L,2024,129,237,55,23.20675105485232,119.814900941643,13.212361227270618,128.5815274943085,16.53979402073191,114.10127236642992,10.329795257064234,7.161404155426633,5.977731101397508,0.3618824571906771,36.14150873889168
L/L,14,Michael Conforto,624424,L,2024,106,186,51,27.419354838709676,119.52427631643819,14.749102369547721,131.98251711345094,19.905061299501803,111.8398021647282,11.558964217475403,7.056368031110867,7.193989469041189,0.4509598036936837,36.14150873889168
L/L,15,Charlie Blackmon,453568,L,2024,113,189,49,25.925925925925924,119.26520592230494,14.786486284511875,131.62433663261712,19.997241686993508,114.98732704585431,11.42951238769384,6.962736081975317,7.227304851842049,0.45324875768816303,36.14150873889168
L/L,16,Alex Verdugo,657077,L,2024,191,351,75,21.367521367521366,118.37306975801462,11.542446768432201,123.7214055961612,13.56702216682089,107.37155941416113,8.57327387652454,6.640304612195521,4.903326502028943,0.27618647907762595,36.14150873889168
L/L,17,Jesse Winker,608385,L,2024,104,179,38,21.22905027932961,116.089329128462,13.291104364739093,122.8686591748598,16.695059436744447,137.7067915599417,8.26507845414931,5.814926292992141,6.033846365294155,0.3662088110063543,36.14150873889168
L/L,18,Kyle Schwarber,656941,L,2024,248,498,94,18.87550200803213,115.59162969056223,10.674496762720795,119.06625585527708,12.214084481347507,110.6620248662498,6.890832526114413,5.635050207150179,4.414354410201822,0.23621173662411288,36.14150873889168
L/L,19,Sal Frelick,686217,L,2024,94,182,41,22.52747252747253,115.56717371221245,15.258404607228519,126.02561025480384,21.213554622023228,125.84437239332806,9.406048204589815,5.62621144759771,7.666898697548085,0.48264177183401863,36.14150873889168
L/L,20,Rafael Devers,646240,L,2024,224,439,149,33.94077448747153,115.06497156112076,13.392520643682648,121.403309736312,16.897398419363103,122.46827924986846,7.735479058761255,5.444708013274007,6.10697472637946,0.37181876311120965,36.14150873889168
L/L,21,Daulton Varsho,662139,L,2024,104,177,42,23.728813559322035,114.1755455911625,13.655704951870328,120.36347206780187,17.435473553826206,99.01127696940974,7.359666036926377,5.123256048615572,6.301443198123247,0.3865760127722179,36.14150873889168
L/L,22,Brendan Donovan,680977,L,2024,193,318,71,22.32704402515723,113.96725404151249,10.693295911203933,116.95325413454113,12.242270510854178,120.54010837172942,6.127161824561697,5.047976339996439,4.424541266519122,0.2370444671634767,36.14150873889168
L/L,23,Jake Cronenworth,630105,L,2024,172,324,70,21.604938271604937,112.16719401998562,11.453268958381425,115.08453625114002,13.422841719757734,115.9738842208639,5.451778987427056,4.397407490011005,4.85121751315384,0.27193529033301034,36.14150873889168
L/L,24,Christian Yelich,592885,L,2024,98,187,50,26.737967914438503,111.81262419648188,13.979353345515543,116.89029915633101,18.12472484893547,116.87614141258018,6.104408945610321,4.26926060626393,6.550549015178085,0.4051173261301503,36.14150873889168
L/L,25,Jon Singleton,572138,L,2024,82,164,38,23.170731707317074,110.13755718656756,15.708278724669446,116.19136375928167,22.47531824409177,125.62992727326848,5.851803148006524,3.663866116493459,8.122919107282144,0.5115214502894353,36.14150873889168
L/L,26,Yordan Álvarez,670541,L,2024,208,384,136,35.41666666666667,108.71518401423161,15.220683228970804,112.74278752368737,21.112535752652274,102.8807544685012,4.605435666451871,3.149798992114009,7.6303889540464525,0.4802583760274762,36.14150873889168
L/L,27,Jackson Merrill,701538,L,2024,156,290,92,31.724137931034484,108.66465853028106,13.616196629475143,111.35417757517457,17.353464305587202,99.83847011919438,4.103571080560997,3.131538319916655,6.271803818504248,0.3843423857098784,36.14150873889168
L/L,28,Luis García,671277,L,2024,113,214,74,34.57943925233645,108.34875098347247,16.286090362886792,113.22516294384526,24.273691791493025,99.76476185955246,4.779773421082499,3.0173645662800084,8.772878440074084,0.5498450670458184,36.14150873889168
L/L,29,Brice Turang,668930,L,2024,127,235,65,27.659574468085108,107.81918716806334,12.410246729643223,109.44329599344212,15.041639245589698,114.9188187269332,3.4129496467092926,2.8259722136559096,5.436275362417362,0.3192768900795984,36.14150873889168
L/L,30,Masataka Yoshida,807799,L,2024,106,179,37,20.670391061452513,107.34307467260705,12.477934945664126,108.76649912074481,15.162624040771508,106.5000437301169,3.168345045818846,2.653897974503618,5.480001092740725,0.3227692008973663,36.14150873889168
L/L,31,Brandon Marsh,669016,L,2024,89,178,40,22.47191011235955,106.70719459389028,15.802558179923134,109.23026656931881,22.75410698572918,102.90896087908057,3.335957598773356,2.4240813202853277,8.223677564704074,0.5176800737950366,36.14150873889168
L/L,32,Cody Bellinger,641355,L,2024,167,247,89,36.032388663967616,104.53298747891004,13.670966315499637,104.64463946530356,17.46727240879764,96.79247110461232,1.6786427782426958,1.6382900658231403,6.312935784071615,0.38744055602460503,36.14150873889168
L/L,33,Freddie Freeman,518692,L,2024,222,429,137,31.934731934731936,104.34907074036047,11.232397652013715,104.34645319078544,13.071076851197724,122.80024948339616,1.570873759779556,1.5718197816879622,4.724084382442872,0.26154811414779,36.14150873889168
L/L,34,Cedric Mullins,656775,L,2024,101,168,48,28.57142857142857,103.86946073354584,14.618039158219474,103.48216384311999,19.5863736347931,112.67040000601564,1.2585065496637404,1.398481489162451,7.078810938850724,0.44298079140479785,36.14150873889168
L/L,35,Gavin Sheets,657757,L,2024,92,184,53,28.804347826086957,103.64801293377612,15.201047261596038,102.9966234798812,21.060224434624555,100.46106937423087,1.0830249368529412,1.3184469132565941,7.611482854470035,0.47902002756504664,36.14150873889168
L/L,36,Andrew Benintendi,643217,L,2024,126,229,64,27.947598253275107,102.91535040830388,14.411656576718162,101.82570693427942,19.098102270081178,125.19361111027254,0.6598380311991495,1.0536516225864627,6.90234230090386,0.43056077477770544,36.14150873889168
L/L,37,Matt Olson,621566,L,2024,184,374,113,30.213903743315505,102.40181014644135,14.617591785012456,100.84750524676413,19.58529754414207,114.15970843374468,0.306301182821825,0.8680504239676881,7.078422023454043,0.4429536776855611,36.14150873889168
L/L,38,Brandon Nimmo,607043,L,2024,169,310,95,30.64516129032258,100.60639239484186,12.243787251278924,98.91551213245323,14.74801221657079,121.63423867848718,-0.39195027742163735,0.21915936037374528,5.330154124064745,0.31076936628510515,36.14150873889168
L/L,39,Mike Yastrzemski,573262,L,2024,95,174,48,27.586206896551722,100.41485317022547,15.547478628329062,96.45582396417858,22.0117369884216,114.48711820501796,-1.2809186917081044,0.149934194770607,7.955373847252244,0.5011025235537655,36.14150873889168
L/L,40,Jake McCarthy,664983,L,2024,146,222,64,28.82882882882883,100.36107274904329,11.91287156240347,98.69568400112061,14.179959391669204,95.14633387397184,-0.4713994807177542,0.13049713914923683,5.124851262711417,0.29419790234890886,36.14150873889168
L/L,41,Jeff McNeil,643446,L,2024,115,200,59,29.5,96.9903500988378,13.584879664875537,92.42605915557145,17.288774274005473,96.394532716699,-2.73733649216763,-1.0877328820385828,6.248423865086945,0.38257646010829044,36.14150873889168
L/L,42,Josh Smith,669701,L,2024,140,246,65,26.422764227642276,96.009125677124,12.444420125993966,92.06220715180301,15.102603537052326,104.95939067492564,-2.868838095906233,-1.4423621921604135,5.45830877714393,0.32103766053680777,36.14150873889168
L/L,43,Vinnie Pasquantino,686469,L,2024,121,231,79,34.1991341991342,95.91291138622616,13.6507513490061,90.59812768343426,17.425166579794325,96.42615925266117,-3.397978504911047,-1.47713548851332,6.297718102202799,0.38629560297599425,36.14150873889168
L/L,44,Riley Greene,682985,L,2024,153,280,75,26.785714285714285,95.17939097524871,12.152972857036673,91.12965519326877,14.59009074719232,106.67156033743647,-3.20587644349459,-1.7422408319482898,5.273078922408739,0.306176397444589,36.14150873889168
L/L,45,Colton Cowser,681297,L,2024,147,257,59,22.957198443579767,94.09734896656913,13.58057840564934,87.746973067592,17.279911022505846,90.69163020048956,-4.428428799554989,-2.1333071390736973,6.245220552271657,0.3823342349197306,36.14150873889168
L/L,46,Oneil Cruz,665833,L,2024,154,282,98,34.751773049645394,92.90976824378716,14.403839334387207,84.27123828760806,19.079921366019057,93.42432200484588,-5.684611788803585,-2.5625167297793365,6.895771447873439,0.4300938076320038,36.14150873889168
L/L,47,Corbin Carroll,682998,L,2024,206,403,116,28.78411910669975,92.65102530175893,12.068573454946009,87.5879726272395,14.444719168165756,105.86317483415556,-4.485893957599864,-2.656030332783735,5.220539440470988,0.30193852492921963,36.14150873889168
L/L,48,Michael Siani,672279,L,2024,106,165,53,32.121212121212125,92.12817172186053,13.69358597809796,84.35193987661795,17.514527274730657,,-5.655445016959149,-2.844997505054323,6.330014405572348,0.3887237169395724,36.14150873889168
L/L,49,James Wood,695578,L,2024,125,220,58,26.36363636363636,91.81461600733007,13.811092551486261,83.61160948880902,17.762434347352343,122.81446605234488,-5.923011588765785,-2.9583212710226428,6.419611761888244,0.39542372597200065,36.14150873889168
L/L,50,Bryce Harper,547180,L,2024,225,470,148,31.48936170212766,90.94708911310832,13.209922995766004,83.34690532232523,16.535011512280963,85.79074625564756,-6.018679668227733,-3.2718585793100354,5.97600263068777,0.36174890471244303,36.14150873889168
L/L,51,Anthony Rizzo,519203,L,2024,97,182,54,29.67032967032967,89.63608186267899,16.54437233728534,70.32692891945277,25.154679336530414,87.22319925534566,-10.724295577673518,-3.745676379291453,9.091280630652319,0.5674234027440548,36.14150873889168
L/L,52,Alec Burleson,676475,L,2024,142,238,83,34.87394957983193,88.64698452286838,12.756792840303081,80.64916268958908,15.671179266440259,104.05650315034532,-6.993684557590876,-4.103151080795248,5.663800624067887,0.33735694785170395,36.14150873889168
L/L,53,Nolan Gorman,669357,L,2024,114,199,63,31.65829145728643,87.30345402399703,15.1349679384179,71.88292685056003,20.885544299943128,75.90009032223658,-10.161934449425415,-4.588723273454513,7.548350818329038,0.4748644559400871,36.14150873889168
L/L,54,Michael Harris,671739,L,2024,147,230,96,41.73913043478261,85.45322477277375,14.241618448729463,71.73876922140136,18.707591466022155,78.29186051836467,-10.214035191565571,-5.2574240399749055,6.761205804528552,0.4204606384396848,36.14150873889168
L/L,55,Lawrence Butler,671732,L,2024,89,161,52,32.298136645962735,82.88418669896672,14.754334281937858,65.22490689529133,19.917927316708585,101.52866391065096,-12.568243313396005,-6.185913159925331,7.198639441774327,0.4512797961371777,36.14150873889168
L/L,56,Corey Seager,608369,L,2024,152,257,76,29.571984435797667,82.54280104567914,13.745293062756593,68.49849350895992,17.623110674993672,97.69561436493994,-11.385119721341779,-6.30929508564158,6.369258084667392,0.3916649068682264,36.14150873889168
L/L,57,Josh Naylor,647304,L,2024,177,324,103,31.790123456790127,81.81711391990811,12.064393597979585,72.0776459820267,14.437554050130672,81.78624307358595,-10.091560017510092,-6.57156936161913,5.2179498587101865,0.3017294130073773,36.14150873889168
L/L,58,JJ Bleday,668709,L,2024,124,238,67,28.15126050420168,81.22767850039654,13.613631115519187,66.79769006540573,17.348154374479666,100.55586221819216,-11.999815746525291,-6.784600215272028,6.269884729288988,0.3841975665818046,36.14150873889168
L/L,59,CJ Abrams,682928,L,2024,184,311,114,36.655948553054664,80.81722240460527,11.473618266571217,71.98220962946175,13.455630669334349,86.82134502682027,-10.126052155212435,-6.932945241001742,4.863067934230463,0.27290245717029993,36.14150873889168
L/L,60,Jazz Chisholm,665862,L,2024,210,438,130,29.68036529680365,77.92841047011353,13.105240215498675,63.31667960066964,16.33108129584678,102.61261886086032,-13.257905447839617,-7.977005458756221,5.902299173693969,0.35603822281469844,36.14150873889168
L/L,61,Jarren Duran,680776,L,2024,231,433,125,28.868360277136258,76.75069094691003,11.58263032722287,66.11534561720616,13.632406815135576,80.75422096880318,-12.24642532490068,-8.402651063154448,4.926957500413489,0.2781128425688523,36.14150873889168
L/L,62,Andrés Giménez,665926,L,2024,171,290,115,39.6551724137931,75.20169950024952,12.635152727298658,60.779843150499026,15.447297439847762,95.03609618594078,-14.174756415169417,-8.962479942213939,5.582886354145169,0.33095400764521843,36.14150873889168
L/L,63,Ryan McMahon,641857,L,2024,197,408,117,28.676470588235293,73.70524969665709,12.995230656799814,57.19451756412236,16.11966520741597,106.51642900706403,-15.47054717528746,-9.503319478752426,5.825890209618325,0.3500859145096724,36.14150873889168
L/L,64,Jesús Sánchez,660821,L,2024,116,226,90,39.823008849557525,66.5124823250836,14.633277450779676,36.3034001037709,19.6230741112711,80.27265938570233,-23.02091221787251,-12.102894126917809,7.092075044764236,0.44390482631394423,36.14150873889168
R/L,1,Mookie Betts,605141,R,2024,161,331,80,24.169184290030213,144.37166729036343,12.918577520779388,164.80483097360047,15.787711068922135,147.05056674526764,23.421443649547793,16.036590011338642,5.705916975645462,0.330437608730114,36.14150873889168
R/L,2,Mitch Garver,641598,R,2024,156,355,65,18.30985915492958,141.89728079808003,13.525529662911584,164.00633981701947,16.93626960173389,122.16598968759116,23.132856898412786,15.142309400996082,6.121023358152909,0.36221684359647566,36.14150873889168
R/L,3,Lane Thomas,657041,R,2024,145,293,65,22.18430034129693,136.92272303778225,15.884854690092395,170.82365442729096,22.45570342094223,128.969544776539,25.59673725404181,13.344429173336843,8.115830014259434,0.49960476538364007,36.14150873889168
R/L,4,Dylan Moore,664238,R,2024,175,351,67,19.08831908831909,136.60301716611713,11.23828818159694,147.81878346003577,12.977457134854525,134.8895576615447,17.28242980304052,13.22888264779024,4.69024880447937,0.2500693171905496,36.14150873889168
R/L,5,Alex Bregman,608324,R,2024,181,337,73,21.66172106824926,136.47518628762128,12.600938392227285,151.83986071268754,15.218213023221756,122.58748755143448,18.73570778970525,13.182682639667668,5.500091789690843,0.3143879239521042,36.14150873889168
R/L,6,Austin Slater,596103,R,2024,141,296,61,20.60810810810811,135.63780061162083,12.919256826600563,151.76322191718708,15.78895099463052,,18.708009372732068,12.880038822397731,5.706365103503714,0.3304723608678724,36.14150873889168
R/L,7,Ha-Seong Kim,673490,R,2024,130,243,38,15.637860082304528,134.19359675465276,13.890866669179035,153.49874514697825,17.67063798389352,140.842896449874,19.335253652492533,12.35808175922421,6.38643517116679,0.38204873404297074,36.14150873889168
R/L,8,Robbie Grossman,543257,S,2024,126,266,43,16.165413533834585,133.59022885441024,12.937785517660192,148.76988143833924,15.822808398417479,,17.62617096198449,12.140015496830394,5.7186016800521395,0.33142096206009214,36.14150873889168
R/L,9,Jurickson Profar,595777,S,2024,172,356,86,24.15730337078652,132.68085268245517,13.224380182642943,148.41894995034883,16.355921714609355,138.6277280396489,17.499339027584913,11.811353228173854,5.911276875811821,0.3462667028369476,36.14150873889168
R/L,10,Randy Arozarena,668227,R,2024,181,426,90,21.12676056338028,130.01467273792954,14.575502375846446,149.65132841045536,19.149085390622474,122.0774149490476,17.94473919644053,10.847755570528543,6.920768369869652,0.42063668344962074,36.14150873889168
R/L,11,Jonathan India,663697,R,2024,174,355,64,18.028169014084508,129.25714200789744,12.54726191923191,141.16308255067366,15.123937729226398,131.50798597523357,14.876959077248921,10.5739725355342,5.4660192760728945,0.3117152193493794,36.14150873889168
R/L,12,Paul Goldschmidt,502671,R,2024,167,349,86,24.641833810888254,128.9777181536348,10.777131413908256,136.74538245643092,12.281421786112094,110.2007075301072,13.280335611630154,10.472984538827326,4.438691128087849,0.2299674854696999,36.14150873889168
R/L,13,Yandy Díaz,650490,R,2024,139,266,58,21.804511278195488,128.89199952358666,14.784345204585202,148.6712547639817,19.63022217454215,131.31489794133282,17.590525793852674,10.442004532657615,7.094658462676005,0.43277709594532965,36.14150873889168
R/L,14,Gabriel Moreno,672515,R,2024,119,264,65,24.62121212121212,127.14572992388241,14.542291539154638,144.56197947793737,19.073961495544175,134.14112256868515,16.10537170724185,9.810876352675896,6.893617460764932,0.4187219939111504,36.14150873889168
R/L,15,Matt Chapman,656305,R,2024,163,353,77,21.813031161473088,126.51327104438508,13.911636927925587,141.1406824685549,17.71345472368707,127.93332989553976,14.868863349612447,9.582296171472471,6.401909786920983,0.38319210167063966,36.14150873889168
R/L,16,Connor Wong,657136,R,2024,152,319,79,24.76489028213166,126.3380078087033,14.60487478541831,143.42378475472998,19.215837981773834,101.26511737929324,15.694010961888255,9.518953393832476,6.944893763434057,0.422333717497518,36.14150873889168
R/L,17,Marcell Ozuna,542303,R,2024,163,404,104,25.742574257425744,125.37105310955039,17.103426733188424,156.20660972934877,26.365969454910527,115.82929559255716,20.31391676716733,9.169481376737004,9.529059154639999,0.5791970517526323,36.14150873889168
R/L,18,Alec Bohm,664761,R,2024,178,305,76,24.91803278688525,125.2782879994523,13.102166422922084,136.76607158695006,16.126383864877482,108.58832718319712,13.287812975544725,9.135954666364261,5.828318433791914,0.33989619464952886,36.14150873889168
R/L,19,Bobby Witt,677951,R,2024,144,278,110,39.568345323741006,123.86022328161674,18.163790045461617,163.21758440016998,30.845528592808055,119.19779769536144,22.84778879050366,8.62344468244458,11.148039411927055,0.6532403847289748,36.14150873889168
R/L,20,Justin Turner,457759,R,2024,137,314,85,27.070063694267514,123.30093977673656,14.876609842504587,139.1600853640067,19.847755914234636,135.73466494285915,14.153045673989926,8.421311185653128,7.173278438217001,0.4381956135885829,36.14150873889168
R/L,21,Marcus Semien,543760,R,2024,173,346,80,23.121387283236995,123.27106100086425,12.824177276601898,133.0744565993274,15.616334801463484,111.76446243183044,11.953607622186839,8.410512545260165,5.643979006965508,0.32562602312370115,36.14150873889168
R/L,22,Will Smith,669257,R,2024,151,320,91,28.4375,123.25854761946155,16.9521279275115,150.0450975334165,25.821597909359635,125.55131625394516,18.087053298426593,8.405990020426978,9.332315064932684,0.5689950936135696,36.14150873889168
R/L,23,Tommy Pham,502054,R,2024,119,219,33,15.068493150684931,123.13894236792058,12.567475519205829,132.31689006408777,15.15937557243906,122.85021196231553,11.679811646650306,8.362762877989127,5.478827047274474,0.3127203728473765,36.14150873889168
R/L,24,Mark Canha,592192,R,2024,127,282,61,21.631205673758867,123.13039147689386,13.778626130372244,135.27423621929836,17.44129389153772,122.29387030965928,12.748641165775007,8.359672456961455,6.303546755985885,0.3758996416222499,36.14150873889168
R/L,25,Xavier Edwards,669364,S,2024,94,192,40,20.833333333333336,122.62494565287304,14.181416394369585,135.63138599817398,18.28070200877361,,12.877720484318274,8.176996710302602,6.6069215140316615,0.3981982043678095,36.14150873889168
R/L,26,Freddy Fermin,666023,R,2024,122,254,83,32.677165354330704,121.56277133013633,15.162266476969116,137.09832884879333,20.541859710365266,104.04215552990924,13.407895762869416,7.79311088462845,7.4241380223525315,0.45518540618646536,36.14150873889168
R/L,27,Lourdes Gurriel,666971,R,2024,172,332,120,36.144578313253014,121.53958591973299,15.480592226123886,138.30857932383702,21.355058306163283,114.22452489933788,13.845298544069813,7.78473132750138,7.718040263917416,0.4744989125861669,36.14150873889168
R/L,28,Jonah Bride,681146,R,2024,99,233,58,24.892703862660944,121.48161070550105,16.95756034417258,145.95870141990866,25.840808710767547,,16.61016808995742,7.763778210383357,9.339258138402336,0.5693598282012329,36.14150873889168
R/L,29,Taylor Ward,621493,R,2024,129,234,49,20.94017094017094,121.22890102636708,12.74455094877518,129.88532646903099,15.473194554983657,120.86875995848776,10.801007877451148,7.672445119615122,5.59224596227513,0.32159490157027454,36.14150873889168
R/L,30,Michael Toglia,669911,S,2024,146,341,80,23.46041055718475,121.05141917984068,14.88251188543343,135.1759229013352,19.861778443133048,97.55075836355776,12.713109249371866,7.608300502542841,7.178346391724234,0.43854337593165943,36.14150873889168
R/L,31,Wilmer Flores,527038,R,2024,109,219,63,28.767123287671232,120.65043725888732,15.542064544885843,136.8601016507261,21.517301228782422,,13.32179685926153,7.463379586540105,7.776677303974046,0.4782747967492693,36.14150873889168
R/L,32,Danny Jansen,643376,R,2024,94,225,44,19.555555555555557,120.57076069520919,16.448536380677474,140.87958443332133,24.139254433186885,123.98597890448455,14.774498580391427,7.434583274315523,8.724290750473536,0.5356913069779697,36.14150873889168
R/L,33,Miguel Rojas,500743,R,2024,114,225,65,28.888888888888886,120.39635970726223,15.565767451127922,136.4668450570968,21.58033180354804,,13.179667993108735,7.3715521260159615,7.799457504661136,0.4797347246982933,36.14150873889168
R/L,34,Fernando Tatís,665487,R,2024,118,254,55,21.653543307086615,120.37670321334836,14.555460437460793,132.95604413128882,19.1037054657098,106.60406010315276,11.910811569702744,7.36444797255032,6.904367380341636,0.41948069194926885,36.14150873889168
R/L,35,Vladimir Guerrero,665489,R,2024,138,282,69,24.46808510638298,120.28568646868845,14.50011575575745,132.63653842906916,18.979091197835462,118.3164304286725,11.795337388413778,7.331553147825206,6.859329903827924,0.41629674761894736,36.14150873889168
R/L,36,David Fry,681807,R,2024,162,342,76,22.22222222222222,119.9392943005127,11.7212039719385,126.28087439883923,13.73767345797782,106.0149415982921,9.498304517513626,7.206361792093129,4.965002453335457,0.27202231141357225,36.14150873889168
R/L,37,J. D. Martinez,502110,R,2024,138,319,91,28.526645768025077,119.52392031286728,15.323539738041285,133.9088879523047,20.94834706919761,95.16100804825948,12.255183702543187,7.056239366049173,7.571048686667414,0.464920051488006,36.14150873889168
R/L,38,Rhys Hoskins,656555,R,2024,130,278,67,24.100719424460433,119.23690878940799,14.40636289209243,130.5858890009843,18.770300374588324,115.9867103194003,11.05420174615845,6.952509071216513,6.783869750198058,0.4109308817656616,36.14150873889168
R/L,39,Seiya Suzuki,673548,R,2024,136,313,62,19.808306709265175,118.23445435644358,12.66083034663088,125.33254486190894,15.324059329530659,117.40999006096116,9.155563915050475,6.59020691472327,5.538346241735269,0.3173835825672026,36.14150873889168
R/L,40,Gary Sánchez,596142,R,2024,119,250,63,25.2,117.76219119466208,17.572824759066958,141.0406999620172,28.190591246812478,,14.832728163274755,6.419523882837442,10.188504999011965,0.6114250611946489,36.14150873889168
R/L,41,Enrique Hernández,571771,R,2024,146,272,72,26.47058823529412,117.62210414175583,15.378912703163877,130.527998521506,21.090489433826487,121.9369259378263,11.033279253458806,6.368894308369276,7.622421081801426,0.4682861818142348,36.14150873889168
R/L,42,Max Schuemann,680474,R,2024,106,213,40,18.779342723004692,117.39333228503985,16.152856307103086,132.8095529484806,23.23262722381066,117.35655741959212,11.8578674460664,6.286212707782142,8.396621998367657,0.5166051588560727,36.14150873889168
R/L,43,Aaron Judge,592450,R,2024,174,414,81,19.565217391304348,117.30355424455132,13.10703086441505,124.69334980338591,16.1354566203145,133.19272232919917,8.924549177115813,6.253765569433381,5.831597464491041,0.34014862803024604,36.14150873889168
R/L,44,Rob Refsnyder,608701,R,2024,144,273,63,23.076923076923077,116.77432038192559,13.318639908743174,124.24836707539994,16.535270794376913,,8.763725705594204,6.062492466723327,5.976096339149136,0.35122048139071776,36.14150873889168
R/L,45,Jordan Westburg,676059,R,2024,110,208,64,30.76923076923077,116.43047999672658,15.031316893254399,127.32804563832397,20.219697550030507,98.174964096499,9.876768002543166,5.938223363858782,7.307703757021742,0.44735690071172285,36.14150873889168
R/L,46,Eugenio Suárez,553993,R,2024,195,405,99,24.444444444444443,116.27254434194937,14.058655226136748,124.82643342296716,18.01997888511189,101.42459198087084,8.972647605116798,5.881143035385654,6.512692243509149,0.3913340524646158,36.14150873889168
R/L,47,Gleyber Torres,650402,R,2024,168,370,81,21.891891891891895,116.17091261201655,13.094752552502246,122.9575428725155,16.112566128066494,126.444119279076,8.297202363504994,5.844411794830497,5.823324495234853,0.33951164246094057,36.14150873889168
R/L,48,Wyatt Langford,694671,R,2024,114,230,42,18.26086956521739,115.77957708880074,12.55325037985435,121.58975594099954,15.134428413290339,111.038912367965,7.8028635301217335,5.702977232509068,5.469810767570634,0.31201283643735567,36.14150873889168
R/L,49,Adley Rutschman,668939,S,2024,181,365,88,24.10958904109589,114.99232335385268,12.468723481201321,120.33973136822797,14.986978308581618,116.76315576271796,7.3510857899152064,5.418451855095567,5.416520075091825,0.3078251266192312,36.14150873889168
R/L,50,Emmanuel Rivera,656896,R,2024,128,260,82,31.538461538461537,114.95964897266997,16.034767375183563,127.39469395681047,22.885319245232598,114.7553078077998,9.900855710393285,5.406642840765035,8.271099654938999,0.5090792632617321,36.14150873889168
R/L,51,José Altuve,514888,R,2024,169,346,129,37.283236994219656,114.22103496529712,15.89778621063641,125.49277049516792,22.492280571695073,106.49702110112234,9.213471876296715,5.139696594743703,8.12904954839521,0.5004185315970253,36.14150873889168
R/L,52,Chris Taylor,621035,R,2024,98,196,35,17.857142857142858,114.12153254944297,13.660104296513829,120.65678415147511,17.202750651601637,,7.465673449279367,5.103734920422365,6.217333630078351,0.36946058187410497,36.14150873889168
R/L,53,Byron Buxton,621439,R,2024,103,195,62,31.794871794871792,113.79092320093548,18.553338682260446,136.95501546845733,32.87822809630527,106.42304299684014,13.356100144991283,4.98424771383994,11.88268768061891,0.6815602041902099,36.14150873889168
R/L,54,Isaac Paredes,670623,R,2024,160,331,91,27.492447129909365,113.70971743988581,15.197428031366591,122.76093832036337,20.629551789687078,125.9133490657524,8.226146512107873,4.954898726613684,7.455831262863941,0.45729901953173124,36.14150873889168
R/L,55,George Springer,543807,R,2024,147,288,57,19.791666666666664,113.50170588929736,11.837144613105178,117.54605946823524,13.925381389851601,111.24463661589728,6.34141061604337,4.879720213879855,5.032842931937212,0.27743036044881325,36.14150873889168
R/L,56,Pete Alonso,624413,R,2024,179,382,96,25.13089005235602,113.43514289274681,12.995593678743449,118.69354478453553,15.928906595484925,104.36116308428925,6.756129121911541,4.855663342664673,5.756947169217077,0.3343892658330133,36.14150873889168
R/L,57,Francisco Álvarez,682626,R,2024,82,174,43,24.71264367816092,113.22470017817857,18.053277329375458,131.88554417532606,30.313426559797655,97.93842514051248,11.523916734568635,4.77960617058863,10.95572970916678,0.6453156339509323,36.14150873889168
R/L,58,Tyler Freeman,671289,R,2024,135,261,70,26.81992337164751,113.00502506948278,13.34460630799928,118.47129957015669,16.585039312197605,99.92325294456904,6.675806348335042,4.700212271982174,5.994083432366518,0.3525913152818604,36.14150873889168
R/L,59,Starling Marte,516782,R,2024,112,226,59,26.10619469026549,112.7294370286271,14.90852965383116,120.40144630745266,19.923749214824078,102.42761271758891,7.373390500068298,4.600610596112979,7.200743563590507,0.4400780487809853,36.14150873889168
R/L,60,Cristian Pache,665506,R,2024,130,269,63,23.42007434944238,112.3966698904605,12.724684992101855,116.84572248158806,15.43768092765334,,6.088298262812588,4.480343531792338,5.579410801550046,0.32059309129921965,36.14150873889168
R/L,61,Tyler O'Neill,641933,R,2024,154,342,73,21.34502923976608,112.13850867882417,15.200516288297187,119.87156291851713,20.637278312437054,92.80163451324964,7.181882648750229,4.387040174928362,7.458623744758836,0.4574848931355133,36.14150873889168
R/L,62,Masyn Winn,691026,R,2024,193,403,122,30.272952853598017,112.11010580930088,15.380625365157421,120.16489639541251,21.09490736190192,111.62782970345442,7.287897792936467,4.376774949357506,7.624017787662886,0.46839048835646585,36.14150873889168
R/L,63,Víctor Robles,645302,R,2024,104,168,53,31.547619047619047,112.04791705603589,16.315995688929377,122.16804520041498,23.726064547635644,,8.011865993349438,4.35429899566163,8.574957691878817,0.5270929933497556,36.14150873889168
R/L,64,Zach Neto,687263,R,2024,116,222,81,36.486486486486484,112.00203781302413,17.64547755286341,126.52402771441355,28.49349837165701,100.30766509269442,9.586183794310823,4.337717545039198,10.297980204008377,0.6164912435246628,36.14150873889168
R/L,65,Blake Perkins,663368,S,2024,156,277,69,24.90974729241877,111.97524280977669,12.596735421995783,116.10143333422133,15.210811194771418,112.27065681651032,5.819300935574417,4.328033426598938,5.497416657214626,0.3141782343753635,36.14150873889168
R/L,66,Xander Bogaerts,593428,R,2024,108,212,48,22.641509433962266,111.85348143739212,14.507833329632593,118.2020592205361,18.996406897299035,118.78669531819124,6.578498823848294,4.284027029557976,6.865588058862753,0.41674000696280544,36.14150873889168
R/L,67,Andrew McCutchen,457705,R,2024,141,261,46,17.624521072796934,111.66720075509753,12.531198906576266,115.59225664093606,15.095831834428015,122.9007813880244,5.635276796474324,4.2167023804876065,5.455861381648193,0.31091761418124714,36.14150873889168
R/L,68,Tyler Stephenson,663886,R,2024,136,270,61,22.59259259259259,111.55276845990787,13.805341973613622,116.7555707324021,17.495575076756616,101.97199180605212,6.055716060502285,4.1753448225215255,6.323164795285347,0.3773587438074298,36.14150873889168
R/L,69,Dylan Carlson,666185,S,2024,115,227,53,23.348017621145374,111.40607093201604,15.442632111594673,118.95434724919713,21.255740113847136,,6.850387067468454,4.1223261226587615,7.682145170762166,0.47217471864577293,36.14150873889168
R/L,70,Miguel Vargas,678246,R,2024,92,192,39,20.3125,110.6634123876454,13.75118952085255,115.2688397937387,17.385745834889796,,5.518389068381447,3.8539181199449195,6.283470850238192,0.37440411611373614,36.14150873889168
R/L,71,Manuel Margot,622534,R,2024,172,357,104,29.13165266106443,110.48211193382846,13.665356662515594,114.89024112847164,17.213244467398123,102.40928532483002,5.381557798688624,3.7883934005850204,6.221126253431481,0.3697447547076798,36.14150873889168
R/L,72,Ke'Bryan Hayes,663647,R,2024,93,187,52,27.807486631016044,110.26205692341391,15.553973484549152,116.96818330674938,21.548936267517114,97.8837405915814,6.132557452639986,3.7088621997656754,7.788110684262897,0.4790080233849493,36.14150873889168
R/L,73,Jose Iglesias,578428,R,2024,100,182,71,39.010989010989015,110.23345345344211,14.447586056765113,115.35118740758509,18.861752950289144,,5.548150738436002,3.6985244741661942,6.816922090836911,0.4132859672064926,36.14150873889168
R/L,74,Spencer Steer,668715,R,2024,170,366,84,22.950819672131146,110.06267348643001,12.198428658691274,113.02593554829774,14.524242676026203,104.54190964203652,4.707769634510426,3.6368020174642406,5.249280436013845,0.2946238230273024,36.14150873889168
R/L,75,Jared Triolo,669707,R,2024,121,246,54,21.951219512195124,109.90198183775638,15.180896078230125,115.72130307045751,20.588257800200747,110.51903196947762,5.681916123077047,3.578725631216188,7.440906992045101,0.45630464943329485,36.14150873889168
R/L,76,Joey Ortiz,687401,R,2024,155,324,84,25.925925925925924,109.70556077463176,15.833393487996267,116.34592338058678,22.31102240240406,102.75728447849232,5.907663327047308,3.5077360955219805,8.063540111300943,0.49637293024116824,36.14150873889168
R/L,77,Wenceel Pérez,672761,S,2024,96,228,68,29.82456140350877,109.2171558971951,16.996217062643577,117.56721464366365,25.97822035138497,110.0404195420723,6.349056415619553,3.3312192040620383,9.388920778504335,0.5719586300139643,36.14150873889168
R/L,78,Hunter Renfroe,592669,R,2024,126,247,75,30.364372469635626,109.01443448365109,15.829680763711428,114.9680796955641,22.30063806979177,102.11630557073867,5.409689831216571,3.25795262667042,8.059787056822397,0.4961401715762215,36.14150873889168
R/L,79,Connor Joe,656582,R,2024,169,361,80,22.160664819944596,108.94480147990298,12.630251297198226,111.70405651193522,15.269930495168442,105.78302805469934,4.230022607065889,3.2327862085356456,5.518783264333988,0.31585231366075966,36.14150873889168
R/L,80,Nick Castellanos,592206,R,2024,170,314,117,37.261146496815286,108.4437059437864,15.63709543867324,113.5825982148085,21.771620920937153,85.05139039510266,4.908955920773559,3.0516827215598785,7.868592277738871,0.4841414349216773,36.14150873889168
R/L,81,Randal Grichuk,545341,R,2024,184,367,107,29.155313351498634,108.14440108522743,13.706349331942578,111.21014427223923,17.295389428530612,,4.051515271793706,2.9435094299478575,6.250814681737739,0.37196636636815444,36.14150873889168
R/L,82,Willson Contreras,575929,R,2024,89,183,52,28.415300546448087,108.11362592545596,15.239861359744083,112.49427019879893,20.736065035942936,100.63418064144636,4.515617755759653,2.932386822889649,7.494326757067579,0.4598562693186543,36.14150873889168
R/L,83,Jake Meyers,676694,R,2024,146,277,74,26.714801444043324,108.09403722949902,16.632632336418773,114.3023242773747,24.732698248917384,95.86454450898238,5.169075778572001,2.9253071726285365,8.938770298996186,0.5477495816292153,36.14150873889168
R/L,84,Geraldo Perdomo,672695,S,2024,120,202,40,19.801980198019802,107.97135443668778,11.189624669810705,109.620535137921,12.902686041749966,129.20910832083226,3.477006547599864,2.8809677603435446,4.663225403330821,0.24790832903895432,36.14150873889168
R/L,85,José Ramírez,608070,S,2024,174,328,113,34.45121951219512,107.86983844325404,14.85292305249853,111.67144935471458,19.791609652445963,103.7237996847788,4.218237888489485,2.8442783487053154,7.152986332106088,0.43680131953577656,36.14150873889168
R/L,86,Francisco Lindor,596019,S,2024,169,293,82,27.986348122866893,106.7420106554317,14.197374275092672,109.24844096109626,18.314922051601197,118.7200229593636,3.3425260981658416,2.436664370209856,6.619289153800646,0.399094867221622,36.14150873889168
R/L,87,Nico Hoerner,663538,R,2024,137,248,87,35.08064516129033,106.72704643848344,14.658404187144045,109.51031032467053,19.33825137187035,118.55860844052476,3.437169637086516,2.431256076433797,6.989135809513362,0.4254352437133911,36.14150873889168
R/L,88,Maikel García,672580,R,2024,160,267,61,22.846441947565545,106.60370362815169,11.635353196418137,107.935105419656,13.60001814631215,121.56945299008764,2.8678668186852407,2.3866781238589496,4.91525174684026,0.26805210461428897,36.14150873889168
R/L,89,Carlos Santana,467793,S,2024,163,332,69,20.783132530120483,106.55965970893205,12.81410656318844,108.28980830306055,15.598160314208618,112.47686806887084,2.9960617922879993,2.3707599869452327,5.6374104730660415,0.3251148014381615,36.14150873889168
R/L,90,Dansby Swanson,621020,R,2024,123,217,44,20.276497695852534,106.01376301891011,12.225831397897796,107.29398984272184,14.570563366231232,110.72215412615398,2.636157976421186,2.173464687015632,5.26602143231221,0.295949004856884,36.14150873889168
R/L,91,Jose Trevino,624431,R,2024,104,233,57,24.463519313304722,105.96542929821153,16.561275209924386,109.52760114935812,24.499886594258516,,3.4434188020020104,2.1559961511255255,8.854628654482493,0.5430597655382949,36.14150873889168
R/L,92,Spencer Torkelson,679529,R,2024,90,182,39,21.428571428571427,105.50010270474738,14.734657439340456,107.4091797940509,19.514356671824128,104.84602916649814,2.6777893627471037,1.9878200996842934,7.052782921885808,0.4298729982398213,36.14150873889168
R/L,93,Ildemaro Vargas,545121,S,2024,129,214,68,31.775700934579437,105.321074060602,14.770300933351496,107.11029265842323,19.597382648619107,,2.5697670425048043,1.9231164466153698,7.082789762544717,0.4319552601531131,36.14150873889168
R/L,94,Patrick Bailey,672275,S,2024,97,183,41,22.404371584699454,105.18743602154247,13.97230585603037,106.58581097353218,17.83920627566461,112.1422355939785,2.3802114485260204,1.8748176430501875,6.447358295068237,0.3865416063143537,36.14150873889168
R/L,95,Willy Adames,642715,R,2024,178,378,93,24.6031746031746,105.15917381354038,12.090206299364088,106.05157556208421,14.342571065827011,90.46951827612926,2.1871307106112967,1.8646032546753064,5.183621575137619,0.289419308983167,36.14150873889168
R/L,96,Whit Merrifield,593160,R,2024,122,219,57,26.027397260273972,104.93363085347588,12.309068212814498,105.77594811680875,14.712071950733346,116.5567535108989,2.0875147933902833,1.783088626053638,5.3171647697463245,0.2999925269293567,36.14150873889168
R/L,97,Nick Fortes,663743,R,2024,103,164,56,34.146341463414636,104.86907505529373,15.594162450024745,106.6342521229034,21.656190039201203,,2.397718810759243,1.7597571866121806,7.826873815528892,0.4814865807087673,36.14150873889168
R/L,98,Heliot Ramos,671218,R,2024,121,277,80,28.880866425992778,104.67807426784621,15.813093608278612,106.35481178682353,22.25433220216626,89.76965453114262,2.296724857274947,1.6907266203254818,8.043051417627904,0.49510095384471187,36.14150873889168
R/L,99,Tyler Fitzgerald,666149,R,2024,116,232,63,27.155172413793103,104.22673354044525,16.246585946623473,105.60457382967638,23.514137856035305,92.5848978322708,2.025577540430127,1.5276052718896866,8.498364188114037,0.5226179284213677,36.14150873889168
R/L,100,Santiago Espinal,669289,R,2024,131,258,73,28.294573643410853,104.00325543637715,13.964224762103205,104.65424679168235,17.822396759792678,102.12131939196256,1.6821150109454646,1.446836913378405,6.441283082420418,0.3860946112734334,36.14150873889168
R/L,101,Anthony Volpe,683011,R,2024,191,387,105,27.131782945736433,103.83132916155594,11.415409049039502,104.13148458588347,13.252370885813521,97.08369283246732,1.4931808626530367,1.3847001637394465,4.789606781806631,0.2580138598552808,36.14150873889168
R/L,102,Matt Vierling,663837,R,2024,152,310,76,24.516129032258064,103.53429179145259,13.083758072854636,103.82456539625225,16.092097159145613,113.60470714212828,1.3822556369111356,1.277346376665769,5.815926701043551,0.33894176734489445,36.14150873889168
R/L,103,Jake Rogers,668670,R,2024,92,192,47,24.479166666666664,103.4455388242559,15.840653442370664,103.91690524413508,22.331349007899604,101.45868746110328,1.4156286511031875,1.245269715270352,8.070886453202435,0.4968282301114875,36.14150873889168
R/L,104,DJ LeMahieu,518934,R,2024,85,161,41,25.465838509316768,103.29250577937692,15.320823636609735,103.57414181707234,20.941409334924174,,1.2917487771575844,1.1899612639820247,7.568541284828699,0.46475525169294174,36.14150873889168
R/L,105,Edmundo Sosa,624641,R,2024,121,243,98,40.32921810699588,102.88162323771529,16.717822123585414,102.77441041634697,25.01544028380891,,1.0027137830767612,1.041462114280802,9.040957536245028,0.5533749293008309,36.14150873889168
R/L,106,Carlos Correa,621043,R,2024,89,175,38,21.714285714285715,102.28541800665288,14.49516618931658,101.79906033490535,18.96799637300749,112.98490257959398,0.6502075481577504,0.8259845485946551,6.855320066743158,0.41601259309553307,36.14150873889168
R/L,107,Mark Vientos,668901,R,2024,140,296,107,36.14864864864865,102.07144791762234,15.759117028539585,101.20393352167663,22.10463034963173,93.48044445997692,0.4351197389472056,0.7486525301690659,7.988946909511855,0.49172675686220774,36.14150873889168
R/L,108,Chas McCormick,676801,R,2024,89,178,64,35.95505617977528,102.03006982523362,16.750124840339105,100.85765489409276,25.12405494166616,,0.309969418498065,0.7336978632924129,9.080212512306222,0.5555154932200261,36.14150873889168
R/L,109,Jorge Soler,624585,R,2024,155,360,95,26.38888888888889,101.9765908261741,13.713796468500245,101.38829925207074,17.310359528435512,95.60030048290037,0.5017522955091132,0.7143697461738457,6.256225101703089,0.3723706807190735,36.14150873889168
R/L,110,Anthony Santander,623993,S,2024,178,351,99,28.205128205128204,101.88744772548347,16.015549592833175,100.77222265880704,22.829552177284132,98.7928893386252,0.27909291971644556,0.6821520846476208,8.25094459520298,0.5078597243024374,36.14150873889168
R/L,111,Ryan Mountcastle,663624,R,2024,143,262,107,40.839694656488554,101.83306315840244,16.716669570292733,100.42710331287665,25.011579364470084,85.62826186107819,0.154361581147413,0.6624966815834237,9.039562141744783,0.5532986308324217,36.14150873889168
R/L,112,Ozzie Albies,645277,S,2024,109,188,66,35.1063829787234,101.7670471262729,15.836454097607966,100.5823316169401,22.3195882132552,100.92539391377532,0.21046343222573174,0.6386374915622534,8.066635924578266,0.4965648474816742,36.14150873889168
R/L,113,Bryan De La Cruz,650559,R,2024,188,337,111,32.93768545994065,101.44031489017982,14.25303477585544,100.4122548604997,18.43488324045627,83.77287835332945,0.14899512643400487,0.5205515319018973,6.6626449373539804,0.4022302870721436,36.14150873889168
R/L,114,Andy Ibáñez,628451,R,2024,154,288,86,29.86111111111111,101.02564019519896,14.345755201340326,99.68975719305118,18.636833250803637,,-0.11212643118518884,0.37068184077741995,6.735632717991868,0.40748057539577487,36.14150873889168
R/L,115,Austin Riley,663586,R,2024,117,234,56,23.931623931623932,100.98514655059545,13.935995533238396,99.74618685409853,17.763820702227026,99.89503723211511,-0.09173190030643569,0.35604682667434434,6.4201128114564305,0.3845351782511927,36.14150873889168
R/L,116,Shea Langeliers,669127,R,2024,145,314,94,29.936305732484076,100.98405350606862,14.868198412455182,99.43960822130218,19.827793869400296,97.84879566355971,-0.20253404367010305,0.35565178389115837,7.166063854038737,0.43770023059793667,36.14150873889168
R/L,117,Edward Olivares,658668,R,2024,90,174,58,33.33333333333333,100.5221261926143,17.32494938845096,96.93903458790645,27.199957429798786,,-1.1062790819062407,0.18870428353173518,9.830474991465545,0.5942976713278665,36.14150873889168
R/L,118,J. T. Realmuto,592663,R,2024,122,228,70,30.701754385964914,100.34472043202437,13.964318250680027,98.69476644870494,17.822591120791916,78.53207494273246,-0.4717310980042517,0.12458716506483436,6.441353327417943,0.38609978099207787,36.14150873889168
R/L,119,Stuart Fairchild,656413,R,2024,124,249,51,20.481927710843372,100.32233113941348,13.152247723018426,98.94409141918452,16.220041537103135,,-0.3816212920101348,0.11649533691929392,5.86216772958399,0.3424995772956713,36.14150873889168
R/L,120,Adam Duvall,594807,R,2024,121,252,76,30.158730158730158,100.1702644937847,16.56910942825451,96.83816258412624,24.525271353980532,77.38248992981107,-1.142735745967561,0.0615361569004258,8.863803089635772,0.5435736698104181,36.14150873889168
R/L,121,Christopher Morel,666624,R,2024,126,232,65,28.01724137931034,99.98640835339114,13.613264884694566,98.25816711481667,17.10948148051249,103.7488117519816,-0.6295246844154231,-0.004912226146899679,6.183624744458475,0.3669312238701982,36.14150873889168
R/L,122,Jacob Young,696285,R,2024,160,279,72,25.806451612903224,99.92585078325232,12.027377997838341,98.70472251808613,14.238012063730471,99.91807079670411,-0.46813282431879877,-0.026798645650684627,5.1458323742576,0.28641911591089736,36.14150873889168
R/L,123,Ramón Laureano,657656,R,2024,101,199,55,27.63819095477387,99.83749697151356,15.83786086081853,96.74847362716012,22.3235270028435,,-1.1751506881872913,-0.058731046241393026,8.068059462561527,0.49665307180021073,36.14150873889168
R/L,124,Elías Díaz,553869,R,2024,102,222,78,35.13513513513514,99.77470919066988,14.66019851750604,97.40912206542397,19.34237190095764,94.43904123181358,-0.9363823751388132,-0.08142349754196287,6.9906250308935345,0.4255394048604201,36.14150873889168
R/L,125,Jeimer Candelario,600869,S,2024,146,320,108,33.75,99.74190935250377,15.755671404304346,96.6233767894103,22.09512464573533,82.83602517853828,-1.2203625727347205,-0.09327785391911081,7.985511404707444,0.49151175491720495,36.14150873889168
R/L,126,Manny Machado,592518,R,2024,143,257,67,26.07003891050584,99.22637117350567,13.533146799586953,97.0975402536463,16.951231635740857,97.6159142171344,-1.0489927428712347,-0.2796011299340325,6.126430862981054,0.3626249358749268,36.14150873889168
R/L,127,Kyle Farmer,571657,R,2024,116,201,59,29.35323383084577,99.13383049677458,15.678188917867686,95.49836221192328,21.882944894670253,,-1.6269598145709978,-0.313046726701828,7.9088264414341,0.48668937582937966,36.14150873889168
R/L,128,Johan Rojas,679032,R,2024,105,179,65,36.312849162011176,99.03572750123034,14.625823096472185,96.1464000884292,19.263625844058442,97.01093916457752,-1.392749148802283,-0.3485026294095648,6.962165017857778,0.42354612405763153,36.14150873889168
R/L,129,Orlando Arcia,606115,R,2024,146,307,85,27.68729641693811,98.969270333708,14.392480782018897,96.18878437098464,18.739626502230276,93.67593911602218,-1.3774308296185924,-0.3725212524172714,6.772783749939216,0.4101393094197274,36.14150873889168
R/L,130,Ketel Marte,606466,S,2024,205,362,128,35.35911602209944,98.73549869917312,14.829273837949817,95.4712692096439,19.73575991232161,110.4124703504432,-1.6367516343574233,-0.4570098481417473,7.132801393398395,0.4354114538198991,36.14150873889168
R/L,131,Andy Pages,681624,R,2024,107,208,63,30.288461538461537,98.37640236589945,17.876796861475245,90.4647224138514,29.499531772888506,105.35729134567649,-3.4461931820754765,-0.5867926808128892,10.661575853630627,0.6327606882175609,36.14150873889168
R/L,132,Brenton Doyle,686668,R,2024,164,313,91,29.073482428115017,98.0170431935804,13.343322537341864,95.321373564997,16.582575057829033,95.13014300093126,-1.6909261818667036,-0.7166705074805837,5.993192813658553,0.3525234789438599,36.14150873889168
R/L,133,Donovan Solano,456781,R,2024,118,255,70,27.450980392156865,97.01634424349973,13.667537340169009,93.52289436995609,17.217603376019063,99.30506864329926,-2.3409236973095666,-1.0783382059739903,6.222701628771639,0.3698627696965311,36.14150873889168
R/L,134,Luis Robert,673357,R,2024,106,201,64,31.8407960199005,96.74759563933013,15.720237290581933,90.78761687418627,21.99771815304218,83.8891079001881,-3.3294942524761515,-1.1754680062355938,7.950307228638501,0.48930344546738547,36.14150873889168
R/L,135,Blaze Alexander,677942,R,2024,83,167,42,25.149700598802394,96.53028223144273,15.297581921972613,90.97183089857174,20.882173717701683,,-3.262916524754615,-1.2540083505380024,7.547132639053696,0.46334625227008347,36.14150873889168
R/L,136,Leody Taveras,665750,S,2024,102,198,43,21.71717171717172,96.29713784785653,13.558636290747005,92.4792632182962,17.001404369070237,93.63378005596036,-2.7181077411885206,-1.338270248306044,6.144564045781832,0.36399222020019095,36.14150873889168
R/L,137,Jonah Heim,641680,S,2024,117,187,57,30.481283422459892,95.69312357533708,12.957461302264196,92.0703784864934,15.858840917087052,88.2901064461523,-2.8658848522650233,-1.556570119392814,5.731624375935946,0.3324297785994597,36.14150873889168
R/L,138,Corey Julks,667452,R,2024,91,171,54,31.57894736842105,95.63179903917039,16.387760327266975,87.30088776011837,23.94837489614743,,-4.589650759938481,-1.5787337319905856,8.655304005913665,0.5317399456441585,36.14150873889168
R/L,139,Gio Urshela,570482,R,2024,106,196,72,36.734693877551024,94.40187656382564,14.879794093387298,87.71526675411357,19.855319685236676,103.21451604799128,-4.439887939611573,-2.023246270898901,7.1760120991746925,0.4383832200546627,36.14150873889168
R/L,140,Giancarlo Stanton,519317,R,2024,138,274,90,32.846715328467155,94.35566331619512,17.351946699765264,81.64212153727655,27.304790955969093,77.78175920143434,-6.6348142488803115,-2.039948435829812,9.868363409487674,0.5961512917729457,36.14150873889168
R/L,141,Lenyn Sosa,672820,R,2024,120,225,77,34.22222222222222,94.32367131480564,15.163267546520492,87.09956935399924,20.544349296123098,88.33123736425645,-4.662410269279023,-2.0515108278077383,7.4250377962067615,0.4552455142572014,36.14150873889168
R/L,142,Jackson Chourio,694192,R,2024,173,301,87,28.903654485049834,94.01991274918652,13.330059037898886,89.16291066193935,16.557137827786878,84.39980335579263,-3.9166875901566907,-2.161293756346102,5.983999414939935,0.351822998071628,36.14150873889168
R/L,143,Yainer Diaz,673237,R,2024,172,315,129,40.95238095238095,93.97386263646617,13.546566304064878,88.84074808901994,16.977626030273697,70.48501789752812,-4.033122004601793,-2.1779369618591993,6.135970195387718,0.3633444521433324,36.14150873889168
R/L,144,Patrick Wisdom,621550,R,2024,103,205,59,28.780487804878046,93.69857662795346,13.823389547927832,88.05700133806519,17.53235228292774,,-4.316379905088886,-2.2774294786827656,6.336456632467604,0.3783460227278176,36.14150873889168
R/L,145,Jo Adell,666176,R,2024,104,216,61,28.240740740740737,93.65728151632605,18.842866578487595,71.6186371410231,34.57539977105617,83.46327892909287,-10.25745273789369,-2.292354155060316,12.496071129763,0.7029978962844383,36.14150873889168
R/L,146,William Contreras,661388,R,2024,167,386,106,27.461139896373055,93.60328359560373,14.359426539815711,87.14222992518104,18.666837618587078,100.53434964012844,-4.646992095217292,-2.3118698182969952,6.746476749196368,0.4082575939976403,36.14150873889168
R/L,147,Juan Yepez,660766,R,2024,88,196,67,34.183673469387756,93.30509356673869,16.503357673155488,81.99487277295012,24.313537709229973,,-6.507324630212798,-2.419640193637755,8.787279355915075,0.5392680664204343,36.14150873889168
R/L,148,Christian Walker,572233,R,2024,156,321,76,23.67601246105919,93.23421620049533,13.101519806744633,88.22283208365654,16.125178241508152,94.44819212249912,-4.25644617167922,-2.445256343152498,5.827882703316528,0.33986264646403236,36.14150873889168
R/L,149,Jorge Polanco,593871,S,2024,129,246,63,25.609756097560975,93.1562059657084,12.430387612630891,88.83122073504578,14.920543933372914,100.9043543793585,-4.036565334070953,-2.473450418975246,5.392509689570144,0.30593518134084685,36.14150873889168
R/L,150,Teoscar Hernández,606192,R,2024,168,332,94,28.313253012048197,92.96998310935321,15.519793082613493,83.85466204867195,21.45831757323928,90.64050187452943,-5.835168726602819,-2.540754168878673,7.755359720951405,0.4769050627479892,36.14150873889168
R/L,151,Davis Schneider,676914,R,2024,139,314,82,26.11464968152866,90.7422403952775,14.793819933961595,81.39306409989796,19.652417162665902,104.4343230833255,-6.7248273643753524,-3.345893996566366,7.102680066248345,0.43333197473342516,36.14150873889168
R/L,152,Andrew Vaughn,683734,R,2024,157,313,115,36.74121405750799,90.53082864540346,14.59650163955144,81.45588780030614,19.196778976360733,84.02391324096405,-6.702121931202232,-3.422301392622136,6.9380055513271355,0.42184959857381976,36.14150873889168
R/L,153,Michael Taylor,572191,R,2024,104,214,65,30.373831775700932,90.52268813101404,16.697085974967138,75.18790963067596,24.946127376229374,,-8.96746380913095,-3.425243497341583,9.01590680569499,0.5520030103751912,36.14150873889168
R/L,154,Kevin Newman,621028,R,2024,131,219,66,30.136986301369863,90.04266938972911,13.32841448040851,83.02953570854851,16.553986707263515,,-6.1333818349254345,-3.5987295126713885,5.98286055244061,0.3517361931364072,36.14150873889168
R/L,155,Alejandro Kirk,672386,R,2024,100,219,69,31.506849315068493,89.80696837844539,15.826604780039409,76.85741695508561,22.292040121934367,100.03622340257058,-8.364078673582998,-3.6839154142621497,8.05667962874615,0.49594737289458346,36.14150873889168
R/L,156,Mitch Haniger,571745,R,2024,146,271,71,26.199261992619927,89.78198823053442,12.757885991244168,83.51183422998697,15.497077293818982,103.162855455947,-5.959071872652206,-3.69294361660238,5.600877544418386,0.3222682442839009,36.14150873889168
R/L,157,Adolis García,666969,R,2024,159,322,111,34.47204968944099,89.7523617536852,14.743060392189337,79.76776077213076,19.53388903496638,80.08013595742881,-7.312236508613832,-3.7036510723218723,7.059842212617777,0.43036343821678025,36.14150873889168
R/L,158,Jacob Stallings,607732,R,2024,101,198,57,28.78787878787879,89.68159730405391,14.293763813522354,80.65534287244327,18.523264320067078,,-6.991450946264546,-3.729226412069392,6.694587192965048,0.4045323735778419,36.14150873889168
R/L,159,Brayan Rocchio,677587,S,2024,124,230,71,30.869565217391305,89.40996707499905,13.994095465942577,80.82336652499009,17.88462268822868,88.97326958370493,-6.930724663195935,-3.827397675040726,6.463772471783972,0.3877481585266897,36.14150873889168
R/L,160,Bryan Reynolds,668804,S,2024,202,383,134,34.9869451697128,89.29273535508025,13.689714837567545,81.22441574607852,17.2620031900492,92.8978777450798,-6.785779423909001,-3.8697669873399314,6.238748391439392,0.37106405202971127,36.14150873889168
R/L,161,Brent Rooker,667670,R,2024,136,261,76,29.118773946360154,89.11287124214606,13.365402648844412,81.53059763961724,16.625012866678535,74.36254550282915,-6.675120668098803,-3.934772591434173,6.0085304780524895,0.3536911338303518,36.14150873889168
R/L,162,Isiah Kiner-Falefa,643396,R,2024,135,199,51,25.628140703517587,89.07984157769934,12.50360475133203,82.85328869356672,15.047663216030394,79.94710552411706,-6.197080165247107,-3.946710010496608,5.438452516220614,0.30954981804575876,36.14150873889168
R/L,163,Jonny DeLuca,676356,R,2024,100,203,68,33.497536945812804,88.9464977574718,15.038738612157767,77.57585931983314,20.23777336485062,87.78454042233446,-8.104422763543866,-3.994902478936914,7.31423662921458,0.4477987750803671,36.14150873889168
R/L,164,Cal Raleigh,663728,S,2024,171,326,122,37.423312883435585,88.86793812285629,15.061905372652708,77.36958718346835,20.294336621701177,99.15456473373824,-8.178972625734048,-4.0232951161467225,7.334679443632225,0.44917948096349225,36.14150873889168
R/L,165,Josh Bell,605137,S,2024,198,410,122,29.756097560975608,88.64990558894976,13.821413799483842,79.93965501129055,17.528321848001752,91.90891721241309,-7.250111337146242,-4.10209536344218,6.334999972476613,0.37823787802964426,36.14150873889168
R/L,166,Kevin Pillar,607680,R,2024,126,261,102,39.08045977011494,88.63848110400707,15.954490404233203,74.07799426186553,22.65373263503244,83.15163789281651,-9.368603969143873,-4.106224344666117,8.187400759975406,0.503994681677977,36.14150873889168
R/L,167,Hunter Goodman,696100,R,2024,92,190,83,43.684210526315795,87.23491870933184,18.706858191190797,51.73885361653562,33.756005430874346,,-17.442306437669085,-4.613492970193461,12.199929652700202,0.6928860018156632,36.14150873889168
R/L,168,Romy Gonzalez,663853,R,2024,129,277,93,33.57400722021661,86.97124509454603,15.776821750746668,71.42650175659139,22.15356903062084,,-10.326893364648585,-4.708788592723425,8.006634087178233,0.4928322472230116,36.14150873889168
R/L,169,Korey Lee,686676,R,2024,104,182,63,34.61538461538461,86.12488269234711,15.64779443352178,70.27520464826574,21.800525434657427,67.57116815695585,-10.742989509664707,-5.014676734276841,7.879038805091017,0.4848041665361038,36.14150873889168
R/L,170,Daz Cameron,663662,R,2024,86,181,44,24.30939226519337,86.11579738259887,15.284986229672471,71.61005816348924,20.85016869725863,,-10.2605533098088,-5.0179603022934565,7.535565541793386,0.4625835481818019,36.14150873889168
R/L,171,Ezequiel Duran,677649,R,2024,92,162,65,40.123456790123456,85.91945569235409,16.515704293993608,65.89970241270106,24.3530695172452,,-12.324362032501712,-5.08892115143136,8.80156674776354,0.5400752511215527,36.14150873889168
R/L,172,Logan O'Hoppe,681351,R,2024,111,251,73,29.08366533864542,85.7946387621131,14.851832650737297,72.47880719519584,19.789030024857897,83.185725115215,-9.946574302595522,-5.134031873182027,7.1520540157759145,0.4367371878569839,36.14150873889168
R/L,173,Jorge Mateo,622761,R,2024,90,178,63,35.39325842696629,85.63057732474131,17.626942707787805,57.9124567182326,28.41565383438637,,-15.211073133164785,-5.193326151906902,10.269846013767959,0.6151967964450524,36.14150873889168
R/L,174,Nolan Arenado,571448,R,2024,154,271,89,32.84132841328413,85.47993626165348,12.537160190765299,77.57825777592066,15.106256760448968,102.06290726349351,-8.103555925327399,-5.247770104887152,5.459629107197079,0.3112135011323714,36.14150873889168
R/L,175,Ian Happ,664023,S,2024,161,307,91,29.64169381107492,85.4144484130024,14.419002088086835,73.13255857308596,18.79828175287798,109.54105201488282,-9.710298691224743,-5.2714384014302915,6.793982642477875,0.4116522455628769,36.14150873889168
R/L,176,Tyler Nevin,663527,R,2024,125,249,69,27.710843373493976,85.40570643364202,12.343885108662514,77.81815138373526,14.771628199287537,,-8.016854756095048,-5.274597884664777,5.338689296522093,0.3016920187593514,36.14150873889168
R/L,177,Trea Turner,607208,R,2024,169,344,112,32.55813953488372,85.28326362313861,13.095856273875526,76.19035723535876,16.114622444418497,73.10492080867427,-8.605164120481705,-5.318850563723008,5.824067678988911,0.3395688779141637,36.14150873889168
R/L,178,Ty France,664034,R,2024,135,272,74,27.205882352941174,84.98038071670197,13.90827268019917,73.8142298315873,17.70651143489908,94.72572069974886,-9.463932413762967,-5.428317015821415,6.399400377596906,0.38300678957750367,36.14150873889168
R/L,179,Keibert Ruiz,660688,S,2024,132,231,95,41.125541125541126,84.81966268073609,14.36549055477847,72.28068782524113,18.680165192620073,85.22598308137293,-10.018177632001143,-5.486402938835002,6.751293535530187,0.40860248282647654,36.14150873889168
R/L,180,Nick Gonzales,693304,R,2024,97,161,72,44.72049689440994,84.4602547163153,16.872430160283532,60.552155135162224,25.542530758514804,96.05027921165544,-14.257046299129776,-5.616298399704414,9.231455986222723,0.5636575877479179,36.14150873889168
R/L,181,José Siri,642350,R,2024,113,258,88,34.10852713178294,83.33967596805921,15.918001312843897,63.57790355468372,22.54963903717255,70.55448605091185,-13.16349516967154,-6.021292465931553,8.149779763208247,0.5016919722160655,36.14150873889168
R/L,182,Willi Castro,650489,S,2024,164,322,123,38.19875776397515,83.12695476726496,15.373592428452765,65.67531410228165,21.076773709892237,83.30229830796831,-12.405459353320996,-6.098173117306081,7.617464012237128,0.46796223431134204,36.14150873889168
R/L,183,Zack Gelof,680869,R,2024,125,235,63,26.80851063829787,81.92697837562747,13.54743687863667,69.91618533638811,16.979339881344334,78.14414543379687,-10.872744505641268,-6.53186268975438,6.136589607022182,0.36339115454715776,36.14150873889168
R/L,184,Elly De La Cruz,682829,S,2024,217,469,137,29.21108742004264,81.56289150150141,12.966108157220514,70.88238637936064,15.874701872134727,91.19387934037044,-10.523544871260087,-6.663449179183809,5.737356764390573,0.33287360491961143,36.14150873889168
R/L,185,Mauricio Dubón,643289,R,2024,126,229,92,40.174672489082965,81.44565743611292,13.395188079646474,69.58600329491082,16.682442980100006,86.56171031766354,-10.992077277016033,-6.705819339171145,6.029286587513466,0.3552693251899938,36.14150873889168
R/L,186,Julio Rodríguez,677594,R,2024,165,331,122,36.85800604229607,81.34428452832144,12.983652040354226,70.51084644359004,15.906931390724173,80.110210157724,-10.657825009615095,-6.742457037499474,5.749004998668081,0.3337750082409339,36.14150873889168
R/L,187,Ezequiel Tovar,678662,R,2024,208,383,150,39.1644908616188,81.10944634909511,14.999449489379433,63.550278366148355,20.142329060581165,57.35323717190823,-13.173479329600184,-6.8273310985668125,7.279741617646261,0.4454620579400323,36.14150873889168
R/L,188,Royce Lewis,668904,R,2024,100,206,66,32.038834951456316,81.06944800776489,16.077704225188487,58.11128822057717,23.010670380065175,89.32994673239124,-15.139212428369252,-6.841787102594083,8.316403446288815,0.5118092717194432,36.14150873889168
R/L,189,Ryan Jeffers,680777,R,2024,140,273,98,35.8974358974359,80.8029902484933,15.016270582000889,62.92545877438885,20.18311823045287,94.57794315934504,-13.399298556958252,-6.938088956946682,7.294483439039964,0.4464617426461395,36.14150873889168
R/L,190,Christian Vázquez,543877,R,2024,94,176,62,35.22727272727273,80.77217071935918,17.011782852669413,50.98610644554308,26.033905694567867,,-17.714360622255114,-6.949227599761974,9.409046301677064,0.5730067532233838,36.14150873889168
R/L,191,Tyrone Taylor,621438,R,2024,110,221,81,36.65158371040724,80.54983344825958,14.909603984328717,62.925322479928866,19.92631360179974,87.15778048171079,-13.399347815832419,-7.029583644026251,7.201670371733414,0.44014147640463835,36.14150873889168
R/L,192,Garrett Hampson,641658,R,2024,125,233,58,24.892703862660944,79.59250641751859,14.128018974413877,64.31761261553176,18.166749796251427,,-12.896153154802773,-7.375576076501275,6.565737465184796,0.3952051709887011,36.14150873889168
R/L,193,Eloy Jiménez,650391,R,2024,94,178,67,37.640449438202246,79.5528514171936,15.659251397262448,57.45609229242429,21.83153961108878,85.6792383431675,-15.376010121999489,-7.389907991909144,7.89024779637625,0.48551435188247594,36.14150873889168
R/L,194,Paul DeJong,657557,R,2024,123,245,79,32.244897959183675,79.50653192165458,13.743947023580152,65.48893558220064,17.371115904045283,77.06978124346664,-12.472819362443493,-7.406648556437185,6.278183372503529,0.3740098365199088,36.14150873889168
R/L,195,José Caballero,676609,R,2024,126,271,103,38.00738007380074,79.35858261103041,16.002892678823873,55.07298731441574,22.792936781550907,81.46779507597397,-16.23730021588341,-7.46011966946555,8.237711238754278,0.5070573294975795,36.14150873889168
R/L,196,Kyle Higashioka,543309,R,2024,85,169,53,31.360946745562128,79.0061468555628,15.071215983126075,59.42185139349719,20.31712910247541,,-14.665555124699665,-7.587495268826856,7.342916990063055,0.44973497878170504,36.14150873889168
R/L,197,Brendan Rodgers,663898,R,2024,144,291,84,28.865979381443296,78.0907916634032,13.855658221363061,62.835966435288825,17.598328206764634,85.84027854481825,-13.431642438514727,-7.918318445593118,6.36030132674668,0.38011447090005834,36.14150873889168
R/L,198,Harrison Bader,664056,R,2024,152,296,102,34.45945945945946,77.74272391306664,13.940352517416605,61.96615126951002,17.772846974218904,66.2909283373878,-13.746006762666878,-8.044115381998271,6.42337504233717,0.3847756598997913,36.14150873889168
R/L,199,Tim Anderson,641313,R,2024,90,177,72,40.67796610169492,76.94450849028098,15.356145402698388,54.15239914791637,21.031882812626737,,-16.570014668527982,-8.332602478779531,7.60123976467895,0.46690068459978934,36.14150873889168
R/L,200,Thairo Estrada,642731,R,2024,96,162,57,35.18518518518518,76.69005260810566,15.205217518402987,54.50532355202613,20.649047966898628,73.90894311558034,-16.442462464174973,-8.424566673672546,7.462877475454602,0.45776791962007257,36.14150873889168
R/L,201,Harold Ramírez,623912,R,2024,96,192,90,46.875,74.92873397996202,16.555452640488355,41.65595247008749,24.481047782166918,,-21.086419036646443,-9.061133799582809,8.847820023564104,0.5426779776254295,36.14150873889168
R/L,202,Jeremy Peña,665161,R,2024,167,276,106,38.405797101449274,74.12715693875111,13.834418228448989,56.52906567091623,17.55486961980905,71.54682786232252,-15.711051529423672,-9.350835835980996,6.344594737744328,0.3789499732895937,36.14150873889168
R/L,203,Otto Lopez,672640,R,2024,137,226,96,42.47787610619469,72.38729558712737,14.235084125803498,51.896400921880065,18.396092513735777,92.23861789387156,-17.385366464540134,-9.979647978422694,6.648625383466414,0.401217766086767,36.14150873889168
R/L,204,Jake Burger,669394,R,2024,184,374,152,40.64171122994652,71.49565843829714,13.716055659624473,52.813311856721604,17.314903774280708,74.01441609316035,-17.053981018896526,-10.301899096486373,6.257867460712348,0.3724933784464946,36.14150873889168
R/L,205,Salvador Pérez,521692,R,2024,155,277,130,46.931407942238266,69.42882764468263,14.789129594630468,43.80993028551198,19.641425755053266,82.1968637537459,-20.307938956251014,-11.048882928378667,7.098707605705497,0.43305724490455166,36.14150873889168
R/L,206,Amed Rosario,642708,R,2024,125,228,93,40.78947368421053,66.89611506602218,14.37611864358973,41.91113838766926,18.70355190412298,71.7913718749041,-20.99419099594321,-11.964243466326241,6.759745845911748,0.4092073030915479,36.14150873889168
R/L,207,Joey Meneses,608841,R,2024,96,180,77,42.77777777777778,63.40595534123649,16.50370760461109,17.095741900806217,24.31465670045161,,-29.962849685833433,-13.225639848260936,8.787683776225231,0.5392909355678913,36.14150873889168
R/L,208,Ernie Clement,676391,S,2024,146,225,106,47.11111111111111,62.540159910802885,12.62174978522584,43.91234993977043,15.254913984083947,84.9684130328919,-20.270922947956855,-13.538551379412024,5.513356070668109,0.315427251887745,36.14150873889168
R/L,209,Ceddanne Rafaela,678882,R,2024,151,295,135,45.76271186440678,55.689429631399484,14.721325035344107,20.154446925970262,19.483417618419136,56.86026461382404,-28.85738754186685,-16.014508662020503,7.041601081195713,0.4290954236547944,36.14150873889168
R/L,210,José Miranda,669304,R,2024,139,266,109,40.97744360902256,54.34542431992616,12.873194669400469,30.59997456252725,15.705092265438731,81.16128649322735,-25.082216258277263,-16.500252459117803,5.67605729356454,0.32812003775904464,36.14150873889168
L/R,1,Juan Soto,665742,L,2024,486,1099,196,17.8343949044586,138.3538112089882,8.743548231000393,149.71984066140294,9.962686007906367,148.32738313811657,17.969500557603958,13.86164602979449,3.6006650341758184,0.22976626847418766,36.14150873889168
L/R,2,Jesse Winker,608385,L,2024,400,779,147,18.870346598202826,135.08824186229458,8.845129370484162,145.79765575525468,10.113747227663687,137.7067915599417,16.5519637569929,12.681419998984643,3.6552608381154865,0.23513605622263978,36.14150873889168
L/R,3,Steven Kwan,680757,L,2024,384,744,147,19.758064516129032,134.5436669604426,8.01695357911409,142.7534765930454,8.925183254105157,139.33181553690096,15.45175147905551,12.484602413242003,3.225695885744512,0.19316551169166163,36.14150873889168
L/R,4,Lars Nootbaar,663457,L,2024,294,594,102,17.17171717171717,130.94276295650943,8.977287317908717,140.75260652094596,10.312694045399033,143.44547857381576,14.72860684709382,11.183181377981393,3.7271632196330535,0.24221503693822968,36.14150873889168
L/R,5,Geraldo Perdomo,672695,S,2024,267,524,98,18.702290076335878,129.64470233671236,8.389831527939757,137.53118025400562,9.448584217347035,129.20910832083226,13.564334791310634,10.714042685641324,3.4148608906140185,0.21155209533679353,36.14150873889168
L/R,6,Jurickson Profar,595777,S,2024,491,964,206,21.369294605809127,129.2892396726835,9.217689733326907,139.24705267589667,10.681918843132399,138.6277280396489,14.184476972616615,10.585573115857834,3.8606066321720127,0.2553612658454037,36.14150873889168
L/R,7,Andrew Benintendi,643217,L,2024,397,728,176,24.175824175824175,125.9946978623684,9.198265650677072,134.77286310472462,10.651722666308553,125.19361111027254,12.567437357756893,9.394875999576362,3.8496932782864115,0.2542861738643621,36.14150873889168
L/R,8,Spencer Horwitz,687462,L,2024,300,592,153,25.844594594594593,125.56006715372123,11.485074335407557,142.1833496669755,14.783385957716641,134.7075654596779,15.245699006247179,9.237793904028742,5.342938727812245,0.396440916942394,36.14150873889168
L/R,9,Freddie Freeman,518692,L,2024,410,870,211,24.25287356321839,124.61853375839128,9.751403046318865,134.36868154358487,11.538616811985609,122.80024948339616,12.421360043516575,8.897509529675983,4.170230203451004,0.2857887081639836,36.14150873889168
L/R,10,Brandon Nimmo,607043,L,2024,495,1049,236,22.4976167778837,122.42169579114844,8.484267732653723,128.54197728433138,9.584090483023903,121.63423867848718,10.315501214469107,8.103539143765621,3.46383489946537,0.2163413725485807,36.14150873889168
L/R,11,Nolan Schanuel,694384,L,2024,464,902,202,22.394678492239468,122.15805864970844,8.742139122225783,128.69004438940348,9.960601615880782,129.03265842082232,10.369014900188166,8.008256703253117,3.5999117034497385,0.2296922162547789,36.14150873889168
L/R,12,Jon Singleton,572138,L,2024,324,676,153,22.633136094674555,121.49320548277363,10.568444180909697,132.22661125618356,12.966545525912114,125.62992727326848,11.647183523402237,7.767968737824579,4.686305184379895,0.3356857973813659,36.14150873889168
L/R,13,Sal Frelick,686217,L,2024,429,824,221,26.820388349514563,120.99997519422126,8.755408205796464,127.21106213258007,9.98024153105804,125.84437239332806,9.83448839859167,7.589707869984561,3.607009865109838,0.2303900130287521,36.14150873889168
L/R,14,Ryan McMahon,641857,L,2024,449,884,225,25.452488687782804,118.06194469117858,9.83822535869051,125.36826148772056,11.683236275949534,106.51642900706403,9.168472442489419,6.527859318976086,4.222497859657664,0.2909004439426493,36.14150873889168
L/R,15,J. P. Crawford,641487,L,2024,310,660,131,19.848484848484848,117.75334358927522,10.588863152976073,126.64854452383933,13.004312357375603,129.87676319707202,9.631186047870834,6.41632622476337,4.699954687073674,0.3369841872583188,36.14150873889168
L/R,16,Brendan Donovan,680977,L,2024,455,872,210,24.08256880733945,117.11197233260079,7.653845951494258,120.71470710955971,8.432045623382528,120.54010837172942,7.486607680237338,6.184524975983641,3.0474685058421302,0.17606388673513151,36.14150873889168
L/R,17,Luis Arráez,650333,L,2024,465,823,293,35.60145808019441,116.87325089216283,9.65037769821655,123.33377431084371,11.372272040365496,122.77909315609924,8.433178081666842,6.098247445726148,4.110110693279231,0.27989779258488984,36.14150873889168
L/R,18,Rafael Devers,646240,L,2024,364,805,230,28.57142857142857,116.3137352111631,13.295539520040316,134.51910915590832,19.419982499810246,122.46827924986846,12.475726852170164,5.896030036982164,7.018674672260155,0.5312791612747565,36.14150873889168
L/R,19,Francisco Lindor,596019,S,2024,516,999,262,26.226226226226224,114.60605975311056,8.395997167863293,118.46463514730684,9.457393634201937,118.7200229593636,6.673397725368362,5.278850362078192,3.4180447467764785,0.21186314647573246,36.14150873889168
L/R,20,Gunnar Henderson,683002,L,2024,501,1046,256,24.47418738049713,114.39066417683497,10.176330113352183,120.77963839285488,12.261870779820878,122.31629106157756,7.510074825663738,5.201003151055367,4.431625099440568,0.31123843621547703,36.14150873889168
L/R,21,Nathaniel Lowe,663993,L,2024,422,891,207,23.232323232323232,113.63703680966414,9.242582085628058,118.26059154049855,10.720711708091534,125.75140807606095,6.5996532873825995,4.92863085029064,3.8746269588512847,0.2567423332696249,36.14150873889168
L/R,22,Joc Pederson,592626,L,2024,401,856,265,30.957943925233643,113.49677464479413,11.46296974146215,122.14113069471618,14.736333664014284,117.73216683529633,8.002138684920276,4.8779379877167885,5.325933318971959,0.3949163760848692,36.14150873889168
L/R,23,Edouard Julien,666397,L,2024,269,552,99,17.934782608695652,113.05216837975269,9.619676464621312,117.98368564915198,11.322123207906648,117.15300026132353,6.499575320463072,4.717250575583176,4.091986148613664,0.2781197194816662,36.14150873889168
L/R,24,Ian Happ,664023,S,2024,496,1025,220,21.463414634146343,113.01713719101346,8.478852509731677,116.535404832988,9.576286591620752,109.54105201488282,5.976144782725471,4.704589775443647,3.4610144553719264,0.2160652938296509,36.14150873889168
L/R,25,Mike Yastrzemski,573262,L,2024,378,775,179,23.096774193548384,112.67939112832454,9.882134467685507,117.84213002195355,11.75697410477107,114.48711820501796,6.448414981088757,4.582523252681671,4.249147823505068,0.2935028814560636,36.14150873889168
L/R,26,Matt Olson,621566,L,2024,493,1148,327,28.484320557491287,112.4315524663855,9.907035174655785,117.52754424001292,11.79897216600813,114.15970843374468,6.3347189332173715,4.4929506210186165,4.264326556477226,0.29498386454746955,36.14150873889168
L/R,27,Jazz Chisholm,665862,L,2024,405,842,242,28.741092636579573,111.89757868023138,11.121951862946553,118.78905878683292,14.032053791652382,102.61261886086032,6.790649323398718,4.299964438432335,5.071395947356027,0.37176874315598857,36.14150873889168
L/R,28,Brice Turang,668930,L,2024,489,898,254,28.28507795100223,111.79598046950913,7.75383552420833,114.34194069640373,8.566305301928677,114.9188187269332,5.183393750117414,4.2632453122256,3.095991979296694,0.1806941198348868,36.14150873889168
L/R,29,Jake Cronenworth,630105,L,2024,484,992,231,23.286290322580644,111.4825491632449,8.213413976584102,114.33857488564976,9.198692900490393,115.9738842208639,5.182177295329636,4.149966509281688,3.324546398494544,0.20274879273135726,36.14150873889168
L/R,30,Ketel Marte,606466,S,2024,372,725,157,21.655172413793103,111.2022230057125,9.39703118084515,115.15824822562054,10.963863719409773,110.4124703504432,5.4784196071255415,4.048652406559717,3.9625057642706576,0.2653946641039389,36.14150873889168
L/R,31,Mike Tauchman,643565,L,2024,283,635,148,23.30708661417323,110.85449979781927,10.296626745095553,115.812774393122,12.474029560668056,123.24982591684255,5.714975239151412,3.9229799929918325,4.508302483760777,0.3186403647859037,36.14150873889168
L/R,32,Josh Rojas,668942,L,2024,408,775,163,21.032258064516128,109.82644552453932,8.665582931416068,112.61706840541954,9.847806104016598,111.87707803291028,4.5599988803366465,3.5514256679738097,3.559145703672267,0.22568693414263968,36.14150873889168
L/R,33,Cedric Mullins,656775,L,2024,397,755,207,27.417218543046356,109.54159397040465,10.139403676536014,113.69535766570525,12.197428818022109,112.67040000601564,4.949708887573331,3.448476018643359,4.408334802185553,0.30898377773573305,36.14150873889168
L/R,34,Adley Rutschman,668939,S,2024,456,933,290,31.082529474812432,109.26465762232974,9.441804216864766,112.56317254804657,11.035158926283108,116.76315576271796,4.540520104334293,3.3483870442026977,3.9882729276931945,0.26792968443705,36.14150873889168
L/R,35,Gavin Lux,666158,L,2024,438,873,206,23.596792668957615,108.16982364987935,8.374833545193438,110.28466210766412,9.42717695140849,111.53761557060912,3.717032054406909,2.952697528373184,3.407123981724082,0.210796414198918,36.14150873889168
L/R,36,David Hamilton,666152,L,2024,269,490,107,21.836734693877553,107.69369191344231,9.992489221380572,110.88440399705291,11.944116383317045,,3.9337878217711553,2.780616335240153,4.3167838664599225,0.3000946327212659,36.14150873889168
L/R,37,Patrick Bailey,672275,S,2024,350,680,173,25.441176470588232,107.68068341279253,9.444461591673994,110.40157243135073,11.039402099230843,112.1422355939785,3.7592852092587736,2.7759148668410174,3.989806474414906,0.26808052208876487,36.14150873889168
L/R,38,Corbin Carroll,682998,L,2024,477,981,230,23.44546381243629,107.32298832251854,8.445885808854422,109.25260195789619,9.528866855287653,105.86317483415556,3.344029945187914,2.646638464531053,3.4438762472211404,0.21438838944146946,36.14150873889168
L/R,39,Carlos Santana,467793,S,2024,430,916,226,24.67248908296943,107.12537647803312,10.146092470973716,110.20461636984001,12.209078330129113,112.47686806887084,3.688102317076098,2.575218562487272,4.412545111621744,0.3093915750250059,36.14150873889168
L/R,40,Richie Palacios,680700,L,2024,289,579,137,23.661485319516405,106.9681765264671,10.028778142519025,109.87784457775719,12.00623647962237,113.18173014346388,3.5700020612842516,2.5184041282545087,4.33923500649472,0.3022782497538726,36.14150873889168
L/R,41,Shohei Ohtani,660271,L,2024,472,978,266,27.198364008179958,106.54091144478853,9.785888268420672,109.08240878790836,11.595872296785812,117.38539250457208,3.282519565783766,2.3639840814214126,4.190923199493564,0.2878136298460598,36.14150873889168
L/R,42,Charlie Blackmon,453568,L,2024,385,756,229,30.29100529100529,106.53696422366856,10.235656132729893,109.42547212041744,12.366070250291298,114.98732704585431,3.4065078300824676,2.362557496155397,4.4692843601665135,0.31487793289404886,36.14150873889168
L/R,43,Will Brennan,686823,L,2024,316,545,187,34.31192660550459,106.39122401102114,10.529419211728968,109.45912480295299,12.894671777636836,,3.4186704172819224,2.309884784465348,4.660328927366017,0.333211272096609,36.14150873889168
L/R,44,Ryan O'Hearn,656811,L,2024,448,888,227,25.563063063063062,106.19920035107191,8.632445346799985,107.91554933052085,9.799252491786064,107.27180660614977,2.8607989530214737,2.2404845366240567,3.5415976956649207,0.2239641601635757,36.14150873889168
L/R,45,Dominic Smith,642086,L,2024,257,516,143,27.71317829457364,106.14755903672696,12.229350678179191,110.96117820143293,16.482376048162504,114.6410612669438,3.9615351775563714,2.221820586487201,5.95697937982364,0.44948753060856483,36.14150873889168
L/R,46,Nicky Lopez,670032,L,2024,381,702,185,26.353276353276357,105.81566042165116,8.755966116782034,107.48145524754894,9.981067894884681,100.4382875375677,2.7039108020891693,2.1018674195153206,3.6073085254644592,0.2304193757292741,36.14150873889168
L/R,47,Riley Greene,682985,L,2024,429,946,209,22.093023255813954,105.63999007380247,10.256062086138229,108.13070618629727,12.402103442781604,106.67156033743647,2.9385598868542346,2.038377505395941,4.4823072995793,0.3161346748585342,36.14150873889168
L/R,48,Alec Burleson,676475,L,2024,451,829,287,34.62002412545235,105.39160838449317,9.762791696461505,107.454917294511,11.557498328409444,104.05650315034532,2.694319585472843,1.9486086154484128,4.177054268359359,0.286456642450803,36.14150873889168
L/R,49,Bryson Stott,681082,L,2024,441,901,268,29.74472807991121,105.34687168025526,8.531387152810774,106.77343027555057,9.652169238770789,114.10127236642992,2.4480198949608454,1.932440095576782,3.488439588922959,0.2187510530146077,36.14150873889168
L/R,50,Blake Perkins,663368,S,2024,274,576,135,23.4375,104.75918183162705,9.96397229099342,106.6759814060004,11.895503842733676,112.27065681651032,2.412800403256422,1.7200401175772322,4.299214560856787,0.2983842347789059,36.14150873889168
L/R,51,Josh Smith,669701,L,2024,448,851,222,26.08695652173913,104.47676648885061,7.933967791547604,105.46252057506409,8.811100021126972,104.95939067492564,1.9742373510005438,1.6179709517877197,3.184464484128091,0.1891871859008663,36.14150873889168
L/R,52,Adam Frazier,624428,L,2024,260,527,145,27.514231499051235,104.17848691004532,10.01470609845685,105.87273185699794,11.982113098041093,,2.1224938973085865,1.5101682117474766,4.3305164524324065,0.3014305515629553,36.14150873889168
L/R,53,Michael Busch,683737,L,2024,466,1019,242,23.748773307163887,104.02440393288389,8.366877374910896,105.02957664733074,9.41583323700872,114.01748429518352,1.8177648835242952,1.454480299091532,3.4030241921929734,0.2103960873120278,36.14150873889168
L/R,54,Wilyer Abreu,677800,L,2024,383,785,212,27.006369426751593,103.70951697313643,10.04451660714493,105.21416875729152,12.033268741577011,101.4521613007452,1.8844792570770716,1.3406754010167732,4.349004873811376,0.30322774298935357,36.14150873889168
L/R,55,Wenceel Pérez,672761,S,2024,326,672,189,28.125,103.32891448064278,10.464577910190535,104.83836081177107,12.77612920538407,110.0404195420723,1.7486565956053501,1.20311991793174,4.6174858532559755,0.3291200061779016,36.14150873889168
L/R,56,Corey Seager,608369,L,2024,371,695,189,27.194244604316548,103.13186766563491,9.345040547611967,104.1567077360811,10.8815358932308,97.69561436493994,1.50229688968594,1.1319042260659646,3.932751245777645,0.2624661079640695,36.14150873889168
L/R,57,Lawrence Butler,671732,L,2024,362,766,200,26.109660574412537,103.05580161991762,10.651390299938491,104.50644754071534,13.120657219495504,101.52866391065096,1.6286981317412035,1.104412809505717,4.7420034755839895,0.34097571506049523,36.14150873889168
L/R,58,Michael Conforto,624424,L,2024,380,784,188,23.97959183673469,102.81025156161968,9.739795537592322,103.83049813017395,11.519399664629189,111.8398021647282,1.384399816459902,1.015667313727618,4.163284836459817,0.28510874025582206,36.14150873889168
L/R,59,JJ Bleday,668709,L,2024,518,1048,251,23.950381679389313,102.63125780194673,7.843709309299103,103.17099081057218,8.68796300193339,100.55586221819216,1.1460439209123954,0.950976268433348,3.1399609075754324,0.18490720391482865,36.14150873889168
L/R,60,TJ Friedl,670770,L,2024,258,482,108,22.40663900414938,101.76103689700598,9.376153652553425,102.30290746042508,10.930744823225464,100.52628210537785,0.8323055010581147,0.6364653040265245,3.9505360955119806,0.26421671130614155,36.14150873889168
L/R,61,Kyle Schwarber,656941,L,2024,442,983,218,22.177009155645983,101.52038040335444,9.815761725983522,102.03735810660616,11.645668978732859,110.6620248662498,0.736331958141587,0.549488416342743,4.208920471651133,0.28957353382084017,36.14150873889168
L/R,62,Masataka Yoshida,807799,L,2024,310,587,160,27.2572402044293,101.33440599263263,9.651095493653404,101.75519539545593,11.373446744005633,106.5000437301169,0.6343540972333296,0.48227445843961325,4.110535248897987,0.27993943174895325,36.14150873889168
L/R,63,Andrés Giménez,665926,L,2024,462,843,312,37.01067615658363,101.31429967911191,9.055899960733301,101.66175825455565,10.43236998789996,95.03609618594078,0.6005845047894856,0.47500773338145763,3.7704159108503776,0.24647568577233667,36.14150873889168
L/R,64,Oswaldo Cabrera,665828,S,2024,242,516,149,28.875968992248062,100.28374291492247,11.76725552704465,100.30633296617415,15.400278567846103,99.67692930571684,0.11071335573993588,0.10254897039269152,5.5658930244117615,0.4161608478750527,36.14150873889168
L/R,65,Cal Raleigh,663728,S,2024,451,975,308,31.58974358974359,99.71658251302978,10.019111876372067,99.4852383535115,11.98966109856356,99.15456473373824,-0.18604262545009967,-0.10243135582088775,4.333244413700846,0.30169582708397213,36.14150873889168
L/R,66,Jorge Polanco,593871,S,2024,338,732,172,23.497267759562842,99.11361099663576,10.223170161452868,98.59225087522778,12.344071119999148,100.9043543793585,-0.508781772951222,-0.3203543591114631,4.461333542569496,0.31411019337272145,36.14150873889168
L/R,67,LaMonte Wade,664774,L,2024,353,771,161,20.881971465629054,98.49907238455528,9.560521932218984,97.83511712736205,11.226016571518567,106.98697845328785,-0.7824213326012116,-0.5424578853003933,4.057251760224811,0.27470973838126705,36.14150873889168
L/R,68,Ozzie Albies,645277,S,2024,292,621,211,33.97745571658615,97.74261416859405,10.639011050129199,96.44881602731935,13.097539188722696,100.92539391377532,-1.2834514658204987,-0.8158532975280856,4.733648270471975,0.34018359862130115,36.14150873889168
L/R,69,Alex Verdugo,657077,L,2024,429,738,204,27.64227642276423,97.50200932959086,7.814603629976747,96.88381107749996,8.648460929462784,107.37155941416113,-1.1262376917457275,-0.9028115164426165,3.1256842626014247,0.18353747835632273,36.14150873889168
L/R,70,Brandon Marsh,669016,L,2024,389,887,212,23.900789177001126,96.8034487391514,9.96484978185861,95.33645364937557,11.896997042782921,102.90896087908057,-1.68547601185319,-1.1552818532827476,4.299754225883074,0.29843679232560993,36.14150873889168
L/R,71,Jake Bauers,641343,L,2024,311,645,128,19.844961240310077,96.75000802927912,9.624712662405596,95.3988132476907,11.330336862846066,102.67554284931254,-1.6629383121785917,-1.174596132111367,4.094954687431376,0.2784110042387178,36.14150873889168
L/R,72,Jack Suwinski,669261,L,2024,237,464,100,21.551724137931032,96.05085067576522,9.734224950474994,94.37803155761816,11.510186847385016,,-2.0318642159011664,-1.4272821481301934,4.159955185310416,0.284782702838602,36.14150873889168
L/R,73,José Ramírez,608070,S,2024,497,1096,339,30.930656934306572,95.94117718285307,9.6303657159648,94.27520113190687,11.339562490763237,103.7237996847788,-2.0690286831958495,-1.4669198031552861,4.098288968551278,0.27873814845150746,36.14150873889168
L/R,74,Austin Wells,669224,L,2024,338,668,177,26.497005988023954,95.82862987624509,9.253163605291123,94.29594084018545,10.737235007171337,102.43546622418702,-2.061533039715928,-1.507596097808396,3.8805987284321657,0.25733054101620356,36.14150873889168
L/R,75,Gavin Sheets,657757,L,2024,408,940,311,33.08510638297872,95.48637193606446,10.417640931699532,93.17948251018584,12.690991988941311,100.46106937423087,-2.46503792461882,-1.6312932811683316,4.586715978735267,0.3261742104849699,36.14150873889168
L/R,76,Yordan Álvarez,670541,L,2024,415,827,238,28.778718258766627,95.440117514747,9.547174258385514,93.62456183168912,11.204424532072741,102.8807544685012,-2.304179542742713,-1.648010326890905,4.049448071401593,0.2739432161340994,36.14150873889168
L/R,77,MJ Melendez,669004,L,2024,376,837,239,28.55436081242533,95.35500185050319,10.090709211633234,93.19554919452796,12.112929481905926,99.47969992767251,-2.4592311824932627,-1.6787724121217464,4.377795467238817,0.3060231162434985,36.14150873889168
L/R,78,Kyle Isbel,664728,L,2024,358,655,207,31.603053435114504,94.73020250899359,9.71623287751338,92.54286920166173,11.480473924789775,92.2511367941759,-2.695119579152011,-1.90458432073398,4.149216486794077,0.2837309301654039,36.14150873889168
L/R,79,Jeff McNeil,643446,L,2024,353,613,194,31.64763458401305,93.8844613532676,9.290921073017937,91.65376625354607,10.796354815464737,96.394532716699,-3.0164547988429735,-2.210247934439088,3.9019655191129403,0.2594348965322671,36.14150873889168
L/R,80,Vinnie Pasquantino,686469,L,2024,435,875,263,30.057142857142853,93.7812541719784,8.53745103110518,91.96612064685482,9.66095331329054,96.42615925266117,-2.9035652084889785,-2.2475485668838875,3.4916142859831454,0.21906212814257492,36.14150873889168
L/R,81,Jackson Merrill,701538,L,2024,437,830,295,35.54216867469879,93.44942990709374,9.956522870363626,90.5625600922838,11.882834138661032,99.83847011919438,-3.4108331689749027,-2.367474862574938,4.294635538652181,0.2979382361970343,36.14150873889168
L/R,82,Luis García,671277,L,2024,414,770,278,36.103896103896105,93.31692294734646,10.084515571024498,90.26414336880316,12.102220399720014,99.76476185955246,-3.5186854751699714,-2.415364877011646,4.373925043364741,0.30564755978531816,36.14150873889168
L/R,83,Elly De La Cruz,682829,S,2024,477,971,252,25.952626158599383,93.26084683216907,8.305681625610942,91.43223814925412,9.328868521923399,91.19387934037044,-3.0965183980147497,-2.435631631078912,3.3715938320906607,0.2073296480222299,36.14150873889168
L/R,84,Kerry Carpenter,681481,L,2024,261,512,165,32.2265625,93.25813663801877,12.994323930145843,86.05181003202836,18.515753555663316,,-5.041086296191682,-2.4366111361345832,6.691872689391704,0.5074791793531084,36.14150873889168
L/R,85,Anthony Santander,623993,S,2024,485,1094,394,36.0146252285192,93.20392304463176,10.587524563115686,89.62300977831515,13.001833110072203,98.7928893386252,-3.7504008278041643,-2.456204746726214,4.699058649692858,0.33689899301266324,36.14150873889168
L/R,86,Parker Meadows,678009,L,2024,235,493,124,25.15212981744422,93.17062718569984,10.601985545039561,89.55794510821782,13.02864212206855,,-3.773916181233322,-2.4682383724917845,4.7087478311063276,0.337819929225346,36.14150873889168
L/R,87,Josh Lowe,666139,L,2024,336,736,236,32.065217391304344,93.07203253026897,11.852778464982624,87.8248848276132,15.593494091806283,94.12591574053778,-4.4002703139983,-2.5038719685004107,5.635724029888726,0.42223204006259335,36.14150873889168
L/R,88,Luis Rengifo,650859,S,2024,251,468,157,33.547008547008545,92.64863067550003,10.657984191576322,88.70726294023851,13.13298822351684,,-4.081365551313756,-2.656895786842358,4.746460086479954,0.3413980172748078,36.14150873889168
L/R,89,Will Benson,666181,L,2024,317,648,142,21.91358024691358,92.32437871475531,9.007194690984813,89.76804763012366,10.358104351685263,99.3209018383765,-3.69798195991809,-2.7740853375709404,3.743575189447849,0.24383157916323173,36.14150873889168
L/R,90,Brandon Lowe,664040,L,2024,349,702,221,31.48148148148148,92.04983779654917,10.100434151129216,88.42284699640925,12.129761897749775,95.58177380175668,-4.184157764507614,-2.8733085675162444,4.383878956281988,0.30661326116141124,36.14150873889168
L/R,91,Oneil Cruz,665833,L,2024,441,985,305,30.96446700507614,91.97003268026943,9.887952765918644,88.52366210735697,11.766775542664481,93.42432200484588,-4.147721662374316,-2.9021513405905717,4.252690211037852,0.2938485942206859,36.14150873889168
L/R,92,Bryan Reynolds,668804,S,2024,486,1005,287,28.557213930348258,91.28227758669794,9.664770945389169,87.78133072984977,11.395846709930174,92.8978777450798,-4.416011422047619,-3.1507164078358816,4.118630934540114,0.2807333334380913,36.14150873889168
L/R,93,Josh Bell,605137,S,2024,404,771,204,26.459143968871597,91.24667656818897,8.650903704252286,88.63336788348353,9.826277939869605,91.90891721241309,-4.108072339708468,-3.163583153051435,3.5513651003457585,0.22492296850582802,36.14150873889168
L/R,94,Jake McCarthy,664983,L,2024,343,629,201,31.955484896661368,90.75514857468617,8.695215622553775,87.96257247920767,9.891361988629386,95.14633387397184,-4.350507919364914,-3.341228785777347,3.5748874575158993,0.2272330842083282,36.14150873889168
L/R,95,Daulton Varsho,662139,L,2024,404,859,227,26.426076833527357,90.66506908344923,9.595201688477967,86.99743248436405,11.282277319356188,99.01127696940974,-4.699324074943858,-3.3737848729746984,4.077585243321111,0.27670631255882744,36.14150873889168
L/R,96,Cody Bellinger,641355,L,2024,397,786,246,31.297709923664126,90.39567697872127,9.482627710542227,86.74551392135596,11.100489251536667,96.79247110461232,-4.790371244408317,-3.471147244046837,4.011884292903856,0.27025158636280766,36.14150873889168
L/R,97,Rowdy Tellez,642133,L,2024,375,719,190,26.425591098748264,89.9688614028092,9.55733073377219,86.07760098407684,11.220851174560929,90.21539668280724,-5.031765057003236,-3.625404832714052,4.055384907831968,0.2745263787304071,36.14150873889168
L/R,98,CJ Abrams,682928,L,2024,413,786,280,35.6234096692112,89.52805911264075,9.181128597599502,85.88944233262464,10.62513596333909,86.82134502682027,-5.099768432460813,-3.7847174309365164,3.84008444270932,0.2533395483917904,36.14150873889168
L/R,99,Leody Taveras,665750,S,2024,427,823,251,30.498177399756987,89.46049279706112,8.899664094658853,86.08907475706198,10.195506362785933,93.63378005596036,-5.0276182623371355,-3.809136916786274,3.684809823080535,0.23804446147889724,36.14150873889168
L/R,100,Ben Rortvedt,666163,L,2024,287,611,173,28.314238952536826,88.97601384093034,11.186077823373216,82.17950561772255,14.16149977050494,91.37040307958692,-6.440595534484503,-3.9842349210543713,5.118179677115169,0.37606812430083925,36.14150873889168
L/R,101,Bo Naylor,666310,L,2024,313,657,179,27.24505327245053,88.891504754941,10.221934266198243,83.69066108865427,12.341895594996132,95.53861998827688,-5.894441147899478,-4.0147777797523645,4.4605472750104145,0.3140342514044689,36.14150873889168
L/R,102,David Peralta,444482,L,2024,236,471,160,33.97027600849257,87.62040601939654,10.377933397805622,81.57468222569364,12.619401869737455,,-6.659187833569499,-4.474172040339107,4.560842229547022,0.32369247959995545,36.14150873889168
L/R,103,Anthony Rizzo,519203,L,2024,278,554,196,35.37906137184115,87.42481488327718,10.98223659990674,80.13130646207902,13.754546478658996,87.22319925534566,-7.180845611311314,-4.544861627892184,4.971100617579459,0.36248700572562886,36.14150873889168
L/R,104,Zach McKinstry,656716,L,2024,292,551,159,28.85662431941924,87.37154309247099,10.262114943611534,81.40690483779377,12.412810802173567,96.15390283691038,-6.719825112879212,-4.564114856821766,4.48617710080965,0.3165079336721391,36.14150873889168
L/R,105,Michael Massey,686681,L,2024,289,569,204,35.85237258347979,87.2851858427521,10.219318745535853,81.35339836495453,12.337292730241646,79.29261937909297,-6.739163159436279,-4.595325669775587,4.458883730242932,0.3138735659667825,36.14150873889168
L/R,106,Colton Cowser,681297,L,2024,414,884,228,25.791855203619914,86.84951648331513,8.721213781007217,82.87788812489667,9.929683584274924,90.69163020048956,-6.188189559623279,-4.752783149389174,3.588737460355014,0.2285939414264013,36.14150873889168
L/R,107,Brayan Rocchio,677587,S,2024,316,641,186,29.017160686427456,86.7503504890246,10.23520855854964,80.54584316016805,12.36528102680716,88.97326958370493,-7.03102579434556,-4.788623235881694,4.468999122892025,0.3148503961832371,36.14150873889168
L/R,108,Jake Cave,595909,L,2024,305,581,197,33.90705679862307,85.94087159605694,10.168480177884943,79.48838788990057,12.24814503930185,84.80804570771957,-7.413206083259151,-5.081181120723084,4.426664409731406,0.31075844799193997,36.14150873889168
L/R,109,Jesús Sánchez,660821,L,2024,420,844,298,35.308056872037916,85.9112267513177,10.714349136844476,78.35704294871373,13.238881423075624,80.27265938570233,-7.8220912140452015,-5.091895214875149,4.784731486452384,0.34501854501725604,36.14150873889168
L/R,110,Trevor Larnach,663616,L,2024,376,762,196,25.72178477690289,85.38312977672925,9.851934124309137,79.25929815248871,11.706214173373223,87.63367226491343,-7.496002570725761,-5.282757429095857,4.2308024184630595,0.2917117009033341,36.14150873889168
L/R,111,Max Kepler,596146,L,2024,317,591,178,30.118443316412858,85.28836237740227,9.639579315269561,79.49014982754609,11.354612296582832,84.43431102741991,-7.412569292411019,-5.317007797005239,4.103728195436753,0.27927175438230917,36.14150873889168
L/R,112,Keibert Ruiz,660688,S,2024,351,630,238,37.77777777777778,84.69703321771813,10.007830227410839,77.99827239094995,11.970341906029711,85.22598308137293,-7.951756306531967,-5.530723076928092,4.326262166042941,0.30101678283481653,36.14150873889168
L/R,113,Jonah Heim,641680,S,2024,374,697,227,32.568149210903876,83.91724936987133,9.803244283864126,77.28296219732906,11.624780895806078,88.2901064461523,-8.210280202669649,-5.8125487244421095,4.201371203334764,0.2888354538107663,36.14150873889168
L/R,114,Jake Fraley,641584,L,2024,326,555,171,30.810810810810814,83.67359446248744,9.092702009077374,78.1920608590656,10.48874598930126,87.3974678856677,-7.881718230392983,-5.900609284086994,3.790791048323465,0.24848304925106215,36.14150873889168
L/R,115,Colt Keith,690993,L,2024,464,872,269,30.84862385321101,83.16847785993826,8.672121669636262,78.17946249187253,9.857405908902123,92.82070068339692,-7.88627147037303,-6.083166045138898,3.5626152179938857,0.2260276531806674,36.14150873889168
L/R,116,Abraham Toro,647351,S,2024,280,531,164,30.88512241054614,83.07158447849827,9.484661674601567,76.70531028886334,11.10375238840165,86.01565019923562,-8.419052317648156,-6.1181847750594445,4.013063639799077,0.2703675333306929,36.14150873889168
L/R,117,Jarren Duran,680776,L,2024,506,965,270,27.979274611398964,83.06949904782425,8.224378692730202,78.68515416524033,9.214103727489372,80.75422096880318,-7.703506870050956,-6.118938481168739,3.3301161038811156,0.20329048388428453,36.14150873889168
L/R,118,Willi Castro,650489,S,2024,471,954,286,29.979035639413,82.88659616249797,8.232920756928007,78.444016217651,9.226120437210087,83.30229830796831,-7.7906577624517395,-6.18504234345262,3.3344591240749546,0.20371298927412093,36.14150873889168
L/R,119,Josh Naylor,647304,L,2024,454,914,299,32.713347921225385,82.66483465105497,10.248691967579287,74.55175182603872,12.38907770565433,81.78624307358595,-9.197380837687058,-6.265190299490292,4.477599601657141,0.31568048243049884,36.14150873889168
L/R,120,Bryce Harper,547180,L,2024,397,919,314,34.16757344940152,82.46647743283626,9.955433237490432,74.92105781789493,11.880981942571076,85.79074625564756,-9.063908080367097,-6.33687959084703,4.293966127040468,0.2978730275822933,36.14150873889168
L/R,121,Jason Heyward,518792,L,2024,234,478,149,31.171548117154813,82.37756902580013,11.661621082971072,70.02176756355577,15.16572943382921,,-10.834585495782752,-6.3690124305456015,5.481123428644052,0.40872264760629345,36.14150873889168
L/R,122,Pete Crow-Armstrong,691718,L,2024,318,560,232,41.42857142857143,82.17063913083011,10.560085890925325,73.0556174126024,12.95111797629064,78.87695877896046,-9.738106387464713,-6.443800016619568,4.680729435185253,0.3351550381340297,36.14150873889168
L/R,123,Jarred Kelenic,672284,L,2024,377,734,213,29.01907356948229,82.00961584184088,9.372440042883888,75.46588257902104,10.924862095528589,80.27389690396194,-8.867000191713059,-6.501996262681262,3.9484099889673296,0.26400745632611405,36.14150873889168
L/R,124,Michael Toglia,669911,S,2024,311,710,207,29.154929577464788,81.5013659772151,11.190411794828021,70.18554996778265,14.170296727477359,97.55075836355776,-10.775392063846327,-6.685685431920395,5.1213590300881116,0.3763595909404213,36.14150873889168
L/R,125,Eddie Rosario,592696,L,2024,286,544,197,36.213235294117645,80.34439231120369,10.57624581921768,70.2624359184184,12.980962318514115,81.49227459415124,-10.747604321278326,-7.103833170528582,4.691515630738015,0.33618158763558365,36.14150873889168
L/R,126,Michael Harris,671739,L,2024,322,586,230,39.249146757679185,77.98418229898563,10.152516264797695,67.9899018219238,12.220276025489854,78.29186051836467,-11.568932430357217,-7.956848678350572,4.416592127669101,0.30978346911764654,36.14150873889168
L/R,127,Nolan Gorman,669357,L,2024,288,586,175,29.86348122866894,73.792449920449,10.514730048119912,60.62512788953792,12.867721636471998,75.90009032223658,-14.230672844730075,-9.471804002250337,4.650588739741782,0.3322822216582268,36.14150873889168
L/R,128,Jeimer Candelario,600869,S,2024,316,601,214,35.60732113144759,73.60905393540864,10.294053137191513,61.15849543167893,12.469454449538425,82.83602517853828,-14.03790576787677,-9.538086078210476,4.506648969572048,0.31848109847537487,36.14150873889168
L/R,129,Seth Brown,664913,L,2024,373,749,223,29.773030707610147,65.37282434384727,9.719614889157478,51.542912387818504,11.486054136110432,68.10068890764505,-17.513122553968973,-12.514783715799808,4.151233259356181,0.28392848580790747,36.14150873889168
L/R,130,Nick Gordon,624503,L,2024,248,467,197,42.184154175588866,64.07295155961074,10.775962881882018,44.67756231429828,13.355647515261746,,-19.994363650745793,-12.984577351709131,4.826932513863894,0.3489980694848319,36.14150873889168
L/R,131,Luke Raley,670042,L,2024,373,666,187,28.07807807807808,62.923934745431,8.751697671764354,51.76171202753978,9.974746783419414,70.44960217244515,-17.434045063058445,-13.39984936401724,3.6050239804118442,0.23019477625227042,36.14150873889168
L/R,132,Mickey Moniak,666160,L,2024,383,710,270,38.028169014084504,54.067275176421916,9.401771432009639,37.358933345134915,10.971394482678447,54.20752812530685,-22.639426579203025,-16.600779756124542,3.9652274957355105,0.26566248372577245,36.14150873889168
R/R,1,Gleyber Torres,650402,R,2025,454,935,162,17.326203208556148,156.62171715861678,8.194598603782525,165.5228840456641,8.86917616785525,152.7166984816625,24.285808721764237,20.986624939367246,3.2873265435332435,0.14633238137129048,37.06462112510036
R/R,2,Will Smith,669257,R,2025,325,677,138,20.38404726735598,148.82130831631196,10.47114543593218,162.67458615034363,12.002793234446314,140.1084642520903,23.230097898349488,18.095432955758138,4.4487898367767045,0.23893152376351073,37.06462112510036
R/R,3,Miguel Vargas,678246,R,2025,416,811,171,21.085080147965474,146.24993091273637,9.196241777257091,155.6384929479924,10.182231017865739,137.69910905524122,20.62219661088907,17.142361663426406,3.774005348854386,0.18429172323183574,37.06462112510036
R/R,4,Isaac Paredes,670623,R,2025,368,810,170,20.98765432098765,145.05385730467208,10.048058089835429,156.43817066225054,11.377283921887775,138.4226913816973,20.918594125900704,16.699041512220063,4.216947179974663,0.22001350703746209,37.06462112510036
R/R,5,Maikel García,672580,R,2025,530,942,188,19.957537154989385,139.63979765276787,7.577913089822852,144.63822276605782,8.101762224097337,133.43821427792494,16.544988145217626,14.692340814754829,3.0028874728181827,0.1251365881295464,37.06462112510036
R/R,6,Jonathan India,663697,R,2025,453,843,169,20.047449584816132,137.66388021122725,7.99738607236979,143.00310044829354,8.620665317306345,132.77104134187564,15.938936253206329,13.95997450130303,3.1952169383225275,0.13937381680352084,37.06462112510036
R/R,7,George Springer,543807,R,2025,435,839,175,20.858164481525627,135.51216771034035,9.076237117996778,142.25473709600797,10.020054232870457,137.2522775987084,15.661558212042587,13.162450415147873,3.7138951379430165,0.1795133436434073,37.06462112510036
R/R,8,Gabriel Moreno,672515,R,2025,231,462,117,25.324675324675322,134.32347237407225,12.291055095878042,148.86430078693184,15.006987314592585,130.8818834452652,18.11136795210572,12.721864992428365,5.562282990445615,0.32920270902725035,37.06462112510036
R/R,9,Alex Bregman,608324,R,2025,360,653,136,20.82695252679939,133.45967662344123,8.7528995855885,139.22449887384658,9.589957140533114,132.10289338860844,14.538411895810498,12.401702370162258,3.5544812801981074,0.16695097585688976,37.06462112510036
R/R,10,Mike Trout,545361,R,2025,449,961,194,20.187304890738815,132.96334200482517,9.793419405377696,140.43277736904832,11.011515679613854,125.81335938630151,14.986255742193077,12.217737824259508,4.081376566779895,0.20900360486333547,37.06462112510036
R/R,11,Alejandro Kirk,672386,R,2025,362,710,199,28.028169014084508,132.62182253905127,9.912045038820262,140.22986142454806,11.18095584856203,125.72130830112886,14.911045716161645,12.09115492820194,4.144178923434266,0.2140975033902982,37.06462112510036
R/R,12,Mookie Betts,605141,R,2025,477,831,176,21.179302045728036,130.91865241242522,7.143864896292808,134.2000232812507,7.577642884627392,128.5683110638397,12.676109053891686,11.459881373652104,2.8086246254002685,0.1112119702339091,37.06462112510036
R/R,13,Seiya Suzuki,673548,R,2025,467,908,200,22.026431718061673,130.60148605588256,9.75133203320218,137.3727976652511,10.951791230661007,134.1034047225262,13.852085858475675,11.34232486526329,4.059239926056469,0.20721107239212722,37.06462112510036
R/R,14,Marcell Ozuna,542303,R,2025,450,1036,238,22.972972972972975,126.95153801270948,10.644990409907495,134.2496215392134,12.266704118818339,128.14587076213945,12.694492460290212,9.989485451798169,4.546607406177098,0.24693100190623624,37.06462112510036
R/R,15,Ronald Acuña,660670,R,2025,283,597,140,23.450586264656618,126.43204136806186,13.119844278794844,139.47992794748646,16.596710833054996,122.76795637348177,14.633085714198467,9.796935988701922,6.151507989500321,0.375095997712465,37.06462112510036
R/R,16,Rhys Hoskins,656555,R,2025,226,463,90,19.43844492440605,126.20491209827155,12.802567429806071,138.15675282614603,15.967987406875052,122.28610925206058,14.142655868652046,9.712751385389936,5.918474033661975,0.35717348664809834,37.06462112510036
R/R,17,Andrew McCutchen,457705,R,2025,402,771,151,19.58495460440986,122.38073702627777,9.065934285595901,126.23959992239267,10.00619664441632,117.25134265048696,9.725608295976972,8.29533538379491,3.7087588752854144,0.17910602811219264,37.06462112510036
R/R,18,Matt Chapman,656305,R,2025,410,822,162,19.708029197080293,122.22655191151173,9.611388420401829,126.64541538223006,10.754642889312505,118.17422939947444,9.87602225863278,8.238187255175575,3.9861676402812267,0.20130628144541216,37.06462112510036
R/R,19,Taylor Ward,621493,R,2025,549,1126,234,20.781527531083483,121.84070284683426,7.666665036361396,124.35949665945468,8.210496075513266,113.6258926947708,9.028755144808356,8.09517376123813,3.043189262880226,0.1280849335756969,37.06462112510036
R/R,20,Carson Kelly,608348,R,2025,296,561,113,20.14260249554367,121.67521210390629,9.566574870944805,125.90537688491878,10.691970623474127,115.47678354502266,9.601729793424473,8.033835244374762,3.962938402397716,0.1994334577476207,37.06462112510036
R/R,21,Yandy Díaz,650490,R,2025,468,887,204,22.998872604284102,121.21377779267061,8.543137220880887,124.33797847754998,9.316032306242372,120.37665133059744,9.02077951221237,7.8628063651740385,3.452952078200684,0.1590449316098344,37.06462112510036
R/R,22,Anthony Volpe,683011,R,2025,423,764,181,23.69109947643979,121.03128162330097,10.037113399060875,125.62660782993281,11.36140310456961,116.54945008882974,9.4984050993799,7.79516485142936,4.211061015204115,0.21953447549684274,37.06462112510036
R/R,23,Tyler Freeman,671289,R,2025,308,568,148,26.056338028169012,120.35913043184613,9.472564175497805,124.1665698421027,10.56120454236697,119.12810451588392,8.957247550908132,7.546034558928778,3.9144704498752065,0.19553305332227752,37.06462112510036
R/R,24,Vladimir Guerrero,665489,R,2025,517,929,207,22.282023681377826,119.0720095110544,8.09396475349518,121.46637289707891,8.74198769044764,121.7295759006354,7.956429783603531,7.068968066215418,3.2401846162673293,0.14276037734108254,37.06462112510036
R/R,25,Chase Meidroth,805367,R,2025,349,646,153,23.684210526315788,118.49331910446708,9.076781238472018,121.51279513831467,10.0207863765707,121.42715080645648,7.973636011435344,6.854478659526524,3.714166504231602,0.17953486794085569,37.06462112510036
R/R,26,Tommy Pham,502054,R,2025,327,526,105,19.96197718631179,118.4879852487735,7.545455377769139,120.4416950360906,8.062133580341866,119.76619287982751,7.576636816675427,6.8525016861223405,2.988199266153201,0.12406691396614097,37.06462112510036
R/R,27,Xander Bogaerts,593428,R,2025,386,711,176,24.753867791842477,117.41614292410316,9.373273397877211,120.42851030046737,10.424117458901447,112.38048962146212,7.571749944370333,6.455227389424812,3.863659641777261,0.19145540821101187,37.06462112510036
R/R,28,Randy Arozarena,668227,R,2025,503,1010,247,24.455445544554454,116.7274446200451,8.8166242330235,119.18139642323055,9.673952575512988,111.31443575568062,7.109511910773957,6.199963972330699,3.5856138699357776,0.16939076616605458,37.06462112510036
R/R,29,Pete Alonso,624413,R,2025,501,966,270,27.95031055900621,116.23185385334298,10.500360684287143,119.88056691173679,12.046853345165829,112.93416294548727,7.368656803357306,6.016275132321582,4.465120549882193,0.24026665597408167,37.06462112510036
R/R,30,Paul Goldschmidt,502671,R,2025,366,687,209,30.42212518195051,116.14559480004411,10.357606230399943,119.63939056066928,11.832652804213524,118.49041757345636,7.2792657025907905,5.984303541030252,4.385727930930305,0.2337781200914689,37.06462112510036
R/R,31,Fernando Tatís,665487,R,2025,504,1012,250,24.703557312252965,115.5801461730413,9.411050680542173,118.18356582483626,10.476152730931227,109.95179363189104,6.739669780008792,5.774722149774578,3.882946318206514,0.19300177088286255,37.06462112510036
R/R,32,Carlos Correa,621043,R,2025,448,844,246,29.14691943127962,115.12348558171368,9.172201136397932,117.46463257698967,10.149627870503796,103.87595686244458,6.473199895552074,5.605462631771358,3.761921115809824,0.18332943881484143,37.06462112510036
R/R,33,Caleb Durbin,702332,R,2025,367,596,154,25.838926174496645,114.6606775299822,8.54147977505821,116.5446590236399,9.313883208080913,113.1699223604672,6.132215183551855,5.433924580860624,3.4521555231095333,0.1589832252882578,37.06462112510036
R/R,34,Otto Lopez,672640,R,2025,399,701,206,29.386590584878746,114.65579782530781,10.650232587558872,117.92638773142362,12.274727636346462,113.72783796485064,6.644347694068638,5.432115936811039,4.549581292549803,0.24717426655193514,37.06462112510036
R/R,35,Wyatt Langford,694671,R,2025,405,816,200,24.509803921568626,113.90466035500512,8.602814544902293,115.6756462795112,9.393570170131692,112.53529958341689,5.810118902411716,5.153709679314683,3.4816911936797568,0.1612746807644768,37.06462112510036
R/R,36,William Contreras,661388,R,2025,478,914,238,26.039387308533918,113.55595026332833,7.917249208673626,114.95787697108382,8.520536641771278,110.4220140777512,5.544080427690854,5.024461605009687,3.1581046240978736,0.1365946532784943,37.06462112510036
R/R,37,Iván Herrera,671056,R,2025,326,612,163,26.633986928104576,112.90150814903555,9.815282290556326,115.08230848563912,11.042620698849193,115.6932951367006,5.590200497121001,4.781895114863973,4.092905524310363,0.20993780813337184,37.06462112510036
R/R,38,José Caballero,676609,R,2025,247,499,153,30.66132264529058,112.75065807830836,11.261045890986264,115.82701811979452,13.237659626408186,108.75049145144676,5.866224301502822,4.725983107681999,4.9064883863585695,0.2763392191803109,37.06462112510036
R/R,39,Jake Meyers,676694,R,2025,311,541,131,24.214417744916823,112.70157853256319,8.57349989577335,114.22875639640512,9.355443491894444,114.63093096693518,5.273834649141042,4.707791960001629,3.4675596848435353,0.16017744551319807,37.06462112510036
R/R,40,Masyn Winn,691026,R,2025,372,665,163,24.51127819548872,112.69560734996426,8.412394936233698,114.1544746513112,9.147227058282342,114.58716146338053,5.246302401756866,4.705578763794646,3.3903850526050126,0.15421420383892434,37.06462112510036
R/R,41,Jared Triolo,669707,R,2025,256,491,114,23.217922606924642,112.31041347693618,10.432412937594831,114.67823538944322,11.944558091092842,108.41107155909272,5.44043233494753,4.5628081141596875,4.427205201531081,0.23716718976932125,37.06462112510036
R/R,42,Ramón Laureano,657656,R,2025,327,626,168,26.837060702875398,111.67841947965881,9.802365991015018,113.52804315473655,11.024237606492083,113.60222332695592,5.014117940943175,4.328561933535454,4.086091900777123,0.20938564154793857,37.06462112510036
R/R,43,Luis Urías,649966,R,2025,261,476,103,21.638655462184875,111.34346817690358,8.925716168757305,112.74029229923165,9.818613749929828,110.5581187717024,4.722141070940552,4.204413502215642,3.6392319861484994,0.17360859182757715,37.06462112510036
R/R,44,Alec Bohm,664761,R,2025,366,594,154,25.925925925925924,111.20133511991803,10.816719367822076,113.42807721959237,12.531598626340067,111.56496756922093,4.977065945827822,4.151732423150422,4.644789551771226,0.2549624327057461,37.06462112510036
R/R,45,Mauricio Dubón,643289,R,2025,283,449,157,34.96659242761693,111.1502851360747,10.513190776104777,113.19852175458553,12.06623942084862,108.25104312851822,4.891982082451077,4.132810940054467,4.472305925385045,0.24085416466004544,37.06462112510036
R/R,46,Spencer Torkelson,679529,R,2025,455,883,192,21.7440543601359,110.65167392261532,8.462906214422002,111.75336831094407,9.212271938747914,102.85937984291526,4.356341433889026,3.9480025828984817,3.4144936911108523,0.15607168731836968,37.06462112510036
R/R,47,Joey Ortiz,687401,R,2025,365,599,196,32.7212020033389,110.47953676575004,9.504383000307206,111.89743196902346,10.605356980595715,102.35840264931755,4.40973808293511,3.884200597890848,3.930835383822185,0.19684887050582853,37.06462112510036
R/R,48,Nick Allen,669397,R,2025,303,507,126,24.85207100591716,110.43699832315727,9.960444300165006,112.02093145814564,11.25056314319935,111.5653544819372,4.4555127006696855,3.868433885311317,4.169978603467022,0.2161934300208809,37.06462112510036
R/R,49,Bobby Witt,677951,R,2025,534,1000,311,31.1,109.65325160122694,8.772725183690296,110.65245423669917,9.616049690047406,107.41766109225918,3.948291803357247,3.5779411322474495,3.5641523848174588,0.16770813099977097,37.06462112510036
R/R,50,Ryan Jeffers,680777,R,2025,320,627,169,26.953748006379584,109.00753243132353,10.364967879886251,110.32591299124933,11.843632356717636,111.44253332784544,3.8272605279140803,3.3386077683906072,4.389797460467187,0.23411055292112712,37.06462112510036
R/R,51,Ramón Urías,602104,R,2025,271,491,128,26.069246435845212,108.82143366861538,10.833289065287294,110.2395578971398,12.557384934088166,107.00059186169574,3.795253339460161,3.2696309670743355,4.654347149040213,0.2557441643966925,37.06462112510036
R/R,52,Aaron Judge,592450,R,2025,504,1080,241,22.314814814814817,107.25255038082383,8.668295466719844,107.75342050887383,9.47900644595736,98.83384879661024,2.873775935849912,2.688130320559377,3.5133578256179363,0.16373913129355364,37.06462112510036
R/R,53,Matt McLain,680574,R,2025,446,886,238,26.86230248306998,107.11527919414775,8.761145793427275,107.60153101477923,9.600805685516123,100.34728349779684,2.8174786703349177,2.637251275303956,3.5585022522936454,0.16726569692519072,37.06462112510036
R/R,54,Nico Hoerner,663538,R,2025,501,862,270,31.322505800464036,106.80199716114821,7.445930691922878,107.0916091579989,7.941069645958764,106.84713159156487,2.6284780660852105,2.5211344767196673,2.9433273775549647,0.12081560925389027,37.06462112510036
R/R,55,Spencer Steer,668715,R,2025,436,805,194,24.099378881987576,106.54923955738005,8.146595929432747,106.86283529331091,8.80840746502337,104.09308665947408,2.5436838999053593,2.4274508285181153,3.264802854065969,0.14462301835536778,37.06462112510036
R/R,56,Tyler Stephenson,663886,R,2025,267,516,141,27.325581395348834,105.60252803724839,12.046826746216452,106.02252608545172,14.568806108115192,108.26334542269429,2.232226475733017,2.0765557904336363,5.3998727864233755,0.3162499011884359,37.06462112510036
R/R,57,Marcus Semien,543760,R,2025,391,725,175,24.137931034482758,105.10140454232895,8.574411593304141,105.17903816569414,9.356628121796383,102.09763605701032,1.9195908740388774,1.890816265672885,3.4679987634284233,0.16021151354792385,37.06462112510036
R/R,58,Eric Wagaman,676572,R,2025,330,633,171,27.014218009478675,104.05107302642396,9.869773332072645,103.87769141963378,11.120388046099777,97.94623294729764,1.437251633087784,1.501514868745179,4.121729696927833,0.21227528232606924,37.06462112510036
R/R,59,Bo Bichette,666182,R,2025,491,910,307,33.73626373626374,103.88887107110095,9.430932155687252,103.6951934740014,10.503598111176233,98.55683239260053,1.3696094609780531,1.4413953285472019,3.893118844410668,0.19381809058400176,37.06462112510036
R/R,60,Matt Shaw,807713,R,2025,328,600,184,30.666666666666664,102.89849013821171,10.588429098817455,102.3178489863747,12.180379207909642,102.61179545619422,0.8591019450517591,1.0743143880765667,4.514611405012209,0.24431387683705078,37.06462112510036
R/R,61,Jacob Wilson,805779,R,2025,403,639,208,32.550860719874805,101.43321492697567,8.894806630713557,100.75381338137412,9.777513850370232,101.59319735592416,0.27939807379662157,0.5312156825919123,3.623998464093938,0.17240826911299353,37.06462112510036
R/R,62,Willy Adames,642715,R,2025,505,1056,289,27.367424242424242,101.242047990884,8.614874424836666,100.575975833896,9.409277019513768,102.61186681596114,0.2134832606056882,0.46036038201307516,3.4875128778939137,0.16172716443605933,37.06462112510036
R/R,63,Jordan Beck,687597,R,2025,453,875,234,26.74285714285714,101.07887102498611,9.188911635447624,100.2635998083384,10.17228400201509,97.23234209696292,0.09770227024711683,0.3998794578395912,3.770318525116089,0.1839980497689781,37.06462112510036
R/R,64,Ke'Bryan Hayes,663647,R,2025,447,803,209,26.027397260273972,100.74367533671958,8.61481165820101,99.98146587696947,9.40919523899793,95.96644270635764,-0.006869602480129943,0.2756404459559243,3.4874825662555637,0.16172480780669346,37.06462112510036
R/R,65,Manny Machado,592518,R,2025,491,977,299,30.60388945752303,100.74048902339263,9.247902323077822,99.83480233901203,10.252487434116164,93.99738657929038,-0.06122988715271706,0.27445945099343316,3.8000456233536792,0.18636808281442277,37.06462112510036
R/R,66,Agustín Ramírez,682663,R,2025,418,751,240,31.957390146471372,100.33523823716125,9.248597473144608,99.33654151415892,10.253434647488396,97.60445013346414,-0.24590837409932292,0.12425478247028005,3.800396704401343,0.18639610185049482,37.06462112510036
R/R,67,Carlos Narváez,665966,R,2025,316,623,185,29.69502407704655,100.2547520894709,11.322363443522901,98.53369926053146,13.337577192739145,102.06930332500754,-0.5434788136385581,0.09442289677066606,4.943522453756561,0.279356803315188,37.06462112510036
R/R,68,Adolis García,666969,R,2025,403,808,290,35.89108910891089,99.585008823789,11.432202316429157,97.55033734254386,13.518145664706713,96.94421012351988,-0.9079581828291846,-0.15381490716520752,5.010449473762723,0.28480320526199804,37.06462112510036
R/R,69,Thomas Saggese,695336,R,2025,227,448,152,33.92857142857143,99.57058230841837,12.136840859949427,97.1483153491355,14.72884616240484,,-1.0569661115255695,-0.15916204042888205,5.4591910261942385,0.32099360805545374,37.06462112510036
R/R,70,Freddy Fermin,666023,R,2025,239,444,135,30.405405405405407,99.32061004904672,10.602059564747787,97.5773097302669,12.201141240602672,88.95620155551825,-0.897960969511243,-0.25181331128283657,4.52230677376775,0.24494329133603723,37.06462112510036
R/R,71,Shea Langeliers,669127,R,2025,400,755,223,29.5364238410596,98.40454075057917,9.195925530517188,96.98358678818465,10.181801759574444,90.15630995290024,-1.1180221285268317,-0.5913509260031982,3.77384624589507,0.1842790483466034,37.06462112510036
R/R,72,Willson Contreras,575929,R,2025,412,744,242,32.526881720430104,98.33513025912326,9.733956328350539,96.68044943899014,10.927193050349434,96.22950237155328,-1.2303788384944514,-0.6170776616824026,4.050122703720315,0.2064732797195437,37.06462112510036
R/R,73,Austin Riley,663586,R,2025,344,673,196,29.123328380386333,97.75706616548432,10.150825201705834,95.74832706779567,11.527119285151569,90.0234943427165,-1.575866463799981,-0.8313349278499214,4.272483089679806,0.22453692356797889,37.06462112510036
R/R,74,Wilmer Flores,527038,R,2025,314,616,190,30.844155844155846,97.11123305674548,10.15043844012443,94.91570742000545,11.526552922697523,91.80043500058872,-1.884473781666574,-1.0707105227044331,4.272273169582019,0.2245198135105192,37.06462112510036
R/R,75,Jorge Soler,624585,R,2025,264,545,140,25.688073394495415,97.08839886347148,11.481441029071897,94.02285078292377,13.599764243103431,99.61752563764612,-2.215407711391207,-1.0791739299284122,5.040701090613159,0.287261794114337,37.06462112510036
R/R,76,Dansby Swanson,621020,R,2025,506,951,244,25.65720294426919,97.02374042110115,8.225106511183917,95.6973492863316,8.907892632925694,91.30973703007146,-1.5947611853576207,-1.1031393366183653,3.3016766546246354,0.14742397965029255,37.06462112510036
R/R,77,Ernie Clement,676391,R,2025,401,651,232,35.63748079877112,96.82226442524298,10.030393539838016,94.61171539385123,11.351659784772963,92.60276007209328,-1.9971472744111478,-1.1778156511412208,4.207449690636482,0.2192406167202097,37.06462112510036
R/R,78,Isiah Kiner-Falefa,643396,R,2025,335,539,174,32.28200371057514,96.56006057725214,8.85535550459796,94.8835479230451,9.725185786583669,92.78285403266368,-1.8963935773706644,-1.2750005139744567,3.6046032655093483,0.17088229629249083,37.06462112510036
R/R,79,Miguel Andújar,609280,R,2025,248,455,156,34.285714285714285,96.3674964828735,11.29878486323601,93.15815835781203,13.299081505406436,91.73836373207102,-2.5359026826563142,-1.3463736659788785,4.929254173097188,0.2781945056421067,37.06462112510036
R/R,80,Heliot Ramos,671218,R,2025,503,931,283,30.397422126745433,96.29196001334307,8.325481877555829,94.79700654713544,9.03580437712957,91.13207849725288,-1.9284698104680256,-1.3743709722216144,3.34908665798831,0.15104412202428882,37.06462112510036
R/R,81,Andy Pages,681624,R,2025,469,799,273,34.16770963704631,95.57705905017043,9.103634974778451,93.56755177694778,10.05695541189038,93.03447500908608,-2.384162562942554,-1.6393463056412423,3.727572420137445,0.1805987503082061,37.06462112510036
R/R,82,Lourdes Gurriel,666971,R,2025,389,688,237,34.44767441860465,94.37694374170937,9.797195590580982,91.64810315554293,11.016884240894088,101.76871559006128,-3.0955989221572286,-2.0841644977866682,4.083366403678283,0.20916481280223134,37.06462112510036
R/R,83,Nolan Arenado,571448,R,2025,324,609,198,32.51231527093596,94.26495076834784,10.693164785338928,90.80379765384791,12.34058522847336,92.68616468317538,-3.4085375574988634,-2.1256742690498505,4.573991159553751,0.24917105355434332,37.06462112510036
R/R,84,Ty France,664034,R,2025,344,660,211,31.96969696969697,94.22226955881342,9.537431012273812,91.63327784163899,10.651330281236984,90.4789778072323,-3.10109386858633,-2.1414938976553937,3.9478752135235746,0.19822019024581816,37.06462112510036
R/R,85,Joey Bart,663698,R,2025,245,509,120,23.575638506876228,94.05399627994142,10.829554456014783,90.401060443916,12.551569466409086,89.38185274038874,-3.557810578489925,-2.2038637509240866,4.652191667978308,0.25556786707955903,37.06462112510036
R/R,86,Andrew Vaughn,683734,R,2025,315,593,178,30.016863406408095,94.02520833074614,11.70101914402951,89.48841543959371,13.968982951901406,95.94170253997945,-3.8960789915591394,-2.2145338952230054,5.177550606152116,0.2983544015643372,37.06462112510036
R/R,87,Dillon Dingler,693307,R,2025,346,592,199,33.61486486486486,93.77846277250116,11.056225449271654,89.81485719763472,12.908352040286013,98.39220397442016,-3.775084590747121,-2.3059892015295214,4.784431777226173,0.2663782989619729,37.06462112510036
R/R,88,Harrison Bader,664056,R,2025,343,667,220,32.98350824587706,93.35637347214136,10.134636595988518,90.0868849935844,11.50342916711728,79.70055413465289,-3.6742585188234074,-2.4624350015174663,4.263702437186308,0.22382130860288277,37.06462112510036
R/R,89,Ryan Mountcastle,663624,R,2025,266,496,195,39.314516129032256,92.51452665349473,12.425632650313249,86.33870929448625,15.253941552992606,88.99246523339913,-5.063505640797222,-2.7744623353025495,5.65381564326096,0.33645120617745855,37.06462112510036
R/R,90,Teoscar Hernández,606192,R,2025,420,766,232,30.287206266318538,92.13060285233718,9.167893905956747,89.31345863126973,10.143792625425261,85.96138712055473,-3.9609260696969932,-2.9167622376106817,3.7597583043297433,0.18315729764143487,37.06462112510036
R/R,91,Christian Walker,572233,R,2025,505,979,282,28.804902962206334,91.57082569347583,8.37196722051462,89.20503933194485,9.095320865831896,84.76129945152375,-4.001111272218246,-3.1242415206874936,3.3711462190327897,0.15273554115026486,37.06462112510036
R/R,92,Nick Gonzales,693304,R,2025,310,486,160,32.92181069958848,90.95641622796546,8.843540911561606,88.13408610122048,9.709542951086332,87.08428058682915,-4.398056029613258,-3.3519700612356615,3.598805307799038,0.17042662672604147,37.06462112510036
R/R,93,Junior Caminero,691406,R,2025,461,884,286,32.35294117647059,90.8398537046652,10.996101668956776,85.88332289417033,12.812950283869068,87.2497462728996,-5.232292884729549,-3.3951735188707572,4.7490714776635405,0.26348904461851913,37.06462112510036
R/R,94,Jake Burger,669394,R,2025,275,505,217,42.97029702970297,90.77412604564024,14.133824551775957,80.04291411723278,18.80861816097529,84.98798221411833,-7.397018270058559,-3.4195352266627563,6.97134306023231,0.4353158311146896,37.06462112510036
R/R,95,J. T. Realmuto,592663,R,2025,383,797,262,32.8732747804266,90.16794706913883,10.100963559410474,86.01476882877519,11.454257289153244,87.22970155420175,-5.183572947083911,-3.644213167643019,4.24547706691884,0.22233645567045088,37.06462112510036
R/R,96,José Altuve,514888,R,2025,527,1005,390,38.80597014925373,89.57382454417962,10.180867275967051,85.16208498916522,11.57116944341651,81.1642505304956,-5.499616981630306,-3.864422430538032,4.288810113945713,0.2258679556304614,37.06462112510036
R/R,97,Mark Vientos,668901,R,2025,325,602,194,32.22591362126246,89.48551559997286,10.953180448695797,84.10186587571995,12.745186773075377,90.87906901909984,-5.892583179124693,-3.897153806127843,4.723955189126793,0.26143609897457964,37.06462112510036
R/R,98,Trea Turner,607208,R,2025,435,821,255,31.059683313032888,89.33611712429345,8.257264884316593,86.65597540191655,8.948784379808025,84.676695325592,-4.9459121601198275,-3.9525277851050875,3.3168330256780063,0.14857902446643165,37.06462112510036
R/R,99,Julio Rodríguez,677594,R,2025,521,915,344,37.595628415300546,89.13832984955337,9.515886989816673,85.31408171524232,10.621346888160264,92.1357206720822,-5.443279970987271,-4.025836889121159,3.9367619824792386,0.1973256858512216,37.06462112510036
R/R,100,Jeremy Peña,665161,R,2025,436,742,257,34.63611859838275,88.97930859308977,9.195580598402316,85.42943237161381,10.181333576525725,85.2647718089404,-5.400525687237861,-4.084777515337768,3.77367271562189,0.18426522427429046,37.06462112510036
R/R,101,Josh Jung,673962,R,2025,366,675,222,32.88888888888889,88.75733269498924,11.075682132765047,82.94273061830012,12.939346017388852,91.83156871737138,-6.3222122706148065,-4.167052040957767,4.79591957741094,0.26731666597358034,37.06462112510036
R/R,102,Brent Rooker,667670,R,2025,539,1010,272,26.930693069306933,88.57525349847765,7.890655685070298,86.04490776546523,8.487415281530984,86.6825765166162,-5.1724020643886135,-4.234539005292416,3.145828317413329,0.13567856934086583,37.06462112510036
R/R,103,Royce Lewis,668904,R,2025,285,508,170,33.46456692913386,87.70266048618015,10.876132903057133,81.80152255110201,12.624248966114198,90.56297198337008,-6.745196716970868,-4.5579622992645845,4.679130049179626,0.2577710148005331,37.06462112510036
R/R,104,Cam Smith,701358,R,2025,355,675,219,32.44444444444444,87.06639009649146,9.173431908952086,83.1078687189414,10.151295605631317,84.10503660096981,-6.2610044592789285,-4.7937935085339,3.76253925551621,0.18337864226706732,37.06462112510036
R/R,105,Luis Robert,673357,R,2025,317,597,207,34.67336683417086,86.23215616466047,10.783849317218381,79.96544535043171,12.480564933825534,88.07102628545155,-7.425731774963663,-5.102999154664083,4.625874106994567,0.2534152178478395,37.06462112510036
R/R,106,Austin Hays,669720,R,2025,312,606,216,35.64356435643564,85.66098230897029,11.651053089644584,77.66549375286067,13.88419793571386,86.42295197428636,-8.278200120664064,-5.314702580241278,5.1461253611313476,0.29581175760480927,37.06462112510036
R/R,107,Zach Neto,687263,R,2025,441,920,271,29.456521739130437,85.63332188249382,10.171689713550794,80.08480430578894,11.557700499874187,78.4680116832563,-7.381491830381632,-5.324954812516369,4.283817901052197,0.22546092096694248,37.06462112510036
R/R,108,Jo Adell,666176,R,2025,466,934,317,33.940042826552464,84.96397932745906,10.359358928068009,78.94144911706806,11.835266221875578,83.9504272230221,-7.8052720991951965,-5.5730440945690685,4.386696584285163,0.23385724590969173,37.06462112510036
R/R,109,Trevor Story,596115,R,2025,483,879,311,35.381114903299206,83.28537177797499,9.41633279059001,78.15804410131386,10.483440356390552,78.96854580834976,-8.095638200159527,-6.195213622962668,3.885647448972029,0.1932184826446843,37.06462112510036
R/R,110,Lenyn Sosa,672820,R,2025,403,753,303,40.23904382470119,82.99702733740835,10.946640534132568,75.32899841338087,12.734886414838494,89.83382066307253,-9.144213265847878,-6.302087397393981,4.720137400371764,0.26112399614285964,37.06462112510036
R/R,111,Jackson Chourio,694192,R,2025,441,804,306,38.059701492537314,82.59779455424275,9.508453045903504,77.17621755280713,10.611012490308346,84.09609182163044,-8.459548490469194,-6.450061515881507,3.932931577069865,0.19701749911082284,37.06462112510036
R/R,112,Dylan Crews,686611,R,2025,243,442,138,31.221719457013574,81.55454424842924,9.949780593413085,75.18939147558261,11.235202740751927,,-9.195958048407157,-6.8367382891177355,4.164285328496593,0.21573076205738279,37.06462112510036
R/R,113,Byron Buxton,621439,R,2025,415,786,240,30.53435114503817,81.35567014085282,9.831419843785964,75.12815605564245,11.065615552096839,89.69365162892737,-9.218654724802342,-6.910450223606862,4.101428479544875,0.21062870371943465,37.06462112510036
R/R,114,Nick Castellanos,592206,R,2025,400,789,316,40.050697084917616,81.19656173136326,11.244848505932568,72.25918721710616,13.211369970857533,71.0642843193403,-10.282027155003014,-6.969423152762337,4.896744225133626,0.2755448429274758,37.06462112510036
R/R,115,Salvador Pérez,521692,R,2025,492,951,385,40.483701366982125,80.05336967733085,11.14571008189912,70.9067846210502,13.051394519986678,72.67433503698011,-10.783290053317174,-7.393142956321702,4.837449930375173,0.2707076656004362,37.06462112510036
R/R,116,Eugenio Suárez,553993,R,2025,471,901,293,32.51942286348501,79.75222494064245,9.790351508994538,73.16699757285943,11.0071552927828,79.75658375532205,-9.945550686108634,-7.504761112013441,4.079760405921376,0.20887268001570203,37.06462112510036
R/R,117,Brenton Doyle,686668,R,2025,403,729,221,30.315500685871054,78.17978844572521,8.79237601196606,72.80822165559405,9.641947423704233,82.42472803252232,-10.078529620531153,-8.087578741287325,3.573751281677349,0.16846030200147594,37.06462112510036
R/R,118,Ezequiel Tovar,678662,R,2025,301,580,243,41.89655172413793,77.62636601041211,11.184557219782544,67.48244211451743,13.113890393060734,78.56940430722639,-12.052509629389311,-8.292702670157428,4.860613788948895,0.27259799730488077,37.06462112510036
R/R,119,Pedro Pagés,686780,R,2025,276,484,170,35.12396694214876,75.37964972991075,11.432211569215944,63.70597706521663,13.51816096269858,65.1732634615594,-13.452242091834487,-9.125439547281204,5.010455143905448,0.28480366627980175,37.06462112510036
R/R,120,Ceddanne Rafaela,678882,R,2025,424,738,322,43.63143631436314,74.44951688780249,9.326186244996334,67.37636862506622,10.359466689719499,70.79041836975605,-12.091825366368575,-9.470189761168758,3.839697079125508,0.18953666631692034,37.06462112510036
R/R,121,Logan O'Hoppe,681351,R,2025,373,740,239,32.2972972972973,72.61035997663629,9.834875948787987,64.0416984805895,11.070544180227555,75.63619744539974,-13.327808221190708,-10.15186630218861,4.103255256888191,0.21077681719225994,37.06462112510036
R/R,122,Yainer Diaz,673237,R,2025,450,812,365,44.95073891625616,72.21837807713084,9.970723645495942,63.23704673225367,11.265382783275665,70.18238019114472,-13.62604934308788,-10.297152908119276,4.175471446913411,0.2166398907605348,37.06462112510036
R/R,123,Jordan Walker,691023,R,2025,288,613,208,33.931484502446985,69.82737942040039,10.577706798095278,58.58500007632542,12.164065124660855,63.45934539220319,-15.350312810670586,-11.183367501342657,4.5085646518660125,0.24381932179586804,37.06462112510036
R/R,124,Gabriel Arias,672356,R,2025,336,637,249,39.0894819466248,61.39640223551761,10.136420142876148,48.90517390657933,11.506037572092664,61.09275262056143,-18.938103706055287,-14.308277252063107,4.264669232607842,0.22390009404740374,37.06462112510036
R/R,125,Javier Báez,595879,R,2025,301,562,255,45.37366548042704,59.15405265649352,11.688845538596835,39.84666097847761,13.948283705430226,57.66115177901416,-22.295607202424428,-15.139395627828671,5.169878508871823,0.29773391554543066,37.06462112510036
R/R,126,Hunter Goodman,696100,R,2025,437,827,322,38.93591293833132,53.608070577605965,9.473459680112814,41.18813539499951,10.56244568156169,61.27790074361726,-21.79839479245043,-17.19499287303431,3.9149304734153647,0.19557002515484848,37.06462112510036
L/L,1,Nolan Schanuel,694384,L,2025,124,209,41,19.617224880382775,136.68664892282152,12.048152506078921,158.85405309191742,15.44928218288206,115.7659736794711,21.81403179528461,13.597767426739505,5.72621790763287,0.3918309694313268,37.06462112510036
L/L,2,Kyle Tucker,663656,L,2025,192,341,57,16.715542521994134,130.19262250154776,10.396618196332572,141.69179209830457,12.353932509366535,138.020593937576,15.452904781501124,11.190781137930474,4.57893827864731,0.291770941547086,37.06462112510036
L/L,3,Steven Kwan,680757,L,2025,223,371,82,22.10242587601078,127.49906767209248,10.027410548516011,136.89375030569732,11.747595395493779,132.40870878895137,13.674528769647269,10.192425245596032,4.354201724649505,0.2714159958667543,37.06462112510036
L/L,4,Bryson Stott,681082,L,2025,123,241,50,20.74688796680498,125.34431775519482,12.853970198502353,143.91202741696895,17.269566104740587,140.14125595616042,16.275826590449736,9.393775352704498,6.40089924667085,0.44599749926194415,37.06462112510036
L/L,5,Cedric Mullins,656775,L,2025,131,259,67,25.868725868725868,122.30301938217882,12.536616811073454,137.05696952031133,16.521982655110833,115.36417012109104,13.735025353147309,8.266529633462277,6.123810273471626,0.42424677483456463,37.06462112510036
L/L,6,Brice Turang,668930,L,2025,192,341,78,22.87390029325513,121.22169447310553,11.689645921794826,132.2917416923705,14.714252723180932,119.15139562400938,11.968811712973197,7.865740652782928,5.453782023236775,0.36885914860881364,37.06462112510036
L/L,7,J. P. Crawford,641487,L,2025,213,371,69,18.598382749326145,121.18829339903175,10.135779767443124,128.44386089519537,11.922914182782383,124.23692484587842,10.542609274154747,7.853360671225764,4.419182968919146,0.27731424399817733,37.06462112510036
L/L,8,Juan Soto,665742,L,2025,248,487,98,20.123203285420946,119.5848140107475,12.333968443359145,131.64204002468014,16.06620455722723,144.23864508222138,11.728002251400303,7.259037111139128,5.954877848319881,0.41064213774033226,37.06462112510036
L/L,9,Chandler Simpson,802415,L,2025,113,164,54,32.926829268292686,118.67018902045938,13.191130142621544,133.18733198001235,18.114308739228086,113.82986317447448,12.300758859920842,6.920034823773355,6.713999903625833,0.46970140188443904,37.06462112510036
L/L,10,Mike Yastrzemski,573262,L,2025,104,189,51,26.984126984126984,116.12774161831487,14.453531110993897,134.03373550038498,21.886851646111978,129.36213197261955,12.614475117936475,5.9776863268635365,8.112278638844195,0.5639047715621942,37.06462112510036
L/L,11,Trent Grisham,663757,L,2025,156,282,53,18.79432624113475,115.15633341974716,11.264188293730077,121.86362603513788,13.891567732821157,134.42635121858473,8.103670154132661,5.6176375584862495,5.148856948506856,0.342497692134127,37.06462112510036
L/L,12,Luis Arráez,650333,L,2025,206,340,105,30.88235294117647,114.76227652458965,10.645459209629317,120.26345918099919,12.77776680289493,114.53337912931715,7.5105743722767135,5.4715818632787885,4.736030853741855,0.3059050500611028,37.06462112510036
L/L,13,Nathaniel Lowe,663993,L,2025,172,320,78,24.375,112.94906241654326,11.34975225142714,118.63650300025988,14.053017934490125,103.69592228745786,6.907549228014286,4.799520923944524,5.208697854061168,0.34772075143375525,37.06462112510036
L/L,14,Brendan Donovan,680977,L,2025,168,297,84,28.28282828282828,112.91398707195705,12.08395709176684,119.83246085890563,15.524992127540944,127.32608288623976,7.350826477137197,4.786520380365324,5.754279511774708,0.39416330904128294,37.06462112510036
L/L,15,Rafael Devers,646240,L,2025,239,433,122,28.17551963048499,112.76680483161084,10.609984121833381,117.34435785743781,12.7165542153254,120.99408423579206,6.428620526440899,4.731967840617565,4.713342640078339,0.3038696419876867,37.06462112510036
L/L,16,Kyle Schwarber,656941,L,2025,276,594,127,21.38047138047138,112.22832847140693,12.299041025002829,119.0935801927813,15.98923552357051,108.41909447992325,7.076963157671594,4.532383617859752,5.926349567611367,0.40831971216109203,37.06462112510036
L/L,17,Jake Cronenworth,630105,L,2025,164,308,65,21.1038961038961,112.11362410216493,11.490695735217324,117.55925467582128,14.32325921726495,118.69167082807289,6.5082712179846265,4.489868877986273,5.308861761645269,0.35641050511314315,37.06462112510036
L/L,18,Jonathan Aranda,666018,L,2025,99,179,42,23.463687150837988,111.36689358841264,13.472062092239206,120.09452488025221,18.863198119988713,116.33170264646216,7.447959513754508,4.213096042238467,6.99157291525087,0.48992093500140893,37.06462112510036
L/L,19,Michael Busch,683737,L,2025,94,168,36,21.428571428571427,111.05705592896543,12.708630510416105,117.84117136793319,16.921823736269822,115.32829108893505,6.612762571804321,4.09825588766148,6.272009855305711,0.43596874230673105,37.06462112510036
L/L,20,Jackson Holliday,702616,L,2025,179,305,68,22.295081967213115,110.41049630570947,11.677104008144658,115.14600307326609,14.689262722472368,120.57289444715778,5.61380865470213,3.858611012953787,5.444519574154985,0.36806806941295495,37.06462112510036
L/L,21,Ryan McMahon,641857,L,2025,129,239,59,24.686192468619247,110.34768632005249,12.44740239488213,116.14737352837685,16.319359613264957,109.37206335173038,5.984962819947626,3.8353307297412953,6.048708810699299,0.41823011872932037,37.06462112510036
L/L,22,Josh Smith,669701,L,2025,121,223,64,28.699551569506728,110.13734563706014,13.559026316895256,117.87805998918836,19.104163861034696,116.19189689842466,6.626435199510821,3.7573687525182304,7.080885954210855,0.49626637889581104,37.06462112510036
L/L,23,Brandon Nimmo,607043,L,2025,202,367,103,28.065395095367844,109.27400373304104,10.983448124375862,112.6512155236957,13.374951015563427,118.54144187384398,4.68912510157769,3.4373743467793276,4.957374919586347,0.3256381303474865,37.06462112510036
L/L,24,Matt Wallner,670242,L,2025,98,165,49,29.6969696969697,108.61386026201943,12.08671634876837,112.73773678103325,15.530844818529305,92.19153629805004,4.721193877802531,3.192694670363081,5.756448789515167,0.39434333649972014,37.06462112510036
L/L,25,Gunnar Henderson,683002,L,2025,210,384,99,25.78125,108.5353356198168,13.025283930419322,113.82032993789707,17.691860860455098,98.64866474597513,5.122452929720366,3.163589809240833,6.557421197907602,0.4579649535542046,37.06462112510036
L/L,26,Jeff McNeil,643446,L,2025,107,192,53,27.604166666666668,108.06121337243025,13.181215605556767,113.1671778663041,18.088660449136572,108.51843092008812,4.880364589013689,2.9878581945771945,6.704493462078347,0.46899560612004537,37.06462112510036
L/L,27,Matt Olson,621566,L,2025,215,440,126,28.636363636363637,107.65618290750886,12.46943600242512,111.54456747516215,16.369109168550697,122.83282632957236,4.278950195200418,2.8377351873128527,6.067148294877382,0.4197120784213228,37.06462112510036
L/L,28,Nolan Gorman,669357,L,2025,93,168,48,28.57142857142857,107.57458691917303,14.222760602911231,113.9429616840094,21.109396682476945,86.25147484523357,5.167905921796001,2.8074919433828924,7.824117902154584,0.5460414941755137,37.06462112510036
L/L,29,Zach McKinstry,656716,L,2025,118,197,49,24.873096446700508,106.94048743733586,13.689337693076652,111.71118109099659,19.473926719819122,118.224859078299,4.340704900652283,2.572465372883727,7.217937156880642,0.505851124929473,37.06462112510036
L/L,30,Bryce Harper,547180,L,2025,229,465,185,39.784946236559136,105.77342540840664,12.510468129059872,108.32888434415277,16.46226591092754,86.11382093811284,3.0870694261080236,2.139898253566198,6.1016764884918455,0.42247884575799244,37.06462112510036
L/L,31,TJ Friedl,670770,L,2025,197,341,63,18.475073313782993,105.7557125884391,9.374109335565741,106.83648014926688,10.733099823848935,116.01289955494082,2.5339154656184646,2.133333063954656,3.978182784688422,0.2372017427498817,37.06462112510036
L/L,32,Corbin Carroll,682998,L,2025,201,335,99,29.55223880597015,105.63804610590911,12.462303589870094,108.061965080822,16.352984091301767,94.56411707402012,2.988136812444566,2.0897204280136874,6.061171596088935,0.4192320721802132,37.06462112510036
L/L,33,Jung Hoo Lee,808982,L,2025,167,279,79,28.31541218637993,104.38688413935695,11.704998269786342,105.62325849862525,14.744906638665881,114.37908786150722,2.084239457400455,1.6259819854497746,5.46514378087128,0.36982865147343047,37.06462112510036
L/L,34,Cody Bellinger,641355,L,2025,175,340,91,26.764705882352942,104.28686221165218,11.86538351661703,105.51695043509065,15.069454209528855,108.55365891590432,2.0448367764259245,1.5889092369039788,5.585436108382358,0.38003308451355,37.06462112510036
L/L,35,Nolan Jones,666134,L,2025,84,170,50,29.411764705882355,102.33218833026228,15.120396865236104,102.41605741391803,24.436759821784218,107.46604620589385,0.8955025266336148,0.8644167685355219,9.05739244319507,0.6171407539421765,37.06462112510036
L/L,36,Ryan O'Hearn,656811,L,2025,108,204,58,28.431372549019606,101.65601833785614,13.851706653207065,100.98547179131826,19.950080879943226,100.8930321628039,0.36526138574685246,0.6137969226885603,7.394421892302044,0.5179220696227654,37.06462112510036
L/L,37,Josh Lowe,666139,L,2025,125,256,95,37.109375,101.4198610258239,13.77900126455953,100.51544860855624,19.73468252826671,98.15882471961292,0.191049073855973,0.5262661097245943,7.314585309343432,0.512499358636015,37.06462112510036
L/L,38,Victor Scott,687363,L,2025,130,210,49,23.333333333333332,100.094826092133,11.712987527655525,98.80953900721126,14.76088674118486,107.129516699045,-0.44123985661925663,0.03514693177683442,5.471066745325341,0.37033367757385677,37.06462112510036
L/L,39,Riley Greene,682985,L,2025,200,392,121,30.86734693877551,99.86117484945841,12.599412895068154,98.04741078640937,16.666524845618202,93.06483671424309,-0.7237197941469411,-0.05145501607459324,6.177384288749104,0.42850753500063643,37.06462112510036
L/L,40,Gavin Sheets,657757,L,2025,153,266,83,31.203007518796994,98.83872698296058,11.49091067788088,96.93280174831914,14.323675526413494,89.31875548218196,-1.1368454111412136,-0.43042144399368165,5.309016065053886,0.3564238391255578,37.06462112510036
L/L,41,Tyler Soderstrom,691016,L,2025,146,246,86,34.959349593495936,98.22399036470372,14.410645041578025,93.0497775141742,21.738785421368593,89.28820104561565,-2.5760736317228687,-0.6582712424678405,8.05739845362882,0.5605633347202436,37.06462112510036
L/L,42,Lars Nootbaar,663457,L,2025,179,340,77,22.647058823529413,97.97232870068714,11.889081011205928,95.31460313072911,15.118089176404983,127.79717606820056,-1.736624597802568,-0.7515486847527115,5.603462474589312,0.3815526013764143,37.06462112510036
L/L,43,Alec Burleson,676475,L,2025,127,217,64,29.493087557603687,97.88733967115587,13.67937985461292,93.4037070295372,19.44529194859758,102.39924828936876,-2.444890997803667,-0.783049546546374,7.207323787417336,0.5051154645434875,37.06462112510036
L/L,44,Roman Anthony,701350,L,2025,98,207,52,25.120772946859905,97.73401524122414,15.866978928152653,88.09168556462893,28.03112522630373,113.55519488913706,-4.413771627855919,-0.8398786655927934,10.389630362231907,0.6795889930445634,37.06462112510036
L/L,45,Nick Kurtz,701762,L,2025,154,290,78,26.89655172413793,97.60080781891932,12.95131648928492,93.72905187435471,17.50782881343776,112.38487915359356,-2.324303163722011,-0.8892514919805863,6.4892104169318605,0.45277837744812144,37.06462112510036
L/L,46,Jazz Chisholm,665862,L,2025,145,268,72,26.865671641791046,97.26556261964268,12.76119517289171,93.33219195963046,17.046513506195716,109.43313649280724,-2.4713977875119486,-1.013508854932558,6.318225646110504,0.4395826553539751,37.06462112510036
L/L,47,Freddie Freeman,518692,L,2025,175,307,91,29.64169381107492,96.77893496145383,13.010360360070205,92.15055663266014,17.654518491346096,100.56940380579512,-2.9093664445338407,-1.1938755527302085,6.543580390278214,0.456916138498957,37.06462112510036
L/L,48,Ben Rice,700250,L,2025,120,240,62,25.833333333333336,94.75580367484619,13.363247781726963,87.75329272483488,18.567924294427094,113.1353931868148,-4.539195651840053,-1.9437414989746928,6.882130790524866,0.4820386800981247,37.06462112510036
L/L,49,Kyle Stowers,669065,L,2025,105,179,63,35.19553072625698,94.39942578009554,12.983547479188443,87.81917620836686,17.58769700016775,102.80892761365784,-4.514776188284907,-2.075831615437632,6.518813257742818,0.4550347741941978,37.06462112510036
L/L,50,Corey Seager,608369,L,2025,147,276,77,27.898550724637683,94.2240401180735,11.520754231731681,89.72625927745165,14.381603677177097,107.0681054360297,-3.807923074187695,-2.14083764657385,5.3304869146591916,0.35827761158760346,37.06462112510036
L/L,51,Christian Yelich,592885,L,2025,207,400,106,26.5,93.03981872070985,10.94433103192106,88.6246974250602,13.304496340652909,92.05124520501283,-4.216212801235222,-2.579764820789059,4.931261161265843,0.3233227674942696,37.06462112510036
L/L,52,Sal Frelick,686217,L,2025,173,268,80,29.850746268656714,92.54095452054561,10.84565856746866,88.00986577089347,13.128364982527527,110.61589365069943,-4.444097824409309,-2.764666946508696,4.865978740694176,0.31751898879128804,37.06462112510036
L/L,53,Lawrence Butler,671732,L,2025,123,219,56,25.570776255707763,91.56972327154891,13.727535303148684,80.48093982438789,19.584364300210574,96.29234614455478,-7.234665701270979,-3.124650129197901,7.258870427632461,0.5086780347695331,37.06462112510036
L/L,54,Kody Clemens,665019,L,2025,88,167,46,27.54491017964072,90.75145490956216,14.140055900502341,77.23357500857514,20.841796060360018,82.5579287330128,-8.438289166801784,-3.427938197354856,7.724932745438533,0.5397095452256306,37.06462112510036
L/L,55,Josh Naylor,647304,L,2025,191,340,143,42.05882352941177,90.32433727538763,12.474224633297725,81.66544765226907,16.379946617868324,97.08474767524902,-6.795632362669663,-3.5862477302201383,6.071165154406584,0.4200345039321524,37.06462112510036
L/L,56,Shohei Ohtani,660271,L,2025,243,457,139,30.41575492341357,90.16276346321567,11.195359178873668,83.96694994035434,13.763079616821132,108.8631507888309,-5.942589259405339,-3.646134451539056,5.101233315120667,0.3383248588636725,37.06462112510036
L/L,57,Colton Cowser,681297,L,2025,93,163,39,23.92638036809816,89.43624637444805,13.05642681648689,78.48819628810008,17.770138422439196,84.13420481312524,-7.973268542990979,-3.9154152578998866,6.586434479682974,0.460157520069723,37.06462112510036
L/L,58,Austin Wells,669224,L,2025,136,281,86,30.604982206405694,87.93479223957354,12.618537817502856,77.12126226948509,16.71086799194855,81.96116518095953,-8.479917458020738,-4.471923544358273,6.193819907931396,0.4298094041041711,37.06462112510036
L/L,59,Brandon Marsh,669016,L,2025,90,175,56,32.0,87.72350418299042,14.765395698581097,66.90536201344426,23.017666079272818,97.23374347765292,-12.266402182440425,-4.550236662013391,8.531410724123212,0.58850211301754,37.06462112510036
L/L,60,Luis García,671277,L,2025,106,174,63,36.206896551724135,86.79076000351749,13.844026229541589,70.18789668525082,19.92715523718959,86.65553206198524,-11.049743143035272,-4.895954758201462,7.385924589674915,0.5173478792781463,37.06462112510036
L/L,61,Oneil Cruz,665833,L,2025,124,261,72,27.586206896551722,84.89218400835793,12.802540263514217,71.09456474062641,17.14544117925204,91.21759162757488,-10.713690063447991,-5.599654757579454,6.354892813316708,0.44243568384555293,37.06462112510036
L/L,62,Jarren Duran,680776,L,2025,211,381,134,35.170603674540686,84.70613670634326,10.82965403699083,76.56524243965931,13.10000797888604,82.19302272075426,-8.686004101326088,-5.668612485184665,4.855468324732028,0.31658257855233674,37.06462112510036
L/L,63,James Wood,695578,L,2025,227,443,130,29.345372460496616,83.54879558340402,10.67694044082644,75.22278067756889,12.83231423146421,90.48407925300172,-9.183582467194247,-6.097576587527078,4.756248651474543,0.3077169976616458,37.06462112510036
L/L,64,Trevor Larnach,663616,L,2025,117,225,63,28.000000000000004,81.34771272197804,13.16909901666274,62.92356016271707,18.057384906125947,83.00424498276442,-13.742241952364695,-6.913399610764135,6.692901300556641,0.46813377132460304,37.06462112510036
L/L,65,Vinnie Pasquantino,686469,L,2025,164,286,93,32.51748251748251,78.88201025300422,12.431458591000556,62.1351385003144,16.28347849329567,92.47898880562688,-14.034467454402463,-7.827302888961525,6.035409609527242,0.41715938795939317,37.06462112510036
L/L,66,CJ Abrams,682928,L,2025,200,339,129,38.05309734513274,76.44796333099411,12.612673917466527,57.00737735763406,16.697255789647528,93.99754172966604,-15.935052694137045,-8.72947315861174,6.188774596721741,0.42941002759878844,37.06462112510036
L/L,67,Michael Harris,671739,L,2025,182,277,118,42.59927797833935,76.37250049377515,11.193125380753822,63.13349647958759,13.758929978533677,69.39243324706443,-13.664429851912645,-8.7574431733172,5.099695267411359,0.33818986113387867,37.06462112510036
L/L,68,Jackson Merrill,701538,L,2025,170,299,116,38.79598662207358,76.06575309636871,12.453439998637458,57.18895479897337,16.332972963649095,72.76059633936094,-15.86775170345598,-8.871137933977003,6.0537545474416135,0.4186359415759145,37.06462112510036
L/L,69,Brandon Lowe,664040,L,2025,145,257,86,33.46303501945525,69.83109531023584,11.512608560418782,51.75445685571242,14.365767545869339,82.28314192088882,-17.882027776177022,-11.181990220853718,5.3246173125890985,0.3577711551729498,37.06462112510036
L/L,70,Pete Crow-Armstrong,691718,L,2025,188,348,143,41.09195402298851,66.16940100001582,13.232437565056266,33.8045728611048,18.221722702088197,71.48948821331655,-24.535084271173368,-12.539183343696129,6.753812481995389,0.4726477048162212,37.06462112510036
R/L,1,George Springer,543807,R,2025,148,280,56,20.0,145.35639781702938,11.438524170607971,162.64736026272638,13.600175151990031,137.2522775987084,23.220006726256205,16.811177006875226,5.040853392435147,0.2926229177087911,37.06462112510036
R/L,2,Seiya Suzuki,673548,R,2025,184,397,67,16.876574307304786,142.11567163301982,11.864665941355199,159.83289683000294,14.333659915755298,134.1034047225262,22.176836518212767,15.610014125070162,5.31271674113508,0.3148323691691868,37.06462112510036
R/L,3,Gleyber Torres,650402,R,2025,173,396,67,16.91919191919192,140.86262066221144,12.33694825016926,160.11415324842366,15.1902857705964,152.7166984816625,22.281083144090445,15.145575530235648,5.630221868691588,0.3403955186111243,37.06462112510036
R/L,4,Marcell Ozuna,542303,R,2025,140,335,70,20.8955223880597,136.9830865967071,13.034594016173122,157.46801951693575,16.553714647628354,128.14587076213945,21.300303702050968,13.707640927437254,6.135571616273692,0.3799822986793348,37.06462112510036
R/L,5,Geraldo Perdomo,672695,S,2025,219,379,77,20.316622691292878,136.4703186999076,11.408560145030698,149.9848594139089,13.54989239708736,140.69265338545702,18.52669876167939,13.51758544923738,5.022216279839209,0.2910918327452504,37.06462112510036
R/L,6,Vladimir Guerrero,665489,R,2025,155,298,59,19.798657718120804,135.01605703266966,12.590371368841376,152.2943171221488,15.671062135827846,121.7295759006354,19.382690511282945,12.978568872108074,5.808419806923651,0.35452382684525574,37.06462112510036
R/L,7,Rob Refsnyder,608701,R,2025,139,283,45,15.901060070671377,130.5090248203382,11.997944202217584,143.30566413477317,14.570500056998055,,16.051080337262146,11.308054458621182,5.40050064215886,0.3219452512821758,37.06462112510036
R/L,8,Adley Rutschman,668939,S,2025,110,210,33,15.714285714285714,129.40771081125683,12.507986204435621,143.3207417455555,15.513046463013717,116.8368886743008,16.056668796573334,10.899856593757518,5.749851896476817,0.34989934942887435,37.06462112510036
R/L,9,Iván Herrera,671056,R,2025,121,263,60,22.813688212927758,127.64596456922382,12.08810633479633,139.33950585788003,14.732854783230707,115.6932951367006,14.581038798709894,10.246872023962295,5.4606768063156865,0.32680213959264703,37.06462112510036
R/L,10,Ian Happ,664023,S,2025,183,331,61,18.429003021148034,127.34026343886934,10.937424951947664,136.02737113818546,12.779825359728928,135.16058146818975,13.353408613702197,10.133565058221258,4.736793850033021,0.2675460355390883,37.06462112510036
R/L,11,Chase Meidroth,805367,R,2025,156,314,63,20.063694267515924,127.02983618157472,13.07841144563903,141.57174384743564,16.64374457781968,121.42715080645648,15.40840935214924,10.018506371435969,6.1689408687983,0.38254130939033876,37.06462112510036
R/L,12,Alex Bregman,608324,R,2025,131,262,48,18.3206106870229,126.6075775642318,14.203489877391254,145.55728808986288,19.172716603767164,132.10289338860844,16.885636225378146,9.861997814749724,7.106294768575508,0.45118897615506365,37.06462112510036
R/L,13,Dane Myers,667472,R,2025,118,181,31,17.12707182320442,126.35696583419876,9.203067311204093,131.6848970636199,10.221992493093394,,11.743887050508764,9.769109526517918,3.7887427890012666,0.18942336388604605,37.06462112510036
R/L,14,Tommy Pham,502054,R,2025,120,216,42,19.444444444444446,126.1321553591069,11.681330043113208,136.04720287319617,14.013785038833667,119.76619287982751,13.360759171146455,9.685784375675581,5.1941563299296964,0.3051777994261829,37.06462112510036
R/L,15,Mookie Betts,605141,R,2025,187,357,79,22.128851540616246,125.77676497129153,12.289648914303607,137.11057283404102,15.10225293183881,128.5683110638397,13.754893218291722,9.55406027491679,5.597592830540416,0.33779039822739293,37.06462112510036
R/L,16,Mitch Garver,641598,R,2025,155,309,59,19.093851132686083,125.58823791249134,13.112151419104723,139.35158208307925,16.713451596117253,,14.585514805826204,9.484183434854206,6.194777511027898,0.38451763235244923,37.06462112510036
R/L,17,Paul Goldschmidt,502671,R,2025,165,304,64,21.052631578947366,125.32989205043516,12.5505927547685,137.17160916674774,15.59455501593676,118.49041757345636,13.777516103758124,9.388428519890706,5.7800627328022935,0.3522871670874425,37.06462112510036
R/L,18,Heriberto Hernandez,681715,R,2025,125,248,54,21.774193548387096,123.8255799739952,14.210895839346357,140.519849561783,19.190944084524027,,15.018528720535505,8.830860948219108,7.113050715258691,0.451659615353979,37.06462112510036
R/L,19,Yandy Díaz,650490,R,2025,179,335,90,26.865671641791046,123.15256995247614,12.384751640478024,133.38416793213955,15.279789273636867,120.37665133059744,12.373715359814772,8.581412333609112,5.663396002987229,0.34303856859633586,37.06462112510036
R/L,20,Alex Call,669743,R,2025,121,209,41,19.617224880382775,123.02887255362566,12.87215401968892,134.4922814291764,16.224737121736915,,12.784433429127581,8.535564361383573,6.0136373427153,0.3705704655076524,37.06462112510036
R/L,21,Jonathan India,663697,R,2025,110,206,30,14.563106796116504,122.48293183813604,13.88447611628838,136.82685432280988,18.409000933860472,132.77104134187564,13.649734027042133,8.333213503619687,6.823226449051571,0.4311489605274092,37.06462112510036
R/L,22,Byron Buxton,621439,R,2025,120,219,59,26.94063926940639,122.00300236135624,14.990364909398401,140.63848309196507,21.254177194278263,89.69365162892737,15.062499789024825,8.155329461383573,7.877780250316724,0.5025655993763878,37.06462112510036
R/L,23,Tyler Freeman,671289,R,2025,119,211,51,24.170616113744074,121.07380419879217,11.964170768592236,129.32176037668378,14.510131712332562,119.12810451588392,10.867999390827645,7.81092568292781,5.378125343929102,0.32013529238903304,37.06462112510036
R/L,24,Masyn Winn,691026,R,2025,162,376,108,28.723404255319153,118.62432594251698,14.309550101850558,131.35338392396736,19.436016226838348,114.58716146338053,11.621012961316623,6.903035847697691,7.203885776290661,0.4579523658706006,37.06462112510036
R/L,25,Miguel Vargas,678246,R,2025,154,310,71,22.903225806451612,118.4548400707853,13.338585642168349,128.30013643429922,17.190166562994307,137.69910905524122,10.489338347259494,6.840216551479775,6.371470107347526,0.3979128012075303,37.06462112510036
R/L,26,Lourdes Gurriel,666971,R,2025,156,289,102,35.294117647058826,118.41805226964267,15.333984015552698,134.8999554473595,22.269284760919682,101.76871559006128,12.935536259392622,6.8265812923660025,8.254026023904592,0.5258699570296358,37.06462112510036
R/L,27,Jahmai Jones,663330,R,2025,122,246,52,21.138211382113823,118.29049094237386,14.258779760664554,130.57581769040917,19.309365172395324,,11.332810982851564,6.779301169711672,7.156943042810409,0.45470849706347066,37.06462112510036
R/L,28,Will Smith,669257,R,2025,113,245,41,16.73469387755102,117.92554312983803,13.210648693247645,127.12370129387833,16.918888742811237,140.1084642520903,10.053297119679947,6.644034645690922,6.2709220111002395,0.39031625230449246,37.06462112510036
R/L,29,Maikel García,672580,R,2025,139,268,65,24.253731343283583,117.8269245894536,14.472004047843344,130.40013328043204,19.849065803064338,133.43821427792494,11.267694221917678,6.60748205733833,7.356981036777656,0.46840950422301764,37.06462112510036
R/L,30,Ryan Jeffers,680777,R,2025,142,319,65,20.37617554858934,117.73462963468496,14.367745970878566,129.8933664450055,19.582599511586825,111.44253332784544,11.079863014379178,6.573273282035751,7.25821631541541,0.46168485632568684,37.06462112510036
R/L,31,Ramón Laureano,657656,R,2025,158,312,75,24.03846153846154,117.71504458381732,15.122863875513525,132.53822072021984,21.636994778656835,113.60222332695592,12.060168230798388,6.5660141571345,8.019670137566903,0.511489159642969,37.06462112510036
R/L,32,Jacob Young,696285,R,2025,103,187,35,18.71657754010695,117.70875004634854,13.312868171501588,127.00127664913637,17.135223789622415,114.28780196903926,10.00792088894259,6.563681110670124,6.351105776561612,0.3963798882142436,37.06462112510036
R/L,33,Alec Bohm,664761,R,2025,133,231,64,27.705627705627705,117.30830772373625,13.681435933731555,127.209765110006,17.94344644925874,111.56496756922093,10.085196347053474,6.4152586809693215,6.650670443203025,0.41863131326595326,37.06462112510036
R/L,34,Nick Allen,669397,R,2025,112,211,54,25.59241706161137,116.9834549643715,13.830977037544379,127.02237299853576,18.28484900061313,111.5653544819372,10.0157401709187,6.294853236496348,6.777210005373956,0.42783279167987476,37.06462112510036
R/L,35,Nico Hoerner,663538,R,2025,149,217,83,38.24884792626728,116.97768501039369,12.551317336535373,124.2779875588313,15.595945077726435,106.84713159156487,8.998544105479823,6.292714624915372,5.780577953938042,0.352327845361598,37.06462112510036
R/L,36,Dillon Dingler,693307,R,2025,120,229,52,22.707423580786028,116.64927710600861,14.443533756946877,128.09980385981433,19.775800326570987,98.39220397442016,10.41508583753651,6.170991479410167,7.329825465499896,0.4665683442417202,37.06462112510036
R/L,37,Sean Murphy,669221,R,2025,115,253,63,24.90118577075099,116.5022225781337,14.557879001033049,128.16627360664674,20.072387073240744,97.0990628947559,10.439722597362755,6.1164862758060226,7.439754219460302,0.4739849570722845,37.06462112510036
R/L,38,Otto Lopez,672640,R,2025,191,346,103,29.76878612716763,115.40203618156664,11.949314659214053,120.95892896037051,14.483653369216933,113.72783796485064,7.768347611040265,5.708706356248552,5.368311246373089,0.3193407513830244,37.06462112510036
R/L,39,Caleb Durbin,702332,R,2025,132,214,46,21.49532710280374,115.18948151169073,12.31320249044014,121.15720354593827,15.146025445343318,113.1699223604672,7.841837334968322,5.629923773175333,5.613816946827796,0.3390864150738059,37.06462112510036
R/L,40,Santiago Espinal,669289,R,2025,126,245,49,20.0,114.75213504956113,11.784867144463204,119.7958725133374,14.193605116585296,108.43802710876872,7.337265145476387,5.4678229639829725,5.260805960455198,0.310611642171074,37.06462112510036
R/L,41,Wyatt Langford,694671,R,2025,164,379,82,21.63588390501319,114.57057458190556,13.367290613217309,121.90103614212828,17.25174042760779,112.53529958341689,8.117536068551141,5.400528264533472,6.394292226978596,0.3996272806946239,37.06462112510036
R/L,42,Ronald Acuña,660670,R,2025,124,272,62,22.794117647058822,114.5539704486565,14.355745317114437,123.95560981102759,19.55224775816195,122.76795637348177,8.879056014664743,5.394374005453601,7.246966553003656,0.4609139342532076,37.06462112510036
R/L,43,Isaac Collins,686555,S,2025,145,250,54,21.6,114.13610408177979,12.531405374574383,119.8624921200506,15.557792862921266,131.92264591427067,7.361957450299669,5.239493419761525,5.766436980069671,0.35121083531602093,37.06462112510036
R/L,44,Rhys Hoskins,656555,R,2025,102,234,50,21.367521367521366,114.03354300207656,13.912009910647749,122.02900512089835,18.473321426603043,122.28610925206058,8.16496728568993,5.20147954414771,6.847066595992402,0.43286064735739543,37.06462112510036
R/L,45,Matt Chapman,656305,R,2025,125,244,52,21.311475409836063,113.83878985222108,13.740658134993193,121.3530957410008,18.077675460890024,118.17422939947444,7.914444034881886,5.129295027024579,6.700421917804127,0.42226337741225706,37.06462112510036
R/L,46,Weston Wilson,642215,R,2025,83,184,41,22.282608695652172,113.57131776431825,15.097447581137978,123.98402862089188,21.562751513806855,,8.889589338869206,5.030157511028001,7.992152152739353,0.5097713322821213,37.06462112510036
R/L,47,Miguel Rojas,500743,R,2025,134,264,50,18.939393939393938,113.45292945590644,12.748239171174726,119.10323454262401,15.978676943388413,,7.080541505862889,4.986277333058749,5.922436069870682,0.3634701525946098,37.06462112510036
R/L,48,Starling Marte,516782,R,2025,147,272,78,28.676470588235293,113.25713854894322,12.90424274739608,119.01295721697933,16.289137734808264,,7.047080557150813,4.913708175195433,6.037507185952438,0.37242034336465774,37.06462112510036
R/L,49,Curtis Mead,678554,R,2025,126,234,58,24.786324786324787,113.15473623613677,13.817895570610117,120.30708521603577,18.25465562066202,,7.526744196874929,4.875753145930382,6.766018943490216,0.4270238779196564,37.06462112510036
R/L,50,Alejandro Kirk,672386,R,2025,143,283,89,31.448763250883395,113.05039669829401,15.146545769897335,123.05349301864138,21.706525289551383,125.72130830112886,8.544689843460889,4.837080091545279,8.045441357996314,0.5130923634616036,37.06462112510036
R/L,51,Xavier Edwards,669364,S,2025,198,334,96,28.74251497005988,112.89422158254726,11.354566173649472,116.67707612157544,13.459694055796325,119.56873676541808,6.181295079206517,4.779194376602059,4.9887846063785615,0.2883430176425966,37.06462112510036
R/L,52,Willy Adames,642715,R,2025,180,376,97,25.79787234042553,112.68063531474417,15.748203255737081,124.0431213791655,23.598660543815633,102.61186681596114,8.911491845835695,4.700029435665601,8.746754121163812,0.554664499903391,37.06462112510036
R/L,53,Jacob Wilson,805779,R,2025,118,188,61,32.4468085106383,112.16501948061152,12.12222208084178,116.37855643469437,14.794746889140356,101.59319735592416,6.070649888280213,4.50891838028331,5.483616880877444,0.3286493820481367,37.06462112510036
R/L,54,Andrew McCutchen,457705,R,2025,147,322,77,23.91304347826087,111.95502413389544,13.76620071444332,118.1321397214092,18.135960440331264,117.25134265048696,6.720608889614146,4.4310844006426535,6.722025024606865,0.42383473164476665,37.06462112510036
R/L,55,Carlos Santana,467793,S,2025,149,297,76,25.589225589225588,111.81490920616757,13.980815287937249,118.228059943472,18.635337979968156,104.15962957421388,6.756161356504083,4.379151333540614,6.907117417657127,0.4371528798080288,37.06462112510036
R/L,56,Pete Alonso,624413,R,2025,202,436,119,27.293577981651374,111.46014478827591,13.801190468298095,117.3247668063261,18.216191294551283,112.93416294548727,6.421359177571918,4.247659246162402,6.751762286748948,0.42599200363228495,37.06462112510036
R/L,57,Anthony Volpe,683011,R,2025,173,363,90,24.793388429752067,111.27389896259133,12.974107491127615,115.93254887633805,16.430345233918032,116.54945008882974,5.905338876586133,4.1786279365110985,6.089845210497703,0.37646389510445666,37.06462112510036
R/L,58,Carlos Narváez,665966,R,2025,131,265,77,29.056603773584904,111.273364579308,14.812835852512547,118.70812583951894,20.757029569426134,102.06930332500754,6.9340959620247,4.1784298693717705,7.693514366732847,0.490732440321875,37.06462112510036
R/L,59,William Contreras,661388,R,2025,179,356,82,23.03370786516854,111.10622927677674,13.970560309885492,116.95370383815855,18.611073095853346,110.4220140777512,6.283826094285063,4.116481802722276,6.898123730293529,0.43651180860443667,37.06462112510036
R/L,60,José Ramírez,608070,S,2025,188,361,102,28.254847645429365,110.95195060775919,13.657608238526366,116.24453641590665,17.88979406549247,114.30635127358612,6.020975876084756,4.059298998574068,6.630784390435473,0.4171743999567798,37.06462112510036
R/L,61,Mike Trout,545361,R,2025,104,243,58,23.868312757201647,110.9411808945722,16.94470671494788,124.1904295568168,28.32588723166135,125.81335938630151,8.96609106376844,4.0553072451850545,10.498882782738459,0.6421499609552885,37.06462112510036
R/L,62,Austin Slater,596103,R,2025,93,180,52,28.888888888888886,110.71789394031154,14.543838466319183,117.14615864331368,20.035631695652036,,6.3551587386528645,3.9725467815665616,7.426130978013949,0.473071116121738,37.06462112510036
R/L,63,Bobby Witt,677951,R,2025,142,248,74,29.838709677419356,110.48668882338653,14.642625786784501,116.87029418925638,20.29629342558323,107.41766109225918,6.252910623937701,3.886851480956463,7.522744260631077,0.47951950232039714,37.06462112510036
R/L,64,Ketel Marte,606466,S,2025,180,315,88,27.936507936507937,110.06371247816504,13.144825224103156,114.16129062135579,16.7812770539604,126.54771105640046,5.248828715229894,3.7300769011513197,6.2199167600038265,0.38643635754800526,37.06462112510036
R/L,65,Enrique Hernández,571771,R,2025,108,210,63,30.0,110.03146782965106,17.69493131965073,125.15622300147561,32.320975704604294,,9.324058744882283,3.7181255443464973,11.979647188847318,0.7002709500496807,37.06462112510036
R/L,66,Lenyn Sosa,672820,R,2025,140,290,126,43.44827586206896,109.99816208294203,17.27619389727729,122.92851351609625,29.96163522267171,89.83382066307253,8.498366664358498,3.705780895515905,11.10516657816789,0.6675203147115651,37.06462112510036
R/L,67,Julio Rodríguez,677594,R,2025,182,330,108,32.72727272727273,109.8299512435536,13.503709317266926,114.1495370963535,17.548026238949216,92.1357206720822,5.2444723157189514,3.643434185205229,6.504109440399725,0.40782562390071825,37.06462112510036
R/L,68,Myles Straw,664702,R,2025,146,264,88,33.33333333333333,109.72100293685651,12.697470027626439,113.19655915950062,15.879045756556625,,4.891254654018636,3.603052908105745,5.8855081479490385,0.36058091841045364,37.06462112510036
R/L,69,Connor Norby,681393,R,2025,101,214,59,27.570093457943923,109.29550560677067,14.427155900535265,114.29274218872042,19.733825044954,83.13752217914282,5.2975507406366,3.445343934812013,7.314267486402365,0.4655108389105727,37.06462112510036
R/L,70,Matt Shaw,807713,R,2025,111,201,60,29.850746268656714,109.00635221093957,15.46873202871957,115.2789789675855,22.688176584441106,102.61179545619422,5.663095666119335,3.338170324176851,8.409286691216831,0.5351527727805777,37.06462112510036
R/L,71,Edgar Quero,700337,S,2025,137,230,47,20.434782608695652,108.79647988527589,13.016156056002005,111.99243472820477,16.515997163921217,120.92680734667654,4.444950495684058,3.2603819418231677,6.121591773839719,0.37890805835005065,37.06462112510036
R/L,72,Spencer Steer,668715,R,2025,130,244,66,27.049180327868854,108.74067134126548,13.213099813109666,112.06074423566196,16.92403847939615,104.09308665947408,4.470269155815489,3.2396967164302777,6.272830741454378,0.3904611052478201,37.06462112510036
R/L,73,Nick Fortes,663743,R,2025,115,221,69,31.221719457013574,108.66425988609623,15.073473170671651,113.94003522368925,21.49307661310187,,5.166821240365955,3.2113751000756228,7.96632741477376,0.5081536067176303,37.06462112510036
R/L,74,Danny Jansen,643376,R,2025,121,256,55,21.484375,108.64255855891855,13.824578278005982,112.43850479683569,18.27007200672856,115.18335749076624,4.6102846765745795,3.203331585378094,6.771732968576962,0.4274370183533631,37.06462112510036
R/L,75,Andrew Vaughn,683734,R,2025,132,272,68,25.0,108.60204816479276,14.267017386329577,112.81728585384445,19.32983777188284,95.94170253997945,4.75067844024853,3.1883165612790854,7.164531134244916,0.45523403998401785,37.06462112510036
R/L,76,Xander Bogaerts,593428,R,2025,172,294,63,21.428571428571427,108.47782994097383,10.857753189339292,110.23956239109884,12.653232566040145,112.38048962146212,3.7952550051290546,3.142275547252268,4.689872710680594,0.2636624471299779,37.06462112510036
R/L,77,Carson Kelly,608348,R,2025,126,260,66,25.384615384615383,108.44700609503857,12.397463609060368,111.00794608271096,15.303681269717602,115.47678354502266,4.080053509212146,3.1308508055401854,5.672251480813777,0.34374313395021655,37.06462112510036
R/L,78,Ramón Urías,602104,R,2025,118,249,77,30.923694779116467,108.21149066736817,15.12915044121784,113.09239130249506,21.655418860120164,107.00059186169574,4.852645232485386,3.043557904582989,8.026498953557066,0.5119144995228322,37.06462112510036
R/L,79,Jorge Polanco,593871,S,2025,113,224,79,35.267857142857146,108.20086487931891,15.922083056293625,114.28034358891179,24.196143689910663,97.01005888027156,5.292955246592715,3.039619496500973,8.968208985550264,0.5669804939646533,37.06462112510036
R/L,80,Josh Jung,673962,R,2025,146,297,98,32.996632996633,107.76178999205442,15.233373573383163,112.29776648751863,21.96442671674528,91.83156871737138,4.558120555448341,2.876878053080927,8.141031544861958,0.5189918440846298,37.06462112510036
R/L,81,Mauricio Dubón,643289,R,2025,114,209,73,34.92822966507177,107.16814390667489,14.482018525860354,110.35769257586232,19.874927679551078,108.25104312851822,3.8390395105460144,2.6568453807110126,7.366566643313307,0.46905799764337675,37.06462112510036
R/L,82,José Caballero,676609,R,2025,125,263,59,22.433460076045627,106.94371150723597,14.12650834314036,109.67299928825126,18.98462621659445,108.75049145144676,3.5852605376239834,2.57366036217701,7.036579779197207,0.44631142921642314,37.06462112510036
R/L,83,Randy Arozarena,668227,R,2025,205,385,113,29.35064935064935,106.91192502241509,14.3287101071892,109.75972822345815,19.484108740174303,111.31443575568062,3.6174062888642537,2.56187882200916,7.22171108414817,0.4591795524704785,37.06462112510036
R/L,84,Jared Triolo,669707,R,2025,122,208,54,25.961538461538463,106.79988806718582,12.26466650397558,108.44354694438489,15.055965111613212,108.41107155909272,3.129568684456249,2.520352749033335,5.58043642534673,0.33641847276831915,37.06462112510036
R/L,85,Brenton Doyle,686668,R,2025,137,256,74,28.90625,106.57776592331508,13.083175431304541,108.4509753951651,16.653566707139866,82.42472803252232,3.132322011593401,2.4380240179726935,6.172581403817243,0.38282005168906547,37.06462112510036
R/L,86,Royce Lewis,668904,R,2025,121,227,61,26.87224669603524,106.43402915411207,13.802465995165242,108.56927727488527,18.21912460063676,90.56297198337008,3.1761701550955466,2.38474852905014,6.752849505535969,0.42607074891970653,37.06462112510036
R/L,87,Fernando Tatís,665487,R,2025,183,381,90,23.62204724409449,105.91436711307439,12.380438831273333,107.14357210993785,15.271692126822957,109.95179363189104,2.647737937346802,2.192137762408558,5.6603948261987105,0.3427996938350203,37.06462112510036
R/L,88,Luis Robert,673357,R,2025,109,198,53,26.767676767676768,105.31800363112919,14.369711543411958,106.82841467438803,19.58757700419896,88.07102628545155,2.5309260279126784,1.9710978972971125,7.260061204193628,0.46181118611295624,37.06462112510036
R/L,89,Marcus Semien,543760,R,2025,143,316,71,22.468354430379748,105.01942976244943,12.269420890651798,105.76130913597633,15.064763054428644,102.09763605701032,2.1354074030954213,1.8604326240924087,5.583697349518073,0.3366793479448799,37.06462112510036
R/L,90,Jurickson Profar,595777,S,2025,107,224,66,29.464285714285715,104.41206100808132,16.197278035825317,105.62498685030505,25.196204589663708,117.97227405778432,2.084880064402284,1.6353136964536286,9.338877769064,0.5867490866102679,37.06462112510036
R/L,91,Dylan Moore,664238,R,2025,132,279,67,24.014336917562723,103.94853408977058,13.334393040995941,104.20650305882037,17.181195184572815,,1.5591244213675315,1.463509200368895,6.368144899925901,0.3976626956068102,37.06462112510036
R/L,92,Jake Mangum,663968,S,2025,137,203,79,38.91625615763547,103.63473799751625,13.278597653808724,103.68483852024708,17.062332347789344,90.29065722117724,1.3657714366013383,1.347201867669461,6.324088839813561,0.3943417609866596,37.06462112510036
R/L,93,Mark Vientos,668901,R,2025,136,271,95,35.05535055350554,103.46503042758123,15.706207605560039,103.3508711872439,23.45804992193322,90.87906901909984,1.241987709942101,1.2843003998524247,8.694637326901448,0.5517102025014307,37.06462112510036
R/L,94,Austin Hays,669720,R,2025,105,198,59,29.797979797979796,103.28952753763383,15.314946806867546,102.99354357866773,22.2110929954821,86.42295197428636,1.1095455856479626,1.2192509186298248,8.232457466519145,0.5245650278353543,37.06462112510036
R/L,95,Justin Turner,457759,R,2025,110,231,66,28.57142857142857,102.89515288429668,13.722015191407499,102.41310506879914,18.03528437800742,,0.8944082511009926,1.0730774475569813,6.684709823542864,0.4211183242666287,37.06462112510036
R/L,96,Adolis García,666969,R,2025,144,297,107,36.02693602693603,102.20170655850742,16.08485777520268,100.33949870711797,24.779166300385068,96.94421012351988,0.12583390951788803,0.8160541941972641,9.184304107196272,0.578632466945946,37.06462112510036
R/L,97,Agustín Ramírez,682663,R,2025,165,359,118,32.86908077994429,102.14565220850075,14.41180074449891,100.92064385603048,19.69458380324329,97.60445013346414,0.3412331571492124,0.7952778617431533,7.299722868837506,0.4645204583073709,37.06462112510036
R/L,98,Jackson Chourio,694192,R,2025,148,262,89,33.969465648854964,102.01966703875537,13.645513511705408,100.92205065464542,17.86263745481456,84.09609182163044,0.3417545817258295,0.7485819359032132,6.620718895577287,0.4164358553736989,37.06462112510036
R/L,99,Taylor Ward,621493,R,2025,116,230,46,20.0,101.85025780142601,13.173518935525689,100.7671333514696,16.841103707298608,113.6258926947708,0.2843350702464913,0.6857910439361623,6.24209128239546,0.3881252952708519,37.06462112510036
R/L,100,Hunter Goodman,696100,R,2025,140,299,94,31.438127090301005,101.78531032428948,14.431984606483363,100.23964258157369,19.74618771771167,61.27790074361726,0.08882261491469835,0.6617185076051976,7.318849664220933,0.46582249993914526,37.06462112510036
R/L,101,Nolan Arenado,571448,R,2025,109,198,78,39.39393939393939,101.75192732575243,16.019964438488078,99.31894461650698,24.54386605227778,92.68616468317538,-0.25243059754378727,0.6493452256772415,9.097090961728886,0.5739729733131018,37.06462112510036
R/L,102,Willson Contreras,575929,R,2025,144,294,77,26.190476190476193,101.7179084193121,13.757467986213964,100.3674439240542,18.116006644000652,96.22950237155328,0.13619169829789018,0.6367362468942295,6.71462922559685,0.4232971745300676,37.06462112510036
R/L,103,Alexander Canario,672744,R,2025,108,212,66,31.132075471698112,101.71566643079807,17.863379650104118,97.1242895612429,33.38319606544175,,-1.0658711787802804,0.6359052623458354,12.373355141105396,0.7136669822388826,37.06462112510036
R/L,104,Jo Adell,666176,R,2025,104,213,61,28.638497652582164,101.38360004137371,14.747984628082689,99.32418353004594,20.579706407095674,83.9504272230221,-0.2504888140895009,0.5128261132218965,7.627790208448016,0.48644495138806537,37.06462112510036
R/L,105,Jordan Beck,687597,R,2025,137,268,78,29.1044776119403,100.90080873488853,13.810454923317243,98.92434910473504,18.237510338258947,97.23234209696292,-0.3986859289587042,0.3338813446482443,6.759664109526688,0.42656411491434393,37.06462112510036
R/L,106,Davis Schneider,676914,R,2025,128,303,65,21.45214521452145,100.52720501394387,13.828812856394928,98.26235186166154,18.279849427129,,-0.6440526989625078,0.19540654097083054,6.775356932404193,0.4276989131808564,37.06462112510036
R/L,107,Willi Castro,650489,S,2025,113,182,64,35.16483516483517,100.21395671721987,13.700686286126073,97.7944461246813,17.986939731380584,101.46811125171249,-0.8174801875968436,0.0793022466092459,6.666791063436357,0.41981020558066323,37.06462112510036
R/L,108,Casey Schmitt,669477,R,2025,119,239,84,35.146443514644346,100.14647302285941,16.652077119337374,94.57681048069706,27.018997260161814,98.34781608787216,-2.0100846482257864,0.05428967097332027,10.014488966280224,0.620162033264701,37.06462112510036
R/L,109,Tyrone Taylor,621438,R,2025,101,190,60,31.57894736842105,99.55336802794679,15.013200883551615,95.48276376244947,21.319418159084613,,-1.6742964967738416,-0.1655424482650869,7.901961566740558,0.5040979592196814,37.06462112510036
R/L,110,Romy Gonzalez,663853,R,2025,142,273,90,32.967032967032964,98.93010884518588,13.826721745592975,95.47352164753595,18.27502032285366,76.49811832755718,-1.6777220516504852,-0.3965511029828137,6.773567043200801,0.4275695747906006,37.06462112510036
R/L,111,Angel Martínez,682657,S,2025,167,312,97,31.08974358974359,98.62643109813664,12.639829481700707,95.8847371866615,15.76674350553625,71.0418456523717,-1.525306570066063,-0.5091081093678571,5.843883744093378,0.3573146132389458,37.06462112510036
R/L,112,Ezequiel Tovar,678662,R,2025,90,188,71,37.765957446808514,98.56297506224479,16.73596740745615,90.18742931778061,27.38184331580242,78.56940430722639,-3.6369921459972923,-0.5326278486521763,10.148976482070784,0.6264263111921655,37.06462112510036
R/L,113,Andy Pages,681624,R,2025,156,290,92,31.724137931034484,98.4413895197043,13.410350150293601,94.99898747417916,17.344602633639333,93.03447500908608,-1.8536063451143046,-0.5776930693377094,6.428711251812598,0.40220603529255705,37.06462112510036
R/L,114,Brent Rooker,667670,R,2025,158,314,81,25.796178343949045,98.14741209708744,12.3324844242318,95.35839370333613,15.181955478100674,86.6825765166162,-1.720393787977264,-0.6866546872239823,5.627134277339434,0.3401492354261556,37.06462112510036
R/L,115,Bo Bichette,666182,R,2025,137,271,109,40.22140221402214,98.05656244746174,15.009291712557808,92.47028310082186,21.308228458808347,98.55683239260053,-2.7908610404730325,-0.7203277656512292,7.897814146728125,0.5038354770774378,37.06462112510036
R/L,116,Noelvi Marte,682622,R,2025,104,199,58,29.145728643216078,97.80862896315749,14.954507010139181,92.05569203252902,21.152338814723443,88.2461576244383,-2.944527649154277,-0.8122233722508581,7.840034240774789,0.5001641377546945,37.06462112510036
R/L,117,Wenceel Pérez,672761,S,2025,107,215,67,31.16279069767442,97.63366413003311,14.82184693023502,91.91149258016046,20.781846031521315,95.48591376540884,-2.9979746298391596,-0.8770734247505767,7.7027124943850795,0.4913296754804525,37.06462112510036
R/L,118,Ke'Bryan Hayes,663647,R,2025,120,246,72,29.268292682926827,97.22579799524786,13.80429482600347,92.52291413711303,18.22333138338605,95.96644270635764,-2.7713535462774974,-1.028247462306322,6.754408733623549,0.426183665401157,37.06462112510036
R/L,119,Matt McLain,680574,R,2025,130,279,67,24.014336917562723,96.68776151305202,14.622473183278723,90.3917590882864,20.242726121871524,100.34728349779684,-3.5612580907135327,-1.2276686459470243,7.502889742463402,0.4782004880158693,37.06462112510036
R/L,120,Andy Ibáñez,628451,R,2025,135,254,74,29.133858267716533,96.63739998216414,12.386352233673042,93.02243144092701,15.28279545460728,,-2.5862093501645314,-1.246334956563421,5.664510232574247,0.3431272422645351,37.06462112510036
R/L,121,Eric Wagaman,676572,R,2025,185,340,79,23.235294117647058,96.3088598214049,11.815598070012191,93.01797419347166,14.24738831200017,97.94623294729764,-2.587861412046464,-1.3681071223926269,5.280740498064695,0.3122336933473223,37.06462112510036
R/L,122,Josh Bell,605137,S,2025,120,270,76,28.14814814814815,96.08198582274746,16.34460716476322,84.98567033917297,25.761803571120662,112.76481034805762,-5.565004403259106,-1.4521971104263738,9.548514888628448,0.5974716760547946,37.06462112510036
R/L,123,Spencer Torkelson,679529,R,2025,185,400,97,24.25,95.8895955310011,12.295721652801994,91.97223914950975,15.113526350470192,102.85937984291526,-2.975459144063347,-1.523505843143634,5.601771280443984,0.3381243084281033,37.06462112510036
R/L,124,J. T. Realmuto,592663,R,2025,165,315,100,31.746031746031743,95.71116666669346,13.516267969063117,90.290258224384,17.575612079494814,87.22970155420175,-3.5988790013576604,-1.589639825677085,6.514334027682125,0.4085845445100378,37.06462112510036
R/L,125,Ty France,664034,R,2025,140,281,91,32.38434163701068,95.66942908342315,12.703371807943242,91.2145560883569,15.890592924112896,90.4789778072323,-3.2562915000087096,-1.605109702782994,5.889788061854452,0.3609161921185649,37.06462112510036
R/L,126,Miguel Andújar,609280,R,2025,92,165,66,40.0,95.59185483118557,16.07771210324552,84.67586560364794,24.753065469228584,91.73836373207102,-5.679832354709076,-1.6338623054654837,9.17462993301762,0.5781184680745235,37.06462112510036
R/L,127,Amed Rosario,642708,R,2025,122,200,73,36.5,95.40329212207999,13.959260380395976,89.10443299854771,18.584383581483902,,-4.038400628519749,-1.7037523591786927,6.888231362912365,0.43580595891344,37.06462112510036
R/L,128,Ryan Mountcastle,663624,R,2025,89,178,73,41.01123595505618,95.39328810478328,16.86940861051583,81.09973447706665,27.97828473770745,88.99246523339913,-7.0053118077132135,-1.7074603102870052,10.370045235333047,0.636455528830612,37.06462112510036
R/L,129,Riley Adams,656180,R,2025,96,190,55,28.947368421052634,95.28854369720617,15.127753746084277,86.61886156670307,21.6513234755278,,-4.959668262526695,-1.7462834281051935,8.02498101477429,0.5118199858897164,37.06462112510036
R/L,130,Eugenio Suárez,553993,R,2025,186,378,112,29.629629629629626,95.0061480895195,14.320613932790112,87.76059319261745,19.46376701061707,79.75658375532205,-4.5364897611160835,-1.8509522901681832,7.214171499157488,0.4586607971283236,37.06462112510036
R/L,131,Ben Williamson,810938,R,2025,95,176,55,31.25,94.96301586895463,15.012368127924843,86.22814755673129,21.317033715763646,,-5.104484930005427,-1.866939084303397,7.9010777818576985,0.5040420379311132,37.06462112510036
R/L,132,Joey Bart,663698,R,2025,86,183,40,21.85792349726776,94.80036147042613,15.576028417969743,84.41157908190694,23.030843752920102,89.38185274038874,-5.7777891526770855,-1.9272263208612967,8.53629497893368,0.5426025239691598,37.06462112510036
R/L,133,Patrick Bailey,672275,S,2025,121,207,71,34.29951690821256,94.52711687473764,14.493639649946715,86.52485510049611,19.904998117894575,88.70710303476685,-4.9945114030594,-2.028503394998045,7.3777121373559815,0.46981109269843907,37.06462112510036
R/L,134,Ernie Clement,676391,R,2025,186,299,114,38.12709030100335,94.29709548870201,12.451774551762115,89.38120026338552,15.406193745675596,92.60276007209328,-3.935817890409309,-2.1137599502388538,5.7102473416335675,0.346761478177806,37.06462112510036
R/L,135,Isiah Kiner-Falefa,643396,R,2025,124,202,64,31.683168316831683,93.8901399721366,11.051474894920648,90.25695236681344,12.962813626884303,92.78285403266368,-3.6112236912786595,-2.264596470601524,4.804617757957548,0.2731547963740307,37.06462112510036
R/L,136,Bryan Reynolds,668804,S,2025,167,333,84,25.225225225225223,93.59190427856579,12.008013164407071,88.848302855338,14.58854465928635,98.85410362339864,-4.133334295687604,-2.375136400483358,5.407188805630549,0.3224858463615775,37.06462112510036
R/L,137,Dansby Swanson,621020,R,2025,137,258,60,23.25581395348837,93.13208069058285,14.538188864922999,83.785778615808,20.0208691004336,91.30973703007146,-6.009739724435766,-2.545568271213072,7.420659278028003,0.4727036554761929,37.06462112510036
R/L,138,Joey Ortiz,687401,R,2025,143,229,79,34.49781659388647,93.006760598272,12.706960779159974,87.04290151442655,15.897619394450293,102.35840264931755,-4.802499462483915,-2.592017688621719,5.8923923964634755,0.3611201538418134,37.06462112510036
R/L,139,Aaron Judge,592450,R,2025,142,296,71,23.986486486486484,92.97555730274766,13.667030903836979,85.38305930617724,17.910986837107558,98.83384879661024,-5.4177136882460175,-2.6035830718863577,6.638639410940512,0.417750232954902,37.06462112510036
R/L,140,Heliot Ramos,671218,R,2025,187,389,117,30.077120822622106,92.951604330083,13.684788411954647,85.30787292059313,17.951011354350552,91.13207849725288,-5.44558123720043,-2.6124611504527135,6.653474346613779,0.4188364999609672,37.06462112510036
R/L,141,Wilmer Flores,527038,R,2025,151,299,81,27.09030100334448,92.94097371181242,13.02998218679991,86.4418030935364,16.544271301992246,91.80043500058872,-5.025294314775812,-2.616401348837964,6.132071475992134,0.37971345969448417,37.06462112510036
R/L,142,Christopher Morel,666624,R,2025,160,336,99,29.464285714285715,92.8893183286586,13.922474293216187,84.72513499218003,18.497843275544795,99.07371989678911,-5.661570842519003,-2.6355472208946407,6.856155526395533,0.4335120734265371,37.06462112510036
R/L,143,Jeremy Peña,665161,R,2025,107,185,76,41.08108108108108,92.45755674961285,14.93222099685429,81.41602105410402,21.08941404698314,85.2647718089404,-6.888081386264762,-2.795578014331703,7.816711414017996,0.4986745053742306,37.06462112510036
R/L,144,Junior Caminero,691406,R,2025,192,384,122,31.770833333333332,92.38335762610221,12.181905121377568,86.83226387345506,14.903640656282658,87.2497462728996,-4.880571506056846,-2.8230796383390646,5.523977943097587,0.3318935200283499,37.06462112510036
R/L,145,Cam Smith,701358,R,2025,140,291,70,24.054982817869416,92.01140609331827,12.304048797263,86.10076328251974,15.128998724506223,84.10503660096981,-5.151699428614896,-2.9609420647344376,5.6075060572594975,0.338582445569181,37.06462112510036
R/L,146,Javier Sanoja,691594,R,2025,132,225,77,34.22222222222222,91.85637323359539,10.953618424814309,87.56484453477857,12.805679026726226,,-4.609043259501533,-3.018404406810129,4.746376413752515,0.2683388559224436,37.06462112510036
R/L,147,Austin Hedges,595978,R,2025,89,169,50,29.585798816568047,91.21798016609831,16.212135629814934,73.6194377693186,25.2522419238577,,-9.777855441473386,-3.255022378566828,9.359647794671611,0.5878260179318912,37.06462112510036
R/L,148,Francisco Lindor,596019,S,2025,228,449,134,29.84409799554566,90.68058260414487,11.138833107132365,85.73490586461536,13.10442119608081,103.69895308599575,-5.287303094419228,-3.454206748840395,4.857104066964697,0.27749025869081745,37.06462112510036
R/L,149,Coby Mayo,691723,R,2025,96,180,49,27.22222222222222,90.64750464057664,13.246399600715502,82.30868137102664,16.994182954092306,,-6.5572202218632745,-3.4664669707128586,6.298829525240701,0.3924316732879748,37.06462112510036
R/L,150,Manny Machado,592518,R,2025,183,339,94,27.728613569321535,90.5613339011222,10.965992854956022,85.78010595446183,12.825463766091385,93.99738657929038,-5.270549852369428,-3.4984058288123503,4.753709552438799,0.26894548944291835,37.06462112510036
R/L,151,Edmundo Sosa,624641,R,2025,116,226,110,48.67256637168141,90.21876713938292,15.89909967773788,72.86904340797739,24.115712566127797,,-10.055986268448619,-3.625376901151535,8.938397494253485,0.5653448132405888,37.06462112510036
R/L,152,Shea Langeliers,669127,R,2025,123,213,88,41.31455399061033,90.04503389080898,16.279810775292315,70.37779757272361,25.51029756390774,90.15630995290024,-10.979357098580275,-3.6897704715037953,9.455295139948111,0.592743845238525,37.06462112510036
R/L,153,Jordan Westburg,676059,R,2025,108,208,61,29.326923076923077,89.92442301760684,12.972072809150644,81.69733022532974,16.42621340380491,99.11955328980328,-6.783815207759794,-3.7344744346918466,6.088313763320741,0.37634582544307776,37.06462112510036
R/L,154,Carlos Correa,621043,R,2025,142,314,88,28.02547770700637,89.67739332794002,14.43252660684536,77.57147285993344,19.747576047126252,103.87595686244458,-8.31304860840598,-3.826035053233361,7.319364243258415,0.4658574889876245,37.06462112510036
R/L,155,Brayan Rocchio,677587,S,2025,112,203,65,32.01970443349754,89.56829491836103,12.602239280351803,81.8621751703268,15.693965090392766,97.88842915562054,-6.722716053452752,-3.866471965397322,5.816908700259593,0.35519250297794486,37.06462112510036
R/L,156,Kyle Higashioka,543309,R,2025,111,217,65,29.953917050691242,88.31524310305831,14.609701864151782,74.3929572996618,20.20888386193026,98.642616473448,-9.491153358223022,-4.330910873240473,7.490346237036,0.47736552885192957,37.06462112510036
R/L,157,Jasson Domínguez,691176,S,2025,104,217,62,28.57142857142857,88.12056567708318,13.804035452791988,76.6558135904475,18.222734682520088,91.12881619086752,-8.652434247437807,-4.40306732359425,6.75418756870833,0.42616765015533986,37.06462112510036
R/L,158,Trea Turner,607208,R,2025,203,406,130,32.01970443349754,88.0778422391957,11.532057921602654,81.52453263948733,13.758193814102581,84.676695325592,-6.847861978265598,-4.41890260397886,5.099422410854117,0.29742808707604146,37.06462112510036
R/L,159,Yainer Diaz,673237,R,2025,118,218,95,43.57798165137615,87.88841942468059,15.287478306635018,70.72963390824984,22.12754958284544,70.18238019114472,-10.84895029383704,-4.489111452503387,8.201492417150387,0.5226850222500885,37.06462112510036
R/L,160,Christian Walker,572233,R,2025,132,242,67,27.685950413223143,87.04390545155626,13.818776883429752,74.733805776178,18.256687773038184,84.76129945152375,-9.364819161791615,-4.8021273569904555,6.766772153069124,0.42707835128249405,37.06462112510036
R/L,161,Ozzie Albies,645277,S,2025,186,311,131,42.12218649517685,86.78494260453634,12.976108295475964,76.65321865897434,16.43440941338174,97.2573749407402,-8.65339604895679,-4.898110955093159,6.09135158321777,0.3765800169538606,37.06462112510036
R/L,162,Austin Riley,663586,R,2025,102,179,42,23.463687150837988,86.63507243978191,14.544318574549148,71.4401338053258,20.03688694628847,90.0234943427165,-10.58560619889161,-4.953659763838955,7.426596231906513,0.473102349841167,37.06462112510036
R/L,163,Teoscar Hernández,606192,R,2025,126,239,71,29.707112970711297,86.16026809932455,13.073151872089971,75.39581098519801,16.632908392558022,85.96138712055473,-9.119449439239919,-5.129644193715004,6.164924477786651,0.3822336879961096,37.06462112510036
R/L,164,Cal Raleigh,663728,S,2025,204,432,156,36.11111111111111,86.07429758834755,14.17127162201699,71.81899577993404,19.093693164156765,96.41095681795092,-10.445182443415993,-5.161508837887943,7.077005030083891,0.4491444033155909,37.06462112510036
R/L,165,Trevor Story,596115,R,2025,170,306,110,35.947712418300654,85.96050983740442,12.894384125843873,75.54326700028214,16.269321653918357,78.96854580834976,-9.064795425922814,-5.20368383666179,6.030162430648751,0.37185151514371756,37.06462112510036
R/L,166,Michael Toglia,669911,S,2025,97,180,48,26.666666666666668,85.95230972389825,14.10892328302178,71.82471367145979,18.942008250221267,70.86423149742005,-10.443063128585628,-5.206723177664676,7.020783591429764,0.4452009597125449,37.06462112510036
R/L,167,Jake Burger,669394,R,2025,100,166,53,31.92771084337349,85.71454440026378,14.585917635939428,69.51797379878644,20.146074387731183,84.98798221411833,-11.298047522733626,-5.2948499940366665,7.467066143393445,0.475812515798349,37.06462112510036
R/L,168,Jose Iglesias,578428,R,2025,137,281,94,33.45195729537366,84.96460676797598,12.454898565207323,75.08712107255376,15.4121119777376,92.83453302156484,-9.233864185812916,-5.572811536118685,5.712440911924654,0.3469354972958158,37.06462112510036
R/L,169,Jonah Heim,641680,S,2025,133,261,77,29.50191570881226,84.86804883521543,13.770673511157456,71.10411399563597,18.14619135114976,88.0543165750011,-10.710150668258427,-5.6086003680626115,6.725817072939389,0.42411019393186256,37.06462112510036
R/L,170,Gabriel Arias,672356,R,2025,134,283,110,38.869257950530034,84.71569249546866,16.536546881484142,55.04736214687722,26.533696379599498,61.09275262056143,-16.66152490599841,-5.6650706681498235,9.834614033583025,0.6115866554706865,37.06462112510036
R/L,171,Kyle Farmer,571657,R,2025,123,196,55,28.061224489795915,84.57999422061935,12.79358695163904,73.62149629544616,16.068245410238173,,-9.777092456563443,-5.715366719596015,5.955634282756107,0.3660606092353411,37.06462112510036
R/L,172,Tommy Edman,669242,S,2025,122,201,65,32.33830845771145,84.07132069786753,12.486134306598847,73.6394628892498,15.471416445259582,97.518737403523,-9.770433206641037,-5.903904633567679,5.734421888121934,0.3486778440921349,37.06462112510036
R/L,173,Freddy Fermin,666023,R,2025,109,198,64,32.323232323232325,82.92749535243225,13.909532545622428,67.19161513873631,18.467522243721536,88.95620155551825,-12.16030354609217,-6.327859164186139,6.84491715082902,0.4327064987683121,37.06462112510036
R/L,174,Zach Neto,687263,R,2025,106,210,73,34.76190476190476,82.9083282815013,14.960182491336699,62.213896706023554,21.16840856333505,78.4680116832563,-14.005276023851437,-6.334963366407474,7.845990432213435,0.5005438508163075,37.06462112510036
R/L,175,Michael Taylor,572191,R,2025,138,253,80,31.620553359683797,82.24335282962535,13.619668351143249,67.13158097640114,17.804778912531358,82.28068971139503,-12.182554980907328,-6.581433998220216,6.599273846091512,0.41485985621525234,37.06462112510036
R/L,176,Elly De La Cruz,682829,S,2025,210,404,132,32.67326732673268,81.54459806297822,12.83607972278617,68.69941502332688,16.152675343160922,92.9997352495229,-11.601443231543977,-6.840424805071555,5.9869279175101,0.3684963236158228,37.06462112510036
R/L,177,Javier Báez,595879,R,2025,134,254,122,48.031496062992126,80.26131118381309,15.534914955805307,52.94167431636076,22.898558569857748,57.66115177901416,-17.441990122456676,-7.316070224782235,8.487263977026974,0.5397418683486988,37.06462112510036
R/L,178,David Fry,681807,R,2025,119,220,70,31.818181818181817,79.8779855688087,12.777675962792953,66.25790968037049,16.036756455985437,,-12.506377936659844,-7.458148411659078,5.943963021166074,0.3651506588847622,37.06462112510036
R/L,179,Ceddanne Rafaela,678882,R,2025,162,298,116,38.92617449664429,79.45169861139584,12.668983548797721,65.95284680153758,15.823437691306225,70.79041836975605,-12.619448336892585,-7.616150057329867,5.86489722924898,0.3589648234659357,37.06462112510036
R/L,180,Randal Grichuk,545341,R,2025,182,318,105,33.0188679245283,78.69648032470751,11.869114375926275,67.26027778874102,14.34150548053915,,-12.13485399501347,-7.896068853958372,5.315624669997339,0.3150684944422907,37.06462112510036
R/L,181,Salvador Pérez,521692,R,2025,139,252,128,50.79365079365079,78.66717534750683,15.755760333937054,47.59905666956092,23.624111996099277,72.67433503698011,-19.42221111140579,-7.906930632728599,8.75618760552358,0.5551969604835202,37.06462112510036
R/L,182,José Altuve,514888,R,2025,123,251,95,37.84860557768924,78.26564416565472,15.086932147933933,52.03984223606003,21.532148956833776,81.1642505304956,-17.776250766204754,-8.055756643981226,7.9808094309426885,0.5090614639985049,37.06462112510036
R/L,183,Donovan Solano,456781,R,2025,101,196,73,37.244897959183675,77.97787494752757,15.012864388209906,51.97754345534456,21.3184546177029,,-17.7993415732425,-8.162417214394718,7.901604433778042,0.504075362477599,37.06462112510036
R/L,184,Jordan Walker,691023,R,2025,106,208,72,34.61538461538461,74.61558583152808,14.677613070684519,47.70488789867244,20.38977836511582,63.45934539220319,-19.38298516730357,-9.40863693637041,7.557394099277862,0.4818137805328333,37.06462112510036
R/L,185,Luis Rengifo,650859,S,2025,101,168,56,33.33333333333333,73.43930946312729,14.33462427266661,47.82837110609728,19.49898666000566,95.71505981247276,-19.33721658431843,-9.844619315702255,7.227225528764958,0.459558682801269,37.06462112510036
R/L,186,Brooks Lee,686797,S,2025,178,328,114,34.756097560975604,70.60569803923762,13.223252919328615,49.44380823828035,16.945389452961177,86.00607500454556,-18.73846093176059,-10.89488665412452,6.280744398912776,0.3910614059003415,37.06462112510036
R/L,187,Nick Castellanos,592206,R,2025,189,380,165,43.42105263157895,70.36382835833834,12.996308118300325,50.21244429336607,16.475504499811453,71.0642843193403,-18.453568890112148,-10.984534734966328,6.106583321303977,0.3777533688117237,37.06462112510036
R/L,188,Harrison Bader,664056,R,2025,155,346,113,32.65895953757225,69.11820862247885,12.798030153550567,49.20968808844391,16.077050932587653,79.70055413465289,-18.825236678274983,-11.44621897072213,5.958898016253028,0.3663149184673976,37.06462112510036
R/L,189,Pedro Pagés,686780,R,2025,112,241,90,37.344398340248965,67.5236794045262,14.579316157300816,34.87142247000769,20.12869062586785,65.1732634615594,-24.139660505658895,-12.0372251840853,7.460622917921511,0.47538191480008035,37.06462112510036
R/L,190,Luis Matos,682641,R,2025,86,165,65,39.39393939393939,66.24352427004851,15.399184225229131,24.10632070128581,22.470422122577354,,-28.129704689967138,-12.511709834492978,8.328576824944031,0.5303514701644201,37.06462112510036
R/L,191,Jhonkensy Noel,678877,R,2025,86,171,87,50.877192982456144,48.26281154476146,15.193476372072395,-10.753421425422061,21.845335640229898,,-41.050336034418414,-19.176192881713327,8.096890888557729,0.5162768569707326,37.06462112510036
L/R,1,Juan Soto,665742,L,2025,459,1012,140,13.83399209486166,145.95928837857394,9.614363835126975,161.5449995714906,11.224806573832083,144.23864508222138,22.811420912617628,17.034636109310707,4.160432028616221,0.2663593716250978,37.06462112510036
L/R,2,Bryson Stott,681082,L,2025,440,922,222,24.07809110629067,134.54588984998648,9.123135774354308,144.48898908703978,10.463828477180467,140.14125595616042,16.48967524749854,12.804303187191989,3.8783783802472986,0.23983643059365817,37.06462112510036
L/R,3,Lars Nootbaar,663457,L,2025,399,804,174,21.641791044776117,133.6393427147907,10.382876201792136,147.43225473150747,12.50534646568872,127.79717606820056,17.580585507325733,12.468294926211218,4.6350592878886525,0.31064346885971744,37.06462112510036
L/R,4,Trent Grisham,663757,L,2025,426,840,141,16.785714285714285,133.25382961467352,8.729177011828815,141.75683720721804,9.881124907646933,134.42635121858473,15.477013504680311,12.325405956265163,3.6624015099172587,0.21957023977092405,37.06462112510036
L/R,5,Kyle Tucker,663656,L,2025,399,767,138,17.992177314211215,132.85234447964746,7.968349519849748,139.53035288521295,8.815512244953075,138.020593937576,14.651775526319353,12.176597012094149,3.2674362138286863,0.18296314910090958,37.06462112510036
L/R,6,Geraldo Perdomo,672695,S,2025,501,960,178,18.541666666666668,131.03575324019653,7.6428822566203545,136.70356518962004,8.380686513629716,140.69265338545702,13.604037376936889,11.503284351799905,3.1062697039592364,0.16832212824528273,37.06462112510036
L/R,7,Isaac Collins,686555,S,2025,296,575,98,17.043478260869566,129.97104989360201,9.513928937352304,139.47697600564356,11.06587655470169,131.92264591427067,14.631991588138568,11.108656090278375,4.10152521917149,0.260823478109203,37.06462112510036
L/R,8,Brendan Donovan,680977,L,2025,343,617,144,23.3387358184765,127.46940451138121,9.36546863112282,135.73526965118216,10.834170399618243,127.32608288623976,13.245142304243638,10.181430707464674,4.015644210666274,0.2527469378977993,37.06462112510036
L/R,9,Ian Happ,664023,S,2025,478,933,199,21.329046087888532,127.06317278154242,9.157420209885757,134.72071471968667,10.515650054260393,135.16058146818975,12.869101362778816,10.030862455909984,3.897585851453025,0.24164241201917894,37.06462112510036
L/R,10,Steven Kwan,680757,L,2025,470,927,213,22.97734627831715,126.57002593351979,8.562790562203599,132.87553395396304,9.641703644112473,132.40870878895137,12.185192102890126,9.848079445100021,3.573660925695283,0.2112795771412559,37.06462112510036
L/R,11,Liam Hicks,689414,L,2025,326,606,103,16.996699669966997,126.52506678834429,9.502961492246204,134.78923296598896,11.048629361051017,131.2163826839642,12.894497391172319,9.831415508279635,4.095132612190156,0.2602224817388608,37.06462112510036
L/R,12,Ketel Marte,606466,S,2025,367,748,178,23.796791443850267,124.42767355594319,10.194117587262504,133.57366813456898,12.179528119343914,126.54771105640046,12.44395289187654,9.05402465318667,4.514295952259883,0.2994512657456341,37.06462112510036
L/R,13,Mike Yastrzemski,573262,L,2025,450,942,200,21.231422505307858,124.09027191273836,8.947306274124474,130.40486111829193,10.200912524289613,129.36213197261955,11.269446577107857,8.928968012462942,3.7809295784308565,0.23068081829485487,37.06462112510036
L/R,14,Max Muncy,571970,L,2025,306,668,131,19.610778443113773,123.10971069472622,11.1397671042418,134.28595309559324,13.898509256581345,126.07020499234336,12.707958614011249,8.565526712107072,5.151429797988878,0.3575848397770098,37.06462112510036
L/R,15,Matt Olson,621566,L,2025,507,1170,277,23.675213675213673,121.86191900951039,9.934156069047985,129.3448246996233,11.743233969940375,122.83282632957236,10.876548094740244,8.10303745155132,4.352585178792482,0.28437330985393106,37.06462112510036
L/R,16,Gavin Lux,666158,L,2025,442,886,174,19.63882618510158,119.92220180160355,7.5577670607608844,123.25012168771795,8.268842036875744,129.31783976924427,8.617569514677449,7.3840886175422735,3.064814972401026,0.16459395471862637,37.06462112510036
L/R,17,Kyle Teel,691019,L,2025,245,507,120,23.668639053254438,119.49178288746296,11.058601844697165,128.44877598404412,13.741826703598678,,10.544431033214492,7.224555477765293,5.093356003356718,0.3523930377622161,37.06462112510036
L/R,18,Jackson Holliday,702616,L,2025,466,815,182,22.33128834355828,119.15066580898942,7.769528839340695,122.54504277395876,8.548514502952669,120.57289444715778,8.356234686659626,7.098121725036062,3.1684745123436633,0.17394671909264262,37.06462112510036
L/R,19,Edgar Quero,700337,S,2025,267,473,88,18.6046511627907,119.14303742283401,9.459258607591766,124.74044128669235,10.980110876341104,120.92680734667654,9.169950827590425,7.095294292609605,4.069736495431767,0.2578345266049989,37.06462112510036
L/R,20,J. P. Crawford,641487,L,2025,441,891,208,23.34455667789001,118.88699024183227,8.738529666733637,123.36021776018552,9.894696495806231,124.23692484587842,8.65837620681117,7.000391375069806,3.6674317676491612,0.2200409977351651,37.06462112510036
L/R,21,Rafael Devers,646240,L,2025,484,1129,280,24.80070859167405,118.13793546995521,10.363657088160643,124.90901258068209,12.471809414407776,120.99408423579206,9.232431139033396,6.722757061854091,4.62262890689484,0.3094945065899586,37.06462112510036
L/R,22,Brandon Nimmo,607043,L,2025,447,810,186,22.962962962962962,117.98146060983107,8.339006192322858,121.72793010066822,9.325510375141436,118.54144187384398,8.053374970139311,6.664760247793048,3.456465088528098,0.2003805056654652,37.06462112510036
L/R,23,Jurickson Profar,595777,S,2025,264,569,125,21.968365553602812,116.31259269576059,9.671703203346247,121.21359627362038,11.316353555644596,117.97227405778432,7.862739085825801,6.046200678364457,4.194363570576493,0.2695459415363795,37.06462112510036
L/R,24,Spencer Horwitz,687462,L,2025,359,693,158,22.7994227994228,115.85585330321781,8.753830027613386,119.49021509132706,9.916925301736917,119.18806182605223,7.223974380067508,5.876911952989393,3.675670790348004,0.22081221536533935,37.06462112510036
L/R,25,Zach McKinstry,656716,L,2025,392,772,210,27.202072538860104,115.82536266121828,9.321087973203936,120.09822747629707,10.765629276393259,118.224859078299,7.4493318669503275,5.865610712053655,3.990239703028045,0.25035720208261963,37.06462112510036
L/R,26,TJ Friedl,670770,L,2025,486,885,156,17.627118644067796,115.81855214034219,6.681574713695783,117.70641465668162,7.157817923413437,116.01289955494082,6.562815507338279,5.8630864182942855,2.6530180941377166,0.12864251844519714,37.06462112510036
L/R,27,Nick Kurtz,701762,L,2025,334,679,139,20.471281296023562,115.47480669023979,10.560786918944572,121.36786785172785,12.819854384867801,112.38487915359356,7.919919261755049,5.73567846957906,4.751630456540815,0.3213804361362736,37.06462112510036
L/R,28,Jake Cronenworth,630105,L,2025,350,735,168,22.857142857142858,115.45544626283386,10.236703134414576,120.82993855801178,12.25235161047882,118.69167082807289,7.720537807118259,5.728502600512852,4.541287703339107,0.30195838458332375,37.06462112510036
L/R,29,Ben Rice,700250,L,2025,411,776,156,20.103092783505154,115.32124881808684,7.766550063733673,117.90684229441976,8.544547403246723,113.1353931868148,6.637103251895915,5.678762826057805,3.1670041218679987,0.1738133650817346,37.06462112510036
L/R,30,Xavier Edwards,669364,S,2025,418,720,181,25.13888888888889,115.24266148597144,8.418997113934697,118.37693233417684,9.437787186938468,119.56873676541808,6.811340344078711,5.649634729156907,3.49808006343201,0.2042431955995563,37.06462112510036
L/R,31,Andrew Benintendi,643217,L,2025,378,727,189,25.997248968363134,114.61371176860456,10.589947270507642,120.14379213894547,12.872118891497268,106.72476620767168,7.466220236527888,5.416516899347483,4.771002097905931,0.32315767204086693,37.06462112510036
L/R,32,Jung Hoo Lee,808982,L,2025,448,809,168,20.7663782447466,114.50009017848151,7.345749211301732,116.61171516552811,7.9934338722241955,114.37908786150722,6.157069288483833,5.374403487452064,2.962735979625337,0.15548878497202528,37.06462112510036
L/R,33,Sal Frelick,686217,L,2025,421,808,202,25.0,114.29497220648831,8.478288913239988,117.23754375133453,9.52154134238102,110.61589365069943,6.389030282705551,5.298377288273293,3.5291232238233197,0.20713014027378795,37.06462112510036
L/R,34,Shohei Ohtani,660271,L,2025,468,1045,253,24.210526315789473,114.22562191002729,11.126302363218382,120.43334925887996,13.872385448166183,108.8631507888309,7.573543485972359,5.27267286364088,5.141747107376351,0.3567209298986075,37.06462112510036
L/R,35,Josh Bell,605137,S,2025,412,821,217,26.431181485992695,113.26040226140283,9.517099932005955,116.87311873688492,11.070867121749082,112.76481034805762,6.253957531814715,4.914917857853201,4.1033749539396,0.26099737213161195,37.06462112510036
L/R,36,Drake Baldwin,686948,L,2025,351,703,209,29.72972972972973,112.6976844833992,11.101723015485879,118.0214299729881,13.824832804826599,115.77561177433252,6.679574740813318,4.706348645432573,5.124121900287564,0.35514659140899324,37.06462112510036
L/R,37,Josh Smith,669701,L,2025,440,839,208,24.791418355184742,112.31347996805293,8.437572023164844,114.70917214678157,9.463976585351698,116.19189689842466,5.451898926843381,4.563944697473946,3.507787064728817,0.2051454370219031,37.06462112510036
L/R,38,Jonathan Aranda,666018,L,2025,316,645,191,29.612403100775193,112.29420282830867,10.626106554927315,116.76168073307616,12.937214752401136,116.33170264646216,6.212653457913622,4.55679969866398,4.795129632118072,0.3253682778728735,37.06462112510036
L/R,39,Víctor Caratini,605170,S,2025,320,555,127,22.882882882882882,111.55982971854021,8.994384748842675,114.15234329311579,10.270847373939745,110.31572511048732,5.245512421916921,4.284607087883687,3.806850665488086,0.23311477378901901,37.06462112510036
L/R,40,Brice Turang,668930,L,2025,465,969,233,24.045407636738904,111.25066337327114,8.26322040133038,113.26403232936428,9.21988052280922,119.15139562400938,4.916263328789696,4.1700157533633835,3.4173137839661596,0.1967548963808826,37.06462112510036
L/R,41,Colt Keith,690993,L,2025,421,802,203,25.311720698254366,111.06405745933064,8.779298058561535,113.35753584599807,9.953999365474564,115.76174985524946,4.950920052968653,4.100850978364305,3.689412151608041,0.2220989282504692,37.06462112510036
L/R,42,Corey Seager,608369,L,2025,288,568,118,20.774647887323944,111.01526705283266,9.417746346263037,113.7563832525921,10.915331776516249,107.0681054360297,5.0987513330900205,4.082766999050434,4.045726367513434,0.2555764620324742,37.06462112510036
L/R,43,Mike Tauchman,643565,L,2025,314,619,149,24.07108239095315,110.94060995106373,9.474455645965293,113.70034087476273,11.003899636973294,118.36706885146506,5.077979438078069,4.055095627136803,4.078553709430445,0.2586636547432938,37.06462112510036
L/R,44,Michael Busch,683737,L,2025,495,933,219,23.47266881028939,110.6083270671345,7.913710298386041,112.27682473379204,8.741697111203406,115.32829108893505,4.550358573772632,3.931936235144874,3.240076914171385,0.18046258377019053,37.06462112510036
L/R,45,Jazz Chisholm,665862,L,2025,385,818,219,26.772616136919314,110.26196981887647,10.379890954469603,113.51766224194527,12.50013175653481,109.43313649280724,5.0102702949477615,3.8035602333387075,4.6331264756979795,0.31046486434747433,37.06462112510036
L/R,46,Nathan Lukes,664770,L,2025,385,687,222,32.314410480349345,110.14694184108342,10.423856259637505,113.39043869301425,12.577137265165723,115.686879768238,4.963115368554571,3.7609255491818505,4.661668275717484,0.3131004585015416,37.06462112510036
L/R,47,Luis Arráez,650333,L,2025,471,798,283,35.46365914786968,109.73461585089748,9.213720905755276,111.90547816968316,10.601153540420466,114.53337912931715,4.412720376724598,3.6080984831191145,3.9292773946470088,0.24462282723163453,37.06462112510036
L/R,48,Adam Frazier,624428,L,2025,387,731,209,28.59097127222982,109.2406461097135,9.032426594030532,111.14910146349595,10.32760258315489,105.51947532412566,4.132372216297792,3.425010470076632,3.8278867687524376,0.23509086671344173,37.06462112510036
L/R,49,Andrés Giménez,665926,L,2025,284,552,185,33.51449275362319,108.97805155467005,11.634449955616546,112.78094134940568,14.896978676541048,104.89139252148972,4.737207487378507,3.3276807931546353,5.521508705546929,0.39004847774880164,37.06462112510036
L/R,50,Daylen Lile,695734,L,2025,274,497,127,25.553319919517104,108.29004908596634,10.328713625884028,110.62425012420346,12.41104725582005,107.67970881180058,3.937838055919014,3.072675284798273,4.600107643026867,0.3074109607507983,37.06462112510036
L/R,51,José Ramírez,608070,S,2025,464,1010,298,29.504950495049503,107.8948709953887,10.417247618850745,110.10774701659075,12.565533895194438,114.30635127358612,3.7463981359829956,2.926204022756259,4.657367530599884,0.3127035780206856,37.06462112510036
L/R,52,Victor Scott,687363,L,2025,331,611,145,23.731587561374795,106.49087452088578,9.293364920215668,107.63717611206539,10.722979805518154,107.129516699045,2.830690390593706,2.4058180488719905,3.974431838236327,0.2488701772989926,37.06462112510036
L/R,53,Michael Conforto,624424,L,2025,410,860,198,23.02325581395349,106.13042812355458,9.167297054789525,107.12079074431095,10.530613486200616,111.929301318518,2.639294110490068,2.272219957342103,3.903131990808981,0.24216394573801434,37.06462112510036
L/R,54,Cedric Mullins,656775,L,2025,365,771,206,26.718547341115436,106.03728608721849,9.676457518839445,107.14807739302728,11.323971132514442,115.36417012109104,2.6494078034545123,2.237697214465931,4.197186996582214,0.26981100786313594,37.06462112510036
L/R,55,Chandler Simpson,802415,L,2025,327,482,138,28.63070539419087,105.95506861100296,8.004344127965403,106.61710667133104,8.864325251712916,113.82986317447448,2.4526055171725916,2.2072236184080243,3.2855285698439913,0.18461984381766874,37.06462112510036
L/R,56,Cody Bellinger,641355,L,2025,481,968,305,31.508264462809915,105.82829366086334,8.996539438325788,106.67908865691186,10.27405612909994,108.55365891590432,2.475578905293934,2.1602349634572393,3.8080399784310446,0.23322647684144807,37.06462112510036
L/R,57,Nolan Jones,666134,L,2025,322,606,160,26.4026402640264,104.88734369568749,9.618995697141605,105.56214724468197,11.232179578916288,107.46604620589385,2.061588802661582,1.811475423888049,4.1631648050162156,0.26661607858211506,37.06462112510036
L/R,58,Wilyer Abreu,677800,L,2025,345,654,187,28.593272171253826,104.51435737313271,10.022230981314573,105.11852094476214,11.889496066270572,106.29774788665917,1.8971603953849951,1.6732294565846717,4.406796670646899,0.28943809484126487,37.06462112510036
L/R,59,Jeff McNeil,643446,L,2025,350,602,162,26.910299003322258,104.4472682320024,8.275230887077667,104.79540264847127,9.236572991256178,108.51843092008812,1.7773978230789018,1.6483631206086409,3.4235007841524516,0.19732727352868495,37.06462112510036
L/R,60,CJ Abrams,682928,L,2025,437,768,236,30.729166666666668,104.35446974274717,9.563043397736353,104.82797379831256,11.14337229290543,93.99754172966604,1.7894701963636679,1.613967712156371,4.130248720924807,0.2635233658214381,37.06462112510036
L/R,61,Francisco Lindor,596019,S,2025,499,959,245,25.547445255474454,104.26405377386183,8.272016982527653,104.56685396344837,9.232104478212548,103.69895308599575,1.6926871188887678,1.5804553758524305,3.4218445467229044,0.19717402877250378,37.06462112510036
L/R,62,Ryan McMahon,641857,L,2025,459,967,242,25.0258531540848,104.12567073378746,9.858120117767704,104.55139388525042,11.61820278660404,109.37206335173038,1.6869568994790511,1.5291642263474685,4.30624284440064,0.28003678737563553,37.06462112510036
L/R,63,Kyle Stowers,669065,L,2025,351,662,173,26.132930513595166,102.93579851548596,10.47968693450429,102.89165098086009,12.675567807601414,102.80892761365784,1.0717794803160396,1.0881425967611915,4.698151183342654,0.3164634026856984,37.06462112510036
L/R,64,Nolan Schanuel,694384,L,2025,435,820,209,25.48780487804878,102.67241568214348,8.306659612262454,102.58338657977934,9.280338152470303,115.7659736794711,0.9575224479919023,0.9905207474742486,3.4397221753412563,0.19882898909979124,37.06462112510036
L/R,65,Adley Rutschman,668939,S,2025,257,521,125,23.99232245681382,102.5741294132326,9.23541952630085,102.42520038089518,10.634242560547515,116.8368886743008,0.8988913327032878,0.9540913142844333,3.941541714591107,0.2457763738154501,37.06462112510036
L/R,66,Kyle Schwarber,656941,L,2025,443,995,217,21.809045226130653,101.60456224144961,10.23858917870485,100.98712235483009,12.255585921953703,108.41909447992325,0.3658731608589421,0.5947249155097176,4.542486488633278,0.3020696624710556,37.06462112510036
L/R,67,Alec Burleson,676475,L,2025,420,739,212,28.68741542625169,101.47392725785487,8.917266437015522,101.01105248566142,10.156461349128072,102.39924828936876,0.37474277318631366,0.5463055537834867,3.7644539187715766,0.2291344352401263,37.06462112510036
L/R,68,Pavin Smith,656976,L,2025,263,551,125,22.686025408348456,101.37750276667913,11.673023285900333,100.30847093771719,14.978211122349185,,0.11433358434592282,0.5105661814573929,5.551617203816368,0.3926391305079802,37.06462112510036
L/R,69,Josh Naylor,647304,L,2025,410,712,248,34.831460674157306,101.18262731907697,10.123780700821914,100.40789045018607,12.06009799956721,97.08474767524902,0.15118304996693258,0.4383363351378107,4.470029630855394,0.2953332424676791,37.06462112510036
L/R,70,Bo Naylor,666310,L,2025,329,655,158,24.12213740458015,100.08240799705827,9.692174375596327,98.98796435097474,11.349182951203003,98.13648009028756,-0.37510717896216644,0.030544211886430916,4.206531661657877,0.2706881935082378,37.06462112510036
L/R,71,Luis Rengifo,650859,S,2025,441,799,242,30.287859824780977,100.07884975958827,9.073799523288299,99.16055143525354,10.38957824650516,95.71505981247276,-0.31113843006336667,0.029225364649441365,3.850857813562983,0.23724946131136138,37.06462112510036
L/R,72,Freddie Freeman,518692,L,2025,448,894,252,28.187919463087248,99.96332864324991,8.100585916547555,99.24798350281843,8.995578050856613,100.56940380579512,-0.2787320654786025,-0.01359209944085693,3.334176922562692,0.18908615937298087,37.06462112510036
L/R,73,Brandon Marsh,669016,L,2025,336,670,187,27.91044776119403,99.35720428771758,10.600267291194779,97.59802257171333,12.890664992999481,97.23374347765292,-0.890283833304885,-0.2382497953658692,4.777876140161203,0.3237878203824275,37.06462112510036
L/R,74,Brayan Rocchio,677587,S,2025,269,468,142,30.34188034188034,98.69300579156182,10.294755603212035,96.78568337443491,12.35226034465845,97.88842915562054,-1.1913742790268134,-0.48443245148461744,4.578318497133671,0.30539291507102906,37.06462112510036
L/R,75,Cal Raleigh,663728,S,2025,488,1089,331,30.39485766758494,98.22791347914792,11.082882375922493,95.59646268907375,13.788500233713883,96.41095681795092,-1.632154420397246,-0.6568171549627957,5.110655370459629,0.35394218176344255,37.06462112510036
L/R,76,Ozzie Albies,645277,S,2025,480,962,297,30.87318087318087,98.05951450469989,8.549622121676222,96.73291497095938,9.622915599238382,97.2573749407402,-1.2109326878487803,-0.7192335968205125,3.566697208045887,0.21063023667667236,37.06462112510036
L/R,77,Ryan O'Hearn,656811,L,2025,432,877,235,26.795895096921324,97.34563010946074,8.899169494849128,95.66452625106487,10.129746991157187,100.8930321628039,-1.6069269190209912,-0.9838321431871171,3.7545523432036654,0.22820535568243477,37.06462112510036
L/R,78,Vinnie Pasquantino,686469,L,2025,517,981,295,30.071355759429153,97.18623948852024,8.323747407918136,95.72822547270557,9.304185010216093,92.47898880562688,-1.5833170438602278,-1.0429096729476588,3.448560922814975,0.19964786067466322,37.06462112510036
L/R,79,Willi Castro,650489,S,2025,336,657,206,31.35464231354642,96.83768231972392,9.29598445809007,94.78407252114684,10.727004315641924,101.46811125171249,-1.933263758196922,-1.1721010669663907,3.975923507665844,0.24901049606199632,37.06462112510036
L/R,80,Nathaniel Lowe,663993,L,2025,438,931,223,23.952738990332975,96.44332165649165,9.282762890702472,94.2672113418128,10.706702952390659,103.69592228745786,-2.124836396059814,-1.3182693526598663,3.9683988842935323,0.24830267049217913,37.06462112510036
L/R,81,Bryan Reynolds,668804,S,2025,485,971,254,26.15859938208033,95.81294933064106,8.612255036994302,93.8508689419953,9.71248521828157,98.85410362339864,-2.2791521291353156,-1.5519144669138707,3.5998958479874403,0.21372761526272444,37.06462112510036
L/R,82,Lawrence Butler,671732,L,2025,509,1031,269,26.091173617846753,95.44619074822997,8.620621807498951,93.3793165070762,9.724490447318388,96.29234614455478,-2.4539312525442667,-1.6878521459283284,3.6043455406451375,0.2141430879859602,37.06462112510036
L/R,83,Elly De La Cruz,682829,S,2025,480,977,262,26.816786079836234,95.34113491279557,8.552818951689702,93.28723612255632,9.627474538687796,92.9997352495229,-2.488060498197093,-1.7267906933019013,3.5683869616801354,0.21078778163956088,37.06462112510036
L/R,84,Josh Lowe,666139,L,2025,307,656,243,37.042682926829265,95.2532046079146,10.957623536209997,91.13850376474133,13.54949609942491,98.15882471961292,-3.284480005613661,-1.759381727660176,5.022069393612094,0.34598687705290143,37.06462112510036
L/R,85,Brooks Lee,686797,S,2025,350,690,210,30.434782608695656,94.40712632290153,9.471174379162953,91.40088077240434,10.998759911723962,86.00607500454556,-3.1872309618039907,-2.072977438422014,4.076648689739909,0.2584845209707341,37.06462112510036
L/R,86,Carlos Santana,467793,S,2025,328,707,176,24.893917963224894,94.28475344660804,10.636949646108278,90.05367019142615,12.95679750898482,104.15962957421388,-3.686569459400816,-2.1183344813800877,4.802387906651665,0.32603264123227627,37.06462112510036
L/R,87,Brett Baty,683146,L,2025,349,690,169,24.492753623188406,94.2604177643183,8.599747648008229,91.88511592766793,9.694556461551537,97.22553277527692,-3.0077510361509985,-2.1273544098189827,3.593250622233013,0.21310728218772634,37.06462112510036
L/R,88,James Wood,695578,L,2025,457,976,218,22.33606557377049,94.11066713593036,8.7005337561698,91.62196123030307,9.839637011733608,90.48407925300172,-3.105288327702187,-2.182858912863437,3.6470241784842083,0.21813164182679276,37.06462112510036
L/R,89,Kyle Manzardo,700932,L,2025,433,783,211,26.947637292464876,93.64771513742696,8.316679207988606,91.31197881379984,9.294316553615362,95.46791518566512,-3.2201821359335376,-2.354450317099798,3.4449032167650193,0.19930893836513658,37.06462112510036
L/R,90,Kyle Isbel,664728,L,2025,334,546,149,27.28937728937729,93.34034529802769,8.62861603887384,90.69339769856555,9.735970032728762,94.81054898674778,-3.4494568826465533,-2.468375783525971,3.608600405484225,0.21454043824453148,37.06462112510036
L/R,91,Rowdy Tellez,642133,L,2025,288,583,173,29.674099485420243,92.82961184586196,11.78750407176298,86.01785553636189,15.222402593610656,98.94592548064394,-5.182428870611659,-2.6576772025303392,5.64212584745924,0.40037835149497386,37.06462112510036
L/R,92,Oneil Cruz,665833,L,2025,416,972,277,28.497942386831276,92.26153168979027,9.947968424379411,87.9652761133116,11.766068823159852,91.21759162757488,-4.4606248120530045,-2.8682339600651887,4.361048830622754,0.28516463944614023,37.06462112510036
L/R,93,Wenceel Pérez,672761,S,2025,272,575,192,33.39130434782609,91.47242389925451,10.639803590971704,85.87641861830986,12.96195658412587,95.48591376540884,-5.234851928418668,-3.160713772895921,4.804300098306254,0.3262076169609842,37.06462112510036
L/R,94,Christian Yelich,592885,L,2025,437,914,232,25.38293216630197,91.3581353639673,9.575599055776419,87.1664227979329,11.163251878474505,92.05124520501283,-4.756716766743426,-3.2030743854895514,4.1376170139972235,0.26421579838497483,37.06462112510036
L/R,95,Yoán Moncada,660162,S,2025,261,512,124,24.21875,91.03786582939257,10.256634298049264,85.82079829430663,12.286570044977672,,-5.255467390779017,-3.3217810750588006,4.553970636441047,0.3031353730880616,37.06462112510036
L/R,96,Joc Pederson,592626,L,2025,287,598,168,28.093645484949832,90.71109142868247,10.877367105959351,84.33784686140534,13.398630215217668,97.43843601159864,-5.8051177208531275,-3.4428987686158155,4.966151525223648,0.34093724511057855,37.06462112510036
L/R,97,Max Kepler,596146,L,2025,399,812,218,26.84729064039409,90.34463792316123,9.270220254143865,86.16903585876769,10.687470537337427,93.14732120545936,-5.126394456896246,-3.5787233720369116,3.9612704625208446,0.24763212312180818,37.06462112510036
L/R,98,Gunnar Henderson,683002,L,2025,433,865,249,28.78612716763006,90.2586264871685,8.429488848629223,86.97008049024913,9.452574364021963,98.64866474597513,-4.829490299194692,-3.610603184911878,3.5035608745931053,0.204752567585159,37.06462112510036
L/R,99,Jesús Sánchez,660821,L,2025,422,864,255,29.51388888888889,90.23525642869005,9.383463195322545,85.8849323144724,10.862054950754203,87.98911880663903,-5.231696359192279,-3.6192652085436245,4.025979513897251,0.25371911354674365,37.06462112510036
L/R,100,Riley Greene,682985,L,2025,454,942,299,31.740976645435243,89.87808527963888,10.919948659892164,82.99260267520174,13.478458126878248,93.06483671424309,-6.303727381676929,-3.751649341707612,4.995739438232722,0.3436117992736798,37.06462112510036
L/R,101,Jasson Domínguez,691176,S,2025,325,683,217,31.771595900439237,89.74491187560399,10.532670031942896,83.5019988555573,12.769653892678598,91.12881619086752,-6.114921617402409,-3.801009559352542,4.733023834307952,0.31967143688667027,37.06462112510036
L/R,102,Daniel Schneemann,682177,L,2025,361,704,182,25.85227272727273,89.14102463734136,8.587647159809546,85.39271562479365,9.67723112961674,95.00030295206048,-5.414134610336216,-4.024838076237419,3.5868290535927145,0.21250798833743412,37.06462112510036
L/R,103,Trey Sweeney,700242,L,2025,277,485,138,28.45360824742268,89.0904411500906,9.931286707327269,83.55519814189847,11.738495034962442,,-6.095203503478795,-4.043586654138777,4.350828710497546,0.2842090579451702,37.06462112510036
L/R,104,JJ Bleday,668709,L,2025,269,537,127,23.649906890130353,89.055512499657,10.72359478612481,82.12937968689397,13.114329679998225,93.82891923569636,-6.623677711757971,-4.056532826086099,4.860776608987928,0.33136578634859937,37.06462112510036
L/R,105,Jorge Polanco,593871,S,2025,408,806,196,24.317617866004962,88.79087821061863,8.3714883711243,85.187435827,9.371004715720078,97.01005888027156,-5.490220789634805,-4.154618522685273,3.473327393496935,0.20194459419708313,37.06462112510036
L/R,106,Jonah Heim,641680,S,2025,302,559,169,30.23255813953488,88.63370435968447,10.312869629437674,82.27153332266715,12.383586766423058,88.0543165750011,-6.570989005243086,-4.21287441504175,4.589929516672774,0.30646856218291124,37.06462112510036
L/R,107,Brandon Lowe,664040,L,2025,407,778,244,31.362467866323907,88.19890061493007,9.18229633174278,83.4388004918487,10.55336699478725,82.28314192088882,-6.138345851468265,-4.3740327756727195,3.911565492559284,0.2429570378762287,37.06462112510036
L/R,108,Luis García,671277,L,2025,420,785,300,38.21656050955414,87.4380016378686,10.168705360241384,80.81994677594616,12.136257581352218,86.65553206198524,-7.109014059088154,-4.65605709866532,4.498257891294468,0.29796016294071326,37.06462112510036
L/R,109,Corbin Carroll,682998,L,2025,439,927,302,32.5782092772384,86.89498314081403,9.33391393129679,81.48619239825828,10.785403884628138,94.56411707402012,-6.862072643415595,-4.857324847237807,3.9975690866492752,0.25104666671003717,37.06462112510036
L/R,110,Matt Wallner,670242,L,2025,297,595,169,28.403361344537814,85.62782141538486,10.86520880964932,76.6554548986368,13.375926013884785,92.19153629805004,-8.652567195198445,-5.326993539810417,4.957736299020135,0.3401754983885114,37.06462112510036
L/R,111,Gavin Sheets,657757,L,2025,392,925,292,31.56756756756757,84.88147796617288,10.994705136483697,75.1800226703323,13.619794955970763,89.31875548218196,-9.19943056057713,-5.603622911552837,5.048125398446093,0.3483325417951027,37.06462112510036
L/R,112,Tyler Soderstrom,691016,L,2025,474,844,230,27.251184834123222,84.87426485044162,7.786750596414403,81.03030501591064,8.57146910607295,89.28820104561565,-7.031045574439886,-5.606296425569943,3.1769825490209658,0.17471870624043176,37.06462112510036
L/R,113,Patrick Bailey,672275,S,2025,331,618,166,26.860841423948216,84.15763830705151,9.516616044340434,77.49289858500318,11.070105456957783,88.70710303476685,-8.342171865710673,-5.871911338759389,4.103092645770462,0.26097083249256703,37.06462112510036
L/R,114,Colton Cowser,681297,L,2025,265,556,135,24.280575539568343,83.50972234802249,11.175334034211131,72.53502252801722,13.96776942932119,84.13420481312524,-10.179789842084583,-6.11205893418256,5.177100818605492,0.35987187111151714,37.06462112510036
L/R,115,Trevor Larnach,663616,L,2025,448,881,243,27.582292849035188,83.44337897880474,8.378046648067313,78.47703528509705,9.38020644356165,83.00424498276442,-7.977405326467818,-6.136648852624744,3.4767379790583766,0.2022611274805758,37.06462112510036
L/R,116,Addison Barger,680718,L,2025,412,792,247,31.186868686868685,82.35199716042712,9.724780193875494,74.60570694440433,11.401632346707954,83.79593136481476,-9.412298508454205,-6.541165388634642,4.225971831384192,0.27251252222250555,37.06462112510036
L/R,117,Jarren Duran,680776,L,2025,485,953,285,29.905561385099684,82.3473916080847,8.474875630987698,76.9494293286518,9.516707406996359,82.19302272075426,-8.54360668650871,-6.542872419161071,3.527331543987563,0.2069633964120653,37.06462112510036
L/R,118,Austin Wells,669224,L,2025,311,595,172,28.907563025210088,82.25016269219726,9.638040470281961,74.65450291370874,11.262535837452925,81.96116518095953,-9.394212467307204,-6.578909948458798,4.1744162372305755,0.2676728769293089,37.06462112510036
L/R,119,Kerry Carpenter,681481,L,2025,400,747,259,34.67202141900937,81.83904108993086,10.384035517449819,72.28618415007524,12.507372135426309,86.2504554977545,-10.272020844082624,-6.731290612702283,4.635810094702135,0.31071284345998207,37.06462112510036
L/R,120,Jake Mangum,663968,S,2025,290,478,220,46.02510460251046,81.83354237826279,9.77560638364805,73.77819976263558,11.483786436895308,90.29065722117724,-9.719010910159792,-6.7333286893488165,4.256421933650908,0.275368518586379,37.06462112510036
L/R,121,Kody Clemens,665019,L,2025,298,558,157,28.136200716845877,81.11798870930419,9.556873550429161,73.29082736674403,11.133613735238699,82.5579287330128,-9.89965364216532,-6.998545945695077,4.126631748498358,0.2631834375442554,37.06462112510036
L/R,122,Pete Crow-Armstrong,691718,L,2025,458,879,370,42.093287827076225,80.9713890743967,10.907725733642211,69.46266875444412,13.455493855171426,71.48948821331655,-11.318546127882177,-7.052882544944318,4.9872278179304494,0.34284300607314033,37.06462112510036
L/R,123,Alek Thomas,677950,L,2025,381,647,219,33.84853168469861,78.95523032867291,9.239003916638039,71.10161025721413,10.639715838567804,78.98645796357444,-10.711078669418443,-7.800164145327415,3.943570364352451,0.2459671890594806,37.06462112510036
L/R,124,Jackson Merrill,701538,L,2025,313,557,208,37.34290843806104,78.43161745358054,10.44053318023419,67.16638087100489,12.606463186035155,72.76059633936094,-12.169656531820513,-7.9942392736426475,4.672537817179186,0.31410310632847055,37.06462112510036
L/R,125,Nolan Gorman,669357,L,2025,308,650,179,27.53846153846154,78.17082492400581,10.88684229886095,65.27638177638227,13.416351355626535,86.25147484523357,-12.870177535510214,-8.090901036652081,4.972719798775241,0.3415314795686035,37.06462112510036
L/R,126,Brooks Baldwin,681460,S,2025,263,511,178,34.833659491193735,76.7583339896756,11.138647584793004,62.138779939177766,13.896335196546193,82.91228853637934,-14.033117768884253,-8.614435449887964,5.150623990873817,0.3575129705784483,37.06462112510036
L/R,127,Bryce Harper,547180,L,2025,345,766,254,33.15926892950392,73.20456020355276,9.652509874980408,62.257861480695,11.285643223041934,86.11382093811284,-13.988980646690962,-9.931628239357531,4.182980902151058,0.2684771845010931,37.06462112510036
L/R,128,Michael Harris,671739,L,2025,458,819,355,43.34554334554335,70.07177541802605,9.158710737847775,59.56572344088421,10.517604329004449,69.39243324706443,-14.986811411311532,-11.092783050777797,3.898310195982653,0.2417105247094688,37.06462112510036
L/R,129,Mickey Moniak,666160,L,2025,399,679,269,39.617083946980856,68.86868354709273,9.991471689222736,55.07277559487629,11.838238165987296,76.86718305379651,-16.652105507782725,-11.538704494526115,4.387798124110221,0.287664188626491,37.06462112510036
L/R,130,Michael Toglia,669911,S,2025,240,504,163,32.34126984126984,68.40277815255973,11.66536507789411,46.06496022470858,14.96204220939455,70.86423149742005,-19.990818146383944,-11.711390563811172,5.545624257489685,0.3921241095573246,37.06462112510036
L/R,131,Angel Martínez,682657,S,2025,316,576,253,43.92361111111111,58.11381398657715,10.203849080933683,38.861393036460406,12.196134996877978,71.0418456523717,-22.66079303220018,-15.52495614962996,4.520451228498593,0.3000232620961342,37.06462112510036
R/R,1,Taylor Ward,621493,R,2026,412,841,118,14.030915576694412,158.32563363782972,7.498578839383123,168.06815687551253,8.148772955622576,152.01774482680122,29.940508963461475,25.65515561008588,3.5843251957774296,0.1532143513769144,43.98607269213801
R/R,2,Miguel Vargas,678246,R,2026,441,907,193,21.27894156560088,146.5533331537466,8.859195962216416,157.99873177086405,9.991816267678557,145.36575258345076,25.51136431725041,20.47698296162016,4.395007566765961,0.21386028413518876,43.98607269213801
R/R,3,Gleyber Torres,650402,R,2026,263,536,117,21.828358208955223,143.3244000692653,9.227300842970036,155.0585606571927,10.52917898353034,144.20172994084314,24.21809851391767,19.056702107899724,4.631372321580973,0.2320015486140764,43.98607269213801
R/R,4,Isaac Paredes,670623,R,2026,448,1049,275,26.215443279313632,132.0820698165025,8.273982782770245,138.4115225717032,9.173738818100482,124.0526682154779,16.89572024054636,14.111642550629254,4.03516742511656,0.18653947438936108,43.98607269213801
R/R,5,Alex Bregman,608324,R,2026,490,960,235,24.479166666666664,131.95190098545334,8.068472625919464,137.87580541752862,8.89598012083565,127.90484319220464,16.660079303686892,14.05438639398147,3.912992282628916,0.17738797779576898,43.98607269213801
R/R,6,Gabriel Moreno,672515,R,2026,348,794,225,28.337531486146094,129.75425039670242,9.550510166154858,138.11328053189703,11.017254144980226,129.79111059848162,16.764535280118714,13.087726208494292,4.84605741688859,0.24853906801094877,43.98607269213801
R/R,7,Xander Bogaerts,593428,R,2026,400,776,175,22.551546391752577,128.23522470149953,7.9094969930300945,133.1167233945327,8.684242097387312,129.39839245342995,14.566746025573426,12.419566461990092,3.8198570417180333,0.17046658212958912,43.98607269213801
R/R,8,Pete Alonso,624413,R,2026,434,977,271,27.73797338792221,127.31754149638132,10.308351430337442,136.62481604189276,12.229866609168804,121.8926698772191,16.109818207548773,12.015913660303251,5.379438016860504,0.28954759037230177,43.98607269213801
R/R,9,Lane Thomas,657041,R,2026,209,427,94,22.01405152224824,126.61126543686758,9.6421997350547,134.1199104948335,11.15868414485287,126.04287108275298,15.008008632749892,11.705250559358374,4.908266919441062,0.25333416894009764,43.98607269213801
R/R,10,Ryan Jeffers,680777,R,2026,209,447,131,29.30648769574944,124.64915280953083,11.34325912317041,135.5380055525809,14.07612602381822,131.96843104797654,15.631772955694274,10.842194272796409,6.191535025073637,0.35060429280692745,43.98607269213801
R/R,11,Randy Arozarena,668227,R,2026,430,956,293,30.648535564853557,123.33827997730862,9.448344670235324,129.3998956077928,10.861243084537708,123.38992230410597,12.931859453456441,10.265592795913655,4.777434278434569,0.24325007254217604,43.98607269213801
R/R,12,Mookie Betts,605141,R,2026,305,523,111,21.223709369024856,122.97080049146348,8.217836127986173,127.14060973528402,9.097388795973101,124.14149935813614,11.938088327251517,10.103953002141122,4.001584048883147,0.18401637727720005,43.98607269213801
R/R,13,Jacob Young,696285,R,2026,285,504,136,26.984126984126984,122.1840973529813,9.034236738148246,127.2472828004878,10.244997676714142,120.17970363475575,11.985009619254978,9.757913187777014,4.506372125387333,0.22239471209992256,43.98607269213801
R/R,14,Chase Meidroth,805367,R,2026,418,851,239,28.08460634547591,121.70922397508403,8.608436862226032,126.06832076409623,9.636125528075917,116.19960932091828,11.466430520915072,9.549035038579513,4.23855317948514,0.20192501326360512,43.98607269213801
R/R,15,Mike Trout,545361,R,2026,400,909,204,22.442244224422442,121.60930064811721,8.407352383178292,125.69527924566465,9.356540987615267,120.32893212955364,11.302344207445906,9.505082691343485,4.115574920282139,0.19260165933075618,43.98607269213801
R/R,16,Kyle Karros,691720,R,2026,267,576,133,23.09027777777778,121.2847392654785,9.79682969966456,127.23577282632505,11.400333572848727,111.07494682965697,11.979946833652905,9.362320885645419,5.014559012499455,0.261524656535312,43.98607269213801
R/R,17,Vladimir Guerrero,665489,R,2026,407,755,239,31.65562913907285,120.88387096982684,8.513572328968198,124.92078595283024,9.503620236146684,120.60817639216609,10.961675024664032,9.185994665720342,4.1802693054562186,0.1974991282847488,43.98607269213801
R/R,18,Wyatt Langford,694671,R,2026,267,498,134,26.907630522088354,118.77728051548694,9.270437607960627,123.14895191767705,10.593407762890756,118.57246772530787,10.182314817977502,8.25938825714875,4.659624039159719,0.23417578985854512,43.98607269213801
R/R,19,Nico Hoerner,663538,R,2026,460,831,266,32.009626955475326,118.11810049233672,7.317951507957092,120.4481071157442,7.918460288420917,110.02676466809142,8.994319260097484,7.969440852993846,3.4830196985629054,0.14592193422843402,43.98607269213801
R/R,20,Caleb Durbin,702332,R,2026,386,693,199,28.715728715728716,117.06347719695341,8.038916997606135,119.75276028318925,8.856413037606414,113.9913829058484,8.68846349686739,7.505553483658325,3.8955882766375454,0.1760907779649752,43.98607269213801
R/R,21,Nick Loftin,679845,R,2026,236,447,111,24.832214765100673,116.49257099150414,9.77107233004618,120.71630551177294,11.359802135398825,112.64624349613672,9.112289201533839,7.254434265125477,4.996730824959573,0.2601512873508672,43.98607269213801
R/R,22,George Springer,543807,R,2026,319,668,174,26.047904191616766,116.242529820348,10.241236200235084,120.9490282227822,12.118232239594212,114.84413225366453,9.21465478236949,7.144450973820462,5.330334441910014,0.28578951299486566,43.98607269213801
R/R,23,Zack Gelof,680869,R,2026,269,522,138,26.436781609195403,115.25076594785028,10.878420964313774,120.37653056314647,13.215931256699708,118.9587709207544,8.96283554564133,6.708212995929259,5.813169129514923,0.3224580657765858,43.98607269213801
R/R,24,Alec Bohm,664761,R,2026,392,739,190,25.710419485791608,114.58464700101547,7.786839083019311,116.58444739423872,8.522662908140989,112.13667295065048,7.294847086419232,6.415213431758393,3.748784702080778,0.16522049653402543,43.98607269213801
R/R,25,Seiya Suzuki,673548,R,2026,415,945,223,23.597883597883598,114.36459880414644,8.880720582104086,117.07008414012144,10.022727553320873,121.309063462346,7.508459618482939,6.318422871925837,4.408604227338665,0.21490075179592188,43.98607269213801
R/R,26,Dansby Swanson,621020,R,2026,327,664,166,25.0,113.79611921958929,9.4070301724923,116.75606581312334,10.798616205811792,99.00348975097096,7.370335288902919,6.06837102862257,4.74988717403337,0.24112741872492247,43.98607269213801
R/R,27,Heriberto Hernandez,681715,R,2026,279,569,141,24.78031634446397,113.55418480647484,9.172686213581951,116.25320744199499,10.448249289713912,111.04764934880014,7.149147640239902,5.9619535818027485,4.595774527629355,0.2292633305483486,43.98607269213801
R/R,28,Luke Keaschall,807712,R,2026,368,705,166,23.54609929078014,112.87442230961095,7.343706450381946,114.32038416076433,7.951119569556172,113.43977675991631,6.298974586747216,5.662952755798306,3.4973852337037887,0.14695086271241017,43.98607269213801
R/R,29,Manny Machado,592518,R,2026,454,923,273,29.577464788732392,112.64117003151233,8.905489704072556,114.89082834933892,10.058374465706034,110.99151079670716,6.54989058220171,5.5603542391977765,4.4242839041329045,0.21610117824975328,43.98607269213801
R/R,30,Yandy Díaz,650490,R,2026,442,833,231,27.73109243697479,112.5840426575827,8.11498157289951,114.35608531715631,8.958433531471332,121.29452951349506,6.314678123349726,5.535226150973981,3.9404630852298466,0.17943890031055035,43.98607269213801
R/R,31,Masyn Winn,691026,R,2026,363,696,174,25.0,112.31084463765222,8.692878481567796,114.34119499603933,9.755007719651784,114.02616716924678,6.30812845587912,5.415057071333882,4.290844786689708,0.20590587595559756,43.98607269213801
R/R,32,William Contreras,661388,R,2026,413,744,208,27.956989247311824,111.908004373907,8.627874341626699,113.7979026131581,9.663411978219301,105.9859191164454,6.069155473414134,5.237863460089708,4.250555417280313,0.2028379187053696,43.98607269213801
R/R,33,Matt McLain,680574,R,2026,338,708,185,26.129943502824858,111.02077444958964,8.481674429003963,112.61536264033623,9.459310986554575,112.44955911260703,5.549002581355118,4.84760586063307,4.160779406721293,0.19602195620859417,43.98607269213801
R/R,34,J. T. Realmuto,592663,R,2026,305,603,177,29.35323383084577,109.81397936173502,9.994102220065175,111.80830389087653,11.714580065531576,106.20248290392504,5.1940091331495095,4.3167840960441906,5.152783703203428,0.2721630086591413,43.98607269213801
R/R,35,Andruw Monasterio,655316,R,2026,209,427,122,28.57142857142857,109.5001592252606,9.450831252905795,111.11476503478893,10.865020801697181,116.51756651489124,4.8889486277625975,4.178746942691987,4.779095947850438,0.24337812481561766,43.98607269213801
R/R,36,Bobby Witt,677951,R,2026,409,837,267,31.899641577060933,109.44192932486004,8.909156889097645,110.81107505080026,10.063659122337926,106.63608288792037,4.755367330646599,4.153133896373231,4.426608417040538,0.2162791911831497,43.98607269213801
R/R,37,Otto Lopez,672640,R,2026,461,836,264,31.57894736842105,107.91780687703242,6.90762358877217,108.43148497986382,7.405820547657321,103.28098457362098,3.7086791122695995,3.482732288554581,3.2575296095418422,0.13001661377404441,43.98607269213801
R/R,38,Ezequiel Duran,677649,R,2026,385,769,293,38.10143042912874,107.50019342373048,8.979982766625275,108.3505363956865,10.166079354648502,106.93773741275292,3.673073009190109,3.2990405314130453,4.471659054876125,0.2197316057600881,43.98607269213801
R/R,39,Joey Ortiz,687401,R,2026,231,419,130,31.026252983293556,106.47783516328957,9.564363499408106,107.14095093071518,11.038535902476553,97.13951038295548,3.1410238672942823,2.8493452838014246,4.855418426211089,0.2492606193495355,43.98607269213801
R/R,40,Maikel García,672580,R,2026,241,438,106,24.200913242009133,106.16455003434663,9.529230668675076,106.7182008838492,10.984623746748051,111.3501510617008,2.955072724373773,2.71154345925093,4.831704586202451,0.24743276177069795,43.98607269213801
R/R,41,Carson Kelly,608348,R,2026,252,501,118,23.55289421157685,106.05568658421699,10.172896548015068,106.67426973918748,12.005460039531673,103.54418169959897,2.9357491391483728,2.6636587029417305,5.280730380013982,0.2819880985386475,43.98607269213801
R/R,42,Marcus Semien,543760,R,2026,357,651,186,28.57142857142857,105.28394975648483,7.719026839517433,105.43965410205745,8.433981489394816,101.13617371842716,2.3926902075318557,2.3242019809034637,3.7097772287666677,0.16235535777192545,43.98607269213801
R/R,43,Tyler Stephenson,663886,R,2026,320,624,149,23.878205128205128,105.26399607742722,8.553695529692764,105.45906359064242,9.55952964150936,111.15413231239845,2.40122767929001,2.3154251411284332,4.204861657140787,0.19936508299269548,43.98607269213801
R/R,44,Ronald Acuña,660670,R,2026,274,596,181,30.369127516778523,104.85330746644263,11.104676070622826,105.04190554838313,13.627789158422775,110.70659997030263,2.2177362395807445,2.1347793501624177,5.994329245555145,0.3360108582870766,43.98607269213801
R/R,45,Rhys Hoskins,656555,R,2026,191,412,98,23.78640776699029,104.56147690580083,12.930142956182475,104.6291347453755,17.523844798134416,110.06308320809283,2.0361745741178856,2.0064145476206425,7.708051111364849,0.45556271863923475,43.98607269213801
R/R,46,Matt Chapman,656305,R,2026,254,507,148,29.191321499013807,104.41891230335892,10.869003012408621,104.38961918451837,13.199054695260832,107.28947241545842,1.9308210854102865,1.9437059779572854,5.805745792932485,0.3218999737566373,43.98607269213801
R/R,47,Tim Tawa,694374,R,2026,216,431,141,32.71461716937355,103.43164527697766,10.988229225154772,102.91731758561876,13.414259609411621,101.24677631007368,1.2832134338707915,1.5094459860677123,5.900405982907904,0.3290007926890934,43.98607269213801
R/R,48,Henry Bolte,703607,R,2026,261,490,148,30.20408163265306,103.0422718418218,8.806959915710923,102.65681930448604,9.917054535372584,98.36888895962537,1.1686304705699806,1.3381759038361805,4.362122816847954,0.2113457711597274,43.98607269213801
R/R,49,Connor Norby,681393,R,2026,215,409,124,30.317848410757946,101.92729529838402,10.288275768629317,100.89236869037033,12.196381552977822,102.37151651244454,0.3925179408281763,0.8477415109393573,5.364709255703335,0.288420892432574,43.98607269213801
R/R,50,Fernando Tatís,665487,R,2026,477,855,244,28.538011695906434,101.44508802558552,7.972655705115519,100.80919831789059,8.768044384728372,105.59992753979508,0.35593456033091414,0.6356374693994283,3.856718376745546,0.1731998623317211,43.98607269213801
R/R,51,Mauricio Dubón,643289,R,2026,358,732,285,38.9344262295082,101.43195822923991,9.375778512467242,100.47171296790522,10.751417122638752,98.3115519525163,0.20748800896103223,0.629862187634519,4.729126150998854,0.2395279522223799,43.98607269213801
R/R,52,Bo Bichette,666182,R,2026,450,880,364,41.36363636363637,100.85775528837034,9.245647954427353,99.7576594065443,10.556463668794821,97.68097845995466,-0.10659610959998152,0.37729286466323647,4.643373783075229,0.23292506679318997,43.98607269213801
R/R,53,Willy Adames,642715,R,2026,367,749,235,31.37516688918558,100.68396071813656,8.970853973349552,99.61756539310831,10.15284017826177,93.99770371449452,-0.16821796418727228,0.30084745866521967,4.465835661126816,0.21928508712081834,43.98607269213801
R/R,54,Iván Herrera,671056,R,2026,440,854,259,30.327868852459016,100.04484553225754,8.048084426044166,99.0941783036211,8.868675772903096,105.18339776012492,-0.39843538983037646,0.01972578841797845,3.900982172299188,0.1764926281307114,43.98607269213801
R/R,55,Andy Pages,681624,R,2026,390,855,284,33.21637426900585,99.91914977754688,9.151165559625074,98.57053439040295,10.41647744423654,94.98466161703168,-0.6287657821464712,-0.03556283761998669,4.581799340582044,0.22818881239434563,43.98607269213801
R/R,56,Vaughn Grissom,687093,R,2026,248,428,141,32.94392523364486,99.73841034454007,10.825403773064387,97.51372203280488,13.1211969905995,103.43162920737102,-1.0936160339790548,-0.11506301600571633,5.771499246363722,0.31932265452355996,43.98607269213801
R/R,57,Spencer Torkelson,679529,R,2026,383,784,180,22.95918367346939,99.62006361653077,8.176817481297341,98.53728298486656,9.041833195112712,99.6622355198108,-0.6433917695568656,-0.1671190938166573,3.9771473219041424,0.18218395697016967,43.98607269213801
R/R,58,Teoscar Hernández,606192,R,2026,295,593,173,29.17369308600337,99.01374638511587,9.708644869945827,97.12438906274802,11.2620325236328,100.14429871735082,-1.2648683172027242,-0.43381423197177627,4.953725812457349,0.25683768922105116,43.98607269213801
R/R,59,Eugenio Suárez,553993,R,2026,334,683,205,30.01464128843338,98.70154692192382,10.187294322766071,96.42294126572203,12.029144329170748,98.4564101149704,-1.5734076550999778,-0.571138514795889,5.291148168871242,0.2827868630165251,43.98607269213801
R/R,60,Junior Caminero,691406,R,2026,459,1008,321,31.845238095238095,98.55419819224238,11.238121238804515,95.44457978938178,13.876710010963988,111.05493754508818,-2.0037504452748762,-0.6359514341445087,6.103819752699812,0.34413508290195133,43.98607269213801
R/R,61,Jacob Wilson,805779,R,2026,223,382,153,40.05235602094241,98.41658270331008,10.337945875763877,95.92511166265015,12.279374165567331,85.5908706298525,-1.7923833461901604,-0.69648308314191,5.401214446606062,0.291212512425848,43.98607269213801
R/R,62,Nick Gonzales,693304,R,2026,381,699,217,31.04434907010014,98.29583290884038,8.385456240246956,96.8299704672516,9.326387906196853,93.61623212183515,-1.3943714946369574,-0.7495961755129609,4.102311763970516,0.19159974063399535,43.98607269213801
R/R,63,Shea Langeliers,669127,R,2026,287,590,199,33.728813559322035,97.89260845239215,11.804516228678624,93.85997426544276,14.988096500324323,103.91789755158446,-2.700756182918327,-0.9269587780387571,6.59267502180045,0.3796976508230451,43.98607269213801
R/R,64,Brady House,691781,R,2026,220,412,141,34.22330097087379,97.84138402751726,11.185979619030332,94.40668473450158,13.778900076874896,100.60961320789094,-2.460279718582588,-0.9494903908003605,6.060797003991252,0.3409491173222356,43.98607269213801
R/R,65,Nolan Arenado,571448,R,2026,389,834,274,32.853717026378895,97.57613870283545,9.097927797028678,95.56538256823472,10.338163942595557,94.08725164085236,-1.9506140471544986,-1.0661613921273996,4.547352306822482,0.2255415157375206,43.98607269213801
R/R,66,Ceddanne Rafaela,678882,R,2026,417,779,358,45.95635430038511,97.4863257387395,8.690979837459615,95.6737267482223,9.752324855372374,84.71600342581219,-1.9029576973874667,-1.105666587801609,4.289664700057536,0.20581594043297372,43.98607269213801
R/R,67,Ty France,664034,R,2026,307,630,206,32.698412698412696,97.20316226726112,8.503664270728004,95.41733543384494,9.489843897186745,86.01193090537208,-2.015734167305814,-1.230219078203668,4.174209634986984,0.1970396985381985,43.98607269213801
R/R,68,Sal Stewart,701398,R,2026,468,927,294,31.715210355987054,96.83822720241203,7.760775466968717,95.33772975602425,8.488524270478404,93.5819150574124,-2.050749578619095,-1.3907396811072932,3.7337684561024083,0.16411631632785462,43.98607269213801
R/R,69,Josh Jung,673962,R,2026,301,539,168,31.16883116883117,96.45297938571085,8.296519955993327,94.59975289313007,9.204485781290979,99.91638880867212,-2.3753566179828853,-1.560195065806345,4.048691806696157,0.18755707334038635,43.98607269213801
R/R,70,Kazuma Okamoto,672960,R,2026,418,915,272,29.72677595628415,96.38172341050279,8.557708741353931,94.36266278908761,9.565132587079233,96.65763414045222,-2.4796432434928692,-1.5915377708588572,4.207326172852053,0.1995522025755026,43.98607269213801
R/R,71,Dylan Crews,686611,R,2026,261,489,166,33.94683026584867,96.3456472166048,9.460523604837391,93.72181626986351,10.879754978407318,100.03475694307456,-2.761526459283816,-1.6074062717313804,4.785576933528747,0.24387757633892568,43.98607269213801
R/R,72,Javier Sanoja,691594,R,2026,287,495,186,37.57575757575757,94.40898178981021,9.456123068866018,91.16449891641948,10.873063536786036,97.72560174788303,-3.8863899293383732,-2.459269334164751,4.7826336311530575,0.2436507511660337,43.98607269213801
R/R,73,Christian Vázquez,543877,R,2026,194,416,148,35.57692307692308,94.00980812696172,12.471668712483527,86.30752283723908,16.430427488329055,,-6.022782958166416,-2.6348501516731644,7.227099778645444,0.42382898606023234,43.98607269213801
R/R,74,Jackson Chourio,694192,S,2026,350,683,238,34.84626647144949,93.76203790823295,9.676411224921289,90.09065263716816,11.211805432019723,94.0141680837002,-4.358732734331675,-2.743834540192666,4.931632887429274,0.25513506814906006,43.98607269213801
R/R,75,Jorge Soler,624585,R,2026,268,559,155,27.72808586762075,93.76166530598253,10.202453591361408,89.51776405502487,12.054124103077822,90.15183027698974,-4.610723922518178,-2.743998433289388,5.302135790380339,0.2836290948019513,43.98607269213801
R/R,76,Francisco Álvarez,682626,R,2026,271,616,194,31.493506493506494,93.61990063583987,11.416946571323612,87.63774553751111,14.217681447424491,91.67801895445352,-5.437670234257441,-2.806355144150112,6.2537996966007565,0.3551742404298665,43.98607269213801
R/R,77,Willson Contreras,575929,R,2026,377,777,281,36.16473616473617,93.59159133775854,9.752877203367428,89.78193838835043,11.331238421884535,95.04395713450072,-4.494524008227634,-2.8188072925827976,4.984166769169604,0.25918331203404504,43.98607269213801
R/R,78,José Altuve,514888,R,2026,383,738,277,37.53387533875339,93.51027631934771,8.881332551826523,90.50689940311696,10.023607295433159,90.7582443307876,-4.175642129282758,-2.8545745756906133,4.408991191343678,0.214930370402538,43.98607269213801
R/R,79,Spencer Steer,668715,R,2026,287,581,158,27.19449225473322,93.09335363459157,9.015312269682658,89.85410840778862,10.21742397382875,93.55234089558876,-4.462779251015617,-3.037962490877461,4.49424353639225,0.22146396526458909,43.98607269213801
R/R,80,Jo Adell,666176,R,2026,423,889,320,35.9955005624297,90.7750410789825,9.139764939851304,86.73599992595267,10.399673079729538,90.62680226751328,-5.8343127144557,-4.057697136818632,4.574407760594542,0.22762060643514526,43.98607269213801
R/R,81,Dillon Dingler,693307,R,2026,378,750,247,32.93333333333333,90.28216581878313,8.343638978696342,86.95829383787478,9.268956683299557,86.84689280994009,-5.736534352767442,-4.274493607051486,4.077050024518927,0.18969353580553314,43.98607269213801
R/R,82,José Caballero,676609,R,2026,274,552,196,35.507246376811594,89.86325236158265,9.571155379182379,85.00080248322959,11.048980936441765,79.1509049318437,-6.597557922963992,-4.458757184852839,4.860012786443746,0.24961475671797972,43.98607269213801
R/R,83,Byron Buxton,621439,R,2026,293,575,200,34.78260869565217,89.80997330126456,11.01024298124663,82.57365798893166,13.454369553068192,88.55593049331624,-7.665163464569104,-4.482192551054041,5.918048771881458,0.33032034980620784,43.98607269213801
R/R,84,Julio Rodríguez,677594,R,2026,405,794,317,39.92443324937028,89.64747558758654,9.68411374101798,84.5558792910742,11.223791977335775,91.14143520637028,-6.79326216168964,-4.553668913515518,4.936905297965268,0.25554140973074646,43.98607269213801
R/R,85,Cam Smith,701358,R,2026,375,771,228,29.571984435797667,88.7932406241885,8.503793214878963,84.94354442102515,9.49002310748375,92.74314656596844,-6.622743495827347,-4.929413325477441,4.174288462558497,0.1970456741525814,43.98607269213801
R/R,86,Hunter Goodman,696100,R,2026,344,697,285,40.88952654232425,87.68392991972597,11.501468131851286,78.21722135194477,14.381920688143177,78.350824205402,-9.581388850501087,-5.417355538323995,6.326042088412293,0.3604525347560194,43.98607269213801
R/R,87,Royce Lewis,668904,R,2026,329,675,217,32.148148148148145,86.69120137168206,9.30032784350831,81.20553630022351,10.638073987232932,77.97812439798165,-8.266946465081174,-5.854017839102198,4.679270957067701,0.23568830825436565,43.98607269213801
R/R,88,Casey Schmitt,669477,R,2026,302,526,185,35.17110266159696,86.60679292950807,9.334401143544598,81.04204248550562,10.689153421129863,85.08931483368455,-8.338860973270142,-5.891145797835144,4.701738793992338,0.2374184385124745,43.98607269213801
R/R,89,Austin Riley,663586,R,2026,396,812,269,33.12807881773399,86.60510112795617,9.540327570883026,80.70968692682459,11.001630969550225,76.96373153165408,-8.485051130907936,-5.891889954895573,4.83918539558713,0.2480093740865691,43.98607269213801
R/R,90,Adolis García,666969,R,2026,191,426,131,30.751173708920188,85.76578019885869,11.655935482699165,74.76511665242589,14.687423718466643,,-11.099834133040176,-6.2610742688887155,6.460420873407058,0.37019947012941207,43.98607269213801
R/R,91,Christian Walker,572233,R,2026,438,914,297,32.494529540481395,85.61946047291941,8.543239580074875,80.93719095239584,9.544941044128741,81.09907954583093,-8.384981044842625,-6.3254345699033045,4.198444706092185,0.19887797722909373,43.98607269213801
R/R,92,Heliot Ramos,671218,R,2026,292,577,201,34.835355285961874,85.02501823826522,9.582608632308775,78.53246524944706,11.066611327444623,82.58188860943079,-9.442725440588207,-6.586906363351073,4.86776770304617,0.2502125135030142,43.98607269213801
R/R,93,Jordan Walker,691023,R,2026,446,816,308,37.745098039215684,84.11056469965843,8.487206110650025,79.13597549579582,9.46698627174261,85.56763642571498,-9.177264984924738,-6.989138561578482,4.16415546324343,0.19627772755718242,43.98607269213801
R/R,94,Ernie Clement,676391,R,2026,383,611,274,44.84451718494272,82.62039473433569,8.929365019107088,76.55274385990003,10.092812734780951,75.6105570521985,-10.31352713009616,-7.644605805761749,4.439431946202111,0.21726145131320168,43.98607269213801
R/R,95,Coby Mayo,691723,R,2026,241,535,184,34.39252336448598,82.4875427874475,11.100059690736625,71.3719015801997,13.619259668226425,82.44570050612117,-12.592376181310174,-7.703042159692913,5.990577457797109,0.33573154688006723,43.98607269213801
R/R,96,Jeremy Peña,665161,R,2026,321,619,240,38.77221324717286,81.65202960293234,8.908456615009385,75.3534106257337,10.062649841890591,84.87951471964523,-10.841066718297538,-8.070551596386142,4.4261644742093065,0.2162451927334629,43.98607269213801
R/R,97,Konnor Griffin,804606,R,2026,197,395,155,39.24050632911392,79.28398168362119,10.745884674505868,67.71606368283977,12.980324190442126,,-14.200435696349636,-9.112162875559005,5.709534834083048,0.3146486507638611,43.98607269213801
R/R,98,Jake Burger,669394,R,2026,404,826,317,38.37772397094431,78.19761828888463,8.875967510118581,71.01312515110855,10.015896429731253,77.80389595064129,-12.75018784221246,-9.590011468068612,4.405599484350844,0.21467077825036748,43.98607269213801
R/R,99,Salvador Pérez,521692,R,2026,414,897,397,44.25863991081383,75.75194316791612,9.820519114998511,65.51110788601083,11.437710972699273,73.27034306738766,-15.170309155972328,-10.665767904591348,5.030999862768148,0.26279095528950136,43.98607269213801
R/R,100,Trea Turner,607208,R,2026,418,792,293,36.994949494949495,74.29854013859972,8.804487676304383,66.21601802290982,9.913525048489229,79.35713760166735,-14.86024687074169,-11.305062817576204,4.360570334181782,0.21122713226216586,43.98607269213801
R/R,101,Ezequiel Tovar,678662,R,2026,317,625,284,45.440000000000005,72.61576694142576,9.777445708777591,61.391430595268815,11.369820684227431,64.76239027497523,-16.982393403759612,-12.045248659328955,5.001137591130021,0.26049077586790914,43.98607269213801
R/R,102,Oswald Peraza,672724,R,2026,221,430,171,39.76744186046511,71.0640958283861,10.943029178004098,54.879153666794636,13.332272382851162,75.02206206570634,-19.8468882674316,-12.727767843053485,5.8643430218347525,0.3262996721650449,43.98607269213801
R/R,103,Zach Neto,687263,R,2026,450,1027,398,38.75365141187926,69.69127415040808,9.232942471491617,59.16515689215377,10.537563621860663,65.09391360030222,-17.96164377313775,-13.331618184262329,4.635060394691922,0.23228532968950158,43.98607269213801
L/L,1,J. P. Crawford,641487,L,2026,124,258,44,17.05426356589147,154.4919749992199,12.699409027821543,181.0555974472924,15.686682699349209,138.58856677188678,35.653174014212794,23.968879734538532,6.899955655120779,0.3446024724137012,43.98607269213801
L/L,2,Jonathan Aranda,666018,L,2026,171,319,77,24.137931034482758,139.19958853667333,11.381196085571721,152.68151518424014,13.382931396932413,132.84060212386072,23.172529564259598,17.24235950876013,5.886625932593652,0.276775203011651,43.98607269213801
L/L,3,Steven Kwan,680757,L,2026,171,353,72,20.396600566572236,136.2471103016996,10.219328324839834,145.5184600324717,11.594543371697096,144.37689011073212,20.02178291822478,15.943680286105028,5.099984275796154,0.22314957855946493,43.98607269213801
L/L,4,Jake Bauers,641343,L,2026,144,305,68,22.295081967213115,132.7295289054204,11.519648192788056,144.11141208181482,13.609629474396826,133.2379583870449,19.40287778383561,14.396434376132536,5.986341513738828,0.28355009584732177,43.98607269213801
L/L,5,JJ Wetherholt,802139,L,2026,209,394,86,21.82741116751269,131.37395240374957,11.007790863558094,140.9477176896942,12.786897874434175,127.94177222658898,18.011292868760346,13.800169510710074,5.624454194118066,0.25891171772045235,43.98607269213801
L/L,6,Jackson Holliday,702616,L,2026,86,170,41,24.11764705882353,129.2813497089228,13.706305199069394,146.25469628694128,17.71564635565388,110.75054566222518,20.345624332301654,12.879715768205921,7.7924170838800135,0.4014136739631176,43.98607269213801
L/L,7,Kyle Tucker,663656,L,2026,170,338,80,23.668639053254438,128.42130806149254,11.476176657399416,137.9966776896818,13.538104806981176,122.16431074567836,16.713246269180825,12.501417223984589,5.95488062153657,0.281414075733222,43.98607269213801
L/L,8,Wilyer Abreu,677800,L,2026,187,414,116,28.019323671497588,126.76396229731425,12.911620082325552,139.37577512838143,16.092017235495945,108.34304695687705,17.31985707106266,11.772415911393058,7.078246398836623,0.356215525185206,43.98607269213801
L/L,9,Garrett Mitchell,669003,L,2026,114,211,40,18.95734597156398,126.48827727328258,11.595320126244594,135.5648701581867,13.734902476099258,119.22351893435112,15.643589640644498,11.651152896321149,6.041444187331283,0.28728758120093834,43.98607269213801
L/L,10,Munetaka Murakami,808959,L,2026,142,338,70,20.710059171597635,122.49592511032223,13.00636999027959,132.9826343586928,16.276573842779946,111.72812092914116,14.50776552479669,9.895073971795266,7.159425602274708,0.36146277187514464,43.98607269213801
L/L,11,JJ Bleday,668709,L,2026,131,266,74,27.819548872180448,119.21275846637265,12.439061962811637,126.7410134567042,15.203747538990315,127.1724924299888,11.762321617680312,8.45093790518357,6.687531444429424,0.330618102245959,43.98607269213801
L/L,12,Brice Turang,668930,L,2026,185,373,82,21.983914209115284,118.28189291521724,10.953134701818742,123.21512587383916,12.7014487101208,120.04738107877976,10.21142214243823,8.041486707186285,5.586868462588361,0.25634699076595807,43.98607269213801
L/L,13,Kyle Schwarber,656941,L,2026,224,512,115,22.4609375,117.48243010098076,12.461223036390852,124.19166735354761,15.244266088291543,105.2856919139863,10.640964387571675,7.689834412569613,6.705353962978862,0.3317971909532052,43.98607269213801
L/L,14,Chase DeLauter,800050,L,2026,154,314,78,24.840764331210192,117.29572784608884,12.143465212603408,123.42586124533497,14.673250853973995,116.02883799639936,10.304116356132429,7.60771142301499,6.454186786928762,0.31509145989349824,43.98607269213801
L/L,15,Riley Greene,682985,L,2026,166,363,95,26.170798898071624,116.28443944716551,13.00437520057925,123.25160695243028,16.27266488272398,101.92273072100026,10.227468736186195,7.162885372737415,7.157706204262985,0.36135190513496557,43.98607269213801
L/L,16,Freddie Freeman,518692,L,2026,200,420,126,30.0,115.97072131525016,11.500741052251668,120.69824070735748,13.578481885761635,118.71878602212796,9.104343203531961,7.024893087184718,5.972640912759905,0.2826200810012463,43.98607269213801
L/L,17,Dominic Canzone,686527,L,2026,106,240,69,28.749999999999996,115.62406541407417,14.688324143716224,125.59076936054741,20.00671107198282,101.8158386243958,11.256374413407766,6.872412770501856,8.800166475428387,0.46099462569938,43.98607269213801
L/L,18,Trent Grisham,663757,L,2026,137,265,53,20.0,115.085810009216,13.023546328990696,121.40388789960754,16.31027453400869,132.58987052108503,9.414729690465103,6.6356553568515855,7.174249212816337,0.3624181047742122,43.98607269213801
L/L,19,Matt Olson,621566,L,2026,256,528,157,29.734848484848484,115.03350274300061,12.406386924436001,120.45484110126,15.144200289237284,110.5725625429336,8.99728127586155,6.612647444710807,6.661338947866887,0.3288834424209189,43.98607269213801
L/L,20,Nick Kurtz,701762,L,2026,158,327,84,25.688073394495415,114.93470140672736,14.314331437367311,123.47322592626941,19.091170586766243,122.34346446424462,10.324950219118643,6.569188617116853,8.39745617207507,0.43781789021788164,43.98607269213801
L/L,21,Brandon Nimmo,607043,L,2026,176,322,90,27.95031055900621,114.9331180974727,11.154779820070702,118.90325503350368,13.018928659873453,108.52882582257448,8.31479950021717,6.56849218155716,5.726515424069525,0.26587247045813406,43.98607269213801
L/L,22,Bryce Eldridge,805811,L,2026,127,253,56,22.134387351778656,114.69133602910152,13.919551978465261,122.26529775578126,18.183479566453986,122.02475250374113,9.793630055978918,6.462141745206859,7.998198540060511,0.4140014674526796,43.98607269213801
L/L,23,Luis Arráez,650333,L,2026,179,290,103,35.51724137931034,114.67480255372507,11.763137921296815,119.16809848012699,14.016290760306193,125.39632808491449,8.431293731169257,6.454869318709233,6.1652158425697055,0.29566352100372784,43.98607269213801
L/L,24,Juan Soto,665742,L,2026,132,252,59,23.41269841269841,114.58056939232891,14.367372486271739,122.95306088169335,19.21755217050176,130.761474177736,10.09615004449233,6.413419851837421,8.45304646736645,0.44106852679966296,43.98607269213801
L/L,25,Kevin McGonigle,805808,L,2026,189,367,74,20.16348773841962,113.92154942406715,9.762483816707633,116.4661639784709,10.939733691869147,129.3890842885782,7.2428188571768555,6.123542849542099,4.8119592140318765,0.2036441881887931,43.98607269213801
L/L,26,A. J. Ewing,805999,L,2026,115,244,56,22.950819672131146,113.76460891316262,12.339027045607724,118.48708246981072,15.02216697932606,106.99447967522016,8.131741533826446,6.0545108823322185,6.607661287460713,0.32532182401376086,43.98607269213801
L/L,27,Michael Busch,683737,L,2026,189,349,83,23.78223495702006,113.52551879880454,11.234403280628559,117.05376177060771,13.146008271052192,107.52611468458576,7.501280049163546,5.949344530830954,5.782412754219493,0.2696816431584378,43.98607269213801
L/L,28,Carson Benge,701807,L,2026,153,310,79,25.483870967741932,113.11585975103159,11.015357634496674,116.31678371967115,12.798762722601538,109.24476838993174,7.177112347953492,5.7691516042876305,5.629673074857774,0.2592677926202148,43.98607269213801
L/L,29,Lawrence Butler,671732,L,2026,132,268,71,26.492537313432834,112.80881165877945,15.726271913915122,122.71325737966609,22.901364533343976,112.81555432298212,9.990669901772328,5.634093207229775,10.073410851128193,0.5284488138188161,43.98607269213801
L/L,30,Travis Bazzana,683953,L,2026,135,278,70,25.179856115107913,112.44166895685166,14.078229601421416,118.66428942623912,18.541556917774212,113.76523509868744,8.209687914496568,5.472601551475941,8.155702704106309,0.4234941875064633,43.98607269213801
L/L,31,Carter Jensen,695600,L,2026,155,295,57,19.322033898305087,112.31436174009875,10.699936832470412,115.01650566219789,12.31124596140434,102.30029322047584,6.605171096393382,5.416604106572669,5.415233597891218,0.24463229744236736,43.98607269213801
L/L,32,Shohei Ohtani,660271,L,2026,193,369,116,31.43631436314363,110.14184825009556,13.953212365066824,114.53779717057823,18.258709365555163,116.16492133244871,6.3946060312861235,4.461000743613358,8.031289174179305,0.41600617261627415,43.98607269213801
L/L,33,Spencer Horwitz,687462,L,2026,82,161,41,25.465838509316768,109.89164891020019,15.413075704604026,115.99554073319852,21.96517191859931,113.182909148656,7.03581017440525,4.350947880091734,9.661616487068178,0.50760978990317,43.98607269213801
L/L,34,Liam Hicks,689414,L,2026,108,187,60,32.0855614973262,108.67643328704774,13.131196379388776,111.42155940844016,16.523231992466602,114.21601692661964,5.023895423972218,3.8164222527256797,7.267920835296963,0.36843421875718524,43.98607269213801
L/L,35,Jakob Marsee,805300,L,2026,126,245,58,23.6734693877551,108.6123564484914,11.691402269367892,110.52731689326748,13.89539685768473,129.8730279142209,4.630553261204362,3.7882373679394634,6.112039362682266,0.2920684014335143,43.98607269213801
L/L,36,Sam Antonacci,803011,L,2026,98,197,49,24.873096446700508,107.57487569550598,13.841322717430803,110.07281643036337,18.010118315991445,122.24664122779046,4.4306363572052545,3.331890329764353,7.921943734412058,0.40936108538281496,43.98607269213801
L/L,37,Brett Baty,683146,L,2026,81,171,40,23.391812865497073,106.23377392914061,13.563082221266246,107.6993687108787,17.40958936182723,97.37046908403464,3.3866499180028335,2.741992331935335,7.657794632096052,0.39306842211801357,43.98607269213801
L/L,38,Cody Bellinger,641355,L,2026,182,313,96,30.670926517571885,105.81551649300843,10.82346646182308,106.43146058032633,12.500474678597397,103.39090434440888,2.8289469260285407,2.5580173120379643,5.498467878990157,0.25031341070833596,43.98607269213801
L/L,39,Alec Burleson,676475,L,2026,189,337,125,37.0919881305638,105.18905698056061,13.142803086492494,105.90175741461985,16.546374867208858,105.59177813735457,2.5959513065083333,2.2824623755058515,7.278100477004142,0.36908582701309506,43.98607269213801
L/L,40,Corbin Carroll,682998,L,2026,193,388,107,27.577319587628867,104.44459361219499,10.617054527932485,104.59492632404147,12.185469920916502,113.25852314079836,2.021127633043067,1.9550021771302108,5.3599096572929446,0.24085710501120358,43.98607269213801
L/L,41,Bryson Stott,681082,L,2026,124,255,71,27.84313725490196,104.25241018052965,11.846741043787816,104.37304521325511,14.158361856565467,121.47796486086852,1.9235308463624563,1.870468233175652,6.227707338244827,0.29988114272475475,43.98607269213801
L/L,42,Nolan Schanuel,694384,L,2026,118,188,40,21.27659574468085,103.8080609960665,11.908242981143312,103.73732754834614,14.263699887371363,108.50079721401136,1.6439036121588373,1.675016477890763,6.274041401047575,0.30300286961673034,43.98607269213801
L/L,43,Vinnie Pasquantino,686469,L,2026,116,242,78,32.231404958677686,103.18738091844963,12.550723504147536,102.78993538584582,15.409006214026427,113.79810400141784,1.2271830068818268,1.4020036877645943,6.777816674437727,0.3365804528812497,43.98607269213801
L/L,44,Pete Crow-Armstrong,691718,L,2026,209,420,119,28.333333333333332,103.0965667098173,10.739001142348263,102.81070052057842,12.370855335482247,104.58586706465556,1.2363167741399248,1.3620580839407845,5.4414534205044545,0.24642181016545983,43.98607269213801
L/L,45,Ben Rice,700250,L,2026,206,394,115,29.187817258883246,102.3718272389947,10.86450677917662,101.83253089916738,12.563820482952364,112.24946218026912,0.8060583734136553,1.0432736534761384,5.5263312105411515,0.25221528166090557,43.98607269213801
L/L,46,Josh Naylor,647304,L,2026,187,352,127,36.07954545454545,102.17592872832472,13.055691199975396,101.14776377489142,16.373548291307152,95.4701730820574,0.5048562083577653,0.9571055921700278,7.2020808536966845,0.36420936195033976,43.98607269213801
L/L,47,Christian Yelich,592885,L,2026,117,252,67,26.58730158730159,100.87702327948472,14.33374135292427,98.45601134562611,19.13729140712587,100.23178453582872,-0.67913997187126,0.38576809724111805,8.417742909644666,0.4390060378964399,43.98607269213801
L/L,48,Drake Baldwin,686948,L,2026,200,369,125,33.87533875338754,100.05536513226521,13.660859809083728,97.45859571528713,17.617842559674184,99.14445371467134,-1.1178639360749099,0.02435294732427562,7.749397035084714,0.39875618780134375,43.98607269213801
L/L,49,Yordan Álvarez,670541,L,2026,163,311,108,34.726688102893895,99.907329549786,13.167736840034399,97.51586948280301,16.596212387092454,111.32429239433009,-1.092671455061849,-0.04076209159526245,7.3000220447281,0.3704875712821083,43.98607269213801
L/L,50,Bryce Harper,547180,L,2026,237,562,187,33.27402135231316,98.46541988038463,10.911110077203602,96.58714693377864,12.636047032547632,101.34247670718192,-1.5011800305839853,-0.6750015269331128,5.558100833149148,0.25438367709830423,43.98607269213801
L/L,51,Jung Hoo Lee,808982,L,2026,161,252,94,37.301587301587304,98.19132101910384,10.12530753837568,96.57011639273503,11.45776873730451,107.97015951815388,-1.508671096747292,-0.7955668513044083,5.039822485687825,0.21906238536004796,43.98607269213801
L/L,52,Jake McCarthy,664983,L,2026,146,214,87,40.654205607476634,97.7832950329972,10.960281522570549,95.64664542679486,12.712596889961638,88.41347223126438,-1.9148697071165244,-0.9750414581560819,5.591772109077002,0.25668162806319905,43.98607269213801
L/L,53,Cole Young,702284,L,2026,190,355,106,29.859154929577464,96.8735176563544,11.547119306742834,94.0458747492941,13.654993687465762,112.01720729171625,-2.618985860956441,-1.3752167963828137,6.006295449475547,0.28490408247438276,43.98607269213801
L/L,54,Jeff McNeil,643446,L,2026,99,187,62,33.155080213903744,96.81942988855664,13.273727017548902,92.50154329496073,16.809943148181606,97.4342651442547,-3.2982766170670748,-1.3990078812438889,7.394033812666235,0.37647585654860427,43.98607269213801
L/L,55,Jarren Duran,680776,L,2026,132,224,69,30.80357142857143,96.80283633226189,11.77416308683022,93.78589244738328,14.034953324829656,67.00635785698633,-2.73334186526163,-1.4063067349779126,6.1734247717672135,0.29621801027371364,43.98607269213801
L/L,56,Daulton Varsho,662139,L,2026,124,255,91,35.68627450980392,96.26919795143009,13.643017583280901,91.18351002668042,17.57962090335978,94.6004506733443,-3.8780276885594085,-1.6410333010837386,7.732584829554121,0.3977152501375332,43.98607269213801
L/L,57,Michael Harris,671739,L,2026,201,351,154,43.87464387464387,95.23802110271559,13.0910685424021,90.19267973675666,16.443495046480642,75.44948531999246,-4.313855020140994,-2.0946074993437893,7.2328476842730876,0.3661858511606084,43.98607269213801
L/L,58,Sal Frelick,686217,L,2026,90,160,35,21.875,94.49200342459793,13.87165302722054,87.87349466734136,18.077089077415472,110.63343540684733,-5.33397345063922,-2.422751377536832,7.95140154221451,0.41115710623310736,43.98607269213801
L/L,59,James Wood,695578,L,2026,189,403,112,27.791563275434246,94.37193406621853,10.969079468375607,91.05011235093562,12.726330972405815,121.98158950614,-3.936704087182138,-2.4755651727945764,5.597813192564495,0.2570938761278966,43.98607269213801
L/L,60,CJ Abrams,682928,L,2026,185,355,153,43.098591549295776,94.29777238025714,13.896993573030846,87.50158983699436,18.13327780946262,96.74406714812876,-5.497559779661225,-2.5081859858912616,7.976116758737559,0.41266067066897427,43.98607269213801
L/L,61,Ryan O'Hearn,656811,L,2026,121,212,77,36.32075471698113,93.34625767079038,13.247767623797715,86.97142162224682,16.757311529479914,95.40536533074768,-5.730759955990689,-2.926719937673698,7.370883230605059,0.37500475074893397,43.98607269213801
L/L,62,Oneil Cruz,665833,L,2026,109,236,78,33.05084745762712,93.22862841747566,14.841129357654157,83.67822300894618,20.398104085570427,106.84194017055265,-7.17930869193359,-2.978460426543929,8.972324890896981,0.47063613332747606,43.98607269213801
L/L,63,Chandler Simpson,802415,L,2026,181,260,96,36.92307692307693,93.122407971283,12.070099035905834,88.21892884169321,14.54435332470949,103.4415588370662,-5.18203052360533,-3.025182629220154,6.3974898260081074,0.3112956366897898,43.98607269213801
L/L,64,Jackson Merrill,701538,L,2026,167,318,114,35.84905660377358,93.04315117945903,13.411509049381614,86.22156059568078,17.09245290841226,90.1670819207407,-6.060594372226034,-3.060044579285296,7.518298761163674,0.3843321012169763,43.98607269213801
L/L,65,Austin Wells,669224,L,2026,94,190,62,32.631578947368425,91.3019937880948,15.368175012958465,78.39502626017185,21.835800077397746,98.61514450474978,-9.50317945431814,-3.825911335135296,9.604710894954101,0.5046566048646765,43.98607269213801
L/L,66,Kody Clemens,665019,L,2026,134,255,75,29.411764705882355,90.61887141140103,12.910476812413664,83.23309979554129,16.089804109645392,93.17130819087852,-7.375100912151444,-4.126390040324081,7.077272931691231,0.35615244519069994,43.98607269213801
L/L,67,Tyler Soderstrom,691016,L,2026,145,272,82,30.14705882352941,90.47284041191428,12.307289902483916,84.0137382115054,14.965003782936915,103.42474698341974,-7.031728731042715,-4.190623341911382,6.582517442343835,0.32365045931209047,43.98607269213801
L/L,68,Colson Montgomery,695657,L,2026,172,300,96,32.0,90.42284924649252,10.816363355834172,85.90723790536241,12.489535467667292,69.92020191710391,-6.198852579277364,-4.212612492273441,5.493656149718493,0.24998497263003372,43.98607269213801
L/L,69,Max Muncy,571970,L,2026,119,244,78,31.967213114754102,89.9102391238316,12.988476024002793,81.98508425152565,16.241545424295758,101.46089251131122,-7.9240539365513465,-4.438089553454334,7.144017976657347,0.36046886606358,43.98607269213801
L/L,70,Troy Johnston,687859,L,2026,100,177,70,39.548022598870055,89.79851249368639,13.329147113535832,81.12606673321207,16.922932026453193,102.03141525832328,-8.301902006594956,-4.487233710206484,7.443733182796804,0.3796261223571969,43.98607269213801
L/L,71,TJ Rumfield,681198,L,2026,177,335,99,29.55223880597015,88.80680754367337,10.81495704484608,83.75431087480982,12.487370516053984,101.62571793619652,-7.145840627944914,-4.923445770410739,5.492703872528115,0.24991997226935123,43.98607269213801
L/L,72,Corey Seager,608369,L,2026,117,241,68,28.21576763485477,88.68625102094136,12.721558928054012,80.60689087958995,15.728486218538025,90.8505850205842,-8.530267074969208,-4.976473850134756,6.918343381459045,0.34580560980463393,43.98607269213801
L/L,73,Gunnar Henderson,683002,L,2026,209,391,120,30.69053708439898,86.99864467924893,9.071368032328005,83.37773918581095,9.99228491504546,93.33348859688412,-7.311479724805969,-5.718785602348719,4.395213706337437,0.1758316049495717,43.98607269213801
L/L,74,Rafael Devers,646240,L,2026,215,442,146,33.03167420814479,86.56177077874506,10.112523343739603,81.69410722396182,11.439253967793917,104.66121771468173,-8.052043303412995,-5.910949273797333,5.031678565712114,0.21850955905124225,43.98607269213801
L/L,75,Cedric Mullins,656775,L,2026,107,237,81,34.177215189873415,86.44658615007741,15.161663146741835,69.52960427445132,21.255281943255977,86.20916389378873,-13.402730413421958,-5.961614468293251,9.349363766479458,0.4911849521142226,43.98607269213801
L/L,76,Kyle Stowers,669065,L,2026,102,209,69,33.014354066985646,84.17357842930842,13.555265692992867,71.37660430677298,17.393067412326644,81.53426149384018,-12.590307636581139,-6.961421296648609,7.650527275378566,0.3926154948187648,43.98607269213801
L/L,77,Jazz Chisholm,665862,L,2026,157,306,97,31.699346405228756,83.99062889034401,12.153736649507008,74.7760556565919,14.691382448013753,95.63192901827406,-11.09502249471592,-7.041893613847425,6.462162163063334,0.31562471967555383,43.98607269213801
L/L,78,Daylen Lile,695734,L,2026,160,311,128,41.157556270096464,79.08356262517862,12.148854226376583,67.61938295545411,14.68276113749474,94.21337773220915,-14.242961751376782,-9.200319348294457,6.458369987151426,0.31537118383767493,43.98607269213801
L/L,79,Brandon Lowe,664040,L,2026,185,394,159,40.35532994923858,77.78406768632775,12.92541844080593,63.246388707597696,16.118753592312203,82.26668394763581,-16.16647018006192,-9.771916136728052,7.090006672181051,0.3569772910763583,43.98607269213801
L/L,80,Brandon Marsh,669016,L,2026,125,236,98,41.52542372881356,73.75267017797272,13.031588519847384,56.542612367904745,16.32607970483089,84.76449021663592,-19.11519811395761,-11.545169575262138,7.181201286743305,0.3628658377350343,43.98607269213801
L/L,81,Jac Caglianone,695506,L,2026,154,285,131,45.96491228070175,65.42925445690364,12.530286574828168,45.97128590344811,15.371231970841222,80.1016694632093,-23.765109457136727,-15.206313264800427,6.761201268371378,0.33548520598286014,43.98607269213801
L/L,82,Andrés Giménez,665926,L,2026,126,221,98,44.34389140271493,56.50386605784122,11.187521538394288,39.175237522987096,13.07106470146149,69.20334927591531,-26.754424237959178,-19.132241094067673,5.7494480212212435,0.26743554877901893,43.98607269213801
L/L,83,Samuel Basallo,694212,L,2026,91,163,71,43.558282208588956,44.808176979175606,13.314488218137807,8.732857603692523,16.8929622836269,79.64136457954228,-40.14483159847691,-24.276715394055977,7.430550669931586,0.3787915844026202,43.98607269213801
R/L,1,Gleyber Torres,650402,R,2026,113,263,37,14.068441064638785,141.93228446658222,12.57859128170178,159.32924802752268,15.274393397964214,144.20172994084314,26.096606165084978,18.444365126944952,6.718605783311668,0.321833913665806,43.98607269213801
R/L,2,Ryan Jeffers,680777,R,2026,116,268,52,19.402985074626866,140.59335859420952,12.900116485242272,158.6668459067892,15.860898390764149,131.96843104797654,25.805241486744894,17.855424219429253,6.9765862957876665,0.3384971830165791,43.98607269213801
R/L,3,Miguel Vargas,678246,R,2026,178,360,75,20.833333333333336,140.57658677943448,11.58164486809829,153.82276866693323,13.58173644815859,145.36575258345076,23.674522150758527,17.848046956790512,5.9740724669416405,0.27284015198821093,43.98607269213801
R/L,4,Junior Caminero,691406,R,2026,163,374,95,25.40106951871658,139.92356252166968,16.015712108889513,177.7248532242948,23.15888191541309,111.05493754508818,34.18811043909588,17.56080723207279,10.186682634000006,0.5217474102499814,43.98607269213801
R/L,5,Taylor Ward,621493,R,2026,178,380,68,17.894736842105264,139.78975826971356,9.546043327220703,147.64341447234943,10.5764610384021,152.01774482680122,20.956466922824227,17.5019519965422,4.652169840607202,0.18535939249563038,43.98607269213801
R/L,6,Seiya Suzuki,673548,R,2026,150,337,63,18.694362017804153,139.47680815055452,14.48370510626126,164.9343398407227,19.128916769921116,121.309063462346,28.56206592450023,17.364297529638776,8.41405923563608,0.4267044211657771,43.98607269213801
R/L,7,Yandy Díaz,650490,R,2026,171,332,107,32.22891566265061,139.1708684042034,14.213204967174255,162.8158709745091,18.518379517848974,121.29452951349506,27.630234669047194,17.229726650414626,8.145507876127045,0.41091484674441897,43.98607269213801
R/L,8,Austin Martin,668885,R,2026,160,314,44,14.012738853503185,138.72976994054716,9.280704379000387,145.8362938506406,10.21894690587832,132.28882185094614,20.161585532524757,17.03570475954688,4.494913414390626,0.17519821351724507,43.98607269213801
R/L,9,Geraldo Perdomo,672695,S,2026,186,407,89,21.867321867321866,138.40785677060327,10.959672501114133,149.12069266931775,12.607507861994856,152.19333148585696,21.606263584407817,16.89410779860981,5.545547572844072,0.244322210148925,43.98607269213801
R/L,10,José Fermín,665877,R,2026,148,310,68,21.935483870967744,134.789734565723,11.452652163298977,145.5300209367149,13.374999395723492,129.18454703353382,20.026868105969072,15.302637935480778,5.883136956775955,0.2667963822849269,43.98607269213801
R/L,11,Xander Bogaerts,593428,R,2026,144,287,72,25.087108013937282,134.41973930631,12.126517191160845,146.85846965056294,14.484819343517524,129.39839245342995,20.611200522920033,15.139891551717913,6.371303165764486,0.29911622322544335,43.98607269213801
R/L,12,Tyler Stephenson,663886,R,2026,99,230,45,19.565217391304348,134.1204939851892,12.575132528742603,147.79915794224056,15.268201405029696,111.15413231239845,21.02497235870379,15.008265287241898,6.715882168798399,0.3216569477504754,43.98607269213801
R/L,13,Andrew Vaughn,683734,R,2026,125,281,57,20.284697508896798,133.01054623955608,12.52585406482264,146.01179324454304,15.180243227035144,120.13084691340904,20.238780823500946,14.520042865002967,6.677192820687035,0.31914091813617024,43.98607269213801
R/L,14,Ryan Vilade,668723,R,2026,146,292,80,27.397260273972602,129.72291293316619,14.094923507720532,146.3031506070303,18.25902232160046,,20.366937484758484,13.073942089003374,8.031426831252885,0.40410408594740416,43.98607269213801
R/L,15,Fernando Tatís,665487,R,2026,149,302,62,20.52980132450331,128.89854662655281,10.378235799878034,135.5265673675402,11.744160090478795,105.59992753979508,15.626741747307616,12.711335726126922,5.165794794479063,0.21908611936102634,43.98607269213801
R/L,16,Andruw Monasterio,655316,R,2026,118,252,59,23.41269841269841,128.5012401605466,13.01383183176548,140.70815981914654,16.073702968820033,116.51756651489124,17.905920769681515,12.536576215178854,7.070190672183526,0.34449123441155904,43.98607269213801
R/L,17,Gabriel Moreno,672515,R,2026,139,325,104,32.0,128.0363073118974,14.813117535496362,146.3864209295745,19.907780716851725,129.79111059848162,20.403564829363773,12.332070514402387,8.756650897505834,0.4463347827257116,43.98607269213801
R/L,18,Mookie Betts,605141,R,2026,148,273,53,19.413919413919416,128.01751049065638,10.719500787286156,134.95499989469027,12.245711505232004,124.14149935813614,15.375331663215228,12.323802530947509,5.386407564360857,0.23373132230364266,43.98607269213801
R/L,19,Randy Arozarena,668227,R,2026,164,306,95,31.045751633986928,126.87916497151778,13.389435518536375,139.2801332511711,16.798108230835,123.38992230410597,17.277787965428793,11.82308904341151,7.3888280973191005,0.36466352960094567,43.98607269213801
R/L,20,Zack Gelof,680869,R,2026,100,177,36,20.33898305084746,125.92047471907341,15.871936094594686,147.61944628456405,22.730436277941504,118.9587709207544,20.94592425832195,11.401398852078888,9.99822622445546,0.5124218115011164,43.98607269213801
R/L,21,Matt Chapman,656305,R,2026,94,200,38,19.0,125.62651260167168,11.891730502145176,133.84496324613346,14.089547271094855,107.28947241545842,14.887070136071651,11.272096461431211,6.19743850465693,0.2876457169804156,43.98607269213801
R/L,22,Curtis Mead,678554,R,2026,143,305,67,21.9672131147541,125.38797458679134,11.514968131655028,132.81653383842044,13.474552991610393,121.6847567977087,14.434704429207686,11.167172956807564,5.926926673830404,0.2697076566941024,43.98607269213801
R/L,23,Ronald Acuña,660670,R,2026,129,314,78,24.840764331210192,125.137079493442,15.002100208369729,141.9083519512605,20.373735890391643,110.70659997030263,18.433838153358487,11.056814058665916,8.961606278851878,0.45779592140615916,43.98607269213801
R/L,24,Lane Thomas,657041,R,2026,165,348,67,19.25287356321839,124.69361256175019,11.314201855828225,131.53053900569182,13.15591354514069,126.04287108275298,13.869045807266527,10.86175037172636,5.786769695280414,0.26038480705439293,43.98607269213801
R/L,25,Masyn Winn,691026,R,2026,129,277,63,22.743682310469314,124.46548011973903,12.464313260900378,133.33245706117975,15.071078410508509,114.02616716924678,14.661638793006214,10.761403869948984,6.6291755051353904,0.3160126777086573,43.98607269213801
R/L,26,Dane Myers,667472,R,2026,122,258,51,19.767441860465116,124.35315993478277,11.316707323513544,131.07425184301022,13.15985295224936,113.6445268871824,13.668343004204507,10.711998631746178,5.788502485754873,0.2605001413858374,43.98607269213801
R/L,27,Jared Triolo,669707,R,2026,129,257,64,24.90272373540856,123.48025290283313,12.935491881685769,132.87437111438047,15.92678845212835,115.73640737411436,14.460144775454609,10.328041110138024,7.005568746076218,0.3403562190307202,43.98607269213801
R/L,28,Mike Trout,545361,R,2026,155,353,63,17.847025495750707,123.31696032102799,12.6107787235893,131.94460175071274,15.332133162558243,120.32893212955364,14.051175747282496,10.256215116404347,6.7440032381382675,0.32348310697083815,43.98607269213801
R/L,29,Matt McLain,680574,R,2026,114,239,65,27.19665271966527,123.2589743323961,12.650364094609646,131.9390620143203,15.403434373570342,112.44955911260703,14.04873903480597,10.230709357293465,6.775365840644423,0.3255171283295905,43.98607269213801
R/L,30,Vladimir Guerrero,665489,R,2026,141,322,86,26.70807453416149,123.22477632592843,12.446119589255343,131.48320393765562,15.038948505920336,120.60817639216609,13.848224969831252,10.21566699730934,6.6150428219473225,0.31509080826207186,43.98607269213801
R/L,31,Rhys Hoskins,656555,R,2026,127,279,57,20.43010752688172,123.03993638756702,12.62162283381278,131.55673934459833,15.351633583582714,110.06308320809283,13.880570307383538,10.13436316765759,6.752580707505364,0.32403967762745867,43.98607269213801
R/L,32,Alex Bregman,608324,R,2026,161,328,69,21.036585365853657,122.72516351736483,10.468766027138983,127.7316373712172,11.875831474138044,127.90484319220464,12.198058172823709,9.995906944155323,5.223711865010165,0.22292500354566455,43.98607269213801
R/L,33,Adley Rutschman,668939,S,2026,119,243,58,23.868312757201647,121.24790688338224,12.673614094538895,128.99954710534,15.44546300232333,128.36670942189707,12.755761870145658,9.34611976728231,6.793852583839222,0.32671475837208797,43.98607269213801
R/L,34,Iván Herrera,671056,R,2026,197,471,124,26.326963906581742,120.9420563001936,12.569127650215117,128.36131096160534,15.25745699181356,105.18339776012492,12.475026856015031,9.211588107431627,6.711156123390806,0.32134982578150806,43.98607269213801
R/L,35,Paul Goldschmidt,502671,R,2026,169,373,98,26.273458445040216,120.17377154081444,11.772210684953452,126.02285536749707,13.891954705463919,103.27860520538766,11.446432078517203,8.873649814688495,6.110525295104246,0.2818927114367679,43.98607269213801
R/L,36,Shea Langeliers,669127,R,2026,127,261,77,29.50191570881226,120.11769383793437,16.02703745702388,136.35984547486322,23.193164108361604,103.91789755158446,15.993268061322393,8.84898343553558,10.201762024310797,0.5224855679108492,43.98607269213801
R/L,37,Luke Keaschall,807712,R,2026,175,319,74,23.197492163009404,120.00664696322886,11.402793790033064,125.3043744218001,13.29577257411381,113.43977675991631,11.130400527463769,8.800138276505265,5.848288189431049,0.2644784774612435,43.98607269213801
R/L,38,Wyatt Langford,694671,R,2026,133,298,84,28.187919463087248,119.76894108142037,12.959387152330136,127.29014301959504,15.971453682862915,118.57246772530787,12.0038621463875,8.695580794539493,7.025215226935235,0.34161483615247024,43.98607269213801
R/L,39,Gary Sánchez,596142,R,2026,114,269,66,24.53531598513011,117.84760102621983,15.685622037958563,130.44494171824084,22.19307959499627,,13.391534195264473,7.850458761195827,9.761864123279107,0.500462207279576,43.98607269213801
R/L,40,Xavier Edwards,669364,S,2026,140,284,70,24.647887323943664,117.71647482470418,13.45843747918481,124.97519425778822,16.93497286695967,126.96165769426892,10.985607101233404,7.792781494878711,7.4490294756547275,0.3684317744215998,43.98607269213801
R/L,41,Jacob Young,696285,R,2026,148,291,82,28.1786941580756,117.58130951566966,11.495742214946512,122.10601172092746,13.443774970680971,120.17970363475575,9.723566384899696,7.733327583792232,5.913388631171188,0.2688077761190239,43.98607269213801
R/L,42,Esmerlyn Valdez,699013,R,2026,107,276,56,20.28985507246377,117.01573333020116,17.861356402110292,138.72026340023484,30.14508288198413,121.9602113475288,17.031523205814608,7.484552831722636,13.259638069574791,0.648928230497338,43.98607269213801
R/L,43,George Springer,543807,R,2026,144,275,65,23.636363636363637,116.64604028897217,11.125652891749672,120.47292210858215,12.862057373160253,114.84413225366453,9.005234400885739,7.321939381869878,5.657513905862766,0.2517785961030038,43.98607269213801
R/L,44,Austin Hedges,595978,R,2026,107,198,51,25.757575757575758,116.6018399926323,12.736728227895608,122.1808732559173,15.560122054634974,,9.756495034098785,7.302497407391688,6.8442865979371375,0.3299769159367791,43.98607269213801
R/L,45,Josh Jung,673962,R,2026,93,213,50,23.474178403755868,115.7406442985133,14.760778327384829,124.07176427106343,19.78127570037653,99.91638880867212,10.588223730550066,6.923691243354936,8.701006308999853,0.44318628429038287,43.98607269213801
R/L,46,Angel Martínez,682657,S,2026,128,211,85,40.28436018957346,115.63474387785178,15.940975136693437,126.72040516015136,22.934621008471733,92.85700383939556,11.75325683737797,6.877109807341477,10.088039068452732,0.5168893259489715,43.98607269213801
R/L,47,Anthony Volpe,683011,R,2026,88,175,41,23.42857142857143,114.76495341681243,15.536353918461685,123.92008675689723,21.7762325715488,,10.521506748911293,6.494523142879428,9.57850948853049,0.4909824931376013,43.98607269213801
R/L,48,Manny Machado,592518,R,2026,147,328,105,32.01219512195122,114.28365905457315,14.569494268913594,121.13013203649406,19.327871325981008,110.99151079670716,9.294315237517019,6.282820654841697,8.501571531288905,0.431774260404328,43.98607269213801
R/L,49,Elly De La Cruz,682829,S,2026,163,340,81,23.823529411764703,113.9927099336135,10.68957717769981,116.6329628446444,12.201157307637912,116.76133893235108,7.316187127701587,6.1548435629992495,5.366809922619721,0.23242821632114846,43.98607269213801
R/L,50,Alec Bohm,664761,R,2026,171,297,86,28.95622895622896,113.66547858891364,12.022865591504612,117.16055854540531,14.309130057548636,112.13667295065048,7.548255756158882,6.010907345848112,6.294024348725912,0.29402467526076853,43.98607269213801
R/L,51,Nasim Nuñez,683083,S,2026,137,267,67,25.0936329588015,113.20709220518248,12.188460563950466,116.6425948141174,14.590732824967457,115.53554032702388,7.320423852795673,5.80928117788926,6.4178903467058275,0.30217985468425773,43.98607269213801
R/L,52,David Fry,681807,R,2026,124,331,87,26.283987915407852,113.12736621398463,14.47706511596572,118.96364370647248,19.113627830026253,,8.341362105807042,5.774212845446447,8.407334231420068,0.4263132693527717,43.98607269213801
R/L,53,Pete Alonso,624413,R,2026,192,412,115,27.9126213592233,113.06259111598517,13.617020131717654,117.77935838397686,17.254236527058485,121.8926698772191,7.820441502971792,5.745720823753999,7.589461021265374,0.3771654947001931,43.98607269213801
R/L,54,Vaughn Grissom,687093,R,2026,151,321,99,30.8411214953271,112.78492294309316,12.854373928065424,116.58758816731503,15.776108471231495,103.43162920737102,7.296228589147672,5.62358549938279,6.939290540146429,0.33610088297197144,43.98607269213801
R/L,55,Caleb Durbin,702332,R,2026,141,255,68,26.666666666666668,112.62831635133554,10.711802991044308,114.86751095331019,12.234239160976525,113.9913829058484,6.539634175434603,5.554700410091603,5.381361330677149,0.2333957525581324,43.98607269213801
R/L,56,Ezequiel Duran,677649,R,2026,144,326,96,29.447852760736197,112.50391432870515,12.808002273811423,116.12475468313772,15.690618898932966,106.93773741275292,7.09264631635389,5.499980845986905,6.901687034730998,0.3336803151735373,43.98607269213801
R/L,57,Cam Smith,701358,R,2026,131,299,91,30.434782608695656,112.40322237226259,15.238248502321762,118.78496824466995,20.977340808334425,92.74314656596844,8.262769787295564,5.4556904088309475,9.227108376831511,0.47232169939805835,43.98607269213801
R/L,58,Dylan Crews,686611,R,2026,120,238,70,29.411764705882355,111.95485459074972,15.894113140526136,119.01700553374971,22.795718606052837,100.03475694307456,8.364833877943058,5.258471030526571,10.02694135675363,0.5138547735735554,43.98607269213801
R/L,59,Esteury Ruiz,665923,R,2026,106,247,81,32.79352226720648,111.9069399319798,17.36552295341353,122.43184490209526,27.929087592807523,,9.866887604823276,5.2373952538898445,12.284908770823215,0.613399655590214,43.98607269213801
R/L,60,Brady House,691781,R,2026,92,197,66,33.50253807106599,111.76740987182139,15.358895359482663,117.75768950844021,21.295483123217632,100.60961320789094,7.810910215626673,5.176021460201177,9.367046686720489,0.47983039842185826,43.98607269213801
R/L,61,Chase Meidroth,805367,R,2026,162,341,98,28.739002932551323,111.01932906690169,11.519431822634607,113.14359094047207,13.481706882068801,116.19960932091828,5.7813494654333075,4.846970093553273,5.930073389287755,0.2699167975202551,43.98607269213801
R/L,62,Miguel Andújar,609280,R,2026,80,167,76,45.50898203592814,110.8367994184161,16.99073009621744,118.75070091519564,26.44516879664306,,8.24769693484334,4.766682469685696,11.632191170450014,0.5872078828755726,43.98607269213801
R/L,63,Isaac Paredes,670623,R,2026,138,301,99,32.89036544850498,110.74897354811375,13.736532446222244,114.15956996062326,17.499336464871202,124.0526682154779,6.228238735773881,4.728051318532003,7.697270858080061,0.3838150743286076,43.98607269213801
R/L,64,Heriberto Hernandez,681715,R,2026,149,325,78,24.0,110.71904753801707,15.752259765906388,116.26843477008215,22.383036532096774,111.04764934880014,7.155845543841393,4.714888041977016,9.845418719715894,0.5047234988696737,43.98607269213801
R/L,65,Javier Sanoja,691594,R,2026,135,257,103,40.07782101167315,110.41036406961447,14.38223090822292,114.14155183126078,18.896955928215203,97.72560174788303,6.220313268294745,4.579110307176837,8.312028771186021,0.4207463036153396,43.98607269213801
R/L,66,Ildemaro Vargas,545121,S,2026,153,260,106,40.76923076923077,110.4048894161199,13.780271157223694,113.63437727342279,17.59003392941602,94.53465722393037,5.997227098608088,4.576702222111074,7.73716511076467,0.3862631890146784,43.98607269213801
R/L,67,Eugenio Suárez,553993,R,2026,110,295,76,25.76271186440678,109.91852127180402,13.730064601024617,112.80741959262105,17.485970447100105,98.4564101149704,5.633480891997422,4.362767976600889,7.691391671787221,0.3834537208265108,43.98607269213801
R/L,68,Nick Loftin,679845,R,2026,152,285,71,24.912280701754387,109.81500456300867,9.841599232694215,110.92926996289839,10.98277133566611,112.64624349613672,4.8073566306004905,4.317235041821658,4.830889783317391,0.19701493360952949,43.98607269213801
R/L,69,Kazuma Okamoto,672960,R,2026,152,307,71,23.12703583061889,109.30299726144175,12.108873244151386,111.0155279237412,14.454777771862759,96.65763414045222,4.845298119959565,4.092023137965375,6.35808905821856,0.29824643492740044,43.98607269213801
R/L,70,Willson Contreras,575929,R,2026,132,314,97,30.89171974522293,109.22296396665132,14.399493135586475,112.10358881427766,18.936162803162162,95.04395713450072,5.323893374205654,4.056819634740947,8.329274335700507,0.4217569085916072,43.98607269213801
R/L,71,Spencer Steer,668715,R,2026,96,187,45,24.06417112299465,109.13533122109826,11.854217831328532,110.6809569131799,14.027273384781449,93.55234089558876,4.69813347204725,4.018273431579857,6.170046667754896,0.28583381249717976,43.98607269213801
R/L,72,Connor Norby,681393,R,2026,109,252,62,24.6031746031746,109.12441464069485,12.762840945399246,111.03256301013381,15.607806445179696,102.37151651244454,4.852791185443387,4.013471656588121,6.865261088624942,0.33133133391025493,43.98607269213801
R/L,73,Josh Bell,605137,S,2026,179,361,106,29.362880886426595,108.49758731613379,12.335434829334725,109.94277119569263,14.844863987952703,109.13329994021268,4.373434565750319,3.737754933952508,6.529672664789894,0.3095114510648432,43.98607269213801
R/L,74,Spencer Torkelson,679529,R,2026,164,393,81,20.610687022900763,108.33896282012351,12.646959998735081,109.81721425840759,15.3972902376927,99.6622355198108,4.3182070000460975,3.667982247829892,6.77266327657098,0.32534196460832904,43.98607269213801
R/L,75,Justin Foscue,679822,R,2026,137,264,61,23.106060606060606,108.31112844381434,10.757838522465901,109.24635650550128,12.302960394652548,,4.067109093884024,3.6557389988331357,5.411589102476818,0.23540616771046005,43.98607269213801
R/L,76,Rob Refsnyder,608701,R,2026,106,224,54,24.107142857142858,108.14582622425318,13.696893649757053,109.91827648168685,17.417605622528782,,4.362660303042006,3.5830290443752464,7.661320670355427,0.38160315999084277,43.98607269213801
R/L,77,Jahmai Jones,663330,R,2026,129,258,72,27.906976744186046,108.09409803025811,14.025364235297818,109.97545977422851,18.10855940804729,,4.3878129876671395,3.560275843362245,7.965244104722678,0.40012537319359825,43.98607269213801
R/L,78,Teoscar Hernández,606192,R,2026,129,310,96,30.967741935483872,107.48560635604905,16.616285621914,110.31945359586507,25.09598120373899,100.14429871735082,4.539122360108657,3.292624253219034,11.038736535081924,0.5616111126348422,43.98607269213801
R/L,79,Bobby Witt,677951,R,2026,148,323,115,35.60371517027864,107.45873839960204,15.812462391109053,109.72033321352711,22.556773966873163,106.63608288792037,4.275592833220068,3.2808060943653667,9.921838994070091,0.5085888165697631,43.98607269213801
R/L,80,Ben Williamson,810938,R,2026,120,244,81,33.19672131147541,107.33721106897806,13.566924560276286,108.57222969198948,17.152659901507842,105.03976622654288,3.7705871836555316,3.2273509943762853,7.544781452912447,0.3743954957280198,43.98607269213801
R/L,81,Marcell Ozuna,542303,R,2026,102,273,82,30.036630036630036,106.18214183166661,17.736618280626484,107.79672473227524,29.556763794135726,103.48460004467051,3.429473008344488,2.719281400007951,13.000859607932068,0.639896056729165,43.98607269213801
R/L,82,J. T. Realmuto,592663,R,2026,104,223,70,31.390134529147986,105.77244283281594,15.296545434567514,106.22555008569061,21.130214417506476,106.20248290392504,2.738374986177333,2.5390709005545276,9.294351473689025,0.47594253235891804,43.98607269213801
R/L,83,Carson Kelly,608348,R,2026,132,281,76,27.046263345195733,105.43360892166679,12.003058288673019,105.49996847806715,14.275772472218163,103.54418169959897,2.419220132807289,2.390031170090851,6.279351656994109,0.293056679994911,43.98607269213801
R/L,84,José Siri,642350,R,2026,99,217,87,40.09216589861751,105.24361548292651,17.067636816609536,105.20011492536668,26.737983689497124,,2.287326331146502,2.306460518016262,11.76098894207421,0.5925357809331883,43.98607269213801
R/L,85,Leo Jimenez,677870,R,2026,95,200,54,27.0,105.22300925078028,12.458504035729135,105.1997000651315,15.060812300677451,,2.287143850421888,2.297396645765305,6.624659846602447,0.3157181791732642,43.98607269213801
R/L,86,Julio Rodríguez,677594,R,2026,176,413,155,37.530266343825666,105.19665855847293,14.271639509481071,105.14228334495698,18.648180581799192,91.14143520637028,2.261888490148484,2.285806011092114,8.202602266471358,0.414300568735451,43.98607269213801
R/L,87,Matt Vierling,663837,R,2026,119,245,74,30.20408163265306,104.70003104669239,14.440686531929357,104.27757281506958,19.030140566944254,100.30996413097294,1.8815362878956354,2.067359072751166,8.370611463192144,0.4241734450797298,43.98607269213801
R/L,88,Jackson Chourio,694192,S,2026,150,330,106,32.121212121212125,104.32027867130648,13.336712752686743,103.77988055637212,16.69434937883636,94.0141680837002,1.6626210092018283,1.9003209168638036,7.343188653254452,0.3617973569089764,43.98607269213801
R/L,89,Jeremy Peña,665161,R,2026,90,186,72,38.70967741935484,104.13136635768333,19.241242184620408,100.64812094433186,38.720783318727996,84.87951471964523,0.28508294970678827,1.8172258092691225,17.031751897540943,0.7530676764342481,43.98607269213801
R/L,90,Andrés Chaparro,665953,R,2026,124,269,80,29.739776951672862,103.64598590701192,13.460540561471673,102.69607197963657,16.93916355419939,,1.1858961807953083,1.6037260114033725,7.450872794390292,0.3685469293762903,43.98607269213801
R/L,91,Alejandro Kirk,672386,R,2026,86,167,41,24.550898203592812,103.36709001150449,14.115545650141089,102.06788117159743,18.3039201594974,,0.90957971532588,1.4810506600700797,8.051175626867431,0.4052874323250152,43.98607269213801
R/L,92,Blaze Alexander,677942,R,2026,103,207,61,29.468599033816425,103.02889397114016,14.290273375967448,101.43403126803926,18.68980931550102,111.0475849187458,0.6307740359877358,1.3322915039135,8.22091311153826,0.41538314391233727,43.98607269213801
R/L,93,Taylor Walls,670764,S,2026,142,260,61,23.46153846153846,102.4431144194868,13.203565022227814,100.88794525910602,16.43538500198315,113.00442721097154,0.39057224713676675,1.0746300845075691,7.229280394205056,0.354609374143506,43.98607269213801
R/L,94,Jo Adell,666176,R,2026,164,330,125,37.878787878787875,102.42415072786692,16.050560389035287,99.2871834556942,23.264623600544972,90.62680226751328,-0.31354000333993015,1.066288701326536,10.233194248488006,0.5240204007640522,43.98607269213801
R/L,95,Otto Lopez,672640,R,2026,156,292,93,31.84931506849315,101.8038405905654,11.650579202167236,100.48049467447798,13.693281803342526,103.28098457362098,0.21135073679773725,0.7934386334163899,6.023136887957549,0.27609772506704694,43.98607269213801
R/L,96,Trea Turner,607208,R,2026,205,440,132,30.0,101.73364853065763,10.801310078977126,100.63220391209819,12.368103957341672,79.35713760166735,0.27808167233804926,0.7625639029212508,5.440243197315506,0.23731252628225555,43.98607269213801
R/L,97,Bo Bichette,666182,R,2026,167,373,151,40.48257372654155,101.60047883389733,14.165303105412073,99.06748236544287,18.412805073401586,97.68097845995466,-0.4101778846033068,0.703987783300364,8.099069824248097,0.40814975371154805,43.98607269213801
R/L,98,Jordan Walker,691023,R,2026,162,350,113,32.285714285714285,101.57053068278837,13.458721647383795,99.41020426376062,16.935539045090636,85.56763642571498,-0.25942798127738503,0.6908147677836225,7.449278515178982,0.3684473330923974,43.98607269213801
R/L,99,José Ramírez,608070,S,2026,130,276,82,29.71014492753623,101.45819400199373,11.741188224497828,99.97144092478109,13.841054495073434,110.45278143290348,-0.012562015585992561,0.6414022737093575,6.088136291561436,0.28040896582859404,43.98607269213801
R/L,100,Logan O'Hoppe,681351,R,2026,85,163,55,33.74233128834356,101.45327519504136,15.14020787981375,98.11596290334239,20.723753086709998,,-0.828713926882664,0.6392386837077042,9.115565097259454,0.4662635558816986,43.98607269213801
R/L,101,Marcus Semien,543760,R,2026,132,265,69,26.037735849056602,101.44452422444877,11.926311837728168,99.8857162316186,14.147166072877903,101.13617371842716,-0.05026894143555858,0.6353894754215786,6.222782752693561,0.2893211058285584,43.98607269213801
R/L,102,Brice Matthews,694728,R,2026,82,172,34,19.767441860465116,101.16688462076371,14.260689036693524,98.26960684676577,18.623770605204015,,-0.7611319902413879,0.5132667175225022,8.19186527642207,0.4136650360642052,43.98607269213801
R/L,103,Francisco Álvarez,682626,R,2026,103,247,83,33.603238866396765,100.94296663810722,17.522279064606227,93.74000905436895,28.59561063123337,91.67801895445352,-2.753524167866531,0.4147739909004504,12.578086079015053,0.624523781225247,43.98607269213801
R/L,104,Myles Straw,664702,R,2026,160,318,66,20.754716981132077,100.73815335346296,11.484345215246348,99.07533165519915,13.425556751767196,109.4906054459004,-0.4067252903052898,0.32468467063367046,5.905375152156562,0.26827504261771745,43.98607269213801
R/L,105,Alika Williams,675961,R,2026,98,186,68,36.55913978494624,100.28763860109339,13.866094473531287,97.0853140159369,17.76958997571538,,-1.2820558956975534,0.1265209241675862,7.8161447638130355,0.3910894536827092,43.98607269213801
R/L,106,Nolan Arenado,571448,R,2026,140,316,93,29.430379746835445,100.15605494366137,13.63169820949803,97.0463558593262,17.284127209009267,94.08725164085236,-1.2991920587838506,0.06864244095856686,7.6026087583564195,0.3779790424712854,43.98607269213801
R/L,107,William Contreras,661388,R,2026,165,350,101,28.857142857142858,99.97015004884389,12.579051043461206,97.45308043859566,15.275216663707585,105.9859191164454,-1.1202898896895939,-0.013129821214096449,6.718967905579997,0.32185744088395873,43.98607269213801
R/L,108,Mauricio Dubón,643289,R,2026,194,354,123,34.74576271186441,99.6160540095726,10.427352472087874,98.00950878019805,11.81547684930689,98.3115519525163,-0.8755389148727118,-0.16888276244795009,5.1971642358588666,0.2211647471515525,43.98607269213801
R/L,109,Derek Hill,656537,R,2026,127,225,79,35.11111111111111,99.06503356603841,15.33190796754416,93.37654008021644,21.22372191310183,,-2.91339989505062,-0.411255015289437,9.335481748674194,0.4781456425931673,43.98607269213801
R/L,110,Kyle Karros,691720,R,2026,141,311,87,27.974276527331188,98.98940728170277,12.872287937279642,95.7946677033774,15.809259710908679,111.07494682965697,-1.849760520938372,-0.4445200476916713,6.953872468529179,0.3370383241507136,43.98607269213801
R/L,111,Byron Buxton,621439,R,2026,114,230,79,34.34782608695652,98.74413678532134,14.14149038102866,94.26685775822715,18.360597037881313,88.55593049331624,-2.5217841140098787,-0.5524049065223771,8.076105559793012,0.4067786586807515,43.98607269213801
R/L,112,Tyler Freeman,671289,R,2026,102,202,65,32.17821782178218,98.56772340047121,14.65975737262783,93.35970423619086,19.540105524420763,,-2.9208053216420486,-0.6300022262212166,8.594925020092193,0.43714081749680156,43.98607269213801
R/L,113,Miguel Rojas,500743,R,2026,147,291,94,32.302405498281786,98.53972987452212,12.040809628739732,95.72335495222117,14.339409037718248,,-1.8811281995007165,-0.6423154788942746,6.307342882953756,0.29490298948101745,43.98607269213801
R/L,114,José Altuve,514888,R,2026,119,233,81,34.763948497854074,98.04157146795248,12.4840241617055,94.68481062912328,15.105961177273768,90.7582443307876,-2.337943060398631,-0.8614357977299951,6.644519064281786,0.31701294455992834,43.98607269213801
R/L,115,Sal Stewart,701398,R,2026,157,362,106,29.2817679558011,97.98140494196151,13.076793090695583,94.0921601418828,16.192791112139304,93.5819150574124,-2.5986267345265333,-0.887900689588714,7.122572869471656,0.34783261295717893,43.98607269213801
R/L,116,Nico Hoerner,663538,R,2026,163,275,101,36.72727272727273,97.82439707708346,12.427971272598775,94.41200358115361,15.006963212604042,110.02676466809142,-2.457940166827842,-0.9569622831663471,6.600973747578423,0.3141725785114635,43.98607269213801
R/L,117,Ryan Kreidler,668952,R,2026,104,198,50,25.252525252525253,97.61893221668296,12.03202207551647,94.42405966691985,14.324573751973446,,-2.4526371681788794,-1.0473382060189096,6.300817423381961,0.2944726978066505,43.98607269213801
R/L,118,Bryan Reynolds,668804,S,2026,212,418,117,27.990430622009573,97.46709373185404,9.885676723007304,95.53029916722723,11.044129632116181,101.74774948625898,-1.966045857424529,-1.1141259923304054,4.857878888196578,0.19878362382569856,43.98607269213801
R/L,119,Andy Pages,681624,R,2026,163,341,98,28.739002932551323,97.28009807792982,11.899415471533358,94.04652233700551,14.102334256039175,94.98466161703168,-2.6187010125549572,-1.196378036596648,6.203062997149671,0.2880176162270424,43.98607269213801
R/L,120,Henry Bolte,703607,R,2026,138,282,77,27.30496453900709,97.07548049942737,13.24086752159801,92.53145428264975,16.50749866884169,98.36888895962537,-3.2851199482792413,-1.2863812734176254,7.261000364130421,0.35661587790816546,43.98607269213801
R/L,121,Isaac Collins,686555,S,2026,143,268,75,27.985074626865668,96.78618200321912,12.373373220913608,92.94769158304585,14.911122906797997,119.53347073320242,-3.1020335067552174,-1.4136323202570507,6.5588173609982094,0.31141822192103236,43.98607269213801
R/L,122,Oswald Peraza,672724,R,2026,123,244,90,36.885245901639344,96.77839326436929,14.031851245442537,91.10326491926514,18.12252807299937,75.02206206570634,-3.9133243598389793,-1.4170582805893384,7.97138837184262,0.40049559069010765,43.98607269213801
R/L,123,Víctor Caratini,605170,S,2026,111,199,59,29.64824120603015,96.74894976986559,11.326012776328923,93.73935152630995,13.17449221367146,115.3717788385427,-2.7538133886365332,-1.4300093174848445,5.79494172192559,0.26092872336332085,43.98607269213801
R/L,124,Casey Schmitt,669477,R,2026,105,189,78,41.269841269841265,96.45212357836932,15.04983436335673,88.91597017478072,20.4937801387898,85.08931483368455,-4.875429416139205,-1.5605715018456934,9.014409029215022,0.46071381512098025,43.98607269213801
R/L,125,Jorge Soler,624585,R,2026,95,188,53,28.191489361702125,96.3511838800936,14.964361637049123,88.88735255569985,20.279511897990385,90.15183027698974,-4.8880171828708825,-1.604970910904476,8.920160845060828,0.45549559895285935,43.98607269213801
R/L,126,Max Muncy,691777,R,2026,102,224,65,29.017857142857146,96.20018307354079,13.93715169942201,90.27358463934688,17.919880751480328,81.07031149822316,-4.27826813087616,-1.6713902354405152,7.882251773690584,0.3951080237815308,43.98607269213801
R/L,127,Eli White,642201,R,2026,117,261,82,31.417624521072796,95.02995620603735,14.624075532161081,87.14281716194327,19.45584594538985,,-5.655369789308724,-2.186127076043503,8.557862540409564,0.4350154063091941,43.98607269213801
R/L,128,Coby Mayo,691723,R,2026,145,308,91,29.545454545454547,94.94617370075916,15.250067234880719,85.67499703226306,21.00820605194385,82.44570050612117,-6.301006218539696,-2.222979709718466,9.24068478532216,0.4730546456589867,43.98607269213801
R/L,129,Brayan Rocchio,677587,S,2026,171,309,106,34.3042071197411,94.61443518940371,11.804968256522605,90.39766888876011,13.945873559290565,98.11472716855016,-4.223688342729765,-2.368898452471092,6.134242081343202,0.2834636938859972,43.98607269213801
R/L,130,Heliot Ramos,671218,R,2026,97,219,71,32.42009132420091,94.55965525466597,15.205525921876616,85.04740135527808,20.892218256753534,82.58188860943079,-6.577060909231022,-2.3929939943855345,9.189666309415738,0.4702953523204102,43.98607269213801
R/L,131,Ketel Marte,606466,S,2026,139,240,91,37.916666666666664,94.55700439232018,13.108941533440323,88.79810172406708,16.25395248533322,97.99530054061276,-4.927275118551206,-2.3941600046239264,7.149475355544243,0.3495449627991969,43.98607269213801
R/L,132,Tyler O'Neill,641933,R,2026,123,265,80,30.18867924528302,94.52733326066114,13.256136612014219,88.54952450502216,16.537114536123966,,-5.036614474816403,-2.4072111701640497,7.274027221041609,0.3574388360292934,43.98607269213801
R/L,133,Nick Gonzales,693304,R,2026,174,346,113,32.65895953757225,94.4181898298832,11.53695894013127,90.38813661518037,13.509827106773127,93.61623212183515,-4.2278812155157555,-2.4552190789647232,5.942442371767393,0.2707387933554171,43.98607269213801
R/L,134,Jake Burger,669394,R,2026,145,296,89,30.067567567567565,94.22588887492255,13.630407418891714,87.51469162057161,17.281496269945713,77.80389595064129,-5.491796819612971,-2.539804716801397,7.60145151158744,0.3779074639062998,43.98607269213801
R/L,135,Randal Grichuk,545341,R,2026,148,285,104,36.49122807017544,93.59996366089567,12.861808388237502,87.6798810537085,15.789857978361933,,-5.419136475473648,-2.815124636441683,6.945338408347633,0.3364897702448984,43.98607269213801
R/L,136,Leody Taveras,665750,S,2026,147,319,100,31.347962382445143,93.39734859879496,13.44384947174155,86.49299519276796,16.905935713883608,96.73794748064095,-5.941200953039659,-2.9042470449425144,7.436257172394964,0.36763349860632266,43.98607269213801
R/L,137,Elías Díaz,553869,R,2026,89,173,71,41.040462427745666,93.26179562343998,17.29366669568834,74.60523495330548,27.633064469766087,,-11.170159813436705,-2.9638714752185162,12.15469982473667,0.6083338234521026,43.98607269213801
R/L,138,Willy Adames,642715,R,2026,137,271,87,32.10332103321033,93.01229641655654,13.171397415080465,86.32603662254006,16.37346734379673,93.99770371449452,-6.014639471105861,-3.0736163777245737,7.202045248065907,0.3528836220812315,43.98607269213801
R/L,139,Dillon Dingler,693307,R,2026,179,385,141,36.62337662337662,91.86047361798751,13.00239924764682,84.83034352786844,16.052176335693776,86.84689280994009,-6.672536122979408,-3.580257991187766,7.060721951688439,0.34388623272974617,43.98607269213801
R/L,140,Francisco Lindor,596019,S,2026,119,287,93,32.40418118466899,91.72453157557528,15.147259984973445,79.86766535525602,20.74184955003593,104.67240088989529,-8.855423351461573,-3.6400535567823837,9.123525020772703,0.46669801562490987,43.98607269213801
R/L,141,Starling Marte,516782,R,2026,126,235,86,36.59574468085106,91.71935584496066,12.922456871476749,84.74714698623475,15.902477121371222,,-6.709131014259748,-3.6423301574128804,6.994875146456962,0.3396706151911761,43.98607269213801
R/L,142,Jake Mangum,663968,S,2026,120,206,102,49.51456310679612,91.67038764539069,13.696423437265747,83.2770306057601,17.416638727183383,88.50603196130514,-7.355777474034353,-3.663869345271758,7.660895371065942,0.38157695967168187,43.98607269213801
R/L,143,Tyrone Taylor,621438,R,2026,104,209,87,41.62679425837321,91.5168624025982,12.989860652689824,84.32779975864258,16.02860136577535,,-6.893585390620899,-3.73139907016724,7.050352248282971,0.34322331335931294,43.98607269213801
R/L,144,Joey Ortiz,687401,R,2026,135,295,97,32.88135593220339,90.95565491903395,14.161133952973952,81.09162609642706,18.40365134882845,97.13951038295548,-8.317051090126842,-3.9782522018415385,8.09504346030332,0.4079095346193351,43.98607269213801
R/L,145,Weston Wilson,642215,R,2026,93,205,56,27.31707317073171,90.72090513965252,13.617871619414087,81.90660563971633,17.255968910600618,,-7.958573595789576,-4.081509410444884,7.590223028749523,0.377212665346361,43.98607269213801
R/L,146,Luisangel Acuña,682668,R,2026,97,181,62,34.25414364640884,90.45467974127625,14.715493436168185,78.78901629649931,19.672682437823248,,-9.32987871053936,-4.198611507699603,8.653240397594402,0.4404711352384237,43.98607269213801
R/L,147,Braden Montgomery,695731,S,2026,85,169,51,30.17751479289941,90.34107096622849,14.452930701801163,79.30886571155473,19.058188382537242,105.71821766636822,-9.101217368943427,-4.248583546076764,8.382948595747433,0.4248930581726328,43.98607269213801
R/L,148,Cal Raleigh,663728,S,2026,161,387,149,38.50129198966408,90.28400663216996,15.294786017558188,76.67668116833444,21.12557746791449,92.5730686016556,-10.259011975515525,-4.2736839055370295,9.292311861670795,0.4758330523155391,43.98607269213801
R/L,149,Luis Rengifo,650859,S,2026,134,274,103,37.591240875912405,88.56036114486031,13.816480598767694,77.95122671574133,17.66553071517127,115.98995292274144,-9.698389444538725,-5.031847862539806,7.770373181827202,0.3882957687376177,43.98607269213801
R/L,150,Christian Walker,572233,R,2026,130,286,81,28.321678321678323,88.43401452229251,13.195687328537108,79.1986470257476,16.420198712947464,81.09907954583093,-9.14969824020287,-5.087422779786542,7.222600542070581,0.3541863564698494,43.98607269213801
R/L,151,Salvador Pérez,521692,R,2026,157,312,151,48.3974358974359,88.25746136322552,15.516266339494234,71.92741048309593,21.72102262054857,73.27034306738766,-12.34802963147094,-5.1650815806740145,9.554224799350234,0.48971369175145596,43.98607269213801
R/L,152,Nick Fortes,663743,R,2026,144,259,97,37.45173745173745,87.65372810192105,13.205399895306758,77.96837209968524,16.438924338006295,,-9.690847863493811,-5.430640131858019,7.230837209121017,0.3547079397057228,43.98607269213801
R/L,153,Hao-Yu Lee,701678,R,2026,130,233,63,27.038626609442062,87.27646759121984,10.330785097530626,82.28621276801161,11.675531580967561,88.01807832234138,-7.791599328393079,-5.596582214333777,5.135607808397921,0.2170873162972995,43.98607269213801
R/L,154,Jonah Heim,641680,S,2026,152,291,106,36.42611683848797,86.16519156681679,12.67133539841208,76.89773393655489,15.44133888565374,96.0863812350164,-10.161779544198101,-6.085388894238006,6.7920385468830275,0.3265972833218899,43.98607269213801
R/L,155,Matt Shaw,807713,R,2026,82,172,65,37.7906976744186,85.1886226300152,14.734691337653755,69.30349355687834,19.718622330206887,,-13.502187638018325,-6.514943216668393,8.67344755205296,0.4416211663190709,43.98607269213801
R/L,156,Jasson Domínguez,691176,S,2026,86,166,60,36.144578313253014,84.84672501314165,15.299372634602534,66.28226217792178,21.137668557402186,,-14.831108668563836,-6.665330550959077,9.297630257082126,0.47611848177174015,43.98607269213801
R/L,157,Tommy Edman,669242,S,2026,91,187,66,35.294117647058826,83.28914690708118,13.75216035235622,69.54463998799477,17.53168065732356,,-13.396116793532952,-7.350447988927663,7.7114977980838395,0.38468889572955955,43.98607269213801
R/L,158,Ian Happ,664023,S,2026,141,282,89,31.560283687943265,82.18466866059713,11.563438271339429,73.55880181733276,13.552400502117036,112.73460241098212,-11.630444653300282,-7.836264593294993,5.961168736390877,0.2719830049798302,43.98607269213801
R/L,159,Pedro Pagés,686780,R,2026,90,213,72,33.80281690140845,82.14782716907601,15.633340496673059,59.28594682899133,22.045736578793946,,-17.908513023715596,-7.8524697185363355,9.697053717065565,0.49713159909756255,43.98607269213801
R/L,160,Cole Carrigg,694249,S,2026,128,256,117,45.703125,81.70149073557158,14.492179256884578,64.12094860797396,19.148451712845592,97.26261036816476,-15.781785626546126,-8.04879558662909,8.422651889831208,0.4272038811209924,43.98607269213801
R/L,161,Ty France,664034,R,2026,130,282,96,34.04255319148936,78.20828700975045,13.541414582285823,62.10804047713392,17.10119295004072,86.01193090537208,-16.667184860203385,-9.585318716753251,7.522143162227691,0.3729888627689373,43.98607269213801
R/L,162,Brooks Lee,686797,S,2026,179,360,132,36.666666666666664,77.60316550327332,11.630120057043767,67.10072416047842,13.660097570640923,89.71532522728808,-14.47109938595896,-9.851487902468042,6.0085404472390955,0.2751288867677985,43.98607269213801
R/L,163,Zach Neto,687263,R,2026,171,377,132,35.0132625994695,77.26697556200624,12.176673788984104,65.17275458728432,14.570525578870871,65.09391360030222,-15.319137483906424,-9.999364654417434,6.409001972748704,0.3015956949775593,43.98607269213801
R/L,164,Dansby Swanson,621020,R,2026,133,256,76,29.6875,76.77199927165728,12.449523627144371,63.64946371500253,15.04495508054866,99.00348975097096,-15.98917331430099,-10.217085285299177,6.617684878229644,0.31526318772839734,43.98607269213801
R/L,165,Mark Vientos,668901,R,2026,104,184,59,32.065217391304344,76.66812524988136,13.120408327899785,61.25460041095853,16.275826200319226,,-17.042579628095123,-10.26277538802578,7.159096743718459,0.3501567457205057,43.98607269213801
R/L,166,Amed Rosario,642708,R,2026,148,288,113,39.23611111111111,76.11702823068936,12.10045544067545,63.749994559790075,14.440464811505386,,-15.944953743834722,-10.50518132349178,6.351793349071369,0.2978319112672686,43.98607269213801
R/L,167,Royce Lewis,668904,R,2026,118,257,94,36.57587548638132,76.07227478577634,13.28558315499257,59.71571780451509,16.59439006229035,77.97812439798165,-17.719473650012002,-10.524866606303451,7.29922047561596,0.35902859458338815,43.98607269213801
R/L,168,Ernie Clement,676391,R,2026,183,323,150,46.43962848297213,75.80956136352563,12.804346999532546,61.06719664674445,15.683899925508161,75.6105570521985,-17.12501118405013,-10.640423923186653,6.898731622196198,0.3334898843782707,43.98607269213801
R/L,169,Hunter Goodman,696100,R,2026,166,402,160,39.800995024875625,75.38877329989086,13.974590507189546,55.69419647914354,17.999671251240052,78.350824205402,-19.488382943519763,-10.825512066736882,7.917348480916317,0.3972336003335829,43.98607269213801
R/L,170,José Caballero,676609,R,2026,142,313,111,35.46325878594249,74.11199813509613,13.2271795122132,56.8951527447824,16.480997694924785,79.1509049318437,-18.96012944751507,-11.38711531883866,7.249343626479206,0.35587894154451666,43.98607269213801
R/L,171,Jonny DeLuca,676356,R,2026,130,254,97,38.188976377952756,73.9738646307845,13.383416531608974,56.0342265220925,16.786227320932714,80.26182437999103,-19.338817081653126,-11.447874822457369,7.383602151652994,0.3643357470482132,43.98607269213801
R/L,172,Willi Castro,650489,S,2026,167,344,156,45.348837209302324,73.83871668702386,14.377018161104894,51.0343019470038,18.88513662166403,82.94673028011502,-21.538087539803715,-11.507321095241858,8.306829922414718,0.4204413653019477,43.98607269213801
R/L,173,Austin Riley,663586,R,2026,170,427,139,32.55269320843091,73.34219666329047,12.259904240712535,59.28067537364706,14.713762303536873,76.96373153165408,-17.91083172989526,-11.725720753812245,6.4720061825821285,0.3057327418007151,43.98607269213801
R/L,174,Jacob Wilson,805779,R,2026,115,203,96,47.29064039408867,73.02035577171239,13.042007869883216,55.95791499641937,16.12688374924027,85.5908706298525,-19.37238352480819,-11.867285922334801,7.093582808917418,0.3459845541133856,43.98607269213801
R/L,175,Edmundo Sosa,624641,R,2026,128,268,131,48.88059701492538,72.88637976309484,13.430855516694356,54.115204610216495,16.880117729533225,,-20.182919454788962,-11.926216706875348,7.42490085503096,0.3669231805402279,43.98607269213801
R/L,176,Ozzie Albies,645277,S,2026,238,418,191,45.69377990430622,69.7214733765846,11.60670775598163,56.30225170225904,13.622204845235418,86.6404956053648,-19.220923331071837,-13.318334730683858,5.991872925497197,0.2740222916877565,43.98607269213801
R/L,177,Ceddanne Rafaela,678882,R,2026,147,289,128,44.29065743944637,69.48630133022144,13.82443540930767,46.72658588144368,17.68216697989935,84.71600342581219,-23.432882659771895,-13.421777677948745,7.777690821323753,0.3887430184467453,43.98607269213801
R/L,178,Ezequiel Tovar,678662,R,2026,146,298,126,42.281879194630875,67.71637189726601,12.361817127003468,50.776775614393614,14.890911208598398,64.76239027497523,-21.651363259667026,-14.20030012492807,6.5499270287358184,0.31083679636847095,43.98607269213801
R/L,179,Colby Thomas,687515,R,2026,104,202,82,40.5940594059406,59.056022492630845,14.378999707585532,25.511536702165614,18.88962845193525,,-32.76454961344197,-18.00964770944403,8.308805702143022,0.42055726993697595,43.98607269213801
L/R,1,Geraldo Perdomo,672695,S,2026,422,871,181,20.780711825487945,148.5726642484433,7.420207758520781,157.32587835161232,8.110195963381743,152.19333148585696,25.2154025231468,21.365207404828393,3.5673566919279356,0.16291524139029043,43.98607269213801
L/R,2,Steven Kwan,680757,L,2026,396,770,154,20.0,141.23781562230118,7.232016961721598,148.12945898252144,7.866263241344749,144.37689011073212,21.170258814384635,18.138895556275248,3.4600602674928327,0.15475634275510144,43.98607269213801
L/R,3,Trent Grisham,663757,L,2026,349,707,134,18.95332390381895,134.0040655203658,7.449503414683864,139.9779267009971,8.148491719570478,132.58987052108503,17.58471989951023,14.957052978070339,3.584201491083117,0.16420418924616295,43.98607269213801
L/R,4,Jakob Marsee,805300,L,2026,430,835,173,20.718562874251496,131.06513362990566,7.670323861187305,136.85470048884113,8.440060596137512,129.8730279142209,16.210935347491407,13.66433226036011,3.7124511890775427,0.17408325098061594,43.98607269213801
L/R,5,Kevin McGonigle,805808,L,2026,443,906,177,19.5364238410596,130.8173879970823,7.3754243325550215,136.03904900342906,8.051824533644327,129.3890842885782,15.852162292203538,13.555358686214841,3.5416813924121957,0.1609546800996642,43.98607269213801
L/R,6,Juan Soto,665742,L,2026,262,597,111,18.592964824120603,130.53154542969546,10.399932328728868,143.20825689170536,12.612048108468093,130.761474177736,19.005615285391254,13.429627766738989,5.547544648958192,0.3200299417752261,43.98607269213801
L/R,7,James Wood,695578,L,2026,367,867,167,19.261822376009228,130.17586242966672,9.950851361939616,141.19013561225893,11.834417717187417,121.98158950614,18.11792299239843,13.273176783792774,5.2054955797733165,0.29298815569946923,43.98607269213801
L/R,8,Luis Rengifo,650859,S,2026,219,452,122,26.991150442477874,129.56347337997144,9.296561910580783,138.48522713030175,10.775956864737774,115.98995292274144,16.92813998126895,13.003810891235108,4.739920219796993,0.2557256654285945,43.98607269213801
L/R,9,Jake Bauers,641343,L,2026,374,838,170,20.286396181384248,126.01450679759827,8.927809897638475,132.93311009071982,10.212994322852873,133.2379583870449,14.485981744285858,11.442759870492758,4.492295106893993,0.23584107946264332,43.98607269213801
L/R,10,Evan Carter,694497,L,2026,341,693,137,19.76911976911977,125.79200106021987,7.629392222295175,130.40996356801736,8.385619852078017,126.80958601257733,13.376148680680803,11.344888335105317,3.6885048438213923,0.1722302651796034,43.98607269213801
L/R,11,Luis Arráez,650333,L,2026,414,784,263,33.545918367346935,125.00163512547805,8.016146695847256,130.02680739232068,8.907569171481542,125.39632808491449,13.207613326714446,10.997237400515885,3.918089850870347,0.19013448736940153,43.98607269213801
L/R,12,Lars Nootbaar,663457,L,2026,229,451,90,19.955654101995567,124.93032939737597,10.154452490623093,134.29676237771017,12.181350637456621,126.12584306780842,15.085798830509438,10.965872811119251,5.358097746275885,0.3051002824770668,43.98607269213801
L/R,13,Isaac Collins,686555,S,2026,333,658,123,18.693009118541035,124.68149429856835,7.399918415320904,128.758214532179,8.083725127924916,119.53347073320242,12.649609149085258,10.856420023674172,3.55571321100168,0.16202552933483158,43.98607269213801
L/R,14,JJ Bleday,668709,L,2026,354,691,143,20.69464544138929,124.35619834996601,7.751792183495169,128.8453302230972,8.548966377638644,127.1724924299888,12.68792792021879,10.713335111257367,3.7603545652945716,0.1778008481199231,43.98607269213801
L/R,15,Jonathan Aranda,666018,L,2026,436,908,275,30.286343612334804,123.28557140194562,9.818782458035644,131.14348550682132,11.614068659468161,132.84060212386072,13.698796173895891,10.2424083636395,5.108572683068484,0.28526261678603776,43.98607269213801
L/R,16,Xavier Edwards,669364,S,2026,430,873,203,23.253150057273768,123.15469583678566,7.579751548266188,127.16033542329225,8.319839764700186,126.96165769426892,11.946764882717837,10.184841342411996,3.6595707667704276,0.1699963225240509,43.98607269213801
L/R,17,Adley Rutschman,668939,S,2026,240,540,142,26.296296296296294,122.34321044006487,11.711334927520294,135.14699613743633,15.193241472411636,128.36670942189707,15.459783270115688,9.827900785924303,6.682910238347041,0.4058283557052836,43.98607269213801
L/R,18,J. P. Crawford,641487,L,2026,289,618,122,19.741100323624593,121.89518748136925,8.817375684819972,127.36212311749577,10.048610161600465,138.58856677188678,12.035523364573987,9.630833081634982,4.419988970231147,0.23004260470106278,43.98607269213801
L/R,19,Bryson Stott,681082,L,2026,416,896,282,31.473214285714285,121.52787578931188,9.247593099700342,127.60201332516759,10.699898846377833,121.47796486086852,12.141041645701836,9.4692670937599,4.70646528455299,0.2530387364162507,43.98607269213801
L/R,20,Sam Antonacci,803011,L,2026,397,773,163,21.08667529107374,121.39900506773475,7.409722873751471,124.85194098534218,8.096511414345299,122.24664122779046,10.931392827219849,9.4125819244881,3.561337396241175,0.16245516243634284,43.98607269213801
L/R,21,JJ Wetherholt,802139,L,2026,374,756,158,20.8994708994709,119.52428302928948,8.453381143791148,123.79491153571766,9.519486589623572,127.94177222658898,10.466447085130703,8.587965325882038,4.187248291230154,0.21144162471418979,43.98607269213801
L/R,22,Víctor Caratini,605170,S,2026,233,459,110,23.965141612200437,118.68673325438309,9.10320251394189,123.58858258643099,10.477987045613336,115.3717788385427,10.37569108351254,8.21956007305887,4.608854998556286,0.24519860464371207,43.98607269213801
L/R,23,Nick Kurtz,701762,L,2026,270,664,149,22.439759036144576,118.50648573053405,10.812060547183947,126.39065454899178,13.368581461717136,122.34346446424462,11.608212493850548,8.140276266192853,5.880313959658586,0.3458967837567666,43.98607269213801
L/R,24,Bryce Eldridge,805811,L,2026,289,682,176,25.806451612903224,118.386252584192,10.781912949363873,126.14045361926465,13.311719096337576,122.02475250374113,11.49815893102437,8.087390427042795,5.8553024382882635,0.3439705239502772,43.98607269213801
L/R,25,Ian Happ,664023,S,2026,434,998,229,22.945891783567134,118.30084667805731,7.801108070181198,121.53000586675694,8.61525218847318,112.73460241098212,9.470204031173283,8.04982372308701,3.7895110902328235,0.18007033574218873,43.98607269213801
L/R,26,Edouard Julien,666397,L,2026,251,511,94,18.395303326810176,117.67079395494089,9.545722925386135,122.86597097049845,11.16949374615647,123.2619444381701,10.057842612846624,7.772688274298231,4.9130216385281935,0.2696169766515148,43.98607269213801
L/R,27,Cole Young,702284,L,2026,391,748,235,31.417112299465238,115.73067891013956,9.777369696300239,120.51647798053708,11.545705666865027,112.01720729171625,9.02439291838553,6.919307860380808,5.078502487447548,0.2828613822429516,43.98607269213801
L/R,28,Brice Turang,668930,L,2026,428,923,242,26.218851570964247,115.6539671842634,8.631447904098355,119.06337238347736,9.775968598401786,120.04738107877976,8.385228834169315,6.885565384873527,4.300064654053595,0.22044329456727246,43.98607269213801
L/R,29,Freddie Freeman,518692,L,2026,398,882,256,29.024943310657598,115.34390947049268,8.710469602075635,118.74442393742554,9.891226441170629,118.71878602212796,8.244935938838516,6.749183173506754,4.350762052557288,0.22449812837701758,43.98607269213801
L/R,30,Donovan Walton,622268,L,2026,197,395,115,29.11392405063291,115.12299373071198,10.43392118154688,120.60001634042487,12.672806513879088,,9.061138162091595,6.652011015618447,5.574269885328856,0.32212519104767084,43.98607269213801
L/R,31,Kyle Tucker,663656,L,2026,388,789,193,24.461343472750315,114.32737458104683,7.663106637341905,116.58387841663719,8.430448089954924,122.16431074567836,7.294596815517822,6.302049398094159,3.7082230251205326,0.17375580543261868,43.98607269213801
L/R,32,Shohei Ohtani,660271,L,2026,387,851,251,29.494712103407757,114.31719829664013,10.310277685891045,119.23621997632273,12.45311576895358,116.16492133244871,8.461257702004891,6.297573250237669,5.477636554568023,0.31453596431403824,43.98607269213801
L/R,33,Sal Frelick,686217,L,2026,259,479,117,24.4258872651357,114.2109629096955,8.55116982256004,117.14140279696383,9.659791240146568,110.63343540684733,7.539829894724685,6.2508444757114345,4.248962796799649,0.21636183123500877,43.98607269213801
L/R,34,Ben Rice,700250,L,2026,386,839,197,23.480333730631706,113.93682661504646,8.624270434418868,116.85442610842192,9.765544303451291,112.24946218026912,7.413600119893152,6.130262685871572,4.2954794160990275,0.2200768283076734,43.98607269213801
L/R,35,Vinnie Pasquantino,686469,L,2026,310,677,199,29.394387001477106,113.90167295346124,9.503813679494359,117.66001666898788,11.102515901708793,113.79810400141784,7.7679477694646994,6.114799970732752,4.883560715181812,0.26725473758495416,43.98607269213801
L/R,36,Drew Gilbert,687551,L,2026,309,618,147,23.78640776699029,113.51243849841316,8.749221078934141,116.41585615362837,9.948079679122277,111.43502032679116,7.220690420771782,5.943591020392452,4.375769559130534,0.22650008373888839,43.98607269213801
L/R,37,Corbin Carroll,682998,L,2026,412,903,272,30.121816168327797,113.05422708752587,9.16041545437681,116.17787899449331,10.565501653365608,113.25852314079836,7.1160136145639505,5.7420418161159015,4.64734923753844,0.2482903994876656,43.98607269213801
L/R,38,Garrett Mitchell,669003,L,2026,358,764,180,23.56020942408377,111.98479493784642,9.243823381482859,114.82304242405976,10.694060742310498,119.22351893435112,6.520074215833381,5.2716406133648,4.703897331854089,0.2528324794363393,43.98607269213801
L/R,39,Nasim Nuñez,683083,S,2026,325,635,164,25.826771653543307,111.95645884745547,8.044273792068612,113.93604057049495,8.946209713976186,115.53554032702388,6.129916935743753,5.259176680047329,3.935086307980677,0.19147111795970023,43.98607269213801
L/R,40,Taylor Walls,670764,S,2026,266,550,137,24.90909090909091,111.78977918578349,8.547443964455198,114.04921810881062,9.65442123636932,113.00442721097154,6.179699290018458,5.185860842901285,4.246600743034619,0.21617332887154653,43.98607269213801
L/R,41,Liam Hicks,689414,L,2026,395,778,200,25.70694087403599,111.77083789407077,8.383813983401673,113.91712436867115,9.42046660994644,114.21601692661964,6.12159644145895,5.177529312559695,4.14369329098963,0.2079758238372812,43.98607269213801
L/R,42,Yordan Álvarez,670541,L,2026,434,1005,276,27.46268656716418,111.71531759032727,10.027008536913854,115.15305769548164,11.963138366764442,111.32429239433009,6.665234973016167,5.153108111396185,5.262114738266059,0.2974899886390207,43.98607269213801
L/R,43,Elly De La Cruz,682829,S,2026,401,868,232,26.72811059907834,111.55343766512257,9.990576063234835,114.88794537370248,11.901406392065894,116.76133893235108,6.548622474442569,5.08190348982167,5.234961267000864,0.2953320955796615,43.98607269213801
L/R,44,Rafael Devers,646240,L,2026,405,890,255,28.651685393258425,111.15513555480267,9.435278089384614,113.85795153375143,10.99367768677583,104.66121771468173,6.095568635277156,4.906706034042035,4.835687058844574,0.26341408617791456,43.98607269213801
L/R,45,Colt Keith,690993,L,2026,376,713,176,24.684431977559605,110.84387760417064,8.743712087968005,112.96242162346026,9.939983845261459,111.46369370330028,5.701660197956646,4.769795885616972,4.37220851976348,0.22621493970920942,43.98607269213801
L/R,46,Chase DeLauter,800050,L,2026,344,691,139,20.11577424023155,110.76041519587724,8.222925473056307,112.55199422077706,9.193913260306568,116.02883799639936,5.521129302263962,4.73308405003443,4.044041369930563,0.20007014825993402,43.98607269213801
L/R,47,Oneil Cruz,665833,L,2026,245,591,181,30.62605752961083,109.9772853591484,12.33739980318332,115.20529377612962,16.641461307316693,106.84194017055265,6.688211573421512,4.388615990777054,7.319925267670341,0.4503776836384756,43.98607269213801
L/R,48,Dylan Beavers,687637,L,2026,244,506,127,25.09881422924901,109.93207242502241,9.241437298897885,112.0742226757609,10.690366702243432,116.16469617219326,5.310976363170801,4.36872859670615,4.702272468704913,0.25270197038401077,43.98607269213801
L/R,49,Masataka Yoshida,807799,L,2026,265,495,143,28.888888888888886,109.74902349623925,10.701119941175254,112.90169799218987,13.160556347680346,115.2183650053054,5.674950257364746,4.288212561829409,5.78881188178046,0.33883483209740345,43.98607269213801
L/R,50,Spencer Horwitz,687462,L,2026,327,688,170,24.709302325581394,109.72238159973263,8.597267285436262,111.4369279277137,9.726391561410615,113.182909148656,5.030655432031579,4.276493837865441,4.27825766252405,0.21870083625527775,43.98607269213801
L/R,51,Travis Bazzana,683953,L,2026,316,651,177,27.188940092165897,109.64901630640988,9.674056406093053,111.96662689339772,11.376639675630773,113.76523509868744,5.263649204126855,4.244223326613696,5.004136997645566,0.2769152135498242,43.98607269213801
L/R,52,José Ramírez,608070,S,2026,341,770,224,29.09090909090909,109.38974547439922,10.22694283564854,111.98575544651041,12.307083724287622,110.45278143290348,5.272063103403961,4.130180269975981,5.41340279324744,0.30947191517223477,43.98607269213801
L/R,53,Braden Montgomery,695731,S,2026,223,453,118,26.048565121412803,109.19901189953148,9.311484446495626,111.13204597250703,10.799216490656018,105.71821766636822,4.896549833589165,4.046284061086345,4.750151215761312,0.2565472892036901,43.98607269213801
L/R,54,Jung Hoo Lee,808982,L,2026,377,703,210,29.871977240398294,108.97849604508308,7.923471262951242,110.2062001221003,8.780924110273789,107.97015951815388,4.489306604812118,3.949287797050977,3.8623836621865015,0.1857635748242734,43.98607269213801
L/R,55,Josh Lowe,666139,L,2026,249,581,207,35.628227194492254,108.14114191378039,11.27344298402336,110.87968876289736,14.271867851941682,105.49522222192644,4.785547807926401,3.5809686001655585,6.277634167880943,0.37604752193803875,43.98607269213801
L/R,56,Chandler Simpson,802415,L,2026,373,597,162,27.1356783919598,107.8718647644289,6.200080692477846,108.42047328194286,6.585935548321389,103.4415588370662,3.703835498817446,3.462524157508498,2.8968943977420043,0.11374289276384685,43.98607269213801
L/R,57,Tyler Soderstrom,691016,L,2026,305,639,156,24.413145539906104,107.37186940093463,8.579086113716654,108.42275462384423,9.700088234614967,103.42474698341974,3.704838971524538,3.242595833464584,4.266687862079266,0.21777681402125215,43.98607269213801
L/R,58,Mike Yastrzemski,573262,L,2026,323,704,183,25.994318181818183,107.31471370618164,9.42327973782764,108.63955449875405,10.974711043856399,113.35966111933698,3.8002007220988365,3.2174552880228386,4.827344377502773,0.2627445722033663,43.98607269213801
L/R,59,Lawrence Butler,671732,L,2026,339,738,177,23.983739837398375,107.25695702217385,9.10631970935859,108.44690190196484,10.482741355312335,112.81555432298212,3.7154604108318403,3.1920503910106035,4.610946232676497,0.24536655934534746,43.98607269213801
L/R,60,Francisco Lindor,596019,S,2026,266,614,177,28.82736156351792,107.18203966136507,10.660520151397842,108.99821989912542,13.085256160145555,104.67240088989529,3.9579635458277354,3.159097186226222,5.755690286554091,0.3362686470848417,43.98607269213801
L/R,61,Alex Freeland,690976,S,2026,208,424,94,22.169811320754718,107.03180116331174,10.30124298409944,108.60377922264861,12.437205590777653,,3.784464583145287,3.0930131712609064,5.470638292030111,0.31398496197523135,43.98607269213801
L/R,62,Carlos Cortes,666126,L,2026,321,674,185,27.44807121661721,106.98803547111423,9.322266103893615,108.1617655313735,10.816045788189877,109.7314787249772,3.590040119591813,3.0737623620766956,4.757553762808131,0.2571417392844819,43.98607269213801
L/R,63,Nathan Lukes,664770,L,2026,324,645,215,33.33333333333333,106.63845830003045,9.885898532316126,107.87567924060077,11.725598879891077,104.68390053738224,3.464201995770282,2.9199970934886617,5.157630446897409,0.28917575817437474,43.98607269213801
L/R,64,Nolan Schanuel,694384,L,2026,326,659,192,29.1350531107739,106.45840885751826,8.385274746100997,107.21004731240514,9.422539144695492,108.50079721401136,3.171416651972066,2.8408004148234633,4.144604917630918,0.20804830392645574,43.98607269213801
L/R,65,Wade Meckler,685133,L,2026,235,431,97,22.505800464037122,106.37672769417541,8.858558754971627,107.21729099906112,10.109694564178113,,3.1746028652501557,2.8048720789396953,4.4468575999525095,0.232196530248744,43.98607269213801
L/R,66,Richie Palacios,680700,L,2026,303,668,209,31.2874251497006,106.08557407967743,10.078339137934579,107.1547658218366,12.050599484271233,105.25775427024016,3.1471004953452915,2.676805038420823,5.300585448989953,0.3005436264370233,43.98607269213801
L/R,67,TJ Rumfield,681198,L,2026,392,839,258,30.75089392133492,105.41537872754698,8.681281968090795,105.93717523260088,9.848549433531803,101.62571793619652,2.6115302136714336,2.3820124236533937,4.331990112954444,0.22299612191745422,43.98607269213801
L/R,68,Trevor Larnach,663616,L,2026,372,760,223,29.342105263157897,105.37349520023746,9.198617064020551,105.96673536558507,10.624237905686103,104.86535291019234,2.624532555253757,2.3635895048849944,4.67318500818077,0.25036560465093277,43.98607269213801
L/R,69,Joc Pederson,592626,L,2026,383,770,231,30.0,104.73319046141485,9.144124205680617,105.10662430845532,10.540527142542066,105.99636985546398,2.2462034804315456,2.0819445970152772,4.636363931053091,0.24740804566708244,43.98607269213801
L/R,70,Josh Bell,605137,S,2026,389,849,260,30.624263839811544,104.61786169865591,9.649800681236572,105.0060207424532,11.337247862017696,109.13329994021268,2.2019519227589743,2.0312160035931903,4.986810085874966,0.2755283374620026,43.98607269213801
L/R,71,Troy Johnston,687859,L,2026,315,616,217,35.22727272727273,104.06147709461169,10.298714153529932,104.27380365409924,12.432755733339526,102.03141525832328,1.8798783820113434,1.7864842672104317,5.46868097450268,0.31383082187564887,43.98607269213801
L/R,72,Jesús Sánchez,660821,L,2026,265,549,201,36.6120218579235,103.97963889968469,11.521730595264872,104.22700821381363,14.785967421162674,103.12299681324922,1.8592949056307069,1.7504868592999059,6.503766378108457,0.39279415634782455,43.98607269213801
L/R,73,Carson Benge,701807,L,2026,421,858,253,29.48717948717949,103.94936580243598,8.226062215138114,104.0375199052777,9.19829819490348,109.24476838993174,1.7759464404949918,1.7371709127379265,4.045970130449863,0.20022281610363502,43.98607269213801
L/R,74,Zach McKinstry,656716,L,2026,313,560,172,30.714285714285715,103.87574630452656,8.547300885945095,103.95255293497645,9.654215058832834,108.11815179249048,1.7385728071739786,1.7047885868719015,4.2465100536335445,0.21616609173748022,43.98607269213801
L/R,75,Matt Olson,621566,L,2026,367,835,224,26.82634730538922,103.40967105320665,10.690511869339845,103.31383332679611,13.140839348517419,110.5725625429336,1.4576251360208332,1.4997803880262628,5.780139148195947,0.33816338785721994,43.98607269213801
L/R,76,Alec Burleson,676475,L,2026,422,903,347,38.42746400885936,103.26804996466257,10.375639847482294,103.11417662360428,12.568794504822124,105.59177813735457,1.369803993420149,1.4374868330718655,5.528519087416507,0.31853661636421315,43.98607269213801
L/R,77,Pete Crow-Armstrong,691718,L,2026,439,957,347,36.25914315569488,103.20343151736506,10.457857921101413,103.01502342675346,12.715765318350936,104.58586706465556,1.3261903961767674,1.4090637158710544,5.593165776291516,0.3236048785488581,43.98607269213801
L/R,78,Max Muncy,571970,L,2026,374,808,194,24.00990099009901,103.11294103193224,7.730907650297506,103.00889586536316,8.520977837859187,101.46089251131122,1.3234951225693756,1.3692605051691071,3.748043505841711,0.17684409243293447,43.98607269213801
L/R,79,Munetaka Murakami,808959,L,2026,328,793,183,23.076923076923077,102.7308205148402,9.93987243860549,102.37289229182713,11.815962375006354,111.72812092914116,1.0437421283892192,1.2011806967494285,5.197377799545971,0.2923419959150069,43.98607269213801
L/R,80,Brandon Nimmo,607043,L,2026,411,785,227,28.9171974522293,102.64359703986605,8.336832020831604,102.39670543738276,9.35395951659892,108.52882582257448,1.0542165959036067,1.16281451564269,4.114439432564362,0.20565140817730757,43.98607269213801
L/R,81,TJ Friedl,670770,L,2026,227,435,106,24.367816091954023,102.55207015634294,10.540779590143107,102.04017369296665,12.86568332573779,,0.8973922836341882,1.122555434123366,5.659108819999304,0.3287570313802446,43.98607269213801
L/R,82,Bryce Harper,547180,L,2026,378,846,265,31.32387706855792,101.52233415314431,8.918937825621345,100.88362320426126,10.199718854502827,101.34247670718192,0.3886711449509569,0.6696150072193012,4.4864557497353195,0.23537257500350833,43.98607269213801
L/R,83,Austin Wells,669224,L,2026,250,531,148,27.87193973634652,101.49366854837042,9.727661142680462,100.6756433127271,11.46409917210899,98.61514450474978,0.2971889586757129,0.6570061334658146,5.042606995342652,0.279992535465567,43.98607269213801
L/R,84,A. J. Ewing,805999,L,2026,311,630,174,27.61904761904762,101.1683174011098,8.867367874640948,100.43186608383172,10.12279402530811,106.99447967522016,0.18996092956690824,0.5138969413270564,4.452619538447428,0.23265856117140754,43.98607269213801
L/R,85,Michael Busch,683737,L,2026,454,963,253,26.272066458982344,101.1394683231467,7.753153355307942,100.6077473223017,8.55079225729379,107.52611468458576,0.2673241789721512,0.501207364923195,3.7611576980469543,0.17786329529226352,43.98607269213801
L/R,86,Andrew Benintendi,643217,L,2026,384,762,247,32.414698162729664,100.6912113092479,8.46627583759616,99.90897831863258,9.537912414727213,100.53653491886438,-0.04003686293188036,0.3040367089420607,4.195353088054367,0.2120871781156689,43.98607269213801
L/R,87,Bryan Reynolds,668804,S,2026,418,841,199,23.662306777645657,100.00815525109793,7.578602450247305,99.27332918177008,8.318320208295626,101.74774948625898,-0.31963395433916614,0.0035871746761638734,3.65890237358572,0.1699447832013883,43.98607269213801
L/R,88,Jazz Chisholm,665862,L,2026,362,807,223,27.63320941759603,99.99221035464262,9.333762753702239,98.74017338771472,10.834013413592997,95.63192901827406,-0.5541482494747021,-0.0034263590693560664,4.765457015578998,0.25777636854700664,43.98607269213801
L/R,89,Cody Bellinger,641355,L,2026,316,649,194,29.892141756548536,99.49970960054998,8.326729819141127,98.44211959879246,9.339697034443748,103.39090434440888,-0.6852504057317212,-0.22005809877387628,4.108165926795885,0.20515331171385978,43.98607269213801
L/R,90,Jackson Holliday,702616,L,2026,246,474,130,27.42616033755274,99.26455438735647,9.359215520566885,97.74870728421831,10.873874662235878,110.75054566222518,-0.9902552504765403,-0.323493641788522,4.782990413383049,0.25918417543748573,43.98607269213801
L/R,91,Daylen Lile,695734,L,2026,439,880,326,37.04545454545455,99.19746119072835,9.767867578654094,97.46675171201198,11.530068207575752,94.21337773220915,-1.11427643342675,-0.35300530402884955,5.071624183237364,0.2823118528383853,43.98607269213801
L/R,92,Jorbit Vivas,678391,L,2026,286,549,157,28.59744990892532,98.09299585382009,8.677975468481614,96.51485413783075,9.843722597974143,104.55892595595046,-1.5329787923608034,-0.8388162299807846,4.329866977557323,0.2228262861315767,43.98607269213801
L/R,93,Justin Crawford,702222,L,2026,360,638,235,36.83385579937304,97.87519222541184,8.011683555408938,96.53365651969295,8.901446568932466,99.48549973383555,-1.5247083630070435,-0.9346194922985512,3.9153967584624594,0.189922824405801,43.98607269213801
L/R,94,Christian Yelich,592885,L,2026,328,709,167,23.554301833568406,97.69201455433031,8.765054569134028,95.9547098836812,9.97137302327873,100.23178453582872,-1.779364251171858,-1.0151921558562336,4.3860153864236215,0.22732062122000044,43.98607269213801
L/R,95,Drake Baldwin,686948,L,2026,340,727,249,34.25034387895461,97.29530576128018,10.202894951681882,94.49015878799784,12.26524104001829,99.14445371467134,-2.423562760732644,-1.1896887739433712,5.39499783972839,0.3080182266153019,43.98607269213801
L/R,96,CJ Abrams,682928,L,2026,410,888,310,34.909909909909906,97.07745672264646,9.744205022927982,94.53007583527292,11.49120503413836,96.74406714812876,-2.4060048193016743,-1.2855120104359228,5.054529799518722,0.28094571462752715,43.98607269213801
L/R,97,Brayan Rocchio,677587,S,2026,361,752,252,33.51063829787234,96.92051019789874,8.814156830763167,94.92757340928375,10.043846617310798,98.11472716855016,-2.2311612474477895,-1.3545466228992404,4.417893674177172,0.22987467754452073,43.98607269213801
L/R,98,Ketel Marte,606466,S,2026,409,816,249,30.514705882352942,96.71533890586629,8.96315516228981,94.5692839039754,10.266003812721161,97.99530054061276,-2.3887587297010198,-1.4447934165560272,4.515611899641189,0.23771216908954962,43.98607269213801
L/R,99,Tristan Peters,671976,L,2026,378,669,220,32.884902840059794,96.58162709488,8.860440187244537,94.45881515419713,10.112491325022095,98.58331675423548,-2.437349594280589,-1.5036079909344284,4.448087785210369,0.2322951712239646,43.98607269213801
L/R,100,Michael Conforto,624424,L,2026,256,543,150,27.624309392265197,96.48161698278236,10.4930986220894,93.04323189870098,12.779268696130561,,-3.060009074060857,-1.5475985115411939,5.621098418203626,0.32578950898692227,43.98607269213801
L/R,101,Jeff McNeil,643446,L,2026,361,629,228,36.248012718600954,96.4057935356379,9.189858577453572,94.0100628942491,10.610749898888741,97.4342651442547,-2.634738089548937,-1.5809502681198397,4.667252163706162,0.24988905914011295,43.98607269213801
L/R,102,Ozzie Albies,645277,S,2026,377,825,292,35.39393939393939,96.32931779864141,8.80382603616867,94.16651084004732,10.028568709824423,86.6404956053648,-2.5659227823847743,-1.6145889413869612,4.411173522684378,0.2293361356477195,43.98607269213801
L/R,103,Leody Taveras,665750,S,2026,301,612,188,30.718954248366014,96.31874146353684,9.321346320444405,93.79994516399647,10.814609292234792,96.73794748064095,-2.7271606271169313,-1.6192410558342205,4.756921904653107,0.25709099989442996,43.98607269213801
L/R,104,Wilyer Abreu,677800,L,2026,434,912,285,31.25,95.51583215557982,8.542749399995518,93.290164124557,9.64765781250398,108.34304695687705,-2.951393285695518,-1.9724093276841383,4.243625778496732,0.21593593370690767,43.98607269213801
L/R,105,Ryan O'Hearn,656811,L,2026,277,590,179,30.338983050847457,95.26637553071602,11.06952741632132,90.52785281184708,13.86473773174939,95.40536533074768,-4.16642554768725,-2.082135500032086,6.098553617261572,0.36256656012027383,43.98607269213801
L/R,106,Carter Jensen,695600,L,2026,388,880,225,25.568181818181817,95.19059783827807,9.203031145647264,92.3793205621942,10.631040436832109,102.30029322047584,-3.3520375971480756,-2.1154671309122675,4.676177174475558,0.25060594499005256,43.98607269213801
L/R,107,Gunnar Henderson,683002,L,2026,437,916,281,30.67685589519651,94.89412889837575,7.927050236563757,92.90635794084416,8.785796026977732,93.33348859688412,-3.120214552660364,-2.2458721743273107,3.8645266270093983,0.18593142880208735,43.98607269213801
L/R,108,Kyle Schwarber,656941,L,2026,391,908,254,27.973568281938327,94.74842265485651,10.041784793126645,90.9854861836139,11.988256802803411,105.2856919139863,-3.9651306001184157,-2.309962628518668,5.273163351801288,0.29836742425574286,43.98607269213801
L/R,109,Nathaniel Lowe,663993,L,2026,347,743,199,26.783310901749662,94.70183151857033,9.050357765161413,91.85629528659254,10.397629104572287,95.21368075289509,-3.582095875072478,-2.3304562395936,4.573508696196065,0.24236007630124548,43.98607269213801
L/R,110,Dominic Canzone,686527,L,2026,351,697,259,37.15925394548063,94.60687764708395,10.087644397641077,90.73367198286296,12.066515932676722,101.8158386243958,-4.075893777509848,-2.3722227185295974,5.307586469555598,0.30109886227821686,43.98607269213801
L/R,111,Brooks Lee,686797,S,2026,382,724,244,33.70165745856354,94.11254443018825,8.08207653744757,91.84020431049878,8.9982940200537,89.71532522728808,-3.589173663513952,-2.5896604866547266,3.957996148713128,0.19327492059467227,43.98607269213801
L/R,112,Kody Clemens,665019,L,2026,383,762,256,33.59580052493438,93.86607144395174,10.244681647925567,89.48291999497822,12.338033647281849,93.17130819087852,-4.626050456099194,-2.698074273547199,5.42701644887384,0.31054641519753584,43.98607269213801
L/R,113,Jared Young,676724,L,2026,253,529,144,27.22117202268431,93.81960972536325,9.008359226271926,90.72997422885776,10.334084940127266,95.0377537330228,-4.077520274274554,-2.7185109588595484,4.545558113831666,0.2401159326186567,43.98607269213801
L/R,114,Taylor Trammell,666211,L,2026,213,410,119,29.024390243902438,93.75657747923434,10.646990748752327,88.78999592446353,13.060260092861206,,-4.930840541457106,-2.7462363684612976,5.7446954982282215,0.33541566300231807,43.98607269213801
L/R,115,Cal Raleigh,663728,S,2026,298,731,252,34.47332421340629,93.49045564856708,11.658235202236316,86.69183553901743,15.077838837756303,92.5730686016556,-5.853738893797069,-2.863292910348248,6.632149151578904,0.40215661009950365,43.98607269213801
L/R,116,David Hamilton,666152,L,2026,283,574,161,28.04878048780488,93.43759066635266,9.161729697520832,90.08056766109125,10.567518307626214,93.81397395334524,-4.363168719239848,-2.886546139853771,4.648236284547458,0.24836164895554824,43.98607269213801
L/R,117,Colton Cowser,681297,L,2026,297,656,194,29.573170731707314,93.31429936123385,9.346913075336508,89.72942399747649,10.854593787524466,94.52790451018922,-4.517623026371274,-2.9407771429464127,4.774509513816808,0.2585032415599368,43.98607269213801
L/R,118,Samuel Basallo,694212,L,2026,278,596,231,38.758389261744966,93.25405617594927,11.252769375042753,87.0568906255789,14.229991368550701,79.64136457954228,-5.693165498055796,-2.9672757542177495,6.259214347455676,0.3746695700395996,43.98607269213801
L/R,119,Daulton Varsho,662139,L,2026,365,744,267,35.88709677419355,93.2240886132929,9.589911968827362,89.34607668295381,11.240468726247915,94.6004506733443,-4.686242454800579,-2.980457308111838,4.944240744864447,0.27211897525130113,43.98607269213801
L/R,120,Brett Baty,683146,L,2026,349,675,209,30.962962962962965,92.92737193810771,8.532496108339954,89.99781170529877,9.632896641835906,97.37046908403464,-4.399569814111804,-3.110971320548497,4.237132919236463,0.21541789781168066,43.98607269213801
L/R,121,Michael Massey,686681,L,2026,304,588,227,38.605442176870746,92.83323796028577,10.470731663619668,87.66468326478454,12.738927963236282,91.8741944389432,-5.425821385957339,-3.15237716046125,5.603354114108207,0.32440209153758803,43.98607269213801
L/R,122,Corey Seager,608369,L,2026,242,505,138,27.32673267326733,92.6604808830391,10.4448500681962,87.4472623752716,12.69240290910275,90.8505850205842,-5.521456296466386,-3.22836621403979,5.582889569976975,0.32280035686033565,43.98607269213801
L/R,123,Riley Greene,682985,L,2026,355,770,208,27.01298701298701,92.62792385848479,10.111185896552197,87.87049004672973,12.106868071869082,101.92273072100026,-5.335295065245577,-3.24268677052664,5.325335790833582,0.3025058487361598,43.98607269213801
L/R,124,Marcelo Mayer,691785,L,2026,210,411,121,29.44038929440389,91.76799195683584,10.18631777665017,86.52717138956034,12.236473814847448,,-5.926168186275156,-3.6209370418888325,5.382344267153232,0.3070181332047424,43.98607269213801
L/R,125,Josh Naylor,647304,L,2026,388,700,274,39.14285714285714,91.5889576562399,9.308238233403243,87.44907871761629,10.794153365660744,95.4701730820574,-5.5206573588023184,-3.6996871994928293,4.747924145920396,0.2563684429616637,43.98607269213801
L/R,126,Nolan Gorman,669357,L,2026,232,501,160,31.936127744510976,90.65238684460351,12.537607524259132,79.3961195087874,17.142882335117978,91.43944565455234,-9.062837850266016,-4.1116479175125535,7.540480685452679,0.46511348047446094,43.98607269213801
L/R,127,Joe Mack,691788,L,2026,232,459,125,27.233115468409586,90.3751191453895,9.784801075614372,85.1488452202209,11.55794788641536,93.31839505861412,-6.532439737055559,-4.233607089240648,5.083887359038088,0.28329152841341243,43.98607269213801
L/R,128,Nathan Church,701675,L,2026,324,657,285,43.37899543378995,90.13744696150738,9.940688105591427,84.57575560397278,11.817332625082903,93.7906154793336,-6.784519352249557,-4.338149748812027,5.197980518740707,0.2923899771139432,43.98607269213801
L/R,129,Willi Castro,650489,S,2026,311,702,239,34.04558404558404,90.10803144582502,11.299423797698337,81.91797990601471,14.32469195729556,82.94673028011502,-7.953570502747371,-4.351088478922843,6.300869417260872,0.37778279990503255,43.98607269213801
L/R,130,Dominic Smith,642086,L,2026,252,516,166,32.17054263565892,89.65531563316057,9.448597267300181,84.65033286905305,11.014762583374251,93.7856770252302,-6.751715742219539,-4.550220385370232,4.8449614767894165,0.26415830068426466,43.98607269213801
L/R,131,Jac Caglianone,695506,L,2026,353,703,257,36.55761024182077,89.37302126594618,9.55628791295683,84.1062919406406,11.1864296873437,80.1016694632093,-6.99101798046602,-4.67439059093896,4.920471093929907,0.27021411871330364,43.98607269213801
L/R,132,Jackson Merrill,701538,L,2026,426,911,342,37.54116355653128,89.28169841221316,10.403425403955504,82.5373865705603,12.618279374043832,90.1670819207407,-7.681117837020398,-4.7145599277665,5.550285537963977,0.32024495786598,43.98607269213801
L/R,133,Brandon Marsh,669016,L,2026,398,777,269,34.62033462033462,89.08232268941904,8.674305843146957,84.92522497589096,9.838367522343864,84.76449021663592,-6.6308015002808665,-4.802257478125197,4.327511490097869,0.2226378744216945,43.98607269213801
L/R,134,Ryan McMahon,641857,L,2026,261,532,155,29.135338345864664,89.05076376523934,9.832783709672388,83.22183391155335,11.637259593261435,91.47179360244763,-7.380056332071792,-4.816139009455737,5.118773464064779,0.2860767465166268,43.98607269213801
L/R,135,Patrick Bailey,672275,S,2026,253,497,159,31.991951710261567,88.33224944585437,9.419166370853775,82.89852002191006,10.968214697421462,90.45704873678804,-7.522269414594066,-5.13218524028383,4.824486889837569,0.26251524037984925,43.98607269213801
L/R,136,Moisés Ballesteros,694208,L,2026,251,555,198,35.67567567567568,88.28206902909902,10.662815776330966,80.51785153031649,13.089502194626412,85.87264266692064,-8.56943198786524,-5.15425763487506,5.7575579503673735,0.336413486134831,43.98607269213801
L/R,137,Luis García,671277,L,2026,408,828,315,38.04347826086957,87.25475561847453,10.091683078219829,80.20605617820041,12.073429915230706,89.65010318986681,-8.706578518097723,-5.606132458448429,5.310627658947714,0.30134000590029747,43.98607269213801
L/R,138,Daniel Schneemann,682177,L,2026,216,442,157,35.52036199095023,87.1779684027268,11.088454908521802,77.78858661674865,13.901983360137367,88.55283973372923,-9.769928436708211,-5.639908138985492,6.114936506438952,0.36380750609084905,43.98607269213801
L/R,139,Jake Cronenworth,630105,L,2026,279,605,168,27.768595041322314,86.94745588174906,9.33403034278248,81.16449203143704,10.834431891665592,88.15274756959275,-8.28500022698555,-5.741301544027238,4.76564108764821,0.2577911491091342,43.98607269213801
L/R,140,Cedric Mullins,656775,L,2026,355,731,221,30.23255813953488,86.879927844764,9.107115105501233,81.4430908835877,10.483954738331187,86.20916389378873,-8.162455533359099,-5.771004475463066,4.611479952213203,0.24540942455201664,43.98607269213801
L/R,141,Jake Mangum,663968,S,2026,311,605,268,44.29752066115702,86.4512055462668,9.130082094661606,80.83755805493368,10.519035752853924,88.50603196130514,-8.428805643545617,-5.959582577327444,4.626910712762314,0.2466487682002907,43.98607269213801
L/R,142,Griffin Conine,665052,L,2026,208,454,136,29.955947136563875,86.08354575138492,11.095598391282191,76.04801202266256,13.91606869949622,,-10.535538842923799,-6.12130168196396,6.121132094048272,0.3642764063650376,43.98607269213801
L/R,143,Brandon Lowe,664040,L,2026,406,898,275,30.62360801781737,86.00344948804921,8.990236676101182,80.47335361032847,10.30675210357288,82.26668394763581,-8.589004875297663,-6.156532882578485,4.53353547247603,0.23915079882407855,43.98607269213801
L/R,144,Kyle Manzardo,700932,L,2026,282,613,183,29.853181076672104,84.8364552303648,9.943781834991498,77.07753094243452,11.822531090431953,90.17409036980652,-10.082693902493594,-6.669847825076626,5.200267119488015,0.2925719999717849,43.98607269213801
L/R,145,Jake McCarthy,664983,L,2026,370,678,251,37.02064896755162,84.50241889097933,9.289360541766095,77.95526205139132,10.764745920515564,88.41347223126438,-9.696614458866351,-6.816777292136884,4.734988965721937,0.2553296348136315,43.98607269213801
L/R,146,Gavin Sheets,657757,L,2026,340,811,254,31.319358816276203,84.17935184469177,9.562127150434096,76.97754002944255,11.19579905753512,86.895338815903,-10.126675978167775,-6.9588817979612685,4.9245923119131,0.27054444079720225,43.98607269213801
L/R,147,José Tena,677588,L,2026,256,542,161,29.704797047970477,83.42331816553194,10.580979482335556,73.42975250959486,12.938986995459365,85.38202524496728,-11.687208375610583,-7.291431321653557,5.691352225449039,0.331269406932112,43.98607269213801
L/R,148,Ildemaro Vargas,545121,S,2026,304,558,222,39.784946236559136,83.21388594965653,8.483338496797481,77.69905013992607,9.56232890730955,94.53465722393037,-9.809312016489365,-7.383552328369271,4.206092944230504,0.2129429068653703,43.98607269213801
L/R,149,Kyle Stowers,669065,L,2026,346,715,241,33.70629370629371,81.57264925419045,9.736304754684614,72.98668416136177,11.478254339249252,81.53426149384018,-11.882096741340241,-8.105467894287028,5.048833297450662,0.28049033694695596,43.98607269213801
L/R,150,Owen Caissie,683357,L,2026,283,617,188,30.47001620745543,81.40199428493199,9.98772746887319,72.10730988403365,11.896591616558373,81.09965737178986,-12.268898950201752,-8.180532313117801,5.232843436346162,0.29516370460791663,43.98607269213801
L/R,151,Kerry Carpenter,681481,L,2026,231,498,185,37.148594377510044,78.91101696326615,11.230832921466051,64.21206898126272,14.185707812283814,,-15.741705352913984,-9.276215408570405,6.239735750205459,0.3732102118564122,43.98607269213801
L/R,152,Angel Martínez,682657,S,2026,241,478,206,43.09623430962343,77.22112075526887,11.000047025508122,62.51106178171101,13.728938707381698,92.85700383939556,-16.489911616207305,-10.019534383041774,6.038820959687986,0.35802938233298,43.98607269213801
L/R,153,Andrés Giménez,665926,L,2026,331,663,287,43.288084464555055,76.60622790349841,9.043190652449667,67.99015461817825,10.386765223249524,69.20334927591531,-14.079873858289094,-10.290001599800286,4.568730101460247,0.24197637120538498,43.98607269213801
L/R,154,Kyle Isbel,664728,L,2026,217,415,147,35.42168674698795,74.71653079842721,10.377817274742556,61.20849592468865,12.572665688527008,,-17.06285918094013,-11.121205142098134,5.530221869094984,0.31867032630409925,43.98607269213801
L/R,155,Michael Harris,671739,L,2026,356,730,326,44.657534246575345,68.41057278153181,10.199332568137905,52.763913716176056,12.25905379273264,75.44948531999246,-20.777299249723832,-13.894948419345447,5.392276312639681,0.3078031724552535,43.98607269213801
L/R,156,Colson Montgomery,695657,L,2026,399,829,275,33.17249698431846,62.26144901245233,8.38156367014578,51.414532719187356,9.417274414944623,69.92020191710391,-21.370838955953175,-16.599706470342284,4.1422891697756565,0.20786419255718702,43.98607269213801
L/R,157,Luke Raley,670042,L,2026,257,543,187,34.43830570902394,62.18252246684152,8.896401220725405,49.51799741807128,10.166051595152041,64.02970455445222,-22.205050352134155,-16.63442315806805,4.471646844563832,0.23418458668990966,43.98607269213801
L/R,158,Mickey Moniak,666160,L,2026,306,582,246,42.2680412371134,60.38211588273803,8.92678506189651,47.04871156611486,10.21146021584126,54.63125753641375,-23.291192221952382,-17.42635130690585,4.491620313468689,0.23578693751787033,43.98607269213801
L/R,159,Jarren Duran,680776,L,2026,433,853,307,35.990621336459554,58.57321773509713,8.169776867987455,47.49308378704185,9.119805322564948,67.00635785698633,-23.09573033383177,-18.22201456105391,4.01144419856489,0.19749221298425013,43.98607269213801
