matchup,rank,player,batter,bats,game_year,plate_appearances,opportunities,chases,chase_rate,xchase_plus,xchase_plus_posterior_sd,xchase_plus_raw,xchase_plus_se,overall_xchase_plus,runs_saved_per_600_pa,runs_saved_shrunk,standard_error_per_600_pa,shrinkage_factor,league_chase_cost_per_600_pa
R/R,1,Ha-Seong Kim,673490,R,2023,436,899,173,19.243604004449388,158.40220065094013,8.785931785125667,166.88301180131026,9.446850783445614,148.43261106176558,25.416111399128848,22.193331276829422,3.5898833712254823,0.13502900820535885,38.00084762126538
R/R,2,Alex Bregman,608324,R,2023,506,1020,174,17.058823529411764,155.046492366223,7.966995640067356,161.41261539371493,8.449889741843455,146.9537996699193,23.337314395999375,20.918133684939875,3.211029724962866,0.11103006209028624,38.00084762126538
R/R,3,Will Smith,669257,R,2023,404,837,210,25.089605734767023,150.50916415596046,9.547446962608443,159.3175003090013,10.413713178896646,143.98755882192597,22.541152905167205,19.193910505681327,3.9572992768281456,0.159450517339746,38.00084762126538
R/R,4,Andrew McCutchen,457705,R,2023,311,661,116,17.549167927382754,146.07284493616677,9.175194116342912,153.32529502985503,9.9358882331097,139.6005019911516,20.26406410788541,17.508071598974617,3.7757217472832543,0.14725903363458795,38.00084762126538
R/R,5,Mookie Betts,605141,R,2023,508,1015,181,17.832512315270936,144.64951541577648,7.703435461126421,149.3491496537788,8.137355858156104,139.95223028023554,18.753095162322687,16.967194316782614,3.092264200058013,0.10380548945644523,38.00084762126538
R/R,6,Maikel García,672580,R,2023,400,734,141,19.20980926430518,143.89988767915486,9.09018851790888,150.6288196988604,9.828196015785508,136.28947362105848,19.23938062620914,16.682329422862296,3.734797791877926,0.14454304638174825,38.00084762126538
R/R,7,Connor Joe,656582,R,2023,278,591,123,20.812182741116754,140.31617537997818,9.251751910428364,146.6978541006096,10.033321273557618,139.77028860513894,17.745580379173475,15.320488372867613,3.8127471285166337,0.14972674407651007,38.00084762126538
R/R,8,Jonathan India,663697,R,2023,393,796,158,19.849246231155778,136.77867557115115,9.154115597774181,142.3957541791625,9.909136233950113,124.61851312076156,16.110745943509787,13.976208460912702,3.7655557608469774,0.1465832033981975,38.00084762126538
R/R,9,Seiya Suzuki,673548,R,2023,417,828,160,19.32367149758454,135.3625831122814,9.097839475772718,140.65941166518238,9.837867903613608,127.35672683392228,15.450921070588954,13.438081323441384,3.7384731912335822,0.1447864644703227,38.00084762126538
R/R,10,Alex Call,669743,R,2023,278,594,122,20.53872053872054,133.71350259486547,10.102616363996312,140.1548303355864,11.146508988655276,131.39661397494515,15.25917588840384,12.811416748866183,4.23576789586954,0.1785332646553932,38.00084762126538
R/R,11,Mark Canha,592192,R,2023,341,664,161,24.246987951807228,133.51587991126223,9.828646788646896,139.50232251692609,10.781727558751719,127.7883004124696,15.011217386517888,12.736318454005058,4.097147860541217,0.16898139068952536,38.00084762126538
R/R,12,Wilmer Flores,527038,R,2023,272,587,164,27.938671209540033,133.39815784429538,11.44875139808913,142.1212828373369,13.040974142729693,127.02037828231111,16.006444507138607,12.691583070720384,4.95568071230733,0.22928079230437415,38.00084762126538
R/R,13,Ronald Acuña,660670,R,2023,586,1110,250,22.52252252252252,133.22699967384474,8.654889621254561,137.62270357135472,9.284519327098481,127.31384981902254,14.296946255150871,12.626541515176084,3.528196041857628,0.13103113133260347,38.00084762126538
R/R,14,Justin Turner,457759,R,2023,460,967,247,25.542916235780766,132.0456624165275,8.505818109106041,136.0983282395236,9.101199226970213,126.65368942926165,13.717670708125574,12.177623344129728,3.458532849948733,0.12655625255141684,38.00084762126538
R/R,15,Alejandro Kirk,672386,R,2023,294,604,166,27.483443708609272,130.6411152379162,12.534577376984714,140.7092815941344,14.719431820877382,117.92579415792598,15.469872066298851,11.643883511016865,5.593508856967662,0.2748342254066379,38.00084762126538
R/R,16,Paul Goldschmidt,502671,R,2023,517,1084,281,25.92250922509225,130.06498247028796,9.53367731323291,134.9782022098449,10.395852422091599,131.07904048176638,13.292013322421246,11.424948175894276,3.9505120378506544,0.15899091919647995,38.00084762126538
R/R,17,Matt Chapman,656305,R,2023,468,965,182,18.860103626943005,129.6857295373709,9.185963502689203,134.12049106192416,9.949568588691031,121.67150950977174,12.966075816069269,11.280828846757274,3.7809203983617627,0.1476049271655853,38.00084762126538
R/R,18,Aaron Judge,592450,R,2023,378,850,164,19.294117647058822,127.90596859888107,9.632297353523983,132.5228686644501,10.524098708497798,119.6752824195,12.35896576324195,10.604504604498961,3.999246713727806,0.16229725918016444,38.00084762126538
R/R,19,Mike Trout,545361,R,2023,265,576,105,18.229166666666664,126.75709888790745,12.228693039926995,134.7920024662364,14.230807817135815,126.4727328011262,13.221255841581392,10.167924376265002,5.407827593864903,0.2615842014587671,38.00084762126538
R/R,20,George Springer,543807,R,2023,535,920,216,23.47826086956522,125.96618105229793,7.89046569932432,128.6415851792364,8.358746902783663,119.40875774640084,10.884045140276552,9.867368894745617,3.176394673574059,0.10890722600220813,38.00084762126538
R/R,21,Marcus Semien,543760,R,2023,542,1045,230,22.00956937799043,125.07187586220586,7.089161160968118,127.09556700251807,7.422943233852785,124.7798311854836,10.296545128744752,9.527525342189662,2.820781347309426,0.08791057539511937,38.00084762126538
R/R,22,Sean Murphy,669221,R,2023,334,649,149,22.95839753466872,124.96674654018372,9.575577960591083,128.95759399204903,10.450247822023226,121.07934673613408,11.004131167703248,9.48757530872276,3.9711827508916504,0.16039152499028203,38.00084762126538
R/R,23,Jorge Soler,624585,R,2023,442,984,255,25.914634146341463,124.53628482228315,12.032486096461582,131.4754882058893,13.924188936784368,116.123465028335,11.960952311169345,9.323996207235487,5.29130982036452,0.25325740976054134,38.00084762126538
R/R,24,Yandy Díaz,650490,R,2023,461,864,173,20.02314814814815,124.22952011781165,8.818131685398459,127.40243847899863,9.486912132593135,122.6507423015592,10.413158890915263,9.207423019333445,3.6051070234700546,0.13602056792506223,38.00084762126538
R/R,25,Gleyber Torres,650402,R,2023,544,1100,296,26.90909090909091,124.1850604990846,8.476336159861706,127.07571498392383,9.065110035803352,117.63176617360703,10.289001193409014,9.190527987367982,3.444818651405668,0.12568046170920394,38.00084762126538
R/R,26,Xander Bogaerts,593428,R,2023,491,952,250,26.260504201680675,123.20777859584271,9.255303228625753,126.57983980444273,10.03785124902116,114.0655774796442,10.100564422062723,8.819152580486827,3.814468557589815,0.1498417124346638,38.00084762126538
R/R,27,Tommy Pham,502054,R,2023,304,601,128,21.29783693843594,121.99360677832153,10.276868606918972,126.05399250361519,11.381882732991436,114.88059146935748,9.900737990554715,8.357756998250261,4.325211913795191,0.18474514390348434,38.00084762126538
R/R,28,Spencer Steer,668715,R,2023,485,955,220,23.036649214659686,121.07607108033882,8.995174787550079,123.87897342406461,9.708427001499901,112.33829782413548,9.074212304401252,8.009085655789134,3.6892845512617614,0.14153721211929968,38.00084762126538
R/R,29,Chris Taylor,621035,R,2023,223,441,103,23.356009070294785,119.7757404856624,11.907257136455009,124.95378655545957,13.731141382854359,122.35355458652327,9.482650404675999,7.514949007933451,5.217950113558996,0.24801325275487648,38.00084762126538
R/R,30,DJ LeMahieu,518934,R,2023,450,839,200,23.837902264600714,119.67703088819232,9.817666856227664,122.84092681113391,10.767238651015942,116.09727967287624,8.679745792783748,7.477438524211283,4.0916419527905585,0.16860405128145173,38.00084762126538
R/R,31,Jon Berti,542932,R,2023,296,505,101,20.0,118.96983730268532,9.214313056533454,121.56770714248506,9.985620932517094,111.69093940627988,8.19591152661652,7.208698967395408,3.794620594603,0.14851740432605118,38.00084762126538
R/R,32,Zach Neto,687263,R,2023,261,495,118,23.83838383838384,118.75445896353456,11.35823460142456,123.03241777477702,12.907664979190626,103.07284223121796,8.752513982086255,7.126853372925513,4.905022100205665,0.22566961763169158,38.00084762126538
R/R,33,Myles Straw,664702,R,2023,371,648,152,23.456790123456788,118.28622542159792,8.743592165682083,120.47998442664462,9.39427863967386,119.63628299588557,7.782567674828099,6.948920658142515,3.569905510979546,0.13373072781929154,38.00084762126538
R/R,34,Mitch Garver,641598,R,2023,261,525,99,18.857142857142858,118.08677696555074,11.263980437680868,122.08340755781754,12.76983508145859,119.46640699581248,8.391882055629246,6.873128554277063,4.852645570791968,0.22193980432034435,38.00084762126538
R/R,35,Dansby Swanson,621020,R,2023,478,942,222,23.56687898089172,118.07988531990802,8.265897887710322,119.98082836387806,8.809062095082837,110.8113763964133,7.592884140023873,6.870509670517776,3.3475182636150764,0.11951749871781922,38.00084762126538
R/R,36,Matt McLain,680574,R,2023,300,627,167,26.6347687400319,117.84544064161203,12.534530111355654,123.06405563099162,14.719355280858798,114.25545738750296,8.764536635617006,6.78141870556235,5.59347977111183,0.27483215271002137,38.00084762126538
R/R,37,Eugenio Suárez,553993,R,2023,537,1116,270,24.193548387096776,117.52649847190382,7.792411579253285,119.12499542417538,8.242442134161168,113.62774652581312,7.267660368714865,6.660217977651578,3.1321978756735596,0.10621728339206771,38.00084762126538
R/R,38,Andruw Monasterio,655316,R,2023,222,444,91,20.495495495495494,117.44178103604514,11.107325597288963,121.12013415988824,12.542921281892736,114.92563848420026,8.025829999505945,6.628024633942275,4.766416403587325,0.21580943581959927,38.00084762126538
R/R,39,Randy Arozarena,668227,R,2023,514,1092,296,27.106227106227106,117.0706140970928,10.625712175612327,120.26874710228957,11.861389813303171,112.58594259309872,7.702295701080699,6.486978051050481,4.507428668717632,0.19750019065902277,38.00084762126538
R/R,40,Taylor Ward,621493,R,2023,293,604,140,23.178807947019866,116.75644545443905,10.962746513922689,120.13191082459144,12.335832223625836,115.3324754856362,7.650296755702025,6.367591303881832,4.687720806115006,0.2102278109781358,38.00084762126538
R/R,41,Alec Bohm,664761,R,2023,442,786,220,27.989821882951656,113.97721997249839,8.979512981420726,115.60310196321699,9.688744840355287,106.13129984154614,5.9293110012327555,5.311462063438182,3.6818051631966244,0.14104477064531887,38.00084762126538
R/R,42,Bobby Witt,677951,R,2023,546,1061,314,29.594721960414706,113.55313987096899,8.62078888582138,114.96931924120814,9.242459149350108,112.86190885830878,5.688468194792266,5.15030803026389,3.5122128178022347,0.13000062590765227,38.00084762126538
R/R,43,Nico Hoerner,663538,R,2023,502,906,271,29.911699779249446,111.16812067770708,7.837225424385264,112.02187978620007,8.295531879130296,108.8302737447785,4.568416218765595,4.2439805208945,3.152372428761796,0.1074424990106001,38.00084762126538
R/R,44,Anthony Volpe,683011,R,2023,465,894,260,29.082774049217004,110.54085650942504,9.719875262819254,111.82083504132491,10.638626936358232,107.11963244876702,4.492017511615025,4.005614820122844,4.042768411080385,0.16526192486202568,38.00084762126538
R/R,45,Spencer Torkelson,679529,R,2023,521,1049,254,24.21353670162059,110.5148270425149,8.494822853792384,111.44505768906939,9.087733463977466,107.91014271835184,4.349218932589175,3.9957234020656927,3.453415745872819,0.12622927191291872,38.00084762126538
R/R,46,Gabriel Moreno,672515,R,2023,264,512,132,25.78125,109.953012094005,12.087432041572088,111.97081561944286,14.009536502548505,101.54928970883746,4.549011402567116,3.782228959568956,5.323742618779008,0.2555756738138045,38.00084762126538
R/R,47,Jake Rogers,668670,R,2023,256,454,98,21.58590308370044,109.83538871567403,10.158049709783851,111.10398141725716,11.221096351681279,102.11754777243526,4.219607058265518,3.7375310788024168,4.264111726037772,0.18049787413171509,38.00084762126538
R/R,48,Isiah Kiner-Falefa,643396,R,2023,273,510,146,28.627450980392155,109.54003706921166,9.851572479818778,110.65742293784737,10.812011728397753,110.60987102608183,4.049911050965162,3.625294949683356,4.108656101701771,0.1697706210696102,38.00084762126538
R/R,49,J. D. Davis,605204,R,2023,387,737,197,26.72998643147897,109.16016678803608,9.410962960466758,110.0922843744284,10.237319512670565,99.07908067697822,3.835153606631316,3.480941022975349,3.8902681885120094,0.15492430335618979,38.00084762126538
R/R,50,Isaac Paredes,670623,R,2023,434,949,278,29.29399367755532,108.67212503171596,9.747748232304629,109.58839951947002,10.675205638864151,109.75787184624348,3.643673090711941,3.295481018827997,4.056668628081495,0.16621110272607126,38.00084762126538
R/R,51,Matt Vierling,663837,R,2023,380,742,214,28.84097035040431,107.53903736045703,9.11650050164626,108.12819564860452,9.861475409712876,108.80266271074788,3.0887832427845243,2.864898099457545,3.747444243653546,0.1453810308901477,38.00084762126538
R/R,52,Bryan De La Cruz,650559,R,2023,472,983,343,34.89318413021363,107.47465655847681,10.503200936354718,108.2874008193311,11.691693701877162,98.8081494851938,3.149282557117511,2.840432848999692,4.442942707995422,0.19297221051388785,38.00084762126538
R/R,53,Jake Meyers,676694,R,2023,263,479,117,24.4258872651357,107.31111626334403,12.35902360130298,108.49078610270018,14.43737993073504,98.76321955979404,3.2265706887346766,2.7782861506469194,5.486326747981772,0.2671897212348865,38.00084762126538
R/R,54,Ke'Bryan Hayes,663647,R,2023,358,689,208,30.18867924528302,107.24431944495072,10.51849438334147,108.00472464654413,11.712799396102413,96.08797042812114,3.0418632154351126,2.7529027934734227,4.45096305069737,0.19353458361916684,38.00084762126538
R/R,55,Ramón Urías,602104,R,2023,271,467,131,28.051391862955033,107.10892644358314,11.444764423742095,108.01046870146529,13.035082563900547,101.83639840309868,3.0440460049929765,2.7014523053338686,4.953441862413979,0.2291211281744631,38.00084762126538
R/R,56,William Contreras,661388,R,2023,433,885,221,24.97175141242938,106.8686515730807,8.871755925826568,107.31458286777706,9.553782166310532,103.5387454112724,2.7796034897151434,2.6101458179220414,3.6305182030872913,0.1376799165928305,38.00084762126538
R/R,57,Enrique Hernández,571771,R,2023,347,676,196,28.994082840236686,106.58145919440824,10.590767627512305,107.1931080230471,11.812840204385253,106.139947817098,2.7334420190711435,2.5010102797228324,4.488979405812014,0.1962032975563781,38.00084762126538
R/R,58,Jacob Stallings,607732,R,2023,223,459,101,22.004357298474943,105.84888317125356,12.01392024057847,106.44778206356203,13.895440248687496,,2.450211836925486,2.2226251814538984,5.280385075207715,0.2524764717168295,38.00084762126538
R/R,59,Donovan Solano,456781,R,2023,293,581,172,29.604130808950085,105.78620014185188,11.36610365562571,106.28560290499509,12.919217178529205,95.7420431571963,2.3885823820050147,2.1988050989665733,4.909412033873224,0.2259824165233863,38.00084762126538
R/R,60,Willson Contreras,575929,R,2023,369,771,239,30.99870298313878,105.73146061538316,11.115315319702333,106.18796726748116,12.554430035287092,93.78389496084066,2.351480012169294,2.178003614924591,4.770789827427821,0.2161200196082528,38.00084762126538
R/R,61,Miguel Cabrera,408234,R,2023,271,495,155,31.313131313131315,103.29269605596518,12.16730733875814,103.01907052407978,14.134322522709862,104.64536446643868,1.147272389434095,1.2512524108587446,5.371162364153167,0.2589645876203067,38.00084762126538
R/R,62,Bo Bichette,666182,R,2023,496,924,352,38.095238095238095,102.9948263260379,9.777922338866562,102.77775911518158,10.714874788037406,99.7988323404305,1.0555720086459641,1.1380593886791983,4.071743241011476,0.16724170667271776,38.00084762126538
R/R,63,Vladimir Guerrero,665489,R,2023,551,1025,312,30.4390243902439,102.98441174449364,9.380306254033929,102.78589118585968,10.197892517959913,102.25647446780916,1.058662264432802,1.134101759416178,3.8752855963303694,0.15391659923813789,38.00084762126538
R/R,64,Austin Riley,663586,R,2023,565,1138,318,27.943760984182774,102.6572151699461,9.478137571104702,102.39275281824729,10.323959274842435,102.74734885668984,0.9092663524156847,1.0097642877003632,3.9231920325143683,0.15714386831353463,38.00084762126538
R/R,65,Marcell Ozuna,542303,R,2023,451,977,290,29.682702149437052,102.57708646289154,9.590715422569229,102.28972780163302,10.469932790873898,104.98547159223486,0.8701159728403115,0.9793146998316751,3.9786632059088873,0.16089903267260477,38.00084762126538
R/R,66,Manny Machado,592518,R,2023,451,851,252,29.612220916568745,101.79358442390003,8.705216547143785,101.44484144107608,9.34673027817143,98.04172138013264,0.5490519943922176,0.6815772838850018,3.551836730578599,0.132559415816141,38.00084762126538
R/R,67,Corey Julks,667452,R,2023,250,527,152,28.842504743833018,101.39137449720738,12.21326698879355,100.44370033592696,14.206513067622724,96.11144755958064,0.16860988855064535,0.5287341025249233,5.398595383122466,0.2609246598187612,38.00084762126538
R/R,68,Austin Hays,669720,R,2023,398,763,241,31.585845347313235,101.06956394682048,11.12223860965233,100.23944208511308,12.564408186270446,96.0706207817887,0.09099002190500216,0.4064433656432401,4.7745816093784255,0.21638932866476593,38.00084762126538
R/R,69,Whit Merrifield,593160,R,2023,443,824,272,33.00970873786408,100.80717002037726,9.139355792226334,100.24788717815082,9.890422580255715,94.0321899121904,0.09419922884174481,0.30673144948809783,3.7584444138221977,0.1461108922624331,38.00084762126538
R/R,70,Pete Alonso,624413,R,2023,471,948,266,28.059071729957807,100.70924763363553,10.50679460917747,99.90360036660798,11.69665116060658,96.61704899083162,-0.036632677792762816,0.2695201125152648,4.444826584333074,0.19310428408454078,38.00084762126538
R/R,71,Elvis Andrus,462101,R,2023,301,573,171,29.84293193717277,100.58858972171143,10.3669295861216,99.7812468953854,11.50459738569617,95.29570311021313,-0.08312803395138402,0.22366908326198887,4.371844521978482,0.18799734725603662,38.00084762126538
R/R,72,Brent Rooker,667670,R,2023,345,745,216,28.993288590604028,99.29169541101028,11.756116543423873,97.76637536743827,13.500806067916903,93.41725683343056,-0.8487962930508315,-0.26916174755641065,5.130420741511653,0.24175707315833847,38.00084762126538
R/R,73,Christian Walker,572233,R,2023,496,979,266,27.170582226762,98.04623175642189,7.905368282134279,97.30619835177774,8.376469511938163,98.53550677426207,-1.0236674595600797,-0.7424484931147917,3.1831294152733736,0.10931899678499704,38.00084762126538
R/R,74,Joey Wiemer,686894,R,2023,289,582,162,27.835051546391753,97.96964520349451,10.909583136877426,96.36415226826031,12.260232322082768,91.60048376257186,-1.381652956279633,-0.7715520323911028,4.658992202727799,0.20819377314344817,38.00084762126538
R/R,75,Carlos Correa,621043,R,2023,444,905,246,27.18232044198895,97.6458451310971,9.393707849064912,96.47219562184151,10.215119379418027,96.6855246773455,-1.340595566120339,-0.8945988045003864,3.881831949702994,0.15435671310649085,38.00084762126538
R/R,76,Joey Meneses,608841,R,2023,471,928,285,30.711206896551722,96.99330711085234,8.44052129364976,95.9850467188513,9.021341384058422,84.08318796785946,-1.525716278434317,-1.1425687832444245,3.4281861927501938,0.12462063600907254,38.00084762126538
R/R,77,Ty France,664034,R,2023,499,901,300,33.29633740288568,96.87375079144861,8.422961043242777,95.8533356559576,8.99991033204637,93.32786762823648,-1.5757675987448987,-1.1880011980026248,3.4200422113314604,0.12410263644965247,38.00084762126538
R/R,78,Christopher Morel,666624,R,2023,328,644,190,29.503105590062113,96.74934180340051,10.115627493840142,95.15207429122184,11.163991849673842,90.89832742751165,-1.8422528613849418,-1.2352776679779447,4.242411531245043,0.1789934257155993,38.00084762126538
R/R,79,Kris Bryant,592178,R,2023,262,535,146,27.289719626168225,96.44011592724829,11.727361054981325,94.0212657207551,13.457304898960137,91.58868651276104,-2.2719697031362136,-1.3527861219800772,5.113889928582922,0.24057584284546812,38.00084762126538
R/R,80,Adolis García,666969,R,2023,476,1029,332,32.26433430515063,96.36705813075932,10.993830988522806,94.30033791181933,12.380170955602248,104.62682341673056,-2.165919905056568,-1.3805487038992996,4.704569900090564,0.21142168801755246,38.00084762126538
R/R,81,Chas McCormick,676801,R,2023,315,643,202,31.41524105754277,95.6443389831748,10.978068175140512,93.39206203310795,12.357674386959559,104.56467723585814,-2.511072437706393,-1.6551881059026026,4.696021013320642,0.21081585525611882,38.00084762126538
R/R,82,Edward Olivares,658668,R,2023,259,488,154,31.557377049180328,95.22991867879257,11.464652746409563,92.58889823241645,13.064489905567527,97.61011400423304,-2.816281489756329,-1.8126713342824758,4.964616901510313,0.2299181379012938,38.00084762126538
R/R,83,Hunter Renfroe,592669,R,2023,406,817,275,33.65973072215422,95.03844633916098,10.503639758280958,92.87728612957429,11.692298989917848,84.83038346315483,-2.7066916443992075,-1.8854324463027476,4.443172722581433,0.19298833554217376,38.00084762126538
R/R,84,Tyler Stephenson,663886,R,2023,378,748,198,26.47058823529412,94.68955761320909,9.440282312585301,92.95611555671182,10.275092697073623,94.20937883524608,-2.6767357939119574,-2.0180131194195043,3.9046223187587143,0.15589112382642858,38.00084762126538
R/R,85,Mauricio Dubón,643289,R,2023,374,643,263,40.90202177293934,94.60763338056094,10.925263765383383,92.10909759146448,12.28250033658365,92.6936469134492,-2.998609800210345,-2.0491450222330188,4.66745423698656,0.2087926879373372,38.00084762126538
R/R,86,Byron Buxton,621439,R,2023,257,504,150,29.761904761904763,94.58139022515681,13.127690577598521,90.48408054656744,15.706967493345612,90.48878688973323,-3.6161300512612535,-2.0591176437291514,5.9687807830679525,0.3014588840938428,38.00084762126538
R/R,87,Andy Ibáñez,628451,R,2023,264,519,178,34.296724470134876,94.3075167978702,12.194629546300991,90.87315777920193,14.177203956942497,88.48051796885184,-3.468277404958784,-2.1631918675074733,5.387457672633723,0.2601289254910895,38.00084762126538
R/R,88,Yainer Diaz,673237,R,2023,273,505,219,43.366336633663366,93.3617004338045,14.496494011626218,87.13385819886119,18.22919945526159,80.23721115589414,-4.889242940586691,-2.5226101027930703,6.927250307570495,0.3676015929186255,38.00084762126538
R/R,89,Garrett Cooper,643265,R,2023,345,740,294,39.729729729729726,92.99940702680215,12.692381962630032,88.65345616971005,14.976826050749855,90.84266064228484,-4.311782831228569,-2.6602846683299273,5.69132084604743,0.2817978596160127,38.00084762126538
R/R,90,J. T. Realmuto,592663,R,2023,386,743,222,29.878869448183043,92.94833992988983,8.905793623373958,91.15586488342646,9.596328016806888,89.77432574130303,-3.360846309067935,-2.6796905980121837,3.6466859869035835,0.13873839863994483,38.00084762126538
R/R,91,José Altuve,514888,R,2023,296,609,194,31.85550082101806,92.85836090797602,11.160136044704304,89.73372991730464,12.619119039398987,94.16410925291684,-3.9012696505126163,-2.713883389020753,4.7953721973080965,0.2178664722512666,38.00084762126538
R/R,92,Jordan Walker,691023,R,2023,346,642,217,33.8006230529595,92.45373186800687,9.786904174763789,90.1145577025517,10.726697222086607,85.45794268837967,-3.75655186414144,-2.8676458539308194,4.076235866159638,0.1675490986587949,38.00084762126538
R/R,93,Brian Anderson,605119,R,2023,275,548,154,28.102189781021895,92.28436477173679,10.652601005412906,89.36410034947012,11.898827652654361,83.5712906509084,-4.041732019348555,-2.9320067861049743,4.521655365002172,0.19850102113752724,38.00084762126538
R/R,94,Francisco Álvarez,682626,R,2023,275,515,143,27.766990291262132,92.23185851352346,11.629298283852771,88.56173356782344,13.309713557561528,94.81304596020485,-4.346638197405761,-2.9519596092802463,5.057803967835856,0.23656933209964978,38.00084762126538
R/R,95,José Abreu,547989,R,2023,416,857,322,37.57292882147025,91.80424407653213,10.911200300227666,88.5764415372398,12.262527682635838,94.87559850585887,-4.3410490443596705,-3.1144567198878548,4.65986445919393,0.2082555002120796,38.00084762126538
R/R,96,José Siri,642350,R,2023,271,514,195,37.93774319066148,91.54231953763274,13.301235378087444,85.92501398466358,16.00679834734433,78.69286661463794,-5.348613988402406,-3.2139902647977165,6.082719049017544,0.30948199035787266,38.00084762126538
R/R,97,Lourdes Gurriel,666971,R,2023,432,798,248,31.07769423558897,91.49897909906821,9.49341401742245,89.14517132147088,10.343710228921038,97.95337102250431,-4.124926905677265,-3.2304599988150136,3.930697562477524,0.1576508317208932,38.00084762126538
R/R,98,Jean Segura,516416,R,2023,254,511,183,35.81213307240704,91.38267377655846,12.480746424004016,86.6287582366455,14.63247194628856,82.64574507866557,-5.081185207563342,-3.27465700719736,5.5604633675335196,0.27247869008584347,38.00084762126538
R/R,99,J. D. Martinez,502110,R,2023,343,673,224,33.28380386329866,90.3718734572204,10.7582426696567,86.89313585637107,12.046598814342127,90.02607818694848,-4.980719471146698,-3.6587696963042835,4.5778096589833135,0.20245760557663198,38.00084762126538
R/R,100,Salvador Pérez,521692,R,2023,433,854,393,46.01873536299766,89.96988440916765,12.584140550180221,84.56526450290868,14.799873668025745,83.50078092591768,-5.865330316995034,-3.8115289419089824,5.624077440726243,0.2770119752753587,38.00084762126538
R/R,101,Ryan Jeffers,680777,R,2023,238,482,154,31.950207468879665,89.80316335122158,11.271119462759703,85.7253238662142,12.780239957907158,94.39173861922944,-5.42449792602908,-3.8748843570916307,4.85659951203637,0.22222122098985211,38.00084762126538
R/R,102,Nolan Arenado,571448,R,2023,466,953,319,33.47324239244492,89.74538467191763,9.971779927463762,86.72793588738833,10.971515159067705,80.14547150180704,-5.043496859630206,-3.8968407449715032,4.16926875734135,0.17393893002332628,38.00084762126538
R/R,103,Manuel Margot,622534,R,2023,235,442,142,32.126696832579185,89.7359639738047,11.75388546007245,85.16619658788673,13.497427257455339,91.2954363209242,-5.636971031075229,-3.900420690106259,5.129136764896742,0.24166532024026188,38.00084762126538
R/R,104,Ramón Laureano,657656,R,2023,268,544,165,30.330882352941174,89.13916724406997,12.10486898350431,83.99125548764405,14.0367047999661,94.10541877480205,-6.083458608218065,-4.127208505981449,5.334066802081961,0.2563135762136015,38.00084762126538
R/R,105,Josh Jung,673962,R,2023,398,795,263,33.081761006289305,88.99527177932805,9.968613498219268,85.82231657497711,10.967298116304795,90.55903417306796,-5.387639874568348,-4.181890002271936,4.167666245346894,0.1738284827663575,38.00084762126538
R/R,106,Michael Taylor,572191,R,2023,275,529,171,32.32514177693761,88.57049386668692,12.59638267732491,82.61369211450965,14.819798891782497,84.55608237404505,-6.606944366529236,-4.343309209583484,5.631649194644242,0.2775512040503158,38.00084762126538
R/R,107,Harold Ramírez,623912,R,2023,309,615,271,44.06504065040651,87.48859242334045,12.880912983090626,80.70595950828638,15.289325286627243,83.67861716069561,-7.331898927241333,-4.754440928481846,5.8100732044908145,0.29023161362204203,38.00084762126538
R/R,108,Esteury Ruiz,665923,R,2023,346,614,204,33.22475570032573,87.38341841758655,9.043934500237372,84.59640452148126,9.769812058493569,83.77943608435962,-5.853496845988029,-4.794407942145566,3.7126113932321516,0.14307581893269491,38.00084762126538
R/R,109,Lane Thomas,657041,R,2023,486,959,279,29.092805005213762,86.97402712550772,9.65167073819842,83.64479855694,10.54938148150667,93.19781642127178,-6.215115178528225,-4.949980103223173,4.008854381773338,0.16295077082363704,38.00084762126538
R/R,110,Orlando Arcia,606115,R,2023,421,793,222,27.994955863808325,86.88804285013723,8.596605966296437,84.33628542742667,9.212676891678862,86.8335941240443,-5.952344306553532,-4.982654856684964,3.5008953074464126,0.12927229692265957,38.00084762126538
R/R,111,Giancarlo Stanton,519317,R,2023,340,783,215,27.458492975734355,86.86669655347114,10.570253752589624,82.68626349637643,11.78439423742238,80.10501063580509,-6.579366626289392,-4.990766630353827,4.478169697252056,0.1954439584744492,38.00084762126538
R/R,112,Shea Langeliers,669127,R,2023,343,672,210,31.25,86.66794853038206,9.952523423436848,83.01960884650492,10.945882445123107,80.51157178075664,-6.4526925677344895,-5.066292563758184,4.159528108774069,0.17326779173831655,38.00084762126538
R/R,113,Adam Duvall,594807,R,2023,257,507,167,32.938856015779095,85.9917785263122,13.841190332956726,76.87699748534507,16.97466810125834,79.17760919787337,-8.786936951055381,-5.323242896665477,6.450517759374724,0.3351184241907858,38.00084762126538
R/R,114,Teoscar Hernández,606192,R,2023,527,1078,378,35.064935064935064,85.44360324919555,9.914100324401012,81.5750045713799,10.894829702484184,78.40812574742068,-7.001654437055036,-5.531554148420025,4.140127633837375,0.17193252546157323,38.00084762126538
R/R,115,Willy Adames,642715,R,2023,479,1021,336,32.90891283055827,85.06393547457677,9.604541741660947,81.40585787649397,10.487928354655947,82.8113609692413,-7.065931614835043,-5.675831120919956,3.9855016726802917,0.16136328269578976,38.00084762126538
R/R,116,Yan Gomes,543228,R,2023,278,563,211,37.47779751332149,84.33398726156835,12.261667904896676,77.28923619857125,14.282849933168018,83.52014538291881,-8.630282745806436,-5.9532176290594325,5.427604039077182,0.2629968353954653,38.00084762126538
R/R,117,Tim Anderson,641313,R,2023,395,721,262,36.33841886269071,83.9291601501597,10.07279252697717,79.58200394580658,11.106490448542315,77.95107276697952,-7.759011567870023,-6.107055362795407,4.220560511420959,0.17748072786216404,38.00084762126538
R/R,118,Christian Vázquez,543877,R,2023,278,514,175,34.04669260700389,83.73313249867914,11.930144486829791,76.98956691101108,13.766272642216014,83.40844052493547,-8.744159615139905,-6.181547531930078,5.231300289896451,0.24896759875044808,38.00084762126538
R/R,119,Miguel Rojas,500743,R,2023,280,498,173,34.738955823293175,83.4225626896407,10.274718083996662,78.74475485512457,11.378961453589373,83.32664375675431,-8.077173319030518,-6.299566691820433,4.324101802861022,0.18466783298069894,38.00084762126538
R/R,120,Thairo Estrada,642731,R,2023,380,696,268,38.50574712643678,82.32483906297792,10.148627029179433,77.54498410111519,11.208398907432871,73.55694782330325,-8.533096375066132,-6.716710974491184,4.259286589597139,0.18016316716704714,38.00084762126538
R/R,121,Andrew Vaughn,683734,R,2023,472,928,290,31.25,81.99076736058122,9.980890880145365,77.33017771704372,10.983653824655006,77.35031873856742,-8.614724621757876,-6.843661053064719,4.173881553154436,0.174256922065738,38.00084762126538
R/R,122,Julio Rodríguez,677594,R,2023,540,974,377,38.70636550308008,81.65720063763845,10.059063578873422,76.83581933789002,11.088094309208618,76.24756927146453,-8.802584996123038,-6.970419235165446,4.213569822544565,0.17699725455144344,38.00084762126538
R/R,123,Ezequiel Duran,677649,R,2023,305,604,238,39.40397350993378,81.19837960841353,11.181761328891895,74.79417276222387,12.650408097752406,86.030873916752,-9.578428000306712,-7.144775115335532,4.807262304695108,0.21871162128581448,38.00084762126538
R/R,124,Brandon Drury,592273,R,2023,391,734,270,36.78474114441417,80.64806059474773,9.66937287290325,76.067318910067,10.572509155424273,73.6325660573131,-9.094621672668836,-7.353901005149523,4.017643093897109,0.16354905517779172,38.00084762126538
R/R,125,Trea Turner,607208,R,2023,485,988,359,36.336032388663966,80.55173820952821,9.495902057568061,76.14634668888942,10.346928711138803,74.45771914426537,-9.064590446860052,-7.3905043279819616,3.9319206130008144,0.1577334770152115,38.00084762126538
R/R,126,Eloy Jiménez,650391,R,2023,391,761,279,36.662286465177395,79.48266903824963,10.60740932969741,73.4561132470856,11.835946402870189,82.15685951730153,-10.08690195773625,-7.796759674725461,4.497759957089341,0.19682038638264765,38.00084762126538
R/R,127,Fernando Tatís,665487,R,2023,488,909,312,34.32343234323432,78.45653982434162,9.436200430313466,73.7300083732338,10.269829971005146,82.3863242738828,-9.982819488206596,-8.186697473699931,3.902622438244708,0.15575634149207235,38.00084762126538
R/R,128,Jeremy Peña,665161,R,2023,458,923,330,35.75297941495125,78.35101632801377,8.90052188984561,74.21278971760475,9.589733412803811,72.91905879808408,-9.799358485188298,-8.226797296744111,3.6441799814851485,0.13857419645267505,38.00084762126538
R/R,129,Randal Grichuk,545341,R,2023,335,631,228,36.13312202852615,77.7618182895701,11.430135950489758,69.96669320940802,13.013481631610345,90.30013909216356,-11.412911149120005,-8.450697545520576,4.945233325049607,0.22853578624213913,38.00084762126538
R/R,130,Brenton Doyle,686668,R,2023,299,551,176,31.941923774954628,76.64084065753805,10.195813484361205,70.54321561999483,11.272062843949882,69.38329213039808,-11.193827746370468,-8.87667854733754,4.2834794251026675,0.1818424139594966,38.00084762126538
R/R,131,Connor Wong,657136,R,2023,294,542,193,35.608856088560884,75.37996537050023,10.335363261866005,68.78592484203426,11.461502140210317,73.03649580368072,-11.86161313716581,-9.355821843858978,4.355467963409393,0.18685422182986422,38.00084762126538
R/R,132,Ryan Mountcastle,663624,R,2023,310,611,227,37.15220949263502,74.20587282875154,10.901811987102008,66.36616688454859,12.24920589148361,87.91662169081957,-12.781141671393387,-9.801986961581537,4.654802065637748,0.20789727624939827,38.00084762126538
R/R,133,Elías Díaz,553869,R,2023,382,770,276,35.84415584415584,73.27913444876062,10.388836932920889,66.11183555020204,11.534559516739794,71.7541643189878,-12.877789734211548,-10.154155401209673,4.383230385740453,0.18879273699438304,38.00084762126538
R/R,134,Ezequiel Tovar,678662,R,2023,439,858,352,41.02564102564102,71.71590967739695,9.460485641207681,65.70930416819141,10.301159212610441,68.1531303345711,-13.030755071317182,-10.748194064553454,3.9145278156080345,0.15655908897262494,38.00084762126538
R/R,135,Paul DeJong,657557,R,2023,281,493,175,35.496957403651116,71.47843923302904,10.17133098290016,64.27585783598607,11.239006628969232,67.52947113775315,-13.575476827751146,-10.838434846263244,4.270917783218513,0.18097017123283027,38.00084762126538
R/R,136,Martín Maldonado,455117,R,2023,308,568,187,32.92253521126761,71.0721967650044,11.067711462018144,62.07193508318533,12.485960006359333,66.91015449660956,-14.412986154733355,-10.992810427510154,4.744770636068747,0.2142728176709841,38.00084762126538
R/R,137,Luis Robert,673357,R,2023,470,897,362,40.356744704570794,70.45823054753613,9.876953583170081,63.54115377661744,10.845589897383292,65.65698644998648,-13.854670597819073,-11.22612279425632,4.1214160905319766,0.17064652517346562,38.00084762126538
R/R,138,Amed Rosario,642708,R,2023,353,682,272,39.882697947214076,69.99289094347665,10.618128752847708,61.61981248542635,11.850843917262782,74.10254395714692,-14.584796574169053,-11.402955788116358,4.503421138833026,0.197218384985481,38.00084762126538
R/R,139,Starling Marte,516782,R,2023,245,460,177,38.47826086956522,68.64362796146891,11.745982124313182,57.372185062326444,13.485463171514073,76.21736758710178,-16.19893099874033,-11.915687157919265,5.124590310828925,0.24134043702737842,38.00084762126538
R/R,140,Christian Bethancourt,542194,R,2023,259,502,219,43.625498007968126,67.75450284249304,12.415979362314072,54.343936891163565,14.528402337051165,55.66818803892792,-17.34969097185769,-12.253562239543681,5.520916033907172,0.2696580488260815,38.00084762126538
R/R,141,Jake Burger,669394,R,2023,401,781,310,39.69270166453265,67.426761676297,10.819933915433188,57.98880604885505,12.133403714745896,62.03212008215187,-15.964609797248853,-12.378106660701992,4.610796256913541,0.20478617776914496,38.00084762126538
R/R,142,Nick Castellanos,592206,R,2023,486,963,390,40.49844236760124,67.3037948487571,10.05201168772416,59.4089942860639,11.078651406978674,62.94504689550352,-15.42492622929198,-12.42483509746014,4.209981439657139,0.17674917423048356,38.00084762126538
R/R,143,Harrison Bader,664056,R,2023,246,465,174,37.41935483870968,61.648515528260475,11.998092606726946,47.3691483681963,13.87096714384952,68.67689990782605,-20.000169730375987,-14.573889174598989,5.271085087930043,0.2518116641013887,38.00084762126538
R/R,144,Javier Báez,595879,R,2023,402,804,368,45.77114427860697,38.823090080832145,10.998311000894944,21.31046318377406,12.386569529048948,47.33411112761321,-29.90269097941354,-23.247744317781763,4.70700141223598,0.21159403281099642,38.00084762126538
L/L,1,Kyle Tucker,663656,L,2023,238,413,87,21.06537530266344,133.01600556698534,10.197561426909497,146.45190664488666,12.461679436707058,132.71164910583286,17.652118261295822,12.54636196613859,4.735543813793611,0.3303628960499798,38.00084762126538
L/L,2,Cedric Mullins,656775,L,2023,120,212,41,19.339622641509436,125.57720984345137,11.088593546606587,138.26618085528955,14.204678988477117,116.40640390468812,14.541473077296404,9.719556538381246,5.397898417501089,0.3906173539956679,38.00084762126538
L/L,3,Lars Nootbaar,663457,L,2023,125,258,53,20.54263565891473,123.5137857246516,12.794879939791562,142.72969868576493,18.469377935380994,150.74655423710828,16.237647686603367,8.935437883215704,7.018520165819741,0.5200810557234368,38.00084762126538
L/L,4,Alex Verdugo,657077,L,2023,161,279,57,20.43010752688172,123.01353284330801,10.764908656338331,133.05348361522863,13.54259064695919,114.48852257976218,12.56060394214295,8.745337548055339,5.1462992357227,0.3681453358187152,38.00084762126538
L/L,5,Trent Grisham,663757,L,2023,143,264,52,19.696969696969695,122.86159070735216,13.08081892540153,143.20355262433378,19.36223914085986,119.982429852415,16.41771619974628,8.687598248498261,7.357814991983158,0.5435862618984406,38.00084762126538
L/L,6,Juan Soto,665742,L,2023,208,426,88,20.657276995305164,120.77910592995829,12.311547359969083,134.70793477933432,17.09822676307068,153.7619459679887,13.189309407983009,7.89623638150477,6.4974710981729045,0.4815305933802793,38.00084762126538
L/L,7,Andrew Benintendi,643217,L,2023,136,243,70,28.80658436213992,120.63896847663806,13.6264581023617,142.00833170351913,21.277870457736352,122.55919373974378,15.96352211889002,7.842982961408225,8.085771129694633,0.5898812269873167,38.00084762126538
L/L,8,Charlie Blackmon,453568,L,2023,104,193,45,23.316062176165804,119.82929393476127,12.882934003897082,135.49713083942524,18.737233589200645,104.59903779501732,13.48921060021118,7.535299772521451,7.120307584672692,0.5272640588869099,38.00084762126538
L/L,9,Brandon Nimmo,607043,L,2023,234,423,92,21.749408983451538,119.73835860439397,8.817869845198919,124.31681946852109,10.16180731838846,131.31524814721934,9.240597512570895,7.500743576194677,3.8615729146273923,0.24701650513922277,38.00084762126538
L/L,10,Steven Kwan,680757,L,2023,224,415,93,22.40963855421687,118.93491009519681,9.97810172569653,125.01984351668409,12.06740927672009,132.98860783194465,9.507752609854169,7.195426332499334,4.585717811080844,0.3162965529439192,38.00084762126538
L/L,11,J. P. Crawford,641487,L,2023,193,390,78,20.0,118.3361129072711,11.252672525639904,126.78488140399952,14.554609875931169,129.9042771201904,10.178481967870505,6.967878325555266,5.530875120822245,0.40226288592110604,38.00084762126538
L/L,12,Kyle Schwarber,656941,L,2023,254,576,124,21.52777777777778,117.68668955502491,9.68027829913564,122.73302161501604,11.551158570938117,126.6172496511623,8.638740903631565,6.721091947051274,4.38953816703293,0.29769688517292425,38.00084762126538
L/L,13,Jeff McNeil,643446,L,2023,200,308,78,25.324675324675322,115.25106656392731,10.167322206567952,119.8815102357351,12.406616354113549,105.41965598734504,7.555142409487976,5.795534565575773,4.71461937568168,0.32840652545363175,38.00084762126538
L/L,14,Nolan Jones,666134,L,2023,130,249,66,26.506024096385545,114.66545072174821,13.12705039295237,125.4114017846113,19.513127469037588,123.04257978425366,9.65654807059765,5.572995581743305,7.4151538356522515,0.5474354399323667,38.00084762126538
L/L,15,Freddie Freeman,518692,L,2023,217,400,108,27.0,113.6711988266918,11.100673468016362,118.74647328977443,14.230099503873394,112.64317392054718,7.123818749208394,5.195171434131371,5.4075584288213685,0.3914688952042853,38.00084762126538
L/L,16,Ryan Noda,676116,L,2023,96,188,38,20.212765957446805,113.49242804912755,12.377219019028152,120.80295507291109,17.275458361769278,122.79932220645732,7.905299257977239,5.12723702335783,6.564820607931092,0.48668140874613225,38.00084762126538
L/L,17,Triston Casas,671213,L,2023,97,237,62,26.160337552742618,113.41067485823163,14.46989280610082,128.56580764338122,25.006317086198507,135.02620760950208,10.855249034345075,5.0961701178599474,9.502612451616743,0.6651647595129093,38.00084762126538
L/L,18,Shohei Ohtani,660271,L,2023,166,350,111,31.71428571428571,111.98509706984737,15.426277929371059,131.20505200218466,31.229487927942085,111.42571317141623,11.858184261486812,4.554438474773444,11.867470120398739,0.7559984546080475,38.00084762126538
L/L,19,Daulton Varsho,662139,L,2023,117,204,44,21.568627450980394,110.61185138687416,13.23216707813341,116.66615145689906,19.863503860417875,93.96149017631922,6.333278819465512,4.032593475321187,7.548299834241564,0.5562378738780729,38.00084762126538
L/L,20,Luis García,671277,L,2023,129,208,58,27.884615384615387,110.29482095150236,15.43637039801882,124.35304917233853,31.31347874346648,106.49448519258895,9.254365107112196,3.9121192226625148,11.89938734222202,0.756987985150784,38.00084762126538
L/L,21,Bryson Stott,681082,L,2023,164,340,111,32.64705882352941,109.5318637383203,12.826969036900675,113.63853523374686,18.566290946906587,112.09617036644374,5.182758991948736,3.6221890146657456,7.055347931654761,0.5226930160074398,38.00084762126538
L/L,22,Corbin Carroll,682998,L,2023,175,284,71,25.0,107.1234994718177,10.768710871407485,107.90611711352088,13.550163246447498,103.89304942396308,3.0043915170678526,2.706990179587085,5.14917688771522,0.3684054429855057,38.00084762126538
L/L,23,Jack Suwinski,669261,L,2023,131,285,58,20.350877192982455,106.50677177373217,12.170594239839232,107.15115664256331,16.7265584515244,131.06690210862124,2.71750013889848,2.4726284267994667,6.356233989445673,0.47056776276869,38.00084762126538
L/L,24,Masataka Yoshida,807799,L,2023,143,256,58,22.65625,106.43346736755291,10.529769692692321,106.78784049414033,13.083115565579288,121.35505258739964,2.579436922952811,2.4447721311076114,4.971694810189837,0.35223811577099673,38.00084762126538
L/L,25,LaMonte Wade,664774,L,2023,81,161,37,22.981366459627328,105.82088964974494,14.208315042627916,105.89082314081911,23.7244975424246,123.24262553332974,2.2385627253809064,2.211987406001583,9.015510160007622,0.6413332564306068,38.00084762126538
L/L,26,James Outman,681546,L,2023,155,323,76,23.52941176470588,105.67483281259226,11.86178943930133,105.58838913460033,15.950863940819609,112.83781130705115,2.123635239522825,2.156484569874752,6.061463500426226,0.4469912539078742,38.00084762126538
L/L,27,Max Kepler,596146,L,2023,97,175,44,25.142857142857146,105.21149435580809,13.768087593764866,104.34815681622702,21.82956526002575,106.03564971333284,1.652336446068091,1.9804120289414753,8.295419830847068,0.602207063490031,38.00084762126538
L/L,28,Luis Arráez,650333,L,2023,138,221,74,33.4841628959276,105.19151871614558,12.32074531264917,104.64172915511766,17.122890500374517,122.56644824548847,1.7638964232281125,1.9728211165519562,6.506843527403444,0.48225036482252953,38.00084762126538
L/L,29,Dominic Smith,642086,L,2023,172,312,80,25.64102564102564,104.96979476618479,10.819140710845147,104.4890902772005,13.65104595616083,101.46423496688844,1.7058923558200032,1.8885641361875036,5.187513172509587,0.37186400536814235,38.00084762126538
L/L,30,Ryan McMahon,641857,L,2023,179,347,89,25.64841498559078,104.63691477769753,10.459458365609072,104.02706387659538,12.948978167241192,106.88455667349434,1.5303184073560323,1.7620669190007756,4.920721461844248,0.3475497620974808,38.00084762126538
L/L,31,Matt Olson,621566,L,2023,182,363,100,27.548209366391184,104.51916748465182,12.873888591251216,103.11509390553661,18.7094370463336,117.0004209878954,1.1837620883022935,1.7173219495923078,7.109744662773806,0.5265239096851836,38.00084762126538
L/L,32,TJ Friedl,670770,L,2023,110,178,39,21.910112359550563,103.3816526568362,12.0210604899532,101.34469638115438,16.34460686995623,103.19830678578889,0.5109960227711434,1.2850566732047939,6.21108915094694,0.45907555671258343,38.00084762126538
L/L,33,Michael Conforto,624424,L,2023,102,187,55,29.411764705882355,103.28266108851211,12.987655602878043,100.39724750974683,19.06388196727049,120.86467153017868,0.1509574208581659,1.247439038168061,7.244436737080347,0.5358708486759216,38.00084762126538
L/L,34,Nathaniel Lowe,663993,L,2023,219,434,106,24.42396313364055,102.89062875933482,10.474937473268666,101.34355662694249,12.978384373857583,122.764942907585,0.5105629065098258,1.0984634301312985,4.931896069611737,0.34857921138440423,38.00084762126538
L/L,35,Cody Bellinger,641355,L,2023,182,361,121,33.51800554016621,101.74331278494584,12.093906967272623,98.23808979157485,16.529141012412044,113.81800591087148,-0.6695408135271605,0.6624736349693083,6.281213689230782,0.46465632305710414,38.00084762126538
L/L,36,Rafael Devers,646240,L,2023,186,369,115,31.16531165311653,101.51122699107421,11.20010607211832,98.68178416814781,14.441394764906864,107.21980535265692,-0.5009331895815439,0.5742790660895456,5.487852418997653,0.3985133512304973,38.00084762126538
L/L,37,Josh Naylor,647304,L,2023,148,258,92,35.65891472868217,101.46418014779714,12.220784624235469,97.56627941392573,16.857568349587407,83.62488864477754,-0.9248344514414517,0.5564008668652094,6.406018861177371,0.4744569197954749,38.00084762126538
L/L,38,Brandon Marsh,669016,L,2023,110,234,58,24.786324786324787,101.19310974499916,14.17042908998277,93.10878021625462,23.549371088052414,99.63941568945452,-2.618721929267577,0.4533918161516022,8.948960622937122,0.6379176329616975,38.00084762126538
L/L,39,Michael Harris,671739,L,2023,139,235,97,41.27659574468085,101.10990675585266,13.14261917558539,95.42894945339037,19.56437465494055,89.32100522973668,-1.7370379529081426,0.4217739750297027,7.434628200677423,0.5487347352392454,38.00084762126538
L/L,40,Jazz Chisholm,665862,L,2023,94,165,48,29.09090909090909,100.45171849510687,13.863473034851456,92.09459592097473,22.215853619682683,93.69982737928645,-3.004120557915692,0.17165685700263644,8.442212681778985,0.6105801602768712,38.00084762126538
L/L,41,Jarred Kelenic,672284,L,2023,92,185,49,26.486486486486488,100.41641754473115,14.422167679168824,89.96481982641431,24.76238883860065,87.43997024630991,-3.813453526283731,0.1582421966414973,9.409917649941859,0.6607842541938405,38.00084762126538
L/L,42,Gunnar Henderson,683002,L,2023,167,320,87,27.187499999999996,96.5506633026947,11.166800423475726,90.49476016323409,14.37020804045405,98.06090237103972,-3.6120717064052283,-1.3107771822873762,5.46080086031177,0.3961467645122068,38.00084762126538
L/L,43,Yordan Álvarez,670541,L,2023,173,337,104,30.86053412462908,93.608499037214,12.27868149180309,82.41821206154779,17.01051651084551,111.18360040541732,-6.681228443585241,-2.428824541580018,6.46414045887659,0.4789631180230311,38.00084762126538
L/L,44,CJ Abrams,682928,L,2023,167,295,99,33.559322033898304,92.74600205338739,11.612384799458614,82.97632655699128,15.359331117198822,96.6547300128694,-6.469140204619563,-2.7565807061419805,5.836676013492322,0.42839208848803517,38.00084762126538
L/L,45,Nick Pratto,668472,L,2023,81,172,56,32.55813953488372,92.72796869661339,14.855189623799463,62.11483088531046,27.169770417925097,80.6811721618431,-14.396685386331868,-2.763433534570666,10.324743055563355,0.701059702517865,38.00084762126538
L/L,46,Max Muncy,571970,L,2023,168,339,95,28.023598820058996,92.52030473745381,11.980421151733532,81.40510702339941,16.242893128081917,107.61997616538602,-7.06621694537537,-2.8423475992551843,6.172437066887396,0.4559768299445745,38.00084762126538
L/L,47,Christian Yelich,592885,L,2023,158,314,89,28.343949044585987,92.30870773358036,10.39953534569202,85.25673618164514,12.835791870343034,113.58098178618766,-5.602565218014185,-2.9227562542682968,4.877709709631826,0.34357889227394617,38.00084762126538
L/L,48,Andrés Giménez,665926,L,2023,197,379,162,42.74406332453825,91.56509145516651,11.930180068378135,79.83131878656613,16.118340277387265,73.85262365941648,-7.6642698151357855,-3.2053367431152653,6.125105927886978,0.4521604808307357,38.00084762126538
L/L,49,Jihwan Bae,678225,L,2023,114,232,75,32.327586206896555,89.56611968436603,12.414616347164225,74.00961605493575,17.377583595370552,86.16399566118801,-9.87656619914569,-3.9649629597292693,6.6036290623347735,0.48962683300056414,38.00084762126538
L/L,50,Bryce Harper,547180,L,2023,169,351,126,35.8974358974359,89.17411269006284,12.518425328159127,72.70869837136887,17.6657760845291,88.82640689181575,-10.370925945756031,-4.113928940299124,6.713144650995845,0.49784942602376947,38.00084762126538
L/L,51,Riley Greene,682985,L,2023,92,191,63,32.98429319371728,88.02065166001758,13.763296015974344,61.1795912644351,21.810482115894434,104.7283298036572,-14.752084369554412,-4.552253908697303,8.28816807432438,0.6017879755287503,38.00084762126538
L/L,52,MJ Melendez,669004,L,2023,144,267,91,34.08239700374532,87.96820059170378,13.03122305068326,67.10100156310803,19.20247415847551,104.35191184316436,-12.501898264925796,-4.572185759242957,7.29710294447514,0.5394720657431855,38.00084762126538
L/L,53,Jake Cronenworth,630105,L,2023,155,272,85,31.25,86.69883762568277,10.975038727586622,74.87032383618713,13.968286283590984,100.90831607206806,-9.549489946727979,-5.054554445721373,5.308067185929523,0.3826579383460679,38.00084762126538
L/L,54,Kevin Kiermaier,595281,L,2023,96,166,56,33.734939759036145,79.90541623735893,13.311570010523733,46.57713078026646,20.13518232885308,84.75161783164118,-20.30114312709883,-7.636112155768769,7.651539955051412,0.5629335927815662,38.00084762126538
L/L,55,Corey Seager,608369,L,2023,166,271,83,30.627306273062732,78.41350577552626,11.577603744314905,58.11600076946343,15.279119449305977,87.59889198141744,-15.916274725288165,-8.203050777015518,5.806194899801887,0.42582971818991866,38.00084762126538
L/L,56,Brett Baty,683146,L,2023,97,169,59,34.9112426035503,75.54261438183563,13.637353840154956,31.87902194543061,21.319427283891507,87.97109937149997,-25.886549068632544,-9.294013840903915,8.101563075878088,0.5908249440891952,38.00084762126538
R/L,1,Adley Rutschman,668939,S,2023,192,426,88,20.657276995305164,151.37209214119594,11.48556230071328,171.48964907314559,13.661831148158411,141.13493308743065,27.166672609263415,19.521830454431917,5.191611636886248,0.29321602045096956,38.00084762126538
R/L,2,Robbie Grossman,543257,S,2023,138,284,34,11.971830985915492,144.1429709236442,10.540140430457035,157.67321730109097,12.14588233544364,141.75571204580322,21.91631142486884,16.77470311619352,4.615538238550126,0.24693119935118957,38.00084762126538
R/L,3,Rob Refsnyder,608701,R,2023,146,285,50,17.543859649122805,135.5879694305646,12.744141373886782,154.06619895360717,15.942607017905258,,20.545613878970435,13.523730034811368,6.058325799731338,0.3609976148780137,38.00084762126538
R/L,4,Wander Franco,677551,S,2023,95,184,48,26.08695652173913,135.2435230738534,14.233400558802495,161.7550273007286,19.197523871584128,119.51477718433048,23.46743382302071,13.392837499660539,7.29522179349673,0.4502985146881642,38.00084762126538
R/L,5,Mookie Betts,605141,R,2023,180,351,48,13.675213675213676,134.32922534898302,11.425685371420478,147.18524251887618,13.561386735221774,139.95223028023554,17.930792109322656,13.045396614427851,5.153441908582122,0.2901667816914181,38.00084762126538
R/L,6,Connor Joe,656582,R,2023,193,390,72,18.461538461538463,133.37804959281917,13.2222637488173,152.76197064497367,16.90988128362694,139.77028860513894,20.049996066773218,12.683941764717597,6.425898219527948,0.3885928480486895,38.00084762126538
R/L,7,Marcus Semien,543760,R,2023,209,352,74,21.022727272727273,130.20655467188092,11.467993720420775,141.49441739584734,13.632292291441154,124.7798311854836,15.768230325927785,11.47874681249569,5.180386620956059,0.29231968656293433,38.00084762126538
R/L,8,Alex Bregman,608324,R,2023,215,443,99,22.34762979683973,130.08084636937568,11.56214451974911,141.5803468085032,13.791253267065974,146.9537996699193,15.800884231092981,11.430976592013394,5.240793139080524,0.29713920590705445,38.00084762126538
R/L,9,Adolis García,666969,R,2023,153,354,78,22.033898305084744,129.08208064967184,15.223915301465697,156.92230516427134,21.86370807981959,104.62682341673056,21.63095844798642,11.0514371527753,8.30839439177053,0.5151525922857876,38.00084762126538
R/L,10,Ha-Seong Kim,673490,R,2023,191,375,88,23.466666666666665,128.88526651819782,9.893684709735048,136.1166499417692,11.184983812848829,148.43261106176558,13.724633110277544,10.976646114576743,4.250388655183882,0.21757014634452204,38.00084762126538
R/L,11,Alex Call,669743,R,2023,160,322,58,18.012422360248447,128.77746989228953,11.763244705312598,140.28076354084408,14.136364723688612,131.39661397494515,15.307031573838383,10.935682483024465,5.3719384178352225,0.3075653696728185,38.00084762126538
R/L,12,Yandy Díaz,650490,R,2023,139,295,58,19.661016949152543,127.99264915643539,11.312936647593245,137.97663467976884,13.373987607460403,122.6507423015592,14.431443076343578,10.637443951092438,5.082228651597943,0.2844683027349678,38.00084762126538
R/L,13,Paul Goldschmidt,502671,R,2023,166,355,102,28.732394366197184,126.69962896477062,16.569968250615904,163.99985697604933,26.542589043691823,131.07904048176638,24.320488127296283,10.14608531834572,10.086408817232009,0.6102763273285697,38.00084762126538
R/L,14,Andrew McCutchen,457705,R,2023,162,336,70,20.833333333333336,126.48290029410971,13.259641344580865,141.62388076997968,16.988276409232455,139.6005019911516,15.817427505457157,10.063726586456273,6.455689031751799,0.39079295482698745,38.00084762126538
R/L,15,Mitch Garver,641598,R,2023,83,188,26,13.829787234042554,126.33717730183851,14.622535568365976,147.58255822292784,20.185958193620856,119.46640699581248,18.081775444594694,10.008350614214143,7.670835214050195,0.4752570240915051,38.00084762126538
R/L,16,Will Smith,669257,R,2023,144,329,88,26.74772036474164,125.61174148003259,14.899003116993915,147.7513881368535,20.932633162373353,143.98755882192597,18.145932242924697,9.732678852979603,7.954578031151962,0.49339823709844766,38.00084762126538
R/L,17,Myles Straw,664702,R,2023,146,225,56,24.88888888888889,125.48936948589923,13.111168296210096,139.47031287972163,16.679340244770184,119.63628299588557,14.999053453059698,9.686176457957881,6.338290670647511,0.3820902498622151,38.00084762126538
R/L,18,Chris Taylor,621035,R,2023,162,337,69,20.474777448071215,122.582858245556,13.107606042132135,134.75582402020268,16.67200815285072,122.35355458652327,13.207507725432377,8.5816775504201,6.335504413569743,0.38188265316041,38.00084762126538
R/L,19,Zack Short,670097,R,2023,100,188,28,14.893617021276595,121.98127552172171,13.036748402982239,133.57807404112518,16.526925626204093,,12.759952750523643,8.353071016219975,6.2803718236936765,0.37776501886503716,38.00084762126538
R/L,20,Henry Davis,680779,R,2023,83,187,50,26.737967914438503,121.49620552688862,14.737504064011556,138.87175465352044,20.491690052353633,,14.771596253596433,8.168740306626967,7.7870159118169,0.48275974268548194,38.00084762126538
R/L,21,Jurickson Profar,595777,S,2023,147,283,65,22.968197879858657,120.97566828294413,12.190752524875547,129.90183504755387,14.897011467745754,109.6353587088361,11.362950772383071,7.970931741743687,5.660990627980493,0.33032709767158447,38.00084762126538
R/L,22,Lourdes Gurriel,666971,R,2023,158,291,83,28.52233676975945,120.26100650382864,13.698807505683563,132.69884496779446,17.942740632109565,97.95337102250431,12.42583825012538,7.699354208054589,6.818393526686824,0.4171081709115654,38.00084762126538
R/L,23,Dylan Carlson,666185,S,2023,86,195,47,24.102564102564102,119.50727078702003,14.331804164796578,133.4758766547859,19.441045711362424,,12.721116877467942,7.412928246843099,7.387762156755383,0.45654637808796866,38.00084762126538
R/L,24,Austin Slater,596103,R,2023,147,296,66,22.2972972972973,119.47505684020622,13.10651247169014,129.72520648492034,16.669758027100062,,11.295830421441071,7.4006866740015855,6.334649346711949,0.38181893471181083,38.00084762126538
R/L,25,Isaac Paredes,670623,R,2023,136,302,82,27.1523178807947,119.25504974202256,14.998839177929092,135.63261681947097,21.21225695585204,109.75787184624348,13.540696421036543,7.317082111864846,8.060837442824601,0.5000327715802301,38.00084762126538
R/L,26,Mark Canha,592192,R,2023,167,350,84,24.0,118.61661801809157,11.898070594263741,125.84180978818407,14.372168101442156,127.7883004124696,9.820106760185066,7.074472645288013,5.4615457001011425,0.31465617147835634,38.00084762126538
R/L,27,Chas McCormick,676801,R,2023,139,293,84,28.668941979522184,118.23411056988536,16.767608858156017,143.81633901133642,27.37852376882881,104.56467723585814,16.650580220915014,6.9291165727551824,10.40407109834456,0.6249214625122045,38.00084762126538
R/L,28,Mike Trout,545361,R,2023,94,197,49,24.873096446700508,118.18361744373897,17.96477686862685,157.0229359687996,33.79028898420673,126.4727328011262,21.669199006675267,6.909928756829077,12.84059622767362,0.7173429364700384,38.00084762126538
R/L,29,Carlos Santana,467793,S,2023,162,329,74,22.492401215805472,117.95086604654372,12.416814034267565,125.80834571710116,15.315303330637747,126.58237008135936,9.80739012952498,6.821481253044547,5.819945081410232,0.3426916518791167,38.00084762126538
R/L,30,Justin Turner,457759,R,2023,164,330,91,27.575757575757574,117.74786702887438,14.949433767641956,132.42371547052625,21.073189695679943,126.65368942926165,12.321286709107323,6.744339905667354,8.007990705195532,0.4967440321580468,38.00084762126538
R/L,31,Vladimir Guerrero,665489,R,2023,121,235,54,22.97872340425532,117.52762908475869,13.009942592202151,126.36200783562592,16.472414445546107,102.25647446780916,10.017786427522243,6.660647620119739,6.259657112995282,0.37621311549278663,38.00084762126538
R/L,32,Luis Matos,682641,R,2023,98,184,41,22.282608695652172,117.12352544146374,14.610012116552614,129.98212130791833,20.153050360216447,,11.393460231844989,6.507084810399247,7.658329958422726,0.4744433061584426,38.00084762126538
R/L,33,Taylor Ward,621493,R,2023,114,222,52,23.423423423423422,116.93072013273623,14.334834356977499,128.74399753777087,19.44861129049213,115.3324754856362,10.922962704588583,6.433817158823994,7.390637140952129,0.4567394548979361,38.00084762126538
R/L,34,Maikel García,672580,R,2023,117,199,50,25.125628140703515,116.8748759780628,14.92070089296613,130.58401268303646,20.992936425495635,136.28947362105848,11.622184056149168,6.41259590670116,7.977493782281711,0.49483637893559274,38.00084762126538
R/L,35,Isiah Kiner-Falefa,643396,R,2023,90,170,35,20.588235294117645,116.80015151837883,15.5504982661157,132.9775176847314,22.86570308175456,110.60987102608183,12.531736244650624,6.384199978640838,8.689160985628533,0.5374917340616084,38.00084762126538
R/L,36,Wilmer Flores,527038,R,2023,181,379,112,29.551451187335093,116.37761772103798,14.230620433351648,127.42689921151066,19.190704100188047,127.02037828231111,10.4224541766042,6.223633554164996,7.292630222560386,0.450122623607992,38.00084762126538
R/L,37,Matt Vierling,663837,R,2023,146,281,80,28.46975088967972,116.19597243848348,14.098544932331306,126.73575579246364,18.870428808033576,108.80266271074788,10.159813819087741,6.154606807130244,7.170922896820204,0.4418061499211713,38.00084762126538
R/L,38,Lane Thomas,657041,R,2023,194,376,88,23.404255319148938,116.13948098581866,13.47484517177463,125.11207360617149,17.448096629121647,93.19781642127178,9.542800825621232,6.133139576284048,6.630424612843658,0.4035810249514457,38.00084762126538
R/L,39,Sean Murphy,669221,R,2023,101,220,53,24.09090909090909,115.95434105618905,14.919664113459786,128.75823891064715,20.990049111834477,121.07934673613408,10.928374546994473,6.062784833739385,7.976396578616987,0.49476761294451194,38.00084762126538
R/L,40,Miguel Cabrera,408234,R,2023,99,190,40,21.052631578947366,115.90430202485788,13.71419604795475,125.26055374950462,17.97736164544828,104.64536446643868,9.599224538637088,6.0437695776920695,6.8315498052106065,0.41804581339319763,38.00084762126538
R/L,41,Randal Grichuk,545341,R,2023,132,268,88,32.83582089552239,115.81793738578416,17.24657910866331,141.06075485202143,29.627061925534772,90.30013909216356,15.603434883458002,6.010950282799007,11.258534656980402,0.6611334047033218,38.00084762126538
R/L,42,Ronald Acuña,660670,R,2023,145,301,71,23.588039867109632,115.72686572506527,15.676986723253084,131.1944245585073,23.273647167605432,127.31384981902254,11.854145742808942,5.976342279783061,8.844183196072686,0.5462712601749202,38.00084762126538
R/L,43,Miguel Vargas,678246,R,2023,92,193,33,17.098445595854923,114.69159899182664,13.969873142398683,123.74067251635097,18.565186338694033,119.11954873702206,9.02165678720216,5.582932146011401,7.054928171171097,0.43377857346680915,38.00084762126538
R/L,44,Bobby Witt,677951,R,2023,147,301,106,35.21594684385382,114.60876368814593,16.86619600400418,134.77755826662846,27.814125269731687,112.86190885830878,13.215766923298261,5.551454028483085,10.569603360938606,0.632291665772619,38.00084762126538
R/L,45,Marcell Ozuna,542303,R,2023,138,284,87,30.633802816901408,114.56338570618294,17.412891193802867,138.71341040045382,30.494811896366965,104.98547159223486,14.711424095271559,5.534210010703722,11.588287001129917,0.6739457578649889,38.00084762126538
R/L,46,Eugenio Suárez,553993,R,2023,156,329,73,22.188449848024316,114.45241914113792,13.272042521028895,121.89894171170556,17.0143803862752,113.62774652581312,8.321783470534953,5.4920417754104145,6.465608764290903,0.3915242805886182,38.00084762126538
R/L,47,Seiya Suzuki,673548,R,2023,166,348,73,20.977011494252874,114.39527288874696,11.587690156789748,119.29428792034602,13.834666507877847,127.35672683392228,7.331992952218905,5.470325715118059,5.257290538568896,0.29845366720201366,38.00084762126538
R/L,48,DJ LeMahieu,518934,R,2023,114,252,53,21.03174603174603,114.28895000106937,14.680678708649198,124.78036849682672,20.339750807003735,116.09727967287624,9.416750072467172,5.429922116585167,7.729277710714584,0.47904403814129637,38.00084762126538
R/L,49,Ramón Laureano,657656,R,2023,138,259,55,21.235521235521233,113.9623338493509,12.574164208437574,119.96759264139345,15.613540793349529,94.10541877480205,7.587854453290922,5.305805210464195,5.933277845164865,0.3514320991224645,38.00084762126538
R/L,50,Austin Riley,663586,R,2023,149,314,82,26.11464968152866,113.47524804590499,15.74057266451019,126.46274165037374,23.483235215900827,102.74734885668984,10.056066130967654,5.120708476511895,8.923828430937803,0.5507116052355834,38.00084762126538
R/L,51,Christian Walker,572233,R,2023,166,355,86,24.225352112676056,113.36731140193801,11.79230992710165,118.05908641193675,14.186891517449842,98.53550677426207,6.862605909192725,5.079691636910497,5.391139027740338,0.30908714362867934,38.00084762126538
R/L,52,Spencer Torkelson,679529,R,2023,159,301,65,21.59468438538206,113.04437202429006,13.289322600181913,119.6129408325978,17.050832881492724,107.91014271835184,7.453083759844427,4.956971936101432,6.479461021452663,0.3925444664272286,38.00084762126538
R/L,53,Jeimer Candelario,600869,S,2023,160,349,105,30.08595988538682,112.89772413008956,14.106877527304604,120.84378118760148,18.890423173744157,99.97627019125946,7.9208135276104175,4.901244493286507,7.17852092526672,0.4423285413621697,38.00084762126538
R/L,54,Anthony Santander,623993,S,2023,170,391,103,26.342710997442452,112.32080215427787,14.588997616188683,120.79726926783638,20.098001891802227,96.20599389259534,7.903138603854761,4.682009252364715,7.637411073822798,0.47307944436625293,38.00084762126538
R/L,55,Nico Hoerner,663538,R,2023,179,332,107,32.22891566265061,111.63283092095313,13.424770753828458,117.482586883032,17.339789663487238,108.8302737447785,6.643531201676318,4.42057435231084,6.58926704786971,0.4005870706964023,38.00084762126538
R/L,56,Enrique Hernández,571771,R,2023,162,314,81,25.796178343949045,111.62973335700359,12.927025174136073,116.80034503231016,16.305073810760835,106.139947817098,6.384273515575015,4.419397251754405,6.196066253362073,0.3714328926374356,38.00084762126538
R/L,57,Tyler O'Neill,641933,R,2023,79,173,42,24.277456647398843,111.30790517279269,14.272027350513364,118.28065703062364,19.292617353619207,,6.946804622373429,4.2970998138701315,7.331358122702636,0.45274588323321135,38.00084762126538
R/L,58,Ryan Mountcastle,663624,R,2023,160,328,138,42.073170731707314,111.26897096264322,16.911798658739745,125.9092684655962,28.020083619224966,87.91662169081957,9.845741629395777,4.282304483998695,10.64786927949282,0.6357154560930428,38.00084762126538
R/L,59,Patrick Bailey,672275,S,2023,113,204,43,21.07843137254902,111.25964764230972,13.98787207247416,117.708818379838,18.607493228622545,96.16939437450132,6.729501088048872,4.278761543245514,7.071005147946127,0.4348970632049683,38.00084762126538
R/L,60,Andruw Monasterio,655316,R,2023,93,212,56,26.41509433962264,111.24822236857449,16.708046725561395,124.93065572051961,27.121509811499887,114.92563848420026,9.473860491336936,4.274419842383079,10.306403616054611,0.6204896385489584,38.00084762126538
R/L,61,Matt McLain,680574,R,2023,101,186,42,22.58064516129032,111.14625729435573,15.363824466909751,120.27078019702537,22.284315701938308,114.25545738750296,7.7030682943132485,4.235672249902297,8.46822885333529,0.5246646992242116,38.00084762126538
R/L,62,Ryan Jeffers,680777,R,2023,94,200,52,26.0,110.9351186674492,15.824353951810307,121.0467510814727,23.76419401034006,94.39173861922944,7.997943807697468,4.155437782021916,9.0305951542912,0.5565896783591519,38.00084762126538
R/L,63,Owen Miller,680911,R,2023,98,219,63,28.767123287671232,110.80180978579781,16.816130464447156,124.20697028482246,27.591293427445336,,9.198853891660374,4.10477927703996,10.484925372099712,0.6285434537159326,38.00084762126538
R/L,64,Anthony Volpe,683011,R,2023,134,265,71,26.79245283018868,110.77274156620761,12.43973597500928,114.91104346926298,15.358378359803334,107.11963244876702,5.666322907495268,4.0937331072072745,5.836313957606262,0.3439580650161332,38.00084762126538
R/L,65,Ildemaro Vargas,545121,S,2023,107,189,65,34.39153439153439,110.73620342690184,15.310032094105248,119.28156633926787,22.121117701503124,,7.327158643578379,4.079848304566038,8.406212229868965,0.5209971812125589,38.00084762126538
R/L,66,Dylan Moore,664238,R,2023,92,192,46,23.958333333333336,110.39860087887259,16.55916430995493,122.13340940052453,26.49825037515662,,8.410883179684154,3.9515564747239322,10.069559747364648,0.6094807627724115,38.00084762126538
R/L,67,George Springer,543807,R,2023,144,286,63,22.02797202797203,110.32816599014215,11.838000986067534,113.69792405185035,14.266659528081128,119.40875774640084,5.20532724622031,3.9247906199852753,5.421451547910848,0.3114869921558547,38.00084762126538
R/L,68,Fernando Tatís,665487,R,2023,147,326,88,26.993865030674847,109.83042399354571,13.533646479891319,114.60323109410615,17.57632716801876,82.3863242738828,5.549351595852523,3.7356444423116155,6.6791533045338785,0.4071109906869011,38.00084762126538
R/L,69,Gleyber Torres,650402,R,2023,128,264,58,21.96969696969697,109.65323670552742,14.736918510852005,115.9743274226741,20.4901160561032,117.63176617360703,6.070379822412394,3.668311770987531,7.786417779900209,0.48272138125390857,38.00084762126538
R/L,70,José Altuve,514888,R,2023,111,252,84,33.33333333333333,109.29116692385068,14.639944775892257,115.12448649735127,20.231831756667567,94.16410925291684,5.747433067357314,3.5307221849699055,7.688267556842021,0.47638935486073314,38.00084762126538
R/L,71,Matt Chapman,656305,R,2023,113,219,45,20.54794520547945,109.23724997756054,12.81139807292339,112.88876108355187,16.074868332616525,121.67150950977174,4.897838459629499,3.510233288368152,6.108586220396648,0.36481797033251545,38.00084762126538
R/L,72,Evan Longoria,446334,R,2023,116,239,64,26.778242677824267,109.23330586870176,14.726968650554294,115.14706634688213,20.463397063915735,,5.756013601570643,3.5087344935707097,7.776264336393113,0.48206976756831865,38.00084762126538
R/L,73,Randy Arozarena,668227,R,2023,136,322,95,29.503105590062113,109.22070891109625,16.600756819180777,119.2456625829188,26.669692109910372,112.58594259309872,7.31351491183786,3.5039475429061246,10.134709059747676,0.6125463366163829,38.00084762126538
R/L,74,José Abreu,547989,R,2023,179,380,130,34.21052631578947,108.95486121050129,15.302303844223191,115.54880274268248,22.097825173513854,94.87559850585887,5.908676837177903,3.402923163298398,8.397360871800622,0.5204713325206025,38.00084762126538
R/L,75,Carlos Pérez,542208,R,2023,96,178,52,29.213483146067414,108.94729053877344,16.03812413464463,117.04744098527995,24.50723399936057,,6.4781720721413745,3.4000462438711936,9.31295664828395,0.5717291197099519,38.00084762126538
R/L,76,Carlos Correa,621043,R,2023,135,270,71,26.296296296296294,108.8856959199537,14.123559132734359,113.66978354499739,18.930535883015434,96.6855246773455,5.194633615091268,3.3766397666306034,7.19376409479366,0.4433752808588931,38.00084762126538
R/L,77,Taylor Walls,670764,S,2023,92,169,35,20.710059171597635,108.44115752708119,16.420943211013284,116.76083816174813,25.9426701007426,128.87518803507115,6.369260569892801,3.2077114093370946,9.858434533870769,0.5993484268404915,38.00084762126538
R/L,78,Tommy Pham,502054,R,2023,176,356,70,19.662921348314608,108.19729876406896,12.807622287710801,111.24867907455369,16.067411580032342,114.88059146935748,4.274593394526313,3.1150430123937163,6.105752591209638,0.3646029631483378,38.00084762126538
R/L,79,Kevin Newman,621028,R,2023,110,206,57,27.669902912621357,108.05695325666389,15.196727254129502,113.51754865974809,21.78340408220336,,5.136783068321271,3.06171052998142,8.277878192002602,0.5133142364760496,38.00084762126538
R/L,80,Edward Olivares,658668,R,2023,122,220,68,30.909090909090907,107.55360483767062,15.812551413136369,113.40090746324492,23.724277045198942,97.61011400423304,5.092458424974483,2.870433864275741,9.015426369192891,0.5557597270792779,38.00084762126538
R/L,81,Ketel Marte,606466,S,2023,198,384,123,32.03125,107.34657200386548,12.300897453414917,109.61022823396223,15.099357397018148,124.03099095574188,3.6519681872438086,2.791759632575459,5.737883796231129,0.33632315423394527,38.00084762126538
R/L,82,Tyler Stephenson,663886,R,2023,140,290,54,18.620689655172416,107.33419833530557,12.352509310659512,109.62030889067123,15.195121835057927,94.20937883524608,3.6557989222390184,2.787057533640854,5.774275094405986,0.339151350861748,38.00084762126538
R/L,83,William Contreras,661388,R,2023,175,352,86,24.431818181818183,106.6082514142749,14.247985081935692,109.67403563432129,19.233354075648453,103.5387454112724,3.6762155402253427,2.511191550368718,7.308837574745603,0.4512218012600424,38.00084762126538
R/L,84,José Caballero,676609,R,2023,121,246,79,32.113821138211385,105.80813295946395,14.13072622398827,108.14506846701195,18.94780470300667,,3.095195056796947,2.2071397555663843,7.200326392764521,0.44382538233016927,38.00084762126538
R/L,85,Ian Happ,664023,S,2023,191,417,123,29.496402877697843,105.67475777991686,13.232034216324305,107.45556095836976,16.930332810132075,126.90278551564744,2.8331763591006442,2.156456056822107,6.433669972951386,0.3891673542978222,38.00084762126538
R/L,86,Starling Marte,516782,R,2023,95,187,67,35.82887700534759,105.48346573403049,16.208294472547472,109.1377380352156,25.127658770928065,76.21736758710178,3.4724179067926904,2.0837634579532263,9.548723320331899,0.5839259932258555,38.00084762126538
R/L,87,Josh Jung,673962,R,2023,117,229,75,32.751091703056765,105.36650074925032,17.789677982319617,111.26500357144035,32.6665034088798,90.55903417306796,4.280796841713147,2.039315772316681,12.413548183603874,0.7034275037475111,38.00084762126538
R/L,88,Orlando Arcia,606115,R,2023,112,250,54,21.6,105.18260950915729,13.867547160934643,106.90193110060275,18.327021075125757,86.8335941240443,2.622792320464776,1.9694355423800685,6.96442335227573,0.4274471978844552,38.00084762126538
R/L,89,Eloy Jiménez,650391,R,2023,97,201,74,36.81592039800995,104.84295747879821,18.00405009053169,109.90362590576648,34.05382634256913,82.15685951730153,3.76346178943048,1.8403648918807847,12.940742657650024,0.7204827653330553,38.00084762126538
R/L,90,Francisco Álvarez,682626,R,2023,148,328,79,24.085365853658537,104.56679151869776,16.310167757118,107.00764014289803,25.512347951496753,94.81304596020485,2.662962652549304,1.7354194862012045,9.694908469655301,0.5912893099272661,38.00084762126538
R/L,91,Leody Taveras,665750,S,2023,150,284,71,25.0,104.52542080122481,12.352624760538612,105.3700743638316,15.19533673861169,104.2380573002444,2.040673776148285,1.7196982628944846,5.7743567595779846,0.3391576904911212,38.00084762126538
R/L,92,Jonathan India,663697,R,2023,134,269,54,20.074349442379184,104.5252967753699,12.798875561141521,105.46758452900559,16.050152301564395,124.61851312076156,2.077728465431296,1.719651132018348,6.0991939190985045,0.3641051356216923,38.00084762126538
R/L,93,Manuel Margot,622534,R,2023,99,159,46,28.930817610062892,104.51898646377374,15.872348060726086,106.60519527544336,23.927676238458336,91.2954363209242,2.5100301917082515,1.7172531601242678,9.092719786686276,0.5599709898557458,38.00084762126538
R/L,94,Dansby Swanson,621020,R,2023,161,338,83,24.556213017751478,104.31631634779201,12.14574588375612,105.01721462267197,14.815108503580673,110.8113763964133,1.9065840835934196,1.6402367981762078,5.629866807370822,0.32789255234370535,38.00084762126538
R/L,95,Jorge Soler,624585,R,2023,134,279,71,25.448028673835125,104.10882006997659,14.093965870953587,105.08058364760143,18.859453126776348,116.123465028335,1.9306648501959451,1.5613864538237743,7.166752044910249,0.4415192084029943,38.00084762126538
R/L,96,Bo Bichette,666182,R,2023,107,200,61,30.5,104.02177759128494,15.667380062216019,105.39317064317414,23.242249467185733,99.7988323404305,2.049450558067426,1.5283095741303865,8.832251803779615,0.545601968937103,38.00084762126538
R/L,97,Ezequiel Duran,677649,R,2023,131,267,92,34.45692883895131,103.76406526957726,17.12353909748427,105.4191690309872,29.01602074023571,86.030873916752,2.0593301658042544,1.4303767074570275,11.026333827251731,0.6517337790233056,38.00084762126538
R/L,98,Jon Berti,542932,R,2023,128,213,53,24.88262910798122,103.45088863556104,11.183174583659458,103.6708251425518,13.161047554579788,111.69093940627988,1.3949446688642106,1.3113669319791164,5.001309626578139,0.2779798915136277,38.00084762126538
R/L,99,Spencer Steer,668715,R,2023,180,350,96,27.42857142857143,103.27642217457299,11.594556746106965,103.44551218748373,13.846356677996244,112.33829782413548,1.3093238361378212,1.2450681979888296,5.261732902302256,0.2988074850787023,38.00084762126538
R/L,100,Manny Machado,592518,R,2023,150,302,86,28.47682119205298,102.29963425971296,13.63385452002703,101.89128978221541,17.797523728510768,98.04172138013264,0.718706148216242,0.8738805108799357,6.763209872429926,0.4131621060318053,38.00084762126538
R/L,101,Xander Bogaerts,593428,R,2023,174,330,76,23.03030303030303,101.79703711226134,12.566431959888321,101.21153645915838,15.598744406535134,114.0655774796442,0.4603941237208531,0.6828893347280167,5.927655092758073,0.35100001873947356,38.00084762126538
R/L,102,Stuart Fairchild,656413,R,2023,112,204,47,23.03921568627451,101.77141703432159,13.644886725858944,100.98902719853368,17.822085322702804,,0.37583871864765384,0.6731534879496854,6.772543486412195,0.4138310193666609,38.00084762126538
R/L,103,J. D. Martinez,502110,R,2023,136,286,84,29.37062937062937,101.15111447689804,14.685156332085374,99.55979948926776,20.351664017604843,90.02607818694848,-0.1672799253113902,0.4374332583123535,7.733804831721913,0.47933630064021593,38.00084762126538
R/L,104,Emmanuel Rivera,656896,R,2023,100,225,66,29.333333333333332,101.10663216251261,15.214018365236328,99.22785757591339,21.83442319165473,,-0.29342066599629923,0.4205296018043324,8.297265886042942,0.5144830174714459,38.00084762126538
R/L,105,Garrett Cooper,643265,R,2023,111,226,88,38.93805309734513,101.04366945577348,16.108046013933855,98.5421168699264,24.758916313453565,90.84266064228484,-0.5540079467554001,0.39660323955816923,9.408598060952105,0.5767251550621195,38.00084762126538
R/L,106,Jonah Heim,641680,S,2023,88,167,59,35.32934131736527,101.02275549885536,17.20971219480155,97.44524923665743,29.441328948572135,106.01150048293592,-0.9708269446809218,0.3886557586581366,11.18795455142239,0.658309900191454,38.00084762126538
R/L,107,Patrick Wisdom,621550,R,2023,131,276,65,23.55072463768116,100.94807114901553,14.60630067183468,99.20605265616081,20.143312483131826,100.95115464233407,-0.30170672032541385,0.36027507267857056,7.654629482590252,0.4742022869959912,38.00084762126538
R/L,108,Pete Alonso,624413,R,2023,179,390,108,27.692307692307693,100.60849983096021,13.2264829190699,99.16352747072816,16.918709306198938,96.61704899083162,-0.3178666512423379,0.2312350935388484,6.429252942933504,0.3888408843912047,38.00084762126538
R/L,109,Harrison Bader,664056,R,2023,98,190,61,32.10526315789474,100.51749376684602,16.056675926715755,97.34701484266762,24.573580164043637,68.67689990782605,-1.008156847052665,0.196652017788703,9.338168753227718,0.5730525580561133,38.00084762126538
R/L,110,Mauricio Dubón,643289,R,2023,117,177,73,41.24293785310734,100.39075576207924,14.455955240137827,98.23195598780447,19.75436948503515,92.6936469134492,-0.6718717109513306,0.14849050171904699,7.506827846549953,0.4644904199009214,38.00084762126538
R/L,111,Jorge Polanco,593871,S,2023,90,164,59,35.97560975609756,99.92170877268153,16.162330041240782,95.82656929421022,24.957409530543742,105.61499971100892,-1.5859390430862774,-0.029751329994111675,9.484027165917091,0.5806188261117337,38.00084762126538
R/L,112,AJ Pollock,572041,R,2023,80,160,58,36.25,99.8079402802314,17.243411180852394,93.82152413723469,29.611011048375335,,-2.347873197926107,-0.07298432145109457,11.252435187609167,0.6608905472033081,38.00084762126538
R/L,113,Nick Allen,669397,R,2023,100,166,50,30.120481927710845,99.66322392161372,15.4565498875279,96.021375778301,22.570123432207524,,-1.5119109279105878,-0.12797776437244401,8.576838213404693,0.5310168367618668,38.00084762126538
R/L,114,Alec Bohm,664761,R,2023,167,314,111,35.35031847133758,99.3833607851856,13.801502091617346,96.8161883377247,18.175381692222587,106.13129984154614,-1.2098754183293123,-0.23432812839458494,6.90679910144487,0.4233854046847103,38.00084762126538
R/L,115,Ty France,664034,R,2023,157,303,114,37.62376237623762,99.1537270886228,14.624468512132287,95.77749576739595,20.191044204366708,93.32786762823648,-1.6045873992333448,-0.3215908795124971,7.672767941243727,0.47538268024947816,38.00084762126538
R/L,116,Alejandro Kirk,672386,R,2023,127,281,72,25.622775800711743,98.96048996665567,15.27049848238573,94.74340164509194,22.002367045485435,117.92579415792598,-1.9975519309105565,-0.3950226237789414,8.36108597402643,0.5183100140723287,38.00084762126538
R/L,117,Tommy Edman,669242,S,2023,162,260,85,32.69230769230769,98.94362114061884,11.750900316471705,97.20061784687087,14.114955643595867,106.42747110997487,-1.0637889463474963,-0.401432920656696,5.363802785932063,0.30692018809682353,38.00084762126538
R/L,118,Ramón Urías,602104,R,2023,123,240,72,30.0,98.81723500612023,14.877074861748916,94.88362513289735,20.871949481583005,101.83639840309868,-1.9442658169803968,-0.44946072304192186,7.931517718083847,0.49194694529560706,38.00084762126538
R/L,119,Francisco Lindor,596019,S,2023,201,399,100,25.062656641604008,98.63806267774818,13.752231195301903,95.561942180756,18.06329333323966,97.01916454033449,-1.6864995892345642,-0.5175477265260535,6.864204574946591,0.42036785739784976,38.00084762126538
R/L,120,Eduardo Escobar,500871,S,2023,113,259,103,39.768339768339764,98.3195066413966,17.576591921724184,88.32556543306701,31.400643081732007,88.67645716956808,-4.436384090424538,-0.6386017204883614,11.93251052958639,0.6866770155608868,38.00084762126538
R/L,121,Alan Trejo,676701,R,2023,105,217,62,28.57142857142857,97.79430563950599,14.869023991645943,92.88067107663556,20.849734902611697,,-2.705405335824394,-0.8381825529221725,7.923075989779254,0.4914146458573711,38.00084762126538
R/L,122,J. T. Realmuto,592663,R,2023,148,304,101,33.223684210526315,97.72021915282387,14.484389896931223,93.2120280281318,19.827115806591433,89.77432574130303,-2.5794868856038384,-0.8663360458341955,7.534472065354633,0.4663195090284538,38.00084762126538
R/L,123,Nick Senzel,669222,R,2023,126,215,57,26.51162790697674,97.61362478147038,12.613330500903345,94.73265119268827,15.688717212697856,,-2.0016371939470705,-0.9068428104650823,5.961845521728545,0.35362480613868197,38.00084762126538
R/L,124,Byron Buxton,621439,R,2023,89,185,43,23.243243243243246,96.72134578164581,15.356333804916678,89.93789291139984,22.261477087391167,90.48878688973323,-3.8236859822274893,-1.2459163935449675,8.459549986222424,0.5241532213861777,38.00084762126538
R/L,125,Josh Bell,605137,S,2023,186,398,107,26.884422110552762,96.60847711715466,12.905253234770026,92.92253032518732,16.261450135292698,95.57820512294607,-2.68949846656683,-1.288807442750402,6.17948888692063,0.3701827976889678,38.00084762126538
R/L,126,Austin Hays,669720,R,2023,166,347,102,29.394812680115272,96.53460343992384,12.756772865657249,92.93891032983659,15.967356493693392,96.0706207817887,-2.68327392595971,-1.3168800662671138,6.067730810312648,0.3617135828013843,38.00084762126538
R/L,127,Willy Adames,642715,R,2023,159,379,112,29.551451187335093,96.52065156175748,14.229516015050223,91.31674232622314,19.187995820985304,82.8113609692413,-3.299711517173782,-1.3221818982294178,7.291601053507394,0.4500527595602233,38.00084762126538
R/L,128,Elvis Andrus,462101,R,2023,107,203,47,23.15270935960591,96.51860618652678,13.117617124328522,92.57894088837025,16.69262310032684,95.29570311021313,-2.820065364894449,-1.3229591581541162,6.343338268347347,0.38246621030577704,38.00084762126538
R/L,129,Stone Garrett,656448,R,2023,143,288,96,33.33333333333333,96.44776119241266,15.431966102547065,89.21431268089896,22.493785173717207,,-4.09865260303773,-1.3498808564147193,8.54782902811906,0.529329005744418,38.00084762126538
R/L,130,Nick Ahmed,605113,R,2023,122,224,78,34.82142857142857,96.24784021608706,14.60968984331059,90.26153290187801,20.15220453248816,,-3.700700042604401,-1.4258525219911573,7.658008536716562,0.47442237548503263,38.00084762126538
R/L,131,Trayce Thompson,572204,R,2023,81,209,44,21.052631578947366,96.18488354578808,16.700477214047627,85.26523569162437,27.089169048422228,,-5.59933533217842,-1.449776590338895,10.294113851957915,0.6199275453723472,38.00084762126538
R/L,132,Ozzie Albies,645277,S,2023,133,253,109,43.08300395256917,96.1795496438497,16.680973869386857,85.31806607640434,27.006170353605306,77.80505979152662,-5.57925933816046,-1.4518035182867681,10.262573644412898,0.6184804489211961,38.00084762126538
R/L,133,Jake Rogers,668670,R,2023,108,204,49,24.019607843137255,95.99419475058788,13.652500954350707,91.12386290085682,17.839061833794844,102.11754777243526,-3.3730073337000044,-1.5222399488337506,6.778994704523687,0.41429300680209125,38.00084762126538
R/L,134,James McCann,543510,R,2023,114,200,71,35.5,95.97684435104418,13.767540895642211,90.95145126333756,18.09802811196361,,-3.4385252173550254,-1.5288332477260338,6.8774040852810625,0.4213043291775343,38.00084762126538
R/L,135,Yuli Gurriel,493329,R,2023,104,183,65,35.51912568306011,95.88381005587034,15.16452504654793,88.56912132407344,21.688876025183397,,-4.343830787410572,-1.5641870684705617,8.241956729095103,0.5111410925145387,38.00084762126538
R/L,136,Gabriel Moreno,672515,R,2023,116,226,63,27.876106194690266,95.81508121417546,14.663590275537006,89.34784067230933,20.29437708572164,101.54928970883746,-4.047910834490136,-1.59030461087489,7.7120353120300775,0.4779294646512784,38.00084762126538
R/L,137,Yan Gomes,543228,R,2023,140,254,95,37.40157480314961,95.4675207195527,14.0113732060339,89.72920727000201,18.662922765074626,83.52014538291881,-3.9029882948225416,-1.7223805448282077,7.092068841630456,0.4363596387486043,38.00084762126538
R/L,138,Santiago Espinal,669289,R,2023,115,207,51,24.637681159420293,95.09862232687836,12.525233691465479,90.9327003628769,15.520155724481565,,-3.4456507184666956,-1.862565060905678,5.897790727443335,0.3487023277233524,38.00084762126538
R/L,139,Miguel Rojas,500743,R,2023,145,251,75,29.880478087649404,94.86048082466968,13.657246345717272,89.181492854275,17.849652216133347,83.32664375675431,-4.11112441534266,-1.9530608502829883,6.783019139578651,0.4145810601245321,38.00084762126538
R/L,140,Amed Rosario,642708,R,2023,193,365,143,39.178082191780824,94.60006509606313,12.77065062876346,89.89205700401143,15.994595925715192,74.10254395714692,-3.8411040155499814,-2.0520210344925705,6.078082025368151,0.36250100857265133,38.00084762126538
R/L,141,Christopher Morel,666624,R,2023,101,202,55,27.22772277227723,94.48086322244575,14.833819935839434,86.44077819245685,20.75300496108947,90.89832742751165,-5.152619217713861,-2.0973187568476055,7.8863177920972545,0.4890904436707445,38.00084762126538
R/L,142,Kyle Farmer,571657,R,2023,128,232,74,31.896551724137932,94.19389092931945,14.06730275691392,87.3735287084766,18.795711058577435,82.63265603552624,-4.798166115434628,-2.2063706606737847,7.142529518703337,0.4398502471393126,38.00084762126538
R/L,143,Michael Taylor,572191,R,2023,112,263,73,27.756653992395435,94.12095900880192,17.15269699861554,77.5688297320441,29.15857242673223,84.55608237404505,-8.524034833192513,-2.2340854086569113,11.080504676418817,0.6539552086314726,38.00084762126538
R/L,144,Brent Rooker,667670,R,2023,174,356,87,24.43820224719101,93.89537755634002,11.487731868901895,90.16618291766439,13.665482841638347,93.41725683343056,-3.7369338448123215,-2.3198082726687934,5.192999311361155,0.2933268051416563,38.00084762126538
R/L,145,Javier Báez,595879,R,2023,140,272,110,40.44117647058824,93.8625899772925,15.40771484943064,83.78921542940425,22.41888045600642,47.33411112761321,-6.160235542883692,-2.332267830621344,8.519364600480644,0.5276666375067962,38.00084762126538
R/L,146,Joey Wiemer,686894,R,2023,121,225,74,32.88888888888889,93.57703399679305,13.501457407497265,87.24037057037282,17.5059896769838,91.60048376257186,-4.848767336590757,-2.4407815236443513,6.652424461745061,0.4051767091972468,38.00084762126538
R/L,147,Luis Rengifo,650859,S,2023,121,214,64,29.906542056074763,93.21002286152942,14.430449338346405,84.87784841639115,19.689432094388973,104.02192687249774,-5.7465457803439675,-2.5802488659089615,7.482151087681274,0.46285278402405877,38.00084762126538
R/L,148,Bryan De La Cruz,650559,R,2023,154,331,111,33.53474320241692,92.65920306053532,14.598969323014275,83.45926360781306,20.124096565740647,98.8081494851938,-6.285620031830149,-2.7895650591524883,7.647327271103402,0.4737263732154875,38.00084762126538
R/L,149,Jorge Mateo,622761,R,2023,138,260,82,31.538461538461537,92.23284162880606,13.101856959646792,85.66441594181342,16.660182757060955,75.01868844126665,-5.447643453569893,-2.9515860171397694,6.331010662935063,0.38154773412320314,38.00084762126538
R/L,150,Andy Ibáñez,628451,R,2023,119,202,75,37.12871287128713,92.05955865057135,14.269536803039772,83.11377032049819,19.286466757097127,88.48051796885184,-6.416910409484374,-3.0174350176523292,7.329020843890482,0.4525878837138626,38.00084762126538
R/L,151,Casey Schmitt,669477,R,2023,115,196,69,35.204081632653065,91.95844297535704,14.769120897326168,81.68030317492074,20.576938724312186,,-6.961640075176164,-3.0558598313117313,7.819411129747022,0.48483332403357343,38.00084762126538
R/L,152,Matt Duffy,622110,R,2023,106,171,44,25.730994152046783,91.94493096169583,12.63972947704872,85.92380657111705,15.739604263944667,,-5.34907281578438,-3.060994511033692,5.981183032531801,0.35510658796920713,38.00084762126538
R/L,153,Harold Ramírez,623912,R,2023,125,229,100,43.66812227074236,91.90941791160857,14.008924691911318,83.42175343322117,18.657137658431342,83.67861716069561,-6.299874216119285,-3.074489771083019,7.0898704520702145,0.4362071427202759,38.00084762126538
R/L,154,Willi Castro,650489,S,2023,129,254,87,34.25196850393701,91.50686135606477,13.676475504873771,83.41406679459094,17.89264648765899,90.47535765662457,-6.302795203952354,-3.2274646743446307,6.799357327186985,0.415749327465568,38.00084762126538
R/L,155,Whit Merrifield,593160,R,2023,146,273,85,31.135531135531135,91.33612960270632,12.930089117473337,84.50969802459764,16.311223377404254,94.0321899121904,-5.886446049746513,-3.2923441877794897,6.198403140811607,0.3716089863930591,38.00084762126538
R/L,156,José Ramírez,608070,S,2023,224,413,117,28.329297820823246,91.2793728905621,11.124852910405293,86.87733211790308,13.066270608545304,92.34851183075487,-4.986725025720384,-3.3139122194762534,4.965293583735486,0.27508805113193924,38.00084762126538
R/L,157,Esteury Ruiz,665923,R,2023,147,243,91,37.4485596707819,91.14623136949727,13.630520786339886,82.89223568285156,17.790109916697613,83.77943608435962,-6.50109544956479,-3.3645071260167385,6.760392561099882,0.4129600789333961,38.00084762126538
R/L,158,Jake Meyers,676694,R,2023,79,166,55,33.13253012048193,90.86510500657025,15.664232959507867,76.45184703360135,23.231978787587426,98.76321955979404,-8.948497726383632,-3.4713375268158435,8.828348858475794,0.5453828010897737,38.00084762126538
R/L,159,Jordan Westburg,676059,R,2023,82,176,46,26.136363636363637,90.82871438425497,14.470310503260418,80.33713629376786,19.791048868893867,,-7.472054874982374,-3.4851662717503005,7.520766323318523,0.465413388020773,38.00084762126538
R/L,160,Danny Jansen,643376,R,2023,85,182,50,27.472527472527474,90.7556631937424,15.84315873195322,75.45522071918425,23.82802521102053,,-9.327224173478706,-3.512926343342505,9.054851551596611,0.5579133046498028,38.00084762126538
R/L,161,Keibert Ruiz,660688,S,2023,159,273,101,36.996336996337,90.64591853793948,14.559404447847838,79.7464311972879,20.020842263016895,85.80255241962465,-7.696527818586764,-3.554630242766649,7.608089760862949,0.47116214738952367,38.00084762126538
R/L,162,Salvador Pérez,521692,R,2023,142,300,156,52.0,90.59938629014016,17.234536044839107,66.7389020279946,29.566135225185498,83.50078092591768,-12.639499157501561,-3.5723128913476216,11.235381994420008,0.6602104052107303,38.00084762126538
R/L,163,J. D. Davis,605204,R,2023,160,289,77,26.643598615916954,89.74365330733721,12.318470200866388,83.05818058338892,15.131894344883358,99.07908067697822,-6.438034980776326,-3.8974986781874787,5.750248112209999,0.3372847659209433,38.00084762126538
R/L,164,Yasmani Grandal,518735,S,2023,96,227,66,29.074889867841406,89.58208751190483,17.689082431786066,59.210310805529936,32.05588931992195,94.74192455943438,-15.500427635978319,-3.9588950499178193,12.181509654105026,0.695494632952596,38.00084762126538
R/L,165,Bryan Reynolds,668804,S,2023,202,403,114,28.287841191067,89.37422996495442,12.40157055156786,82.35936046245261,15.286726507634432,99.481727342823,-6.703592550080076,-4.037882679603744,5.809085646445744,0.34185075859545144,38.00084762126538
R/L,166,Connor Wong,657136,R,2023,107,215,71,33.02325581395349,89.22963335103279,15.800168485973883,72.21308705706028,23.68251719303957,73.03649580368072,-10.559262446100188,-4.0928306185256185,8.99955727140694,0.5548896287132064,38.00084762126538
R/L,167,Elías Díaz,553869,R,2023,143,293,111,37.883959044368595,88.94242186226462,13.685742662988417,79.00175287186676,17.913412928075967,71.7541643189878,-7.979511894298649,-4.201973418723176,6.807248750566202,0.41631294052258594,38.00084762126538
R/L,168,Donovan Solano,456781,R,2023,153,307,99,32.24755700325733,88.29824091482128,11.898536114348143,81.60284573172969,14.372988618031105,95.7420431571963,-6.9910745601345194,-4.4467676389663415,5.461857503359816,0.31468079423242135,38.00084762126538
R/L,169,Andrew Vaughn,683734,R,2023,142,270,93,34.44444444444444,88.1893235590558,14.23750680006321,76.14283881873135,19.207602654635043,77.35031873856742,-9.065923467253576,-4.488157157363899,7.299051816485986,0.4505583684104081,38.00084762126538
R/L,170,Trey Mancini,641820,R,2023,108,222,71,31.98198198198198,88.14134662483319,15.06215281170239,73.14957387136604,21.392496379341214,,-10.203389518802613,-4.506388799031182,8.129329951498168,0.5042631938440462,38.00084762126538
R/L,171,Ke'Bryan Hayes,663647,R,2023,167,296,94,31.756756756756754,87.88117441546022,13.266362369772931,78.24396988052581,17.00241805855861,96.08797042812114,-8.267475854137986,-4.605256443867884,6.461062978363365,0.3911892242118709,38.00084762126538
R/L,172,Edmundo Sosa,624641,R,2023,123,220,100,45.45454545454545,87.23734419630159,15.502597424848881,69.29912511766261,22.714227755904716,,-11.666592682432366,-4.849917384390014,8.631599077868517,0.5341855181332144,38.00084762126538
R/L,173,Adam Duvall,594807,R,2023,93,186,71,38.17204301075269,86.77073480093549,16.722189536907305,60.31524423469378,27.182128042281075,79.17760919787337,-15.080543567245345,-5.027232909709598,10.329439057564477,0.6215405312255938,38.00084762126538
R/L,174,Aledmys Díaz,649557,R,2023,135,226,73,32.30088495575221,86.5014897821257,12.484402610862436,77.82002787397373,15.442676075889562,,-8.42857741005038,-5.129548299035351,5.8683478042443955,0.34643255997196015,38.00084762126538
R/L,175,Jordan Walker,691023,R,2023,120,236,77,32.6271186440678,86.36625812943743,13.708111922507664,74.52197594953435,17.96366363633632,85.45794268837967,-9.681865096326794,-5.180937473309141,6.826344445640824,0.41767497444943275,38.00084762126538
R/L,176,Jordan Diaz,672478,R,2023,116,205,73,35.609756097560975,85.47632656158885,13.602683842086508,73.31862084550148,17.728352932420663,,-10.139150235753045,-5.519119012340814,6.736924383609309,0.4112750650618834,38.00084762126538
R/L,177,Teoscar Hernández,606192,R,2023,150,287,105,36.58536585365854,85.261620930821,15.102299769305414,67.14657116983014,21.507987369952072,78.40812574742068,-12.48458142811372,-5.600708971923182,8.17321750685649,0.5069549223822596,38.00084762126538
R/L,178,Cal Raleigh,663728,S,2023,108,211,75,35.54502369668246,85.25492255619525,15.658338794653066,64.1463558277319,23.212762938527803,85.74274881998812,-13.624688688574297,-5.6032544110578115,8.821046672955514,0.5449724431292211,38.00084762126538
R/L,179,Luis Robert,673357,R,2023,119,252,108,42.857142857142854,84.39694198747678,16.846846970875006,52.81251642143282,27.727604219820453,65.65698644998648,-17.93164373100094,-5.929294299596586,10.536724628601519,0.630841757947349,38.00084762126538
R/L,180,Shea Langeliers,669127,R,2023,144,298,93,31.20805369127517,84.27184101292863,12.032435686861138,75.44248050746313,14.610855977590722,80.51157178075664,-9.332065561921477,-5.976833730307348,5.552249116206794,0.3218031341524054,38.00084762126538
R/L,181,Mark Vientos,668901,R,2023,88,185,67,36.21621621621622,84.25727512293996,15.745648438017904,61.398278470949585,23.500099660463846,,-14.668981377439641,-5.982368891966624,8.93023706281837,0.551066832218247,38.00084762126538
R/L,182,Willson Contreras,575929,R,2023,121,264,88,33.33333333333333,83.90333338124634,14.364195869071178,67.8284080808729,19.522128756561198,93.78389496084066,-12.225477622522812,-6.116869753895671,7.41857440120805,0.45861241622736904,38.00084762126538
R/L,183,Julio Rodríguez,677594,R,2023,165,332,117,35.24096385542169,82.87910065219351,13.106140032597954,70.52692914192201,16.66899177746956,76.24756927146453,-11.200016746085788,-6.506086872550159,6.334358165357463,0.381797235228097,38.00084762126538
R/L,184,Tim Anderson,641313,R,2023,130,234,79,33.76068376068376,82.70234888143924,12.853793281086451,70.99207697226804,16.15885515567049,77.95107276697952,-11.023256627862372,-6.573254043622383,6.140501925047327,0.367236461190316,38.00084762126538
R/L,185,Drew Waters,671221,S,2023,86,175,57,32.57142857142858,82.4266437361304,16.047367722594664,55.04888081834223,24.540253038858086,80.70857436192635,-17.081806304275162,-6.678024335775179,9.325504163169407,0.5723883428603859,38.00084762126538
R/L,186,Gabriel Arias,672356,R,2023,119,239,84,35.146443514644346,82.42044218560002,14.21647283951519,65.73324210672504,19.15605003203829,85.68188039350972,-13.021658451771343,-6.680380977542387,7.279461382928228,0.44922807560339256,38.00084762126538
R/L,187,Martín Maldonado,455117,R,2023,99,197,63,31.979695431472084,82.32350312527164,15.130437822689924,61.02693897381714,21.589498153564463,66.91015449660956,-14.810093533902513,-6.717218642143262,8.204192295531934,0.5088457620086289,38.00084762126538
R/L,188,Trea Turner,607208,R,2023,208,442,147,33.257918552036195,80.9594688931817,12.93745853678583,67.97309767119532,16.32602495459603,74.45771914426537,-12.17049435178056,-7.235563212181657,6.204027865605798,0.3720326993038157,38.00084762126538
R/L,189,Ezequiel Tovar,678662,R,2023,176,356,158,44.38202247191011,80.9189916480927,13.02874932547796,67.61273747872801,16.510637702200363,68.1531303345711,-12.30743427940776,-7.250944908409213,6.274182274512351,0.3773015835784419,38.00084762126538
R/L,190,Nolan Arenado,571448,R,2023,143,281,104,37.01067615658363,80.75397977586967,14.771279926482798,59.91928127163227,20.582778907949308,80.14547150180704,-15.231012849474993,-7.313650818529684,7.821630449031766,0.4849750854560903,38.00084762126538
R/L,191,Paul DeJong,657557,R,2023,119,232,87,37.5,79.9771671003632,14.373174451915766,60.5315041536916,19.54468623409037,67.52947113775315,-14.99836296496111,-7.608846219651571,7.427146433871114,0.45918592225942967,38.00084762126538
R/L,192,Jeremy Peña,665161,R,2023,174,298,111,37.24832214765101,79.76814732719288,11.677661894704515,69.7160606673999,13.988547700108521,72.91905879808408,-11.508153639497817,-7.688275505152342,5.3157666959462615,0.30310630141109896,38.00084762126538
R/L,193,Kevin Pillar,607680,R,2023,111,227,93,40.969162995594715,78.68846020608724,14.994097648962525,54.524691393456074,21.198850924925416,,-17.281002728872938,-8.09856576283012,8.055743037440113,0.4997166744359933,38.00084762126538
R/L,194,Hunter Renfroe,592669,R,2023,138,285,94,32.98245614035088,78.46784159435784,12.54378345906211,65.33828362616757,15.555489199707926,84.83038346315483,-13.171746022135256,-8.182402705297562,5.911217747523402,0.3497359430767196,38.00084762126538
R/L,195,Brandon Drury,592273,R,2023,131,256,78,30.46875,78.41227389026614,13.324232606385547,62.463803226910656,17.12475709891744,73.6325660573131,-14.264072938560014,-8.203518903856086,6.507552850671442,0.3946095421999561,38.00084762126538
R/L,196,Thairo Estrada,642731,R,2023,149,307,116,37.785016286644954,77.90029042806256,14.914282469839803,53.473241363450306,20.975071307596778,73.55694782330325,-17.680562652589177,-8.398076959174144,7.970704886051608,0.49441074395265155,38.00084762126538
R/L,197,Elly De La Cruz,682829,S,2023,122,247,94,38.05668016194332,75.92916997588952,15.503548395128579,45.014850918803035,22.717219285441875,82.79562365177966,-20.89482271667126,-9.147119438636022,8.632735884449477,0.5342510568450225,38.00084762126538
R/L,198,Brenton Doyle,686668,R,2023,132,254,81,31.88976377952756,75.7422094263766,13.535401205679229,57.09997624106917,17.580171378547757,69.38329213039808,-16.302372658117946,-9.218166032168305,6.6806141371192425,0.4072165667363736,38.00084762126538
R/L,199,Nick Castellanos,592206,R,2023,188,355,151,42.53521126760563,75.18071414342594,12.308089674490189,61.11932972085988,15.112665652782256,62.94504689550352,-14.774984266902651,-9.431538999042978,5.742941046225096,0.3367165592914945,38.00084762126538
R/L,200,Jake Burger,669394,R,2023,138,258,94,36.434108527131784,75.07480254401928,13.65040892226461,55.41767060869253,17.834395485741375,62.03212008215187,-16.94166305800136,-9.47178630454675,6.77722145271041,0.4141660486922217,38.00084762126538
R/L,201,Joey Meneses,608841,R,2023,190,376,128,34.04255319148936,74.39877377414024,12.085972784934603,60.706189560659986,14.707017475949284,84.08318796785946,-14.931981029642468,-9.7286829672644,5.588791300668357,0.3246731655279841,38.00084762126538
R/L,202,Rodolfo Castro,666801,S,2023,122,225,70,31.11111111111111,73.1347539319751,13.703782279725067,51.8232510783647,17.95392369474675,,-18.30757294659024,-10.20902122138813,6.822643185278971,0.41741117475708867,38.00084762126538
R/L,203,Nelson Cruz,443558,R,2023,89,184,72,39.130434782608695,70.24437411623006,15.81248453684289,29.417334490523416,23.724051183881375,,-26.82201116728363,-11.307390050845216,9.015340539977768,0.555755026121027,38.00084762126538
R/L,204,Yainer Diaz,673237,R,2023,103,203,94,46.30541871921182,69.71735429258726,14.743812624240816,38.71447618416373,20.50865889316751,80.23721115589414,-23.289018519150247,-11.507662050961573,7.793464215157677,0.483173133003772,38.00084762126538
R/L,205,José Siri,642350,R,2023,93,185,70,37.83783783783784,69.49172859925905,14.588411474435382,39.519997760442806,20.096469529533216,78.69286661463794,-22.98291349239202,-11.593401726877653,7.636828763171945,0.4730414313304162,38.00084762126538
R/L,206,Elehuris Montero,660707,R,2023,111,234,107,45.72649572649573,60.78544355957728,15.579455667760952,11.470804991172216,22.95806517748037,55.157178338492685,-33.64184449563752,-14.901863838280146,8.724259364885105,0.5394953811947776,38.00084762126538
L/R,1,Juan Soto,665742,L,2023,498,1117,168,15.04028648164727,154.32211893413597,9.036588615121264,165.76165384879513,10.000994372829616,153.7619459679887,24.989985872304636,20.642865640803564,3.8004626322303077,0.18356303862964754,38.00084762126538
L/R,2,Lars Nootbaar,663457,L,2023,380,763,121,15.858453473132371,146.50394545344264,9.922196618164103,158.742089564842,11.244087783423227,150.74655423710828,22.32249194508283,17.67189344963911,4.272848664979977,0.22130532922117707,38.00084762126538
L/R,3,Geraldo Perdomo,672695,S,2023,423,859,142,16.530849825378347,141.10270440785084,7.853030492618536,147.1637185083556,8.461393538108835,143.25067612524396,17.92261280288275,15.61937607024653,3.215401265052334,0.13862794401300393,38.00084762126538
L/R,4,Cavan Biggio,624415,L,2023,285,553,88,15.913200723327305,140.5588163747627,8.406443515622582,147.56848447671362,9.165936795739258,140.3903948302309,18.07642730174122,15.412694007562404,3.48313367481037,0.15885497229206222,38.00084762126538
L/R,5,Mike Tauchman,643565,L,2023,344,744,143,19.22043010752688,138.1970095285824,9.171733560436836,146.3014469000307,10.185124161426735,141.09095035363868,17.594942282921767,14.515187386836821,3.870433512620457,0.1890945772729947,38.00084762126538
L/R,6,Edouard Julien,666397,L,2023,361,786,107,13.61323155216285,135.694325578031,8.735913035182787,142.37290830317133,9.597881153733818,136.2471661295981,16.102064316986638,13.564146272345916,3.6472761921005357,0.1715508280979759,38.00084762126538
L/R,7,Travis Jankowski,608671,L,2023,256,464,74,15.948275862068966,131.82883879759336,8.29832806762524,137.02770094420498,9.026296931996875,,14.070840213465184,12.095228531091646,3.4300693429710845,0.15479517351383457,38.00084762126538
L/R,8,Jack Suwinski,669261,L,2023,402,882,155,17.573696145124718,130.93544126399786,9.99473319630157,138.89687394144636,11.349980388201901,131.06690210862124,14.781141795924716,11.755729895697884,4.313088752364109,0.22455287791677941,38.00084762126538
L/R,9,Steven Kwan,680757,L,2023,492,923,192,20.801733477789817,130.72387954740705,7.615450856133671,134.81367277732,8.166342638182151,132.98860783194465,13.229490743475324,11.675334650151271,3.1032794221660223,0.13036693480566264,38.00084762126538
L/R,10,Triston Casas,671213,L,2023,403,819,172,21.001221001221,130.28777872751374,10.91162387763605,140.09855594368628,12.750517293746999,135.02620760950208,15.237791142488074,11.509612642108527,4.845304647719887,0.26764244564739115,38.00084762126538
L/R,11,Brandon Nimmo,607043,L,2023,446,909,175,19.251925192519252,129.02492742276888,7.947751200634632,133.2586183667034,8.580224797867436,131.31524814721934,12.638556886469136,11.029718442109274,3.2605581509996298,0.14199228280497792,38.00084762126538
L/R,12,Robbie Grossman,543257,S,2023,282,570,101,17.719298245614034,127.40412541250384,9.85056218631524,134.088785113768,11.140157984498599,141.75571204580322,12.954027287023576,10.413799939946045,4.233354460457541,0.21812138607525575,38.00084762126538
L/R,13,Taylor Walls,670764,S,2023,257,496,85,17.137096774193548,126.83255515532584,10.067399782820234,133.7338941688973,11.456734350096145,128.87518803507115,12.819165719841592,10.196598397467357,4.353656162753205,0.22782996573297548,38.00084762126538
L/R,14,Brandon Belt,474832,L,2023,365,876,153,17.465753424657535,126.41802259538554,10.365210760216804,133.73364838328646,11.901529817588914,130.91606881337154,12.819072319226144,10.039072511023917,4.522682210581427,0.2415085381442309,38.00084762126538
L/R,15,Ian Happ,664023,S,2023,499,1039,212,20.404234841193457,126.06862172519976,7.99085068558155,129.86061750487195,8.63452750163766,126.90278551564744,11.347287756795286,9.906297218757246,3.2811936387135794,0.14353646491943176,38.00084762126538
L/R,16,J. P. Crawford,641487,L,2023,445,911,164,18.00219538968167,125.3830373523552,9.425337788921611,130.8578215002406,10.53584848940134,129.9042771201904,11.726233727548491,9.645769345917374,4.0037117300647935,0.19969632003730184,38.00084762126538
L/R,17,Nathaniel Lowe,663993,L,2023,503,1094,213,19.46983546617916,124.91811513506886,8.314908813431867,128.869940239466,9.04764702325513,122.764942907585,10.97082199874985,9.469094962568981,3.438182558617135,0.15541437862651067,38.00084762126538
L/R,18,Adley Rutschman,668939,S,2023,491,1095,268,24.474885844748858,122.91945088365759,8.61913516300443,126.82410029379614,9.44365037367313,141.13493308743065,10.193385478420867,8.70958560592948,3.5886671883845844,0.16699504964211637,38.00084762126538
L/R,19,Ketel Marte,606466,S,2023,451,866,182,21.016166281755197,122.77166380234891,8.319312774798219,126.33297797161516,9.053321704644299,124.03099095574188,10.006754833134858,8.653425262357455,3.440338985644825,0.15557905155074986,38.00084762126538
L/R,20,Luis Arráez,650333,L,2023,470,803,252,31.38231631382316,122.4649113262414,9.459875555183881,127.25517454119411,10.584155359547239,122.56644824548847,10.357197346309091,8.536856721337386,4.022068750179539,0.20116251713713007,38.00084762126538
L/R,21,Tony Kemp,643393,L,2023,353,571,134,23.46760070052539,121.37701714690593,9.113800679187152,125.49445246488732,10.105962737229996,127.52767726133686,9.688108033057766,8.123447711967493,3.840351500436631,0.18671330532168667,38.00084762126538
L/R,22,Kyle Tucker,663656,L,2023,428,850,186,21.88235294117647,121.33772651778932,8.876028653775398,125.18903393588069,9.784635034416773,132.71164910583286,9.572046403242847,8.108516939867457,3.7182442497256654,0.17709797927744694,38.00084762126538
L/R,23,Kyle Schwarber,656941,L,2023,465,1041,225,21.613832853025936,121.28865907158759,11.273191341127513,128.425787306478,13.338239172657213,126.6172496511623,10.802040119479699,8.089870894404687,5.068643943361395,0.28567351039983896,38.00084762126538
L/R,24,LaMonte Wade,664774,L,2023,435,895,148,16.53631284916201,120.16070533848182,7.7267344006796685,122.7521896361887,8.304020401997596,123.24262553332974,8.646024914149402,7.661238915048788,3.155598139401895,0.13420484128130702,38.00084762126538
L/R,25,Masataka Yoshida,807799,L,2023,436,810,236,29.1358024691358,119.91722297383178,10.255294968117884,125.01802501505445,11.735972276743162,121.35505258739964,9.507061563820894,7.568713552673476,4.459768941759118,0.2364136386520013,38.00084762126538
L/R,26,Michael Conforto,624424,L,2023,364,814,190,23.34152334152334,119.90180034790302,9.276498611327906,123.84932277835898,10.329172156792437,120.86467153017868,9.062944807707932,7.562852824095088,3.925172971840864,0.193439153271302,38.00084762126538
L/R,27,Mike Yastrzemski,573262,L,2023,292,639,131,20.50078247261346,119.55797974501377,10.282563910499968,124.5824103819919,11.776890638197353,122.00177925389968,9.341524310894865,7.432198080700628,4.475318265944444,0.23767256311986418,38.00084762126538
L/R,28,Carlos Santana,467793,S,2023,460,946,233,24.63002114164905,119.41422072065133,8.833668688237262,122.81187442373266,9.72797641133007,126.58237008135936,8.668705639317057,7.377568432910842,3.69671349270218,0.17541164777949894,38.00084762126538
L/R,29,Will Benson,666181,L,2023,285,598,111,18.561872909698995,118.71093883691637,9.68436167729526,122.78985657871236,10.901438798070302,120.77348853650142,8.660338671581409,7.110315355924753,4.1426391461801995,0.21082311000678464,38.00084762126538
L/R,30,Brendan Donovan,680977,L,2023,307,601,137,22.795341098169715,117.702355021027,9.538556908069339,121.36872096086984,10.694704411435362,120.5818406872446,8.120295090953539,6.72704495691589,4.064078326934299,0.20452272236243207,38.00084762126538
L/R,31,Ryan Noda,676116,L,2023,395,821,157,19.12302070645554,117.51115258575881,8.664675572026729,120.36753402572498,9.503645706577108,122.79932220645732,7.739835569325124,6.654386410841475,3.6114659234212962,0.168764395132924,38.00084762126538
L/R,32,Matt Thaiss,642136,L,2023,264,530,97,18.30188679245283,117.30793393841857,10.50822763344158,121.88602508432953,12.119475414201089,121.96170913289704,8.316875042647982,6.577161602327717,4.605503384647277,0.24821907843121574,38.00084762126538
L/R,33,JJ Bleday,668709,L,2023,232,484,94,19.421487603305785,117.25210270557972,11.145534359869771,122.60237391082593,13.128213457864259,117.39154509126774,8.589093668641603,6.555945260611552,4.988832391517452,0.27924024144401627,38.00084762126538
L/R,34,Nolan Jones,666134,L,2023,292,660,172,26.060606060606062,116.57536348233445,14.097687088819058,127.18067493735822,18.953531354938185,123.04257978425366,10.328886865376969,6.298778619592784,7.202502569038816,0.44675759900370726,38.00084762126538
L/R,35,Yordan Álvarez,670541,L,2023,313,687,167,24.308588064046578,115.9899433714104,13.36407986211852,124.40645930212052,17.27414325444545,111.18360040541732,9.27466140914497,6.07631401529629,6.564320856000907,0.4014711474247102,38.00084762126538
L/R,36,Dan Vogelbach,596129,L,2023,304,673,141,20.950965824665676,115.85727790972419,11.542978996496817,121.16560016711928,13.791677234284478,118.25289421800674,8.043107467633288,6.025900015354867,5.240954250217192,0.29951048166444455,38.00084762126538
L/R,37,Cody Bellinger,641355,L,2023,371,685,205,29.927007299270077,115.64136989690907,9.673030476937369,118.89062191016812,10.88528365174095,113.81800591087148,7.178596446792361,5.94385314040289,4.13650005364059,0.21033005090312076,38.00084762126538
L/R,38,Christian Yelich,592885,L,2023,469,1051,252,23.97716460513796,115.4881327265197,9.0084827161328,118.17588125296987,9.962935255397595,113.58098178618766,6.906988938763221,5.885621716784084,3.7859998450089667,0.18242296657885407,38.00084762126538
L/R,39,Matt Olson,621566,L,2023,533,1314,338,25.72298325722983,114.07338523676361,10.7832662915188,117.83553530721903,12.54702024307129,117.0004209878954,6.7776545945332884,5.348005678976198,4.767974043578842,0.2613827212615431,38.00084762126538
L/R,40,Andrew Benintendi,643217,L,2023,482,904,237,26.216814159292035,113.43744587774798,8.274728103309782,115.25572474462635,8.995948967264528,122.55919373974378,5.797304713725135,5.1063433321930125,3.41853685913699,0.1539159684853319,38.00084762126538
L/R,41,Jace Peterson,607054,L,2023,368,718,164,22.841225626740947,112.6752519009518,9.241897752821357,114.86921023534128,10.281468725761444,118.59116830080966,5.650425924017639,4.816703160492239,3.9070452637046618,0.19199880848590908,38.00084762126538
L/R,42,Max Muncy,571970,L,2023,406,982,218,22.19959266802444,109.75742583081619,10.402452583278185,111.78733911917126,11.958004244095084,107.61997616538602,4.479288777278078,3.7079045217264452,4.54414297134302,0.24324711855564313,38.00084762126538
L/R,43,James Outman,681546,L,2023,412,891,236,26.487093153759822,109.70052968785782,10.179721045055016,111.60105294730116,11.62309536204508,112.83781130705115,4.408498452966231,3.6862835051384613,4.416874757405115,0.23294209073401448,38.00084762126538
L/R,44,MJ Melendez,669004,L,2023,457,958,239,24.947807933194156,109.02674985067867,8.939548810437177,110.24963702486748,9.869924716472832,104.35191184316436,3.894948947552692,3.4302414559092003,3.75065505184045,0.17964180690161077,38.00084762126538
L/R,45,Riley Greene,682985,L,2023,320,692,171,24.710982658959537,108.8153213900008,11.100962087111679,110.8739911441268,13.055540566600333,104.7283298036572,4.132208805029518,3.349896848739017,4.961216076846279,0.2770112796788446,38.00084762126538
L/R,46,Trent Grisham,663757,L,2023,412,861,192,22.299651567944252,108.0842805528592,9.222163761290044,109.18150556222835,10.254318916020559,119.982429852415,3.489049938040403,3.0720951341676153,3.8967281058755647,0.1911797434437544,38.00084762126538
L/R,47,Joc Pederson,592626,L,2023,367,828,245,29.589371980676326,108.06968023244046,11.83108101956895,110.19414313815554,14.291164170325521,114.18842324202744,3.8738608002241692,3.0665468886530736,5.4307635196702755,0.31464806954604396,38.00084762126538
L/R,48,Bryson Stott,681082,L,2023,473,914,258,28.227571115973742,107.24437958654327,9.099837213400887,108.1139783293067,10.08693449045705,112.09617036644374,3.083380540942334,2.7529256477883646,3.833120605375445,0.18614160802579863,38.00084762126538
L/R,49,Josh Rojas,668942,L,2023,298,545,140,25.688073394495415,106.99244426126603,10.11124562177932,108.05180023853364,11.521478165472715,114.48814086231052,3.0597523394138544,2.6571880887256167,4.378259361378648,0.22981879090348695,38.00084762126538
L/R,50,Freddie Freeman,518692,L,2023,507,983,269,27.36520854526958,106.19234499586784,9.910322492502239,106.9715173097657,11.226816308239052,112.64317392054718,2.649235669774206,2.3531435860627887,4.266285358013294,0.2207759635956938,38.00084762126538
L/R,51,Jake Cronenworth,630105,L,2023,366,705,175,24.822695035460992,106.0513531141438,8.899437478493853,106.61646512464822,9.816020435226989,100.90831607206806,2.514312829931737,2.299565475930482,3.7301709680628785,0.1780333350323415,38.00084762126538
L/R,52,Wander Franco,677551,S,2023,393,742,194,26.1455525606469,106.00942320790475,10.292024146764007,106.81172335042731,11.791109885973679,119.51477718433048,2.5885126107780385,2.2836317561528383,4.480721700624816,0.23811009464065327,38.00084762126538
L/R,53,Cedric Mullins,656775,L,2023,335,640,184,28.749999999999996,105.58593592047805,10.70209131601313,106.32921423773571,12.419650549756446,116.40640390468812,2.405155058105382,2.122702997362389,4.719572480506595,0.25746222569073757,38.00084762126538
L/R,54,Rafael Devers,646240,L,2023,460,1031,341,33.07468477206596,104.97195386569547,11.085560017369048,105.55580163766575,13.030506245078998,107.21980535265692,2.11125171446913,1.889384612302547,4.951702822471939,0.27624313234213027,38.00084762126538
L/R,55,Alex Verdugo,657077,L,2023,440,821,187,22.77710109622412,104.25439653164341,8.20702045639511,104.39929711311535,8.909142567071937,114.48852257976218,1.6717701923616894,1.6167067431942097,3.3855496912742975,0.15140745049578994,38.00084762126538
L/R,56,Rowdy Tellez,642133,L,2023,298,649,161,24.80739599383667,103.72016483100556,12.387190202044948,103.8664853011048,15.304760720706357,114.81438202010536,1.469297187571461,1.41369416869033,5.8159388002749,0.34492273965393405,38.00084762126538
L/R,57,Luis Rengifo,650859,S,2023,319,663,188,28.355957767722472,103.4178045192358,9.824418866411397,103.41102473597361,11.102385968078888,104.02192687249774,1.2962183122409996,1.298794687347517,4.2190007740544075,0.21696513732932393,38.00084762126538
L/R,58,Ryan McMahon,641857,L,2023,447,957,241,25.182863113897596,102.158161710406,9.319259403188305,101.84665452283797,10.388302726167131,106.88455667349434,0.7017443713148613,0.8201197429918835,3.947643089406529,0.19522661124619717,38.00084762126538
L/R,59,Jorge Polanco,593871,S,2023,253,569,151,26.537785588752193,101.60314714276444,12.141342595891754,100.69169582604928,14.848169141232493,105.61499971100892,0.26285027685964096,0.6092095028665835,5.642430129907508,0.33136729494984507,38.00084762126538
L/R,60,Shohei Ohtani,660271,L,2023,412,898,260,28.953229398663698,101.38517949921744,11.09478862964169,100.5982210443091,13.045501521057314,111.42571317141623,0.22732906748624213,0.5263799507786274,4.957401154446847,0.27670326280140756,38.00084762126538
L/R,61,Brice Turang,668930,L,2023,375,727,206,28.335625859697387,101.22961526765255,8.744294440712638,100.77036775534624,9.608999688026305,107.02911427214153,0.29274627683248583,0.4672642241884596,3.651501329374742,0.1718801644359067,38.00084762126538
L/R,62,Max Kepler,596146,L,2023,395,789,196,24.841571609632446,101.10081784235209,8.632590857843727,100.62965728192547,9.461357121413457,106.03564971333284,0.23927510424070203,0.41832011085991816,3.595395902612068,0.16751686264427046,38.00084762126538
L/R,63,Jonah Heim,641680,S,2023,409,828,244,29.468599033816425,100.97513460829823,9.910069368574556,100.27617112254426,11.226448319121383,106.01150048293592,0.10494736745197993,0.3705594166016334,4.2661455190294255,0.220764685866758,38.00084762126538
L/R,64,Nick Maton,665155,L,2023,279,638,163,25.54858934169279,100.13487780654756,11.254225482916379,98.81840087353012,13.306856525154538,,-0.4490176835440203,0.05125470974104274,5.056718271304385,0.28471309280214635,38.00084762126538
L/R,65,Adam Frazier,624428,L,2023,393,741,218,29.41970310391363,99.86545753920517,8.80245593262544,99.11107427713002,9.686338630134905,106.27163578046968,-0.33779930941405545,-0.05112727551254592,3.6808907829173294,0.17417424386473573,38.00084762126538
L/R,66,Tommy Edman,669242,S,2023,303,522,139,26.62835249042146,99.63307091997723,8.946667945408459,98.79731222623717,9.879508469174228,106.42747110997487,-0.4570315482672013,-0.13943616057756192,3.7542969591009063,0.17992804137040425,38.00084762126538
L/R,67,Alec Burleson,676475,L,2023,317,587,195,33.21976149914821,99.06018295966865,11.338196988204727,97.27918985845719,13.446286574339963,102.00224356604866,-1.0339309159516212,-0.3571384414150024,5.109702871833594,0.2889776206409449,38.00084762126538
L/R,68,Bryan Reynolds,668804,S,2023,431,961,241,25.078043704474506,98.66620276791494,9.658837668832629,97.39880781468155,10.865069964483348,99.481727342823,-0.9884750786791265,-0.5068542537412999,4.12881868114719,0.20971328782115325,38.00084762126538
L/R,69,TJ Friedl,670770,L,2023,445,876,220,25.11415525114155,98.31366814594487,8.320713972424826,97.36837915933435,9.05512755230884,103.19830678578889,-1.0000382256308171,-0.6408203982483471,3.4410252230641,0.15563146341744716,38.00084762126538
L/R,70,Leody Taveras,665750,S,2023,405,768,225,29.296875,97.92860238388604,9.127516723394644,96.658089492684,10.124673377077947,104.2380573002444,-1.2699543195242105,-0.7871486517299875,3.8474617021742143,0.18727572601460946,38.00084762126538
L/R,71,Corbin Carroll,682998,L,2023,471,961,277,28.82414151925078,97.79917656256833,8.983532218887472,96.54856177008662,9.92921551690705,103.89304942396308,-1.3115757824914798,-0.8363315608715035,3.773186058566885,0.18141386421653138,38.00084762126538
L/R,72,Brett Baty,683146,L,2023,291,578,147,25.432525951557096,97.38328767479689,12.248835224608474,94.29993638645857,15.04608274742524,87.97109937149997,-2.1660724880970696,-0.9943728633873015,5.717638977818565,0.33726074850014,38.00084762126538
L/R,73,CJ Abrams,682928,L,2023,444,793,284,35.81336696090794,97.20217999258281,8.691489023122987,95.92580460078662,9.539059826914869,96.6547300128694,-1.548228785447679,-1.0631953177358826,3.6249235893272607,0.1698105179855016,38.00084762126538
L/R,74,Luis García,671277,L,2023,354,716,228,31.843575418994412,97.04003094347952,10.219572827412865,95.07584984883894,11.682522094936699,106.49448519258895,-1.8712187955850212,-1.1248133308049555,4.439457419617555,0.23476951378601776,38.00084762126538
L/R,75,Yasmani Grandal,518735,S,2023,309,585,158,27.00854700854701,96.63269555227743,9.742802066783335,94.7855695931135,10.985000141391987,94.74192455943438,-1.9815277532378688,-1.279604232123149,4.174393164926156,0.21337521605714602,38.00084762126538
L/R,76,Dominic Smith,642086,L,2023,410,806,263,32.6302729528536,96.0246183844168,9.210024280807223,94.27701707563064,10.237638014110908,101.46423496688844,-2.174782020480638,-1.5106787101015686,3.8903892217590252,0.1906767605579154,38.00084762126538
L/R,77,Jeff McNeil,643446,L,2023,445,765,248,32.41830065359477,95.99497242475876,8.858547991975026,94.39988523937383,9.761232663581945,105.41965598734504,-2.1280910768015397,-1.5219444260570831,3.7093511504449586,0.1764011042355045,38.00084762126538
L/R,78,Jurickson Profar,595777,S,2023,375,749,197,26.301735647530037,95.96209461552068,8.619982350492224,94.4621664620927,9.444764722080444,109.6353587088361,-2.1044236842594843,-1.534438272246855,3.589090650224818,0.16702787963418686,38.00084762126538
L/R,79,Gunnar Henderson,683002,L,2023,455,872,231,26.490825688073393,95.81113012188318,10.176337732543292,93.49569281479259,11.618059960037558,98.06090237103972,-2.4716918622696857,-1.5918060594362555,4.414961261961118,0.23278727609454464,38.00084762126538
L/R,80,Brandon Marsh,669016,L,2023,360,801,205,25.593008739076158,95.76004314842639,10.071065818004726,93.4912506013023,11.462138124639191,99.63941568945452,-2.4733799410491386,-1.611219542373886,4.355709642883104,0.22799592412603004,38.00084762126538
L/R,81,Aaron Hicks,543305,S,2023,237,545,107,19.63302752293578,95.490671450123,11.140609172593365,92.41379877606937,13.120166616164253,107.61367630627346,-2.8828207673484485,-1.7135830709809752,4.985774523464708,0.2789935046673889,38.00084762126538
L/R,82,Jason Heyward,518792,L,2023,348,670,185,27.611940298507463,95.22305755694106,10.142654295427487,92.75062752355244,11.568011608498555,94.6728501494278,-2.754822988272792,-1.8152786187423815,4.395942464155826,0.23124878574681543,38.00084762126538
L/R,83,Gavin Sheets,657757,L,2023,322,714,210,29.411764705882355,95.20254823587995,11.455030063550398,91.75532067104683,13.642391772746075,95.1686086871371,-3.133048028657461,-1.823072334586972,5.184224509457281,0.29496377401611823,38.00084762126538
L/R,84,Alex Kirilloff,666135,L,2023,263,556,183,32.913669064748206,95.08027330747075,12.668974836018426,90.3604212697255,15.846049607445014,91.22720814470236,-3.663121624623519,-1.869537843810759,6.021633165315301,0.3607938796520688,38.00084762126538
L/R,85,Corey Seager,608369,L,2023,362,673,184,27.340267459138186,94.6234319854986,9.192300001047602,92.55557341238983,10.213310903689743,87.59889198141744,-2.8289452038347047,-2.0431414184443732,3.8811447135972212,0.18994356894139114,38.00084762126538
L/R,86,Akil Baddoo,668731,L,2023,342,694,172,24.78386167146974,94.1182227076449,9.331063303366347,91.8492115986302,10.404660169402591,100.62491159158832,-3.0973686803363067,-2.235125226290047,3.953859056485171,0.1957214777899963,38.00084762126538
L/R,87,Charlie Blackmon,453568,L,2023,308,553,172,31.103074141048825,93.10042035766176,10.488819724351892,89.70254345973112,12.089728288357234,104.59903779501732,-3.913120768733606,-2.621898746392799,4.594199224683647,0.24730304106017728,38.00084762126538
L/R,88,David Peralta,444482,L,2023,386,701,236,33.66619115549215,92.30702701254295,9.760617182791924,89.27247635462638,11.010554246417513,96.63728345646436,-4.076549914013644,-2.923394942508664,4.184103941437884,0.2141562602828692,38.00084762126538
L/R,89,Jake Fraley,641584,L,2023,337,665,205,30.82706766917293,91.74648275297125,9.037528850029403,89.11619754781641,10.002268954372012,99.64869395036048,-4.13593718525383,-3.1364065124382523,3.800946984020042,0.18360123918585788,38.00084762126538
L/R,90,Mike Moustakas,519058,L,2023,309,580,187,32.241379310344826,91.61389871089183,10.37445496748941,87.83880279570946,11.915529839761177,94.19451591870836,-4.6213580185240355,-3.1867895722389648,4.528002337674052,0.2419395087415145,38.00084762126538
L/R,91,Blake Sabol,666165,L,2023,294,576,161,27.95138888888889,91.60131611896195,10.058546855206917,88.11557321537306,11.443692218884891,94.72279300690752,-4.516182913086929,-3.191571063825048,4.34870004234505,0.22742945012528562,38.00084762126538
L/R,92,Oswaldo Cabrera,665828,S,2023,260,486,125,25.720164609053498,91.43271453643005,9.985911570790805,87.96291287582821,11.337066592228012,,-4.574195136095475,-3.255641094290036,4.30818140043395,0.22415665979875798,38.00084762126538
L/R,93,Joey Gallo,608336,L,2023,274,634,165,26.025236593059937,91.15269363868843,10.809171037626909,86.77527099517945,12.58788085190761,90.26446013443146,-5.0255091174471405,-3.362051408948527,4.783501421279853,0.2626400742622993,38.00084762126538
L/R,94,Jake Bauers,641343,L,2023,244,532,126,23.684210526315788,91.03521078962115,10.299326005690233,87.15045908608292,11.802093357146092,,-4.882934462729784,-3.4066958874037048,4.48489551276857,0.23844807734490978,38.00084762126538
L/R,95,Jazz Chisholm,665862,L,2023,288,627,163,25.996810207336523,90.74467694634777,13.333749215953906,82.29191939565669,17.208790418361446,93.69982737928645,-6.729220727107347,-3.517101210474229,6.53948622434445,0.3996508857479508,38.00084762126538
L/R,96,Mike Ford,645801,L,2023,226,509,120,23.575638506876228,90.56235181500595,12.635889644895496,83.35155337044188,15.781452341756049,,-6.326550835006073,-3.586386305810706,5.997085656813333,0.3589119045294641,38.00084762126538
L/R,97,Brandon Crawford,543063,L,2023,246,478,147,30.753138075313807,90.37499055539483,10.127631233701253,86.45933129661711,11.545738043245912,89.85590970075293,-5.145568880872904,-3.6575851725768107,4.387478320564346,0.23056425252116744,38.00084762126538
L/R,98,Zach McKinstry,656716,L,2023,470,965,272,28.186528497409324,90.26423276425027,8.652326543116624,87.59787987618736,9.487358063634979,99.1477988216874,-4.7129107700563315,-3.699674072018338,3.6052764810457623,0.16828368670978391,38.00084762126538
L/R,99,Kevin Kiermaier,595281,L,2023,312,578,147,25.432525951557096,90.17377441702425,9.106961488787764,87.13322707039296,10.096640352794676,84.75161783164118,-4.889482774754193,-3.734049010708411,3.836808915332696,0.18643318317327115,38.00084762126538
L/R,100,Josh Bell,605137,S,2023,432,903,255,28.23920265780731,90.07666005048509,9.930762092646553,86.26971777224827,11.256557613299844,95.57820512294607,-5.217623627337615,-3.7709532931553147,4.2775873060300205,0.22168758396141253,38.00084762126538
L/R,101,Bryce Harper,547180,L,2023,367,843,273,32.38434163701068,90.02991027035854,11.542657679502849,84.29560039850601,13.791129180122516,88.82640689181575,-5.967804962398337,-3.78871860586448,5.240745984990222,0.29949380720489743,38.00084762126538
L/R,102,Jarren Duran,680776,L,2023,312,599,182,30.38397328881469,89.85804360160387,11.040930564635858,84.73061139881898,12.958190269241694,94.79585380217264,-5.802497095033665,-3.8540293967696906,4.924222138688174,0.2740233504041929,38.00084762126538
L/R,103,Michael Massey,686681,L,2023,374,772,255,33.031088082901555,89.3859682698394,11.149378501771789,83.93499231834163,13.13449694432033,93.0163553767966,-6.104839089451577,-4.033422024251088,4.991220169630926,0.2794328969408354,38.00084762126538
L/R,104,Francisco Lindor,596019,S,2023,479,1009,285,28.245787908820613,89.33282916270001,9.383377977093517,85.85115546661386,10.477338574024495,97.01916454033449,-5.376680851301803,-4.05361533538243,3.9814774662791073,0.19792225764260113,38.00084762126538
L/R,105,José Ramírez,608070,S,2023,449,961,270,28.09573361082206,88.30228786605187,9.50285431531845,84.44618589829344,10.644454823013037,92.34851183075487,-5.910581196084401,-4.445229763195901,4.0449830574076175,0.2029945402811305,38.00084762126538
L/R,106,Willi Castro,650489,S,2023,276,535,190,35.51401869158878,88.20904088874596,11.47203754528512,81.80906662937953,13.671147737528125,90.47535765662457,-6.912708871055397,-4.4806644049533535,5.195152019816133,0.29584029988832417,38.00084762126538
L/R,107,Yoán Moncada,660162,S,2023,288,563,166,29.484902309058615,87.88178800699632,11.231442063462373,81.72305372428897,13.269240379135622,96.59552579004074,-6.9453945040534855,-4.605023273883234,5.042423816974744,0.28356149479198106,38.00084762126538
L/R,108,Nolan Gorman,669357,L,2023,378,836,236,28.22966507177033,87.87547387438246,11.36227460667169,81.51083255489712,13.48649820755336,94.14623594657262,-7.026040347254147,-4.607422697796433,5.124983633297039,0.2902062605629714,38.00084762126538
L/R,109,Elly De La Cruz,682829,S,2023,306,703,222,31.57894736842105,87.44496618020915,11.80435755801386,80.1487888673852,14.244137107559068,82.79562365177966,-7.543628493480618,-4.771019270657053,5.4128928372076395,0.3132282518235557,38.00084762126538
L/R,110,Alek Thomas,677950,L,2023,322,587,202,34.41226575809199,87.39547825808235,11.01982746394988,81.37035609598612,12.924110792314817,88.62253720062944,-7.079422592348665,-4.789825100535392,4.911271648591067,0.2729768415265142,38.00084762126538
L/R,111,Jeimer Candelario,600869,S,2023,415,848,238,28.066037735849058,86.6258711399673,9.066259794988378,82.81446085379055,10.041259826614645,99.97627019125946,-6.530650543843966,-5.082282328772705,3.8157638459671674,0.1847704574630184,38.00084762126538
L/R,112,Jihwan Bae,678225,L,2023,258,523,136,26.003824091778206,86.48713457194143,10.660572802633629,80.66937811344303,12.354893076688217,86.16399566118801,-7.345800167353487,-5.135003400583187,4.6949640918425555,0.2554684631982692,38.00084762126538
L/R,113,Kerry Carpenter,681481,L,2023,376,751,247,32.889480692410125,85.77056318802026,11.680413734555486,77.95355259098551,14.027909563166647,91.0058977940116,-8.377836885802008,-5.407306600284661,5.330724537547872,0.3066850933468499,38.00084762126538
L/R,114,Brandon Lowe,664040,L,2023,372,758,234,30.87071240105541,84.77450255189864,8.849271141431588,80.7863364418768,9.74882526051585,87.32708601491741,-7.3013550111849925,-5.78581808483265,3.7046362321120565,0.17603183608430212,38.00084762126538
L/R,115,Michael Harris,671739,L,2023,399,750,280,37.333333333333336,84.19685069472452,10.203965470818414,78.31596294579805,11.659223162722606,89.32100522973668,-8.240117879106004,-6.005330686858793,4.430603627889496,0.23405298019979218,38.00084762126538
L/R,116,Cal Raleigh,663728,S,2023,462,1041,318,30.547550432276655,84.13074348155061,11.227576554245578,76.49471155776355,13.26286729551839,85.74274881998812,-8.932208843873173,-6.0304519882036764,5.040001991180584,0.283366342478996,38.00084762126538
L/R,117,Daulton Varsho,662139,L,2023,466,903,265,29.346622369878183,83.98293621229223,8.229702558964,80.48829633266668,8.938179862546823,93.96149017631922,-7.414612778936184,-6.086620003367706,3.396584109681046,0.15224550981806587,38.00084762126538
L/R,118,Anthony Santander,623993,S,2023,485,1117,419,37.51119068934646,83.85251927650845,11.258094244507241,76.04750752341653,13.313253000239925,96.20599389259534,-9.10215016752154,-6.136179544407228,5.059148986054716,0.2849088728500159,38.00084762126538
L/R,119,Patrick Bailey,672275,S,2023,239,473,138,29.175475687103592,83.74230699720451,11.601735021671171,75.1958656383234,13.892225137488671,96.16939437450132,-9.42578130255465,-6.178061144725435,5.2791633057001945,0.3025673761032035,38.00084762126538
L/R,120,Jesús Sánchez,660821,L,2023,352,782,237,30.30690537084399,82.86893053151519,10.136420733260014,76.69013233558202,11.558765964166659,83.72636184382914,-8.857947291874087,-6.509951604612027,4.392429040941658,0.23096462724666528,38.00084762126538
L/R,121,Josh Lowe,666139,L,2023,433,934,325,34.796573875803,82.34541885192552,10.845705347659568,74.76176131427893,12.645686148857168,82.7738388984515,-9.590744625252116,-6.70889048025243,4.805467924090674,0.2644184881190378,38.00084762126538
L/R,122,Keibert Ruiz,660688,S,2023,400,689,254,36.86502177068215,82.1381287542093,9.766342630849781,76.32370158188078,11.018774956916484,85.80255241962465,-8.997194084225551,-6.787662474419537,4.187227881107983,0.21440757639134939,38.00084762126538
L/R,123,Jarred Kelenic,672284,L,2023,322,677,198,29.246676514032494,81.83388207702228,10.114786044762939,75.38016528508071,11.526716990002557,87.43997024630991,-9.355745874623876,-6.903278790610145,4.380250159105379,0.2299797598304434,38.00084762126538
L/R,124,Seth Brown,664913,L,2023,314,616,198,32.142857142857146,81.5355965028976,11.91521579070611,71.2673059302517,14.440183767066959,84.57662800716437,-10.918667290929406,-7.016629837109475,5.487392229553813,0.31913911679593876,38.00084762126538
L/R,125,Drew Waters,671221,S,2023,249,506,161,31.818181818181817,81.4781067240852,11.201129346208742,72.85010855080525,13.219333327160797,80.70857436192635,-10.317188878947457,-7.038476440353783,5.023458714201525,0.2820329430574393,38.00084762126538
L/R,126,Anthony Rizzo,519203,L,2023,330,702,248,35.32763532763533,81.02855162471565,10.936613485636542,72.78600982904506,12.790440072129716,86.29429682133743,-10.341546936530726,-7.209311188638836,4.860475641899279,0.2688697494045881,38.00084762126538
L/R,127,Nick Pratto,668472,L,2023,263,547,146,26.691042047531994,80.4231894702405,10.240537569681132,73.32307974912165,11.713870225561895,80.6811721618431,-10.137455814582768,-7.439353938517743,4.451369974968551,0.2357337284125365,38.00084762126538
L/R,128,Will Brennan,686823,L,2023,369,631,246,38.985736925515056,79.39195929801707,9.810794718655707,72.75161121994878,11.082734835479657,82.20358243824855,-10.354618699557232,-7.831230144888879,4.211533177099521,0.21636379581154297,38.00084762126538
L/R,129,Joey Wendle,621563,L,2023,286,544,182,33.455882352941174,76.73685792739492,10.763201279971822,67.33382488658441,12.51544244969969,,-12.413423428544775,-8.840191170929133,4.755974214437542,0.260410888112287,38.00084762126538
L/R,130,Josh Naylor,647304,L,2023,341,626,258,41.21405750798722,76.58667211677994,10.61931318661258,67.46717025908143,12.290796094509494,83.62488864477754,-12.362751056732169,-8.897263051969691,4.670606695314989,0.2534948106782235,38.00084762126538
L/R,131,Ryan O'Hearn,656811,L,2023,339,682,213,31.2316715542522,73.0754366021554,10.407413022983315,63.30215419059721,11.965541077772285,78.3385720627814,-13.945492466318077,-10.231562309505914,4.547007032024161,0.24347916005619413,38.00084762126538
L/R,132,Ozzie Albies,645277,S,2023,524,1127,380,33.71783496007099,69.64081778903534,9.246395147250794,61.59917117530891,10.2876619716781,77.80505979152662,-14.592640446973816,-11.536746571050985,3.9093987496482603,0.19218571911756308,38.00084762126538
L/R,133,Harold Castro,605612,L,2023,244,451,198,43.90243902439025,68.20053755031886,13.055808543622732,46.30927790900262,16.623352922285267,,-20.402929488556985,-12.084065269884835,6.31701501354279,0.3831631723064463,38.00084762126538
L/R,134,Andrés Giménez,665926,L,2023,417,836,330,39.473684210526315,68.06036406448317,9.84507654177265,58.20389295262907,11.132225349172105,73.85262365941648,-15.882874950692388,-12.137332382642668,4.23033999179477,0.2178785160337144,38.00084762126538
L/R,135,Eddie Rosario,592696,L,2023,448,916,402,43.88646288209607,63.97523446852801,10.513836637021267,50.92569906218557,12.128082648296893,68.82264454467324,-18.648650320580067,-13.689716255532804,4.608774206560429,0.2484841342186603,38.00084762126538
L/R,136,Mickey Moniak,666160,L,2023,257,486,228,46.913580246913575,62.11595072813777,13.098963708133189,36.16838504100012,16.7127079334521,58.83655656107213,-24.25655473476238,-14.396259836565465,6.350970675178263,0.38570040286771823,38.00084762126538
L/R,137,Luke Raley,670042,L,2023,359,728,232,31.868131868131865,61.26577352984289,9.429707161559369,50.72945593765927,10.54195245726773,66.45516777410937,-18.72322437129852,-14.719334378200244,4.006031289592551,0.199881512314293,38.00084762126538
