matchup,rank,player,batter,bats,game_year,plate_appearances,opportunities,chases,chase_rate,xchase_plus,xchase_plus_posterior_sd,xchase_plus_raw,xchase_plus_se,overall_xchase_plus,runs_saved_per_600_pa,runs_saved_shrunk,standard_error_per_600_pa,shrinkage_factor,league_chase_cost_per_600_pa
R/R,1,Myles Straw,664702,R,2021,434,835,152,18.20359281437126,149.27609847724392,7.877837033142935,155.96173088742853,8.439941878111675,143.55827506930288,20.52818489319419,18.075725041295076,3.095985142243165,0.12876548308944494,36.68254102877602
R/R,2,Mookie Betts,605141,R,2021,403,839,155,18.474374255065555,140.21274148229804,9.609676945336005,148.78610352702566,10.688002088856457,143.99916813978672,17.895982442642335,14.751055393039616,3.9206307514012084,0.19160332995522494,36.68254102877602
R/R,3,Tommy Pham,502054,R,2021,408,832,134,16.105769230769234,138.9715296583772,7.882266672258968,144.14084891808332,8.445389662214344,132.95980483214746,16.191985014825953,14.295747356475829,3.097983527881785,0.12891033121956957,36.68254102877602
R/R,4,DJ LeMahieu,518934,R,2021,457,862,177,20.533642691415313,138.26187198381004,8.407408922320958,144.14328745113212,9.101248229632953,137.50880199265424,16.19287953071208,14.03542688883888,3.3385691159658593,0.14665937141086108,36.68254102877602
R/R,5,Alex Bregman,608324,R,2021,259,514,86,16.731517509727624,137.80216039612378,9.638101519544954,145.8629025861781,10.727150545679205,137.0833456815526,16.823678058162358,13.86679299707183,3.934991400137345,0.19273849773549476,36.68254102877602
R/R,6,Will Smith,669257,R,2021,363,744,151,20.29569892473118,136.95309711387952,10.591233990871128,146.9369328008105,12.091395665435707,134.899915553186,17.217659632306336,13.555335010202308,4.435431175925099,0.23274405822724864,36.68254102877602
R/R,7,Mark Canha,592192,R,2021,406,886,182,20.54176072234763,136.05913734536216,9.61346282093492,143.65542636937184,10.693211521267937,127.20703161708896,16.013919689231933,13.227407851335167,3.9225417035829158,0.19175432967437617,36.68254102877602
R/R,8,Andrew McCutchen,457705,R,2021,379,734,139,18.93732970027248,135.55891071016364,8.671930415061963,141.38601501367577,9.439589441131824,129.59392051523355,15.181441937567016,13.043912010641613,3.4626812696911906,0.1560332108163277,36.68254102877602
R/R,9,Yuli Gurriel,493329,R,2021,395,825,214,25.93939393939394,135.10307259901577,10.434414162565382,144.16791566971315,11.859607691514421,127.7573426738228,16.20191378709772,12.876699008494995,4.350405457291655,0.22590280220745962,36.68254102877602
R/R,10,Buster Posey,457763,R,2021,335,657,141,21.461187214611872,134.25678315347255,11.844200289839268,146.66276397739068,14.067080286287021,134.31285051376176,17.11708754116725,12.566258535411405,5.1601624975681,0.2910696759618769,36.68254102877602
R/R,11,Justin Turner,457759,R,2021,434,884,197,22.28506787330317,134.16250681690514,8.891370584908229,140.07284973015888,9.724635402700924,130.20401694658253,14.69973954366529,12.531675579569633,3.5672433714946448,0.16402985462337033,36.68254102877602
R/R,12,Ronald Acuña,660670,R,2021,275,554,118,21.299638989169676,131.60986824552802,12.658269120589901,145.34008372699816,15.492958734242464,132.8394169382827,16.6318948156375,11.595302888307863,5.68321094425983,0.3324559623849481,36.68254102877602
R/R,13,Wilmer Flores,527038,R,2021,287,572,134,23.426573426573427,129.9157461160723,10.234707766452066,137.10101294035508,11.568802853311213,115.40713098039838,13.609594293937255,10.9738558430927,4.243730853204097,0.21733835220502895,36.68254102877602
R/R,14,Marcus Semien,543760,R,2021,531,1035,219,21.15942028985507,127.61225832855439,7.411980069816423,130.64476234713447,7.87433900868008,119.34208909659662,11.241277521158509,10.128877990343588,2.8885076376039853,0.11398664271013005,36.68254102877602
R/R,15,Paul Goldschmidt,502671,R,2021,539,1097,292,26.618049225159524,126.42538850610433,8.711137002168847,130.6083946320438,9.490220470735913,125.91033402248082,11.227936919149144,9.693503980765186,3.4812540178990026,0.15744728088662105,36.68254102877602
R/R,16,Josh Donaldson,518626,R,2021,375,761,173,22.733245729303547,125.60576928641485,10.8453059352933,132.56759394742306,12.473654276321792,125.53295572454196,11.946621011848645,9.392846824222858,4.575653347699416,0.24404453781397614,36.68254102877602
R/R,17,Xander Bogaerts,593428,R,2021,390,806,256,31.76178660049628,124.44498042490218,11.388885214664358,131.95814893599538,13.32166575927672,117.7535317585028,11.72306109548385,8.96703997384101,4.88672550786309,0.2691211986003665,36.68254102877602
R/R,18,Jonathan India,663697,R,2021,469,988,217,21.963562753036435,122.58975769753052,8.185957891242964,125.58519431448923,8.822197703066337,117.49957033045604,9.385299401704582,8.28649713569772,3.236206292067045,0.13903511142564534,36.68254102877602
R/R,19,Luis Torrens,620443,R,2021,228,454,109,24.008810572687224,122.48622591803216,11.341008699737966,129.20042403954972,13.245220783392591,101.35904901759758,10.711457528884402,8.248519048205415,4.858683548219957,0.26686329490290356,36.68254102877602
R/R,20,Chris Taylor,621035,R,2021,409,818,172,21.026894865525673,122.0920458055593,9.086163620627287,125.82330840042879,9.981154303740864,120.33228879945813,9.472645698974654,8.103923766720282,3.661341022615186,0.17129574809612294,36.68254102877602
R/R,21,Lourdes Gurriel,666971,R,2021,385,746,255,34.18230563002681,122.00828119876684,12.5863420706673,130.80557893378844,15.3616368571771,115.78181362737048,11.300269131538927,8.073196780466043,5.63503874282557,0.32868852180760133,36.68254102877602
R/R,22,Tyler Stephenson,663886,R,2021,260,537,108,20.11173184357542,121.03523758931055,10.51068450741127,126.08910751299013,11.971953841001476,116.33931600402047,9.57014756749409,7.716259659199357,4.391616879671493,0.22921734474755173,36.68254102877602
R/R,23,Carlos Correa,621043,R,2021,419,916,224,24.45414847161572,120.98678299414556,9.89666969388639,125.30886472415473,11.087139299890907,110.99807150524352,9.283934686355481,7.698485282447634,4.067044422600032,0.20321868094784645,36.68254102877602
R/R,24,Aaron Judge,592450,R,2021,439,1020,248,24.313725490196077,120.66753957167835,10.490103706695445,125.586994294837,11.94156700495765,111.49594552122096,9.38595968023416,7.58137868301943,4.38047021607237,0.22832057006413967,36.68254102877602
R/R,25,Jacob Stallings,607732,R,2021,276,586,131,22.35494880546075,120.607874895218,10.583085602876046,125.62338196953588,12.07927547767538,111.96559336084734,9.399307603935,7.5594921635971755,4.430985183077152,0.23238607173431022,36.68254102877602
R/R,26,Yandy Díaz,650490,R,2021,323,587,105,17.88756388415673,120.15488566808676,8.97236152094441,123.38619126677943,9.830883229574232,116.89856322517852,8.5786492065044,7.393324204498825,3.6062177741796293,0.1670317399096503,36.68254102877602
R/R,27,Trea Turner,607208,R,2021,478,970,269,27.7319587628866,119.92066037588431,9.809896695913977,123.8824749785885,10.965541332267907,119.60851929480688,8.760698682707895,7.3074044155868885,4.022439198236568,0.1996707019542346,36.68254102877602
R/R,28,Carson Kelly,608348,R,2021,224,433,91,21.016166281755197,119.61768471145845,11.790388893065328,125.93172164311572,13.977180704955343,117.5590345231261,9.512414431203915,7.196265243176665,5.127185046761409,0.2884308679161728,36.68254102877602
R/R,29,Dylan Moore,664238,R,2021,219,465,91,19.56989247311828,119.54254646536259,11.070653187404663,124.82876887497068,12.820020518258978,129.05073131837997,9.107823329501091,7.168702625224254,4.702709286507854,0.25429157294262433,36.68254102877602
R/R,30,Donovan Solano,456781,R,2021,220,439,120,27.33485193621868,118.48026590253076,12.33749445214426,125.14560268030183,14.915634551719211,107.33209056898808,9.224046020134725,6.779031121922752,5.471433764136692,0.3158198460152499,36.68254102877602
R/R,31,Vladimir Guerrero,665489,R,2021,518,984,245,24.898373983739837,118.08120931351414,8.501657727068789,120.55827911464107,9.22115790956254,115.6867488001531,7.541299171038504,6.632647024928692,3.3825550335035044,0.14996596610015736,36.68254102877602
R/R,32,Luis Urías,649966,R,2021,431,877,226,25.769669327251993,116.93894641093854,9.439065289103938,119.86404787003121,10.454732979930853,113.48460051114417,7.286637509899913,6.213635967034916,3.835061714812113,0.18486021628641075,36.68254102877602
R/R,33,Gary Sánchez,596142,R,2021,306,669,182,27.204783258594915,116.8345409189097,12.567538133931132,123.0708443027056,15.327487172052734,114.2810378234078,8.462971927025016,6.175337379585136,5.622511770568626,0.32770713719038613,36.68254102877602
R/R,34,Max Stassi,545358,R,2021,239,430,100,23.25581395348837,116.81155910812555,10.618064008016926,120.7111919376359,12.131363620933005,,7.597391480071841,6.166907067415089,4.450092437598758,0.23392473962576774,36.68254102877602
R/R,35,Jorge Soler,624585,R,2021,431,898,212,23.608017817371937,116.69026395055852,10.079358058075501,120.06883767941068,11.345842392709141,106.61203231268532,7.361759615748284,6.122412921474644,4.161943290765794,0.2107905918750889,36.68254102877602
R/R,36,Rhys Hoskins,656555,R,2021,295,612,162,26.47058823529412,115.50281653506383,13.167133941009023,121.9424854016884,16.455354393774712,113.09169727844012,8.049061210207535,5.68682703609066,6.036242126926907,0.35972281512573007,36.68254102877602
R/R,37,Alec Bohm,664761,R,2021,280,567,151,26.63139329805996,115.29401706171333,11.341182365988544,119.39040722801569,13.245497440361337,116.97783481056648,7.112894087063605,5.6102340836109965,4.858785033026025,0.2668714679859006,36.68254102877602
R/R,38,Matt Chapman,656305,R,2021,414,867,197,22.722029988465977,114.8346500112483,9.505242079724695,117.32492278858614,10.544868771967309,117.98695867320956,6.355221910126875,5.441726576851483,3.8681258137074983,0.1874613933117185,36.68254102877602
R/R,39,José Altuve,514888,R,2021,470,932,285,30.5793991416309,114.75327749206352,9.81343196353758,117.42831180731412,10.970479636080173,109.22700730102916,6.393147629341014,5.411877069115379,4.024250693558628,0.19981464160686618,36.68254102877602
R/R,40,Gleyber Torres,650402,R,2021,359,692,155,22.398843930635838,114.5762398059805,9.487551014778093,116.9957792173849,10.52073036940785,114.3213267820826,6.234483684577402,5.346935147281583,3.8592712342849342,0.18676424000659522,36.68254102877602
R/R,41,Austin Riley,663586,R,2021,507,1027,323,31.450827653359298,112.90803200783668,10.61781820076318,115.61554055227802,12.13099702897495,100.59528222511068,5.728177069954545,4.7349941372822295,4.449957962353336,0.23391390907657852,36.68254102877602
R/R,42,Alcides Escobar,444876,R,2021,245,474,166,35.0210970464135,112.68979984129244,11.790345758624719,116.19561841772938,13.97710884324423,106.98164029685556,5.940964370947588,4.654941033251654,5.127158686059746,0.28842875750548197,36.68254102877602
R/R,43,Manny Machado,592518,R,2021,472,852,263,30.868544600938968,112.12124152781176,10.269959838919723,114.38495069968488,11.619788498977604,107.9270733838765,5.276765442381111,4.446379396636589,4.262433683594457,0.2188381159967879,36.68254102877602
R/R,44,Whit Merrifield,593160,R,2021,524,927,273,29.449838187702266,111.96145848939076,8.113539661235455,113.21446144903796,8.731740525478575,110.6455919287836,4.847400242775138,4.3877669180107794,3.203024300784941,0.1365860053276197,36.68254102877602
R/R,45,Martín Maldonado,455117,R,2021,299,627,147,23.444976076555022,110.61320185806223,9.686289481067265,112.20195113143208,10.793708042611891,104.896469297671,4.475985730098775,3.893192126050495,3.959406381257404,0.19467059883557017,36.68254102877602
R/R,46,George Springer,543807,R,2021,250,475,115,24.210526315789473,110.1259333870663,11.754797663869683,112.57169254874348,13.917994304873142,101.57864908633532,4.611616277204408,3.714449669257122,5.1054739712678,0.2866921441124379,36.68254102877602
R/R,47,Chas McCormick,676801,R,2021,230,443,127,28.66817155756208,109.40379111398138,12.500668927005295,111.97694060655971,15.206648533471068,110.62321868418192,4.393446151993398,3.449549533646614,5.578185087392292,0.32422909438729175,36.68254102877602
R/R,48,Garrett Hampson,641658,R,2021,333,579,149,25.734024179620036,108.738402355466,9.980373754919523,109.96219576524304,11.205212094997723,106.85403180771397,3.654386548952264,3.205468029303344,4.110356524108913,0.2066707843251115,36.68254102877602
R/R,49,Enrique Hernández,571771,R,2021,352,685,178,25.985401459854014,108.65988322505754,10.106646901480852,109.9021043833001,11.384806843419037,102.41958356616232,3.6323435031162856,3.1766652170758234,4.176236441384089,0.21193352542552052,36.68254102877602
R/R,50,Eugenio Suárez,553993,R,2021,421,882,208,23.582766439909296,107.89098685073084,10.53454685959532,109.04274725388814,12.007252302383023,104.15077598361488,3.3171094715360345,2.8946144890946615,4.404565252250306,0.2302593080714738,36.68254102877602
R/R,51,Wil Myers,571976,R,2021,361,715,199,27.83216783216783,107.81582999129641,9.771868965237791,108.74857424018,10.91250558626002,113.56401117422834,3.209199335086962,2.8670450432966854,4.002984338947307,0.19812566904230555,36.68254102877602
R/R,52,Josh Harrison,543281,R,2021,395,677,248,36.63220088626292,107.33434929175854,9.99404747189082,108.19533951187192,11.224573599701877,97.51293737283326,3.0062587788899098,2.690425688143072,4.1174588160158025,0.20723747526220138,36.68254102877602
R/R,53,C. J. Cron,543068,R,2021,395,836,266,31.818181818181817,107.11591964713851,10.070168356371063,107.93537790545388,11.332739883280444,94.55830101177602,2.910898255956547,2.6103001441363185,4.157136957368813,0.2104063968522899,36.68254102877602
R/R,54,Christian Vázquez,543877,R,2021,339,655,190,29.00763358778626,105.53263326033608,10.779886186085932,106.00662898313571,12.374411070181328,93.70684171329432,2.203384141185111,2.029510465694494,4.539248417888667,0.2411092254353884,36.68254102877602
R/R,55,Nolan Arenado,571448,R,2021,523,1039,290,27.911453320500478,105.39534772801491,9.11147294770789,105.6772379813985,10.01473246213398,107.79627812693865,2.0825551518277634,1.9791506439742075,3.673658344344448,0.17225135892477622,36.68254102877602
R/R,56,Dansby Swanson,621020,R,2021,505,995,242,24.321608040201003,104.87170875061346,8.15264295386705,105.00463662397433,8.780536333800937,106.20065208245197,1.8358278829305346,1.7870665612462546,3.2209238431931144,0.13790573338041956,36.68254102877602
R/R,57,Willy Adames,642715,R,2021,388,782,225,28.77237851662404,104.54781428092153,10.12721222547224,104.68488866827117,11.414227216989318,100.15520457538042,1.7185362078910487,1.6682538395115734,4.187028581989826,0.21279690099320275,36.68254102877602
R/R,58,Giancarlo Stanton,519317,R,2021,403,912,261,28.618421052631575,104.36139843748292,12.552211022935694,104.51713988955761,15.299706954005336,95.69864250470292,1.657001693314179,1.5998717712580688,5.612321280685506,0.3269082948462129,36.68254102877602
R/R,59,Ke'Bryan Hayes,663647,R,2021,275,565,140,24.778761061946902,103.72647613541363,10.557146986890578,103.63194454950467,12.040749835606842,91.60681566772595,1.3322895495144462,1.3669661373006519,4.4168529986187615,0.23124833432669067,36.68254102877602
R/R,60,Starlin Castro,516770,R,2021,257,464,124,26.72413793103448,102.66870952621723,9.327925731634542,102.36644623222953,10.30431766764607,96.70528312954818,0.868072610061522,0.9789504668934867,3.779885556169686,0.1805325996059227,36.68254102877602
R/R,61,Tyler O'Neill,641933,R,2021,437,866,249,28.752886836027713,102.63742330875115,11.821569253330782,102.06435630525174,14.029210857696444,101.96680183148274,0.7572583486540914,0.9674738873351462,5.146271028887999,0.28995842908615105,36.68254102877602
R/R,62,Ty France,664034,R,2021,430,827,248,29.987908101571946,102.60488507768,9.071740507717418,102.30922626203272,9.962044946367465,89.33495666441243,0.8470828710174243,0.9555380373724276,3.6543312247563535,0.17075235990167897,36.68254102877602
R/R,63,Franmil Reyes,614177,R,2021,320,738,177,23.983739837398375,101.7643894965164,11.486027265946289,100.90643185571676,13.477871498760381,96.13591587232008,0.332502237371195,0.6472229009670414,4.944025742338487,0.2737317427781157,36.68254102877602
R/R,64,Willson Contreras,575929,R,2021,348,770,215,27.92207792207792,101.58023955114948,11.909251539449981,100.55425336881355,14.176431863641978,92.569371171018,0.2033142194184011,0.5796720217033503,5.200275434796946,0.29427570794190167,36.68254102877602
R/R,65,Elvis Andrus,462101,R,2021,358,659,217,32.92867981790592,101.14299726466531,9.350945823986406,100.50075824078911,10.335375002589501,87.17869523234306,0.18369084713244208,0.4192804405686428,3.7912781758027547,0.1814247604815318,36.68254102877602
R/R,66,Christian Walker,572233,R,2021,303,593,172,29.00505902192243,100.7784274804226,10.503106068343401,99.8100882970513,11.960758373272316,95.69304969492607,-0.06966443835260842,0.2855469798852863,4.387510097628381,0.228886922227165,36.68254102877602
R/R,67,Yan Gomes,543228,R,2021,245,433,143,33.02540415704388,100.7425149997269,12.66601359971276,99.0968948439044,15.507164705172512,95.2776443627794,-0.3312819194177647,0.27237336941963536,5.68842205537478,0.3328628878264732,36.68254102877602
R/R,68,Sean Murphy,669221,R,2021,305,544,143,26.286764705882355,100.13347854792218,11.092560536679835,98.7939905953666,12.854075167844984,99.84768429331277,-0.44239489466554843,0.04896332310616813,4.715201397314447,0.2552989870854786,36.68254102877602
R/R,69,Ramón Laureano,657656,R,2021,248,497,153,30.784708249496983,99.60382061535931,14.01223918317731,96.55377965477324,18.202024069542624,98.98022545270295,-1.2641611920798335,-0.14532866531837163,6.67696494737766,0.4073808036199154,36.68254102877602
R/R,70,J. D. Martinez,502110,R,2021,406,797,272,34.12797992471769,99.45620933387086,10.042676082351553,98.24297585331523,11.293598870527862,89.89295306845852,-0.6445211034931408,-0.1994762342134751,4.1427790393067685,0.2092591162911469,36.68254102877602
R/R,71,Andrelton Simmons,592743,R,2021,289,522,157,30.07662835249042,99.2844822429507,9.93736633145698,98.05882943518355,11.144449858838986,97.32711959717152,-0.7120706888773152,-0.2624700947977849,4.088067391899982,0.20489345067831938,36.68254102877602
R/R,72,Jesús Aguilar,542583,R,2021,376,781,218,27.91293213828425,99.22910738179682,11.598844612729934,97.36593494652993,13.661169655097083,93.2028989767746,-0.9662419939638082,-0.2827830009601846,5.0112641637416875,0.2791354128791841,36.68254102877602
R/R,73,David Fletcher,664058,R,2021,453,715,210,29.37062937062937,99.18745345928657,7.981959383261714,98.44816141130323,8.56835867231366,98.95416455982388,-0.5692538269990683,-0.2980627181751035,3.143091685464147,0.13219179619002325,36.68254102877602
R/R,74,Isiah Kiner-Falefa,643396,R,2021,461,850,268,31.529411764705884,98.99971223436864,9.048026902531854,97.96823226167456,9.930667250178026,97.6583022337344,-0.745304034220666,-0.3669309700335472,3.642821088477778,0.16986083047960562,36.68254102877602
R/R,75,Jean Segura,516416,R,2021,386,689,207,30.043541364296082,98.96253678004736,8.90673831001549,97.9619921342299,9.744751538299955,100.9856603261782,-0.7475930715307985,-0.3805678713175861,3.5746224811891634,0.16459735861387226,36.68254102877602
R/R,76,Kris Bryant,592178,R,2021,429,866,251,28.983833718244806,98.81319414251182,9.546420020309077,97.59423071310925,10.601174327840544,101.36625293409368,-0.882497305721392,-0.43535054560501996,3.888780122342178,0.18908912556697716,36.68254102877602
R/R,77,Starling Marte,516782,R,2021,360,690,207,30.0,98.65581227522426,9.612110924048993,97.3786974265987,10.691351119450829,91.71658350451987,-0.9615603919762942,-0.49308221364463267,3.9218592609230547,0.19170040241451716,36.68254102877602
R/R,78,Kevin Newman,621028,R,2021,377,619,161,26.009693053311793,98.4178298894896,8.034122950500361,97.54833382669345,8.632980936537617,98.8009168150348,-0.8993334499117994,-0.5803801999330077,3.1667967740518237,0.13392523714289115,36.68254102877602
R/R,79,Bobby Dalbec,666915,R,2021,261,519,154,29.672447013487474,98.15756263062106,13.218414843524833,94.81179291760034,16.55577752456133,90.10684850239818,-1.9031661916591198,-0.6758528439519309,6.073079883080088,0.36253023434011333,36.68254102877602
R/R,80,Patrick Wisdom,621550,R,2021,257,577,161,27.902946273830153,98.12049374103523,11.943442398131081,95.63168655037141,14.234206720764526,88.65008300333326,-1.6024083734255468,-0.6894506545831626,5.221468720465241,0.2959678348056393,36.68254102877602
R/R,81,Pete Alonso,624413,R,2021,437,798,271,33.959899749373434,97.71862476155545,10.360269639260993,95.90727237265774,11.751079963116718,92.65014277329492,-1.501316491095876,-0.8368664078627586,4.310594728794569,0.22270378279872383,36.68254102877602
R/R,82,Austin Hays,669720,R,2021,313,576,158,27.430555555555557,97.61078295891275,9.48675434391263,96.13441316769966,10.519644089686793,88.85057880578889,-1.4179954757615347,-0.8764255213633373,3.85887275928057,0.1867328760894895,36.68254102877602
R/R,83,Paul DeJong,657557,R,2021,308,622,172,27.652733118971064,96.90782364583133,9.981583282072888,95.04905639750102,11.206923906808948,92.76798973117116,-1.8161319182982487,-1.134288859800035,4.1109844601789005,0.2067208804595506,36.68254102877602
R/R,84,Philip Gosselin,594838,R,2021,216,445,151,33.93258426966292,96.73259386798078,12.693627569423393,93.06234459110125,15.55792405365197,98.41623832961112,-2.5449082918043846,-1.1985675949546943,5.7070418742066975,0.33431586042797873,36.68254102877602
R/R,85,Nick Ahmed,605113,R,2021,316,621,191,30.75684380032206,96.42872383368082,10.14453296674169,94.36208687706423,11.43904355892263,89.28715250681208,-2.06812979448766,-1.3100348449609336,4.196131846801355,0.21352542369536623,36.68254102877602
R/R,86,Justin Upton,457708,R,2021,252,515,126,24.466019417475728,96.27727572916598,11.278917817312053,93.49328553777347,13.146602629258561,100.54139411663772,-2.386828202231548,-1.365589858036894,4.822507903367919,0.2639491945839221,36.68254102877602
R/R,87,Guillermo Heredia,628338,R,2021,244,484,134,27.685950413223143,96.03932406273829,11.115672975468856,93.28088730317043,12.890078177848446,101.4685452576226,-2.4647412717842063,-1.452876575702887,4.728408216230561,0.25636397643821063,36.68254102877602
R/R,88,Adam Duvall,594807,R,2021,414,804,274,34.07960199004975,95.63900933055953,11.948262886961043,92.10295991881566,14.242369027161846,94.06462276596083,-2.896834967839337,-1.5997221915785966,5.224462861858333,0.29620679397855504,36.68254102877602
R/R,89,Nick Castellanos,592206,R,2021,424,863,305,35.34183082271147,95.04178167958698,10.361120697234803,92.46293975499734,11.752321886049971,81.24254792968961,-2.7647852167366667,-1.818800469681797,4.311050297684105,0.22274037289174273,36.68254102877602
R/R,90,Hunter Renfroe,592669,R,2021,364,735,238,32.38095238095238,94.4362181141254,11.444937569789401,90.85176234415414,13.4116176495414,93.67175640009484,-3.355806031515598,-2.0409365730375617,4.91972214691559,0.2717767699082529,36.68254102877602
R/R,91,Víctor Robles,645302,R,2021,255,458,121,26.419213973799128,94.40346499613891,10.537491021130979,91.51849020554444,12.011612432370312,88.59316004280223,-3.111233310210818,-2.052951248981155,4.406164658721801,0.23038803032951308,36.68254102877602
R/R,92,J. T. Realmuto,592663,R,2021,380,750,237,31.6,94.11123223531632,9.222270378913096,91.98354849229611,10.162419031597228,89.10135401386282,-2.940638113365412,-2.1601496513694274,3.7278335307817962,0.1764660555080523,36.68254102877602
R/R,93,Miguel Rojas,500743,R,2021,376,728,192,26.373626373626376,93.38774791044432,8.754951309536365,91.37315928331645,9.546953264071814,93.47188654890908,-3.1645443853845965,-2.4255420856773644,3.5020650480912145,0.1590350855713692,36.68254102877602
R/R,94,Nick Solak,669256,R,2021,353,738,225,30.48780487804878,92.77837170231507,9.911972820712027,89.89474566452256,11.108668535177626,94.73559505967016,-3.7068640676736773,-2.649076763243971,4.074941893167265,0.20384763709858053,36.68254102877602
R/R,95,Randy Arozarena,668227,R,2021,368,780,201,25.769230769230766,92.54087258565856,11.178608658102076,88.5155873848101,12.98850932762467,101.87850969511602,-4.212774369480965,-2.736197474154478,4.76451526313232,0.2592752023419414,36.68254102877602
R/R,96,Nelson Cruz,443558,R,2021,387,784,239,30.484693877551024,91.78425667642368,11.39220788785631,87.26762300778141,13.326984264307594,89.66368161015342,-4.670559414109025,-3.0137434154898077,4.888676470653158,0.2692782521162231,36.68254102877602
R/R,97,Brendan Rodgers,663898,R,2021,307,554,170,30.685920577617328,91.64643831009116,9.967204230162784,88.42831805484809,11.186584097823271,89.98717283775855,-4.244786977249814,-3.0642986942649255,4.103523301402555,0.2061257225185214,36.68254102877602
R/R,98,Ryan Mountcastle,663624,R,2021,378,788,291,36.92893401015229,91.37349500700894,11.8927570526361,86.1121542971518,14.148634068241979,85.92980107658707,-5.094414697960399,-3.1644212334033552,5.190078497094246,0.29346112015885184,36.68254102877602
R/R,99,Kyle Farmer,571657,R,2021,403,740,279,37.7027027027027,90.88286502305986,9.956896402766692,87.47537816375163,11.17201727891785,89.33463295554205,-4.594349543780847,-3.3443967785649544,4.098179822080986,0.2056996030850108,36.68254102877602
R/R,100,Pedro Severino,600474,R,2021,257,516,145,28.100775193798448,90.40937744780334,10.644853339127897,86.21948407296117,12.171363379307982,94.51204365136654,-5.055043408913033,-3.518084052624585,4.46476536537607,0.23510661095618784,36.68254102877602
R/R,101,Trevor Story,596115,R,2021,432,899,270,30.03337041156841,90.14364577851867,9.500387173161167,86.94146725043346,10.53824144915746,86.51484845342807,-4.790201633615901,-3.6155611812363873,3.8656947432986666,0.18726994629385968,36.68254102877602
R/R,102,Edmundo Sosa,624641,R,2021,245,453,152,33.554083885209714,90.13444548078365,11.318195717792825,85.10023667480417,13.2089189749913,,-5.465611794955485,-3.618936084227805,4.845367122458965,0.2657907581311742,36.68254102877602
R/R,103,Bo Bichette,666182,R,2021,524,1026,402,39.1812865497076,89.75240562171865,9.422761942146167,86.52575899353572,10.432593179508249,84.49017296032989,-4.942693985512424,-3.7590780122756007,3.826940273438402,0.18422217907207508,36.68254102877602
R/R,104,AJ Pollock,572041,R,2021,282,489,159,32.515337423312886,89.05623744171652,10.223247998057532,84.9070648520772,11.552259926759108,83.99989023063164,-5.536472128083341,-4.014450190534167,4.23766248738426,0.21685191862008982,36.68254102877602
R/R,105,Maikel Franco,596748,R,2021,271,472,160,33.89830508474576,88.8788879237626,12.211098519785194,82.08670994031334,14.693855580161589,86.61407465626735,-6.571049975748212,-4.0795065002219495,5.39007960190187,0.3093819318861704,36.68254102877602
R/R,106,Gio Urshela,570482,R,2021,304,611,207,33.878887070376436,88.7829739396542,11.5557182224674,82.93547739059926,13.590858044284307,76.18817858574614,-6.25970050755819,-4.114690186794845,4.985472078257297,0.27706353014579355,36.68254102877602
R/R,107,Mitch Haniger,571745,R,2021,464,946,280,29.59830866807611,88.42453834085732,9.283005093991994,85.02446831402311,10.243858935246687,86.2672398215869,-5.4934055549858245,-4.246173472385248,3.7577077568518042,0.1787979990390786,36.68254102877602
R/R,108,Andrew Vaughn,683734,R,2021,327,651,207,31.797235023041477,88.16263954234226,11.328144965062364,82.40083942939141,13.224741211789842,89.36281711721209,-6.4558192970336705,-4.3422446066044085,4.85117112096426,0.26625824965135986,36.68254102877602
R/R,109,Amed Rosario,642708,R,2021,399,727,246,33.83768913342504,88.09149982577281,9.787158537634534,84.13538950653476,10.933810900056677,82.73103943886846,-5.81954225332089,-4.368340462322749,4.0107996694220756,0.19874614945138314,36.68254102877602
R/R,110,Miguel Cabrera,408234,R,2021,374,732,229,31.284153005464482,86.36137110247586,9.900034567443372,81.84840911511904,11.09187099264184,89.65793059136583,-6.658464773722029,-5.0029956410967955,4.068780127734749,0.20335689338375493,36.68254102877602
R/R,111,Trey Mancini,641820,R,2021,394,830,247,29.759036144578317,86.32536579528889,10.105002043212352,81.56316639456911,11.382455826827789,85.07804317087461,-6.763099051719352,-5.016203302678193,4.1753740287584105,0.21186454661431514,36.68254102877602
R/R,112,Michael Taylor,572191,R,2021,374,739,225,30.446549391069013,86.21427990398104,9.414648465674638,82.19713085089074,10.421584821899378,83.06852230724088,-6.530544779921313,-5.056952430334377,3.822902128141934,0.18390506635588316,36.68254102877602
R/R,113,Harold Ramírez,623912,R,2021,233,430,180,41.86046511627907,85.01078726187797,12.596649086382858,75.67055758164206,15.38038715602675,83.00955404025564,-8.924657697186587,-5.498424112552135,5.64191682889411,0.3292270714326884,36.68254102877602
R/R,114,Eric Haase,606992,R,2021,253,562,168,29.8932384341637,84.79053768217986,11.802027179515324,76.9658938415874,13.996581709863632,86.74990464019557,-8.449495442171527,-5.579217254990603,5.134301828346887,0.2890005688582334,36.68254102877602
R/R,115,Manuel Margot,622534,R,2021,254,457,149,32.60393873085339,84.7187417403339,11.562705767712647,77.30124158933296,13.602229746055844,89.59488816775682,-8.326481367015688,-5.605553830815245,4.989643507425312,0.2773987026113455,36.68254102877602
R/R,116,José Abreu,547989,R,2021,498,1038,354,34.104046242774565,84.68053417780412,10.202476124357117,79.34749634195349,11.522313585380811,87.63051921083917,-7.575863127832382,-5.619569335616324,4.2266774084215495,0.21597160258670503,36.68254102877602
R/R,117,Miguel Sanó,593934,R,2021,356,766,207,27.023498694516974,83.08152897079684,11.184897603903117,75.73404709237353,12.99837713938735,87.1338158437703,-8.901368131363547,-6.206125076729034,4.768135027230808,0.25956701439360036,36.68254102877602
R/R,118,Jonathan Schoop,570731,R,2021,476,899,327,36.373748609566185,82.42199956839849,9.409457426242907,77.55684863026283,10.414544988420454,79.51867541202105,-8.232718209354141,-6.448057220360648,3.82031973833767,0.18370231948427804,36.68254102877602
R/R,119,Harrison Bader,664056,R,2021,323,652,198,30.368098159509206,82.01073136634207,10.2802887298333,75.82324151087553,11.634755189496564,78.03326280708673,-8.868649352201173,-6.598920847318308,4.267923845984725,0.21927852505895207,36.68254102877602
R/R,120,Yadier Molina,425877,R,2021,392,692,296,42.77456647398844,81.07708544264493,12.036945863718655,71.20643334258635,14.393279215827224,89.07118333299886,-10.562211902753736,-6.941405896342005,5.2798205537321135,0.3006201528314695,36.68254102877602
R/R,121,Randal Grichuk,545341,R,2021,397,763,254,33.28964613368283,79.59815521460499,10.168889043196138,72.92145253940753,11.473998254622382,78.00138598437971,-9.933099282228424,-7.48391508402973,4.2089541173929,0.21455196374190058,36.68254102877602
R/R,122,Fernando Tatís,665487,R,2021,410,923,287,31.094257854821233,78.24256211752906,10.489443146691954,70.61077674489971,11.940592588183401,85.41704413826604,-10.780713878590749,-7.981181078047859,4.380112775239365,0.22829181635640938,36.68254102877602
R/R,123,Jose Iglesias,578428,R,2021,349,652,270,41.41104294478527,76.87967764499403,10.822961895208689,68.15897588268865,12.439692947945781,80.43382290054532,-11.680096735815205,-8.481121733860338,4.5631954694839685,0.24303998824065204,36.68254102877602
R/R,124,Tim Anderson,641313,R,2021,408,749,279,37.24966622162884,76.74305381252525,9.433786802590214,70.56088141398597,10.447561996980438,71.56445414000002,-10.799016753824626,-8.531238827260786,3.832431216049161,0.1846535201164639,36.68254102877602
R/R,125,Teoscar Hernández,606192,R,2021,453,922,281,30.47722342733189,75.48810658014588,9.588808518120823,68.75694588441505,10.659312914857404,76.96643580275777,-11.460746144592148,-8.99158536066784,3.9101068333781885,0.19077205984509005,36.68254102877602
R/R,126,Hunter Dozier,641531,R,2021,383,735,232,31.564625850340132,71.8218437520642,9.824542809934254,63.75365750508036,10.98600870933182,77.83338734649996,-13.296079457129574,-10.336463726801666,4.029947152225552,0.20026736122870936,36.68254102877602
R/R,127,Kevin Pillar,607680,R,2021,220,428,157,36.68224299065421,70.78805673386296,12.056013039858062,56.42990082929266,14.425912499608991,69.55293328316334,-15.982619504573119,-10.715683073903495,5.291791271444397,0.30157330446176467,36.68254102877602
R/R,128,Adolis García,666969,R,2021,409,895,322,35.977653631284916,69.87448893287134,11.13209115885127,58.04901280562937,12.915700382931401,66.92101230857136,-15.388688089551582,-11.050802957327932,4.737807092122593,0.2571218503374597,36.68254102877602
R/R,129,Avisaíl García,541645,R,2021,388,687,287,41.77583697234352,68.89520599502859,9.26280211641827,61.28354619217332,10.216730043259277,80.16135029756303,-14.202179052943137,-11.4100288227899,3.74775618991787,0.17802059534628376,36.68254102877602
R/R,130,Mike Zunino,572287,R,2021,244,476,151,31.72268907563025,65.76563765086162,12.079971851464691,49.14454847032969,14.467012690051684,80.83708141327861,-18.655071872740617,-12.558034014662537,5.306867865666443,0.3027731235710293,36.68254102877602
R/R,131,James McCann,543510,R,2021,284,564,184,32.62411347517731,61.84617384339138,11.08190745072429,47.41826867232076,12.837506478015914,66.81954216994524,-19.288315167916714,-13.995792933945836,4.709123580869967,0.25480885389036806,36.68254102877602
R/R,132,Salvador Pérez,521692,R,2021,477,997,446,44.73420260782347,58.80721742009101,11.854663286239335,40.18909003408791,14.08461857317196,58.10208752165576,-21.94016158792999,-15.110559370769618,5.166595986850413,0.2915841566453232,36.68254102877602
R/R,133,Javier Báez,595879,S,2021,401,877,398,45.38198403648803,52.73038472386468,12.808327554048974,26.252412610230635,15.770560970166256,53.66866279782269,-27.0524890019846,-17.339696017812916,5.785042498349375,0.34038493276051035,36.68254102877602
R/R,134,Jorge Alfaro,595751,R,2021,224,428,189,44.1588785046729,46.67322861442751,12.465382841793408,19.37778986397761,15.143258073761913,,-29.574275311452432,-19.56161479283422,5.554931856001151,0.3224012516732041,36.68254102877602
L/L,1,Brandon Nimmo,607043,L,2021,119,233,30,12.875536480686694,158.31166707630007,10.620055204655365,180.78345814163256,12.760352443316775,151.75101122149903,29.633425177268467,21.390201199827054,4.6808215204360994,0.3073270806176471,36.68254102877602
L/L,2,Juan Soto,665742,L,2021,231,433,69,15.935334872979215,135.2938149730583,10.253271113109493,146.38672275235794,12.138217640874611,166.86283993895827,17.01582860553828,12.9466681581124,4.452606666275958,0.28646539312651703,36.68254102877602
L/L,3,Trent Grisham,663757,L,2021,137,262,41,15.648854961832063,130.2069828512371,11.086537753207699,141.55939935914162,13.594352055309095,140.1197959937706,15.245043721230003,11.08068887796038,4.986753770285015,0.3349185192546787,36.68254102877602
L/L,4,Freddie Freeman,518692,L,2021,191,357,103,28.851540616246496,128.52498000855832,14.10486730354508,153.22344528145587,20.844292848074346,131.23244822529955,19.523712152298202,10.463687495089559,7.646216276153098,0.5421073447974404,36.68254102877602
L/L,5,Tony Kemp,643393,L,2021,96,195,41,21.025641025641026,121.72945009652074,14.436911751373696,140.2186049521741,21.96331811983374,125.75142282936066,14.753206262782609,7.970914446983631,8.05670318058861,0.5679314061333073,36.68254102877602
L/L,6,Michael Conforto,624424,L,2021,146,304,62,20.394736842105264,120.25492010349856,13.335430900101125,132.09286593414095,18.57481487909711,126.10218260375636,11.772478713601336,7.430019377311661,6.813714089043991,0.4845754287087355,36.68254102877602
L/L,7,Michael Brantley,488726,L,2021,181,291,63,21.649484536082475,119.73011851951017,11.799449650335513,127.10634033793932,14.977790550875614,120.91944460697144,9.943294415864251,7.237508820945456,5.494234164029085,0.3793768138008064,36.68254102877602
L/L,8,Luis Arráez,650333,L,2021,114,225,48,21.333333333333336,119.1262703386748,13.432569849521288,130.21309797647882,18.84005929273655,138.40945351994256,11.082932061286144,7.0160019642590035,6.911012479903816,0.4916607022200589,36.68254102877602
L/L,9,Jesse Winker,608385,L,2021,118,243,57,23.456790123456788,119.07567622334167,11.983544002859919,126.41226285313743,15.359822263686274,123.56268452436802,9.688689157730305,6.99744275714378,5.634373103823791,0.39130719355169197,36.68254102877602
L/L,10,J. P. Crawford,641487,L,2021,273,508,117,23.031496062992126,118.91255118176953,8.941837604158561,122.0461597019168,10.11085262756883,126.70156221280016,8.08709157792512,6.937604346840871,3.7089176634670142,0.21787170816795554,36.68254102877602
L/L,11,Nathaniel Lowe,663993,L,2021,209,416,96,23.076923076923077,118.34475732862276,10.042019588455291,122.39191351626897,11.791986977251787,114.04010586340382,8.213922862733407,6.729323133701438,4.325600461038312,0.2747827150302694,36.68254102877602
L/L,12,Akil Baddoo,668731,L,2021,108,214,49,22.897196261682243,117.89757545325516,13.772157961541973,128.84495892042708,19.81316779038837,110.92465994779486,10.581063890719253,6.565285458796469,7.2679734038094495,0.5168342337258962,36.68254102877602
L/L,13,Cody Bellinger,641355,L,2021,96,227,61,26.87224669603524,117.82831581888027,15.576033471318304,137.65653239971766,26.755625400310237,97.11983629486744,13.81337294754077,6.539879265000523,9.814643264974421,0.6610906661698115,36.68254102877602
L/L,14,Kyle Tucker,663656,L,2021,202,354,89,25.141242937853107,117.39836506872768,11.272074775109123,122.55375783559577,13.940835443406224,122.09898116564295,8.273291471573208,6.382162404672271,5.113852681281638,0.3462222736583984,36.68254102877602
L/L,15,Adam Frazier,624428,L,2021,179,298,76,25.503355704697988,117.37862836362515,10.909846091788355,122.04204421058785,13.272437334221753,123.19200041072732,8.085581911129834,6.374922479725306,4.8686672706444805,0.32432806408843895,36.68254102877602
L/L,16,Brett Gardner,458731,L,2021,114,231,35,15.151515151515152,117.12382935284879,14.115792632847416,128.3622454806786,20.879601982710497,132.34290596403494,10.4039923351321,6.281455728056345,7.65916856395291,0.5429474796148249,36.68254102877602
L/L,17,Anthony Rizzo,519203,L,2021,170,274,82,29.927007299270077,116.76493717546808,13.127935128374494,124.8236311696548,18.0260260074991,112.77087119148784,9.105938688640657,6.149804957839599,6.612404386058695,0.4696130164396822,36.68254102877602
L/L,18,Andrew Benintendi,643217,L,2021,157,249,70,28.11244979919679,115.38812695920092,10.419058385430816,118.63299475501972,12.416000837011474,114.21930947581188,6.835055945899795,5.644755985369019,4.554504601169908,0.29580412457709643,36.68254102877602
L/L,19,Dominic Smith,642086,L,2021,139,283,88,31.09540636042403,115.38699388994924,14.064401946238416,124.41751230116951,20.714355446170305,90.34805836569691,8.956963968082936,5.6443403467758895,7.598551935387922,0.53900131053277,36.68254102877602
L/L,20,Kyle Schwarber,656941,L,2021,148,314,76,24.203821656050955,114.90577534276254,13.20587155450037,121.4638516774346,18.229401646368256,132.9960031395625,7.873486197930577,5.467817155766047,6.687007738229408,0.47520545744986703,36.68254102877602
L/L,21,Max Muncy,571970,L,2021,158,326,60,18.404907975460123,113.67296482181412,11.589226264513046,117.1419269543549,14.554678627808862,131.3967917256866,6.288094388154054,5.015590930612077,5.339025959252481,0.3659789997916661,36.68254102877602
L/L,22,Bryce Harper,547180,L,2021,189,435,111,25.517241379310345,113.55636771351223,13.674039714853313,119.67757010838507,19.524308093493193,115.44589581111664,7.218232728474519,4.97282014852087,7.162012326980279,0.5094962076970624,36.68254102877602
L/L,23,Josh Rojas,668942,L,2021,148,288,57,19.791666666666664,113.2446494861148,12.302514056383373,117.16207255917223,16.049396979050453,114.41929700995811,6.295484307906666,4.858473981861631,5.887326631711322,0.4124155404157228,36.68254102877602
L/L,24,Rougned Odor,596059,L,2021,110,230,70,30.434782608695656,113.08228014438609,15.458331963228492,123.1964894120582,26.17190463978444,91.02894873500992,8.509061745813934,4.798912781463844,9.600519657501064,0.6511372496331612,36.68254102877602
L/L,25,Colin Moran,592567,L,2021,95,191,59,30.89005235602094,112.36969756763958,15.119652831004617,120.14432686703327,24.62203539449474,111.5122125019086,7.389450967970229,4.537519385384899,9.031988235705288,0.6229180572312666,36.68254102877602
L/L,26,Charlie Blackmon,453568,L,2021,158,270,63,23.333333333333332,111.85394662060136,12.848616133164558,115.2804327593183,17.322582307885124,109.03043253811954,5.605251016311468,4.348328832631303,6.354363362333458,0.44984198871443,36.68254102877602
L/L,27,Max Kepler,596146,L,2021,128,219,54,24.65753424657534,110.34777446164689,15.127357949518865,114.79431047728673,24.655353066602682,121.94640692333166,5.426929010755216,3.7958266124588276,9.044210004446116,0.6235531089066958,36.68254102877602
L/L,28,Pavin Smith,656976,L,2021,149,278,68,24.46043165467626,109.8601297024617,11.262427374515854,111.02044343158572,13.922597743015933,106.85390492424648,4.042578683344483,3.616946123596044,5.1071626293532635,0.3456298866002176,36.68254102877602
L/L,29,Rafael Devers,646240,L,2021,252,453,154,33.99558498896248,109.01277767224182,12.120758710776943,109.91359857041309,15.65200188914891,101.7612205127036,3.636559863019936,3.306115867452472,5.741552014811847,0.4003196363276636,36.68254102877602
L/L,30,Joey Votto,458015,L,2021,166,346,87,25.14450867052023,107.40840656411137,12.900095652013485,107.19689175495395,17.449361149889572,124.62626914730554,2.6400027708075813,2.717591777458692,6.400869063067546,0.4534539015995986,36.68254102877602
L/L,31,Joey Gallo,608336,L,2021,219,462,95,20.562770562770563,107.14446047580665,11.791934322355566,106.82792547710521,14.962428384805166,120.3373796579221,2.5046565645533723,2.6207696453224605,5.488598931157385,0.37889370089452307,36.68254102877602
L/L,32,Matt Olson,621566,L,2021,253,513,137,26.705653021442494,106.2070755146995,12.508278577119105,105.12484640740476,16.51449001356023,118.74032560428796,1.8799238860580054,2.2769130223667524,6.05793457491735,0.42632654244208423,36.68254102877602
L/L,33,Ryan McMahon,641857,L,2021,172,305,73,23.934426229508198,106.08581773080937,10.237767230145403,105.45516119152376,12.11251824759034,101.67572199474937,2.0010917422665715,2.2324325860406704,4.443179475790309,0.28559972439816855,36.68254102877602
L/L,34,Jake Cronenworth,630105,L,2021,199,341,76,22.28739002932551,105.53525927942675,10.10947842949714,104.71386896517394,11.901635399342815,119.77179506379112,1.729166917192672,2.0304737562248523,4.365822288459259,0.2784869070669158,36.68254102877602
L/L,35,Christian Yelich,592885,L,2021,125,270,50,18.51851851851852,105.48517485246465,13.213256029405176,103.50861704474629,18.248840279414413,120.27859064935426,1.2870498869816855,2.0121015157554485,6.694138322771997,0.47573705794044985,36.68254102877602
L/L,36,Joc Pederson,592626,L,2021,111,186,51,27.419354838709676,105.2154634400667,13.72679127352705,102.63240251732772,19.678796253611036,98.56660230757672,0.9656321334612733,1.9131645162432789,7.218682509700106,0.5134348479248606,36.68254102877602
L/L,37,Eddie Rosario,592696,L,2021,121,237,81,34.177215189873415,105.17550076192501,15.68435797659904,100.11715613753506,27.316120409050335,98.41438325127028,0.04297584821902909,1.8985051904377557,10.02024707651975,0.6703178337516424,36.68254102877602
L/L,38,Shohei Ohtani,660271,L,2021,221,469,143,30.49040511727079,104.11694041666155,14.924811185808654,98.64017665413749,23.80642897821103,103.4699561755218,-0.4988177567648907,1.5101983574721354,8.732803077418685,0.6069668509754863,36.68254102877602
L/L,39,Nicky Lopez,670032,L,2021,141,235,56,23.829787234042556,103.79440983504901,12.398010851319382,101.0060471709095,16.263173364887145,111.26245766715944,0.36904366623771734,1.3918859445417664,5.965745242155701,0.41884304300792274,36.68254102877602
L/L,40,Jeff McNeil,643446,L,2021,110,192,50,26.041666666666668,103.7109997894163,11.117257553558678,101.70404334089412,13.651108751868337,106.89761377605086,0.6250863976716093,1.3612890203304278,5.007573568786937,0.33677714901079864,36.68254102877602
L/L,41,Joey Wendle,621563,L,2021,133,269,75,27.881040892193308,103.647170756749,13.369325404205188,99.8339072595869,18.666741863576807,77.44012782331299,-0.06092703764785794,1.3378749092339752,6.847435242842272,0.48704183821373875,36.68254102877602
L/L,42,Gavin Lux,666158,L,2021,98,180,40,22.22222222222222,103.23991406681426,13.730246257533736,98.56737525526478,19.68898000095653,104.2257724628447,-0.5255231597758976,1.1884828068562265,7.222418166998384,0.513693339861685,36.68254102877602
L/L,43,Alex Verdugo,657077,L,2021,201,354,94,26.55367231638418,101.50597582175841,9.80598190477509,99.31983440730255,11.414789481874832,106.36582211389204,-0.2495020226048587,0.5524301986999762,4.187234835037145,0.262016992223606,36.68254102877602
L/L,44,Yordan Álvarez,670541,L,2021,228,453,115,25.386313465783665,100.54852479876688,11.683863070843401,96.33436516051074,14.743476494052153,97.8627959391214,-1.3446480039607571,0.2012128343606714,5.408281813998629,0.371980521680878,36.68254102877602
L/L,45,Kolten Wong,543939,L,2021,146,241,67,27.800829875518673,98.5890036837262,12.051428746616063,92.64573954986804,15.503556349375721,102.70668439584831,-2.697729606982703,-0.517589302631654,5.687098418779159,0.3957531284496914,36.68254102877602
L/L,46,Mike Yastrzemski,573262,L,2021,126,223,52,23.318385650224215,96.63165738178819,12.08978665565173,89.3298657589615,15.585477372047595,106.24048870411106,-3.9140763707944273,-1.2355936629152944,5.717149131531962,0.398276384585139,36.68254102877602
L/L,47,Brandon Crawford,543063,L,2021,149,258,72,27.906976744186046,95.74325900035882,11.793336294430272,88.46886048983812,14.965292811518864,94.40463713681056,-4.229914981900535,-1.561480763682105,5.489649675661877,0.3789838014583755,36.68254102877602
L/L,48,Austin Meadows,640457,L,2021,189,394,100,25.380710659898476,95.67401021481407,12.481343337605066,86.83071824149278,16.452648020513422,100.73642606590543,-4.830827184259531,-1.5868829778514875,6.035249360444942,0.42449242217816535,36.68254102877602
L/L,49,Kevin Kiermaier,595281,L,2021,119,241,82,34.024896265560166,94.8429341817191,13.583097689345271,81.88114854263443,19.26228544143908,88.80128470473039,-6.646455119791105,-1.8917427846718766,7.065895760135841,0.5027417241488422,36.68254102877602
L/L,50,Cedric Mullins,656775,L,2021,245,412,108,26.21359223300971,94.24708776129546,9.883937759848234,89.38009544392138,11.538278289581132,105.02562236377426,-3.8956508460003954,-2.110314392312269,4.232533667589955,0.2661995309006489,36.68254102877602
L/L,51,Eric Hosmer,543333,L,2021,159,269,100,37.174721189591075,93.82200512284814,11.75294812197698,85.46775098136835,14.883022625536926,88.10482351814564,-5.330798208663456,-2.2662455055669146,5.459470880934601,0.3763924646170749,36.68254102877602
L/L,52,Raimel Tapia,606132,L,2021,138,233,96,41.201716738197426,93.12992161942417,13.919969794923063,76.87299177602117,20.261037009207094,89.89310971135703,-8.483574280489439,-2.5201193206638024,7.432263213757886,0.5279877758611136,36.68254102877602
L/L,53,Didi Gregorius,544369,L,2021,103,186,61,32.795698924731184,92.51225755076331,13.078303384900089,79.28686272980559,17.898176521612896,88.70862449973086,-7.598105077485764,-2.746694196070326,6.565505945943407,0.46606887126744384,36.68254102877602
L/L,54,Jarred Kelenic,672284,L,2021,144,261,76,29.118773946360154,90.65629696781642,12.268220468429794,78.83200034632861,15.973480444373621,89.04181442624648,-7.764960157929172,-3.427507698387731,5.859478517730868,0.41011950624624444,36.68254102877602
L/L,55,Jared Walsh,665120,L,2021,192,353,118,33.42776203966006,90.2038651735322,12.037110677667547,78.81360322457405,15.473108509672327,102.68705872837572,-7.771708689664902,-3.5934711769532726,5.675929377487586,0.39481331382412976,36.68254102877602
L/L,56,Gregory Polanco,570256,L,2021,106,210,63,30.0,89.82293713300224,13.735876296332542,70.94602160573692,19.705592247841388,89.16731885735663,-10.657737544967276,-3.733205261710782,7.228511961277725,0.5141147024986374,36.68254102877602
L/L,57,Odúbel Herrera,546318,L,2021,152,291,98,33.67697594501718,87.85324389112505,12.60128346244902,72.74398805519371,16.73033187732789,84.8651559783271,-9.99819776446166,-4.455738793303412,6.137110855151198,0.43268998578030865,36.68254102877602
L/L,58,Jazz Chisholm,665862,L,2021,150,285,94,32.98245614035088,86.3418617271093,12.68042246151128,69.71518556666796,16.916884194859957,92.03144828322472,-11.109239479995708,-5.01015217572009,6.2055429855700295,0.43814183969707,36.68254102877602
L/L,59,Kyle Seager,572122,L,2021,234,442,151,34.16289592760181,81.14513597477146,11.03756014244742,67.96745515934094,13.504352339226555,85.27035951108167,-11.750351403735834,-6.916443231974389,4.953739587507256,0.33196587959515744,36.68254102877602
L/L,60,Corey Seager,608369,L,2021,124,208,71,34.13461538461539,78.68241291653402,12.324363549373794,58.21780701567676,16.09799844657954,101.2757879138179,-15.326770084196749,-7.819832628237466,5.905154884978266,0.41388175656182064,36.68254102877602
L/L,61,Brandon Lowe,664040,L,2021,189,360,124,34.44444444444444,73.07837777555922,11.655282161043852,52.75237526903109,14.68617386777043,96.58260450351088,-17.331629327059797,-9.875535118092575,5.387261754602271,0.37016287998048125,36.68254102877602
R/L,1,Robbie Grossman,543257,S,2021,207,409,48,11.7359413202934,156.40989362896366,9.028863303866043,167.83444400119438,9.951354416444653,155.47092647101715,24.883397752380226,20.692582374733508,3.6504096667312247,0.17680681178140722,36.68254102877602
R/L,2,Mookie Betts,605141,R,2021,147,296,54,18.243243243243242,148.79310777172674,13.379436134734574,177.7169592794553,17.10605515827929,143.99916813978672,28.508555474003344,17.89855177757856,6.274935701840858,0.38824731307447324,36.68254102877602
R/L,3,Darin Ruf,573131,R,2021,140,323,54,16.718266253869967,137.8986387978171,14.002723910009559,163.559461512595,18.470474611316106,123.41079578746006,23.31522554702676,13.90218372635689,6.775439427505689,0.42526328445293066,36.68254102877602
R/L,4,Dylan Moore,664238,R,2021,160,313,73,23.322683706070286,136.3048715040408,13.19720337697549,156.39010976695033,16.73004403942684,129.05073131837997,20.68532515143339,13.317549384914177,6.137005268895048,0.37774320091791647,36.68254102877602
R/L,5,DJ LeMahieu,518934,R,2021,212,434,89,20.506912442396313,134.89904130564497,11.998617877965538,149.2822208434532,14.468193101681486,137.50880199265424,18.077970880791725,12.801855145592707,5.307300870646853,0.312244848603912,36.68254102877602
R/L,6,Jed Lowrie,476704,S,2021,182,335,60,17.91044776119403,132.49184136785968,11.180849183725153,143.38132757679483,13.096361437319777,119.23665584493833,15.913373287185493,11.918833040769949,4.804078157521628,0.27113302279582924,36.68254102877602
R/L,7,Paul Goldschmidt,502671,R,2021,138,318,67,21.069182389937108,132.11405858357458,13.11298679935286,149.29936698442822,16.55946181832619,125.91033402248082,18.08426052098974,11.780252715924915,6.074431375652004,0.37293752573805866,36.68254102877602
R/L,8,Myles Straw,664702,R,2021,199,409,84,20.537897310513447,130.95790155157414,12.190754195380531,144.15172321400235,14.808799091831341,143.55827506930288,16.195973982888038,11.356144938304269,5.432243802730042,0.32232499627458333,36.68254102877602
R/L,9,Alex Bregman,608324,R,2021,137,266,48,18.045112781954884,130.49807323109235,14.118268731557993,151.27223029068958,18.738118931080738,137.0833456815526,18.807956912750733,11.187468225981611,6.8736181649145385,0.43231044182685335,36.68254102877602
R/L,10,Wil Myers,571976,R,2021,140,307,81,26.384364820846905,130.24564798054777,13.768993465009961,149.11945809596784,17.9437309112883,113.56401117422834,18.018265369165846,11.094872229883602,6.582216453626496,0.4111849635618765,36.68254102877602
R/L,11,Buster Posey,457763,R,2021,114,232,56,24.137931034482758,125.9650444172018,16.60851289566345,159.83950691247696,26.20363019691068,134.31285051376176,21.950651674586624,9.52463807147997,9.612157398010504,0.5982660151777638,36.68254102877602
R/L,12,Trea Turner,607208,R,2021,167,283,65,22.968197879858657,125.3757206579425,12.51842010963427,136.78422619519517,15.407766605005602,119.60851929480688,13.493388866170251,9.308459141697346,5.65196030649923,0.33988490830979085,36.68254102877602
R/L,13,Josh Donaldson,518626,R,2021,166,349,80,22.922636103151863,125.33272738370555,13.76873159782896,140.77471878039256,17.94315134370888,125.53295572454196,14.95720294598554,9.292688116235766,6.582003853511386,0.41116932337385126,36.68254102877602
R/L,14,Dansby Swanson,621020,R,2021,145,294,68,23.12925170068027,124.65869610608084,10.678158726709478,131.70293697156353,12.307948060612725,106.20065208245197,11.6294428619208,9.045436316274301,4.5148680971347055,0.2473008343038224,36.68254102877602
R/L,15,Abraham Toro,647351,S,2021,122,256,85,33.203125,124.42736958881386,14.941058582154461,144.33436196302526,20.80304890010527,121.04601100671236,16.262970516932807,8.960579871667402,7.631086948017455,0.4841674336018075,36.68254102877602
R/L,16,Austin Slater,596103,R,2021,192,357,78,21.84873949579832,124.05235585515031,14.359902566311359,140.9088133323855,19.31440087606724,,15.006392235037708,8.823015304952724,7.08501302582564,0.44723504117816,36.68254102877602
R/L,17,Justin Turner,457759,R,2021,177,354,85,24.01129943502825,123.91467222647816,13.006448412759356,135.90885969829296,16.346444750776282,130.20401694658253,13.172282191791929,8.772509451375157,5.996291302449714,0.3669021719312347,36.68254102877602
R/L,18,Jordan Luplow,656669,R,2021,109,280,54,19.28571428571429,123.10682230686578,14.529233309652044,139.90236757110776,19.732443197993977,,14.637202355724618,8.476169573162409,7.238361572084064,0.45784474361125593,36.68254102877602
R/L,19,Tommy Pham,502054,R,2021,152,343,56,16.3265306122449,122.91745043054135,12.78741373267018,133.74291455709954,15.91785683662822,132.95980483214746,12.377758476712874,8.406703156932736,5.839074364997975,0.3546486172161384,36.68254102877602
R/L,20,Will Smith,669257,R,2021,135,267,63,23.595505617977526,122.79554855176008,17.065246003379237,156.3626691017046,28.116826840047697,134.899915553186,20.675259218146053,8.361986450233948,10.313966541590405,0.6316230108904018,36.68254102877602
R/L,21,Matt Chapman,656305,R,2021,209,459,104,22.657952069716774,121.89068408549265,15.472101423214173,142.05391376946173,22.31337812638762,117.98695867320956,15.426444172688884,8.030059171140586,8.185114086118073,0.5191961273567097,36.68254102877602
R/L,22,Pat Valaika,642162,R,2021,113,207,66,31.88405797101449,121.81993062577904,17.90175102120644,164.2194446549613,32.418289766933704,,23.557324134008294,8.004105004251858,11.891852444582955,0.6950625069092058,36.68254102877602
R/L,23,Chris Taylor,621035,R,2021,170,343,73,21.282798833819243,121.45760801725235,13.311572221808484,132.8428093809789,16.96490294273993,120.33228879945813,12.047577026180281,7.871195864722528,6.2231574824626055,0.38431872299919584,36.68254102877602
R/L,24,Randy Arozarena,668227,R,2021,232,527,127,24.09867172675522,121.27631682005287,12.321881082892002,130.14221931667447,15.045674608062717,101.87850969511602,11.05693196782276,7.804693646928267,5.519135761158742,0.32929630945167604,36.68254102877602
R/L,25,Nolan Arenado,571448,R,2021,123,266,90,33.83458646616541,121.20919848515038,16.29344690239996,145.62776669348492,25.016059061422045,107.79627812693865,16.7374242378518,7.78007293618983,9.176526128988984,0.5757829181602541,36.68254102877602
R/L,26,Andrew McCutchen,457705,R,2021,194,395,77,19.49367088607595,120.70587797515003,12.723987801747713,130.16942796480333,15.796012834871302,129.59392051523355,11.066912791336005,7.59544218360271,5.794378889062393,0.35113920805296756,36.68254102877602
R/L,27,Wander Franco,677551,S,2021,110,190,50,26.31578947368421,120.51765594609591,13.524640113913925,131.8937187802688,17.412707780502725,,11.699426477174553,7.526397560569739,6.387423675803786,0.3967201615593972,36.68254102877602
R/L,28,Alec Bohm,664761,R,2021,137,288,72,25.0,119.37833101387508,14.980489770563944,134.7024117674947,20.909879465454253,116.97783481056648,12.72972643458604,7.108464224856756,7.670275113982869,0.48672635394417885,36.68254102877602
R/L,29,Yasmani Grandal,518735,S,2021,96,239,35,14.644351464435147,118.96278492208272,15.30178761162214,135.2080024662155,21.81142266348966,131.11788363242755,12.91518995008198,6.956031359241545,8.000984067494347,0.5078286240532403,36.68254102877602
R/L,30,Dylan Carlson,666185,S,2021,138,295,65,22.033898305084744,118.32104146123466,14.00697336461305,129.50767709832076,18.480230708243457,111.7560291829751,10.824165758230254,6.720623550916469,6.779018211763872,0.4255214358301144,36.68254102877602
R/L,31,Fernando Tatís,665487,R,2021,132,275,62,22.545454545454547,117.89178765885865,15.106114416986431,132.27019678022452,21.25564735648871,85.41704413826604,11.837528173972618,6.563162348742309,7.797111562475916,0.49492384331367506,36.68254102877602
R/L,32,Guillermo Heredia,628338,R,2021,99,200,39,19.5,117.63568873803908,14.930912093783313,131.1323441576915,20.775687537308354,101.4685452576226,11.420134918864939,6.46921875703842,7.621050104883443,0.48351005967718086,36.68254102877602
R/L,33,Kris Bryant,592178,R,2021,150,307,66,21.49837133550489,117.34224791791587,12.931531538953884,125.37995831381784,16.198462510326323,101.36625293409368,9.310013621552478,6.3615772078015445,5.942007656381355,0.3626876469361644,36.68254102877602
R/L,34,Chas McCormick,676801,R,2021,92,189,35,18.51851851851852,117.27883736091171,13.611574964504488,126.7243938499722,17.59942571400915,110.62321868418192,9.80318673870775,6.3383166042119194,6.455916558370364,0.40183669741547834,36.68254102877602
R/L,35,Vladimir Guerrero,665489,R,2021,173,359,86,23.955431754874652,117.2407289353664,13.692298696017758,126.84953719185533,17.774967959177317,115.6867488001531,9.849092496438809,6.324337465375841,6.520309914477012,0.40661703241141167,36.68254102877602
R/L,36,Gleyber Torres,650402,R,2021,156,341,77,22.58064516129032,116.97801286263058,14.266488713774466,127.85224509494478,19.088875405363915,114.3213267820826,10.216911234388377,6.22796653420533,7.002284552504554,0.4414352718121181,36.68254102877602
R/L,37,Mitch Garver,641598,R,2021,105,229,46,20.087336244541483,116.153810092355,14.415146740829371,126.76653140917274,19.449456249990224,,9.818643866150012,5.925628014838688,7.134554768776507,0.45068278828070973,36.68254102877602
R/L,38,Yuli Gurriel,493329,R,2021,208,401,105,26.184538653366584,115.83253273195788,10.825644794765138,120.13148060056413,12.535353667745078,127.7573426738228,7.384738631002025,5.807775315294846,4.598286252272768,0.2541794194573439,36.68254102877602
R/L,39,Jon Berti,542932,R,2021,104,236,52,22.033898305084744,115.10537665294046,14.92049856142405,126.20328644912644,20.747660300151374,,9.612031302588516,5.5410359882660405,7.610769002114102,0.48283584878111335,36.68254102877602
R/L,40,Mark Canha,592192,R,2021,210,436,98,22.477064220183486,114.86866277343721,11.059991854137488,119.07562555956497,12.903297968217345,127.20703161708896,6.997424172383105,5.45420332229645,4.7332575712565506,0.26530317740571774,36.68254102877602
R/L,41,Luis Urías,649966,R,2021,134,262,61,23.282442748091604,114.5004503010741,12.985326312919819,121.00531633317912,16.30457324181522,113.48460051114417,7.705283782142624,5.319133631048784,5.9809317689957044,0.36571146231094476,36.68254102877602
R/L,42,Jonathan India,663697,R,2021,160,340,79,23.235294117647058,114.46716863491096,12.506715245944054,120.24261467778474,15.385958221130602,117.49957033045604,7.425505434475427,5.306925070203431,5.64396043713657,0.3392496130238655,36.68254102877602
R/L,43,Avisaíl García,541645,R,2021,126,237,61,25.738396624472575,114.38207825868339,16.291542174296115,129.52595980201116,25.009167027325827,80.16135029756303,10.830872318512656,5.275711758032211,9.17399795575392,0.5756483062749979,36.68254102877602
R/L,44,Josh Bell,605137,S,2021,185,409,88,21.515892420537895,114.33953647855904,11.846713817335653,119.20595902842845,14.204128947462767,106.7401801491564,7.045233800573177,5.260106352083723,5.21043542893328,0.30438877419023885,36.68254102877602
R/L,45,Yandy Díaz,650490,R,2021,218,427,86,20.140515222482435,114.2433208937465,11.536399042809032,118.71700014145755,13.678200646809916,116.89856322517852,6.865871256246232,5.224812030708788,5.017511564264354,0.28865120630780106,36.68254102877602
R/L,46,Ramón Urías,602104,R,2021,132,270,65,24.074074074074073,114.24062532010618,14.49496848470238,123.46819166046181,19.64686384867534,,8.608729034560698,5.223823225802217,7.2069688921580966,0.45568778585555364,36.68254102877602
R/L,47,Whit Merrifield,593160,R,2021,195,374,108,28.87700534759358,113.91324205063555,12.292720149117478,119.1271596913027,14.992677783036296,110.6455919287836,7.016328201401618,5.103730723657303,5.499695179074477,0.3277395300805636,36.68254102877602
R/L,48,Carson Kelly,608348,R,2021,135,310,76,24.516129032258064,113.62590784792683,14.605825697300865,122.58782736987928,19.92560322144126,117.5590345231261,8.285789042465067,4.998329236858969,7.309217576936308,0.4626846208636335,36.68254102877602
R/L,49,Justin Upton,457708,R,2021,108,243,60,24.691358024691358,113.30941961305786,15.575651786592456,124.51502619786355,22.62739277065385,100.54139411663772,8.992734543246488,4.8822333102519115,8.300302636837397,0.526169046705758,36.68254102877602
R/L,50,Santiago Espinal,669289,R,2021,99,180,53,29.444444444444446,113.2784892163814,15.021766342731818,122.9213242501622,21.022570133500064,,8.408124172404538,4.870887254800709,7.711612914524375,0.48941225725865223,36.68254102877602
R/L,51,Tyler Stephenson,663886,R,2021,145,271,62,22.878228782287824,112.62118170055878,12.395799218707335,117.32098240727395,15.180845356236418,116.33931600402047,6.353776478135343,4.629770155623847,5.568719826316464,0.3332590127240375,36.68254102877602
R/L,52,Rhys Hoskins,656555,R,2021,149,339,81,23.893805309734514,112.4368122980877,12.739283557500247,117.44397276663975,15.825306104897582,113.09169727844012,6.398892467171137,4.562138773917884,5.805124404858453,0.3519839381645083,36.68254102877602
R/L,53,Matt Duffy,622110,R,2021,101,202,36,17.82178217821782,112.30297153820273,14.036110490732572,119.0809017328712,18.547302798401947,110.01062350673132,6.99935960682091,4.51304258225985,6.803621958755118,0.42729360559014967,36.68254102877602
R/L,54,Gary Sánchez,596142,R,2021,129,282,58,20.56737588652482,112.29724379591369,15.286736940033904,121.62752441975455,21.767899440650964,114.2810378234078,7.933525518785014,4.51094150084465,7.9850186434194965,0.5068301259467096,36.68254102877602
R/L,55,Tyler O'Neill,641933,R,2021,98,192,46,23.958333333333336,111.96631430497118,16.05328262788441,123.05192721871423,24.171971244368653,101.96680183148274,8.456032659928434,4.389548154553347,8.866893269179473,0.5589340155898004,36.68254102877602
R/L,56,Jonathan Villar,542340,S,2021,157,323,104,32.19814241486068,111.72110406538424,14.18223056341388,118.30041074678151,18.888437486937438,102.41698197184816,6.713055680622663,4.299598807810108,6.928758830840536,0.4362364195247257,36.68254102877602
R/L,57,Bryan Reynolds,668804,S,2021,186,377,93,24.6684350132626,111.71650412080902,14.220561950613812,118.35565258860916,18.97927710129963,118.29543897850586,6.733319791916141,4.297911431254,6.962081109649329,0.4385977045606283,36.68254102877602
R/L,58,Jean Segura,516416,R,2021,180,361,108,29.916897506925206,111.70144812526674,12.09625305306055,115.64497431217353,14.640331179010353,100.9856603261782,5.738974121004527,4.292388509511912,5.370445491489161,0.3173471222944043,36.68254102877602
R/L,59,Mike Zunino,572287,R,2021,128,281,64,22.77580071174377,111.69583011931181,16.345360028461382,123.37668480327874,25.205174226841713,80.83708141327861,8.575161994130372,4.290327682172498,9.24589837713569,0.5794578077384701,36.68254102877602
R/L,60,Carlos Santana,467793,S,2021,189,382,82,21.465968586387437,110.75318756146136,13.058029238093086,115.17490609660565,16.44919536366154,120.07750651923006,5.566541154965602,3.944542439134305,6.033982838178669,0.3698180553069032,36.68254102877602
R/L,61,Mike Brosseau,670712,R,2021,110,242,59,24.380165289256198,110.72373453086432,14.910014161445588,117.71183681500115,20.719497622418775,,6.497151806612654,3.933738319101326,7.600438216300039,0.4821575248548719,36.68254102877602
R/L,62,Marcus Semien,543760,R,2021,195,440,95,21.59090909090909,109.1545634302991,12.994169679300176,112.58451169583549,16.32208957786461,119.34208909659662,4.616318666095968,3.3581264863247924,5.98735720615376,0.3662097511695364,36.68254102877602
R/L,63,Garrett Hampson,641658,R,2021,159,314,75,23.88535031847134,108.86551314282359,11.78788846271259,111.3015477858672,14.10306311858481,106.85403180771397,4.145694903437463,3.252095496027793,5.173361914789052,0.3013733689199835,36.68254102877602
R/L,64,José Abreu,547989,R,2021,149,301,83,27.57475083056478,108.86411343172303,16.31788129150287,116.5813389480038,25.104764117885146,87.63051921083917,6.082456462721916,3.251582046429044,9.20906539772066,0.5775111532141873,36.68254102877602
R/L,65,Francisco Lindor,596019,S,2021,163,326,92,28.22085889570552,108.5701912188015,13.369931175562318,111.95879070006988,17.086203677527408,105.69437446808902,4.386788305098587,3.1437639100814208,6.267653674269229,0.38769587518006826,36.68254102877602
R/L,66,Xander Bogaerts,593428,R,2021,212,519,158,30.443159922928707,108.29083224179206,13.20631939336006,111.37689287374211,16.748627387206422,117.7535317585028,4.173333396210344,3.041287938722361,6.143822113068813,0.3782652361431054,36.68254102877602
R/L,67,Nick Solak,669256,R,2021,157,339,104,30.678466076696164,106.86356352876608,14.670981855889574,110.05503969104072,20.09199298185069,94.73559505967016,3.688444060125727,2.5177295074757247,7.370253569066178,0.46682187336104597,36.68254102877602
R/L,68,Pedro Severino,600474,R,2021,161,341,98,28.739002932551323,106.833317640356,13.988902438483143,109.49889730870153,18.438788016888356,94.51204365136654,3.4844369025457396,2.5066345470501776,6.763815979504108,0.4244241814935364,36.68254102877602
R/L,69,Miguel Cabrera,408234,R,2021,150,292,83,28.424657534246577,106.66649656905246,15.199937911245879,110.12963522420502,21.519445459320014,89.65793059136583,3.7158075971843556,2.4454403391246116,7.893879409780143,0.5010908413368376,36.68254102877602
R/L,70,Philip Gosselin,594838,R,2021,156,295,80,27.11864406779661,106.62155507185496,12.320055660674518,108.29165117949861,15.042351687868956,98.41623832961112,3.041588345882573,2.428954655976195,5.517916829595313,0.32919874962779877,36.68254102877602
R/L,71,Eduardo Escobar,500871,S,2021,158,312,101,32.371794871794876,106.48336837746572,15.252287218800651,109.80824627590941,21.6687736895279,114.35241029185237,3.5979139643638645,2.3782642651105537,7.948656799093696,0.5045483462858953,36.68254102877602
R/L,72,José Altuve,514888,R,2021,206,375,107,28.53333333333333,106.11272193692041,11.807768382633894,107.36730000907761,14.137144833449419,109.22700730102916,2.7025128485429146,2.24230173248582,5.185863953827572,0.30239074035424846,36.68254102877602
R/L,73,Eugenio Suárez,553993,R,2021,152,367,85,23.160762942779293,105.85549905693959,13.914174512960816,107.76432675310011,18.268659634733822,104.15077598361488,2.8481523468141803,2.1479458440014594,6.701408565918679,0.4199017930759746,36.68254102877602
R/L,74,Miguel Sanó,593934,R,2021,174,414,107,25.845410628019323,105.8062380266658,14.29831709674336,107.86779866432784,19.165321556654852,87.1338158437703,2.8861084731035485,2.129875646360078,7.030326943316772,0.4434071436664369,36.68254102877602
R/L,75,David Fletcher,664058,R,2021,209,300,86,28.666666666666668,105.77415262551385,10.601322453638714,106.59791683554835,12.190701249684059,98.95416455982388,2.4202835502445406,2.118105905918265,4.471858987610866,0.24375465930529866,36.68254102877602
R/L,76,Andrew Vaughn,683734,R,2021,137,287,67,23.34494773519164,105.58107712167848,12.92874465888057,106.92472193570944,16.19298592454709,89.36281711721209,2.5401639651952697,2.0472809050073404,5.939998705555913,0.36253133783114944,36.68254102877602
R/L,77,Kevin Newman,621028,R,2021,177,333,89,26.726726726726728,105.40709268022988,12.626978169477988,106.56401007939164,15.611546698153484,98.8009168150348,2.4078456905058276,1.9834589908892721,5.726712022776681,0.3458053407407909,36.68254102877602
R/L,78,Miguel Rojas,500743,R,2021,162,299,79,26.421404682274247,105.36379765953245,10.514676927284414,106.04048747689157,12.059467747786499,93.47188654890908,2.2158042970488294,1.9675772771585203,4.4237192044337945,0.23978648608356828,36.68254102877602
R/L,79,Lourdes Gurriel,666971,R,2021,156,317,114,35.96214511041009,104.96419622143392,15.83892798798432,107.04775710898379,23.458183410601848,115.78181362737048,2.585296393111457,1.8209933156764477,8.605057754199553,0.5441071159032356,36.68254102877602
R/L,80,Manny Machado,592518,R,2021,159,344,86,25.0,104.87179799462793,13.119009574031375,105.85655588609833,16.571595942058025,107.9270733838765,2.148333515791218,1.7870992982184757,6.078882480568417,0.37328018367564225,36.68254102877602
R/L,81,Ketel Marte,606466,S,2021,111,182,62,34.065934065934066,104.80578797380183,16.114044462243996,106.85226036531049,24.38090950403745,120.33288579904384,2.513583219903578,1.7628851452458405,8.943537132007291,0.5631731646589831,36.68254102877602
R/L,82,Ramón Laureano,657656,R,2021,129,251,74,29.482071713147413,104.55614347531589,13.573077092225944,105.44634019037665,17.516445865172802,98.98022545270295,1.9978559749016307,1.671309199662653,6.425477441275355,0.3995668673554102,36.68254102877602
R/L,83,Sean Murphy,669221,R,2021,142,292,105,35.95890410958904,104.50784488109298,16.20164560031132,106.21227810670342,24.68756415101229,99.84768429331277,2.2788214653131527,1.6535920480205113,9.056025848700484,0.5693129900377527,36.68254102877602
R/L,84,Isiah Kiner-Falefa,643396,R,2021,212,346,104,30.057803468208093,103.34147644417561,10.917737019158404,103.3843755332453,12.67895897598837,97.6583022337344,1.241474943550564,1.2257384676016054,4.650964328388614,0.25852235008648816,36.68254102877602
R/L,85,Martín Maldonado,455117,R,2021,126,254,59,23.228346456692915,103.09752074244098,13.895307713990148,103.01040482724113,18.226020595034747,104.896469297671,1.1042929858849841,1.1362493172207586,6.6857674826867886,0.4187638410270788,36.68254102877602
R/L,86,Jacob Stallings,607732,R,2021,151,320,81,25.3125,102.85376232394447,13.632152881843249,102.6075385199263,17.643974341213074,111.96559336084734,0.9565113874130996,1.0468325353446808,6.4722581268222,0.40305260561927875,36.68254102877602
R/L,87,Jurickson Profar,595777,S,2021,90,196,50,25.510204081632654,102.80226730953876,14.056114672248162,102.49021601531753,18.593532005255607,122.34128519655816,0.9134745115240033,1.0279428555575327,6.82058000652649,0.42851242613002766,36.68254102877602
R/L,88,Hunter Dozier,641531,R,2021,158,361,96,26.59279778393352,102.78898716769294,14.035256995331705,102.46864543242319,18.54533367204957,77.83338734649996,0.9055618736036417,1.0230713620762595,6.802899633172998,0.42724164218626154,36.68254102877602
R/L,89,Manuel Margot,622534,R,2021,209,389,105,26.99228791773779,102.75052444557983,10.644020897739068,102.59809227304278,12.255754025342071,89.59488816775682,0.9530462640243788,1.008962258256332,4.495721998731974,0.24572213167169205,36.68254102877602
R/L,90,José Ramírez,608070,S,2021,204,453,107,23.62030905077263,102.71413400217304,12.988769532737058,102.42312563268815,16.311390881933118,112.39650756077552,0.8888640543896194,0.9956133189230854,5.983432652629147,0.3659054338559956,36.68254102877602
R/L,91,Ryan Jeffers,680777,R,2021,99,214,59,27.570093457943923,102.70302046772517,16.235431941844986,102.01506599367767,24.80759698839353,,0.7391774098877213,0.9915365920895003,9.100056943520862,0.5716899163815651,36.68254102877602
R/L,92,Aaron Judge,592450,R,2021,185,419,95,22.673031026252982,102.26412676102909,15.12679132431157,101.32391412669845,21.313367248778896,111.49594552122096,0.4856453427119199,0.8305392280579924,7.818284685647029,0.4962796516765993,36.68254102877602
R/L,93,Alcides Escobar,444876,R,2021,104,211,81,38.388625592417064,102.18175865664259,16.521490756356915,100.67747877331456,25.865811640060045,106.98164029685556,0.24851642898236279,0.8003245143717881,9.48823696729095,0.5920130778411782,36.68254102877602
R/L,94,Carlos Correa,621043,R,2021,221,448,105,23.4375,101.98337457115788,11.855051830319457,101.44183599299056,14.21850744246221,110.99807150524352,0.5289020796964251,0.7275521908192987,5.215709826260772,0.3048173978142233,36.68254102877602
R/L,95,Adam Duvall,594807,R,2021,143,302,103,34.105960264900666,101.75479152734742,16.36593697929293,99.72593741396153,25.280822483575104,94.06462276596083,-0.10053312056808411,0.6437021219887014,9.27364807994947,0.5809176691239568,36.68254102877602
R/L,96,Eric Haase,606992,R,2021,127,245,69,28.163265306122447,101.24877810491728,16.503243335092247,98.40610483346694,25.79595784287109,86.74990464019557,-0.5846812484191664,0.4580835406946544,9.462612819476954,0.5907060836271728,36.68254102877602
R/L,97,Andrelton Simmons,592743,R,2021,161,305,81,26.557377049180324,101.15945946841933,13.905414573743519,99.67230848272243,18.248846548720696,97.32711959717152,-0.12020557527316224,0.42531919521494943,6.694140622512847,0.41937324482411353,36.68254102877602
R/L,98,Hunter Renfroe,592669,R,2021,208,425,131,30.823529411764707,101.06826423722788,13.713970816302009,99.58697044324092,17.82245842490439,93.67175640009484,-0.15150973661912476,0.3918664671168571,6.537730624052101,0.40790523498906955,36.68254102877602
R/L,99,Teoscar Hernández,606192,R,2021,140,286,92,32.16783216783217,101.06301964281857,14.838243953125295,99.09302479411625,20.528184569458414,76.96643580275777,-0.33270155201913454,0.38994261662087193,7.530259727154451,0.4775269108065171,36.68254102877602
R/L,100,Aristides Aquino,606157,R,2021,97,231,59,25.541125541125542,100.57236622998474,17.96692668831704,94.39429716570699,32.81023332163894,,-2.0563142421407936,0.20995847714901217,12.035627299847347,0.7001328072896824,36.68254102877602
R/L,101,Willy Adames,642715,R,2021,167,376,94,25.0,100.35007062207411,14.217669606383566,98.11077221730392,18.972402694781948,100.15520457538042,-0.6930167565145232,0.12841479957203017,6.959559402657995,0.43841930844158267,36.68254102877602
R/L,102,Paul DeJong,657557,R,2021,90,185,49,26.486486486486488,100.04914516482226,16.09232840279056,95.98828626121578,24.305887696675153,92.76798973117116,-1.4715985381865693,0.018027695249585474,8.916017226741086,0.5616562691143986,36.68254102877602
R/L,103,Yu Chang,644374,R,2021,131,254,64,25.196850393700785,99.83667437035243,14.838231608792611,96.74584145562248,20.528151882746698,,-1.1937080431827043,-0.059911991105977336,7.530247736838015,0.4775261162719861,36.68254102877602
R/L,104,Niko Goodrum,592348,S,2021,109,228,65,28.50877192982456,99.62865890475466,15.108849198704814,96.10851556411814,21.263268198500697,94.60087887924612,-1.4274953748207964,-0.13621734962008025,7.799907080973702,0.49510305964417756,36.68254102877602
R/L,105,Brendan Rodgers,663898,R,2021,106,179,57,31.843575418994412,99.51126035372701,13.06586660367869,97.33158098292674,16.464870117982972,89.98717283775855,-0.9788439007575633,-0.1792821212679817,6.039732736363786,0.37026211452124697,36.68254102877602
R/L,106,Enrique Hernández,571771,R,2021,233,497,118,23.74245472837022,99.43859984427817,11.864638909734557,97.77739117839064,14.235056341764693,102.41958356616232,-0.8153093928960473,-0.20593584245826968,5.221780383037217,0.30531060362467893,36.68254102877602
R/L,107,Ozzie Albies,645277,S,2021,175,327,115,35.16819571865443,99.33502508811712,13.520916704721332,96.78360223739587,17.404763681622743,86.74881417495376,-1.1798564289158955,-0.2439296948825055,6.3845095784727715,0.3965017530620242,36.68254102877602
R/L,108,Elías Díaz,553869,R,2021,135,258,71,27.51937984496124,99.2649698807032,15.083121996077004,95.41423238090925,21.191735767628035,101.81408701192876,-1.6821760883572876,-0.26962772508490995,7.773667167669958,0.49341838176774877,36.68254102877602
R/L,109,Franmil Reyes,614177,R,2021,142,313,94,30.031948881789138,98.9576239232609,16.07776189333469,93.52066804351081,24.25578296200415,96.13591587232008,-2.3767836033297454,-0.3823700320239698,8.897637536888036,0.5606399253847262,36.68254102877602
R/L,110,Jose Iglesias,578428,R,2021,157,319,148,46.39498432601881,98.87036096168436,15.541016888074815,94.08705494282934,22.521595368463334,80.43382290054532,-2.169018496605611,-0.414380303707208,8.261493461371483,0.5238316100402263,36.68254102877602
R/L,111,Wilmer Flores,527038,R,2021,149,326,97,29.754601226993866,98.63804723051605,15.113512302501695,94.14101252451631,21.27627193636612,115.40713098039838,-2.149225484565153,-0.49959888345849857,7.80467718245146,0.49540871803034875,36.68254102877602
R/L,112,Kyle Farmer,571657,R,2021,122,247,77,31.17408906882591,98.37848621646778,15.536732551204489,93.06023065871503,22.50856234202125,89.33463295554205,-2.545683735919277,-0.5948124589314683,8.256712616099575,0.5235428307734202,36.68254102877602
R/L,113,Nelson Cruz,443558,R,2021,190,375,123,32.800000000000004,98.09607335029783,13.66596957642853,94.60863083356055,17.717479997050887,89.66368161015342,-1.9776912064919283,-0.6984086744347986,6.499221869183376,0.4050547563500999,36.68254102877602
R/L,114,Chad Pinder,640461,R,2021,114,237,65,27.42616033755274,98.05991476970449,14.485007942795608,93.7521872801919,19.622081848017576,,-2.2918564643446904,-0.7116725605963761,7.1978782245990605,0.4550617289186524,36.68254102877602
R/L,115,Jorge Soler,624585,R,2021,168,386,85,22.020725388601036,97.98599234639184,15.724516268425248,91.93493419556322,23.091224642495593,106.61203231268532,-2.9584710727103096,-0.7387891838575014,8.470447953530286,0.5362748443209782,36.68254102877602
R/L,116,Yoán Moncada,660162,S,2021,148,303,82,27.062706270627064,97.15954491811401,14.958831510991711,91.44628452724183,20.85110231377184,123.10207759655307,-3.1377201877792813,-1.0419511008167839,7.648714161201422,0.4853199879965513,36.68254102877602
R/L,117,Christian Walker,572233,R,2021,141,319,85,26.64576802507837,96.57917527947482,14.278368128555279,91.31647779558973,19.11736025008959,95.69304969492607,-3.185336595375674,-1.2548454316291606,7.012733517358032,0.44217072621592823,36.68254102877602
R/L,118,Stephen Piscotty,572039,R,2021,99,182,49,26.923076923076923,95.86230087824076,12.777783961886186,91.8292082680093,15.899293665948246,,-2.99725402946333,-1.5178131779866386,5.832264922297053,0.354114670472311,36.68254102877602
R/L,119,César Hernández,514917,S,2021,197,371,94,25.336927223719673,95.56150964251466,10.070582772890186,93.40237777207192,11.402391057665483,99.19626605766535,-2.420175480683368,-1.6281510464428246,4.182686777989629,0.219959155664671,36.68254102877602
R/L,120,Mitch Haniger,571745,R,2021,227,465,136,29.24731182795699,95.3498983164752,11.673255125295075,92.04882857665967,13.907975527689345,86.2672398215869,-2.9166917196351294,-1.705775457938786,5.101798829216772,0.29554035582756133,36.68254102877602
R/L,121,Tom Murphy,608596,R,2021,173,380,89,23.42105263157895,95.0132963904495,12.779289948741416,90.51308441530175,15.902195216557386,101.73813707345496,-3.480041701722285,-1.829249597556816,5.833329284789722,0.35419814714829917,36.68254102877602
R/L,122,Trey Mancini,641820,R,2021,221,487,161,33.059548254620125,94.86982672867629,14.428824534873463,87.9965680174276,19.483091054176647,85.07804317087461,-4.403163861868341,-1.8818779151006244,7.146892869622139,0.4515384536422057,36.68254102877602
R/L,123,Donovan Solano,456781,R,2021,123,231,79,34.1991341991342,94.52630203547835,13.826884513019895,88.36897558229491,18.07242648874415,107.33209056898808,-4.266555304091629,-2.007891501626933,6.629425261628958,0.41464984568904606,36.68254102877602
R/L,124,Trevor Story,596115,R,2021,162,347,113,32.564841498559076,94.25658156407164,12.967830131677003,89.11135278881754,16.269978707992358,86.51484845342807,-3.994232480720683,-2.1068318242137067,5.96824161493242,0.36472662092487684,36.68254102877602
R/L,125,Maikel Franco,596748,R,2021,131,277,108,38.98916967509025,94.10187953120356,16.197470311189253,82.0653711693195,24.672799538122835,86.61407465626735,-6.578877579173067,-2.163580460892887,9.05060981351957,0.5690195951442467,36.68254102877602
R/L,126,Yan Gomes,543228,R,2021,124,224,73,32.589285714285715,93.94674699640935,15.21108048048642,84.60709774003493,21.551099795229117,95.2776443627794,-5.64650768703108,-2.2204870166177604,7.905491024537386,0.5018257766957744,36.68254102877602
R/L,127,James McCann,543510,R,2021,128,297,92,30.976430976430976,93.89943825923343,15.344456663050314,84.17423794345927,21.935536302764337,66.81954216994524,-5.805291659507023,-2.2378410635425094,8.046512104143588,0.5106647341387635,36.68254102877602
R/L,128,Pete Alonso,624413,R,2021,195,419,108,25.775656324582343,93.58437451192866,12.003576150648959,89.2051952547371,14.476888748366964,92.65014277329492,-3.9598086796573226,-2.353414451914384,5.310490654809971,0.31250296416436407,36.68254102877602
R/L,129,Freddy Galvis,520471,S,2021,118,207,67,32.367149758454104,93.3525354400594,14.802724744411245,84.41752529395053,20.43443999817457,95.97912394106729,-5.7160476773452435,-2.4384589145735567,7.495871836331006,0.47524347655068616,36.68254102877602
R/L,130,Tommy Edman,669242,S,2021,156,286,86,30.069930069930066,93.30703162138778,13.342959607437539,87.07258013519247,17.0300181001696,104.38410766253692,-4.742106095870164,-2.4551508715274353,6.247043376802696,0.3861332316336719,36.68254102877602
R/L,131,George Springer,543807,R,2021,93,216,52,24.074074074074073,93.18862737626051,15.359769894473972,82.67882897239318,21.980342326068914,101.57864908633532,-6.353845668866338,-2.498584557326057,8.062948092025652,0.5116844938386482,36.68254102877602
R/L,132,Jesús Aguilar,542583,R,2021,132,286,73,25.524475524475527,92.70206390324695,14.19983588374501,84.52863920942319,18.93008844217948,93.2028989767746,-5.675288269713303,-2.6770684029452907,6.944037459586075,0.43732014873963965,36.68254102877602
R/L,133,Francisco Mejía,642336,S,2021,115,244,98,40.16393442622951,92.1713533977112,15.750289776593501,79.305228336007,23.173074925804627,,-7.591368106455744,-2.871746501882467,8.500472717287291,0.538034263964219,36.68254102877602
R/L,134,Giancarlo Stanton,519317,R,2021,171,382,104,27.225130890052355,92.05188337038686,15.385117564227798,80.27151364639538,22.054818297655896,95.69864250470292,-7.236910101017495,-2.9155711436728105,8.090267770859626,0.513374715974103,36.68254102877602
R/L,135,Harold Ramírez,623912,R,2021,128,255,108,42.35294117647059,92.04420774897135,15.597576123539252,79.56169737670554,22.694769748203242,83.00955404025564,-7.497288745375396,-2.91838675664777,8.325018224270904,0.5276513636731798,36.68254102877602
R/L,136,J. T. Realmuto,592663,R,2021,153,319,91,28.526645768025077,91.88985810773038,13.413669550538003,84.63978956731385,17.17777622357682,89.10135401386282,-5.634515494076432,-2.975006127123756,6.3012448110449,0.39023663985603957,36.68254102877602
R/L,137,Albert Pujols,405395,R,2021,144,285,93,32.631578947368425,91.84997418068453,15.477396119276056,79.55624819166256,22.329268347433086,,-7.499287644914521,-2.989636565026239,8.19094302297264,0.5195515355821092,36.68254102877602
R/L,138,Michael Taylor,572191,R,2021,152,349,102,29.22636103151863,91.64293959192769,14.17296000913773,82.70664262360603,18.866553275832942,83.06852230724088,-6.343642914848582,-3.0655821129907244,6.920731146123305,0.43566629318140443,36.68254102877602
R/L,139,Starling Marte,516782,R,2021,165,321,102,31.775700934579437,91.59624409362542,13.434898471035865,84.11954892014299,17.222428818415146,91.71658350451987,-5.825352982923252,-3.082711208314047,6.317624517466881,0.3914728203178176,36.68254102877602
R/L,140,Ian Happ,664023,S,2021,126,274,75,27.37226277372263,91.27988379598611,14.748914173160705,80.61633575433589,20.29357756321104,106.9244408201766,-7.110420589795923,-3.1987602042943397,7.444199915831375,0.4717945653613634,36.68254102877602
R/L,141,David Bote,623520,R,2021,101,206,54,26.21359223300971,91.25015930806552,12.810774138062865,84.63572618032515,15.962984308664735,88.20492783751499,-5.636006047675717,-3.2096639017714033,5.85562826844302,0.35594556482991324,36.68254102877602
R/L,142,Aledmys Díaz,649557,R,2021,109,205,70,34.146341463414636,91.17533666069836,15.108857051749762,79.36582246238511,21.263290087923348,,-7.569140641186069,-3.237110750090678,7.799915110570147,0.495103574318398,36.68254102877602
R/L,143,Lewis Brinson,621446,R,2021,97,222,95,42.792792792792795,91.10526683018014,17.032281779611715,70.55207692967485,27.970118631883853,,-10.802246462394418,-3.2628141444193215,10.26015024293812,0.6291852080282,36.68254102877602
R/L,144,Ronald Torreyes,591720,R,2021,127,212,74,34.90566037735849,90.97290709558608,12.588119644535942,84.56056584225249,15.53828638526301,,-5.663576769526588,-3.3113670583673662,5.699838278442822,0.34368023861742686,36.68254102877602
R/L,145,Randal Grichuk,545341,R,2021,149,266,79,29.69924812030075,90.94616971228766,12.82208670943308,84.14510759066624,15.984886906487286,78.00138598437971,-5.815977413122151,-3.321175009965829,5.863662697875646,0.35657447881063475,36.68254102877602
R/L,146,Luke Voit,572228,R,2021,92,193,57,29.533678756476682,89.90389691041023,14.532398571931552,78.65085989286277,19.740374492414997,,-7.831407079091495,-3.7035071581462917,7.241270972414168,0.45804425263190884,36.68254102877602
R/L,147,Ryan Mountcastle,663624,R,2021,210,474,190,40.08438818565401,89.4377126509355,14.720414550800339,77.21839522891457,20.219529629256858,85.92980107658707,-8.356871517167004,-3.874515390397807,7.41703725207767,0.4699730107938747,36.68254102877602
R/L,148,Jeimer Candelario,600869,S,2021,174,353,104,29.461756373937675,89.34102816874831,13.776856755491652,79.63125206047442,17.96114480639651,109.8393475277783,-7.471774319964437,-3.90998171524458,6.588604312844274,0.4116547422797494,36.68254102877602
R/L,149,Jonathan Schoop,570731,R,2021,196,420,137,32.61904761904762,89.16936356861135,14.470835495853482,77.47944097848062,19.586894042257878,79.51867541202105,-8.261113302978563,-3.9729526526217063,7.184970443314132,0.4541716799594063,36.68254102877602
R/L,150,Bo Bichette,666182,R,2021,164,335,121,36.11940298507463,89.00579496746897,13.248520447357217,80.2694070075867,16.834962149538605,84.49017296032989,-7.237682869662818,-4.03295377184595,6.175491897683412,0.3806866067803467,36.68254102877602
R/L,151,Willson Contreras,575929,R,2021,133,274,71,25.91240875912409,88.37207000801028,14.292322189104143,76.5625837733152,19.15089181479664,92.569371171018,-8.59743982343866,-4.265420190108982,7.025033747339287,0.4430354037474764,36.68254102877602
R/L,152,Víctor Robles,645302,R,2021,110,224,61,27.232142857142854,87.66414162247422,13.093636810715461,78.45685079326354,16.52054444492626,88.59316004280223,-7.902574546651538,-4.525106310587599,6.060155494187253,0.3718376981161084,36.68254102877602
R/L,153,Nick Ahmed,605113,R,2021,158,299,98,32.77591973244147,87.3130074805625,12.292597127633831,79.55904500989118,14.99245459473851,89.28715250681208,-7.498261700920306,-4.653911236260404,5.49961330793557,0.32773297029542214,36.68254102877602
R/L,154,Austin Hedges,595978,R,2021,91,182,57,31.318681318681318,87.00571021948441,14.742897131655889,72.54680708356402,20.277912165025025,,-10.07052875528066,-4.766635680135681,7.438453449714469,0.4714096924980346,36.68254102877602
R/L,155,Bobby Dalbec,666915,R,2021,188,370,101,27.297297297297295,86.8951781463031,12.258763173189507,79.00241875653151,14.931195889892468,90.10684850239818,-7.702446354685906,-4.807181653230372,5.477142058396724,0.3259313587465256,36.68254102877602
R/L,156,Javier Báez,595879,S,2021,145,349,150,42.97994269340974,86.40950886356963,17.104932943722442,57.22149592974524,28.29540077783891,53.66866279782269,-15.692242307067824,-4.985337487133242,10.379471999587366,0.6345642322326758,36.68254102877602
R/L,157,AJ Pollock,572041,R,2021,138,256,89,34.765625,86.40160571317,12.748502774873316,77.24675515218777,15.842989743273632,83.99989023063164,-8.346468376676588,-4.9882365635211485,5.811611212761127,0.3524935728871469,36.68254102877602
R/L,158,Willi Castro,650489,S,2021,136,227,99,43.61233480176212,86.39156217490081,14.52978489415255,72.17944368702561,19.733825005129436,76.41684678497269,-10.205286983940567,-4.991920788567484,7.238868454053468,0.45787950729802723,36.68254102877602
R/L,159,Juan Lagares,501571,R,2021,119,214,80,37.38317757009346,86.28456214826437,15.63812108016112,67.1583716752786,22.82021123425328,85.58783129761093,-12.047143784734052,-5.0311711172391975,8.371033348858314,0.530398124730065,36.68254102877602
R/L,160,Austin Hays,669720,R,2021,213,417,139,33.33333333333333,86.14745747193643,12.965745056527592,76.35153400879143,16.2658613313247,88.85057880578889,-8.674858239901228,-5.081464596385567,5.966731256546996,0.3646093428193545,36.68254102877602
R/L,161,Patrick Wisdom,621550,R,2021,117,300,98,32.666666666666664,86.11961622218422,15.08720070349575,69.44730735883455,21.203052474105643,88.65008300333326,-11.20750401349135,-5.091677474248843,7.777818423166711,0.49368527363820586,36.68254102877602
R/L,162,Anthony Santander,623993,S,2021,157,371,119,32.075471698113205,86.04866957670555,15.39114924206972,67.90587779196386,22.072597640460966,93.8914176764261,-11.772939546788374,-5.1177025065851,8.096789685578742,0.5137773281574388,36.68254102877602
R/L,163,Amed Rosario,642708,R,2021,185,358,133,37.150837988826815,85.89757522723605,13.452048850625468,74.70800141985194,17.258602222163937,82.73103943886846,-9.277747756160261,-5.1731277533214115,6.330893841138536,0.3924729310095679,36.68254102877602
R/L,164,J. D. Martinez,502110,R,2021,221,448,149,33.25892857142857,85.75555867908967,12.631758653818498,76.51404361277844,15.620584063039136,89.89295306845852,-8.615245587742994,-5.225223031862857,5.730027157858779,0.34606722920266497,36.68254102877602
R/L,165,Josh Harrison,543281,R,2021,161,237,84,35.44303797468354,85.39873498602763,11.60139436223592,78.05246445778053,13.786906620656309,97.51293737283326,-8.050913730079856,-5.3561150294707325,5.057387677721288,0.29191285257163635,36.68254102877602
R/L,166,C. J. Cron,543068,R,2021,149,329,101,30.69908814589666,85.27066489504098,15.432658724582776,66.09389709132155,22.19555585370772,94.55830101177602,-12.437620110734994,-5.403094393142505,8.141893882601233,0.5165523502607432,36.68254102877602
R/L,167,Christian Vázquez,543877,R,2021,160,334,106,31.736526946107784,85.2020431816222,14.487216808880325,70.14866684937957,19.627573858947805,93.70684171329432,-10.950227530612956,-5.428266581321992,7.199892833761846,0.4552005271939849,36.68254102877602
R/L,168,Austin Riley,663586,R,2021,150,345,109,31.594202898550726,85.12693974394952,15.487764742122804,65.50834432838306,22.360437372306794,100.59528222511068,-12.652415743245037,-5.455816430660296,8.202376613310207,0.5202478850613412,36.68254102877602
R/L,169,Salvador Pérez,521692,R,2021,183,379,177,46.701846965699204,83.98471228536187,16.495067349173368,56.29307330755023,25.764767381380008,58.10208752165576,-16.032811316374946,-5.874814486798657,9.451171365643424,0.5901209370362899,36.68254102877602
R/L,170,Hanser Alberto,593643,R,2021,127,232,114,49.137931034482754,83.54896398242815,14.758441162330097,65.93710326310114,20.318416185839535,,-12.49513607110253,-6.034658036804514,7.453311353768056,0.4724042690117815,36.68254102877602
R/L,171,Kevin Pillar,607680,R,2021,125,258,93,36.04651162790697,83.48774047349251,13.461009712052812,70.7133866289735,17.27753794211356,69.55293328316334,-10.743073965765804,-6.057116375589088,6.337839944378152,0.39299598395844326,36.68254102877602
R/L,172,Yonathan Daza,602074,R,2021,117,222,69,31.08108108108108,82.91169217030235,14.359433814184111,66.48370650513559,19.31326032354149,85.80284768083399,-12.294628112578625,-6.268425530752388,7.084594642177428,0.4472058433539726,36.68254102877602
R/L,173,Ke'Bryan Hayes,663647,R,2021,120,227,66,29.074889867841406,82.86236729277518,14.001483834238535,67.80500088214737,18.467628826053954,91.60681566772595,-11.809943760620373,-6.286519149188684,6.77439552115931,0.42518796548679183,36.68254102877602
R/L,174,Kurt Suzuki,435559,R,2021,109,191,56,29.31937172774869,82.09653409993592,14.139251126187881,65.92718054343241,18.787258020734082,,-12.498775976816184,-6.567446224363931,6.891643631637794,0.43359638545081053,36.68254102877602
R/L,175,Adolis García,666969,R,2021,213,420,149,35.476190476190474,81.68193354377311,14.839366525220195,61.99242508673045,20.53115735377539,66.92101230857136,-13.942144261602888,-6.7195322434838864,7.531350219981223,0.4775991671548831,36.68254102877602
R/L,176,Tim Anderson,641313,R,2021,138,260,94,36.15384615384615,79.7484316006011,13.629484220917309,63.912121107822465,17.638189343172698,71.56445414000002,-13.237950981038026,-7.42878988708014,6.470136042542525,0.40289481609519595,36.68254102877602
R/L,177,Ryan Zimmerman,475582,R,2021,116,265,93,35.094339622641506,79.66331186187789,16.52448359314789,45.45306728796128,25.87730071224493,,-20.009200972032453,-7.460013970160871,9.492451450908996,0.5922275813657336,36.68254102877602
R/L,178,Charlie Culberson,518586,R,2021,143,248,103,41.53225806451613,78.98789848395164,14.093378344255624,60.649911833987815,18.680043521686674,,-14.434612236356958,-7.707772759632507,6.852314629035932,0.43078746626769965,36.68254102877602
R/L,179,Luis Torrens,620443,R,2021,150,285,84,29.47368421052631,78.06144677717626,12.782739062967355,64.2522418741931,15.90884266689653,101.35904901759758,-13.113186041366731,-8.04761878708218,5.835767738487745,0.35438936821560546,36.68254102877602
R/L,180,Ty France,664034,R,2021,215,382,123,32.19895287958115,76.45080990769057,10.705360309522966,67.59654843292843,12.34965498200279,89.33495666441243,-11.886409415830597,-8.638441317555866,4.5301672556854555,0.2485623893071686,36.68254102877602
R/L,181,Gio Urshela,570482,R,2021,138,247,103,41.70040485829959,76.25316704902832,16.05290840541148,42.0854608010963,24.170693760948602,76.18817858574614,-21.24452460326442,-8.710941740275091,8.866424655799777,0.5589079569653549,36.68254102877602
R/L,182,Asdrúbal Cabrera,452678,S,2021,122,236,67,28.389830508474578,75.87119865284757,14.138853249069081,54.93827239285194,18.786324667778043,89.10775683041858,-16.52978671776738,-8.851057453921051,6.891301254056751,0.4335719830759318,36.68254102877602
R/L,183,Elvis Andrus,462101,R,2021,179,353,109,30.878186968838527,75.56322132369374,12.96474716577978,59.69753762780583,16.263891209916057,87.17869523234306,-14.783967295287146,-8.964031364047237,5.966008565952954,0.3645532216651988,36.68254102877602
R/L,184,Joshua Fuentes,658069,R,2021,90,195,72,36.92307692307693,74.55564211788248,15.738234785821572,41.283531882075415,23.13473315618644,,-21.53869250800588,-9.333637019616361,8.48640798191594,0.5372109754983648,36.68254102877602
R/L,185,Nick Castellanos,592206,R,2021,153,330,132,40.0,73.1335034707941,14.903645109228005,45.167915362581134,20.702416384638855,81.24254792968961,-20.11380194405437,-9.855313612320643,7.594172384243198,0.48174569016036367,36.68254102877602
R/L,186,Jorge Polanco,593871,S,2021,211,378,131,34.65608465608466,72.36057604972709,11.4884636375659,59.984557868277946,13.59850449822925,88.45748885336184,-14.678680977815068,-10.13884303067621,4.9882769918628975,0.28625741498094864,36.68254102877602
R/L,187,Jack Mayfield,608686,R,2021,103,199,67,33.66834170854271,64.59761177074282,14.970829391190131,28.066198396555308,20.88363288809823,,-26.387146286741945,-12.986495587363839,7.660647202475596,0.48609881168896135,36.68254102877602
R/L,188,Leury García,544725,S,2021,139,244,103,42.21311475409836,54.127390639544174,13.964660606490819,18.145349347108365,18.383378975515935,74.87182290217348,-30.026365809708253,-16.827238749619358,6.743490535169018,0.42295445864310266,36.68254102877602
L/R,1,Juan Soto,665742,L,2021,404,919,96,10.44613710554951,170.70241163623467,7.369404378164219,180.6286380702469,7.917089088300428,166.86283993895827,29.57663324106164,25.935441156795893,2.904189453100554,0.13356953927026327,36.68254102877602
L/R,2,Robbie Grossman,543257,S,2021,461,1047,181,17.28748806112703,142.02109345375712,8.883374394051598,150.6205379349641,9.895417962951404,155.47092647101715,18.568899596980327,15.41440484691477,3.629890754228521,0.19408795492382075,36.68254102877602
L/R,3,Brandon Belt,474832,L,2021,304,665,134,20.150375939849624,137.32938128574338,12.216029674055118,155.31408302958957,15.354613069779198,148.0415056698448,20.29061120202043,13.693365605931056,5.63246223913156,0.3670310531506357,36.68254102877602
L/R,4,Brandon Nimmo,607043,L,2021,265,488,79,16.188524590163937,135.82334116972328,9.09773174136105,143.36601911456347,10.194330260072023,151.75101122149903,15.907757754246601,13.14091182246215,3.7395393802598496,0.20356771684374791,36.68254102877602
L/R,5,Luis Arráez,650333,L,2021,364,757,178,23.513870541611624,134.95868185741097,10.264404124773566,144.9774809918106,11.925083155102051,138.40945351994256,16.498882918530864,12.823732815464059,4.374423521085968,0.2591254903399289,36.68254102877602
L/R,6,Dan Vogelbach,596129,L,2021,226,547,97,17.73308957952468,134.6144039910455,11.671071857179244,148.87215820045753,14.312147042053425,,17.927549483531163,12.697442945881553,5.250059210800002,0.3350149114188198,36.68254102877602
L/R,7,Trent Grisham,663757,L,2021,390,792,138,17.424242424242426,134.3767532139282,8.641676987770243,140.69082695171673,9.564564604035386,140.1197959937706,14.92642929151174,12.610266602060294,3.5085253350990695,0.18367020467216594,36.68254102877602
L/R,8,Jace Peterson,607054,L,2021,248,523,104,19.88527724665392,132.56297725512928,11.303767402436991,144.59250874639133,13.650339853581396,134.44003207731393,16.35766531665554,11.944927491803806,5.007291517357361,0.3142599787391454,36.68254102877602
L/R,9,Max Muncy,571970,L,2021,429,898,134,14.92204899777283,130.26916521448015,8.497294478980933,135.44188599728938,9.36989902438375,131.3967917256866,13.000984372327697,11.103498948869683,3.437117053974454,0.17758406392629925,36.68254102877602
L/R,10,Kyle Schwarber,656941,L,2021,324,722,141,19.529085872576175,129.68596992392725,13.50995030923149,148.7240473112646,18.198633129961237,132.9960031395625,17.87321864583488,10.889568097134724,6.675721064574457,0.44890056826577346,36.68254102877602
L/R,11,Brett Gardner,458731,L,2021,343,763,138,18.086500655307994,127.89110953271977,8.96635156793588,133.20919725936702,10.010498060837186,132.34290596403494,12.18197740999447,10.231167697720789,3.6721050583514288,0.19773073408919756,36.68254102877602
L/R,12,Ji Man Choi,596847,L,2021,228,501,87,17.365269461077844,127.52916073682142,10.293241878584775,135.00590590041298,11.97037142808395,124.80887999288784,12.841055794413718,10.098395682162218,4.391036410403777,0.26058355728737786,36.68254102877602
L/R,13,Matt Carpenter,572761,L,2021,226,511,78,15.264187866927593,127.51045232572869,11.036707464238408,136.5769283109193,13.187490662269221,,13.417346734718961,10.091532961587298,4.837506672852914,0.29958613816784385,36.68254102877602
L/R,14,Joey Votto,458015,L,2021,360,818,170,20.78239608801956,125.15169100682475,11.1913993465592,133.53797262977724,13.453796688562898,124.62626914730554,12.302580570137708,9.226279373009456,4.935194490210195,0.3080430665144118,36.68254102877602
L/R,15,Yoán Moncada,660162,S,2021,461,1042,241,23.128598848368522,124.54925583956052,9.457210155348841,129.69182908538608,10.707994290705843,123.10207759655307,10.891717386440805,9.005290845605982,3.927964399047165,0.21997267275425098,36.68254102877602
L/R,16,J. P. Crawford,641487,L,2021,413,785,164,20.891719745222932,124.49587329893969,8.665541422423107,128.61454848090452,9.59695065879673,126.70156221280016,10.49654348670681,8.985708773240539,3.520405362924502,0.18468603477072565,36.68254102877602
L/R,17,Tommy La Stella,600303,L,2021,215,433,90,20.785219399538107,124.32017500947143,11.324458391429975,132.61637550872695,13.686822742896322,,11.96451532808842,8.921258176119487,5.020674368198791,0.31541150648112126,36.68254102877602
L/R,18,Yasmani Grandal,518735,S,2021,279,662,112,16.91842900302115,123.39502951295574,10.467531657545383,129.69625824171206,12.246982319540523,131.11788363242755,10.89334211352731,8.581891299784253,4.492504314152398,0.2694829034906135,36.68254102877602
L/R,19,Jurickson Profar,595777,S,2021,321,669,145,21.674140508221225,121.04920004217219,9.12878375404705,124.8480085808705,10.238076012750328,122.34128519655816,9.114880942511604,7.721381441698951,3.755586433934415,0.2049597066533595,36.68254102877602
L/R,20,Jake Cronenworth,630105,L,2021,440,851,208,24.44183313748531,120.90640077383533,8.406939486402276,123.97674201758977,9.249165593956233,119.77179506379112,8.795278227966147,7.668999041502493,3.3928289638224305,0.1738275041716928,36.68254102877602
L/R,21,Joey Gallo,608336,L,2021,389,891,162,18.181818181818183,120.82491980356721,9.31493822687479,124.76185292548189,10.502776403937546,120.3373796579221,9.083276858875072,7.639109751153248,3.8526852635349966,0.21340402688630536,36.68254102877602
L/R,22,Freddie Freeman,518692,L,2021,490,999,249,24.924924924924923,120.53441507053061,9.934565046577063,125.09289200849875,11.416321534798797,131.23244822529955,9.204710406324013,7.53254523326656,4.187796830979561,0.24273945201486818,36.68254102877602
L/R,23,Matt Olson,621566,L,2021,409,914,203,22.210065645514224,120.46687784575192,9.336817820459482,124.32966240409763,10.534169010148076,118.74032560428796,8.924738393545809,7.5077708630774165,3.8642008691881773,0.21440772158218938,36.68254102877602
L/R,24,Ketel Marte,606466,S,2021,259,525,112,21.333333333333336,120.39252153508896,10.376895322674315,125.4643329999713,12.102508894050105,120.33288579904384,9.340964400418628,7.480495078910993,4.439507790571197,0.2648363071300083,36.68254102877602
L/R,25,Josh VanMeter,642165,L,2021,264,562,99,17.615658362989322,120.32400460432635,9.835639448011825,124.69825341920034,11.266913401986555,119.18490610702948,9.059946943889239,7.45536132767234,4.1329901313603825,0.23792925903585782,36.68254102877602
L/R,26,Max Kepler,596146,L,2021,362,728,142,19.505494505494507,119.89974899435268,9.756642518704323,124.0529297694195,11.14861147786878,121.94640692333166,8.823225831289996,7.299733589476866,4.089593979508048,0.2341226534160935,36.68254102877602
L/R,27,Adam Frazier,624428,L,2021,456,833,223,26.770708283313326,119.64627006697535,8.359461274427051,122.41332591409885,9.186052934352574,123.19200041072732,8.221777474352598,7.206751077942377,3.3696776365689667,0.17186966573823564,36.68254102877602
L/R,28,Michael Conforto,624424,L,2021,332,725,177,24.413793103448274,119.03980493517125,9.754244348675034,122.92761120063989,11.145033874473219,126.10218260375636,8.410430385592974,6.984284257143117,4.088281623674624,0.23400757347425358,36.68254102877602
L/R,29,Christian Yelich,592885,L,2021,344,785,140,17.8343949044586,118.98952363103876,9.214945072060248,122.33569001176957,10.360065463702034,120.27859064935426,8.193298652627599,6.965839797124914,3.8003352643305535,0.20884695786199114,36.68254102877602
L/R,30,Tony Kemp,643393,L,2021,301,550,115,20.909090909090907,118.52282345445221,7.647062134931259,120.57378372385031,8.264434431201718,125.75142282936066,7.546986655673031,6.794642313367179,3.031604551021862,0.14382417444947812,36.68254102877602
L/R,31,Jesse Winker,608385,L,2021,366,742,182,24.528301886792452,117.13684830137737,9.368490567127607,120.1163861232382,10.579719624254642,123.56268452436802,7.379201593163859,6.286231409191863,3.8809099918966776,0.21586483464516373,36.68254102877602
L/R,32,Kyle Tucker,663656,L,2021,361,775,206,26.580645161290324,116.607717174031,11.268654372181247,121.28274170669283,13.588637196410403,122.09898116564295,7.807050458606021,6.092132666307,4.984657414824766,0.31231063189539504,36.68254102877602
L/R,33,Billy McKinney,641856,L,2021,232,475,93,19.57894736842105,116.46071340294402,10.286278297675779,120.03020173960834,11.959423202839615,,7.347586971278442,6.038207947664175,4.387020323186601,0.26023109673090883,36.68254102877602
L/R,34,Carlos Santana,467793,S,2021,469,1051,243,23.120837297811608,114.65098314529756,8.705080253397472,116.56081097566678,9.65074188872526,120.07750651923006,6.074926280847012,5.374352903392836,3.5401373529129176,0.18637523774764772,36.68254102877602
L/R,35,Michael Brantley,488726,L,2021,328,609,155,25.451559934318556,114.58944786352778,9.244012443438852,116.79156849067164,10.401423359762806,120.91944460697144,6.15957400096565,5.351780198410464,3.8155063915216845,0.21016659819756556,36.68254102877602
L/R,36,Brad Miller,543543,L,2021,296,612,140,22.875816993464053,114.32005634936499,9.86210174650258,116.83749150166773,11.306740875256946,110.62053099492758,6.176419728315944,5.2529605456996595,4.147599860583519,0.2392112549552022,36.68254102877602
L/R,37,Brock Holt,571788,L,2021,217,444,108,24.324324324324326,114.20369979339068,11.23980933558323,117.7603723151982,13.538144707637198,,6.514955861385957,5.2102780043147146,4.966135486914085,0.31071379852494335,36.68254102877602
L/R,38,Bryan Reynolds,668804,S,2021,450,910,231,25.384615384615383,112.46522834082477,9.191596402163237,114.07875013786708,10.326919068748353,118.29543897850586,5.164443295661953,4.572562500453661,3.788176324402109,0.20778995298588598,36.68254102877602
L/R,39,Jeimer Candelario,600869,S,2021,452,992,287,28.931451612903224,112.45857463435054,10.236239710645973,114.59195306264732,11.88098101364141,109.8393475277783,5.35269916910534,4.57012175184632,4.358245734950099,0.2577054166737183,36.68254102877602
L/R,40,Corey Seager,608369,L,2021,283,507,123,24.2603550295858,111.40405720699162,10.433144465380293,113.26507511272425,12.192007549768416,101.2757879138179,4.865966620723028,4.183297963899793,4.472338171675269,0.2677152395487389,36.68254102877602
L/R,41,Eduardo Escobar,500871,S,2021,440,946,266,28.118393234672308,110.15172161312717,9.980569433390695,111.39715871951229,11.48628979144557,114.35241029185237,4.180767423399822,3.7239094458624944,4.213462965431133,0.2449927837940895,36.68254102877602
L/R,42,Nicky Lopez,670032,L,2021,426,798,194,24.31077694235589,109.97721842053542,8.074057767472771,110.67678826902677,8.811272609400357,111.26245766715944,3.9165172373412904,3.6598972406435055,3.232198690100589,0.16033426916772944,36.68254102877602
L/R,43,Bryce Harper,547180,L,2021,396,875,217,24.8,109.18421998401496,11.35595990232003,110.51759964485211,13.742544352834738,115.44589581111664,3.85812280496528,3.3690052638093313,5.041114470626345,0.3171687222665237,36.68254102877602
L/R,44,José Ramírez,608070,S,2021,417,948,229,24.156118143459913,109.11896575170266,10.140381884135042,110.06861681351153,11.73181905842845,112.39650756077552,3.6934244936466074,3.345068353268361,4.303529339529781,0.25290142318773756,36.68254102877602
L/R,45,Andrew Benintendi,643217,L,2021,384,737,227,30.800542740841248,108.78461916356969,10.319573929146381,109.66149751548667,12.011841932733336,114.21930947581188,3.544082790112574,3.22242152889817,4.406248845286629,0.2619185062269829,36.68254102877602
L/R,46,Josh Rojas,668942,L,2021,402,855,187,21.871345029239766,108.42723998981563,9.163259327664548,108.97733050782406,10.286779874516984,114.41929700995811,3.2931129468213896,3.09132576685754,3.7734522480095674,0.2065107229760765,36.68254102877602
L/R,47,Abraham Toro,647351,S,2021,251,492,143,29.065040650406505,107.99637700179396,10.130661518018023,108.56455878380856,11.716773631938826,121.04601100671236,3.1416977898042195,2.9332742744986775,4.2980102947847705,0.25241680313749093,36.68254102877602
L/R,48,DJ Stewart,621466,L,2021,270,570,124,21.75438596491228,107.75877475841477,11.296634011695149,108.41985310074227,13.637783357664915,112.00856360641592,3.0886160682424526,2.8461157340858194,5.002685475591021,0.3138634681239483,36.68254102877602
L/R,49,Jared Walsh,665120,L,2021,383,800,245,30.625000000000004,107.41805997474663,9.847394309817169,107.76397344616262,11.284592815464785,102.68705872837572,2.8480227448518805,2.7211328937756454,4.139475389463181,0.2384983113803287,36.68254102877602
L/R,50,Ian Happ,664023,S,2021,410,870,191,21.95402298850575,107.40642867363916,9.298037508748813,107.70155077551884,10.478568496300644,106.9244408201766,2.825124523081718,2.7168662369747154,3.843805187883883,0.21263034287563154,36.68254102877602
L/R,51,Cedric Mullins,656775,L,2021,427,858,243,28.321678321678323,107.32107182973837,10.291999937602656,107.67600977420803,11.968418260065281,105.02562236377426,2.8157554347967158,2.685555177689941,4.390319938743968,0.2605206791622992,36.68254102877602
L/R,52,Colin Moran,592567,L,2021,264,546,172,31.5018315018315,106.9586629590049,13.16599112968442,107.43806275532282,17.382967897944383,111.5122125019086,2.7284704219674034,2.552614394991213,6.376514331182412,0.4263338029961433,36.68254102877602
L/R,53,Brandon Lowe,664040,L,2021,424,878,251,28.5876993166287,106.86509015580943,10.810831363242535,107.08756903253497,12.807109511223413,96.58260450351088,2.5999004183024654,2.5182895130672587,4.697973201054805,0.2874490235237972,36.68254102877602
L/R,54,Mike Yastrzemski,573262,L,2021,402,803,189,23.536737235367372,106.06493206385886,9.039112388047409,106.0023963593256,10.112058878518434,106.24048870411106,2.2018315072193713,2.224771192692421,3.7093601469665134,0.20095287518419613,36.68254102877602
L/R,55,Jake Bauers,641343,L,2021,243,446,114,25.56053811659193,105.60640492020455,10.632772851939093,105.33402944538904,12.513979680667202,,1.956657539791829,2.056571785093351,4.590445730693441,0.27805821095036026,36.68254102877602
L/R,56,Nathaniel Lowe,663993,L,2021,435,921,210,22.80130293159609,105.57545634246891,8.800059618977746,105.40179055723262,9.780648388545501,114.04010586340382,1.9815140374454054,2.045219060367654,3.587790358008524,0.1904644297386143,36.68254102877602
L/R,57,LaMonte Wade,664774,L,2021,337,711,163,22.925457102672294,105.54909063533734,9.060387105195481,105.35569030945518,10.141870892478144,109.49691895616009,1.9646032951400778,2.0355474490315877,3.720295951218788,0.20189992541027876,36.68254102877602
L/R,58,Rafael Ortega,542364,L,2021,272,539,130,24.118738404452692,105.27060916262577,9.492205702335765,104.97367962143394,10.758872211584936,107.1024923722057,1.8244720677723802,1.9333933685466274,3.9466277132482266,0.22160366262795855,36.68254102877602
L/R,59,Jeff McNeil,643446,L,2021,315,536,156,29.1044776119403,104.95124775488947,9.917868444142295,104.51648368297549,11.391004693161827,106.89761377605086,1.6567609800654586,1.8162434891236816,4.178509970158889,0.24192421384034615,36.68254102877602
L/R,60,Alex Verdugo,657077,L,2021,399,789,210,26.61596958174905,104.89490561829597,9.045827923889636,104.53745524677562,10.121463554771262,106.36582211389204,1.664453882560817,1.7955757617512789,3.71281002119158,0.20125157874718863,36.68254102877602
L/R,61,Anthony Rizzo,519203,L,2021,404,837,248,29.629629629629626,104.64087405889816,10.218907225497231,104.06279374813047,11.853903182810035,112.77087119148784,1.4903359835725096,1.7023905307491438,4.348312898545678,0.256833437540663,36.68254102877602
L/R,62,Tommy Edman,669242,S,2021,531,969,267,27.55417956656347,104.09178999671123,7.023337452328067,103.78502626627065,7.492521192148894,104.38410766253692,1.388443813074679,1.5009725443549495,2.7484471603997567,0.12131925174071373,36.68254102877602
L/R,63,Charlie Blackmon,453568,L,2021,425,768,212,27.604166666666668,103.1907506181029,8.901926232452896,102.43477032733452,9.921079549350912,109.03043253811954,0.8931356242809476,1.1704484046115182,3.6393040761881554,0.19489945920443033,36.68254102877602
L/R,64,Jed Lowrie,476704,S,2021,333,634,143,22.555205047318612,102.69046823738455,8.926868499675566,101.80725741410106,9.955641902383471,119.23665584493833,0.6629479424232199,0.986932115044777,3.6519824255198348,0.19599316512859669,36.68254102877602
L/R,65,Kolten Wong,543939,L,2021,342,641,184,28.70514820592824,102.47663005097284,9.446297006753507,101.39777986083516,10.692160915861272,102.70668439584831,0.5127411709428256,0.9084908345791106,3.922156314823565,0.21946529069502643,36.68254102877602
L/R,66,Dylan Carlson,666185,S,2021,476,988,242,24.493927125506072,102.02257159065863,9.524241133420679,100.79031825424663,10.805587234813158,111.7560291829751,0.28990881787192335,0.7419306535797194,3.963763970810521,0.22310197580138794,36.68254102877602
L/R,67,Akil Baddoo,668731,L,2021,353,741,181,24.426450742240217,101.64895038348263,9.39939665288941,100.35397705641216,10.624290418347785,110.92465994779486,0.12984777895084315,0.6048769009651727,3.8972596917267457,0.21729143406243648,36.68254102877602
L/R,68,Gavin Lux,666158,L,2021,281,529,113,21.361058601134218,101.55584131489694,10.454485530812583,99.80671818074079,12.226102018519816,104.2257724628447,-0.07090068265092396,0.5707221286797163,4.484844889163545,0.2688115862520385,36.68254102877602
L/R,69,Pavin Smith,656976,L,2021,395,722,170,23.545706371191137,101.50062526974855,8.221054484608672,100.54108769125861,9.003331226494616,106.85390492424648,0.19848471434759543,0.5504674802636961,3.302650671115491,0.16622552176460648,36.68254102877602
L/R,70,Ben Gamel,592325,L,2021,291,619,144,23.263327948303715,101.24961561690425,11.080920092952354,99.05870280163884,13.2631101464285,105.29523125682915,-0.34529173099155086,0.45839076137289203,4.865245821155391,0.30199120710759175,36.68254102877602
L/R,71,Austin Meadows,640457,L,2021,399,848,210,24.764150943396228,101.07015572704742,9.668819422703145,99.50458194139375,11.018118476205991,100.73642606590543,-0.18173193261220003,0.3925603136459658,4.041725830633414,0.22992677640078701,36.68254102877602
L/R,72,Shohei Ohtani,660271,L,2021,400,967,250,25.853154084798348,99.70024552601939,10.520822963349596,97.22640614604842,12.33257535693334,103.4699561755218,-1.0174247034473982,-0.1099575579035319,4.523902015211793,0.2722338199846659,36.68254102877602
L/R,73,Steven Duggar,621453,L,2021,245,519,123,23.699421965317917,98.71454278354352,12.494099528201266,93.97886537253522,15.91805842696239,,-2.2087051801176067,-0.47153837083400885,5.839148313455017,0.3839304644960829,36.68254102877602
L/R,74,Trevor Larnach,663616,L,2021,210,448,111,24.776785714285715,98.4108974934311,11.442566125164763,94.65727144435427,13.896856502662148,95.59433109971236,-1.9598485944808783,-0.5829231789614451,5.097720088299171,0.32202494412980165,36.68254102877602
L/R,75,Daulton Varsho,662139,L,2021,224,453,136,30.022075055187635,98.34151334111282,11.839011593051906,94.1475760399089,14.625268471980798,99.1450270966034,-2.1468178203383346,-0.6083750491030706,5.364920107803,0.34472560585177076,36.68254102877602
L/R,76,Corey Dickerson,572816,L,2021,311,639,233,36.46322378716745,97.97958607288925,12.611857690792927,92.62431834232385,16.163758738902224,98.00152008233091,-2.7055874502289607,-0.7411391677635053,5.929277431190179,0.391201737603652,36.68254102877602
L/R,77,Anthony Santander,623993,S,2021,280,573,194,33.85689354275742,97.88767480367571,12.931832207883003,92.00074609959134,16.854445256662828,93.8914176764261,-2.934329594013376,-0.7748545568028309,6.182638796447937,0.4113038490957729,36.68254102877602
L/R,78,Francisco Lindor,596019,S,2021,359,765,193,25.22875816993464,97.55657888348763,9.662083509267175,94.94665620562421,11.008153804035555,105.69437446808902,-1.8536949106970042,-0.8963089535704267,4.038070535676111,0.22960652481471402,36.68254102877602
L/R,79,Asdrúbal Cabrera,452678,S,2021,228,442,122,27.601809954751133,96.98998455821595,11.308658910012998,92.71177868926716,13.658956389773646,89.10775683041858,-2.673504772577573,-1.1041501494049248,5.010452281781342,0.3145320186018564,36.68254102877602
L/R,80,Josh Bell,605137,S,2021,384,772,192,24.870466321243523,96.65172246521801,10.032920120159613,93.47271006956315,11.56629314424523,106.7401801491564,-2.3943758067996646,-1.2282332804536908,4.242810228146265,0.24756962617195521,36.68254102877602
L/R,81,Ryan McMahon,641857,L,2021,422,871,214,24.569460390355914,95.55176798319559,9.189508078849633,92.73065177216776,10.32395765967926,101.67572199474937,-2.6665816461991625,-1.631724534619429,3.7870900043053095,0.20769554429133502,36.68254102877602
L/R,82,César Hernández,514917,S,2021,433,842,220,26.128266033254157,95.43945216620439,8.276273637173041,93.23638742644327,9.076007427146317,99.19626605766535,-2.4810649573224004,-1.6729248302690327,3.3293101482377065,0.16846602719853013,36.68254102877602
L/R,83,Freddy Galvis,520471,S,2021,275,568,186,32.74647887323944,95.30389066026603,12.099209777357167,89.10972653452642,15.124542787099362,95.97912394106729,-3.994829032118257,-1.7226522353040945,5.548066613292508,0.3600449013113008,36.68254102877602
L/R,84,Yordan Álvarez,670541,L,2021,367,811,220,27.12700369913687,95.17722087598266,12.235891052840028,88.68646219265845,15.39410885966603,97.8627959391214,-4.150093147984151,-1.7691179308949052,5.6469502984614355,0.36822549503812635,36.68254102877602
L/R,85,Jazz Chisholm,665862,L,2021,355,769,233,30.299089726918076,95.05018381281076,12.521534334189655,87.98067270367822,15.974911050985883,92.03144828322472,-4.40899466685611,-1.8157183537146926,5.860003300588371,0.38561840081152315,36.68254102877602
L/R,86,Dom Nuñez,624513,L,2021,219,492,122,24.796747967479675,94.98076752916843,14.045054906441138,84.30105140543658,19.574444360803405,,-5.7587732592871825,-1.8411820104424392,7.180403583806643,0.4851650797548413,36.68254102877602
L/R,87,Eddie Rosario,592696,L,2021,292,588,209,35.544217687074834,94.21486326225123,11.796283075372243,87.91970742307176,14.544943648924816,98.41438325127028,-4.431358280927886,-2.1221351573954887,5.335454921629198,0.34224177795931343,36.68254102877602
L/R,88,Joc Pederson,592626,L,2021,369,804,273,33.95522388059701,94.05873826878639,11.275967885622945,88.48274405225,13.601467286396346,98.56660230757672,-4.224822138422539,-2.1794057721794013,4.989363817847888,0.31271615133566394,36.68254102877602
L/R,89,Jorge Polanco,593871,S,2021,432,888,247,27.815315315315313,93.8694854491133,9.403369978336606,90.41108477239254,10.630029342390023,88.45748885336184,-3.517457762581655,-2.2488285154040994,3.8993648748931498,0.217475180338645,36.68254102877602
L/R,90,Rafael Devers,646240,L,2021,406,869,278,31.990794016110474,93.86612530714356,11.05136395578886,88.5217783979879,13.212515329240238,101.7612205127036,-4.210503348531921,-2.250061100860774,4.846686356581872,0.30038235338174907,36.68254102877602
L/R,91,Omar Narváez,553882,L,2021,371,705,228,32.340425531914896,93.40511370885731,10.243558964823153,88.91498375734169,11.89242992471388,94.8225153642654,-4.06626563125962,-2.419171869549542,4.362445486451606,0.25807408443707347,36.68254102877602
L/R,92,Víctor Caratini,605170,S,2021,276,557,137,24.59605026929982,92.75297196671082,10.16737309686836,88.12973454770129,11.773673689020864,97.86816264691268,-4.354314994764098,-2.658394031678205,4.318882681569286,0.25424953826199254,36.68254102877602
L/R,93,Bradley Zimmer,605548,L,2021,256,525,116,22.095238095238095,92.37946287642468,10.743940974764087,86.85515566276673,12.69631433941891,97.34207678562564,-4.821862917174332,-2.7954066569686216,4.657330716699715,0.28390293306296915,36.68254102877602
L/R,94,Brandon Crawford,543063,L,2021,395,852,240,28.169014084507044,91.62867664226572,9.478439277262126,87.46354467173737,10.738838968527979,94.40463713681056,-4.59869036934412,-3.0708141253523884,3.9392790106444635,0.22096135079346646,36.68254102877602
L/R,95,Jarred Kelenic,672284,L,2021,233,503,151,30.019880715705767,90.99739179579457,12.77835080606752,80.71839440484749,16.518801386254,89.04181442624648,-7.072982883448593,-3.3023854481676134,6.059516095974646,0.4015986694853213,36.68254102877602
L/R,96,Adam Eaton,594809,L,2021,237,509,146,28.68369351669941,90.92160914742712,11.392814127608043,83.70390124157755,13.808008213332226,,-5.977823113148172,-3.3301844492476964,5.065128278112357,0.3192307188196139,36.68254102877602
L/R,97,Rowdy Tellez,642133,L,2021,258,572,195,34.090909090909086,90.8254965789644,13.813276346678554,77.13017723503309,18.9611967546043,92.50917753736208,-8.389232118967346,-3.3654409816078408,6.955448779054669,0.4692843297223408,36.68254102877602
L/R,98,Gregory Polanco,570256,L,2021,275,612,180,29.411764705882355,90.78287015609803,12.603972114052583,80.82361095419134,16.147168151044827,89.16731885735663,-7.034386779566476,-3.3810774366649032,5.923191581992474,0.39071269197766445,36.68254102877602
L/R,99,Jackie Bradley,598265,L,2021,348,665,193,29.022556390977446,90.47749070910176,10.568884501582884,84.47892285674916,12.410186934756624,94.92002798045424,-5.693525491180963,-3.4930983776027573,4.5523719140899,0.27472675452009515,36.68254102877602
L/R,100,Jonathan Villar,542340,S,2021,345,702,183,26.06837606837607,89.85155207266249,8.689655110827994,86.09702600237537,9.629736593801036,102.41698197184816,-5.099964140898717,-3.7227085747295554,3.532432076984124,0.1857153202183677,36.68254102877602
L/R,101,Niko Goodrum,592348,S,2021,216,438,124,28.31050228310502,89.83526612614729,13.017222863969693,78.06082400421508,17.04481520479033,94.60087887924612,-8.047847236029185,-3.728682673741914,6.252471330776266,0.4167535736220709,36.68254102877602
L/R,102,Raimel Tapia,606132,L,2021,393,727,220,30.261348005502064,89.08895025337632,8.949069603706715,84.86405010083163,9.986465295787186,89.89310971135703,-5.55225103185742,-4.00245029997539,3.663289229451613,0.196969246593624,36.68254102877602
L/R,103,Tucker Barnhart,571466,L,2021,327,671,191,28.46497764530551,88.22005348518687,9.692172689488554,82.78374575777418,11.052714014316473,90.58308558431446,-6.315359526022876,-4.321183713464198,4.0544163530949175,0.23103880997767268,36.68254102877602
L/R,104,Leury García,544725,S,2021,333,582,165,28.350515463917525,88.17763906650494,8.69851717462974,84.03096973098441,9.641801448158898,74.87182290217348,-5.857846080329307,-4.336742399999312,3.5368577721340078,0.1860943134541981,36.68254102877602
L/R,105,David Peralta,444482,L,2021,443,886,247,27.878103837471784,88.11704562508449,8.433838308758979,84.25873225592977,9.285021975172548,94.788226538164,-5.7742969986680475,-4.358969614009119,3.4059819955735398,0.1749416398045694,36.68254102877602
L/R,106,Kyle Seager,572122,L,2021,435,899,245,27.252502780867633,87.89343884231825,9.357264153720509,82.83802777852382,10.563559679013382,85.27035951108167,-6.295447501490142,-4.440994263840469,3.8749821133533247,0.21534779599010345,36.68254102877602
L/R,107,Didi Gregorius,544369,L,2021,302,610,193,31.639344262295083,87.76286891504964,11.0375237435936,79.82654201161955,13.188883265259108,88.70862449973086,-7.400137003510553,-4.488890630982022,4.838017515016047,0.299630454830914,36.68254102877602
L/R,108,Kevin Kiermaier,595281,L,2021,268,532,153,28.7593984962406,87.24463714366505,11.098624549808555,78.95666487630744,13.29350094469388,88.80128470473039,-7.7192300405713565,-4.678991213144327,4.876393938198061,0.3029569863911798,36.68254102877602
L/R,109,Tyler Naquin,571980,L,2021,383,813,327,40.22140221402214,86.50576933318244,12.537448433800042,74.0217799531629,16.007997109492766,97.97376360033326,-9.529471227226736,-4.950026700873028,5.872140107574963,0.38659921821081533,36.68254102877602
L/R,110,Seth Brown,664913,L,2021,280,581,158,27.19449225473322,86.49531776324807,12.400817727954342,74.4401941973864,15.726482204988098,90.03396205057228,-9.375986250419208,-4.953860602302357,5.76887328722792,0.37821896348563094,36.68254102877602
L/R,111,Eric Hosmer,543333,L,2021,407,894,272,30.42505592841163,84.86496804895343,9.715360417553523,78.38039994227415,11.087138742209742,88.10482351814564,-7.9306186614325656,-5.551914305161018,4.0670442180284105,0.23214561516546436,36.68254102877602
L/R,112,Odúbel Herrera,546318,L,2021,339,701,225,32.09700427960057,84.76543683254805,9.696028255874081,78.28446815060609,11.058432873906463,84.8651559783271,-7.965808880270847,-5.588424884455365,4.056514176110394,0.23122266197375219,36.68254102877602
L/R,113,Cody Bellinger,641355,L,2021,253,517,171,33.07543520309478,84.26260198866203,12.660383771924234,69.91272797836533,16.266295948628965,97.11983629486744,-11.036775903775588,-5.772877482370837,5.966890685217952,0.39421794801161764,36.68254102877602
L/R,114,Marwin González,503556,S,2021,219,459,151,32.89760348583878,83.35609088949307,13.34015356882802,65.48663535771693,17.789839297749975,88.22200301950686,-12.660379145316563,-6.105408788253893,6.525765099350455,0.4376876676995596,36.68254102877602
L/R,115,Ryan O'Hearn,656811,L,2021,221,436,138,31.65137614678899,83.34336556122452,12.178802015187488,70.15154182157316,15.280883110298957,,-10.949172917758476,-6.110076762017054,5.605416216494721,0.36479744902261774,36.68254102877602
L/R,116,Harold Castro,605612,L,2021,295,549,231,42.07650273224044,81.72911567943824,11.425671568642967,70.10271957022367,13.866624293085197,77.40742749903812,-10.967082160140926,-6.702224637210273,5.0866301456172005,0.32107472855265223,36.68254102877602
L/R,117,Alex Dickerson,543105,L,2021,282,565,180,31.858407079646017,79.0920191561277,11.625662230352036,65.53752146495623,14.228652692421308,88.72287727655862,-12.64171282815056,-7.669578651342085,5.21943136173949,0.3324130412166415,36.68254102877602
L/R,118,Ozzie Albies,645277,S,2021,505,1031,351,34.04461687681862,78.70597681537457,8.881004563529576,72.06162997193258,9.892142716597963,86.74881417495376,-10.248504048317095,-7.811188791377301,3.628689310641127,0.1939844144925312,36.68254102877602
L/R,119,Dominic Smith,642086,L,2021,354,685,242,35.32846715328467,77.18703520662568,10.515234102019,66.30762615557786,12.323576110865588,90.34805836569691,-12.35921885904875,-8.368375170209763,4.52060086308071,0.2719446652377593,36.68254102877602
L/R,120,Rougned Odor,596059,L,2021,242,445,126,28.314606741573034,76.75605660893073,10.953691158253001,64.38228736044529,13.04654659539031,91.02894873500992,-13.065482052516199,-8.526469071134457,4.785804807692432,0.2950962124265459,36.68254102877602
L/R,121,Willi Castro,650489,S,2021,314,615,240,39.02439024390244,73.17635604877773,10.496314029653332,60.85991212127887,12.293150526923304,76.41684678497269,-14.35757879481087,-9.839594197819906,4.509439985767837,0.2709669249796944,36.68254102877602
L/R,122,Jason Heyward,518792,L,2021,279,513,155,30.214424951267056,70.54080709881039,10.572365058763626,56.978098446935995,12.41582302020574,72.23897093170527,-15.781526688562332,-10.806380522725153,4.554439373447189,0.27490773097543314,36.68254102877602
L/R,123,Joey Wendle,621563,L,2021,363,676,240,35.50295857988166,68.37182006737856,10.498134346904177,54.262916003155816,12.296075138755144,77.44012782331299,-16.77752460250812,-11.602020080438963,4.510512807702984,0.271060917696945,36.68254102877602
