matchup,rank,player,batter,bats,game_year,plate_appearances,opportunities,chases,chase_rate,xchase_plus,xchase_plus_posterior_sd,xchase_plus_raw,xchase_plus_se,overall_xchase_plus,runs_saved_per_600_pa,runs_saved_shrunk,standard_error_per_600_pa,shrinkage_factor,league_chase_cost_per_600_pa
R/R,1,Mookie Betts,605141,R,2024,355,720,143,19.86111111111111,145.79403039681455,9.438288297355426,157.09995672180423,10.665734499643756,147.05056674526764,20.63678584851424,16.550653497755437,3.854757366255733,0.21692214850870986,36.14150873889168
R/R,2,Ha-Seong Kim,673490,R,2024,339,683,136,19.91215226939971,142.2259176466434,8.90967690500715,151.15090714761521,9.919894701416702,140.842896449874,18.486709576777717,15.261083716338831,3.5851996104013697,0.19330421771240336,36.14150873889168
R/R,3,Justin Turner,457759,R,2024,399,822,201,24.45255474452555,140.03611125294321,10.075165869295542,151.54662068216584,11.612026711012776,135.73466494285915,18.629726418448318,14.469654647194867,4.196761648523118,0.2471848383759432,36.14150873889168
R/R,4,Aaron Judge,592450,R,2024,511,1080,201,18.61111111111111,139.93329377745954,9.854534053344295,150.75892268500746,11.277819543582662,133.19272232919917,18.34504047796924,14.43249486030783,4.075974135900362,0.23647738187971667,36.14150873889168
R/R,5,Gabriel Moreno,672515,R,2024,231,460,93,20.217391304347824,134.95638642399445,11.151722617288918,147.97725235019996,13.355899517095363,134.14112256868515,17.339702850827635,12.633765454228701,4.827023591128612,0.30283170118609043,36.14150873889168
R/R,6,Brandon Drury,592273,R,2024,280,534,130,24.344569288389515,133.87824720736734,10.29444375068211,143.92957741103987,11.951403969172524,120.65418119281728,15.876812058969165,12.244109675033997,4.319417709938735,0.25806148332099377,36.14150873889168
R/R,7,Jonathan India,663697,R,2024,459,929,174,18.729817007534987,133.4139997439907,8.276078740165064,139.10575438139017,9.066653961403881,131.50798597523357,14.133409637159648,12.076323637487643,3.2768255337858525,0.1667887090692815,36.14150873889168
R/R,8,Isaac Paredes,670623,R,2024,482,1144,304,26.573426573426573,133.14817185551567,8.793914379659029,139.683223240717,9.76086084490699,125.9133490657524,14.342115595417637,11.980249427944035,3.527722375253116,0.18831368638322307,36.14150873889168
R/R,9,Yandy Díaz,650490,R,2024,483,931,215,23.09344790547798,132.38703137071522,9.055697753529808,139.22556259413054,10.122631178800622,131.31489794133282,14.176710132837117,11.705161773114636,3.6584716320920005,0.19969227152202287,36.14150873889168
R/R,10,Gleyber Torres,650402,R,2024,497,1014,216,21.301775147928996,132.18863949204768,8.628727403432894,138.21413023553617,9.536429574171406,126.444119279076,13.811163218567753,11.633459954948748,3.4466095279274094,0.18130547439392242,36.14150873889168
R/R,11,Dylan Moore,664238,R,2024,263,503,87,17.296222664015904,131.7753771420277,9.381401443489777,139.08442600295436,10.583846420704324,134.8895576615447,14.125701239403405,11.484100706601733,3.825161779049728,0.2143151439265907,36.14150873889168
R/R,12,Andrew McCutchen,457705,R,2024,373,780,135,17.307692307692307,130.13462098966752,8.731070984319961,135.86846314456844,9.67513703768261,122.9007813880244,12.963403741900345,10.89110667841257,3.496740497973806,0.18563183489400456,36.14150873889168
R/R,13,Maikel García,672580,R,2024,467,845,170,20.118343195266274,129.3131450133171,8.9368684471136,135.1881658886668,9.957465149260907,121.56945299008764,12.717534049708211,10.59421286663199,3.5987781370922236,0.19448591276593727,36.14150873889168
R/R,14,Matt Chapman,656305,R,2024,481,937,238,25.400213447171826,129.15054208648152,8.908439058032933,134.9403542067913,9.918186336697001,127.93332989553976,12.627971169047195,10.535445715620018,3.5845821816169074,0.19325050882451691,36.14150873889168
R/R,15,Nico Hoerner,663538,R,2024,502,855,269,31.46198830409357,124.65143776952654,8.300035903596198,128.61657206421182,9.098180821867679,118.55860844052476,10.342460893358352,8.90940153573588,3.288219816815474,0.1677557292927283,36.14150873889168
R/R,16,Will Smith,669257,R,2024,390,814,211,25.921375921375923,124.30909934094589,9.164028937134988,129.27795241435388,10.274624895406966,125.55131625394516,10.58149373040225,8.785675262653818,3.7134044544618483,0.20449859244233792,36.14150873889168
R/R,17,Danny Jansen,643376,R,2024,229,463,96,20.734341252699785,124.19394291427714,10.992528435702686,132.2046666278475,13.084928393749479,123.98597890448455,11.639252403634435,8.744055992645938,4.7290905389046864,0.2942473869609616,36.14150873889168
R/R,18,Tommy Pham,502054,R,2024,360,682,136,19.941348973607038,123.9477476207626,10.016894026182982,130.0806270438604,11.523066949135718,122.85021196231553,10.871592451770224,8.655077299125638,4.1646102484102245,0.2443338159179184,36.14150873889168
R/R,19,Taylor Ward,621493,R,2024,533,1036,218,21.042471042471043,123.50722493175265,7.447521341755059,126.40031861267249,8.007922715042284,120.86875995848776,9.541473458494275,8.495865752980306,2.8941840878606993,0.1350644119797445,36.14150873889168
R/R,20,Mark Canha,592192,R,2024,333,672,168,25.0,123.11980894139876,9.738181221148558,128.5664987098076,11.10436762249946,122.29387030965928,10.324363627600494,8.355847768970696,4.013285994684301,0.2309261546379518,36.14150873889168
R/R,21,Xander Bogaerts,593428,R,2024,354,613,164,26.753670473083197,122.89654154122243,9.662437176512391,128.16830256751186,10.992454201166787,118.78669531819124,10.180449534034752,8.275155562024871,3.97283879573336,0.22734781561259804,36.14150873889168
R/R,22,Enrique Hernández,571771,R,2024,249,441,117,26.53061224489796,122.74456659759568,10.814101517953736,129.81756497170258,12.786991925831229,121.9369259378263,10.77651784997259,8.220229524493082,4.621411804315668,0.28477266778728116,36.14150873889168
R/R,23,Lane Thomas,657041,R,2024,381,725,169,23.310344827586206,122.21050858532618,9.956103063835812,127.6928105298368,11.430794808107068,128.969544776539,10.008599537685685,8.02721290131795,4.131261704496793,0.24137716755461922,36.14150873889168
R/R,24,Matt Vierling,663837,R,2024,415,787,166,21.092757306226176,121.30691707337095,7.931489199296818,124.2604290945141,8.61909027705039,113.60470714212828,8.768085101286431,7.700641296060769,3.1150692656931294,0.15318875750863295,36.14150873889168
R/R,25,Seiya Suzuki,673548,R,2024,444,963,204,21.18380062305296,120.1304720687227,9.65707550126973,124.58193619446537,10.984561637002363,117.40999006096116,8.884282617911477,7.275456321897565,3.9699863039661523,0.22709557553465448,36.14150873889168
R/R,26,Vladimir Guerrero,665489,R,2024,548,1008,288,28.57142857142857,119.78924121269078,8.479119940744983,122.93213651784902,9.335616404490017,118.3164304286725,8.288020123612972,7.152130342244995,3.3740326186581644,0.17507292049250858,36.14150873889168
R/R,27,Carlos Correa,621043,R,2024,275,542,146,26.937269372693727,119.61481577724642,11.513037903046696,126.58981144346816,13.990164579573323,112.98490257959398,9.609959026495865,7.0890903582510205,5.056256554111821,0.3227730664778568,36.14150873889168
R/R,28,Max Schuemann,680474,R,2024,355,679,152,22.385861561119295,118.56651427643763,10.144432196244974,123.10967040699299,11.718432831416493,117.35655741959212,8.352183549672434,6.710218379726277,4.235218425827544,0.25059529159002647,36.14150873889168
R/R,29,Randy Arozarena,668227,R,2024,463,1009,265,26.26362735381566,118.36466951115247,8.786273428781469,121.46326092609439,9.750415234729747,122.0774149490476,7.757146323255526,6.637268636241746,3.523947174138077,0.18798658051350892,36.14150873889168
R/R,30,Davis Schneider,676914,R,2024,315,708,154,21.75141242937853,117.1154385198223,9.712918234403297,120.73471224272687,11.066954324963747,104.4343230833255,7.493837837189173,6.185777708341212,3.9997642644859237,0.22972956216118617,36.14150873889168
R/R,31,Alex Bregman,608324,R,2024,455,838,207,24.701670644391406,117.02823349396681,8.19033679625443,119.3805356040933,8.954266772152778,122.58748755143448,7.004417968997393,6.154260496300897,3.23620710796127,0.16335067785319762,36.14150873889168
R/R,32,Rhys Hoskins,656555,R,2024,387,809,210,25.95797280593325,117.00254139318966,9.451790501803753,120.34505940422511,10.685230954303812,115.9867103194003,7.35301142251072,6.144974983453319,3.8618036791204715,0.2175432404133246,36.14150873889168
R/R,33,Dansby Swanson,621020,R,2024,471,896,223,24.888392857142858,116.09445633534308,8.511321017507262,118.4750078184517,9.378646583770644,110.72215412615398,6.677146565216643,5.816779342915125,3.3895843746632335,0.17640519115312406,36.14150873889168
R/R,34,Bobby Witt,677951,R,2024,561,1078,323,29.962894248608535,115.8595615660735,8.889158856625658,118.45167066204795,9.891599529168058,119.19779769536144,6.66871216479557,5.731884829352357,3.574973308250442,0.19241492432188884,36.14150873889168
R/R,35,Mitch Haniger,571745,R,2024,279,586,134,22.866894197952217,115.16469151322487,11.25282193146439,119.70505908698598,13.530612120538787,103.162855455947,7.121705651926806,5.48074830847813,4.890167361970063,0.3083474153067154,36.14150873889168
R/R,36,Travis d'Arnaud,518595,R,2024,263,517,146,28.239845261121854,115.12851558289319,10.971193809295016,119.3364059430377,13.048988242986962,109.61981576747924,6.98846884369054,5.4676737814559315,4.716101226176081,0.2931063271627358,36.14150873889168
R/R,37,Wyatt Langford,694671,R,2024,445,921,224,24.321389793702497,113.60607180411618,8.817743592490363,115.62069348725794,9.793477356356572,111.038912367965,5.645554301772813,4.917439630104526,3.539510474588988,0.18933563099502312,36.14150873889168
R/R,38,George Springer,543807,R,2024,466,820,205,25.0,113.42705002862445,7.057677734326421,114.59303169552786,7.529049433587966,111.24463661589728,5.2741418255084325,4.852738459470665,2.721112058995669,0.12129448839635742,36.14150873889168
R/R,39,Jared Triolo,669707,R,2024,326,621,166,26.73107890499195,113.14575624888721,9.268033393338907,115.30545230609697,10.421857317729588,110.51903196947762,5.531621382734931,4.751074643484971,3.766616473242061,0.2091667262620647,36.14150873889168
R/R,40,Nolan Arenado,571448,R,2024,477,957,281,29.36259143155695,113.1099520910157,9.066800403834645,115.14470171441816,10.13814577840581,102.06290726349351,5.473523693595519,4.738134480638953,3.664078842464114,0.20018223323560547,36.14150873889168
R/R,41,Masyn Winn,691026,R,2024,442,833,255,30.612244897959183,112.918662819116,9.339298921569291,115.05945025733477,10.523501580821705,111.62782970345442,5.442712530783691,4.668999651718757,3.803352243470081,0.21239582289523715,36.14150873889168
R/R,42,Andy Pages,681624,R,2024,335,633,195,30.80568720379147,112.34902751396234,11.028307309047088,115.44974621659173,13.145397563766544,105.35729134567649,5.583771379006087,4.4631248581268395,4.7509450092707395,0.296165957969641,36.14150873889168
R/R,43,Marcell Ozuna,542303,R,2024,523,1198,321,26.79465776293823,112.12328430818087,9.680151531882611,114.2350794527078,11.018557843020101,115.82929559255716,5.144772484388564,4.38153785768187,3.9822730457349444,0.2281821830938578,36.14150873889168
R/R,44,Marcus Semien,543760,R,2024,542,985,258,26.192893401015226,110.40561504763964,8.017640623734694,111.41248903373211,8.729974446130388,111.76446243183044,4.124645721451347,3.760746271778111,3.1551444773512247,0.15653468769455448,36.14150873889168
R/R,45,Lourdes Gurriel,666971,R,2024,378,702,221,31.48148148148148,110.35122183603215,10.925086775569715,112.55192290041458,12.971612600717249,114.22452489933788,4.5364543119522835,3.7410877444516264,4.688136501663399,0.290647913550549,36.14150873889168
R/R,46,Alejandro Kirk,672386,R,2024,285,544,147,27.02205882352941,110.29258367116978,10.317007082207716,112.15128049962067,11.986750653981069,100.03622340257058,4.391656103657646,3.7198950269735667,4.3321925351177235,0.25919395984154636,36.14150873889168
R/R,47,Gio Urshela,570482,R,2024,352,642,234,36.44859813084112,110.04671546853993,10.49043400056004,111.90148593902275,12.261181999648475,103.21451604799128,4.30137658070987,3.631034549033942,4.431376163894367,0.26798120210553145,36.14150873889168
R/R,48,Otto Lopez,672640,R,2024,299,535,149,27.850467289719628,109.98246876372694,9.440756155814762,111.36907986684615,10.669296221725457,92.23861789387156,4.108956993607775,3.607814820599507,3.8560446263531456,0.21703560195068067,36.14150873889168
R/R,49,Christopher Morel,666624,R,2024,484,959,251,26.173096976016687,109.37707082181569,9.624482912331782,110.65771836609096,10.936667154837252,103.7488117519816,3.8518602146472296,3.3890148705185816,3.9526765155090016,0.22556526907645844,36.14150873889168
R/R,50,Nick Gonzales,693304,R,2024,290,521,162,31.09404990403071,109.11322592373631,9.188616313713231,110.18288047930496,10.309314613121597,96.05027921165544,3.680246638298896,3.2936573436221024,3.7259418418211787,0.20559741681094523,36.14150873889168
R/R,51,Mitch Garver,641598,R,2024,275,547,117,21.389396709323584,108.99439352049083,10.080761572636783,110.31438426991963,11.620595924978101,122.16598968759116,3.72777409227587,3.2507095202185017,4.1998586917372505,0.24745948539378826,36.14150873889168
R/R,52,William Contreras,661388,R,2024,507,1007,253,25.12413108242304,108.83071124803652,8.496280302808039,109.65191291666534,9.358534747233422,100.53434964012844,3.4883469502468167,3.1915522774154117,3.3823156535035817,0.17578227590832732,36.14150873889168
R/R,53,Spencer Torkelson,679529,R,2024,290,570,137,24.035087719298247,108.80281730913384,9.804888242585369,109.97121353644621,11.203579803911433,104.84602916649814,3.603747011648258,3.1814709870492783,4.049142773899354,0.2341007015132984,36.14150873889168
R/R,54,Ryan Jeffers,680777,R,2024,321,659,227,34.44613050075873,107.78006157518533,11.623466420951075,109.15282891484983,14.189681677761532,94.57794315934504,3.3079704621162596,2.8118316340867584,5.1283650435890955,0.3289945850961372,36.14150873889168
R/R,55,Paul Goldschmidt,502671,R,2024,486,979,306,31.256384065372828,106.93462358813494,9.420210492560328,107.47337553722504,10.639667381055686,110.2007075301072,2.7009906728763786,2.506277590115033,3.8453363163132486,0.21609197240134342,36.14150873889168
R/R,56,Spencer Steer,668715,R,2024,486,956,245,25.627615062761507,106.48960756432088,9.47561277685662,106.9119684545214,10.719685766008183,104.54190964203652,2.4980896830202877,2.3454420849788047,3.8742561679035745,0.21864121348668625,36.14150873889168
R/R,57,José Altuve,514888,R,2024,511,986,366,37.11967545638945,106.11658292214754,10.044545271115553,106.48670409990552,11.565217394455052,106.49702110112234,2.344392729133402,2.2106253513295098,4.179844055288793,0.24568462569865845,36.14150873889168
R/R,58,Connor Joe,656582,R,2024,246,442,97,21.945701357466064,105.67906460417014,10.875455979565398,105.96176346464115,12.888770751211993,105.78302805469934,2.1546712635653336,2.0524996302034526,4.658196207384997,0.28801318446271446,36.14150873889168
R/R,59,Pete Alonso,624413,R,2024,510,1042,276,26.48752399232246,105.10693528453977,10.456120157349364,105.15291273068374,12.206492034677662,104.36116308428925,1.862340404867524,1.8457234621514849,4.411610385425144,0.2662309549890394,36.14150873889168
R/R,60,Carson Kelly,608348,R,2024,262,486,119,24.485596707818928,104.7281511496967,10.38284113773047,104.63842770953096,12.09034936732531,,1.6763977559873047,1.7088251609556426,4.369634673154412,0.26251240916457985,36.14150873889168
R/R,61,Santiago Espinal,669289,R,2024,261,470,130,27.659574468085108,104.6911671460001,10.500328028479942,104.58507798519294,12.276987740165106,102.12131939196256,1.657116360703503,1.6954585840276393,4.437088596984432,0.2684869321511466,36.14150873889168
R/R,62,Ty France,664034,R,2024,396,716,195,27.23463687150838,104.18598276582165,8.041516903289736,104.03754146397995,8.760822401616958,94.72572069974886,1.4592284010406902,1.5128773271179319,3.1662933938791724,0.15746838656350642,36.14150873889168
R/R,63,Jacob Young,696285,R,2024,360,618,168,27.184466019417474,103.99515106062944,8.542974523543723,103.78224881056606,9.42104712116382,99.91807079670411,1.366961784397359,1.4439078697093108,3.4049085685905247,0.1777197287896237,36.14150873889168
R/R,64,Austin Riley,663586,R,2024,353,671,200,29.806259314456035,103.94651472636492,9.188525947603356,103.67899184061714,10.309186986005077,99.89503723211511,1.3296431575797574,1.4263299647108238,3.725895715455709,0.20559337290558127,36.14150873889168
R/R,65,Ernie Clement,676391,S,2024,304,476,198,41.596638655462186,102.9814367077591,11.093048109209732,102.12623050527169,13.25544721756184,84.9684130328919,0.7684517838717486,1.0775362082792814,4.790718614514287,0.29965340175285626,36.14150873889168
R/R,66,Alec Bohm,664761,R,2024,425,723,206,28.492392807745503,102.90816636479995,8.643474908966231,102.44737808950013,9.556349262189414,108.58832718319712,0.8845193660904108,1.051055200875683,3.4538088037131978,0.18192574857419397,36.14150873889168
R/R,67,Fernando Tatís,665487,R,2024,318,515,164,31.844660194174757,102.88829531692467,10.36822270928417,102.14650426594923,12.06728495281208,106.60406010315276,0.7757790268587234,1.0438735043713303,4.361298845767539,0.2617737255386707,36.14150873889168
R/R,68,Byron Buxton,621439,R,2024,280,537,182,33.89199255121043,102.65684913246733,11.735185904909214,101.48459570290659,14.394388877955036,106.42304299684014,0.5365552857031958,0.9602253613898464,5.202349314236171,0.33534927149170796,36.14150873889168
R/R,69,Joey Ortiz,687401,R,2024,358,714,173,24.2296918767507,102.40940584899278,9.646840544246054,101.65611718556274,10.969506157162353,102.75728447849232,0.5985457373464432,0.8707956254690902,3.964545026404093,0.22661446057285953,36.14150873889168
R/R,70,Hunter Renfroe,592669,R,2024,298,583,145,24.871355060034304,102.3008151789309,10.745009935679995,101.2528964966458,12.673200592656219,102.11630557073867,0.45281569682450845,0.8315493189590584,4.58028589969212,0.28114545181105133,36.14150873889168
R/R,71,Tyler Stephenson,663886,R,2024,376,710,174,24.507042253521128,102.07869765405755,9.358225088618154,101.29220079185804,10.550600818989453,101.97199180605212,0.4670208621133994,0.7512726942963481,3.8131463170006503,0.21325753895697105,36.14150873889168
R/R,72,Royce Lewis,668904,R,2024,223,442,148,33.4841628959276,101.85425944380249,12.415595159514641,99.97577222600198,15.709197638382195,89.32994673239124,-0.008756283056733307,0.6701573389236004,5.677541037285666,0.37536390211890214,36.14150873889168
R/R,73,Manny Machado,592518,R,2024,498,904,279,30.86283185840708,101.76450114490642,8.928334083770519,100.9899280074778,9.945664353446547,97.6159142171344,0.35777491733132494,0.6377173354841978,3.594513151441719,0.19411463709466925,36.14150873889168
R/R,74,Willson Contreras,575929,R,2024,264,522,162,31.03448275862069,101.69627601411834,11.110998815741263,100.28468793307792,13.286106612444485,100.63418064144636,0.10289051421192852,0.6130597438783012,4.801799382395089,0.30062398122724016,36.14150873889168
R/R,75,José Miranda,669304,R,2024,288,542,180,33.210332103321036,101.27895549302937,11.889799646680514,99.33595088714226,14.682615624523287,81.16128649322735,-0.23999736815401018,0.46223381127974594,5.3065188090349595,0.3442440893938183,36.14150873889168
R/R,76,Christian Walker,572233,R,2024,395,854,212,24.824355971896956,100.94131211964785,9.28085752663921,99.86932309813835,10.440102122594942,94.44819212249912,-0.04722860390603897,0.34020440198277546,3.773210420986867,0.20974597272464954,36.14150873889168
R/R,77,Johan Rojas,679032,R,2024,256,468,161,34.401709401709404,100.82228757773453,11.223025710853305,98.9827719763511,13.478903651405524,97.01093916457752,-0.36764155506151946,0.2971871367657441,4.871479141079518,0.30671663792264664,36.14150873889168
R/R,78,Shea Langeliers,669127,R,2024,390,706,220,31.1614730878187,100.80696280040505,11.261157517868401,98.94248520611372,13.545110497936188,97.84879566355971,-0.38220180164748613,0.2916485310279964,4.895407294304142,0.30880440440755597,36.14150873889168
R/R,79,Starling Marte,516782,R,2024,256,453,147,32.450331125827816,100.15379347442675,10.608296226860721,98.33191552650769,12.450543192863629,102.42761271758891,-0.6028708957593221,0.05558328199978846,4.499814156088291,0.2740366793822041,36.14150873889168
R/R,80,Zach Neto,687263,R,2024,484,948,288,30.37974683544304,99.47915865239531,9.861832130083025,97.77206960042585,11.288762257770157,100.30766509269442,-0.8052076600585139,-0.18823992116031008,4.079928997904707,0.23682777270057614,36.14150873889168
R/R,81,Anthony Volpe,683011,R,2024,498,947,285,30.095036958817317,99.05113240623447,8.093017541216668,97.92605101269467,8.827536186459419,97.08369283246732,-0.7495564544871084,-0.34293506432127824,3.1904047622580562,0.15949180855807504,36.14150873889168
R/R,82,Brenton Doyle,686668,R,2024,438,798,245,30.701754385964914,98.52166495878285,9.620248104421494,96.6426557717473,10.930454560186277,95.13014300093126,-1.213394857648626,-0.5342925881115935,3.950431190070307,0.22536681364917296,36.14150873889168
R/R,83,Jorge Soler,624585,R,2024,416,891,242,27.160493827160494,98.45147267804879,9.562235363546735,96.58142318445468,10.845587245041862,95.60030048290037,-1.2355252385360385,-0.559661137387122,3.9197588619509265,0.2226569612479761,36.14150873889168
R/R,84,Eugenio Suárez,553993,R,2024,444,837,242,28.912783751493432,97.56160320269427,9.868309572466638,95.2554923515129,11.298480831996152,101.42459198087084,-1.7147366463953488,-0.881273391587105,4.083441437257891,0.2371389810085836,36.14150873889168
R/R,85,Ke'Bryan Hayes,663647,R,2024,301,558,158,28.31541218637993,97.48875940004245,10.808524660794173,94.51028340081311,12.777774924407957,97.8837405915814,-1.9840664044355156,-0.9076002408882513,4.6180806409408115,0.28447902767566735,36.14150873889168
R/R,86,Orlando Arcia,606115,R,2024,455,854,234,27.400468384074944,97.25590449150474,9.201446541687806,95.2497566317796,10.327445080753396,93.67593911602218,-1.7168096220439955,-0.9917575180063488,3.7324944663647277,0.20617197630610973,36.14150873889168
R/R,87,Elías Díaz,553869,R,2024,247,461,150,32.53796095444685,97.00956939838765,11.588512587263827,93.13642728377407,14.126229353728899,94.43904123181358,-2.480598733034978,-1.0807867372122189,5.105432416353812,0.32701886960991833,36.14150873889168
R/R,88,Teoscar Hernández,606192,R,2024,479,994,291,29.275653923541245,96.60158814440213,8.647333683386849,94.73629003832656,9.561565111024933,90.64050187452943,-1.9023841957881202,-1.2282373177744346,3.455693890175894,0.1820882219160987,36.14150873889168
R/R,89,Brendan Rodgers,663898,R,2024,394,735,217,29.523809523809526,96.21756921090639,8.771332521971258,94.19744017081364,9.730008386726132,85.84027854481825,-2.0971326677448068,-1.3670275541827963,3.516571831383519,0.18734778821111303,36.14150873889168
R/R,90,Eloy Jiménez,650391,R,2024,252,463,146,31.533477321814257,96.19908860093344,10.741263767751054,92.76810222802717,12.667055380252924,85.6792383431675,-2.6137169652452723,-1.3737067254511728,4.578064927214359,0.28094944743638534,36.14150873889168
R/R,91,Freddy Fermin,666023,R,2024,247,482,143,29.66804979253112,96.05339543540681,10.535654858458516,92.74672549122656,12.33355664400462,104.04215552990924,-2.6214428404441574,-1.4263624336019451,4.457533452309085,0.2702965417712142,36.14150873889168
R/R,92,Mauricio Dubón,643289,R,2024,301,500,209,41.8,94.96992614963412,11.333293770067659,90.41400372300376,13.671184460327318,86.56171031766354,-3.4645236821604257,-1.8179445802026872,4.940972326439199,0.31277332850291506,36.14150873889168
R/R,93,Jordan Westburg,676059,R,2024,334,597,181,30.318257956448914,94.62144745392354,10.070126112933414,91.22469128861381,11.604312881354504,98.174964096499,-3.171528964790361,-1.9438900384661033,4.193973754103071,0.24693760874106152,36.14150873889168
R/R,94,Francisco Álvarez,682626,R,2024,260,503,154,30.61630218687873,94.41735118330294,12.053779577487962,88.63396793840066,14.994826100987039,97.93842514051248,-4.107855470808158,-2.0176535099481985,5.4193563856698415,0.3538049544810349,36.14150873889168
R/R,95,Mark Vientos,668901,R,2024,313,593,181,30.522765598650924,94.35881623255993,11.514645602802828,89.29446421592453,13.993049587257875,93.48044445997692,-3.8691421509468116,-2.0388089242862932,5.057299239416252,0.32286321790725564,36.14150873889168
R/R,96,Salvador Pérez,521692,R,2024,490,1011,429,42.433234421364986,94.13206242942746,12.218356951980198,87.93590453103248,15.315269154053714,82.1968637537459,-4.360146118185132,-2.1207611698611837,5.535169339697105,0.3635323271679091,36.14150873889168
R/R,97,Jonny DeLuca,676356,R,2024,262,487,194,39.83572895277207,93.92337493702446,11.735492407754103,88.34421197101321,14.394954534565867,87.78454042233446,-4.212577649082949,-2.196183978164986,5.202553751069607,0.3353667892113023,36.14150873889168
R/R,98,Miguel Amaya,665804,R,2024,271,484,166,34.29752066115703,93.88403280412834,11.271305728595042,88.91366524246962,13.562781065093615,89.07206645214526,-4.006768645215626,-2.210402818563707,4.901793703877555,0.3093612253581745,36.14150873889168
R/R,99,Jake Meyers,676694,R,2024,366,645,216,33.48837209302326,92.74582929735524,8.61274364943029,90.04868049313296,9.514865590930915,95.86454450898238,-3.596557009209382,-2.621766738430476,3.4388159790400943,0.18063440022282015,36.14150873889168
R/R,100,Miguel Andújar,609280,R,2024,258,474,171,36.075949367088604,92.36441102870323,11.02913606186703,87.05467972235239,13.146801153611024,88.09635704320908,-4.678634059423529,-2.759617055327071,4.751452287817041,0.2962104720711093,36.14150873889168
R/R,101,Lenyn Sosa,672820,R,2024,248,457,179,39.16849015317287,92.07218207389249,12.317003286078828,84.50992237009292,15.510901850529448,88.33123736425645,-5.5983477602739695,-2.8652330085675652,5.605873947790013,0.36942606493683927,36.14150873889168
R/R,102,José Caballero,676609,R,2024,354,709,237,33.42736248236953,91.78130045096755,9.847312321412508,87.70118802422661,11.266998710176559,81.46779507597397,-4.444976205003998,-2.9703620157368147,4.072063323449274,0.23613091181976995,36.14150873889168
R/R,103,Willy Adames,642715,R,2024,510,995,293,29.447236180904525,90.36329541822512,9.045178464374963,86.72666630297903,10.107944886025203,90.46951827612926,-4.7971830580510915,-3.482850428563343,3.6531637843051534,0.19922860748626847,36.14150873889168
R/R,104,Heliot Ramos,671218,R,2024,393,757,230,30.38309114927345,90.2548781554782,10.352817338226556,85.05428102109704,12.043016335940168,89.76965453114262,-5.401608330850404,-3.52203406305349,4.352527801479968,0.2609964032284435,36.14150873889168
R/R,105,Logan O'Hoppe,681351,R,2024,411,794,285,35.894206549118394,89.30968733860287,10.350057865220156,83.77926497387841,12.038673284147558,83.185725115215,-5.8624183669782,-3.8636402847336857,4.350958157036808,0.26085728814081555,36.14150873889168
R/R,106,Connor Wong,657136,R,2024,333,569,184,32.33743409490334,88.59815178665994,8.923694929832415,84.65726903130837,9.939253034636605,101.26511737929324,-5.545094453834322,-4.12079996841946,3.5921960040937453,0.19391296593899596,36.14150873889168
R/R,107,Andrew Vaughn,683734,R,2024,462,887,283,31.905298759864714,88.55029805667687,9.937975644558994,83.34769972702848,11.403384106455398,84.02391324096405,-6.018392558382483,-4.138095028423183,4.121355063363962,0.24049900031602434,36.14150873889168
R/R,108,J. D. Martinez,502110,R,2024,357,741,227,30.634278002699055,88.33967062223743,11.24789451116502,80.93049434993497,13.522048439704776,95.16100804825948,-6.892007050981695,-4.214218961047611,4.887072318513067,0.3080774341993517,36.14150873889168
R/R,109,Jo Adell,666176,R,2024,346,741,226,30.49932523616734,88.2918459310119,11.19054810783472,80.97010667994857,13.422749022403124,83.46327892909287,-6.87769055726815,-4.231503526006234,4.8511840109313225,0.30494403076677246,36.14150873889168
R/R,110,Julio Rodríguez,677594,R,2024,448,953,359,37.670514165792234,87.18590002852541,10.530230883558172,80.60382977697765,12.324857552930698,80.110210157724,-7.01006855616393,-4.631209061000805,4.4543894695484,0.2700183048142909,36.14150873889168
R/R,111,Tyler O'Neill,641933,R,2024,316,696,202,29.022988505747126,86.67355437741568,10.210819198246774,80.444207980839,11.821101986835535,92.80163451324964,-7.067758281564557,-4.816378509269956,4.272324607605463,0.25388590563017394,36.14150873889168
R/R,112,Jackson Chourio,694192,R,2024,396,749,250,33.37783711615487,86.50202096831163,9.828157287086656,80.8189806714624,11.23833296198922,84.39980335579263,-6.9323097768319215,-4.878373271311422,4.061703089563078,0.23521315956388983,36.14150873889168
R/R,113,Luis Robert,673357,R,2024,316,654,244,37.308868501529055,86.26870068595389,11.694057760682954,76.9268522102641,14.318688133067107,83.8891079001881,-8.338983724764791,-4.962698741549346,5.174989922907095,0.33300280259283593,36.14150873889168
R/R,114,Adolis García,666969,R,2024,475,1067,358,33.55201499531397,84.82020089769631,9.805483265143465,78.657221726091,11.204467548445919,80.08013595742881,-7.713602074987098,-5.4862084191052904,4.049463618167864,0.2341291157943133,36.14150873889168
R/R,115,Ryan Mountcastle,663624,R,2024,363,724,270,37.29281767955801,84.55939589375708,11.191537420544712,75.59782803338364,13.42445639847752,85.62826186107819,-8.819313113794028,-5.58046728239545,4.851801082404457,0.30499795097478444,36.14150873889168
R/R,116,Jake Burger,669394,R,2024,392,714,250,35.01400560224089,84.51319411120696,10.4893927056537,77.0225536673571,12.259519480244403,74.01441609316035,-8.30439577428628,-5.597165303673331,4.430775304298659,0.2679280043805538,36.14150873889168
R/R,117,Paul DeJong,657557,R,2024,356,649,231,35.59322033898305,84.11056157231144,10.444347704379389,76.56170039693234,12.187773925863684,77.06978124346664,-8.470955099290315,-5.742682777903877,4.404845378492385,0.26563179832854394,36.14150873889168
R/R,118,Zack Gelof,680869,R,2024,423,756,232,30.687830687830687,83.98557425199942,9.746645549793442,77.66735021471027,11.116922444574193,78.14414543379687,-8.07135657377656,-5.787855081196948,4.017823496801593,0.23132776645756722,36.14150873889168
R/R,119,Bo Bichette,666182,R,2024,268,485,178,36.70103092783505,83.14358132475199,11.625768870207176,72.43073610041897,14.193871198159695,,-9.963947921515187,-6.092164028578928,5.129879199469915,0.32912493663410375,36.14150873889168
R/R,120,Isiah Kiner-Falefa,643396,R,2024,360,599,191,31.886477462437394,82.09437202530577,8.35121666797347,77.41252394527599,9.165717990311066,79.94710552411706,-8.163454632213144,-6.471364099227546,3.312628768450441,0.16983098250823378,36.14150873889168
R/R,121,Bryan De La Cruz,650559,R,2024,434,886,289,32.61851015801354,82.02517218205213,9.848688559006225,74.92660116927271,11.269060256794424,83.77287835332945,-9.061904629544468,-6.496373966624359,4.072808397500326,0.23619691865208353,36.14150873889168
R/R,122,Thairo Estrada,642731,R,2024,286,475,166,34.94736842105263,81.46230512502635,10.607237721335556,72.58720305711307,12.448832009392943,73.90894311558034,-9.90739840268811,-6.69980261322768,4.499195708564695,0.2739819948482642,36.14150873889168
R/R,123,Nick Castellanos,592206,R,2024,489,867,331,38.17762399077278,79.99955368532291,9.053855604739143,73.7695631266394,10.120058378210064,85.05139039510266,-9.480075634835087,-7.228463052636361,3.6575417831417303,0.19961103527267357,36.14150873889168
R/R,124,Jeremy Peña,665161,R,2024,478,887,325,36.64036076662909,79.39312439111868,8.988377677450915,73.12638374905715,10.028862944856794,71.54682786232252,-9.712530365790721,-7.44763574899638,3.6245823776268877,0.1967342818630001,36.14150873889168
R/R,125,Giancarlo Stanton,519317,R,2024,319,671,204,30.402384500745157,78.92713440802132,11.580505905115407,66.29323932659888,14.111733971761852,77.78175920143434,-12.182131854374571,-7.616051559459877,5.100193566613456,0.3265671409516679,36.14150873889168
R/R,126,Brent Rooker,667670,R,2024,474,1014,321,31.65680473372781,78.01893974711987,10.824845839214174,67.25426036242263,12.804765333928188,74.36254550282915,-11.834804352729742,-7.944286812195715,4.627835382156229,0.2853388191215715,36.14150873889168
R/R,127,Javier Báez,595879,R,2024,220,457,198,43.32603938730853,76.79287346273559,13.942093169030306,51.45924937108524,19.211571500381375,,-17.543359630472846,-8.38740566551107,6.943351792688758,0.47334018978598563,36.14150873889168
R/R,128,J. T. Realmuto,592663,R,2024,291,532,162,30.451127819548873,76.07845691895122,10.904958300327372,64.29769856917659,12.937959354108134,78.53207494273246,-12.903350391606494,-8.645606583114986,4.675973710599245,0.2895779156400642,36.14150873889168
R/R,129,Trea Turner,607208,R,2024,370,681,241,35.389133627019085,75.34785637345719,9.906755546765975,66.04199978242733,11.356286919401988,73.10492080867427,-12.272933616186886,-8.909656643111099,4.104333429389283,0.23899032112941904,36.14150873889168
R/R,130,José Siri,642350,R,2024,336,639,231,36.15023474178404,74.81940059536817,10.745771586573712,63.02111915410353,12.6744503119637,70.55448605091185,-13.364725452464013,-9.100648534330324,4.580737567104844,0.2811853107363191,36.14150873889168
R/R,131,Harrison Bader,664056,R,2024,282,528,175,33.14393939393939,71.11593984012873,11.192479777500798,56.25118141551704,13.426082922143573,66.2909283373878,-15.811483091872777,-10.439135126826603,4.852388932597363,0.3050493164003778,36.14150873889168
R/R,132,Ceddanne Rafaela,678882,R,2024,418,767,361,47.06649282920469,69.34869197327197,10.626343990604799,55.83532679302179,12.479749067777028,56.86026461382404,-15.961779226602982,-11.07784516906452,4.510369599922388,0.2749699030049221,36.14150873889168
R/R,133,Yainer Diaz,673237,R,2024,449,830,361,43.493975903614455,68.83395526128689,10.429492532224176,55.80987814499017,12.164186960931394,70.48501789752812,-15.97097675195526,-11.263878782808892,4.396320693500142,0.26487671051068895,36.14150873889168
R/R,134,Korey Lee,686676,R,2024,291,494,175,35.4251012145749,68.69569677166976,9.599268827111398,58.198608145033646,10.899712454752162,67.57116815695585,-15.10765369024102,-11.313847486916124,3.9393205293483176,0.2243849517430614,36.14150873889168
R/R,135,Ezequiel Tovar,678662,R,2024,487,918,420,45.751633986928105,56.44740650063933,9.578020835071866,42.486843596829395,10.868635965721282,57.35323717190823,-20.786122447464347,-15.740564385585404,3.9280890173494813,0.2233926984648615,36.14150873889168
L/L,1,Lars Nootbaar,663457,L,2024,110,216,36,16.666666666666664,143.3756628458785,13.427050215175417,166.6614310483988,16.966910477347756,143.44547857381576,24.092446927827307,15.676618977995373,6.132097432890568,0.37373853516838934,36.14150873889168
L/L,2,Juan Soto,665742,L,2024,224,470,87,18.51063829787234,141.33991007756987,12.822301788752979,160.46260274716533,15.793103855559643,148.32738313811657,21.852096855628126,14.940867213334876,5.707866010099328,0.34083064897927084,36.14150873889168
L/L,3,J. P. Crawford,641487,L,2024,143,240,37,15.416666666666668,134.32994859592796,12.187564033627604,147.6658568205184,14.650057660204164,129.87676319707202,17.22715980825525,12.407361371854325,5.294751869515358,0.3079218262569558,36.14150873889168
L/L,4,Nathaniel Lowe,663993,L,2024,144,307,75,24.429967426710096,131.15251260079577,14.75762619155109,153.20811606105246,19.92602836162991,125.75140807606095,19.23021591600491,11.258988064000935,7.201567281632508,0.4514811929602828,36.14150873889168
L/L,5,Steven Kwan,680757,L,2024,159,301,54,17.940199335548172,126.47856006520433,12.600867545153353,137.33319365340205,15.384772978766893,139.33181553690096,13.492779446751653,9.569751099898506,5.560289070579683,0.32916037301026946,36.14150873889168
L/L,6,Kyle Tucker,663656,L,2024,125,232,46,19.82758620689655,125.56070214648074,13.742496378192707,139.20351813018166,17.61721757433981,137.42408387322428,14.16874293097259,9.238023399992406,6.367128229179584,0.3915055429666671,36.14150873889168
L/L,7,Nolan Schanuel,694384,L,2024,140,269,53,19.702602230483272,124.74542117278102,12.946814501549627,135.60305485107534,16.027534795289018,129.03265842082232,12.867481180313796,8.943368555636209,5.792592888668285,0.34748215323938086,36.14150873889168
L/L,8,Spencer Horwitz,687462,L,2024,81,172,46,26.744186046511626,124.40019004014448,16.697128897508524,151.84781984000654,25.701580859645787,134.7075654596779,18.73858433840078,8.818596815664991,9.288939092422194,0.577949979272414,36.14150873889168
L/L,9,Shohei Ohtani,660271,L,2024,248,482,124,25.72614107883817,122.90847210254371,13.362778911901705,133.81200608174925,16.837779489754997,117.38539250457208,12.22016913282999,8.279467446887399,6.085427545725113,0.37016914763142234,36.14150873889168
L/L,10,Gunnar Henderson,683002,L,2024,215,434,89,20.506912442396313,122.58336509866726,11.86469614361415,130.0942505197974,14.098918137958087,122.31629106157756,10.87651618151653,8.161968870670638,5.095561730919306,0.29182325250987934,36.14150873889168
L/L,11,Michael Busch,683737,L,2024,99,196,42,21.428571428571427,122.06877044838986,16.229102742844105,143.37068564733806,24.086206476837923,114.01748429518352,15.67482014334993,7.975986600170764,8.705118418693871,0.5460038087562182,36.14150873889168
L/L,12,Luis Arráez,650333,L,2024,204,317,110,34.70031545741325,120.24079636300092,12.682890501226048,128.18747522517467,15.534775538186627,122.77909315609924,10.187378821779426,7.315329186355251,5.614502258700927,0.3334595338733654,36.14150873889168
L/L,13,Bryson Stott,681082,L,2024,129,237,55,23.20675105485232,119.814900941643,13.212361227270618,128.5815274943085,16.53979402073191,114.10127236642992,10.329795257064234,7.161404155426633,5.977731101397508,0.3618824571906771,36.14150873889168
L/L,14,Michael Conforto,624424,L,2024,106,186,51,27.419354838709676,119.52427631643819,14.749102369547721,131.98251711345094,19.905061299501803,111.8398021647282,11.558964217475403,7.056368031110867,7.193989469041189,0.4509598036936837,36.14150873889168
L/L,15,Charlie Blackmon,453568,L,2024,113,189,49,25.925925925925924,119.26520592230494,14.786486284511875,131.62433663261712,19.997241686993508,114.98732704585431,11.42951238769384,6.962736081975317,7.227304851842049,0.45324875768816303,36.14150873889168
L/L,16,Alex Verdugo,657077,L,2024,191,351,75,21.367521367521366,118.37306975801462,11.542446768432201,123.7214055961612,13.56702216682089,107.37155941416113,8.57327387652454,6.640304612195521,4.903326502028943,0.27618647907762595,36.14150873889168
L/L,17,Jesse Winker,608385,L,2024,104,179,38,21.22905027932961,116.089329128462,13.291104364739093,122.8686591748598,16.695059436744447,137.7067915599417,8.26507845414931,5.814926292992141,6.033846365294155,0.3662088110063543,36.14150873889168
L/L,18,Kyle Schwarber,656941,L,2024,248,498,94,18.87550200803213,115.59162969056223,10.674496762720795,119.06625585527708,12.214084481347507,110.6620248662498,6.890832526114413,5.635050207150179,4.414354410201822,0.23621173662411288,36.14150873889168
L/L,19,Sal Frelick,686217,L,2024,94,182,41,22.52747252747253,115.56717371221245,15.258404607228519,126.02561025480384,21.213554622023228,125.84437239332806,9.406048204589815,5.62621144759771,7.666898697548085,0.48264177183401863,36.14150873889168
L/L,20,Rafael Devers,646240,L,2024,224,439,149,33.94077448747153,115.06497156112076,13.392520643682648,121.403309736312,16.897398419363103,122.46827924986846,7.735479058761255,5.444708013274007,6.10697472637946,0.37181876311120965,36.14150873889168
L/L,21,Daulton Varsho,662139,L,2024,104,177,42,23.728813559322035,114.1755455911625,13.655704951870328,120.36347206780187,17.435473553826206,99.01127696940974,7.359666036926377,5.123256048615572,6.301443198123247,0.3865760127722179,36.14150873889168
L/L,22,Brendan Donovan,680977,L,2024,193,318,71,22.32704402515723,113.96725404151249,10.693295911203933,116.95325413454113,12.242270510854178,120.54010837172942,6.127161824561697,5.047976339996439,4.424541266519122,0.2370444671634767,36.14150873889168
L/L,23,Jake Cronenworth,630105,L,2024,172,324,70,21.604938271604937,112.16719401998562,11.453268958381425,115.08453625114002,13.422841719757734,115.9738842208639,5.451778987427056,4.397407490011005,4.85121751315384,0.27193529033301034,36.14150873889168
L/L,24,Christian Yelich,592885,L,2024,98,187,50,26.737967914438503,111.81262419648188,13.979353345515543,116.89029915633101,18.12472484893547,116.87614141258018,6.104408945610321,4.26926060626393,6.550549015178085,0.4051173261301503,36.14150873889168
L/L,25,Jon Singleton,572138,L,2024,82,164,38,23.170731707317074,110.13755718656756,15.708278724669446,116.19136375928167,22.47531824409177,125.62992727326848,5.851803148006524,3.663866116493459,8.122919107282144,0.5115214502894353,36.14150873889168
L/L,26,Yordan Álvarez,670541,L,2024,208,384,136,35.41666666666667,108.71518401423161,15.220683228970804,112.74278752368737,21.112535752652274,102.8807544685012,4.605435666451871,3.149798992114009,7.6303889540464525,0.4802583760274762,36.14150873889168
L/L,27,Jackson Merrill,701538,L,2024,156,290,92,31.724137931034484,108.66465853028106,13.616196629475143,111.35417757517457,17.353464305587202,99.83847011919438,4.103571080560997,3.131538319916655,6.271803818504248,0.3843423857098784,36.14150873889168
L/L,28,Luis García,671277,L,2024,113,214,74,34.57943925233645,108.34875098347247,16.286090362886792,113.22516294384526,24.273691791493025,99.76476185955246,4.779773421082499,3.0173645662800084,8.772878440074084,0.5498450670458184,36.14150873889168
L/L,29,Brice Turang,668930,L,2024,127,235,65,27.659574468085108,107.81918716806334,12.410246729643223,109.44329599344212,15.041639245589698,114.9188187269332,3.4129496467092926,2.8259722136559096,5.436275362417362,0.3192768900795984,36.14150873889168
L/L,30,Masataka Yoshida,807799,L,2024,106,179,37,20.670391061452513,107.34307467260705,12.477934945664126,108.76649912074481,15.162624040771508,106.5000437301169,3.168345045818846,2.653897974503618,5.480001092740725,0.3227692008973663,36.14150873889168
L/L,31,Brandon Marsh,669016,L,2024,89,178,40,22.47191011235955,106.70719459389028,15.802558179923134,109.23026656931881,22.75410698572918,102.90896087908057,3.335957598773356,2.4240813202853277,8.223677564704074,0.5176800737950366,36.14150873889168
L/L,32,Cody Bellinger,641355,L,2024,167,247,89,36.032388663967616,104.53298747891004,13.670966315499637,104.64463946530356,17.46727240879764,96.79247110461232,1.6786427782426958,1.6382900658231403,6.312935784071615,0.38744055602460503,36.14150873889168
L/L,33,Freddie Freeman,518692,L,2024,222,429,137,31.934731934731936,104.34907074036047,11.232397652013715,104.34645319078544,13.071076851197724,122.80024948339616,1.570873759779556,1.5718197816879622,4.724084382442872,0.26154811414779,36.14150873889168
L/L,34,Cedric Mullins,656775,L,2024,101,168,48,28.57142857142857,103.86946073354584,14.618039158219474,103.48216384311999,19.5863736347931,112.67040000601564,1.2585065496637404,1.398481489162451,7.078810938850724,0.44298079140479785,36.14150873889168
L/L,35,Gavin Sheets,657757,L,2024,92,184,53,28.804347826086957,103.64801293377612,15.201047261596038,102.9966234798812,21.060224434624555,100.46106937423087,1.0830249368529412,1.3184469132565941,7.611482854470035,0.47902002756504664,36.14150873889168
L/L,36,Andrew Benintendi,643217,L,2024,126,229,64,27.947598253275107,102.91535040830388,14.411656576718162,101.82570693427942,19.098102270081178,125.19361111027254,0.6598380311991495,1.0536516225864627,6.90234230090386,0.43056077477770544,36.14150873889168
L/L,37,Matt Olson,621566,L,2024,184,374,113,30.213903743315505,102.40181014644135,14.617591785012456,100.84750524676413,19.58529754414207,114.15970843374468,0.306301182821825,0.8680504239676881,7.078422023454043,0.4429536776855611,36.14150873889168
L/L,38,Brandon Nimmo,607043,L,2024,169,310,95,30.64516129032258,100.60639239484186,12.243787251278924,98.91551213245323,14.74801221657079,121.63423867848718,-0.39195027742163735,0.21915936037374528,5.330154124064745,0.31076936628510515,36.14150873889168
L/L,39,Mike Yastrzemski,573262,L,2024,95,174,48,27.586206896551722,100.41485317022547,15.547478628329062,96.45582396417858,22.0117369884216,114.48711820501796,-1.2809186917081044,0.149934194770607,7.955373847252244,0.5011025235537655,36.14150873889168
L/L,40,Jake McCarthy,664983,L,2024,146,222,64,28.82882882882883,100.36107274904329,11.91287156240347,98.69568400112061,14.179959391669204,95.14633387397184,-0.4713994807177542,0.13049713914923683,5.124851262711417,0.29419790234890886,36.14150873889168
L/L,41,Jeff McNeil,643446,L,2024,115,200,59,29.5,96.9903500988378,13.584879664875537,92.42605915557145,17.288774274005473,96.394532716699,-2.73733649216763,-1.0877328820385828,6.248423865086945,0.38257646010829044,36.14150873889168
L/L,42,Josh Smith,669701,L,2024,140,246,65,26.422764227642276,96.009125677124,12.444420125993966,92.06220715180301,15.102603537052326,104.95939067492564,-2.868838095906233,-1.4423621921604135,5.45830877714393,0.32103766053680777,36.14150873889168
L/L,43,Vinnie Pasquantino,686469,L,2024,121,231,79,34.1991341991342,95.91291138622616,13.6507513490061,90.59812768343426,17.425166579794325,96.42615925266117,-3.397978504911047,-1.47713548851332,6.297718102202799,0.38629560297599425,36.14150873889168
L/L,44,Riley Greene,682985,L,2024,153,280,75,26.785714285714285,95.17939097524871,12.152972857036673,91.12965519326877,14.59009074719232,106.67156033743647,-3.20587644349459,-1.7422408319482898,5.273078922408739,0.306176397444589,36.14150873889168
L/L,45,Colton Cowser,681297,L,2024,147,257,59,22.957198443579767,94.09734896656913,13.58057840564934,87.746973067592,17.279911022505846,90.69163020048956,-4.428428799554989,-2.1333071390736973,6.245220552271657,0.3823342349197306,36.14150873889168
L/L,46,Oneil Cruz,665833,L,2024,154,282,98,34.751773049645394,92.90976824378716,14.403839334387207,84.27123828760806,19.079921366019057,93.42432200484588,-5.684611788803585,-2.5625167297793365,6.895771447873439,0.4300938076320038,36.14150873889168
L/L,47,Corbin Carroll,682998,L,2024,206,403,116,28.78411910669975,92.65102530175893,12.068573454946009,87.5879726272395,14.444719168165756,105.86317483415556,-4.485893957599864,-2.656030332783735,5.220539440470988,0.30193852492921963,36.14150873889168
L/L,48,Michael Siani,672279,L,2024,106,165,53,32.121212121212125,92.12817172186053,13.69358597809796,84.35193987661795,17.514527274730657,,-5.655445016959149,-2.844997505054323,6.330014405572348,0.3887237169395724,36.14150873889168
L/L,49,James Wood,695578,L,2024,125,220,58,26.36363636363636,91.81461600733007,13.811092551486261,83.61160948880902,17.762434347352343,122.81446605234488,-5.923011588765785,-2.9583212710226428,6.419611761888244,0.39542372597200065,36.14150873889168
L/L,50,Bryce Harper,547180,L,2024,225,470,148,31.48936170212766,90.94708911310832,13.209922995766004,83.34690532232523,16.535011512280963,85.79074625564756,-6.018679668227733,-3.2718585793100354,5.97600263068777,0.36174890471244303,36.14150873889168
L/L,51,Anthony Rizzo,519203,L,2024,97,182,54,29.67032967032967,89.63608186267899,16.54437233728534,70.32692891945277,25.154679336530414,87.22319925534566,-10.724295577673518,-3.745676379291453,9.091280630652319,0.5674234027440548,36.14150873889168
L/L,52,Alec Burleson,676475,L,2024,142,238,83,34.87394957983193,88.64698452286838,12.756792840303081,80.64916268958908,15.671179266440259,104.05650315034532,-6.993684557590876,-4.103151080795248,5.663800624067887,0.33735694785170395,36.14150873889168
L/L,53,Nolan Gorman,669357,L,2024,114,199,63,31.65829145728643,87.30345402399703,15.1349679384179,71.88292685056003,20.885544299943128,75.90009032223658,-10.161934449425415,-4.588723273454513,7.548350818329038,0.4748644559400871,36.14150873889168
L/L,54,Michael Harris,671739,L,2024,147,230,96,41.73913043478261,85.45322477277375,14.241618448729463,71.73876922140136,18.707591466022155,78.29186051836467,-10.214035191565571,-5.2574240399749055,6.761205804528552,0.4204606384396848,36.14150873889168
L/L,55,Lawrence Butler,671732,L,2024,89,161,52,32.298136645962735,82.88418669896672,14.754334281937858,65.22490689529133,19.917927316708585,101.52866391065096,-12.568243313396005,-6.185913159925331,7.198639441774327,0.4512797961371777,36.14150873889168
L/L,56,Corey Seager,608369,L,2024,152,257,76,29.571984435797667,82.54280104567914,13.745293062756593,68.49849350895992,17.623110674993672,97.69561436493994,-11.385119721341779,-6.30929508564158,6.369258084667392,0.3916649068682264,36.14150873889168
L/L,57,Josh Naylor,647304,L,2024,177,324,103,31.790123456790127,81.81711391990811,12.064393597979585,72.0776459820267,14.437554050130672,81.78624307358595,-10.091560017510092,-6.57156936161913,5.2179498587101865,0.3017294130073773,36.14150873889168
L/L,58,JJ Bleday,668709,L,2024,124,238,67,28.15126050420168,81.22767850039654,13.613631115519187,66.79769006540573,17.348154374479666,100.55586221819216,-11.999815746525291,-6.784600215272028,6.269884729288988,0.3841975665818046,36.14150873889168
L/L,59,CJ Abrams,682928,L,2024,184,311,114,36.655948553054664,80.81722240460527,11.473618266571217,71.98220962946175,13.455630669334349,86.82134502682027,-10.126052155212435,-6.932945241001742,4.863067934230463,0.27290245717029993,36.14150873889168
L/L,60,Jazz Chisholm,665862,L,2024,210,438,130,29.68036529680365,77.92841047011353,13.105240215498675,63.31667960066964,16.33108129584678,102.61261886086032,-13.257905447839617,-7.977005458756221,5.902299173693969,0.35603822281469844,36.14150873889168
L/L,61,Jarren Duran,680776,L,2024,231,433,125,28.868360277136258,76.75069094691003,11.58263032722287,66.11534561720616,13.632406815135576,80.75422096880318,-12.24642532490068,-8.402651063154448,4.926957500413489,0.2781128425688523,36.14150873889168
L/L,62,Andrés Giménez,665926,L,2024,171,290,115,39.6551724137931,75.20169950024952,12.635152727298658,60.779843150499026,15.447297439847762,95.03609618594078,-14.174756415169417,-8.962479942213939,5.582886354145169,0.33095400764521843,36.14150873889168
L/L,63,Ryan McMahon,641857,L,2024,197,408,117,28.676470588235293,73.70524969665709,12.995230656799814,57.19451756412236,16.11966520741597,106.51642900706403,-15.47054717528746,-9.503319478752426,5.825890209618325,0.3500859145096724,36.14150873889168
L/L,64,Jesús Sánchez,660821,L,2024,116,226,90,39.823008849557525,66.5124823250836,14.633277450779676,36.3034001037709,19.6230741112711,80.27265938570233,-23.02091221787251,-12.102894126917809,7.092075044764236,0.44390482631394423,36.14150873889168
R/L,1,Mookie Betts,605141,R,2024,161,331,80,24.169184290030213,144.37166729036343,12.918577520779388,164.80483097360047,15.787711068922135,147.05056674526764,23.421443649547793,16.036590011338642,5.705916975645462,0.330437608730114,36.14150873889168
R/L,2,Mitch Garver,641598,R,2024,156,355,65,18.30985915492958,141.89728079808003,13.525529662911584,164.00633981701947,16.93626960173389,122.16598968759116,23.132856898412786,15.142309400996082,6.121023358152909,0.36221684359647566,36.14150873889168
R/L,3,Lane Thomas,657041,R,2024,145,293,65,22.18430034129693,136.92272303778225,15.884854690092395,170.82365442729096,22.45570342094223,128.969544776539,25.59673725404181,13.344429173336843,8.115830014259434,0.49960476538364007,36.14150873889168
R/L,4,Dylan Moore,664238,R,2024,175,351,67,19.08831908831909,136.60301716611713,11.23828818159694,147.81878346003577,12.977457134854525,134.8895576615447,17.28242980304052,13.22888264779024,4.69024880447937,0.2500693171905496,36.14150873889168
R/L,5,Alex Bregman,608324,R,2024,181,337,73,21.66172106824926,136.47518628762128,12.600938392227285,151.83986071268754,15.218213023221756,122.58748755143448,18.73570778970525,13.182682639667668,5.500091789690843,0.3143879239521042,36.14150873889168
R/L,6,Austin Slater,596103,R,2024,141,296,61,20.60810810810811,135.63780061162083,12.919256826600563,151.76322191718708,15.78895099463052,,18.708009372732068,12.880038822397731,5.706365103503714,0.3304723608678724,36.14150873889168
R/L,7,Ha-Seong Kim,673490,R,2024,130,243,38,15.637860082304528,134.19359675465276,13.890866669179035,153.49874514697825,17.67063798389352,140.842896449874,19.335253652492533,12.35808175922421,6.38643517116679,0.38204873404297074,36.14150873889168
R/L,8,Robbie Grossman,543257,S,2024,126,266,43,16.165413533834585,133.59022885441024,12.937785517660192,148.76988143833924,15.822808398417479,,17.62617096198449,12.140015496830394,5.7186016800521395,0.33142096206009214,36.14150873889168
R/L,9,Jurickson Profar,595777,S,2024,172,356,86,24.15730337078652,132.68085268245517,13.224380182642943,148.41894995034883,16.355921714609355,138.6277280396489,17.499339027584913,11.811353228173854,5.911276875811821,0.3462667028369476,36.14150873889168
R/L,10,Randy Arozarena,668227,R,2024,181,426,90,21.12676056338028,130.01467273792954,14.575502375846446,149.65132841045536,19.149085390622474,122.0774149490476,17.94473919644053,10.847755570528543,6.920768369869652,0.42063668344962074,36.14150873889168
R/L,11,Jonathan India,663697,R,2024,174,355,64,18.028169014084508,129.25714200789744,12.54726191923191,141.16308255067366,15.123937729226398,131.50798597523357,14.876959077248921,10.5739725355342,5.4660192760728945,0.3117152193493794,36.14150873889168
R/L,12,Paul Goldschmidt,502671,R,2024,167,349,86,24.641833810888254,128.9777181536348,10.777131413908256,136.74538245643092,12.281421786112094,110.2007075301072,13.280335611630154,10.472984538827326,4.438691128087849,0.2299674854696999,36.14150873889168
R/L,13,Yandy Díaz,650490,R,2024,139,266,58,21.804511278195488,128.89199952358666,14.784345204585202,148.6712547639817,19.63022217454215,131.31489794133282,17.590525793852674,10.442004532657615,7.094658462676005,0.43277709594532965,36.14150873889168
R/L,14,Gabriel Moreno,672515,R,2024,119,264,65,24.62121212121212,127.14572992388241,14.542291539154638,144.56197947793737,19.073961495544175,134.14112256868515,16.10537170724185,9.810876352675896,6.893617460764932,0.4187219939111504,36.14150873889168
R/L,15,Matt Chapman,656305,R,2024,163,353,77,21.813031161473088,126.51327104438508,13.911636927925587,141.1406824685549,17.71345472368707,127.93332989553976,14.868863349612447,9.582296171472471,6.401909786920983,0.38319210167063966,36.14150873889168
R/L,16,Connor Wong,657136,R,2024,152,319,79,24.76489028213166,126.3380078087033,14.60487478541831,143.42378475472998,19.215837981773834,101.26511737929324,15.694010961888255,9.518953393832476,6.944893763434057,0.422333717497518,36.14150873889168
R/L,17,Marcell Ozuna,542303,R,2024,163,404,104,25.742574257425744,125.37105310955039,17.103426733188424,156.20660972934877,26.365969454910527,115.82929559255716,20.31391676716733,9.169481376737004,9.529059154639999,0.5791970517526323,36.14150873889168
R/L,18,Alec Bohm,664761,R,2024,178,305,76,24.91803278688525,125.2782879994523,13.102166422922084,136.76607158695006,16.126383864877482,108.58832718319712,13.287812975544725,9.135954666364261,5.828318433791914,0.33989619464952886,36.14150873889168
R/L,19,Bobby Witt,677951,R,2024,144,278,110,39.568345323741006,123.86022328161674,18.163790045461617,163.21758440016998,30.845528592808055,119.19779769536144,22.84778879050366,8.62344468244458,11.148039411927055,0.6532403847289748,36.14150873889168
R/L,20,Justin Turner,457759,R,2024,137,314,85,27.070063694267514,123.30093977673656,14.876609842504587,139.1600853640067,19.847755914234636,135.73466494285915,14.153045673989926,8.421311185653128,7.173278438217001,0.4381956135885829,36.14150873889168
R/L,21,Marcus Semien,543760,R,2024,173,346,80,23.121387283236995,123.27106100086425,12.824177276601898,133.0744565993274,15.616334801463484,111.76446243183044,11.953607622186839,8.410512545260165,5.643979006965508,0.32562602312370115,36.14150873889168
R/L,22,Will Smith,669257,R,2024,151,320,91,28.4375,123.25854761946155,16.9521279275115,150.0450975334165,25.821597909359635,125.55131625394516,18.087053298426593,8.405990020426978,9.332315064932684,0.5689950936135696,36.14150873889168
R/L,23,Tommy Pham,502054,R,2024,119,219,33,15.068493150684931,123.13894236792058,12.567475519205829,132.31689006408777,15.15937557243906,122.85021196231553,11.679811646650306,8.362762877989127,5.478827047274474,0.3127203728473765,36.14150873889168
R/L,24,Mark Canha,592192,R,2024,127,282,61,21.631205673758867,123.13039147689386,13.778626130372244,135.27423621929836,17.44129389153772,122.29387030965928,12.748641165775007,8.359672456961455,6.303546755985885,0.3758996416222499,36.14150873889168
R/L,25,Xavier Edwards,669364,S,2024,94,192,40,20.833333333333336,122.62494565287304,14.181416394369585,135.63138599817398,18.28070200877361,,12.877720484318274,8.176996710302602,6.6069215140316615,0.3981982043678095,36.14150873889168
R/L,26,Freddy Fermin,666023,R,2024,122,254,83,32.677165354330704,121.56277133013633,15.162266476969116,137.09832884879333,20.541859710365266,104.04215552990924,13.407895762869416,7.79311088462845,7.4241380223525315,0.45518540618646536,36.14150873889168
R/L,27,Lourdes Gurriel,666971,R,2024,172,332,120,36.144578313253014,121.53958591973299,15.480592226123886,138.30857932383702,21.355058306163283,114.22452489933788,13.845298544069813,7.78473132750138,7.718040263917416,0.4744989125861669,36.14150873889168
R/L,28,Jonah Bride,681146,R,2024,99,233,58,24.892703862660944,121.48161070550105,16.95756034417258,145.95870141990866,25.840808710767547,,16.61016808995742,7.763778210383357,9.339258138402336,0.5693598282012329,36.14150873889168
R/L,29,Taylor Ward,621493,R,2024,129,234,49,20.94017094017094,121.22890102636708,12.74455094877518,129.88532646903099,15.473194554983657,120.86875995848776,10.801007877451148,7.672445119615122,5.59224596227513,0.32159490157027454,36.14150873889168
R/L,30,Michael Toglia,669911,S,2024,146,341,80,23.46041055718475,121.05141917984068,14.88251188543343,135.1759229013352,19.861778443133048,97.55075836355776,12.713109249371866,7.608300502542841,7.178346391724234,0.43854337593165943,36.14150873889168
R/L,31,Wilmer Flores,527038,R,2024,109,219,63,28.767123287671232,120.65043725888732,15.542064544885843,136.8601016507261,21.517301228782422,,13.32179685926153,7.463379586540105,7.776677303974046,0.4782747967492693,36.14150873889168
R/L,32,Danny Jansen,643376,R,2024,94,225,44,19.555555555555557,120.57076069520919,16.448536380677474,140.87958443332133,24.139254433186885,123.98597890448455,14.774498580391427,7.434583274315523,8.724290750473536,0.5356913069779697,36.14150873889168
R/L,33,Miguel Rojas,500743,R,2024,114,225,65,28.888888888888886,120.39635970726223,15.565767451127922,136.4668450570968,21.58033180354804,,13.179667993108735,7.3715521260159615,7.799457504661136,0.4797347246982933,36.14150873889168
R/L,34,Fernando Tatís,665487,R,2024,118,254,55,21.653543307086615,120.37670321334836,14.555460437460793,132.95604413128882,19.1037054657098,106.60406010315276,11.910811569702744,7.36444797255032,6.904367380341636,0.41948069194926885,36.14150873889168
R/L,35,Vladimir Guerrero,665489,R,2024,138,282,69,24.46808510638298,120.28568646868845,14.50011575575745,132.63653842906916,18.979091197835462,118.3164304286725,11.795337388413778,7.331553147825206,6.859329903827924,0.41629674761894736,36.14150873889168
R/L,36,David Fry,681807,R,2024,162,342,76,22.22222222222222,119.9392943005127,11.7212039719385,126.28087439883923,13.73767345797782,106.0149415982921,9.498304517513626,7.206361792093129,4.965002453335457,0.27202231141357225,36.14150873889168
R/L,37,J. D. Martinez,502110,R,2024,138,319,91,28.526645768025077,119.52392031286728,15.323539738041285,133.9088879523047,20.94834706919761,95.16100804825948,12.255183702543187,7.056239366049173,7.571048686667414,0.464920051488006,36.14150873889168
R/L,38,Rhys Hoskins,656555,R,2024,130,278,67,24.100719424460433,119.23690878940799,14.40636289209243,130.5858890009843,18.770300374588324,115.9867103194003,11.05420174615845,6.952509071216513,6.783869750198058,0.4109308817656616,36.14150873889168
R/L,39,Seiya Suzuki,673548,R,2024,136,313,62,19.808306709265175,118.23445435644358,12.66083034663088,125.33254486190894,15.324059329530659,117.40999006096116,9.155563915050475,6.59020691472327,5.538346241735269,0.3173835825672026,36.14150873889168
R/L,40,Gary Sánchez,596142,R,2024,119,250,63,25.2,117.76219119466208,17.572824759066958,141.0406999620172,28.190591246812478,,14.832728163274755,6.419523882837442,10.188504999011965,0.6114250611946489,36.14150873889168
R/L,41,Enrique Hernández,571771,R,2024,146,272,72,26.47058823529412,117.62210414175583,15.378912703163877,130.527998521506,21.090489433826487,121.9369259378263,11.033279253458806,6.368894308369276,7.622421081801426,0.4682861818142348,36.14150873889168
R/L,42,Max Schuemann,680474,R,2024,106,213,40,18.779342723004692,117.39333228503985,16.152856307103086,132.8095529484806,23.23262722381066,117.35655741959212,11.8578674460664,6.286212707782142,8.396621998367657,0.5166051588560727,36.14150873889168
R/L,43,Aaron Judge,592450,R,2024,174,414,81,19.565217391304348,117.30355424455132,13.10703086441505,124.69334980338591,16.1354566203145,133.19272232919917,8.924549177115813,6.253765569433381,5.831597464491041,0.34014862803024604,36.14150873889168
R/L,44,Rob Refsnyder,608701,R,2024,144,273,63,23.076923076923077,116.77432038192559,13.318639908743174,124.24836707539994,16.535270794376913,,8.763725705594204,6.062492466723327,5.976096339149136,0.35122048139071776,36.14150873889168
R/L,45,Jordan Westburg,676059,R,2024,110,208,64,30.76923076923077,116.43047999672658,15.031316893254399,127.32804563832397,20.219697550030507,98.174964096499,9.876768002543166,5.938223363858782,7.307703757021742,0.44735690071172285,36.14150873889168
R/L,46,Eugenio Suárez,553993,R,2024,195,405,99,24.444444444444443,116.27254434194937,14.058655226136748,124.82643342296716,18.01997888511189,101.42459198087084,8.972647605116798,5.881143035385654,6.512692243509149,0.3913340524646158,36.14150873889168
R/L,47,Gleyber Torres,650402,R,2024,168,370,81,21.891891891891895,116.17091261201655,13.094752552502246,122.9575428725155,16.112566128066494,126.444119279076,8.297202363504994,5.844411794830497,5.823324495234853,0.33951164246094057,36.14150873889168
R/L,48,Wyatt Langford,694671,R,2024,114,230,42,18.26086956521739,115.77957708880074,12.55325037985435,121.58975594099954,15.134428413290339,111.038912367965,7.8028635301217335,5.702977232509068,5.469810767570634,0.31201283643735567,36.14150873889168
R/L,49,Adley Rutschman,668939,S,2024,181,365,88,24.10958904109589,114.99232335385268,12.468723481201321,120.33973136822797,14.986978308581618,116.76315576271796,7.3510857899152064,5.418451855095567,5.416520075091825,0.3078251266192312,36.14150873889168
R/L,50,Emmanuel Rivera,656896,R,2024,128,260,82,31.538461538461537,114.95964897266997,16.034767375183563,127.39469395681047,22.885319245232598,114.7553078077998,9.900855710393285,5.406642840765035,8.271099654938999,0.5090792632617321,36.14150873889168
R/L,51,José Altuve,514888,R,2024,169,346,129,37.283236994219656,114.22103496529712,15.89778621063641,125.49277049516792,22.492280571695073,106.49702110112234,9.213471876296715,5.139696594743703,8.12904954839521,0.5004185315970253,36.14150873889168
R/L,52,Chris Taylor,621035,R,2024,98,196,35,17.857142857142858,114.12153254944297,13.660104296513829,120.65678415147511,17.202750651601637,,7.465673449279367,5.103734920422365,6.217333630078351,0.36946058187410497,36.14150873889168
R/L,53,Byron Buxton,621439,R,2024,103,195,62,31.794871794871792,113.79092320093548,18.553338682260446,136.95501546845733,32.87822809630527,106.42304299684014,13.356100144991283,4.98424771383994,11.88268768061891,0.6815602041902099,36.14150873889168
R/L,54,Isaac Paredes,670623,R,2024,160,331,91,27.492447129909365,113.70971743988581,15.197428031366591,122.76093832036337,20.629551789687078,125.9133490657524,8.226146512107873,4.954898726613684,7.455831262863941,0.45729901953173124,36.14150873889168
R/L,55,George Springer,543807,R,2024,147,288,57,19.791666666666664,113.50170588929736,11.837144613105178,117.54605946823524,13.925381389851601,111.24463661589728,6.34141061604337,4.879720213879855,5.032842931937212,0.27743036044881325,36.14150873889168
R/L,56,Pete Alonso,624413,R,2024,179,382,96,25.13089005235602,113.43514289274681,12.995593678743449,118.69354478453553,15.928906595484925,104.36116308428925,6.756129121911541,4.855663342664673,5.756947169217077,0.3343892658330133,36.14150873889168
R/L,57,Francisco Álvarez,682626,R,2024,82,174,43,24.71264367816092,113.22470017817857,18.053277329375458,131.88554417532606,30.313426559797655,97.93842514051248,11.523916734568635,4.77960617058863,10.95572970916678,0.6453156339509323,36.14150873889168
R/L,58,Tyler Freeman,671289,R,2024,135,261,70,26.81992337164751,113.00502506948278,13.34460630799928,118.47129957015669,16.585039312197605,99.92325294456904,6.675806348335042,4.700212271982174,5.994083432366518,0.3525913152818604,36.14150873889168
R/L,59,Starling Marte,516782,R,2024,112,226,59,26.10619469026549,112.7294370286271,14.90852965383116,120.40144630745266,19.923749214824078,102.42761271758891,7.373390500068298,4.600610596112979,7.200743563590507,0.4400780487809853,36.14150873889168
R/L,60,Cristian Pache,665506,R,2024,130,269,63,23.42007434944238,112.3966698904605,12.724684992101855,116.84572248158806,15.43768092765334,,6.088298262812588,4.480343531792338,5.579410801550046,0.32059309129921965,36.14150873889168
R/L,61,Tyler O'Neill,641933,R,2024,154,342,73,21.34502923976608,112.13850867882417,15.200516288297187,119.87156291851713,20.637278312437054,92.80163451324964,7.181882648750229,4.387040174928362,7.458623744758836,0.4574848931355133,36.14150873889168
R/L,62,Masyn Winn,691026,R,2024,193,403,122,30.272952853598017,112.11010580930088,15.380625365157421,120.16489639541251,21.09490736190192,111.62782970345442,7.287897792936467,4.376774949357506,7.624017787662886,0.46839048835646585,36.14150873889168
R/L,63,Víctor Robles,645302,R,2024,104,168,53,31.547619047619047,112.04791705603589,16.315995688929377,122.16804520041498,23.726064547635644,,8.011865993349438,4.35429899566163,8.574957691878817,0.5270929933497556,36.14150873889168
R/L,64,Zach Neto,687263,R,2024,116,222,81,36.486486486486484,112.00203781302413,17.64547755286341,126.52402771441355,28.49349837165701,100.30766509269442,9.586183794310823,4.337717545039198,10.297980204008377,0.6164912435246628,36.14150873889168
R/L,65,Blake Perkins,663368,S,2024,156,277,69,24.90974729241877,111.97524280977669,12.596735421995783,116.10143333422133,15.210811194771418,112.27065681651032,5.819300935574417,4.328033426598938,5.497416657214626,0.3141782343753635,36.14150873889168
R/L,66,Xander Bogaerts,593428,R,2024,108,212,48,22.641509433962266,111.85348143739212,14.507833329632593,118.2020592205361,18.996406897299035,118.78669531819124,6.578498823848294,4.284027029557976,6.865588058862753,0.41674000696280544,36.14150873889168
R/L,67,Andrew McCutchen,457705,R,2024,141,261,46,17.624521072796934,111.66720075509753,12.531198906576266,115.59225664093606,15.095831834428015,122.9007813880244,5.635276796474324,4.2167023804876065,5.455861381648193,0.31091761418124714,36.14150873889168
R/L,68,Tyler Stephenson,663886,R,2024,136,270,61,22.59259259259259,111.55276845990787,13.805341973613622,116.7555707324021,17.495575076756616,101.97199180605212,6.055716060502285,4.1753448225215255,6.323164795285347,0.3773587438074298,36.14150873889168
R/L,69,Dylan Carlson,666185,S,2024,115,227,53,23.348017621145374,111.40607093201604,15.442632111594673,118.95434724919713,21.255740113847136,,6.850387067468454,4.1223261226587615,7.682145170762166,0.47217471864577293,36.14150873889168
R/L,70,Miguel Vargas,678246,R,2024,92,192,39,20.3125,110.6634123876454,13.75118952085255,115.2688397937387,17.385745834889796,,5.518389068381447,3.8539181199449195,6.283470850238192,0.37440411611373614,36.14150873889168
R/L,71,Manuel Margot,622534,R,2024,172,357,104,29.13165266106443,110.48211193382846,13.665356662515594,114.89024112847164,17.213244467398123,102.40928532483002,5.381557798688624,3.7883934005850204,6.221126253431481,0.3697447547076798,36.14150873889168
R/L,72,Ke'Bryan Hayes,663647,R,2024,93,187,52,27.807486631016044,110.26205692341391,15.553973484549152,116.96818330674938,21.548936267517114,97.8837405915814,6.132557452639986,3.7088621997656754,7.788110684262897,0.4790080233849493,36.14150873889168
R/L,73,Jose Iglesias,578428,R,2024,100,182,71,39.010989010989015,110.23345345344211,14.447586056765113,115.35118740758509,18.861752950289144,,5.548150738436002,3.6985244741661942,6.816922090836911,0.4132859672064926,36.14150873889168
R/L,74,Spencer Steer,668715,R,2024,170,366,84,22.950819672131146,110.06267348643001,12.198428658691274,113.02593554829774,14.524242676026203,104.54190964203652,4.707769634510426,3.6368020174642406,5.249280436013845,0.2946238230273024,36.14150873889168
R/L,75,Jared Triolo,669707,R,2024,121,246,54,21.951219512195124,109.90198183775638,15.180896078230125,115.72130307045751,20.588257800200747,110.51903196947762,5.681916123077047,3.578725631216188,7.440906992045101,0.45630464943329485,36.14150873889168
R/L,76,Joey Ortiz,687401,R,2024,155,324,84,25.925925925925924,109.70556077463176,15.833393487996267,116.34592338058678,22.31102240240406,102.75728447849232,5.907663327047308,3.5077360955219805,8.063540111300943,0.49637293024116824,36.14150873889168
R/L,77,Wenceel Pérez,672761,S,2024,96,228,68,29.82456140350877,109.2171558971951,16.996217062643577,117.56721464366365,25.97822035138497,110.0404195420723,6.349056415619553,3.3312192040620383,9.388920778504335,0.5719586300139643,36.14150873889168
R/L,78,Hunter Renfroe,592669,R,2024,126,247,75,30.364372469635626,109.01443448365109,15.829680763711428,114.9680796955641,22.30063806979177,102.11630557073867,5.409689831216571,3.25795262667042,8.059787056822397,0.4961401715762215,36.14150873889168
R/L,79,Connor Joe,656582,R,2024,169,361,80,22.160664819944596,108.94480147990298,12.630251297198226,111.70405651193522,15.269930495168442,105.78302805469934,4.230022607065889,3.2327862085356456,5.518783264333988,0.31585231366075966,36.14150873889168
R/L,80,Nick Castellanos,592206,R,2024,170,314,117,37.261146496815286,108.4437059437864,15.63709543867324,113.5825982148085,21.771620920937153,85.05139039510266,4.908955920773559,3.0516827215598785,7.868592277738871,0.4841414349216773,36.14150873889168
R/L,81,Randal Grichuk,545341,R,2024,184,367,107,29.155313351498634,108.14440108522743,13.706349331942578,111.21014427223923,17.295389428530612,,4.051515271793706,2.9435094299478575,6.250814681737739,0.37196636636815444,36.14150873889168
R/L,82,Willson Contreras,575929,R,2024,89,183,52,28.415300546448087,108.11362592545596,15.239861359744083,112.49427019879893,20.736065035942936,100.63418064144636,4.515617755759653,2.932386822889649,7.494326757067579,0.4598562693186543,36.14150873889168
R/L,83,Jake Meyers,676694,R,2024,146,277,74,26.714801444043324,108.09403722949902,16.632632336418773,114.3023242773747,24.732698248917384,95.86454450898238,5.169075778572001,2.9253071726285365,8.938770298996186,0.5477495816292153,36.14150873889168
R/L,84,Geraldo Perdomo,672695,S,2024,120,202,40,19.801980198019802,107.97135443668778,11.189624669810705,109.620535137921,12.902686041749966,129.20910832083226,3.477006547599864,2.8809677603435446,4.663225403330821,0.24790832903895432,36.14150873889168
R/L,85,José Ramírez,608070,S,2024,174,328,113,34.45121951219512,107.86983844325404,14.85292305249853,111.67144935471458,19.791609652445963,103.7237996847788,4.218237888489485,2.8442783487053154,7.152986332106088,0.43680131953577656,36.14150873889168
R/L,86,Francisco Lindor,596019,S,2024,169,293,82,27.986348122866893,106.7420106554317,14.197374275092672,109.24844096109626,18.314922051601197,118.7200229593636,3.3425260981658416,2.436664370209856,6.619289153800646,0.399094867221622,36.14150873889168
R/L,87,Nico Hoerner,663538,R,2024,137,248,87,35.08064516129033,106.72704643848344,14.658404187144045,109.51031032467053,19.33825137187035,118.55860844052476,3.437169637086516,2.431256076433797,6.989135809513362,0.4254352437133911,36.14150873889168
R/L,88,Maikel García,672580,R,2024,160,267,61,22.846441947565545,106.60370362815169,11.635353196418137,107.935105419656,13.60001814631215,121.56945299008764,2.8678668186852407,2.3866781238589496,4.91525174684026,0.26805210461428897,36.14150873889168
R/L,89,Carlos Santana,467793,S,2024,163,332,69,20.783132530120483,106.55965970893205,12.81410656318844,108.28980830306055,15.598160314208618,112.47686806887084,2.9960617922879993,2.3707599869452327,5.6374104730660415,0.3251148014381615,36.14150873889168
R/L,90,Dansby Swanson,621020,R,2024,123,217,44,20.276497695852534,106.01376301891011,12.225831397897796,107.29398984272184,14.570563366231232,110.72215412615398,2.636157976421186,2.173464687015632,5.26602143231221,0.295949004856884,36.14150873889168
R/L,91,Jose Trevino,624431,R,2024,104,233,57,24.463519313304722,105.96542929821153,16.561275209924386,109.52760114935812,24.499886594258516,,3.4434188020020104,2.1559961511255255,8.854628654482493,0.5430597655382949,36.14150873889168
R/L,92,Spencer Torkelson,679529,R,2024,90,182,39,21.428571428571427,105.50010270474738,14.734657439340456,107.4091797940509,19.514356671824128,104.84602916649814,2.6777893627471037,1.9878200996842934,7.052782921885808,0.4298729982398213,36.14150873889168
R/L,93,Ildemaro Vargas,545121,S,2024,129,214,68,31.775700934579437,105.321074060602,14.770300933351496,107.11029265842323,19.597382648619107,,2.5697670425048043,1.9231164466153698,7.082789762544717,0.4319552601531131,36.14150873889168
R/L,94,Patrick Bailey,672275,S,2024,97,183,41,22.404371584699454,105.18743602154247,13.97230585603037,106.58581097353218,17.83920627566461,112.1422355939785,2.3802114485260204,1.8748176430501875,6.447358295068237,0.3865416063143537,36.14150873889168
R/L,95,Willy Adames,642715,R,2024,178,378,93,24.6031746031746,105.15917381354038,12.090206299364088,106.05157556208421,14.342571065827011,90.46951827612926,2.1871307106112967,1.8646032546753064,5.183621575137619,0.289419308983167,36.14150873889168
R/L,96,Whit Merrifield,593160,R,2024,122,219,57,26.027397260273972,104.93363085347588,12.309068212814498,105.77594811680875,14.712071950733346,116.5567535108989,2.0875147933902833,1.783088626053638,5.3171647697463245,0.2999925269293567,36.14150873889168
R/L,97,Nick Fortes,663743,R,2024,103,164,56,34.146341463414636,104.86907505529373,15.594162450024745,106.6342521229034,21.656190039201203,,2.397718810759243,1.7597571866121806,7.826873815528892,0.4814865807087673,36.14150873889168
R/L,98,Heliot Ramos,671218,R,2024,121,277,80,28.880866425992778,104.67807426784621,15.813093608278612,106.35481178682353,22.25433220216626,89.76965453114262,2.296724857274947,1.6907266203254818,8.043051417627904,0.49510095384471187,36.14150873889168
R/L,99,Tyler Fitzgerald,666149,R,2024,116,232,63,27.155172413793103,104.22673354044525,16.246585946623473,105.60457382967638,23.514137856035305,92.5848978322708,2.025577540430127,1.5276052718896866,8.498364188114037,0.5226179284213677,36.14150873889168
R/L,100,Santiago Espinal,669289,R,2024,131,258,73,28.294573643410853,104.00325543637715,13.964224762103205,104.65424679168235,17.822396759792678,102.12131939196256,1.6821150109454646,1.446836913378405,6.441283082420418,0.3860946112734334,36.14150873889168
R/L,101,Anthony Volpe,683011,R,2024,191,387,105,27.131782945736433,103.83132916155594,11.415409049039502,104.13148458588347,13.252370885813521,97.08369283246732,1.4931808626530367,1.3847001637394465,4.789606781806631,0.2580138598552808,36.14150873889168
R/L,102,Matt Vierling,663837,R,2024,152,310,76,24.516129032258064,103.53429179145259,13.083758072854636,103.82456539625225,16.092097159145613,113.60470714212828,1.3822556369111356,1.277346376665769,5.815926701043551,0.33894176734489445,36.14150873889168
R/L,103,Jake Rogers,668670,R,2024,92,192,47,24.479166666666664,103.4455388242559,15.840653442370664,103.91690524413508,22.331349007899604,101.45868746110328,1.4156286511031875,1.245269715270352,8.070886453202435,0.4968282301114875,36.14150873889168
R/L,104,DJ LeMahieu,518934,R,2024,85,161,41,25.465838509316768,103.29250577937692,15.320823636609735,103.57414181707234,20.941409334924174,,1.2917487771575844,1.1899612639820247,7.568541284828699,0.46475525169294174,36.14150873889168
R/L,105,Edmundo Sosa,624641,R,2024,121,243,98,40.32921810699588,102.88162323771529,16.717822123585414,102.77441041634697,25.01544028380891,,1.0027137830767612,1.041462114280802,9.040957536245028,0.5533749293008309,36.14150873889168
R/L,106,Carlos Correa,621043,R,2024,89,175,38,21.714285714285715,102.28541800665288,14.49516618931658,101.79906033490535,18.96799637300749,112.98490257959398,0.6502075481577504,0.8259845485946551,6.855320066743158,0.41601259309553307,36.14150873889168
R/L,107,Mark Vientos,668901,R,2024,140,296,107,36.14864864864865,102.07144791762234,15.759117028539585,101.20393352167663,22.10463034963173,93.48044445997692,0.4351197389472056,0.7486525301690659,7.988946909511855,0.49172675686220774,36.14150873889168
R/L,108,Chas McCormick,676801,R,2024,89,178,64,35.95505617977528,102.03006982523362,16.750124840339105,100.85765489409276,25.12405494166616,,0.309969418498065,0.7336978632924129,9.080212512306222,0.5555154932200261,36.14150873889168
R/L,109,Jorge Soler,624585,R,2024,155,360,95,26.38888888888889,101.9765908261741,13.713796468500245,101.38829925207074,17.310359528435512,95.60030048290037,0.5017522955091132,0.7143697461738457,6.256225101703089,0.3723706807190735,36.14150873889168
R/L,110,Anthony Santander,623993,S,2024,178,351,99,28.205128205128204,101.88744772548347,16.015549592833175,100.77222265880704,22.829552177284132,98.7928893386252,0.27909291971644556,0.6821520846476208,8.25094459520298,0.5078597243024374,36.14150873889168
R/L,111,Ryan Mountcastle,663624,R,2024,143,262,107,40.839694656488554,101.83306315840244,16.716669570292733,100.42710331287665,25.011579364470084,85.62826186107819,0.154361581147413,0.6624966815834237,9.039562141744783,0.5532986308324217,36.14150873889168
R/L,112,Ozzie Albies,645277,S,2024,109,188,66,35.1063829787234,101.7670471262729,15.836454097607966,100.5823316169401,22.3195882132552,100.92539391377532,0.21046343222573174,0.6386374915622534,8.066635924578266,0.4965648474816742,36.14150873889168
R/L,113,Bryan De La Cruz,650559,R,2024,188,337,111,32.93768545994065,101.44031489017982,14.25303477585544,100.4122548604997,18.43488324045627,83.77287835332945,0.14899512643400487,0.5205515319018973,6.6626449373539804,0.4022302870721436,36.14150873889168
R/L,114,Andy Ibáñez,628451,R,2024,154,288,86,29.86111111111111,101.02564019519896,14.345755201340326,99.68975719305118,18.636833250803637,,-0.11212643118518884,0.37068184077741995,6.735632717991868,0.40748057539577487,36.14150873889168
R/L,115,Austin Riley,663586,R,2024,117,234,56,23.931623931623932,100.98514655059545,13.935995533238396,99.74618685409853,17.763820702227026,99.89503723211511,-0.09173190030643569,0.35604682667434434,6.4201128114564305,0.3845351782511927,36.14150873889168
R/L,116,Shea Langeliers,669127,R,2024,145,314,94,29.936305732484076,100.98405350606862,14.868198412455182,99.43960822130218,19.827793869400296,97.84879566355971,-0.20253404367010305,0.35565178389115837,7.166063854038737,0.43770023059793667,36.14150873889168
R/L,117,Edward Olivares,658668,R,2024,90,174,58,33.33333333333333,100.5221261926143,17.32494938845096,96.93903458790645,27.199957429798786,,-1.1062790819062407,0.18870428353173518,9.830474991465545,0.5942976713278665,36.14150873889168
R/L,118,J. T. Realmuto,592663,R,2024,122,228,70,30.701754385964914,100.34472043202437,13.964318250680027,98.69476644870494,17.822591120791916,78.53207494273246,-0.4717310980042517,0.12458716506483436,6.441353327417943,0.38609978099207787,36.14150873889168
R/L,119,Stuart Fairchild,656413,R,2024,124,249,51,20.481927710843372,100.32233113941348,13.152247723018426,98.94409141918452,16.220041537103135,,-0.3816212920101348,0.11649533691929392,5.86216772958399,0.3424995772956713,36.14150873889168
R/L,120,Adam Duvall,594807,R,2024,121,252,76,30.158730158730158,100.1702644937847,16.56910942825451,96.83816258412624,24.525271353980532,77.38248992981107,-1.142735745967561,0.0615361569004258,8.863803089635772,0.5435736698104181,36.14150873889168
R/L,121,Christopher Morel,666624,R,2024,126,232,65,28.01724137931034,99.98640835339114,13.613264884694566,98.25816711481667,17.10948148051249,103.7488117519816,-0.6295246844154231,-0.004912226146899679,6.183624744458475,0.3669312238701982,36.14150873889168
R/L,122,Jacob Young,696285,R,2024,160,279,72,25.806451612903224,99.92585078325232,12.027377997838341,98.70472251808613,14.238012063730471,99.91807079670411,-0.46813282431879877,-0.026798645650684627,5.1458323742576,0.28641911591089736,36.14150873889168
R/L,123,Ramón Laureano,657656,R,2024,101,199,55,27.63819095477387,99.83749697151356,15.83786086081853,96.74847362716012,22.3235270028435,,-1.1751506881872913,-0.058731046241393026,8.068059462561527,0.49665307180021073,36.14150873889168
R/L,124,Elías Díaz,553869,R,2024,102,222,78,35.13513513513514,99.77470919066988,14.66019851750604,97.40912206542397,19.34237190095764,94.43904123181358,-0.9363823751388132,-0.08142349754196287,6.9906250308935345,0.4255394048604201,36.14150873889168
R/L,125,Jeimer Candelario,600869,S,2024,146,320,108,33.75,99.74190935250377,15.755671404304346,96.6233767894103,22.09512464573533,82.83602517853828,-1.2203625727347205,-0.09327785391911081,7.985511404707444,0.49151175491720495,36.14150873889168
R/L,126,Manny Machado,592518,R,2024,143,257,67,26.07003891050584,99.22637117350567,13.533146799586953,97.0975402536463,16.951231635740857,97.6159142171344,-1.0489927428712347,-0.2796011299340325,6.126430862981054,0.3626249358749268,36.14150873889168
R/L,127,Kyle Farmer,571657,R,2024,116,201,59,29.35323383084577,99.13383049677458,15.678188917867686,95.49836221192328,21.882944894670253,,-1.6269598145709978,-0.313046726701828,7.9088264414341,0.48668937582937966,36.14150873889168
R/L,128,Johan Rojas,679032,R,2024,105,179,65,36.312849162011176,99.03572750123034,14.625823096472185,96.1464000884292,19.263625844058442,97.01093916457752,-1.392749148802283,-0.3485026294095648,6.962165017857778,0.42354612405763153,36.14150873889168
R/L,129,Orlando Arcia,606115,R,2024,146,307,85,27.68729641693811,98.969270333708,14.392480782018897,96.18878437098464,18.739626502230276,93.67593911602218,-1.3774308296185924,-0.3725212524172714,6.772783749939216,0.4101393094197274,36.14150873889168
R/L,130,Ketel Marte,606466,S,2024,205,362,128,35.35911602209944,98.73549869917312,14.829273837949817,95.4712692096439,19.73575991232161,110.4124703504432,-1.6367516343574233,-0.4570098481417473,7.132801393398395,0.4354114538198991,36.14150873889168
R/L,131,Andy Pages,681624,R,2024,107,208,63,30.288461538461537,98.37640236589945,17.876796861475245,90.4647224138514,29.499531772888506,105.35729134567649,-3.4461931820754765,-0.5867926808128892,10.661575853630627,0.6327606882175609,36.14150873889168
R/L,132,Brenton Doyle,686668,R,2024,164,313,91,29.073482428115017,98.0170431935804,13.343322537341864,95.321373564997,16.582575057829033,95.13014300093126,-1.6909261818667036,-0.7166705074805837,5.993192813658553,0.3525234789438599,36.14150873889168
R/L,133,Donovan Solano,456781,R,2024,118,255,70,27.450980392156865,97.01634424349973,13.667537340169009,93.52289436995609,17.217603376019063,99.30506864329926,-2.3409236973095666,-1.0783382059739903,6.222701628771639,0.3698627696965311,36.14150873889168
R/L,134,Luis Robert,673357,R,2024,106,201,64,31.8407960199005,96.74759563933013,15.720237290581933,90.78761687418627,21.99771815304218,83.8891079001881,-3.3294942524761515,-1.1754680062355938,7.950307228638501,0.48930344546738547,36.14150873889168
R/L,135,Blaze Alexander,677942,R,2024,83,167,42,25.149700598802394,96.53028223144273,15.297581921972613,90.97183089857174,20.882173717701683,,-3.262916524754615,-1.2540083505380024,7.547132639053696,0.46334625227008347,36.14150873889168
R/L,136,Leody Taveras,665750,S,2024,102,198,43,21.71717171717172,96.29713784785653,13.558636290747005,92.4792632182962,17.001404369070237,93.63378005596036,-2.7181077411885206,-1.338270248306044,6.144564045781832,0.36399222020019095,36.14150873889168
R/L,137,Jonah Heim,641680,S,2024,117,187,57,30.481283422459892,95.69312357533708,12.957461302264196,92.0703784864934,15.858840917087052,88.2901064461523,-2.8658848522650233,-1.556570119392814,5.731624375935946,0.3324297785994597,36.14150873889168
R/L,138,Corey Julks,667452,R,2024,91,171,54,31.57894736842105,95.63179903917039,16.387760327266975,87.30088776011837,23.94837489614743,,-4.589650759938481,-1.5787337319905856,8.655304005913665,0.5317399456441585,36.14150873889168
R/L,139,Gio Urshela,570482,R,2024,106,196,72,36.734693877551024,94.40187656382564,14.879794093387298,87.71526675411357,19.855319685236676,103.21451604799128,-4.439887939611573,-2.023246270898901,7.1760120991746925,0.4383832200546627,36.14150873889168
R/L,140,Giancarlo Stanton,519317,R,2024,138,274,90,32.846715328467155,94.35566331619512,17.351946699765264,81.64212153727655,27.304790955969093,77.78175920143434,-6.6348142488803115,-2.039948435829812,9.868363409487674,0.5961512917729457,36.14150873889168
R/L,141,Lenyn Sosa,672820,R,2024,120,225,77,34.22222222222222,94.32367131480564,15.163267546520492,87.09956935399924,20.544349296123098,88.33123736425645,-4.662410269279023,-2.0515108278077383,7.4250377962067615,0.4552455142572014,36.14150873889168
R/L,142,Jackson Chourio,694192,R,2024,173,301,87,28.903654485049834,94.01991274918652,13.330059037898886,89.16291066193935,16.557137827786878,84.39980335579263,-3.9166875901566907,-2.161293756346102,5.983999414939935,0.351822998071628,36.14150873889168
R/L,143,Yainer Diaz,673237,R,2024,172,315,129,40.95238095238095,93.97386263646617,13.546566304064878,88.84074808901994,16.977626030273697,70.48501789752812,-4.033122004601793,-2.1779369618591993,6.135970195387718,0.3633444521433324,36.14150873889168
R/L,144,Patrick Wisdom,621550,R,2024,103,205,59,28.780487804878046,93.69857662795346,13.823389547927832,88.05700133806519,17.53235228292774,,-4.316379905088886,-2.2774294786827656,6.336456632467604,0.3783460227278176,36.14150873889168
R/L,145,Jo Adell,666176,R,2024,104,216,61,28.240740740740737,93.65728151632605,18.842866578487595,71.6186371410231,34.57539977105617,83.46327892909287,-10.25745273789369,-2.292354155060316,12.496071129763,0.7029978962844383,36.14150873889168
R/L,146,William Contreras,661388,R,2024,167,386,106,27.461139896373055,93.60328359560373,14.359426539815711,87.14222992518104,18.666837618587078,100.53434964012844,-4.646992095217292,-2.3118698182969952,6.746476749196368,0.4082575939976403,36.14150873889168
R/L,147,Juan Yepez,660766,R,2024,88,196,67,34.183673469387756,93.30509356673869,16.503357673155488,81.99487277295012,24.313537709229973,,-6.507324630212798,-2.419640193637755,8.787279355915075,0.5392680664204343,36.14150873889168
R/L,148,Christian Walker,572233,R,2024,156,321,76,23.67601246105919,93.23421620049533,13.101519806744633,88.22283208365654,16.125178241508152,94.44819212249912,-4.25644617167922,-2.445256343152498,5.827882703316528,0.33986264646403236,36.14150873889168
R/L,149,Jorge Polanco,593871,S,2024,129,246,63,25.609756097560975,93.1562059657084,12.430387612630891,88.83122073504578,14.920543933372914,100.9043543793585,-4.036565334070953,-2.473450418975246,5.392509689570144,0.30593518134084685,36.14150873889168
R/L,150,Teoscar Hernández,606192,R,2024,168,332,94,28.313253012048197,92.96998310935321,15.519793082613493,83.85466204867195,21.45831757323928,90.64050187452943,-5.835168726602819,-2.540754168878673,7.755359720951405,0.4769050627479892,36.14150873889168
R/L,151,Davis Schneider,676914,R,2024,139,314,82,26.11464968152866,90.7422403952775,14.793819933961595,81.39306409989796,19.652417162665902,104.4343230833255,-6.7248273643753524,-3.345893996566366,7.102680066248345,0.43333197473342516,36.14150873889168
R/L,152,Andrew Vaughn,683734,R,2024,157,313,115,36.74121405750799,90.53082864540346,14.59650163955144,81.45588780030614,19.196778976360733,84.02391324096405,-6.702121931202232,-3.422301392622136,6.9380055513271355,0.42184959857381976,36.14150873889168
R/L,153,Michael Taylor,572191,R,2024,104,214,65,30.373831775700932,90.52268813101404,16.697085974967138,75.18790963067596,24.946127376229374,,-8.96746380913095,-3.425243497341583,9.01590680569499,0.5520030103751912,36.14150873889168
R/L,154,Kevin Newman,621028,R,2024,131,219,66,30.136986301369863,90.04266938972911,13.32841448040851,83.02953570854851,16.553986707263515,,-6.1333818349254345,-3.5987295126713885,5.98286055244061,0.3517361931364072,36.14150873889168
R/L,155,Alejandro Kirk,672386,R,2024,100,219,69,31.506849315068493,89.80696837844539,15.826604780039409,76.85741695508561,22.292040121934367,100.03622340257058,-8.364078673582998,-3.6839154142621497,8.05667962874615,0.49594737289458346,36.14150873889168
R/L,156,Mitch Haniger,571745,R,2024,146,271,71,26.199261992619927,89.78198823053442,12.757885991244168,83.51183422998697,15.497077293818982,103.162855455947,-5.959071872652206,-3.69294361660238,5.600877544418386,0.3222682442839009,36.14150873889168
R/L,157,Adolis García,666969,R,2024,159,322,111,34.47204968944099,89.7523617536852,14.743060392189337,79.76776077213076,19.53388903496638,80.08013595742881,-7.312236508613832,-3.7036510723218723,7.059842212617777,0.43036343821678025,36.14150873889168
R/L,158,Jacob Stallings,607732,R,2024,101,198,57,28.78787878787879,89.68159730405391,14.293763813522354,80.65534287244327,18.523264320067078,,-6.991450946264546,-3.729226412069392,6.694587192965048,0.4045323735778419,36.14150873889168
R/L,159,Brayan Rocchio,677587,S,2024,124,230,71,30.869565217391305,89.40996707499905,13.994095465942577,80.82336652499009,17.88462268822868,88.97326958370493,-6.930724663195935,-3.827397675040726,6.463772471783972,0.3877481585266897,36.14150873889168
R/L,160,Bryan Reynolds,668804,S,2024,202,383,134,34.9869451697128,89.29273535508025,13.689714837567545,81.22441574607852,17.2620031900492,92.8978777450798,-6.785779423909001,-3.8697669873399314,6.238748391439392,0.37106405202971127,36.14150873889168
R/L,161,Brent Rooker,667670,R,2024,136,261,76,29.118773946360154,89.11287124214606,13.365402648844412,81.53059763961724,16.625012866678535,74.36254550282915,-6.675120668098803,-3.934772591434173,6.0085304780524895,0.3536911338303518,36.14150873889168
R/L,162,Isiah Kiner-Falefa,643396,R,2024,135,199,51,25.628140703517587,89.07984157769934,12.50360475133203,82.85328869356672,15.047663216030394,79.94710552411706,-6.197080165247107,-3.946710010496608,5.438452516220614,0.30954981804575876,36.14150873889168
R/L,163,Jonny DeLuca,676356,R,2024,100,203,68,33.497536945812804,88.9464977574718,15.038738612157767,77.57585931983314,20.23777336485062,87.78454042233446,-8.104422763543866,-3.994902478936914,7.31423662921458,0.4477987750803671,36.14150873889168
R/L,164,Cal Raleigh,663728,S,2024,171,326,122,37.423312883435585,88.86793812285629,15.061905372652708,77.36958718346835,20.294336621701177,99.15456473373824,-8.178972625734048,-4.0232951161467225,7.334679443632225,0.44917948096349225,36.14150873889168
R/L,165,Josh Bell,605137,S,2024,198,410,122,29.756097560975608,88.64990558894976,13.821413799483842,79.93965501129055,17.528321848001752,91.90891721241309,-7.250111337146242,-4.10209536344218,6.334999972476613,0.37823787802964426,36.14150873889168
R/L,166,Kevin Pillar,607680,R,2024,126,261,102,39.08045977011494,88.63848110400707,15.954490404233203,74.07799426186553,22.65373263503244,83.15163789281651,-9.368603969143873,-4.106224344666117,8.187400759975406,0.503994681677977,36.14150873889168
R/L,167,Hunter Goodman,696100,R,2024,92,190,83,43.684210526315795,87.23491870933184,18.706858191190797,51.73885361653562,33.756005430874346,,-17.442306437669085,-4.613492970193461,12.199929652700202,0.6928860018156632,36.14150873889168
R/L,168,Romy Gonzalez,663853,R,2024,129,277,93,33.57400722021661,86.97124509454603,15.776821750746668,71.42650175659139,22.15356903062084,,-10.326893364648585,-4.708788592723425,8.006634087178233,0.4928322472230116,36.14150873889168
R/L,169,Korey Lee,686676,R,2024,104,182,63,34.61538461538461,86.12488269234711,15.64779443352178,70.27520464826574,21.800525434657427,67.57116815695585,-10.742989509664707,-5.014676734276841,7.879038805091017,0.4848041665361038,36.14150873889168
R/L,170,Daz Cameron,663662,R,2024,86,181,44,24.30939226519337,86.11579738259887,15.284986229672471,71.61005816348924,20.85016869725863,,-10.2605533098088,-5.0179603022934565,7.535565541793386,0.4625835481818019,36.14150873889168
R/L,171,Ezequiel Duran,677649,R,2024,92,162,65,40.123456790123456,85.91945569235409,16.515704293993608,65.89970241270106,24.3530695172452,,-12.324362032501712,-5.08892115143136,8.80156674776354,0.5400752511215527,36.14150873889168
R/L,172,Logan O'Hoppe,681351,R,2024,111,251,73,29.08366533864542,85.7946387621131,14.851832650737297,72.47880719519584,19.789030024857897,83.185725115215,-9.946574302595522,-5.134031873182027,7.1520540157759145,0.4367371878569839,36.14150873889168
R/L,173,Jorge Mateo,622761,R,2024,90,178,63,35.39325842696629,85.63057732474131,17.626942707787805,57.9124567182326,28.41565383438637,,-15.211073133164785,-5.193326151906902,10.269846013767959,0.6151967964450524,36.14150873889168
R/L,174,Nolan Arenado,571448,R,2024,154,271,89,32.84132841328413,85.47993626165348,12.537160190765299,77.57825777592066,15.106256760448968,102.06290726349351,-8.103555925327399,-5.247770104887152,5.459629107197079,0.3112135011323714,36.14150873889168
R/L,175,Ian Happ,664023,S,2024,161,307,91,29.64169381107492,85.4144484130024,14.419002088086835,73.13255857308596,18.79828175287798,109.54105201488282,-9.710298691224743,-5.2714384014302915,6.793982642477875,0.4116522455628769,36.14150873889168
R/L,176,Tyler Nevin,663527,R,2024,125,249,69,27.710843373493976,85.40570643364202,12.343885108662514,77.81815138373526,14.771628199287537,,-8.016854756095048,-5.274597884664777,5.338689296522093,0.3016920187593514,36.14150873889168
R/L,177,Trea Turner,607208,R,2024,169,344,112,32.55813953488372,85.28326362313861,13.095856273875526,76.19035723535876,16.114622444418497,73.10492080867427,-8.605164120481705,-5.318850563723008,5.824067678988911,0.3395688779141637,36.14150873889168
R/L,178,Ty France,664034,R,2024,135,272,74,27.205882352941174,84.98038071670197,13.90827268019917,73.8142298315873,17.70651143489908,94.72572069974886,-9.463932413762967,-5.428317015821415,6.399400377596906,0.38300678957750367,36.14150873889168
R/L,179,Keibert Ruiz,660688,S,2024,132,231,95,41.125541125541126,84.81966268073609,14.36549055477847,72.28068782524113,18.680165192620073,85.22598308137293,-10.018177632001143,-5.486402938835002,6.751293535530187,0.40860248282647654,36.14150873889168
R/L,180,Nick Gonzales,693304,R,2024,97,161,72,44.72049689440994,84.4602547163153,16.872430160283532,60.552155135162224,25.542530758514804,96.05027921165544,-14.257046299129776,-5.616298399704414,9.231455986222723,0.5636575877479179,36.14150873889168
R/L,181,José Siri,642350,R,2024,113,258,88,34.10852713178294,83.33967596805921,15.918001312843897,63.57790355468372,22.54963903717255,70.55448605091185,-13.16349516967154,-6.021292465931553,8.149779763208247,0.5016919722160655,36.14150873889168
R/L,182,Willi Castro,650489,S,2024,164,322,123,38.19875776397515,83.12695476726496,15.373592428452765,65.67531410228165,21.076773709892237,83.30229830796831,-12.405459353320996,-6.098173117306081,7.617464012237128,0.46796223431134204,36.14150873889168
R/L,183,Zack Gelof,680869,R,2024,125,235,63,26.80851063829787,81.92697837562747,13.54743687863667,69.91618533638811,16.979339881344334,78.14414543379687,-10.872744505641268,-6.53186268975438,6.136589607022182,0.36339115454715776,36.14150873889168
R/L,184,Elly De La Cruz,682829,S,2024,217,469,137,29.21108742004264,81.56289150150141,12.966108157220514,70.88238637936064,15.874701872134727,91.19387934037044,-10.523544871260087,-6.663449179183809,5.737356764390573,0.33287360491961143,36.14150873889168
R/L,185,Mauricio Dubón,643289,R,2024,126,229,92,40.174672489082965,81.44565743611292,13.395188079646474,69.58600329491082,16.682442980100006,86.56171031766354,-10.992077277016033,-6.705819339171145,6.029286587513466,0.3552693251899938,36.14150873889168
R/L,186,Julio Rodríguez,677594,R,2024,165,331,122,36.85800604229607,81.34428452832144,12.983652040354226,70.51084644359004,15.906931390724173,80.110210157724,-10.657825009615095,-6.742457037499474,5.749004998668081,0.3337750082409339,36.14150873889168
R/L,187,Ezequiel Tovar,678662,R,2024,208,383,150,39.1644908616188,81.10944634909511,14.999449489379433,63.550278366148355,20.142329060581165,57.35323717190823,-13.173479329600184,-6.8273310985668125,7.279741617646261,0.4454620579400323,36.14150873889168
R/L,188,Royce Lewis,668904,R,2024,100,206,66,32.038834951456316,81.06944800776489,16.077704225188487,58.11128822057717,23.010670380065175,89.32994673239124,-15.139212428369252,-6.841787102594083,8.316403446288815,0.5118092717194432,36.14150873889168
R/L,189,Ryan Jeffers,680777,R,2024,140,273,98,35.8974358974359,80.8029902484933,15.016270582000889,62.92545877438885,20.18311823045287,94.57794315934504,-13.399298556958252,-6.938088956946682,7.294483439039964,0.4464617426461395,36.14150873889168
R/L,190,Christian Vázquez,543877,R,2024,94,176,62,35.22727272727273,80.77217071935918,17.011782852669413,50.98610644554308,26.033905694567867,,-17.714360622255114,-6.949227599761974,9.409046301677064,0.5730067532233838,36.14150873889168
R/L,191,Tyrone Taylor,621438,R,2024,110,221,81,36.65158371040724,80.54983344825958,14.909603984328717,62.925322479928866,19.92631360179974,87.15778048171079,-13.399347815832419,-7.029583644026251,7.201670371733414,0.44014147640463835,36.14150873889168
R/L,192,Garrett Hampson,641658,R,2024,125,233,58,24.892703862660944,79.59250641751859,14.128018974413877,64.31761261553176,18.166749796251427,,-12.896153154802773,-7.375576076501275,6.565737465184796,0.3952051709887011,36.14150873889168
R/L,193,Eloy Jiménez,650391,R,2024,94,178,67,37.640449438202246,79.5528514171936,15.659251397262448,57.45609229242429,21.83153961108878,85.6792383431675,-15.376010121999489,-7.389907991909144,7.89024779637625,0.48551435188247594,36.14150873889168
R/L,194,Paul DeJong,657557,R,2024,123,245,79,32.244897959183675,79.50653192165458,13.743947023580152,65.48893558220064,17.371115904045283,77.06978124346664,-12.472819362443493,-7.406648556437185,6.278183372503529,0.3740098365199088,36.14150873889168
R/L,195,José Caballero,676609,R,2024,126,271,103,38.00738007380074,79.35858261103041,16.002892678823873,55.07298731441574,22.792936781550907,81.46779507597397,-16.23730021588341,-7.46011966946555,8.237711238754278,0.5070573294975795,36.14150873889168
R/L,196,Kyle Higashioka,543309,R,2024,85,169,53,31.360946745562128,79.0061468555628,15.071215983126075,59.42185139349719,20.31712910247541,,-14.665555124699665,-7.587495268826856,7.342916990063055,0.44973497878170504,36.14150873889168
R/L,197,Brendan Rodgers,663898,R,2024,144,291,84,28.865979381443296,78.0907916634032,13.855658221363061,62.835966435288825,17.598328206764634,85.84027854481825,-13.431642438514727,-7.918318445593118,6.36030132674668,0.38011447090005834,36.14150873889168
R/L,198,Harrison Bader,664056,R,2024,152,296,102,34.45945945945946,77.74272391306664,13.940352517416605,61.96615126951002,17.772846974218904,66.2909283373878,-13.746006762666878,-8.044115381998271,6.42337504233717,0.3847756598997913,36.14150873889168
R/L,199,Tim Anderson,641313,R,2024,90,177,72,40.67796610169492,76.94450849028098,15.356145402698388,54.15239914791637,21.031882812626737,,-16.570014668527982,-8.332602478779531,7.60123976467895,0.46690068459978934,36.14150873889168
R/L,200,Thairo Estrada,642731,R,2024,96,162,57,35.18518518518518,76.69005260810566,15.205217518402987,54.50532355202613,20.649047966898628,73.90894311558034,-16.442462464174973,-8.424566673672546,7.462877475454602,0.45776791962007257,36.14150873889168
R/L,201,Harold Ramírez,623912,R,2024,96,192,90,46.875,74.92873397996202,16.555452640488355,41.65595247008749,24.481047782166918,,-21.086419036646443,-9.061133799582809,8.847820023564104,0.5426779776254295,36.14150873889168
R/L,202,Jeremy Peña,665161,R,2024,167,276,106,38.405797101449274,74.12715693875111,13.834418228448989,56.52906567091623,17.55486961980905,71.54682786232252,-15.711051529423672,-9.350835835980996,6.344594737744328,0.3789499732895937,36.14150873889168
R/L,203,Otto Lopez,672640,R,2024,137,226,96,42.47787610619469,72.38729558712737,14.235084125803498,51.896400921880065,18.396092513735777,92.23861789387156,-17.385366464540134,-9.979647978422694,6.648625383466414,0.401217766086767,36.14150873889168
R/L,204,Jake Burger,669394,R,2024,184,374,152,40.64171122994652,71.49565843829714,13.716055659624473,52.813311856721604,17.314903774280708,74.01441609316035,-17.053981018896526,-10.301899096486373,6.257867460712348,0.3724933784464946,36.14150873889168
R/L,205,Salvador Pérez,521692,R,2024,155,277,130,46.931407942238266,69.42882764468263,14.789129594630468,43.80993028551198,19.641425755053266,82.1968637537459,-20.307938956251014,-11.048882928378667,7.098707605705497,0.43305724490455166,36.14150873889168
R/L,206,Amed Rosario,642708,R,2024,125,228,93,40.78947368421053,66.89611506602218,14.37611864358973,41.91113838766926,18.70355190412298,71.7913718749041,-20.99419099594321,-11.964243466326241,6.759745845911748,0.4092073030915479,36.14150873889168
R/L,207,Joey Meneses,608841,R,2024,96,180,77,42.77777777777778,63.40595534123649,16.50370760461109,17.095741900806217,24.31465670045161,,-29.962849685833433,-13.225639848260936,8.787683776225231,0.5392909355678913,36.14150873889168
R/L,208,Ernie Clement,676391,S,2024,146,225,106,47.11111111111111,62.540159910802885,12.62174978522584,43.91234993977043,15.254913984083947,84.9684130328919,-20.270922947956855,-13.538551379412024,5.513356070668109,0.315427251887745,36.14150873889168
R/L,209,Ceddanne Rafaela,678882,R,2024,151,295,135,45.76271186440678,55.689429631399484,14.721325035344107,20.154446925970262,19.483417618419136,56.86026461382404,-28.85738754186685,-16.014508662020503,7.041601081195713,0.4290954236547944,36.14150873889168
R/L,210,José Miranda,669304,R,2024,139,266,109,40.97744360902256,54.34542431992616,12.873194669400469,30.59997456252725,15.705092265438731,81.16128649322735,-25.082216258277263,-16.500252459117803,5.67605729356454,0.32812003775904464,36.14150873889168
L/R,1,Juan Soto,665742,L,2024,486,1099,196,17.8343949044586,138.3538112089882,8.743548231000393,149.71984066140294,9.962686007906367,148.32738313811657,17.969500557603958,13.86164602979449,3.6006650341758184,0.22976626847418766,36.14150873889168
L/R,2,Jesse Winker,608385,L,2024,400,779,147,18.870346598202826,135.08824186229458,8.845129370484162,145.79765575525468,10.113747227663687,137.7067915599417,16.5519637569929,12.681419998984643,3.6552608381154865,0.23513605622263978,36.14150873889168
L/R,3,Steven Kwan,680757,L,2024,384,744,147,19.758064516129032,134.5436669604426,8.01695357911409,142.7534765930454,8.925183254105157,139.33181553690096,15.45175147905551,12.484602413242003,3.225695885744512,0.19316551169166163,36.14150873889168
L/R,4,Lars Nootbaar,663457,L,2024,294,594,102,17.17171717171717,130.94276295650943,8.977287317908717,140.75260652094596,10.312694045399033,143.44547857381576,14.72860684709382,11.183181377981393,3.7271632196330535,0.24221503693822968,36.14150873889168
L/R,5,Geraldo Perdomo,672695,S,2024,267,524,98,18.702290076335878,129.64470233671236,8.389831527939757,137.53118025400562,9.448584217347035,129.20910832083226,13.564334791310634,10.714042685641324,3.4148608906140185,0.21155209533679353,36.14150873889168
L/R,6,Jurickson Profar,595777,S,2024,491,964,206,21.369294605809127,129.2892396726835,9.217689733326907,139.24705267589667,10.681918843132399,138.6277280396489,14.184476972616615,10.585573115857834,3.8606066321720127,0.2553612658454037,36.14150873889168
L/R,7,Andrew Benintendi,643217,L,2024,397,728,176,24.175824175824175,125.9946978623684,9.198265650677072,134.77286310472462,10.651722666308553,125.19361111027254,12.567437357756893,9.394875999576362,3.8496932782864115,0.2542861738643621,36.14150873889168
L/R,8,Spencer Horwitz,687462,L,2024,300,592,153,25.844594594594593,125.56006715372123,11.485074335407557,142.1833496669755,14.783385957716641,134.7075654596779,15.245699006247179,9.237793904028742,5.342938727812245,0.396440916942394,36.14150873889168
L/R,9,Freddie Freeman,518692,L,2024,410,870,211,24.25287356321839,124.61853375839128,9.751403046318865,134.36868154358487,11.538616811985609,122.80024948339616,12.421360043516575,8.897509529675983,4.170230203451004,0.2857887081639836,36.14150873889168
L/R,10,Brandon Nimmo,607043,L,2024,495,1049,236,22.4976167778837,122.42169579114844,8.484267732653723,128.54197728433138,9.584090483023903,121.63423867848718,10.315501214469107,8.103539143765621,3.46383489946537,0.2163413725485807,36.14150873889168
L/R,11,Nolan Schanuel,694384,L,2024,464,902,202,22.394678492239468,122.15805864970844,8.742139122225783,128.69004438940348,9.960601615880782,129.03265842082232,10.369014900188166,8.008256703253117,3.5999117034497385,0.2296922162547789,36.14150873889168
L/R,12,Jon Singleton,572138,L,2024,324,676,153,22.633136094674555,121.49320548277363,10.568444180909697,132.22661125618356,12.966545525912114,125.62992727326848,11.647183523402237,7.767968737824579,4.686305184379895,0.3356857973813659,36.14150873889168
L/R,13,Sal Frelick,686217,L,2024,429,824,221,26.820388349514563,120.99997519422126,8.755408205796464,127.21106213258007,9.98024153105804,125.84437239332806,9.83448839859167,7.589707869984561,3.607009865109838,0.2303900130287521,36.14150873889168
L/R,14,Ryan McMahon,641857,L,2024,449,884,225,25.452488687782804,118.06194469117858,9.83822535869051,125.36826148772056,11.683236275949534,106.51642900706403,9.168472442489419,6.527859318976086,4.222497859657664,0.2909004439426493,36.14150873889168
L/R,15,J. P. Crawford,641487,L,2024,310,660,131,19.848484848484848,117.75334358927522,10.588863152976073,126.64854452383933,13.004312357375603,129.87676319707202,9.631186047870834,6.41632622476337,4.699954687073674,0.3369841872583188,36.14150873889168
L/R,16,Brendan Donovan,680977,L,2024,455,872,210,24.08256880733945,117.11197233260079,7.653845951494258,120.71470710955971,8.432045623382528,120.54010837172942,7.486607680237338,6.184524975983641,3.0474685058421302,0.17606388673513151,36.14150873889168
L/R,17,Luis Arráez,650333,L,2024,465,823,293,35.60145808019441,116.87325089216283,9.65037769821655,123.33377431084371,11.372272040365496,122.77909315609924,8.433178081666842,6.098247445726148,4.110110693279231,0.27989779258488984,36.14150873889168
L/R,18,Rafael Devers,646240,L,2024,364,805,230,28.57142857142857,116.3137352111631,13.295539520040316,134.51910915590832,19.419982499810246,122.46827924986846,12.475726852170164,5.896030036982164,7.018674672260155,0.5312791612747565,36.14150873889168
L/R,19,Francisco Lindor,596019,S,2024,516,999,262,26.226226226226224,114.60605975311056,8.395997167863293,118.46463514730684,9.457393634201937,118.7200229593636,6.673397725368362,5.278850362078192,3.4180447467764785,0.21186314647573246,36.14150873889168
L/R,20,Gunnar Henderson,683002,L,2024,501,1046,256,24.47418738049713,114.39066417683497,10.176330113352183,120.77963839285488,12.261870779820878,122.31629106157756,7.510074825663738,5.201003151055367,4.431625099440568,0.31123843621547703,36.14150873889168
L/R,21,Nathaniel Lowe,663993,L,2024,422,891,207,23.232323232323232,113.63703680966414,9.242582085628058,118.26059154049855,10.720711708091534,125.75140807606095,6.5996532873825995,4.92863085029064,3.8746269588512847,0.2567423332696249,36.14150873889168
L/R,22,Joc Pederson,592626,L,2024,401,856,265,30.957943925233643,113.49677464479413,11.46296974146215,122.14113069471618,14.736333664014284,117.73216683529633,8.002138684920276,4.8779379877167885,5.325933318971959,0.3949163760848692,36.14150873889168
L/R,23,Edouard Julien,666397,L,2024,269,552,99,17.934782608695652,113.05216837975269,9.619676464621312,117.98368564915198,11.322123207906648,117.15300026132353,6.499575320463072,4.717250575583176,4.091986148613664,0.2781197194816662,36.14150873889168
L/R,24,Ian Happ,664023,S,2024,496,1025,220,21.463414634146343,113.01713719101346,8.478852509731677,116.535404832988,9.576286591620752,109.54105201488282,5.976144782725471,4.704589775443647,3.4610144553719264,0.2160652938296509,36.14150873889168
L/R,25,Mike Yastrzemski,573262,L,2024,378,775,179,23.096774193548384,112.67939112832454,9.882134467685507,117.84213002195355,11.75697410477107,114.48711820501796,6.448414981088757,4.582523252681671,4.249147823505068,0.2935028814560636,36.14150873889168
L/R,26,Matt Olson,621566,L,2024,493,1148,327,28.484320557491287,112.4315524663855,9.907035174655785,117.52754424001292,11.79897216600813,114.15970843374468,6.3347189332173715,4.4929506210186165,4.264326556477226,0.29498386454746955,36.14150873889168
L/R,27,Jazz Chisholm,665862,L,2024,405,842,242,28.741092636579573,111.89757868023138,11.121951862946553,118.78905878683292,14.032053791652382,102.61261886086032,6.790649323398718,4.299964438432335,5.071395947356027,0.37176874315598857,36.14150873889168
L/R,28,Brice Turang,668930,L,2024,489,898,254,28.28507795100223,111.79598046950913,7.75383552420833,114.34194069640373,8.566305301928677,114.9188187269332,5.183393750117414,4.2632453122256,3.095991979296694,0.1806941198348868,36.14150873889168
L/R,29,Jake Cronenworth,630105,L,2024,484,992,231,23.286290322580644,111.4825491632449,8.213413976584102,114.33857488564976,9.198692900490393,115.9738842208639,5.182177295329636,4.149966509281688,3.324546398494544,0.20274879273135726,36.14150873889168
L/R,30,Ketel Marte,606466,S,2024,372,725,157,21.655172413793103,111.2022230057125,9.39703118084515,115.15824822562054,10.963863719409773,110.4124703504432,5.4784196071255415,4.048652406559717,3.9625057642706576,0.2653946641039389,36.14150873889168
L/R,31,Mike Tauchman,643565,L,2024,283,635,148,23.30708661417323,110.85449979781927,10.296626745095553,115.812774393122,12.474029560668056,123.24982591684255,5.714975239151412,3.9229799929918325,4.508302483760777,0.3186403647859037,36.14150873889168
L/R,32,Josh Rojas,668942,L,2024,408,775,163,21.032258064516128,109.82644552453932,8.665582931416068,112.61706840541954,9.847806104016598,111.87707803291028,4.5599988803366465,3.5514256679738097,3.559145703672267,0.22568693414263968,36.14150873889168
L/R,33,Cedric Mullins,656775,L,2024,397,755,207,27.417218543046356,109.54159397040465,10.139403676536014,113.69535766570525,12.197428818022109,112.67040000601564,4.949708887573331,3.448476018643359,4.408334802185553,0.30898377773573305,36.14150873889168
L/R,34,Adley Rutschman,668939,S,2024,456,933,290,31.082529474812432,109.26465762232974,9.441804216864766,112.56317254804657,11.035158926283108,116.76315576271796,4.540520104334293,3.3483870442026977,3.9882729276931945,0.26792968443705,36.14150873889168
L/R,35,Gavin Lux,666158,L,2024,438,873,206,23.596792668957615,108.16982364987935,8.374833545193438,110.28466210766412,9.42717695140849,111.53761557060912,3.717032054406909,2.952697528373184,3.407123981724082,0.210796414198918,36.14150873889168
L/R,36,David Hamilton,666152,L,2024,269,490,107,21.836734693877553,107.69369191344231,9.992489221380572,110.88440399705291,11.944116383317045,,3.9337878217711553,2.780616335240153,4.3167838664599225,0.3000946327212659,36.14150873889168
L/R,37,Patrick Bailey,672275,S,2024,350,680,173,25.441176470588232,107.68068341279253,9.444461591673994,110.40157243135073,11.039402099230843,112.1422355939785,3.7592852092587736,2.7759148668410174,3.989806474414906,0.26808052208876487,36.14150873889168
L/R,38,Corbin Carroll,682998,L,2024,477,981,230,23.44546381243629,107.32298832251854,8.445885808854422,109.25260195789619,9.528866855287653,105.86317483415556,3.344029945187914,2.646638464531053,3.4438762472211404,0.21438838944146946,36.14150873889168
L/R,39,Carlos Santana,467793,S,2024,430,916,226,24.67248908296943,107.12537647803312,10.146092470973716,110.20461636984001,12.209078330129113,112.47686806887084,3.688102317076098,2.575218562487272,4.412545111621744,0.3093915750250059,36.14150873889168
L/R,40,Richie Palacios,680700,L,2024,289,579,137,23.661485319516405,106.9681765264671,10.028778142519025,109.87784457775719,12.00623647962237,113.18173014346388,3.5700020612842516,2.5184041282545087,4.33923500649472,0.3022782497538726,36.14150873889168
L/R,41,Shohei Ohtani,660271,L,2024,472,978,266,27.198364008179958,106.54091144478853,9.785888268420672,109.08240878790836,11.595872296785812,117.38539250457208,3.282519565783766,2.3639840814214126,4.190923199493564,0.2878136298460598,36.14150873889168
L/R,42,Charlie Blackmon,453568,L,2024,385,756,229,30.29100529100529,106.53696422366856,10.235656132729893,109.42547212041744,12.366070250291298,114.98732704585431,3.4065078300824676,2.362557496155397,4.4692843601665135,0.31487793289404886,36.14150873889168
L/R,43,Will Brennan,686823,L,2024,316,545,187,34.31192660550459,106.39122401102114,10.529419211728968,109.45912480295299,12.894671777636836,,3.4186704172819224,2.309884784465348,4.660328927366017,0.333211272096609,36.14150873889168
L/R,44,Ryan O'Hearn,656811,L,2024,448,888,227,25.563063063063062,106.19920035107191,8.632445346799985,107.91554933052085,9.799252491786064,107.27180660614977,2.8607989530214737,2.2404845366240567,3.5415976956649207,0.2239641601635757,36.14150873889168
L/R,45,Dominic Smith,642086,L,2024,257,516,143,27.71317829457364,106.14755903672696,12.229350678179191,110.96117820143293,16.482376048162504,114.6410612669438,3.9615351775563714,2.221820586487201,5.95697937982364,0.44948753060856483,36.14150873889168
L/R,46,Nicky Lopez,670032,L,2024,381,702,185,26.353276353276357,105.81566042165116,8.755966116782034,107.48145524754894,9.981067894884681,100.4382875375677,2.7039108020891693,2.1018674195153206,3.6073085254644592,0.2304193757292741,36.14150873889168
L/R,47,Riley Greene,682985,L,2024,429,946,209,22.093023255813954,105.63999007380247,10.256062086138229,108.13070618629727,12.402103442781604,106.67156033743647,2.9385598868542346,2.038377505395941,4.4823072995793,0.3161346748585342,36.14150873889168
L/R,48,Alec Burleson,676475,L,2024,451,829,287,34.62002412545235,105.39160838449317,9.762791696461505,107.454917294511,11.557498328409444,104.05650315034532,2.694319585472843,1.9486086154484128,4.177054268359359,0.286456642450803,36.14150873889168
L/R,49,Bryson Stott,681082,L,2024,441,901,268,29.74472807991121,105.34687168025526,8.531387152810774,106.77343027555057,9.652169238770789,114.10127236642992,2.4480198949608454,1.932440095576782,3.488439588922959,0.2187510530146077,36.14150873889168
L/R,50,Blake Perkins,663368,S,2024,274,576,135,23.4375,104.75918183162705,9.96397229099342,106.6759814060004,11.895503842733676,112.27065681651032,2.412800403256422,1.7200401175772322,4.299214560856787,0.2983842347789059,36.14150873889168
L/R,51,Josh Smith,669701,L,2024,448,851,222,26.08695652173913,104.47676648885061,7.933967791547604,105.46252057506409,8.811100021126972,104.95939067492564,1.9742373510005438,1.6179709517877197,3.184464484128091,0.1891871859008663,36.14150873889168
L/R,52,Adam Frazier,624428,L,2024,260,527,145,27.514231499051235,104.17848691004532,10.01470609845685,105.87273185699794,11.982113098041093,,2.1224938973085865,1.5101682117474766,4.3305164524324065,0.3014305515629553,36.14150873889168
L/R,53,Michael Busch,683737,L,2024,466,1019,242,23.748773307163887,104.02440393288389,8.366877374910896,105.02957664733074,9.41583323700872,114.01748429518352,1.8177648835242952,1.454480299091532,3.4030241921929734,0.2103960873120278,36.14150873889168
L/R,54,Wilyer Abreu,677800,L,2024,383,785,212,27.006369426751593,103.70951697313643,10.04451660714493,105.21416875729152,12.033268741577011,101.4521613007452,1.8844792570770716,1.3406754010167732,4.349004873811376,0.30322774298935357,36.14150873889168
L/R,55,Wenceel Pérez,672761,S,2024,326,672,189,28.125,103.32891448064278,10.464577910190535,104.83836081177107,12.77612920538407,110.0404195420723,1.7486565956053501,1.20311991793174,4.6174858532559755,0.3291200061779016,36.14150873889168
L/R,56,Corey Seager,608369,L,2024,371,695,189,27.194244604316548,103.13186766563491,9.345040547611967,104.1567077360811,10.8815358932308,97.69561436493994,1.50229688968594,1.1319042260659646,3.932751245777645,0.2624661079640695,36.14150873889168
L/R,57,Lawrence Butler,671732,L,2024,362,766,200,26.109660574412537,103.05580161991762,10.651390299938491,104.50644754071534,13.120657219495504,101.52866391065096,1.6286981317412035,1.104412809505717,4.7420034755839895,0.34097571506049523,36.14150873889168
L/R,58,Michael Conforto,624424,L,2024,380,784,188,23.97959183673469,102.81025156161968,9.739795537592322,103.83049813017395,11.519399664629189,111.8398021647282,1.384399816459902,1.015667313727618,4.163284836459817,0.28510874025582206,36.14150873889168
L/R,59,JJ Bleday,668709,L,2024,518,1048,251,23.950381679389313,102.63125780194673,7.843709309299103,103.17099081057218,8.68796300193339,100.55586221819216,1.1460439209123954,0.950976268433348,3.1399609075754324,0.18490720391482865,36.14150873889168
L/R,60,TJ Friedl,670770,L,2024,258,482,108,22.40663900414938,101.76103689700598,9.376153652553425,102.30290746042508,10.930744823225464,100.52628210537785,0.8323055010581147,0.6364653040265245,3.9505360955119806,0.26421671130614155,36.14150873889168
L/R,61,Kyle Schwarber,656941,L,2024,442,983,218,22.177009155645983,101.52038040335444,9.815761725983522,102.03735810660616,11.645668978732859,110.6620248662498,0.736331958141587,0.549488416342743,4.208920471651133,0.28957353382084017,36.14150873889168
L/R,62,Masataka Yoshida,807799,L,2024,310,587,160,27.2572402044293,101.33440599263263,9.651095493653404,101.75519539545593,11.373446744005633,106.5000437301169,0.6343540972333296,0.48227445843961325,4.110535248897987,0.27993943174895325,36.14150873889168
L/R,63,Andrés Giménez,665926,L,2024,462,843,312,37.01067615658363,101.31429967911191,9.055899960733301,101.66175825455565,10.43236998789996,95.03609618594078,0.6005845047894856,0.47500773338145763,3.7704159108503776,0.24647568577233667,36.14150873889168
L/R,64,Oswaldo Cabrera,665828,S,2024,242,516,149,28.875968992248062,100.28374291492247,11.76725552704465,100.30633296617415,15.400278567846103,99.67692930571684,0.11071335573993588,0.10254897039269152,5.5658930244117615,0.4161608478750527,36.14150873889168
L/R,65,Cal Raleigh,663728,S,2024,451,975,308,31.58974358974359,99.71658251302978,10.019111876372067,99.4852383535115,11.98966109856356,99.15456473373824,-0.18604262545009967,-0.10243135582088775,4.333244413700846,0.30169582708397213,36.14150873889168
L/R,66,Jorge Polanco,593871,S,2024,338,732,172,23.497267759562842,99.11361099663576,10.223170161452868,98.59225087522778,12.344071119999148,100.9043543793585,-0.508781772951222,-0.3203543591114631,4.461333542569496,0.31411019337272145,36.14150873889168
L/R,67,LaMonte Wade,664774,L,2024,353,771,161,20.881971465629054,98.49907238455528,9.560521932218984,97.83511712736205,11.226016571518567,106.98697845328785,-0.7824213326012116,-0.5424578853003933,4.057251760224811,0.27470973838126705,36.14150873889168
L/R,68,Ozzie Albies,645277,S,2024,292,621,211,33.97745571658615,97.74261416859405,10.639011050129199,96.44881602731935,13.097539188722696,100.92539391377532,-1.2834514658204987,-0.8158532975280856,4.733648270471975,0.34018359862130115,36.14150873889168
L/R,69,Alex Verdugo,657077,L,2024,429,738,204,27.64227642276423,97.50200932959086,7.814603629976747,96.88381107749996,8.648460929462784,107.37155941416113,-1.1262376917457275,-0.9028115164426165,3.1256842626014247,0.18353747835632273,36.14150873889168
L/R,70,Brandon Marsh,669016,L,2024,389,887,212,23.900789177001126,96.8034487391514,9.96484978185861,95.33645364937557,11.896997042782921,102.90896087908057,-1.68547601185319,-1.1552818532827476,4.299754225883074,0.29843679232560993,36.14150873889168
L/R,71,Jake Bauers,641343,L,2024,311,645,128,19.844961240310077,96.75000802927912,9.624712662405596,95.3988132476907,11.330336862846066,102.67554284931254,-1.6629383121785917,-1.174596132111367,4.094954687431376,0.2784110042387178,36.14150873889168
L/R,72,Jack Suwinski,669261,L,2024,237,464,100,21.551724137931032,96.05085067576522,9.734224950474994,94.37803155761816,11.510186847385016,,-2.0318642159011664,-1.4272821481301934,4.159955185310416,0.284782702838602,36.14150873889168
L/R,73,José Ramírez,608070,S,2024,497,1096,339,30.930656934306572,95.94117718285307,9.6303657159648,94.27520113190687,11.339562490763237,103.7237996847788,-2.0690286831958495,-1.4669198031552861,4.098288968551278,0.27873814845150746,36.14150873889168
L/R,74,Austin Wells,669224,L,2024,338,668,177,26.497005988023954,95.82862987624509,9.253163605291123,94.29594084018545,10.737235007171337,102.43546622418702,-2.061533039715928,-1.507596097808396,3.8805987284321657,0.25733054101620356,36.14150873889168
L/R,75,Gavin Sheets,657757,L,2024,408,940,311,33.08510638297872,95.48637193606446,10.417640931699532,93.17948251018584,12.690991988941311,100.46106937423087,-2.46503792461882,-1.6312932811683316,4.586715978735267,0.3261742104849699,36.14150873889168
L/R,76,Yordan Álvarez,670541,L,2024,415,827,238,28.778718258766627,95.440117514747,9.547174258385514,93.62456183168912,11.204424532072741,102.8807544685012,-2.304179542742713,-1.648010326890905,4.049448071401593,0.2739432161340994,36.14150873889168
L/R,77,MJ Melendez,669004,L,2024,376,837,239,28.55436081242533,95.35500185050319,10.090709211633234,93.19554919452796,12.112929481905926,99.47969992767251,-2.4592311824932627,-1.6787724121217464,4.377795467238817,0.3060231162434985,36.14150873889168
L/R,78,Kyle Isbel,664728,L,2024,358,655,207,31.603053435114504,94.73020250899359,9.71623287751338,92.54286920166173,11.480473924789775,92.2511367941759,-2.695119579152011,-1.90458432073398,4.149216486794077,0.2837309301654039,36.14150873889168
L/R,79,Jeff McNeil,643446,L,2024,353,613,194,31.64763458401305,93.8844613532676,9.290921073017937,91.65376625354607,10.796354815464737,96.394532716699,-3.0164547988429735,-2.210247934439088,3.9019655191129403,0.2594348965322671,36.14150873889168
L/R,80,Vinnie Pasquantino,686469,L,2024,435,875,263,30.057142857142853,93.7812541719784,8.53745103110518,91.96612064685482,9.66095331329054,96.42615925266117,-2.9035652084889785,-2.2475485668838875,3.4916142859831454,0.21906212814257492,36.14150873889168
L/R,81,Jackson Merrill,701538,L,2024,437,830,295,35.54216867469879,93.44942990709374,9.956522870363626,90.5625600922838,11.882834138661032,99.83847011919438,-3.4108331689749027,-2.367474862574938,4.294635538652181,0.2979382361970343,36.14150873889168
L/R,82,Luis García,671277,L,2024,414,770,278,36.103896103896105,93.31692294734646,10.084515571024498,90.26414336880316,12.102220399720014,99.76476185955246,-3.5186854751699714,-2.415364877011646,4.373925043364741,0.30564755978531816,36.14150873889168
L/R,83,Elly De La Cruz,682829,S,2024,477,971,252,25.952626158599383,93.26084683216907,8.305681625610942,91.43223814925412,9.328868521923399,91.19387934037044,-3.0965183980147497,-2.435631631078912,3.3715938320906607,0.2073296480222299,36.14150873889168
L/R,84,Kerry Carpenter,681481,L,2024,261,512,165,32.2265625,93.25813663801877,12.994323930145843,86.05181003202836,18.515753555663316,,-5.041086296191682,-2.4366111361345832,6.691872689391704,0.5074791793531084,36.14150873889168
L/R,85,Anthony Santander,623993,S,2024,485,1094,394,36.0146252285192,93.20392304463176,10.587524563115686,89.62300977831515,13.001833110072203,98.7928893386252,-3.7504008278041643,-2.456204746726214,4.699058649692858,0.33689899301266324,36.14150873889168
L/R,86,Parker Meadows,678009,L,2024,235,493,124,25.15212981744422,93.17062718569984,10.601985545039561,89.55794510821782,13.02864212206855,,-3.773916181233322,-2.4682383724917845,4.7087478311063276,0.337819929225346,36.14150873889168
L/R,87,Josh Lowe,666139,L,2024,336,736,236,32.065217391304344,93.07203253026897,11.852778464982624,87.8248848276132,15.593494091806283,94.12591574053778,-4.4002703139983,-2.5038719685004107,5.635724029888726,0.42223204006259335,36.14150873889168
L/R,88,Luis Rengifo,650859,S,2024,251,468,157,33.547008547008545,92.64863067550003,10.657984191576322,88.70726294023851,13.13298822351684,,-4.081365551313756,-2.656895786842358,4.746460086479954,0.3413980172748078,36.14150873889168
L/R,89,Will Benson,666181,L,2024,317,648,142,21.91358024691358,92.32437871475531,9.007194690984813,89.76804763012366,10.358104351685263,99.3209018383765,-3.69798195991809,-2.7740853375709404,3.743575189447849,0.24383157916323173,36.14150873889168
L/R,90,Brandon Lowe,664040,L,2024,349,702,221,31.48148148148148,92.04983779654917,10.100434151129216,88.42284699640925,12.129761897749775,95.58177380175668,-4.184157764507614,-2.8733085675162444,4.383878956281988,0.30661326116141124,36.14150873889168
L/R,91,Oneil Cruz,665833,L,2024,441,985,305,30.96446700507614,91.97003268026943,9.887952765918644,88.52366210735697,11.766775542664481,93.42432200484588,-4.147721662374316,-2.9021513405905717,4.252690211037852,0.2938485942206859,36.14150873889168
L/R,92,Bryan Reynolds,668804,S,2024,486,1005,287,28.557213930348258,91.28227758669794,9.664770945389169,87.78133072984977,11.395846709930174,92.8978777450798,-4.416011422047619,-3.1507164078358816,4.118630934540114,0.2807333334380913,36.14150873889168
L/R,93,Josh Bell,605137,S,2024,404,771,204,26.459143968871597,91.24667656818897,8.650903704252286,88.63336788348353,9.826277939869605,91.90891721241309,-4.108072339708468,-3.163583153051435,3.5513651003457585,0.22492296850582802,36.14150873889168
L/R,94,Jake McCarthy,664983,L,2024,343,629,201,31.955484896661368,90.75514857468617,8.695215622553775,87.96257247920767,9.891361988629386,95.14633387397184,-4.350507919364914,-3.341228785777347,3.5748874575158993,0.2272330842083282,36.14150873889168
L/R,95,Daulton Varsho,662139,L,2024,404,859,227,26.426076833527357,90.66506908344923,9.595201688477967,86.99743248436405,11.282277319356188,99.01127696940974,-4.699324074943858,-3.3737848729746984,4.077585243321111,0.27670631255882744,36.14150873889168
L/R,96,Cody Bellinger,641355,L,2024,397,786,246,31.297709923664126,90.39567697872127,9.482627710542227,86.74551392135596,11.100489251536667,96.79247110461232,-4.790371244408317,-3.471147244046837,4.011884292903856,0.27025158636280766,36.14150873889168
L/R,97,Rowdy Tellez,642133,L,2024,375,719,190,26.425591098748264,89.9688614028092,9.55733073377219,86.07760098407684,11.220851174560929,90.21539668280724,-5.031765057003236,-3.625404832714052,4.055384907831968,0.2745263787304071,36.14150873889168
L/R,98,CJ Abrams,682928,L,2024,413,786,280,35.6234096692112,89.52805911264075,9.181128597599502,85.88944233262464,10.62513596333909,86.82134502682027,-5.099768432460813,-3.7847174309365164,3.84008444270932,0.2533395483917904,36.14150873889168
L/R,99,Leody Taveras,665750,S,2024,427,823,251,30.498177399756987,89.46049279706112,8.899664094658853,86.08907475706198,10.195506362785933,93.63378005596036,-5.0276182623371355,-3.809136916786274,3.684809823080535,0.23804446147889724,36.14150873889168
L/R,100,Ben Rortvedt,666163,L,2024,287,611,173,28.314238952536826,88.97601384093034,11.186077823373216,82.17950561772255,14.16149977050494,91.37040307958692,-6.440595534484503,-3.9842349210543713,5.118179677115169,0.37606812430083925,36.14150873889168
L/R,101,Bo Naylor,666310,L,2024,313,657,179,27.24505327245053,88.891504754941,10.221934266198243,83.69066108865427,12.341895594996132,95.53861998827688,-5.894441147899478,-4.0147777797523645,4.4605472750104145,0.3140342514044689,36.14150873889168
L/R,102,David Peralta,444482,L,2024,236,471,160,33.97027600849257,87.62040601939654,10.377933397805622,81.57468222569364,12.619401869737455,,-6.659187833569499,-4.474172040339107,4.560842229547022,0.32369247959995545,36.14150873889168
L/R,103,Anthony Rizzo,519203,L,2024,278,554,196,35.37906137184115,87.42481488327718,10.98223659990674,80.13130646207902,13.754546478658996,87.22319925534566,-7.180845611311314,-4.544861627892184,4.971100617579459,0.36248700572562886,36.14150873889168
L/R,104,Zach McKinstry,656716,L,2024,292,551,159,28.85662431941924,87.37154309247099,10.262114943611534,81.40690483779377,12.412810802173567,96.15390283691038,-6.719825112879212,-4.564114856821766,4.48617710080965,0.3165079336721391,36.14150873889168
L/R,105,Michael Massey,686681,L,2024,289,569,204,35.85237258347979,87.2851858427521,10.219318745535853,81.35339836495453,12.337292730241646,79.29261937909297,-6.739163159436279,-4.595325669775587,4.458883730242932,0.3138735659667825,36.14150873889168
L/R,106,Colton Cowser,681297,L,2024,414,884,228,25.791855203619914,86.84951648331513,8.721213781007217,82.87788812489667,9.929683584274924,90.69163020048956,-6.188189559623279,-4.752783149389174,3.588737460355014,0.2285939414264013,36.14150873889168
L/R,107,Brayan Rocchio,677587,S,2024,316,641,186,29.017160686427456,86.7503504890246,10.23520855854964,80.54584316016805,12.36528102680716,88.97326958370493,-7.03102579434556,-4.788623235881694,4.468999122892025,0.3148503961832371,36.14150873889168
L/R,108,Jake Cave,595909,L,2024,305,581,197,33.90705679862307,85.94087159605694,10.168480177884943,79.48838788990057,12.24814503930185,84.80804570771957,-7.413206083259151,-5.081181120723084,4.426664409731406,0.31075844799193997,36.14150873889168
L/R,109,Jesús Sánchez,660821,L,2024,420,844,298,35.308056872037916,85.9112267513177,10.714349136844476,78.35704294871373,13.238881423075624,80.27265938570233,-7.8220912140452015,-5.091895214875149,4.784731486452384,0.34501854501725604,36.14150873889168
L/R,110,Trevor Larnach,663616,L,2024,376,762,196,25.72178477690289,85.38312977672925,9.851934124309137,79.25929815248871,11.706214173373223,87.63367226491343,-7.496002570725761,-5.282757429095857,4.2308024184630595,0.2917117009033341,36.14150873889168
L/R,111,Max Kepler,596146,L,2024,317,591,178,30.118443316412858,85.28836237740227,9.639579315269561,79.49014982754609,11.354612296582832,84.43431102741991,-7.412569292411019,-5.317007797005239,4.103728195436753,0.27927175438230917,36.14150873889168
L/R,112,Keibert Ruiz,660688,S,2024,351,630,238,37.77777777777778,84.69703321771813,10.007830227410839,77.99827239094995,11.970341906029711,85.22598308137293,-7.951756306531967,-5.530723076928092,4.326262166042941,0.30101678283481653,36.14150873889168
L/R,113,Jonah Heim,641680,S,2024,374,697,227,32.568149210903876,83.91724936987133,9.803244283864126,77.28296219732906,11.624780895806078,88.2901064461523,-8.210280202669649,-5.8125487244421095,4.201371203334764,0.2888354538107663,36.14150873889168
L/R,114,Jake Fraley,641584,L,2024,326,555,171,30.810810810810814,83.67359446248744,9.092702009077374,78.1920608590656,10.48874598930126,87.3974678856677,-7.881718230392983,-5.900609284086994,3.790791048323465,0.24848304925106215,36.14150873889168
L/R,115,Colt Keith,690993,L,2024,464,872,269,30.84862385321101,83.16847785993826,8.672121669636262,78.17946249187253,9.857405908902123,92.82070068339692,-7.88627147037303,-6.083166045138898,3.5626152179938857,0.2260276531806674,36.14150873889168
L/R,116,Abraham Toro,647351,S,2024,280,531,164,30.88512241054614,83.07158447849827,9.484661674601567,76.70531028886334,11.10375238840165,86.01565019923562,-8.419052317648156,-6.1181847750594445,4.013063639799077,0.2703675333306929,36.14150873889168
L/R,117,Jarren Duran,680776,L,2024,506,965,270,27.979274611398964,83.06949904782425,8.224378692730202,78.68515416524033,9.214103727489372,80.75422096880318,-7.703506870050956,-6.118938481168739,3.3301161038811156,0.20329048388428453,36.14150873889168
L/R,118,Willi Castro,650489,S,2024,471,954,286,29.979035639413,82.88659616249797,8.232920756928007,78.444016217651,9.226120437210087,83.30229830796831,-7.7906577624517395,-6.18504234345262,3.3344591240749546,0.20371298927412093,36.14150873889168
L/R,119,Josh Naylor,647304,L,2024,454,914,299,32.713347921225385,82.66483465105497,10.248691967579287,74.55175182603872,12.38907770565433,81.78624307358595,-9.197380837687058,-6.265190299490292,4.477599601657141,0.31568048243049884,36.14150873889168
L/R,120,Bryce Harper,547180,L,2024,397,919,314,34.16757344940152,82.46647743283626,9.955433237490432,74.92105781789493,11.880981942571076,85.79074625564756,-9.063908080367097,-6.33687959084703,4.293966127040468,0.2978730275822933,36.14150873889168
L/R,121,Jason Heyward,518792,L,2024,234,478,149,31.171548117154813,82.37756902580013,11.661621082971072,70.02176756355577,15.16572943382921,,-10.834585495782752,-6.3690124305456015,5.481123428644052,0.40872264760629345,36.14150873889168
L/R,122,Pete Crow-Armstrong,691718,L,2024,318,560,232,41.42857142857143,82.17063913083011,10.560085890925325,73.0556174126024,12.95111797629064,78.87695877896046,-9.738106387464713,-6.443800016619568,4.680729435185253,0.3351550381340297,36.14150873889168
L/R,123,Jarred Kelenic,672284,L,2024,377,734,213,29.01907356948229,82.00961584184088,9.372440042883888,75.46588257902104,10.924862095528589,80.27389690396194,-8.867000191713059,-6.501996262681262,3.9484099889673296,0.26400745632611405,36.14150873889168
L/R,124,Michael Toglia,669911,S,2024,311,710,207,29.154929577464788,81.5013659772151,11.190411794828021,70.18554996778265,14.170296727477359,97.55075836355776,-10.775392063846327,-6.685685431920395,5.1213590300881116,0.3763595909404213,36.14150873889168
L/R,125,Eddie Rosario,592696,L,2024,286,544,197,36.213235294117645,80.34439231120369,10.57624581921768,70.2624359184184,12.980962318514115,81.49227459415124,-10.747604321278326,-7.103833170528582,4.691515630738015,0.33618158763558365,36.14150873889168
L/R,126,Michael Harris,671739,L,2024,322,586,230,39.249146757679185,77.98418229898563,10.152516264797695,67.9899018219238,12.220276025489854,78.29186051836467,-11.568932430357217,-7.956848678350572,4.416592127669101,0.30978346911764654,36.14150873889168
L/R,127,Nolan Gorman,669357,L,2024,288,586,175,29.86348122866894,73.792449920449,10.514730048119912,60.62512788953792,12.867721636471998,75.90009032223658,-14.230672844730075,-9.471804002250337,4.650588739741782,0.3322822216582268,36.14150873889168
L/R,128,Jeimer Candelario,600869,S,2024,316,601,214,35.60732113144759,73.60905393540864,10.294053137191513,61.15849543167893,12.469454449538425,82.83602517853828,-14.03790576787677,-9.538086078210476,4.506648969572048,0.31848109847537487,36.14150873889168
L/R,129,Seth Brown,664913,L,2024,373,749,223,29.773030707610147,65.37282434384727,9.719614889157478,51.542912387818504,11.486054136110432,68.10068890764505,-17.513122553968973,-12.514783715799808,4.151233259356181,0.28392848580790747,36.14150873889168
L/R,130,Nick Gordon,624503,L,2024,248,467,197,42.184154175588866,64.07295155961074,10.775962881882018,44.67756231429828,13.355647515261746,,-19.994363650745793,-12.984577351709131,4.826932513863894,0.3489980694848319,36.14150873889168
L/R,131,Luke Raley,670042,L,2024,373,666,187,28.07807807807808,62.923934745431,8.751697671764354,51.76171202753978,9.974746783419414,70.44960217244515,-17.434045063058445,-13.39984936401724,3.6050239804118442,0.23019477625227042,36.14150873889168
L/R,132,Mickey Moniak,666160,L,2024,383,710,270,38.028169014084504,54.067275176421916,9.401771432009639,37.358933345134915,10.971394482678447,54.20752812530685,-22.639426579203025,-16.600779756124542,3.9652274957355105,0.26566248372577245,36.14150873889168
