batter,player,game_year,plate_appearances,opportunities,chases,chase_rate,cost_per_chase,cost_per_chase_se,runs_saved_per_600_pa,runs_saved_shrunk,standard_error_per_600_pa,chase_plus,chase_plus_raw,chase_plus_se,chase_plus_posterior_sd,league_chase_cost_per_600_pa,runs_saved_vs_anchor_per_600_pa,runs_saved_vs_anchor_shrunk,runs_saved_count_only_per_600_pa,shrinkage_factor,chase_rate_rank,value_rank,rank_gap,total_cost,expected_cost,expected_cost_anchor,mean_runs_saved,standard_deviation,scale_to_600_pa
650402,Gleyber Torres,2025,627,1331,229,17.20510894064613,0.11624305968112433,0.015717670649631532,21.676691760504916,17.55347545699475,3.705902096843634,147.35911207010136,158.4835109668107,9.998489082986946,8.940002806221102,37.06462112510037,19.432726499155482,15.309510195645316,21.385854542227438,0.20052192749437275,2.0,1.0,1.0,26.619660666977474,49.27180355670511,46.92685985859495,0.01701889022518981,0.10615029478882339,1273.6842105263158
672580,Maikel García,2025,669,1210,253,20.909090909090907,0.05745611169665282,0.01910038591717884,20.903377003797402,15.839602379733943,4.339312487864713,142.73509858976348,156.39711500960553,11.707424374361418,10.099056763210843,37.06462112510037,19.200581820448008,14.136807196384549,22.22865508348218,0.2558869788373004,25.0,2.0,23.0,14.536396259253165,37.84366161848727,35.9450449890527,0.019262202776226534,0.139092306355124,1085.201793721973
670623,Isaac Paredes,2025,439,963,207,21.49532710280374,0.08589947451648247,0.01820275630232367,22.761553648938698,15.583865155875534,5.211712001318742,142.0451219595013,161.4104581620138,14.06115007550783,11.496015115837858,37.06462112510037,20.640198379201998,13.462509886138834,22.193235838047006,0.33157456815540437,29.0,3.0,26.0,17.781191224911872,34.43506131138535,32.882936372361335,0.01729373840755294,0.12287981106386783,1316.1731207289295
672695,Geraldo Perdomo,2025,720,1339,255,19.04406273338312,0.08742277067883365,0.016737011655910617,18.46645936180102,15.135490850053195,3.6066885784573923,140.83541228970867,149.82233407829287,9.730811941349975,8.747115338050337,37.06462112510037,16.925001556454774,13.594033044706947,18.830591802246545,0.19196244220822842,9.0,4.0,5.0,22.29280652310258,44.45255775726381,42.60280839084831,0.016549478143510998,0.11827680979910614,1115.8333333333333
665742,Juan Soto,2025,707,1499,238,15.877251501000666,0.12983506289429372,0.01912519610403033,18.13014204214585,14.185734442002254,4.06485508459528,138.27297841281748,148.9149531056936,10.96694087570893,9.612149498616319,37.06462112510037,16.012202891302596,12.067795291159001,19.215760379384353,0.23180755910512787,1.0,5.0,-4.0,30.90074496884191,52.26409567517044,49.768457375760136,0.01425173496085959,0.12371216699197109,1272.1357850070722
663757,Trent Grisham,2025,582,1122,194,17.290552584670234,0.11418407122624558,0.020752081786873846,17.946074205843065,13.78140933498263,4.242941589081145,137.18211306805935,148.41833981054748,11.447416593738767,9.930735697274727,37.06462112510037,15.859864222011888,11.695199351151453,17.890892382870774,0.24742832051581068,3.0,6.0,-3.0,22.151709817891643,39.55940179755941,37.535778113243175,0.015514876987226178,0.12286900995222008,1156.701030927835
669257,Will Smith,2025,438,922,179,19.414316702819956,0.12093301373503895,0.015454846082676643,17.78828248235612,13.381194746022365,4.435313222936894,136.10233786245436,147.99261922121684,11.966433456764175,10.26390245951956,37.06462112510037,15.644834069516135,11.237746333182379,17.21856154045298,0.264308781583406,11.0,7.0,4.0,21.647009458571972,34.63245567069194,33.06773832931875,0.014083998060867646,0.10663056117823222,1263.0136986301368
663656,Kyle Tucker,2025,591,1108,195,17.59927797833935,0.1153974961433512,0.014585900505368515,15.340883182407946,13.137386791122752,3.1678450937133187,135.4445462879048,141.3895588751048,8.54681633739414,7.857097470271504,37.06462112510037,13.417621876103615,11.214125484818421,15.880893000074183,0.15488552845333262,4.0,8.0,-4.0,22.502511747953484,37.61328168262531,35.718869295915546,0.013637879002411398,0.09374115212737436,1124.8730964467004
673548,Seiya Suzuki,2025,651,1305,267,20.45977011494253,0.10321531344966554,0.016637632922503084,16.72106396507709,12.880880265330743,4.227334494859485,134.75249408824453,145.11327367583286,11.40530879997775,9.903207551557585,37.06462112510037,14.739501065877215,10.89931736613087,16.66002915251308,0.2460584718688926,20.0,9.0,11.0,27.5584886910607,45.70084309316935,43.55084734753748,0.013902187281309306,0.12696706948874756,1202.7649769585253
543807,George Springer,2025,583,1119,231,20.64343163538874,0.09217534474784651,0.015301088165150604,15.34960898498054,12.349149797168016,3.824070985901169,133.3178902746293,141.41310100856717,10.317307636827525,9.165722106965248,37.06462112510037,13.572660005530032,10.572200817717508,16.014805670950818,0.2107754047929984,22.0,10.0,12.0,21.292504636752543,36.207208033825296,34.48060594212589,0.013328599997384054,0.11107803965495965,1151.629502572899
678246,Miguel Vargas,2025,570,1121,242,21.587867975022302,0.10085872822769953,0.016912232859107472,15.526367481486652,11.723918570858292,4.429936427527431,131.63102229289694,141.88999377352897,11.951926913202554,10.254744135339774,37.06462112510037,13.435542603468864,9.633093692840504,15.227348302582046,0.2638373146007115,30.0,11.0,19.0,24.407812231103286,39.15786133851561,37.17157770439871,0.013157938543632756,0.12569508409119676,1180.0
672386,Alejandro Kirk,2025,505,993,288,29.003021148036257,0.06243987005194572,0.01469926998893022,16.380791513589546,11.58064982806058,5.011238611128361,131.2444845691896,144.19522179466279,13.520274749914337,11.19473225958506,37.06462112510037,14.588278834138709,9.788137148609742,16.652331783801635,0.314422765113412,157.0,12.0,145.0,17.982682574960368,31.769848765564905,30.26115059369378,0.013884356687416452,0.13384759920274356,1179.8019801980197
663697,Jonathan India,2025,563,1049,199,18.970448045757866,0.12811572564838228,0.01428361867966627,13.486982440164741,11.345170522166537,3.3857121686162497,130.60916361150532,136.38775206859265,9.134619661128617,8.306440107040887,37.06462112510037,11.386294057884333,9.244482139886129,11.726818132476344,0.1731077199781844,8.0,13.0,-5.0,25.495029404028074,38.15031459371599,36.17916866167621,0.012064142220865506,0.09808880300656517,1117.9396092362344
681082,Bryson Stott,2025,563,1163,272,23.387790197764403,0.10054543196162667,0.015543820203390436,14.700698134246414,11.120320304029853,4.4263870742897105,130.00251983285244,139.6623456223353,11.942350791472506,10.248693680027955,37.06462112510037,12.6271785603855,9.04680073016894,14.227258990426654,0.2635260703747666,54.0,14.0,40.0,27.348357493562453,41.14251257619701,39.19686004272418,0.011860838420150089,0.12179141496495631,1239.4316163410301
680757,Steven Kwan,2025,693,1298,295,22.727272727272727,0.09140956628176447,0.013427201759934351,13.411321513758812,11.109941798901293,3.5506220577299636,129.97451872340218,136.18361959911306,9.579544994527037,8.636750554261363,37.06462112510037,11.488665564284023,9.187285849426504,12.876379339114033,0.18714891489885982,46.0,15.0,31.0,26.96582205312052,42.455898401511945,40.235230779868566,0.011933803041904027,0.11382799463506614,1123.8095238095239
686555,Isaac Collins,2025,442,826,152,18.401937046004843,0.1250961063730267,0.017356643452047595,13.810795899920013,10.932628042505632,4.006405720905101,129.49612787246863,137.26139774451184,10.809245040931877,9.505442517428405,37.06462112510037,12.068243997548754,9.190076140134373,14.386589174215816,0.2266894141336034,7.0,16.0,-9.0,19.014608168700057,29.1885611483078,27.904881246894305,0.012317134357878623,0.10269183696566263,1121.2669683257918
502054,Tommy Pham,2025,447,742,147,19.81132075471698,0.09020493934036979,0.01879461404096475,13.62370383776558,10.918577188716762,3.886884601420821,129.45821880079234,136.75662511639578,10.48677818208858,9.283926772343177,37.06462112510037,11.940422291462431,9.235295642413613,13.734583865261175,0.2162469410778004,13.0,17.0,-4.0,13.260126083034358,23.409785442169717,22.155740690173868,0.01367878619829563,0.10630555692851779,995.973154362416
664023,Ian Happ,2025,663,1270,262,20.629921259842522,0.11120998948553758,0.01646301072491832,13.787634978740149,10.866763134214503,4.049624220275739,129.31842496794192,137.19890979649887,10.925848146693479,9.584445937604059,37.06462112510037,11.766593081061913,8.845721236536267,12.887127799800094,0.2304732809694162,21.0,18.0,3.0,29.137017245210846,44.37235389671871,42.13910259978426,0.011996328072053437,0.1255668914176638,1149.3212669683257
606466,Ketel Marte,2025,548,1068,267,25.0,0.07694482723331597,0.01656810258062465,15.201108527113771,10.83082667487778,4.962663520481767,129.22146873786087,141.01244816669526,13.38921961115373,11.119997405316388,37.06462112510037,13.455592316107206,9.085310463871215,15.353778862101114,0.31023867160125945,83.0,19.0,64.0,20.544268871295365,34.42794799272595,32.83370985333995,0.01299969955190129,0.13869426769380622,1169.3430656934306
666158,Gavin Lux,2025,505,1001,196,19.58041958041958,0.12290325124313332,0.013420423019800096,12.344373933067116,10.275194507545397,3.5167842464253067,127.72237836416727,133.30500503809935,9.488250897143855,8.569666506346053,37.06462112510037,10.481581789243338,8.412402363721618,12.05604415555714,0.18425293017797256,12.0,20.0,-8.0,24.089037243654133,34.47888530398562,32.91103524960061,0.01037946859173975,0.09355539016586283,1189.3069306930693
689414,Liam Hicks,2025,391,718,127,17.68802228412256,0.1305725598571012,0.021354835115308463,13.103557642596336,10.072437285348595,4.304357242353027,127.17534128125077,135.35327556261603,11.613115449973106,10.038333810479513,37.06462112510037,11.00750580562423,7.97638544837649,11.901079612607186,0.2528190686938323,5.0,21.0,-16.0,16.582715101851853,25.12186683227713,23.755939718516977,0.011892968983879218,0.1046818992668463,1101.7902813299233
650333,Luis Arráez,2025,677,1138,388,34.09490333919156,0.046653015585143946,0.015092296042747004,14.317099458079253,10.043524424046602,5.1192267923749,127.09733465276156,138.62739999353084,13.811625849611424,11.358445315764445,37.06462112510037,12.917088582344842,8.64351354831219,14.251220604821944,0.3236863186480248,225.0,22.0,203.0,18.10137004703585,34.25583060223527,32.67615166411495,0.014195483791915136,0.17122637302180652,1008.5672082717873
672515,Gabriel Moreno,2025,309,620,163,26.29032258064516,0.07777869133987171,0.01866413253083515,15.908028596713457,9.910620103392077,6.110079547755188,126.73876004274207,142.91971188109744,16.48493728597001,12.711572581609339,37.06462112510037,13.841273504905576,7.843865011584196,15.212046404768069,0.4054012873681355,108.0,23.0,85.0,12.67792668839909,20.870561415706522,19.80618254342546,0.013213926979528114,0.12637415034263674,1203.883495145631
573262,Mike Yastrzemski,2025,554,1131,251,22.192749778956674,0.10890771868877124,0.013991607286663392,11.96885470040599,9.542239728000766,3.9705919350338874,125.74487324663008,132.2918576720608,10.712619782709664,9.439534204787432,37.06462112510037,9.7880150731358,7.361400100730576,12.308121739257327,0.22355669954547794,37.0,24.0,13.0,27.33583739088158,38.38707989758977,36.37343797507697,0.009771213533782666,0.10901404837115797,1224.9097472924188
660670,Ronald Acuña,2025,407,869,202,23.24510932105869,0.10227864573988696,0.019868144403924988,15.038067842539801,9.516318045319952,5.998768259375236,125.67493678999311,140.5725659296054,16.184620474409314,12.572343499075982,37.06462112510037,12.678129019835445,7.1563792226155964,16.571321891759997,0.39656925073282506,52.0,25.0,27.0,20.660286439457167,30.861109125979997,29.26028395791221,0.011738576164007862,0.13803695023247226,1281.081081081081
663457,Lars Nootbaar,2025,578,1144,251,21.94055944055944,0.10209822817657785,0.0165191738166299,12.430524896543908,9.48224773953849,4.392281832292519,125.58301542469312,133.53743952916298,11.850335168590298,10.190359993725007,37.06462112510037,10.787355936848149,7.8390787798427315,11.160174922210901,0.2605347235700921,35.0,26.0,9.0,25.62665527232104,37.60139425599167,36.01847482481809,0.010467429181530272,0.12509898176640466,1187.5432525951558
571970,Max Muncy,2025,386,830,167,20.12048192771084,0.124688856028055,0.02017844509843083,13.8937180403145,9.453240038266973,5.399766225484297,125.50475291885604,137.48512090119706,14.568518607701467,11.76834915679396,37.06462112510037,11.952251183488963,7.511773181441436,13.227036932421148,0.347470268970618,18.0,27.0,-9.0,20.823038956685185,29.761330895954178,28.512320551396417,0.01076902643285421,0.12057908007823626,1290.155440414508
621566,Matt Olson,2025,722,1610,403,25.03105590062112,0.11070552812694602,0.013444355326372804,12.28097623876756,9.18521268671444,4.582875547568661,124.78161763939943,133.1339586537708,12.36455522397101,10.511823962220042,37.06462112510037,9.87943203727492,6.783668485221801,12.216484589764892,0.27723159201878317,84.0,28.0,56.0,44.614327835159244,59.392435909142876,56.5025777200134,0.009178949114275548,0.13743934377493805,1337.950138504155
545361,Mike Trout,2025,553,1204,252,20.930232558139537,0.12728766625918894,0.01567388894761825,12.357211990185506,9.179999049973471,4.644272041923223,124.7675512963944,133.339641995739,12.530202389626195,10.613042659922204,37.06462112510037,9.949640092201733,6.772427151989698,11.753417191514878,0.2825962406376609,26.0,29.0,-3.0,32.07649189731561,43.46572228160325,41.24674351562821,0.00945949367465751,0.1233611156586211,1306.3291139240507
694384,Nolan Schanuel,2025,559,1030,251,24.368932038834952,0.084560782502804,0.017039428184492708,11.799756540597057,8.776693125001126,4.647900995316027,123.67943569523634,131.83563242362726,12.539993271827731,10.618990009145856,37.06462112510037,9.912890170526019,6.889826754930088,11.511814005265089,0.28291305260236044,71.0,30.0,41.0,21.224756408203802,32.21819625186006,30.460265750410542,0.01067324256665656,0.13492698430744077,1105.5456171735243
805367,Chase Meidroth,2025,505,960,216,22.5,0.09582516294675605,0.01847307717060603,12.020410107304297,8.759320963610236,4.832895981828296,123.63256576681522,132.43095367610275,13.039108009539133,10.91698045909855,37.06462112510037,10.100285053729054,6.839195910034993,12.583812312979052,0.29901407126123386,42.0,31.0,11.0,20.698235196499308,30.815413703480424,29.199308450054595,0.010538727611438665,0.13128404797284357,1140.5940594059405
646240,Rafael Devers,2025,723,1562,402,25.73623559539053,0.10712384969819612,0.0126184260361756,11.392856141093747,8.711721836296727,4.395837323179403,123.50414376796934,130.73781896391338,11.859927849640195,10.196457879482383,37.06462112510037,9.337897648562945,6.656763343765926,11.613482697633504,0.2608466235071823,97.0,32.0,65.0,43.06378757867484,56.79217922869281,54.31595424519319,0.008788983130613293,0.13402571853967918,1296.265560165975
608324,Alex Bregman,2025,491,915,184,20.10928961748634,0.11663310616708075,0.017239247246810162,10.962390973409576,8.677658581643206,4.067014941697915,123.41224142654636,129.5764279807673,10.97276814990484,9.61607224521146,37.06462112510037,9.174541101169687,6.889808709403317,11.11955902735642,0.23199680041101883,17.0,33.0,-16.0,21.460491534742857,30.431381481316357,28.96832433586672,0.009804251307730603,0.11002603501343282,1118.1262729124237
542303,Marcell Ozuna,2025,590,1371,308,22.465353756382203,0.12658380415096906,0.013375329524497655,11.390173695904645,8.666003690523793,4.444368650690793,123.38079663966975,130.73058175196388,11.990864915872676,10.279306730870996,37.06462112510037,9.071122073877914,6.346952068497062,13.23750726384572,0.2651027368047948,41.0,34.0,7.0,38.987811678498474,50.18814914613804,47.907748384478424,0.008169465694850159,0.11802991908826171,1394.2372881355932
702616,Jackson Holliday,2025,645,1120,250,22.321428571428573,0.10502118402674843,0.01413572428153188,10.240188117579759,8.608425523852969,3.4528955507179004,123.22545128627604,127.6279314525221,9.315879795624243,8.442030937926853,37.06462112510037,8.704953831380665,7.073191237653875,9.880777190796222,0.17880532119596995,38.0,35.0,3.0,26.255296006687107,37.26349823308534,35.61312137542132,0.009828751987855572,0.11091311283265205,1041.860465116279
656716,Zach McKinstry,2025,510,969,259,26.72858617131063,0.08537062846170272,0.015292429228618372,11.014607430049718,8.1524087924496,4.718862019453637,121.99512242397844,129.7173074908098,12.731445449088906,10.734495105123461,37.06462112510037,9.260513437657519,6.398314800057401,9.621456480267739,0.28910114047590624,113.0,36.0,77.0,22.110992771581007,31.473409087123265,29.982429193589898,0.009661936342148876,0.12885293515860433,1140.0
607043,Brandon Nimmo,2025,649,1177,289,24.55395072217502,0.09641509934309465,0.01457446125788459,10.19560034352545,8.098328218169877,4.054989872145289,121.8492135420363,127.50763405651253,10.940324625088984,9.594213799672827,37.06462112510037,8.408644101355552,6.311371975999979,9.448749355674975,0.23094328797661484,74.0,37.0,37.0,27.863963710154355,38.892204748401056,36.959313746453944,0.00936978847769473,0.12784830920076293,1088.135593220339
669364,Xavier Edwards,2025,616,1054,277,26.280834914611006,0.08703576219639987,0.014146295129420254,9.652894379684144,7.777077775920585,3.926294339412814,120.98248286329819,126.04341845854495,10.593105285390074,9.357459823790421,37.06462112510037,8.07968729142608,6.203870687662521,9.32983898166207,0.2196860613335774,107.0,38.0,69.0,24.108906128402765,34.01921102487849,32.40405174760021,0.00940256631544186,0.12416294649952055,1026.6233766233768
664761,Alec Bohm,2025,499,825,218,26.424242424242422,0.08502769793170158,0.02077242967794708,11.32861736035437,7.715054936628612,5.475027406257494,120.81514582487917,130.56450333626253,14.771572567214978,11.874605878620285,37.06462112510037,9.559854641888949,5.946292218163191,10.3532065995227,0.35377323156513324,110.0,39.0,71.0,18.536038149110944,27.957671587138996,26.486650592948585,0.011420161743064304,0.15852896288335994,991.9839679358718
683737,Michael Busch,2025,589,1101,255,23.160762942779293,0.11485025118469984,0.015024692972148118,9.620600260461524,7.64678746951944,4.06751345359968,120.63096083920576,125.95628922791389,10.974113130338022,9.616977439875189,37.06462112510037,7.718246793824068,5.7444340028819845,9.028667496522417,0.23204047981452247,51.0,40.0,11.0,29.28681405209846,38.731036641118195,36.86355965470242,0.008577858845612834,0.1203370561530583,1121.5619694397283
671289,Tyler Freeman,2025,427,779,199,25.54557124518614,0.09127920161706697,0.015787575125116835,9.809250838138167,7.511152140763651,4.435233334388235,120.26501799495546,126.46526671628456,11.966217918209527,10.263766449336313,37.06462112510037,8.362165677969243,6.064066980594726,9.921035376959471,0.26430177675307454,92.0,41.0,51.0,18.16456112179633,25.145477968271322,24.115635695951106,0.00896138234464056,0.11309004281492278,1094.6135831381732
680977,Brendan Donovan,2025,511,914,228,24.945295404814004,0.08849945872391018,0.01901142414356808,10.536659057133004,7.494784031945806,5.109273587440087,120.2208569909549,128.4278072655045,13.784772196093103,11.343495508721888,37.06462112510037,8.898418849966438,5.85654382477924,10.636998347059398,0.32283481770185907,81.0,42.0,39.0,20.17787658905152,29.15159788604313,27.75636330960627,0.009818075817277472,0.14393145326550594,1073.1898238747553
643565,Mike Tauchman,2025,383,745,178,23.89261744966443,0.11455091354725783,0.0166965813908427,10.525344701503316,7.47439277383374,5.125086997493187,120.16584156790972,128.39728124018376,13.827436628031384,11.367234207561486,37.06462112510037,8.688647075345177,5.6376951476756005,9.208541253561137,0.32418743382490106,63.0,43.0,20.0,20.390062611411892,27.10874097920484,25.936315661173897,0.009018360225225437,0.11985899422633828,1167.1018276762402
700337,Edgar Quero,2025,404,703,135,19.203413940256045,0.12608410288762478,0.02065525115019752,9.523649119316474,7.270774480285407,4.47628493058171,119.61648132256664,125.69471595884465,12.07697473953226,10.333401048559766,37.06462112510037,8.05325081691115,5.800376177880084,8.171318112424924,0.2679002571523086,10.0,44.0,-34.0,17.021353889829346,23.433944296835772,22.44387610654952,0.009121750223337732,0.11367636432958257,1044.0594059405942
686217,Sal Frelick,2025,594,1076,282,26.20817843866171,0.08742617071345173,0.01409408976917961,9.036180002562263,7.175991013949946,4.099178901039564,119.36075641979333,124.37952885600363,11.059546210398402,9.674317174392026,37.06462112510037,7.462076787342574,5.601887798730257,8.717773655308424,0.2348157394025185,106.0,45.0,61.0,24.654180141193386,33.59999834373003,32.041636160662534,0.00831395743730171,0.12371601758728604,1086.8686868686868
666018,Jonathan Aranda,2025,415,824,233,28.276699029126213,0.09056457604171261,0.015041048039760344,10.158748171842172,7.1424011163250665,5.234384485504237,119.2701311911919,127.40820724311305,14.122320225093254,11.52937151807248,37.06462112510037,8.147981933383758,5.131634877866652,10.841197636237823,0.3335015281304163,141.0,46.0,95.0,21.10154621771904,28.12801370324321,26.737233721642806,0.00852726636592739,0.12612432661890483,1191.3253012048192
701762,Nick Kurtz,2025,488,969,217,22.39422084623323,0.10037506576142893,0.018253640405129556,9.820414756199597,7.094073985153194,4.996465645351682,119.13974504476735,126.49538686245779,13.48041742687084,11.172075570011947,37.06462112510037,8.099192818795567,5.372852047749165,11.226610434515319,0.3131513510205287,40.0,47.0,-7.0,21.78138927023008,29.76865993860575,28.368732762850474,0.008242797387384595,0.1305478094000845,1191.3934426229507
665489,Vladimir Guerrero,2025,672,1227,266,21.67889160554197,0.11166403850861399,0.0138945116526037,8.201096019073807,6.888275076585378,3.5284216558086063,118.58450152056349,122.12648010455442,9.519648518460476,8.592778245278362,37.06462112510037,6.66010627189948,5.347285329411051,8.463508522777133,0.18524810260730884,33.0,48.0,-15.0,29.70263424329132,38.887861784653985,37.16195326781874,0.007485923016595488,0.11281743468032468,1095.5357142857142
671056,Iván Herrera,2025,447,875,223,25.485714285714284,0.11225780568131162,0.012292211744026865,8.424141872867768,6.787204195692972,3.9749210905077232,118.31181323231344,122.72825572514188,10.724299803555484,9.44752241399893,37.06462112510037,6.476681973152973,4.839744295978177,7.7773334366110465,0.22393522951788378,91.0,49.0,42.0,25.03349066693249,31.309476362218977,29.858618736931454,0.007172555080327413,0.10011075986121096,1174.496644295302
605141,Mookie Betts,2025,664,1188,255,21.464646464646464,0.11316436243585215,0.0129499117618131,7.83060323958958,6.786092297666376,3.175495496463144,118.30881334187117,121.12689406202145,8.567457052225688,7.873124544797978,37.06462112510037,6.3546173447786956,5.310106402855491,7.161216814242187,0.15551805050216888,28.0,50.0,-22.0,28.856912421142297,37.5227800062881,35.88935561603072,0.0072945013342978135,0.1019577187540908,1073.4939759036145
502671,Paul Goldschmidt,2025,531,991,273,27.547931382441977,0.08689389888228126,0.014398024740545242,8.758386950923263,6.6770476628041635,4.526285068368254,118.01461194023221,123.63004580935008,12.211874642104538,10.417524237877577,37.06462112510037,7.015138566680291,4.933799278561191,8.727763311188399,0.272279910695395,129.0,51.0,78.0,23.722034394862785,31.473206846429875,29.93043202637484,0.007821566550521785,0.127247232629588,1119.774011299435
641355,Cody Bellinger,2025,656,1308,396,30.275229357798167,0.07516675547726887,0.013130156840648813,8.918040122470748,6.634729336405375,4.758950847900209,117.9004374927019,124.06078856808116,12.839604732064616,10.799086496849135,37.06462112510037,7.277655669094875,4.994344883029502,10.298929994760186,0.2925907551380728,172.0,52.0,120.0,29.76603516899847,39.516425702899824,37.7229387005422,0.007454427013686049,0.14386658550144538,1196.341463414634
670770,TJ Friedl,2025,683,1226,219,17.862969004893962,0.13732900331124376,0.010712713035703232,7.218151217370389,6.5651295103320875,2.561224383130673,117.71265781504547,119.47450425301182,6.910159352461848,6.530065193913354,37.06462112510037,5.768068227967228,5.115046520928926,6.994401309759188,0.10698468064317211,6.0,53.0,-47.0,30.075051725162385,38.29171386093568,36.64103605799841,0.006702008267351787,0.0832667944711356,1077.0131771595902
656555,Rhys Hoskins,2025,328,697,140,20.086083213773314,0.12840408425959468,0.018915628842846362,9.210755143182398,6.496487069622802,5.254871228561718,117.52746115411752,124.85053094727257,14.177593265625177,11.559388131037,37.06462112510037,7.287005619995183,4.572737546435587,9.837569804822706,0.3352403249958027,16.0,54.0,-38.0,17.976571796343254,23.011784607949632,21.960134868607287,0.007224121680927371,0.10880986771761879,1275.0
701350,Roman Anthony,2025,303,647,132,20.401854714064914,0.1236866346784989,0.025241382629998206,10.488039667786575,6.312049136611471,6.632651158323213,117.02984934152454,128.29663260926742,17.894830587736788,13.325372245816602,37.06462112510037,8.683286688956697,4.507296157781592,11.322116162040329,0.44549748866688027,19.0,55.0,-36.0,16.326635777561854,21.623095809794073,20.711695555484987,0.008186182430034343,0.13168199396846955,1281.1881188118812
676694,Jake Meyers,2025,382,639,151,23.630672926447573,0.08762547402479816,0.015432396978837968,7.6570953635994226,6.221890902916699,3.922508333754372,116.78660327301498,120.65877144070951,10.582890677649546,9.35041672593716,37.06462112510037,6.290023460125798,4.854818999443074,8.955593912260227,0.21935548270165287,59.0,56.0,3.0,13.231446577744522,18.106463959236155,17.236094847357947,0.007629135182303025,0.0987928600467705,1003.6649214659685
668930,Brice Turang,2025,657,1310,311,23.740458015267176,0.1182202915742955,0.012948654922837883,7.454522598332449,6.1317305004578415,3.7994447222394303,116.54335135320025,120.11223202085884,10.250866208548466,9.119042917071319,37.06462112510037,5.4147111093188345,4.091919011444227,7.658315050822952,0.20863399761389395,61.0,57.0,4.0,36.7665106796059,44.92921292477993,42.695619344310025,0.006231070416163383,0.11494725425344243,1196.3470319634703
657656,Ramón Laureano,2025,485,938,243,25.906183368869932,0.10124548212841454,0.01582887902001349,8.265129252324984,6.086545632347367,4.89807956098936,116.42144300302998,122.29924116701085,13.214972694466187,11.019572416858596,37.06462112510037,6.490636831249338,4.312053211271721,7.8611842176788285,0.30466042731860615,99.0,58.0,41.0,24.602652157204734,31.283631636167428,29.849250262464615,0.0071225794018792065,0.12927510650748747,1160.4123711340205
677951,Bobby Witt,2025,676,1248,385,30.849358974358974,0.07530749163951313,0.013560129100938165,8.106317251053888,6.0770138138893195,4.731827272517827,116.39572624627189,121.87076787779235,12.766425580196762,10.755436982469465,37.06462112510037,6.770718119544017,4.741414682379449,8.205161899398094,0.2902302529750558,182.0,59.0,123.0,28.993384281212556,38.12650171739993,36.621726695898815,0.007318203073868092,0.15090965836427642,1107.6923076923078
630105,Jake Cronenworth,2025,514,1043,233,22.33940556088207,0.1368891012307356,0.014190188112933868,7.383371213656204,5.854798497587795,4.201902667798772,115.7961914080457,119.92026625265068,11.336693969207255,9.858189344567577,37.06462112510037,5.429321230244999,3.9007485141765894,6.906930247694257,0.24382648109633798,39.0,60.0,-21.0,31.895160586761396,38.220248593126875,36.546279107337945,0.006064322153754057,0.11145914381554453,1217.5097276264592
595777,Jurickson Profar,2025,372,793,191,24.08575031525851,0.10825483404643312,0.01705504203515021,8.203212144280128,5.7529662815580025,5.378029514963466,115.52144904473894,122.13218939050444,14.509873166682484,11.737371693347956,37.06462112510037,6.202640600173659,3.7523947374515334,9.519029591026975,0.34564340593798504,69.0,61.0,8.0,20.676673302868725,25.762664832322404,24.522310474976393,0.006413608486070213,0.11840724520010829,1279.032258064516
686948,Drake Baldwin,2025,447,865,249,28.78612716763006,0.08752793704090693,0.01714946555399532,8.515451741089521,5.706216016885083,5.787780107072862,115.39531726933208,122.97460889279887,15.61537641930284,12.299863661549644,37.06462112510037,6.964404958175545,4.155169233971107,8.314072647150262,0.37956587082989246,151.0,62.0,89.0,21.794456323185827,28.13846787029752,26.98293801702661,0.007334117395504847,0.1466088684441849,1161.0738255033557
691026,Masyn Winn,2025,534,1041,271,26.032660902977906,0.10067735904738424,0.013283158322601395,7.044078573878453,5.613800203223368,4.171987696100618,115.14598027125568,119.00485789427958,11.255983656272488,9.804979600317811,37.06462112510037,5.321504702971337,3.8912263323162524,6.616572706423724,0.24120146940202253,103.0,63.0,40.0,27.283564301841132,33.55279423259296,32.01970348748562,0.006022315015131435,0.11508206889330323,1169.6629213483145
663538,Nico Hoerner,2025,650,1079,353,32.71547729379055,0.07224028466308685,0.012598518668083588,6.561894771695155,5.250967019967362,4.1656122713745765,114.1670597474727,117.70393052055617,11.238782820185365,9.793603868260357,37.06462112510037,5.184235402315985,3.8733076505881927,6.075922439444172,0.24064211044426614,213.0,64.0,149.0,25.500820486069657,32.60953982207274,31.117075505245307,0.006588247762746139,0.13738212445897796,996.0
694671,Wyatt Langford,2025,569,1195,282,23.598326359832637,0.12611110523129676,0.012248360456497949,6.380004158672508,5.225319346956514,3.9216759427224925,114.09786256635414,117.21319135338992,10.580644894456269,9.348867630690142,37.06462112510037,4.599721267060679,3.4450364553446855,6.5685040655700355,0.21928280692732888,57.0,65.0,-8.0,35.56333167522568,41.61370228570011,39.92540067682156,0.0050630716405643756,0.10758426753666141,1260.105448154657
660271,Shohei Ohtani,2025,711,1502,392,26.098535286284953,0.10779014986312661,0.012793989857798848,6.549864194019889,5.120369715277013,4.420248514949114,113.81470944487671,117.67147213487712,11.925789015972692,10.238220441223294,37.06462112510037,4.643725282519743,3.214230803776866,7.942906420180856,0.2629877459147529,104.0,66.0,38.0,42.25373874634563,50.0153278162592,47.75655320613153,0.0051675027096628285,0.13515436329295308,1267.5105485232068
672640,Otto Lopez,2025,590,1047,309,29.512893982808023,0.08147189851068957,0.014166954900426867,6.543339472839578,5.037047259469291,4.5853671480330025,113.58990624096296,117.6538684983573,12.371277538643895,10.515953670627503,37.06462112510037,4.967807919402315,3.461515706032028,6.107388049402711,0.2774494629671905,161.0,67.0,94.0,25.17481663980308,31.609100454762,30.05982776054869,0.0061454477697792925,0.13934825530877878,1064.7457627118642
668939,Adley Rutschman,2025,367,731,158,21.61422708618331,0.12706919918176607,0.014874145032995846,6.298554408215532,5.0147003352154815,4.245392938733801,113.52961444901834,116.99344069093995,11.454030312099418,9.93505262098206,37.06462112510037,4.543030413060166,3.259176340060116,6.877838506467088,0.2476434830928673,31.0,68.0,-37.0,20.076933470719037,23.92954925041087,22.85575374004084,0.005270336223928637,0.09604483584569004,1195.0953678474114
656775,Cedric Mullins,2025,496,1030,273,26.50485436893204,0.12481926191843065,0.013036056756452976,6.402209219770208,5.00481586091319,4.434762764120814,113.50294623010163,117.27310039987053,11.964948324043618,10.262965264453172,37.06462112510037,3.5371388317298145,2.1397454728727965,5.447818278177081,0.2642605158135482,111.0,69.0,42.0,34.07565850373157,39.3681514587416,36.99969327129488,0.005138342674767028,0.1142305337661966,1245.967741935484
608070,José Ramírez,2025,652,1371,400,29.175784099197667,0.09556481859519189,0.013758313177471847,6.582836820017421,4.84222151774978,5.056297244877251,113.06426821794922,117.76043197042013,13.641842520961578,11.263448690052067,37.06462112510037,4.800452900132553,3.059837597864912,7.02846589062365,0.31829464368481347,158.0,70.0,88.0,38.22592743807676,45.37927678249569,43.442419589554135,0.005217614401472597,0.1483919066058409,1261.6564417177915
808982,Jung Hoo Lee,2025,615,1088,247,22.702205882352942,0.11657688275933593,0.015456947622747092,5.59887528433026,4.643312040599722,3.850504457440465,112.52761231506355,115.10571298012991,10.388624895002316,9.215615784342669,37.06462112510037,4.04787729227678,3.0923140485462417,5.513895742976216,0.2130763654517146,45.0,71.0,-26.0,28.794490041555974,34.53333720799449,32.943564266139674,0.005274675704447166,0.11965395224034651,1061.4634146341464
669701,Josh Smith,2025,561,1062,272,25.6120527306968,0.11194014846282367,0.012028156493493196,5.55335015367977,4.614272685297921,3.8329473196316313,112.44926440694981,114.98288660481953,10.34125590194132,9.182500723740423,37.06462112510037,3.8059651523882585,2.8668876840064095,4.309863398940118,0.21154779493272402,93.0,72.0,21.0,30.44772038188804,35.640102775578626,34.00629779937106,0.004889248958277388,0.10997202010905544,1135.8288770053475
687462,Spencer Horwitz,2025,410,805,188,23.354037267080745,0.12658447958574362,0.013252087131341865,5.750422963737753,4.605372090900585,4.237868196676414,112.42525068678444,115.51458719712511,11.433728628636931,9.921795370261032,37.06462112510037,3.89254133277302,2.7474904599358516,5.145456574590959,0.2469830172819085,53.0,73.0,-20.0,23.797882162119798,27.727337854007263,26.45778540618136,0.004881311418493745,0.10206623892683798,1178.0487804878048
605137,Josh Bell,2025,532,1091,293,26.85609532538955,0.10966520032977788,0.013753255951199346,6.026655333714436,4.584747825495502,4.769692640224679,112.36960661224913,116.25985953929839,12.868585986960529,10.816312835842083,37.06462112510037,4.292022278369675,2.850114770150741,6.2904964348983015,0.2935249614837991,118.0,74.0,44.0,32.13190369662492,37.475538092518384,35.93749678344603,0.004897923369288237,0.1280378581522467,1230.451127819549
668227,Randy Arozarena,2025,708,1395,360,25.806451612903224,0.11090722041276205,0.014132749635790538,5.586820605838047,4.402685613421992,4.440415280185905,111.87840447245384,115.07318957067288,11.980198759346905,10.272584684482643,37.06462112510037,3.6161740717342443,2.43203907931819,6.096280681905506,0.2647561277833644,98.0,75.0,23.0,39.92659934859434,46.519047663483235,44.193684753240746,0.004725769401354047,0.14028734366837342,1182.2033898305085
661388,William Contreras,2025,657,1270,320,25.196850393700785,0.11934427527859448,0.011587401019294688,5.138407875955176,4.348745393622561,3.656243901382427,111.73287426558251,113.86337623312549,9.864511737599814,8.843844223771354,37.06462112510037,3.2094882571019228,2.419825774769308,5.233198412148726,0.19623150237327486,88.0,76.0,12.0,38.190168089150234,43.81672471332115,41.70455773067684,0.004430359546591274,0.11234336232120884,1159.8173515981734
650490,Yandy Díaz,2025,647,1222,294,24.058919803600652,0.11651779717666019,0.01320207604412078,4.94465862715615,4.168495039262603,3.730288754720677,111.24656050089683,113.34064257790996,10.064284057107233,8.986942701334616,37.06462112510037,3.26460746609825,2.4884438782047034,4.281888350340158,0.2026331546994748,66.0,77.0,-11.0,34.2562323699381,39.58822258955481,37.77656742088071,0.004363330785283728,0.1150694078926582,1133.2302936630601
683011,Anthony Volpe,2025,596,1127,271,24.04614019520852,0.12180056974767922,0.015766079868988803,5.065450740055108,4.003477608411084,4.486252648417388,110.80134502089894,113.66653856505971,12.103867548720933,10.350231774751174,37.06462112510037,3.1634463313195957,2.101473199675572,4.129655986460468,0.2687736632802504,65.0,78.0,-13.0,33.00795440162107,38.03963547007581,36.15031109073187,0.004464668206259752,0.13274457428782474,1134.5637583892617
676609,José Caballero,2025,372,762,212,27.821522309711288,0.09989013460220647,0.014684435471864906,5.48782391455977,3.9865827976215797,5.349654038275076,110.75576297992114,114.8060974265386,14.43331639683822,11.696737350677571,37.06462112510037,3.9273270361441863,2.4260859192059963,6.390188544996643,0.34325433939993966,136.0,79.0,57.0,21.17670853566777,24.57915936269483,23.611651298077167,0.0044651585656523066,0.12015446138297325,1229.032258064516
608348,Carson Kelly,2025,422,821,179,21.8026796589525,0.13336182548649744,0.014941329447100858,4.901559900402185,3.9571581295938048,4.2649588992854195,110.67637550168831,113.22436261754426,11.506819090070678,9.969442707506873,37.06462112510037,2.9837446323462333,2.0393428615378535,4.965238430109368,0.24936088127754535,34.0,80.0,-46.0,23.87176676208304,27.319197225365908,25.97033382016656,0.004199062683657576,0.10468982463365573,1167.2985781990521
663886,Tyler Stephenson,2025,341,685,174,25.401459854014597,0.1148560324172628,0.01691656566964718,5.582373015978397,3.9449075873380925,5.6280801599684604,110.64332365363524,115.06119001496546,15.184507460558102,12.085962300528202,37.06462112510037,3.680786803778113,2.0433213751378085,5.080832643205808,0.36647894689284627,90.0,81.0,9.0,19.984949640603727,23.157598304684782,22.076863474084288,0.0046316038891694245,0.12221320043876202,1205.2785923753665
457705,Andrew McCutchen,2025,549,1093,228,20.860018298261664,0.14432893372505387,0.01380545849364692,4.576909036943627,3.8544480826407526,3.799567262508809,110.39926475878772,112.34845763429136,10.251196821045395,9.119275662395701,37.06462112510037,2.6515339783671577,1.9290730240642828,4.819686303935434,0.20864464768047958,24.0,82.0,-58.0,32.90699688931228,37.0948686581157,35.33315047951823,0.0038315386722812613,0.10515868585378088,1194.535519125683
690993,Colt Keith,2025,467,895,227,25.363128491620113,0.11803976627246049,0.01379892148223098,4.73137190951718,3.7891929237117714,4.391646884311508,110.22320695231849,112.76519701509392,11.84862208489556,10.189270612730292,37.06462112510037,2.8683255416720845,1.926146555866676,4.145345353033337,0.2604790226123648,89.0,83.0,6.0,26.79502694384853,30.477611413422736,29.027540323783303,0.0041146195190773244,0.11425666025520045,1149.8929336188437
680777,Ryan Jeffers,2025,462,946,234,24.735729386892178,0.11203936986054927,0.014341864755618546,4.837774045845766,3.772605436486582,4.68404039830309,110.17845406743346,113.052268980485,12.637497041973083,10.678002683872764,37.06462112510037,2.9408562015968016,1.8756875922376177,5.742239516800308,0.28606624260932423,77.0,84.0,-7.0,26.21721254736853,29.94229856266977,28.481671822598067,0.003937723060572136,0.11726429287670911,1228.5714285714284
802415,Chandler Simpson,2025,440,646,192,29.721362229102166,0.08136235662404433,0.016826785128617253,4.704670617506938,3.732333215208725,4.509566287865401,110.06979999231982,112.6931571798016,12.166767529188359,10.389479812670478,37.06462112510037,3.5007207839833545,2.5283833816851415,4.132609797969291,0.27081590537412203,164.0,85.0,79.0,15.62157247181651,19.071664257988264,18.188767713404303,0.005340699359399001,0.13011277584728295,880.909090909091
656305,Matt Chapman,2025,535,1066,214,20.075046904315197,0.15421572375435813,0.014741128578978878,4.381278231227528,3.6715312183505366,3.89834782148945,109.90575677533138,111.82064755616913,10.517705842268725,9.305365564392174,37.06462112510037,2.4638251561542224,1.7540781432772312,5.5213026512878605,0.2172468253319329,15.0,86.0,-71.0,33.00216488343264,36.90880463961052,35.199075647670156,0.003664765249697823,0.10646442546551355,1195.5140186915887
669289,Santiago Espinal,2025,329,614,144,23.452768729641694,0.1219662037900548,0.015726857681055077,4.525423263359858,3.6414848190034568,4.376291854343526,109.82469187183307,112.20954950027863,11.807194358125722,10.162888477073158,37.06462112510037,2.85800220750718,1.9740637631507783,3.321559633837039,0.25913190039654893,55.0,87.0,-32.0,17.56313334576789,20.044573768510215,19.13027122288433,0.004041433913261111,0.09684266658455239,1119.756838905775
649966,Luis Urías,2025,330,606,140,23.1023102310231,0.12350673972480844,0.018630823623874318,4.794281410271833,3.6283980598700185,5.039067763561083,109.78938391849053,112.93492625781926,13.595357542043233,11.237241880693432,37.06462112510037,3.4594708840142894,2.2935875336124747,4.581884245022303,0.3168152064086857,47.0,88.0,-41.0,17.29094356147318,19.92779833712269,19.19365254768104,0.004351245504372126,0.11258397443497525,1101.8181818181818
624424,Michael Conforto,2025,488,996,235,23.59437751004016,0.14635418728380556,0.01162979319077259,4.355671091398676,3.6202742267134482,4.008541033806026,109.76746589286401,111.75155973319525,10.815006095101884,9.509359522911522,37.06462112510037,2.0254150712458223,1.2900182065605943,2.942019081454263,0.22687628110555982,56.0,89.0,-33.0,34.393234011694304,37.935846499365226,36.04057160297424,0.00355683984705916,0.10330592626871046,1224.5901639344263
677800,Wilyer Abreu,2025,413,771,222,28.793774319066145,0.10405492223950254,0.014807640335122836,4.483160333253266,3.423829674620587,5.011497617594532,109.23746033465306,112.09552451142484,13.520973546929682,11.195128925639992,37.06462112510037,2.5345055383297144,1.4751748796970356,4.074704549318242,0.3144450475663659,152.0,90.0,62.0,23.100192737169564,26.186101433225563,24.84477738271985,0.004002475610967572,0.12423362009192958,1120.096852300242
641487,J. P. Crawford,2025,654,1262,277,21.949286846275754,0.13739157239061273,0.011409521754846769,3.8328032453540173,3.406306882527317,3.19200245704519,109.19018400601037,110.34086719089224,8.61199267698314,7.907644160088908,37.06462112510037,2.1100625586189214,1.683566195792221,3.6493329908576326,0.15688477400199244,36.0,91.0,-55.0,38.05746555219972,42.23522108963561,40.35743374109435,0.0033104243561298567,0.09793998596879383,1157.7981651376147
702332,Caleb Durbin,2025,499,810,200,24.691358024691358,0.10519139904483858,0.0166825614365287,3.9819805251737743,3.3131560660274664,4.081042003547724,108.93886397717358,110.74334609204234,11.010613031152824,9.641513013452633,37.06462112510037,2.611254723265344,1.9424302641190359,3.7737847298458465,0.2332259892586835,76.0,92.0,-16.0,21.038279808967715,24.349960279070572,23.209973320483392,0.00408849440753439,0.11925534427881218,973.9478957915832
669707,Jared Triolo,2025,378,699,168,24.034334763948497,0.12354379995337984,0.014208042358611166,4.034218013937527,3.2923004397670828,4.318791244138626,108.88259569322163,110.88428234655697,11.652058251349333,10.06345344903563,37.06462112510037,2.2876543530091826,1.5457367788387386,3.5696001139015894,0.2540859461816787,64.0,93.0,-29.0,20.755358392167814,23.296915740948457,22.1965806345636,0.0036359904846647237,0.10291156289847816,1109.5238095238096
624428,Adam Frazier,2025,453,860,255,29.651162790697676,0.09428598843287854,0.014368488094924404,4.190536914244668,3.2824860963224918,4.788727789227027,108.85611668670093,111.30602927276873,12.919942640352723,10.846755218809804,37.06462112510037,2.4170297211539573,1.5089789032317809,3.034522412540699,0.2951795315748243,163.0,94.0,69.0,24.042927050384026,27.20678242063875,25.867784489855264,0.003678901593319447,0.12328716801829645,1139.0728476821191
676059,Jordan Westburg,2025,352,627,168,26.794258373205743,0.10084923875061219,0.019963523238774483,4.619482552474702,3.253282118404459,5.9138042321428355,108.77732462831332,112.46332057970602,15.955388326195443,12.4639814512569,37.06462112510037,2.8575605133151725,1.4913600792449295,4.180865426984221,0.38976258624939375,115.0,95.0,20.0,16.942672110102848,19.652768540888005,18.61910761124775,0.00432232285611668,0.13855576049899765,1068.75
593428,Xander Bogaerts,2025,558,1005,239,23.781094527363184,0.10975359920071112,0.015183165747673975,3.8717167842887936,3.2347996146330953,4.055418375149579,108.72745900656858,110.44585555379344,10.941480722173702,9.594993478890098,37.06462112510037,2.4054885941226805,1.7685714244669821,4.492875559852065,0.23098082497592948,62.0,96.0,-34.0,26.23111020896996,29.831806818358537,28.46821460150405,0.003582782695909033,0.11896948519256345,1080.6451612903224
467793,Carlos Santana,2025,477,1004,252,25.099601593625497,0.11944920862769477,0.014801532697781863,4.123209891038534,3.1966305608630736,4.936051676490147,108.62447925765602,111.12438159592105,13.317421105776324,11.078764196385226,37.06462112510037,2.299290058942174,1.3727107287667137,5.4394821748275035,0.307942192792773,86.0,97.0,-11.0,30.10120057417908,33.379152437554716,31.92913617103811,0.003264892294198839,0.12384542561618386,1262.8930817610062
668709,JJ Bleday,2025,342,660,164,24.848484848484848,0.12465220824635682,0.01806007265388542,4.287987860791106,3.1348968014465504,5.589913773730515,108.45792215402838,111.56895101212098,15.08153490862205,12.033844981390072,37.06462112510037,2.587986575609342,1.434895516264786,4.236449799806009,0.3633250865249089,80.0,98.0,-18.0,20.44296215240252,22.88711523305345,21.918114500499843,0.0037032622434105007,0.12402464616789009,1157.8947368421052
695734,Daylen Lile,2025,350,618,166,26.860841423948216,0.09645885811474489,0.01978040962096349,4.202817613951964,3.0547051260124136,5.691923056605441,108.24156576618492,111.33916248534318,15.35675499661546,12.1722773533906,37.06462112510037,2.6449086154382275,1.4967961274986767,4.341498310190882,0.3717322490784323,120.0,99.0,21.0,16.01217044704765,18.463814055186297,17.555033806053284,0.003967060854593278,0.13356158894176828,1059.4285714285716
518692,Freddie Freeman,2025,623,1201,343,28.55953372189842,0.10358839513500798,0.013120673905914973,3.7428934582945392,3.0456532243891763,4.446039911694718,108.21714382054385,110.0982914290734,11.995373962379004,10.282147001453767,37.06462112510037,2.1783233263204935,1.4810830924151306,3.9945819742983946,0.26524925787863335,144.0,100.0,44.0,35.530819531307735,39.417190572170234,37.79264525180385,0.003235945912458365,0.13321055863610998,1156.661316211878
687363,Victor Scott,2025,461,821,194,23.629719853836782,0.13268423387082592,0.013466960747591693,3.46076232961804,2.971052821588592,3.8001879895796136,108.01587263380004,109.33710429127898,10.252871536857837,9.120454560397333,37.06462112510037,1.7058764126098709,1.216166904580423,3.054079699780338,0.2086985964076138,58.0,101.0,-43.0,25.740741370940228,28.39976042753009,27.05142308129548,0.0032387564635686494,0.10190211019338448,1068.5466377440346
664770,Nathan Lukes,2025,437,767,243,31.681877444589308,0.08446996646630213,0.01571776674131996,3.953673301842544,2.9645695578017386,5.410236728399385,107.99838084893877,110.66697346911525,14.596767926316511,11.783224585821351,37.06462112510037,2.446597749816931,1.4574940057761254,4.762959466769965,0.34834924289810176,197.0,102.0,95.0,20.526201851311416,23.405793906153402,22.308140545761415,0.0037543573074862923,0.14228161069821088,1053.0892448512586
669397,Nick Allen,2025,415,718,180,25.069637883008355,0.11362475798348458,0.014235629456622637,3.507839446294182,2.9477162119881797,4.090007231813075,107.952910680077,109.46411791032352,11.034801132887607,9.657741163294505,37.06462112510037,1.684310732120817,1.1241874978148145,3.308737186740258,0.23401176043752686,85.0,103.0,-18.0,20.452456437027223,22.878712054047366,21.61743802674412,0.0033791860961283325,0.10557441900919502,1038.0722891566265
663993,Nathaniel Lowe,2025,610,1251,301,24.060751398880896,0.13208208435179822,0.013577193255904098,3.441679914875031,2.8776205987597163,4.1851345558661555,107.76379337332811,109.285620115362,11.291453760556474,9.828397981197556,37.06462112510037,1.7101747927827102,1.1461154766673955,2.9220167414649234,0.24235502476957926,68.0,104.0,-36.0,39.75670738989126,43.25574863668088,41.495385095887016,0.0027969954011108035,0.12029826264995182,1230.4918032786884
668715,Spencer Steer,2025,566,1049,260,24.78551000953289,0.1257350322183413,0.011964216929170855,3.2835052238410665,2.872916981933792,3.5754465566563733,107.75110305926812,108.85886628318306,9.64652125969004,8.685737917005278,37.06462112510037,1.472144375527443,1.0615561336201687,3.003515557873814,0.18927794058416667,78.0,105.0,-27.0,32.69110837676874,35.78854830459214,34.07983123768296,0.0029527549359613017,0.10413763910364096,1112.0141342756185
641857,Ryan McMahon,2025,588,1206,301,24.958540630182423,0.1337183391766807,0.0120748558725073,3.348559541532942,2.8291072544069373,4.072656209787565,107.63290482548882,109.03438222187918,10.987988238275932,9.626311115722007,37.06462112510037,1.1190650770960182,0.5996127899700139,3.0558207592167923,0.2324911082225292,82.0,106.0,-24.0,40.249220092180884,43.53080844288317,41.34590386773498,0.002721051700416487,0.11492914419085556,1230.612244897959
665487,Fernando Tatís,2025,687,1393,340,24.40775305096913,0.12603190400250672,0.011620405776306252,3.178203866616053,2.754456338102029,3.761173544236012,107.43149735378435,108.57476420948427,10.14761092941248,9.046123128257639,37.06462112510037,1.2195099239661935,0.7957623954521693,3.847279798964755,0.20531068393925195,72.0,107.0,-35.0,42.850847360852285,46.48989078812767,44.24718622379358,0.002612378626902642,0.11538604858618462,1216.5938864628822
669065,Kyle Stowers,2025,456,841,236,28.061831153388823,0.11147112856448448,0.015729426751158668,3.384101209909373,2.648781339210199,5.122352777952319,107.14638719837454,109.13027330965389,13.820059729366646,11.363134754872785,37.06462112510037,1.7210352910384958,0.9857154203393221,3.0903252267077703,0.3239536475967179,140.0,108.0,32.0,26.307186341218337,28.87910326074946,27.615173162407594,0.003058165183746877,0.13424096935323318,1106.578947368421
643376,Danny Jansen,2025,339,649,129,19.876733436055467,0.15848909068273548,0.015172406321794864,3.1470251020235365,2.619780911537092,4.379054343748085,107.06814431663774,108.4906441951793,11.81464752861743,10.167640142276374,37.06462112510037,1.344085703848497,0.8168415133620526,3.618585011587412,0.259374271625236,14.0,109.0,-95.0,20.445092698072877,22.223161880716177,21.204501120747278,0.00273970598250123,0.09711949918329023,1148.6725663716813
656941,Kyle Schwarber,2025,719,1589,344,21.648835745752045,0.15154353022429334,0.013101041875797885,2.9555254794044283,2.5280017479097308,4.069237158768151,106.82052499438002,107.97398001028785,10.978763670708185,9.620106737354952,37.06462112510037,0.8911238475035806,0.46360011600888296,4.062714730863466,0.23219151309520195,32.0,110.0,-78.0,52.13097439715691,55.67267909664322,53.1988378077487,0.0022288890493935218,0.12232879368156122,1326.008344923505
665862,Jazz Chisholm,2025,530,1086,291,26.795580110497237,0.11580913439400722,0.013662984040391166,2.926278804134507,2.3900527139196566,4.797356789783453,106.44833979511826,107.8950727548455,12.943223602883817,10.86052009011627,37.06462112510037,0.9818365115972187,0.4456104213823684,3.1589911265846853,0.2959291910422112,116.0,111.0,5.0,33.7004581086561,36.285337718974915,34.567747027233644,0.0023801838032401607,0.12859134110140338,1229.433962264151
665966,Carlos Narváez,2025,447,888,262,29.504504504504503,0.09655371755642789,0.016306030331630986,3.1887387456118295,2.381276030521796,5.907290168194435,106.42466038566675,108.60318721416094,15.937813442787316,12.455598047446106,37.06462112510037,1.4053827429044738,0.5979200278144403,3.255314918169437,0.38923844582542516,160.0,112.0,48.0,25.297073999784107,27.67268436526492,26.34408414324794,0.0026752368980639783,0.14768558034430126,1191.9463087248323
643289,Mauricio Dubón,2025,397,658,230,34.954407294832826,0.08068806045286407,0.016352055445984906,2.9337732251779114,2.2344295851289027,5.846847778398267,106.02847005392896,107.91529263249677,15.774740442277846,12.377293923162023,37.06462112510037,1.480894400579893,0.7815507605308842,2.483297352493659,0.384359808922343,232.0,113.0,119.0,18.558253904158736,20.49943385481812,19.538112365875765,0.002950121505561375,0.15081623569035865,994.4584382871536
682177,Daniel Schneemann,2025,423,824,214,25.970873786407765,0.1138891864847391,0.015380239323326784,2.715430281294322,2.2203118147479337,4.950912069140258,105.99038044191506,107.32620541871779,13.357514305703969,11.10181469073289,37.06462112510037,1.1365369238738463,0.641418457327458,1.8306376930207269,0.3092249358735135,101.0,114.0,-13.0,24.372285907734167,26.286664256046663,25.17354443906523,0.0023232746945540013,0.12159360210222565,1168.7943262411347
643446,Jeff McNeil,2025,457,794,215,27.07808564231738,0.11488424162972385,0.01284369963193129,2.5027963818458527,2.191495262179209,3.977896729127721,105.91263365348449,106.752521153254,10.732328048630361,9.453009709619694,37.06462112510037,0.8856310759273824,0.5743299562607389,2.9759914623425843,0.2241954365023043,125.0,115.0,10.0,24.700111950390628,26.60640852789655,25.37466761988865,0.002400877301644741,0.10752469086185484,1042.4507658643327
666624,Christopher Morel,2025,306,605,189,31.239669421487605,0.10165699221919305,0.01861252352120956,2.4435773661081743,1.7968023131683744,7.203300483278735,104.84775578065081,106.59274880447481,19.434437111784256,13.925819438375326,37.06462112510037,0.25849837571929646,-0.3882766772205035,2.9799399439199505,0.48655067566644916,188.0,116.0,72.0,19.213171529427488,20.459395986142656,19.34500570104433,0.0020598751350663948,0.14935646303479733,1186.2745098039215
596019,Francisco Lindor,2025,727,1408,379,26.917613636363637,0.11407823349758688,0.010641431789742858,1.865129365359078,1.725236734267538,3.540830791941506,104.65467252031128,105.03210152631507,9.553128251306028,8.617375996022986,37.06462112510037,0.14019765950834248,0.00030502841680268844,2.5963567625271478,0.1863102058121401,122.0,117.0,5.0,43.235650495585425,45.49556557661217,43.40552332635637,0.0016050533245928617,0.11433705620650476,1162.0357634112793
680574,Matt McLain,2025,576,1165,305,26.180257510729614,0.12225982937513352,0.01255080640423229,1.800245412162083,1.6326774301016973,4.207038558084236,104.4049483862012,104.85704522942754,11.35055055300486,9.86729674009391,37.06462112510037,-0.09416039632817637,-0.261728378388562,1.3650234753717738,0.2442772028012841,105.0,118.0,-13.0,37.289247959415725,39.017483555091324,37.198853978940676,0.0014834640306228323,0.11832724765878903,1213.5416666666667
605170,Víctor Caratini,2025,382,665,160,24.06015037593985,0.12447836291805107,0.018143087320711782,1.7373584724871882,1.5511092228734888,4.831734804940742,104.18487812849399,104.68737685628369,13.035975165192403,10.91514159527544,37.06462112510037,0.08757319124226642,-0.098676058371433,1.6643228020495655,0.29891334746639564,67.0,119.0,-52.0,19.916538066888172,21.022656294371682,19.97229299864575,0.0016633356804263307,0.1192900936180785,1044.502617801047
624413,Pete Alonso,2025,703,1402,389,27.746077032810273,0.1125957048202871,0.013201682001682183,1.5320669488091248,1.4221881025383123,4.420345525974456,103.8370501555598,104.13350225175134,11.926050750808763,10.238386044845939,37.06462112510037,-0.24875679240075874,-0.3586356386715712,2.3755176956456654,0.2629962536580487,134.0,120.0,14.0,43.799729175091684,45.59480095011304,43.508269133328795,0.0012803650321122383,0.13832041589234528,1196.5860597439544
593871,Jorge Polanco,2025,522,1035,278,26.859903381642514,0.11471506049064863,0.01483085935147378,1.4827819559887614,1.3702748979365562,4.905492680679225,103.69698881667132,104.00053180358725,13.234973221828502,11.031161163413955,37.06462112510037,-0.1509285673718712,-0.2634356254240764,1.7031608545827417,0.3053015572719208,119.0,121.0,-2.0,31.89078681640032,33.18080711811054,31.75947896278679,0.0012463964267731616,0.13265746983411023,1189.6551724137933
663968,Jake Mangum,2025,427,681,299,43.906020558002936,0.058374076741427805,0.01231972452790093,1.4933601313029574,1.3648461924477373,5.2993440042065965,103.6823422202027,104.02907162132475,14.297580397005195,11.624144578524685,37.06462112510037,0.5327478224454766,0.40423388359025647,0.8627706076398476,0.339006922292418,264.0,122.0,142.0,17.453848945686914,18.516623572464187,17.832987812660612,0.0015606088498932033,0.14451907763971142,956.9086651053864
543760,Marcus Semien,2025,534,1041,246,23.631123919308358,0.13866210924182437,0.011970276877467281,1.3307436471367518,1.28985062899306,3.5711117627761055,103.48000489372212,103.59033387295456,9.634826026476574,8.677197750595356,37.06462112510037,-0.5813473198315933,-0.622240337975285,1.408688841759586,0.18890591222249123,60.0,123.0,-63.0,34.110878873488794,35.29524071944051,33.593479758838676,0.0011377155100400665,0.09850722481602779,1169.6629213483145
682928,CJ Abrams,2025,637,1107,365,32.97199638663053,0.09343731439494488,0.01491722231019227,1.2742361450070558,1.2221908097631338,5.138732560586704,103.29745933632506,103.43787716244626,13.864252229214681,11.387661412464011,37.06462112510037,-0.25370576210351514,-0.3057510973474371,0.5427106716263583,0.325353626618156,218.0,124.0,94.0,34.10461975415488,35.45743379477071,33.83526880338832,0.0012220542372320003,0.163972261856964,1042.7001569858712
609280,Miguel Andújar,2025,340,620,222,35.80645161290323,0.07661684365465163,0.016610926956530353,1.2349922672865024,1.1815852084568454,6.591151594420976,103.18790580502298,103.33199754860075,17.782865153739316,13.278946816599246,37.06462112510037,-0.06157560053072122,-0.11498265936037821,1.2361771141889875,0.44239868090167056,239.0,125.0,114.0,17.008939291332663,17.708768242795013,16.97404645103192,0.0011287563733263731,0.15000064354368783,1094.1176470588234
682829,Elly De La Cruz,2025,691,1383,395,28.56109906001446,0.10560281098615745,0.01231690112189428,1.1425773343156134,1.135291477828104,4.356445417577299,103.06300575418341,103.08266292661995,11.753648857959293,10.128682694040227,37.06462112510037,-0.590345161325502,-0.5976310178130113,2.6024948570249955,0.25739048743499177,145.0,126.0,19.0,41.71311033953219,43.02897856955234,41.03322949540566,0.0009514593131020592,0.13491119340555696,1200.8683068017367
687597,Jordan Beck,2025,590,1143,312,27.296587926509186,0.11514314172987379,0.012500835148238234,0.9272758565302995,0.9729559593533007,4.207131405878933,102.62502604861218,102.50178155983454,11.350801055483712,9.867461310712232,37.06462112510037,-0.5680642056981428,-0.5223841028751416,1.0416748097903397,0.24428535116990185,127.0,127.0,0.0,35.92466021972062,36.83648147864208,35.366063750784114,0.0007977438835708322,0.12236683383309031,1162.3728813559321
621493,Taylor Ward,2025,665,1356,280,20.64896755162242,0.16311713605727762,0.010392393162026512,0.8683611328570137,0.9056441937025406,3.1281481583820074,102.44341953650576,102.34283018818977,8.439714378366078,7.773646371658137,37.06462112510037,-1.1491423090830664,-1.1118592482375396,0.36989604153464206,0.1516128882243907,23.0,128.0,-105.0,45.67279809603773,46.635231684954256,44.39916537013733,0.000709759283861743,0.09415163463156924,1223.4586466165413
700250,Ben Rice,2025,531,1016,218,21.456692913385826,0.1507621336368171,0.011418831027520117,0.794912419796836,0.8514572673577243,3.432329857866412,102.29722371768995,102.14466624955871,9.260393749288909,8.400674222628849,37.06462112510037,-1.1765029000786555,-1.1199580525177673,0.7954752747411096,0.17705771150344193,27.0,129.0,-102.0,32.86614513282613,33.56964262434633,31.824940066256517,0.0006924187908663384,0.0952983617801785,1148.0225988700565
665926,Andrés Giménez,2025,368,672,236,35.11904761904761,0.09446998918926221,0.014693488514789162,0.6856277114526721,0.8483851319517812,5.789476500742999,102.28893512519207,101.84981713191819,15.619953273506773,12.302100003058516,37.06462112510037,-1.018695968024975,-0.8559385475258658,0.3174918800855698,0.3797039074948366,234.0,130.0,104.0,22.29491744866588,22.715435778356856,21.670117254943897,0.0006257713239448991,0.13697812818402297,1095.6521739130435
671732,Lawrence Butler,2025,632,1250,325,26.0,0.12630498961586,0.012459894601126991,0.7566434688722711,0.8422525656490891,4.151234888702156,102.27238951885228,102.04141697906057,11.19999277664521,9.7679040008035,37.06462112510037,-1.209020546826491,-1.123411450049673,0.23753417394566337,0.23938080644568935,102.0,131.0,-29.0,41.049121625154505,41.84611941236663,39.77561998249727,0.0006375982297697004,0.12367676846285797,1186.7088607594937
666134,Nolan Jones,2025,406,776,210,27.061855670103093,0.1270332944774476,0.01509067890708174,0.5975945184488229,0.757439947122617,4.952622799499448,102.04356586990626,101.61230440325242,13.362129840160442,11.104464150738357,37.06462112510037,-1.6504961049714015,-1.4906506762976073,0.4634789809781451,0.30937254721166574,124.0,132.0,-8.0,26.676991840263998,27.081364131081035,25.560156142566683,0.0005210983129085526,0.12030375282129012,1146.7980295566504
668804,Bryan Reynolds,2025,652,1304,338,25.920245398773005,0.13156389740667584,0.009808977018490246,0.6733652899259489,0.7530751965124085,3.4761720472992095,102.03178981371651,101.8167332337034,9.378679564985829,8.488679807846822,37.06462112510037,-1.3244751699142658,-1.2447652633278063,0.1611335627345863,0.1807868613516496,100.0,133.0,-33.0,44.468597323456436,45.2003209385093,43.029334305482934,0.0005611377416049574,0.10460653401875827,1200.0
666969,Adolis García,2025,547,1105,397,35.92760180995475,0.09183643142244138,0.014111786566342622,0.3453984879413927,0.6595794134937883,6.151030393191911,101.77953906844907,100.93188187942245,16.59542228269642,12.762023572800421,37.06462112510037,-1.5163468379273752,-1.2021659123749795,0.2069822235096208,0.4086256696264375,242.0,134.0,108.0,36.45906327470923,36.77395156288247,35.07666040746544,0.00028496677662736316,0.1686952327830211,1212.0658135283365
621043,Carlos Correa,2025,590,1158,334,28.842832469775477,0.11524777266858585,0.01154991390199976,0.4950113243466157,0.6418842905615647,4.126088294473114,101.73179779281995,101.3355359081531,11.13214750137808,9.722800057304893,37.06462112510037,-1.3613990682863872,-1.2145261020714382,1.1545994273351483,0.2371751970551642,153.0,135.0,18.0,38.492756071307674,38.979517206915176,37.15404698749273,0.00042034640380613603,0.11922985033476781,1177.6271186440677
669016,Brandon Marsh,2025,426,845,243,28.757396449704142,0.11917324986060132,0.01481530383264859,0.2968904579549167,0.5722699848353694,5.274510690490625,101.54397904919585,100.80100766969358,14.230580349622667,11.588053051231494,37.06462112510037,-1.366272470668581,-1.0908929437881283,-0.8434992274699803,0.3369050415051957,150.0,136.0,14.0,28.959099716126122,29.169891941274113,27.98904626195143,0.00024945825461300693,0.12882856555246675,1190.1408450704225
677587,Brayan Rocchio,2025,381,671,207,30.849478390462,0.09466172462871532,0.014142695631649212,0.1807697684811246,0.4623304823792914,4.862934553374082,101.24736330318564,100.48771513911066,13.120151793703013,10.96441257674519,37.06462112510037,-1.2617745132624605,-0.9802137993642938,0.7069871798696823,0.3016180296618242,183.0,137.0,46.0,19.59497699814407,19.70976580112958,18.793750182222407,0.00017107124140911198,0.11920950646346166,1056.6929133858266
642715,Willy Adames,2025,685,1432,386,26.955307262569832,0.12523654594003567,0.012300825555920228,0.14446531534069718,0.3908050721480948,4.317919939975071,101.05438841753987,100.38976606520029,11.649707480891937,10.061938922796491,37.06462112510037,-1.7627696245549853,-1.5164298677475876,0.1816190896350416,0.254009473253733,123.0,138.0,-15.0,48.34130673285377,48.506237967867726,46.328811411486825,0.00011517544344550461,0.13026939548114938,1254.3065693430658
602104,Ramón Urías,2025,389,740,205,27.7027027027027,0.11898298763212158,0.013830533565032617,0.029399692637661935,0.34619106820385537,4.752256063184595,100.93402025353339,100.07932009486467,12.82154226572234,10.788332961603082,37.06462112510037,-1.7251140921310226,-1.408322716564829,-0.07992892189608816,0.29200833208918,133.0,139.0,-6.0,24.391512464584924,24.410573265311676,23.27306349485331,2.5757838819933544e-05,0.11326150405278733,1141.3881748071979
687401,Joey Ortiz,2025,508,828,275,33.21256038647343,0.09583882501101251,0.013166598485403927,-0.11120647935412603,0.20944642542597702,4.405059214877708,100.56508449046073,99.69996596220751,11.884808426908691,10.21225601178545,37.06462112510037,-1.4996591297681077,-1.1790062249880044,-0.7329027689793443,0.2616555479235523,221.0,140.0,81.0,26.35567687802844,26.261522058841948,25.085965481491442,-0.00011371354974214176,0.12961314368530197,977.9527559055118
643217,Andrew Benintendi,2025,471,878,254,28.929384965831435,0.10470297924847437,0.015519849020516202,-0.3826075806691655,0.10496129254828573,5.14306613313619,100.28318458239198,98.96772833754919,13.875944167289157,11.394137639220281,37.06462112510037,-1.8919014082507222,-1.404332535033271,-0.0008311611725963639,0.32572379270144863,155.0,141.0,14.0,26.59455672911249,26.294209778287193,25.109414123635673,-0.0003420808095960079,0.13625250879371173,1118.4713375796177
679529,Spencer Torkelson,2025,640,1283,289,22.525331254871396,0.15972588921463987,0.009946545910306687,-0.21926660761941,0.00011094185839702342,3.283512242053903,100.00029932009294,99.40842075012897,8.858885218255448,8.097486338959863,37.06462112510037,-2.489433157983194,-2.270055608505387,-0.5505451703137387,0.16450799463904167,43.0,142.0,-99.0,46.16078198303092,45.92689760157022,43.505386614515515,-0.0001822949192990678,0.09778090111123147,1202.8125
693307,Dillon Dingler,2025,466,821,251,30.572472594397077,0.10666099906164987,0.01626342139444212,-0.6516732924997639,-0.05157975579478635,5.308897431046232,99.86083830286381,98.24179157180579,14.323355452974036,11.63798332780973,37.06462112510037,-2.2171439379987685,-1.617050401293791,-0.8087629846001636,0.3398145902266858,177.0,143.0,34.0,26.771910764474118,26.265777840632634,25.049928972628408,-0.0006164834638751319,0.14390219634252654,1057.0815450643777
669720,Austin Hays,2025,417,804,275,34.20398009950249,0.09679181354384028,0.015611086403525385,-1.0516851025906253,-0.14419104968568397,6.283739427541592,99.61097390096337,97.16256346168768,16.953470012097892,12.922716526540164,37.06462112510037,-2.418578512875104,-1.5110844599701625,-1.3172885743221008,0.41898087149314084,229.0,144.0,85.0,26.617748724556076,25.88682757825559,24.93683665810788,-0.0009091059033588116,0.15401922996039621,1156.8345323741007
592450,Aaron Judge,2025,646,1376,312,22.674418604651162,0.14861924141981742,0.010290942190555697,-0.490929676215631,-0.20162388509226853,3.4696390527059338,99.45602064995687,98.67547634020418,9.361053606875464,8.475603974885203,37.06462112510037,-2.5936892111675953,-2.304383420044233,2.455523800011689,0.18023032766996655,44.0,145.0,-101.0,46.36920332298303,45.8406357049242,43.57666460562592,-0.00038413344335670735,0.10070623228753241,1278.0185758513933
663728,Cal Raleigh,2025,692,1521,487,32.018408941485866,0.11039729944937689,0.013017398402394274,-1.0122172929352733,-0.23580525831180998,5.61155612827688,99.36379962575114,97.269047241792,15.139925778107312,12.063445899461355,37.06462112510037,-3.114329796621338,-2.3379177619978746,-0.07821770655416188,0.36511470296757453,203.0,146.0,57.0,53.76348483184655,52.596060887327866,50.17162446640994,-0.0007675371101372004,0.16594858293878637,1318.7861271676302
805779,Jacob Wilson,2025,521,827,269,32.52720677146312,0.08347756278323158,0.014800838268430325,-0.8130884547459128,-0.24144070155243336,4.805038922486268,99.34859525276806,97.80629497870333,12.963949924830793,10.872756049104114,37.06462112510037,-1.9547315712164217,-1.3830838180229423,-0.3334224061293943,0.2965963814151016,210.0,147.0,63.0,22.455464388689297,21.749432580484928,20.758105807683037,-0.0008537264911781954,0.1450877106839742,952.3992322456814
608369,Corey Seager,2025,435,844,195,23.104265402843602,0.14975551345560761,0.010483716828949791,-0.6768915483614467,-0.3549984948047726,3.463549506607999,99.04221739214174,98.17375295412624,9.344624068644434,8.463403713580645,37.06462112510037,-2.733009972411386,-2.4111169188547117,-1.2534395862984666,0.17971183376209318,48.0,148.0,-100.0,29.202325123843483,28.711578751281433,27.220892893845228,-0.0005814530480592996,0.0864347107344738,1164.1379310344828
683002,Gunnar Henderson,2025,643,1249,348,27.862289831865496,0.11881703055213663,0.011681612351569354,-0.7986561952645712,-0.36542640893575834,4.003953503051075,99.01408297766656,97.84523307935902,10.802628980172077,9.500942431579151,37.06462112510037,-2.530258164051843,-2.09702837772303,-0.6730550061142659,0.2264748254179749,137.0,149.0,-12.0,41.34832663214355,40.49243340955168,38.63673329966799,-0.0006852627883041357,0.12141365378522952,1165.4743390357698
647304,Josh Naylor,2025,601,1052,391,37.167300380228134,0.07998689867011521,0.012894127050026868,-1.0964214501064247,-0.38963168022994543,5.072844944505377,98.94877738284478,97.04186521587314,13.68648805928308,11.288538330531358,37.06462112510037,-2.564149599802284,-1.8573598299258047,-0.58645871419001,0.31971424309881236,248.0,150.0,98.0,31.27487738001505,30.17662856082511,28.706454197546428,-0.0010439627558839692,0.15666318069692126,1050.2495840266222
650489,Willi Castro,2025,450,839,270,32.18116805721097,0.10758614964107073,0.010866924759087414,-0.9146456043925765,-0.4016203402177525,4.304786996926529,98.91643209069316,97.53229474191718,11.614274923779815,10.039082640363965,37.06462112510037,-2.722298497812853,-2.209273233638029,-1.8042270122563622,0.2528567892038032,208.0,151.0,57.0,29.048260403089095,28.36227619979466,27.006536529729456,-0.0008176212196596334,0.11146331372665008,1118.6666666666665
571448,Nolan Arenado,2025,433,807,276,34.20074349442379,0.10100582272988015,0.0147395044141788,-1.3778661871643916,-0.44053291886113854,5.745469562688814,98.81144631864912,96.28252995622478,15.501222967575266,12.243844018569002,37.06462112510037,-3.064091013976965,-2.1267577456737117,-2.2531181378433036,0.3761162841135352,228.0,152.0,76.0,27.87760707344692,26.883246975043285,25.666354725026878,-0.0012321686473403173,0.14595716083929688,1118.24480369515
676475,Alec Burleson,2025,547,956,276,28.870292887029287,0.10669576394947353,0.014487311636101667,-1.0373889053198855,-0.44454637318758683,4.563398378840383,98.80061805653656,97.2011344677759,12.312006005505946,10.479477090041232,37.06462112510037,-2.470307970384508,-1.8774654382522091,-0.7772199153734297,0.2755280289757875,154.0,153.0,1.0,29.448030850054693,28.50227796470473,27.19593341705415,-0.0009892812608263205,0.13455365940154382,1048.6288848263252
666971,Lourdes Gurriel,2025,545,977,339,34.69805527123849,0.09047607898370735,0.013949120379015627,-1.2808852773397323,-0.49037949785088597,5.193721065739719,98.67696071626968,96.54418354091226,14.012610700133399,11.469443424669633,37.06462112510037,-2.622349694381792,-1.8318439148929455,-0.3340557765264407,0.3300435481071328,231.0,154.0,77.0,30.67139077547679,29.507919981893203,28.28942313641333,-0.0011908605870865816,0.15093035436381647,1075.5963302752293
672761,Wenceel Pérez,2025,382,793,260,32.78688524590164,0.10390185691193263,0.014099744998164956,-1.5175065157335526,-0.49674298958107865,5.890189134724574,98.65979207529338,95.90578166005888,15.891675014953016,12.433538102316668,37.06462112510037,-3.127399916286512,-2.106636390134038,-1.899871992415333,0.3878609166314988,214.0,155.0,59.0,27.014482797102485,26.048336982085456,25.02337151706674,-0.0012183427679912087,0.13316949693099378,1245.5497382198953
677594,Julio Rodríguez,2025,703,1245,452,36.30522088353413,0.08601716221707023,0.011446962070687237,-1.161411977359981,-0.545863906522359,4.505838482730572,98.52726430231147,96.86652138318105,12.156709945914413,10.38321518528725,37.06462112510037,-2.6598080508540045,-2.0442599800163825,-1.0265436968849475,0.27048941179160746,243.0,156.0,87.0,38.87975732211574,37.518969621975636,35.76334888919847,-0.0010930021687872377,0.14962184948180202,1062.588904694168
666310,Bo Naylor,2025,414,792,203,25.63131313131313,0.13777589172199306,0.015764901105274304,-1.3418938182961382,-0.578063967997044,4.971317165920176,98.44038883860173,96.37958306988494,13.412567065345156,11.13336137090742,37.06462112510037,-2.946836418664978,-2.183006568365884,-0.5701861634110866,0.3109848067153313,94.0,157.0,-63.0,27.968506019564593,27.04259928494026,25.935188890685758,-0.0011690741598792112,0.12188716381558932,1147.8260869565217
696285,Jacob Young,2025,366,605,140,23.140495867768596,0.13826910229478373,0.014286281699093274,-1.0546209803260242,-0.5933379874270106,3.845969427665064,98.3991796775033,97.15464249110636,10.376389427222692,9.207071357845752,37.06462112510037,-2.3052793061986585,-1.8439963132996449,-1.4080624245126252,0.212681433332791,50.0,158.0,-108.0,19.357674321269723,18.71435552327085,17.95145394448854,-0.0010633368561964874,0.0953801443378814,991.8032786885245
665161,Jeremy Peña,2025,543,927,333,35.92233009708738,0.08360500807289444,0.012994140895679594,-1.516168526382783,-0.7120224891386396,4.910192260044886,98.07897000556022,95.90939154277224,13.247652642858599,11.038499596925165,37.06462112510037,-2.7790945242340843,-1.9749484869899407,-1.223426263106799,0.30570789353439437,241.0,159.0,82.0,27.840467688273847,26.46833517189743,25.325387143842,-0.0014801861018084346,0.14595104522301083,1024.3093922651933
694192,Jackson Chourio,2025,589,1066,395,37.05440900562852,0.08731516843219811,0.011155371432338282,-1.7140429231617433,-0.9224482603703748,4.613198686059327,97.51124324930524,95.37552827701514,12.446366767081946,10.561956275342673,37.06462112510037,-3.0146625012500032,-2.2230678384586344,-2.2636891000389494,0.27988220762531285,246.0,160.0,86.0,34.489491530718254,32.80687272781448,31.530097841991168,-0.0015784416537558896,0.13870355801708523,1085.9083191850593
669127,Shea Langeliers,2025,523,968,311,32.12809917355372,0.10364501877271695,0.014065167610211534,-2.04469894130664,-1.0273139098258595,5.100248507583046,97.22831671108015,94.4834214427678,13.76042261532556,11.329915348805295,37.06462112510037,-3.5502837093090283,-2.5328986778282476,-1.6704769256048848,0.3220623002447592,206.0,161.0,45.0,32.23360083831497,30.45130492780935,29.1389368717006,-0.0018412147835801872,0.14289074392042322,1110.5162523900574
543309,Kyle Higashioka,2025,328,615,170,27.64227642276423,0.11731970322994238,0.01623590426663462,-2.263297660955169,-1.1079185280778607,5.335658493602409,97.01084620738894,93.89364414837509,14.395556548638428,11.676613502680947,37.06462112510037,-3.9187007507480986,-2.7633216178707904,-1.2149447133571283,0.34207424006167286,131.0,162.0,-31.0,19.944349549090205,18.707080161101377,17.802126472014578,-0.002011820143071261,0.1176178023297576,1125.0
666182,Bo Bichette,2025,628,1181,416,35.22438611346317,0.09089413467252025,0.012404350024965335,-2.1766088219608415,-1.1555634970871769,4.962970884847035,96.8823005280779,94.1275298225379,13.390048877327072,11.120472444786648,37.06462112510037,-3.7792294826175925,-2.758184157743928,-1.771232426396943,0.31026517857904673,235.0,163.0,72.0,37.81196002376842,35.53377612344941,33.856366498628674,-0.001929029551497895,0.15115592384417506,1128.343949044586
663647,Ke'Bryan Hayes,2025,567,1049,281,26.78741658722593,0.1278972583072998,0.011340980348017069,-1.8119654685106494,-1.2025087865658637,3.7952934079629084,96.75564257757509,95.11133416851905,10.239666001584228,9.111155394630934,37.06462112510037,-3.3680989818314684,-2.7586422998866826,-2.296112305339058,0.20827323746192825,114.0,164.0,-50.0,35.93912958435125,34.22682221660868,32.75627604652051,-0.0016323235154838546,0.1107361500923745,1110.0529100529102
807713,Matt Shaw,2025,439,801,244,30.46192259675406,0.116846763630046,0.01643770193383272,-2.771068500922215,-1.3416239030080672,5.645404769161001,96.3803112987994,92.52368318680686,15.231249093594268,12.109491685035227,37.06462112510037,-4.266189873981948,-2.8367452760678002,-3.4077020050569264,0.3679072846034334,176.0,165.0,11.0,28.51061032573122,26.483111872556467,25.389181401267763,-0.002531209055149505,0.14594596673510174,1094.7608200455581
691016,Tyler Soderstrom,2025,620,1090,316,28.990825688073397,0.11688468050452569,0.012207679269850833,-2.152924395398095,-1.4389531298371518,3.913021251219745,96.11771795810242,94.19143018316159,10.557294617993072,9.332748270357865,37.06462112510037,-3.7075629325745294,-2.993591667013586,-1.9348578395209273,0.21852728199162183,156.0,166.0,-10.0,36.93555903943012,34.71087049751875,33.10441067576977,-0.0020409986623040046,0.12247272943375628,1054.8387096774193
682998,Corbin Carroll,2025,640,1262,401,31.774960380348656,0.11313803842647856,0.01140438525975013,-2.4776182834335634,-1.5340115880216239,4.41702292451135,95.86125112990085,93.3154091200039,11.917086403238901,10.232712532545682,37.06462112510037,-4.320240621620826,-3.3766339262088865,-2.7063344806285694,0.2627048602581593,199.0,167.0,32.0,45.3683534090179,42.72556057335543,40.760096745955686,-0.0020941306146295305,0.132626008524069,1183.125
682663,Agustín Ramírez,2025,583,1110,358,32.25225225225225,0.10174731872589218,0.01165243458965476,-2.5301878661431805,-1.5629547047971544,4.447740128973074,95.78316287242792,93.17357687913955,11.999961132642033,10.285035610915475,37.06462112510037,-4.210365318252941,-3.2431321569069147,-2.597736083518155,0.26539831412965126,209.0,168.0,41.0,36.4255401038694,33.96704089393361,32.33446846963363,-0.0022148641530953064,0.12971649923185577,1142.367066895369
670242,Matt Wallner,2025,395,760,218,28.68421052631579,0.12476010687356959,0.014811663791730356,-2.960846183516175,-1.5837671020999118,5.286542278891448,95.72701121979802,92.01166477994545,14.263041462229788,11.605560639493737,37.06462112510037,-5.0338817758029935,-3.6568026943867302,-2.5775263186105937,0.3379238236012878,148.0,169.0,-21.0,27.19770329843817,25.24847956095669,23.883731129367867,-0.0025647680756335283,0.12624400358938248,1154.4303797468356
663586,Austin Riley,2025,446,852,238,27.93427230046948,0.12188665348263586,0.015307439602109936,-2.9086824300629814,-1.6265175599034065,5.061164795008967,95.6116708857927,92.15240209728407,13.654975125542338,11.270837020466606,37.06462112510037,-4.686237675328351,-3.404072805168776,-2.89020596196426,0.31871235540997833,138.0,170.0,-32.0,29.009023528867335,26.846902922520517,25.52558685687326,-0.0025377002421910987,0.128888535612338,1146.1883408071749
664728,Kyle Isbel,2025,409,663,181,27.300150829562593,0.12260215070237548,0.014282232897360601,-2.531257125273822,-1.6600680056563109,4.146605938635265,95.52115209797167,93.17069202803846,11.187503912800445,9.759616039449053,37.06462112510037,-4.053490062823609,-3.1823009432060974,-2.6160403610103837,0.23897475471129476,128.0,171.0,-43.0,22.19098927712996,20.465515670068307,19.427860217638536,-0.0026025242942106417,0.1097761660121046,972.6161369193154
666023,Freddy Fermin,2025,348,642,199,30.99688473520249,0.12034795481699223,0.01257535254412081,-2.9317578272065727,-1.7776748046258493,4.674549447002222,95.20385005791412,92.09014489231843,12.611890544421593,10.662542501919617,37.06462112510037,-4.7959975865053295,-3.641914563924606,-2.8428146249438204,0.2852384783489203,185.0,172.0,13.0,23.949243008581455,22.248823468801643,21.167564408408364,-0.0026486285666352215,0.10700405541505745,1106.896551724138
592626,Joc Pederson,2025,306,644,173,26.86335403726708,0.13113404702527245,0.01727916028740908,-3.8333184934030395,-1.7902235481680635,6.20619330777318,95.16999366558825,89.65774267470633,16.744251308615997,12.829335958465027,37.06462112510037,-5.869419246908365,-3.8263243016733886,-3.367254632896832,0.41294757149284045,121.0,173.0,-52.0,22.686190135372136,20.731197703736587,19.69278631944887,-0.0030357025335955748,0.12472472098918147,1262.7450980392157
669242,Tommy Edman,2025,376,611,175,28.641571194762683,0.11426320931546761,0.013795424662490582,-2.7810872677968708,-1.870256310358398,4.087873227890162,94.9540660241854,92.49665264779004,11.029043610327992,9.653880620811877,37.06462112510037,-3.916398971383002,-3.0055680139445293,-3.8897464647686104,0.23382471219005024,147.0,174.0,-27.0,19.99606163020683,18.25324694238746,17.541784941473484,-0.00285239719774038,0.10363666010004709,975.0
624585,Jorge Soler,2025,315,657,162,24.65753424657534,0.1518748654725681,0.014976940810693194,-3.403273403995261,-1.8818971808362777,5.272924156817178,94.92265906486807,90.8180002906045,14.22629989665893,11.585741415846385,37.06462112510037,-5.548593938380828,-4.027217715221845,-3.33924116934588,0.33677064033658693,75.0,175.0,-100.0,24.60372820655603,22.817009669458518,21.690716388906097,-0.002719510710955117,0.10800109116861258,1251.4285714285716
671218,Heliot Ramos,2025,690,1320,400,30.303030303030305,0.11329010888363313,0.011249560503282767,-2.832871432027081,-1.9244407247283084,4.045921554856194,94.8078769826543,92.35693945861316,10.915858390135472,9.577700226752501,37.06462112510037,-4.583954436939964,-3.675523729641191,-2.233908381589116,0.2301489723954943,173.0,176.0,-3.0,45.31604355345325,42.0582414066221,40.04449595097229,-0.002468031929417533,0.12806437456766073,1147.8260869565217
669477,Casey Schmitt,2025,345,668,212,31.736526946107784,0.10967430058593564,0.015450534865111235,-3.9777149158440723,-1.9375213441005887,6.050266484353478,94.77258559432977,89.26816248190288,16.323562202167505,12.637140757538592,37.06462112510037,-5.430171832832894,-3.3899782610894102,-3.0461602395714893,0.40066758287999665,198.0,177.0,21.0,23.250951724218353,20.963765647608014,20.12860292033944,-0.0034239312524106907,0.13460280709769148,1161.7391304347827
575929,Willson Contreras,2025,556,1038,319,30.732177263969174,0.10826727704044783,0.012429712673602348,-3.2663106743880364,-2.0645563594996714,4.54978294998971,94.42984631481491,91.18752444989632,12.275271706227075,10.456797273217974,37.06462112510037,-4.913048297300263,-3.7112939824118985,-3.0502220616186095,0.27433671701017776,179.0,178.0,1.0,34.53726137590286,31.51048015096994,29.98450328707128,-0.0029159742051376816,0.1308625995908809,1120.1438848920864
592885,Christian Yelich,2025,644,1314,338,25.72298325722983,0.14057843556388835,0.011166159830577666,-2.9106177504233215,-2.066366477613247,3.812370330118278,94.42496263312971,92.14718062111193,10.285739377318277,9.143567119926894,37.06462112510037,-4.628944892738466,-3.7846936199283916,-2.698616517447176,0.2097576818953433,96.0,179.0,-83.0,47.51551122059426,44.39144816847323,42.54711036905498,-0.0023775213486461433,0.11288390259843407,1224.223602484472
700932,Kyle Manzardo,2025,528,934,258,27.62312633832976,0.12602735134366475,0.012478185257707197,-2.985097765265733,-2.072613835002943,3.959549097775494,94.40810732151432,91.94623423994962,10.682826311406876,9.419131365265038,37.06462112510037,-4.689391962976209,-3.7769080327134184,-3.772950382685543,0.22259134213887696,130.0,180.0,-50.0,32.515056646665506,29.88817061323166,28.388391719246442,-0.002812511813098335,0.11401315573757566,1061.3636363636365
643396,Isiah Kiner-Falefa,2025,459,741,238,32.11875843454791,0.09971099420076317,0.011881868108399422,-3.0544167887340024,-2.107336482878802,4.012115203939895,94.3144259433649,91.75921216508664,10.82464917258487,9.515912782270503,37.06462112510037,-4.395681246861201,-3.448600941006001,-3.8254897612524146,0.22718908690636397,205.0,181.0,24.0,23.731216619781634,21.394587776400122,20.368520465932814,-0.0031533452677213387,0.11275238213089792,968.6274509803922
669357,Nolan Gorman,2025,401,818,227,27.750611246943762,0.1396025642120701,0.01473448667812839,-3.9048860579252733,-2.163813954759874,5.392803308133886,94.16205025418559,89.4646540571789,14.54973272202653,11.758440289570327,37.06462112510037,-6.08351100049904,-4.34243889733364,-4.401725333534825,0.34688538026496046,135.0,182.0,-47.0,31.68978207613991,29.08001656075985,27.623968890806385,-0.003190422390440168,0.12601755551918836,1223.9401496259352
668904,Royce Lewis,2025,406,735,231,31.428571428571427,0.10951177569582769,0.013731046218683686,-3.7381555121750547,-2.23078399754141,4.9673507221138875,93.98136570717377,89.9144915050985,13.401865637174877,11.127238620290534,37.06462112510037,-5.316945417246948,-3.809573902613303,-3.2266146216681144,0.31064285089763605,191.0,183.0,8.0,25.297220185736197,22.767734955831074,21.699420453399096,-0.0034414765032722726,0.12398122933867459,1086.2068965517242
673962,Josh Jung,2025,512,972,320,32.92181069958848,0.10746518201038054,0.01373755732386611,-3.9532290389211253,-2.2348105529850644,5.300513077654774,93.97050209836992,89.33422514807799,14.300734546198386,11.6258394192028,37.06462112510037,-5.7062053021865085,-3.9877868162504475,-3.333803400102256,0.33910578627415944,216.0,184.0,32.0,34.38885824332177,31.015436130109077,29.519563052122617,-0.0034705988819060635,0.14507864425372993,1139.0625
683146,Brett Baty,2025,431,826,205,24.818401937046005,0.14741054794146302,0.01217752979526797,-3.553745840167805,-2.5291023166315174,3.92419757814684,93.17650568153577,90.41202706976765,10.587448243169417,9.353559776363658,37.06462112510037,-5.33226155522467,-4.307618031688382,-4.0560557005707345,0.21950297585384054,79.0,185.0,-106.0,30.21916232799992,27.666388232812714,26.3888211108302,-0.003090525538967562,0.09808144635391446,1149.8839907192576
676391,Ernie Clement,2025,587,950,346,36.421052631578945,0.0906468240207532,0.0137963278627956,-4.298384990972174,-2.645545068507587,4.906235596828983,92.8623442296136,88.40299762821186,13.236977602629404,11.032321661962103,37.06462112510037,-5.368194096491603,-3.715354174027016,-4.147902615038745,0.30536579722732093,244.0,186.0,58.0,31.36380111118061,27.158547795012836,26.111917886779658,-0.004426582438071344,0.15573041730333348,971.0391822827938
514888,José Altuve,2025,650,1256,485,38.61464968152866,0.09160414511977885,0.011737441610619724,-4.7750866158009195,-2.7624692238905633,5.33167369007886,92.54688395554702,87.11686111754909,14.384805586123258,11.670873936011755,37.06462112510037,-6.259308251492312,-4.246690859581956,-4.357344201692961,0.3417380337861086,252.0,187.0,65.0,44.42801038309274,39.25499988264175,37.647093110642736,-0.004118638933480092,0.1629786996339683,1159.3846153846155
665833,Oneil Cruz,2025,540,1233,349,28.304947283049476,0.129005961577773,0.011619358400696706,-4.40565184145876,-2.7877271260751444,4.7648795603709875,92.47873837246031,88.11359267213653,12.855600342678759,10.808598444330427,37.06462112510037,-6.313971079372093,-4.6960463639884775,-2.8780530369877746,0.29310641608631316,142.0,188.0,-46.0,45.02308059064278,41.05799393332989,39.34050661920789,-0.003215804263838511,0.12212734021503081,1370.0
607208,Trea Turner,2025,638,1227,385,31.377343113284432,0.11190033934217308,0.010346603756230671,-3.8771303364291416,-2.7932447578045787,3.89724448490521,92.46385185382894,89.53953873332992,10.514729050517595,9.30330386300303,37.06462112510037,-5.552834879415117,-4.4689493007905545,-3.6370123933633938,0.21715056936859325,189.0,189.0,0.0,43.081630646736635,38.958948722333645,37.17711622495856,-0.0033599689685435918,0.11830546261157225,1153.9184952978057
686797,Brooks Lee,2025,528,1018,324,31.827111984282908,0.10834218145236507,0.012969196260117328,-4.588506693473613,-2.876108844234361,4.847429691293448,92.24028532619576,87.62025199721722,13.078319821299187,10.939962837631992,37.06462112510037,-6.123730734755105,-4.4113328855158525,-5.143331308805742,0.3002743626225001,200.0,190.0,10.0,35.10286679056628,31.0649809003095,29.71398374398179,-0.0039664890866962475,0.13369658116380745,1156.8181818181818
657757,Gavin Sheets,2025,545,1191,375,31.48614609571788,0.11421650718440592,0.011796009870395504,-4.674626367640221,-2.885840381197604,4.948339069801193,92.21402973078472,87.38790192441887,13.350572377630888,11.097828209036352,37.06462112510037,-6.645349384270483,-4.856563397827866,-4.11170555775599,0.30900290042138184,193.0,191.0,2.0,42.83119019415222,38.585071243545684,36.7949978367732,-0.003565171243162497,0.1302413297984774,1311.1926605504589
683734,Andrew Vaughn,2025,447,865,246,28.439306358381504,0.12671774949873124,0.014701204059850974,-4.965313159165428,-3.020603929294407,5.074724257493539,91.85043894257201,86.60363168854062,13.691558428090627,11.291382788086445,37.06462112510037,-6.589911040054638,-4.645201810183617,-4.298293780438963,0.3198753849833501,143.0,192.0,-49.0,31.172566376687882,27.47340807310964,26.263082651847178,-0.0042764835879517266,0.12854662189881602,1161.0738255033557
664034,Ty France,2025,484,941,302,32.093517534537725,0.10999404029909257,0.011114474734762719,-4.4073237289177145,-3.022856190747679,4.280635535642481,91.84436236230516,88.10908193546042,11.549114507860462,9.996911703593291,37.06462112510037,-6.079954784657256,-4.695487246487221,-5.090485025341639,0.25073691197821624,204.0,193.0,11.0,33.21820017032596,29.662959028999005,28.313703310702437,-0.0037781521161816757,0.11256608246663692,1166.5289256198346
642133,Rowdy Tellez,2025,312,636,193,30.345911949685533,0.11857565599281904,0.01507591798366798,-5.754444042735148,-3.101011136623382,5.870931744889694,91.6335010516987,84.47456396947167,15.839718757880044,12.408607133541121,37.06462112510037,-7.478870594331146,-4.825437688219379,-5.010676594880744,0.3863070461677908,174.0,194.0,-20.0,22.885101606614075,19.8927907043918,18.99608889756188,-0.004704891355695404,0.12105474497812181,1223.076923076923
592518,Manny Machado,2025,674,1316,393,29.86322188449848,0.12444655129471818,0.010411804481336696,-4.281354791579379,-3.138903334285463,3.8351167165448437,91.5312682579675,88.44894494637091,10.347108914456651,9.186597709982252,37.06462112510037,-6.208915967155903,-5.066464509861987,-4.3093444642506205,0.21173661098239607,167.0,195.0,-28.0,48.90749465882425,44.09810610961675,41.93281238905245,-0.003654550569306613,0.1187570188951676,1171.5133531157269
666139,Josh Lowe,2025,432,912,338,37.06140350877193,0.10556441822459933,0.012158447654808618,-6.396815653603012,-3.5061330594745868,5.852973044908765,90.54048590530388,82.74145139103808,15.79126635384679,12.385271914584683,37.06462112510037,-8.214727877091335,-5.32404528296291,-6.244799606641433,0.38485545967342016,247.0,196.0,51.0,35.680773359914575,31.07506608932041,29.766169288408815,-0.005050117621265535,0.13954413929420112,1266.6666666666667
578428,Jose Iglesias,2025,342,650,222,34.15384615384615,0.11479120782607004,0.013021452110732553,-5.975445059777431,-3.5545273223493177,5.328485124320453,90.40991863817496,83.87830529925255,14.376202865626956,11.666278072813983,37.06462112510037,-7.570372552397194,-5.149454814969081,-6.492552254468234,0.34146894133896866,227.0,197.0,30.0,25.483648137387547,22.077644453314413,21.168535782521147,-0.005240005667804823,0.1191302175944258,1140.3508771929826
641680,Jonah Heim,2025,435,820,246,30.0,0.11962831434411701,0.013532987710885484,-5.679739596685173,-3.6801130486144857,4.778860303651841,90.07108952714401,84.67611586392604,12.893320256862332,10.830987790101522,37.06462112510037,-7.277005780604831,-5.277379232534145,-5.969001898434395,0.29432197752992467,170.0,198.0,-28.0,29.428565328652784,25.310754121056032,24.15273613771428,-0.005021720984874085,0.12099165455538814,1131.0344827586207
669221,Sean Murphy,2025,335,639,168,26.291079812206576,0.15172796317091733,0.01142031256606066,-5.439759839034838,-3.7703020681478665,4.326041802127645,89.82776039873076,85.32357899821886,11.671620188768165,10.076047548472049,37.06462112510037,-7.278687373678701,-5.60922960279173,-6.232033427884624,0.2547223054648838,109.0,199.0,-90.0,25.49029781271411,22.453098569252994,21.426364029076836,-0.004753050459250575,0.09555069256780921,1144.4776119402986
691176,Jasson Domínguez,2025,429,900,279,31.0,0.12617385209203924,0.011313431523692104,-5.872149817143409,-3.7988653034551363,4.8069139013632,89.75069705789458,84.1569948946092,12.969008600246909,10.875739839522813,37.06462112510037,-7.799727565666349,-5.726443051978077,-6.602424002414372,0.2967591925494641,186.0,200.0,-14.0,35.20250473367895,31.003917614421415,29.62569952422751,-0.004665096799175042,0.11456478131582294,1258.7412587412587
673357,Luis Robert,2025,426,795,260,32.70440251572327,0.11479328248999522,0.011754952373306362,-6.061077278656082,-3.9255866016151306,4.816771055703775,89.40880418454702,83.64727037624705,12.995603110163266,10.89140921217622,37.06462112510037,-7.559892096070752,-5.424401419029801,-5.333146157230788,0.2976149283877329,212.0,201.0,11.0,29.84625344739876,25.54288857955294,24.478730059188525,-0.005413037569617382,0.12129161783834558,1119.718309859155
682985,Riley Greene,2025,654,1334,420,31.484257871064468,0.127920452876342,0.011587226562330117,-5.918875358870701,-3.939335249979428,4.631244930077734,89.37171046027046,84.03092982147764,12.495055364106847,10.59166056149115,37.06462112510037,-7.602389542370397,-5.622849433479124,-6.486454770211957,0.2814586943347615,192.0,202.0,-10.0,53.72659020806364,47.27501606689458,45.43998560687991,-0.004836262474639478,0.13821218507744004,1223.8532110091744
693304,Nick Gonzales,2025,409,644,204,31.67701863354037,0.11227434093944241,0.013027554611215535,-5.580526154980693,-3.973170732052253,4.159321904678797,89.28042264713291,84.94379279867634,11.221811469865749,9.782367580647545,37.06462112510037,-7.001064632333186,-5.393709209404746,-5.58506075149381,0.24009024559794045,196.0,203.0,-7.0,22.90396555164625,19.099906889334413,18.131573160605797,-0.00590692338868298,0.11172533285616824,944.7432762836186
547180,Bryce Harper,2025,574,1231,439,35.662063363119415,0.10030774313320132,0.010019072776298165,-6.154788671720072,-3.985832903550339,4.8256090368138045,89.24626022724644,83.39443791710038,13.019447900267014,10.90543414009067,37.06462112510037,-7.685149129495912,-5.516193361326178,-4.989395925487313,0.29838190266901427,238.0,204.0,34.0,44.03509923547538,38.147018072863176,36.68297323492429,-0.004783169100416087,0.13157814176234467,1286.759581881533
695578,James Wood,2025,684,1419,348,24.52431289640592,0.15793340428071062,0.008962793629810423,-5.119695779230703,-4.064422615739702,3.340324317351901,89.03422592120535,86.18710882825235,9.012163664313878,8.214042302054713,37.06462112510037,-7.1929283828195745,-6.137655219328574,-5.202869421480933,0.16927796544082724,73.0,205.0,-132.0,54.96082468968729,49.124371501364294,46.76088633327298,-0.004113074833208599,0.10108862487406944,1244.7368421052631
656811,Ryan O'Hearn,2025,540,1081,293,27.104532839962996,0.1459594756304735,0.010262336141276912,-5.694747970750127,-4.2525550007791155,3.835917219273058,88.52664651170747,84.63562341152974,10.349268663305864,9.188109117206594,37.06462112510037,-7.881901169690322,-6.439708199719311,-5.15570649612376,0.21180628782663294,126.0,206.0,-80.0,42.76612635972874,37.64085318605362,35.67241530700745,-0.004741233278145342,0.10500231854901765,1201.111111111111
527038,Wilmer Flores,2025,465,915,271,29.617486338797818,0.1265580505498831,0.01072665290668583,-6.008718303475459,-4.320726011723,4.123840612694229,88.3427217638629,83.78853439997442,11.126083277029752,9.718758984920841,37.06462112510037,-7.444885157772847,-5.756892866020388,-5.411472697470187,0.2369780845041624,162.0,207.0,-45.0,34.29723169901832,29.64047501382484,28.527445701744362,-0.005089351568517465,0.10565572314631942,1180.6451612903227
672820,Lenyn Sosa,2025,543,1043,429,41.1313518696069,0.0893313094215041,0.012044384858618615,-7.806910452597607,-4.391252491522528,5.828464743408255,88.15244198314832,78.93702885496185,15.725143186371831,12.353292588941619,37.06462112510037,-9.402276985938165,-5.986619024863087,-8.143402291435239,0.38287059749140134,258.0,208.0,50.0,38.32313174182526,31.257877782224426,29.81407106955122,-0.006773973115628796,0.1633279829677643,1152.486187845304
680718,Addison Barger,2025,501,941,293,31.137088204038253,0.12605568584715135,0.012886368023314554,-6.788856243111076,-4.513849356500446,4.704635333577867,87.82167679182443,81.68372955925449,12.693061984092052,10.71145822929877,37.06462112510037,-8.629947370982032,-6.354940484371402,-7.113687668130698,0.2878616148827214,187.0,209.0,-22.0,36.934315953215346,31.2656209902176,29.72830989844535,-0.006024117920295164,0.1280612184779988,1126.946107784431
650859,Luis Rengifo,2025,543,969,299,30.856553147574818,0.11973285896541204,0.012077118964265653,-6.376786592633708,-4.522260594105443,4.244502428710053,87.79898335169291,82.79548960959077,11.451627724411438,9.933484611745289,37.06462112510037,-7.828052333197483,-5.973526334669218,-5.891362740066801,0.24756532011955576,184.0,210.0,-26.0,35.8001248306582,30.02913296432469,28.715737469114476,-0.005955615961128489,0.1233995219099199,1070.7182320441989
668901,Mark Vientos,2025,461,873,289,33.10423825887743,0.11011371405803207,0.012980614970794951,-7.3506891139722335,-4.5718402887866265,5.172983329708372,87.66521780067367,80.1679097456245,13.956660482913176,11.438701573952619,37.06462112510037,-8.807095076089018,-6.028246250903411,-5.305829048088586,0.32827667039297354,220.0,211.0,9.0,31.822863362771265,26.175083893535934,25.056078645976203,-0.0064693922900748374,0.13451900057783922,1136.225596529284
592663,J. T. Realmuto,2025,548,1112,362,32.55395683453237,0.11828817929085608,0.009997011223582274,-6.515212959478506,-4.577972740493422,4.316843362052127,87.64867250351254,82.422016570766,11.646802883757893,10.060067262063596,37.06462112510037,-8.506954998516628,-6.569714779531544,-6.936511759136624,0.2539149834455179,211.0,212.0,-1.0,42.820320903289904,36.86975973363287,35.05063533797805,-0.005351224073432586,0.11823422388563035,1217.5182481751824
669394,Jake Burger,2025,375,671,270,40.23845007451565,0.09053997616012059,0.014439382879969638,-8.896435942950907,-4.725051473372326,6.254249118029896,87.25185546231715,75.99749930554074,16.873905433757372,12.887374889718396,37.06462112510037,-10.123359871019987,-5.951975401441406,-8.318493133149207,0.4166923090702123,256.0,213.0,43.0,24.44579356323256,18.88552109888824,18.118693643845067,-0.00828654614656381,0.15090163080178523,1073.6000000000001
596146,Max Kepler,2025,474,918,246,26.797385620915033,0.1442094277393584,0.011083655019363042,-6.310042827993946,-4.72553991617243,3.8544589416868127,87.25053764822577,82.97556366029937,10.399294056392097,9.223061159622153,37.06462112510037,-7.971531681861242,-6.387028770039726,-6.567799890460219,0.21342079698787114,117.0,214.0,-97.0,35.475519223882166,30.49058538976695,29.178009195211786,-0.005430211148273657,0.10050072033287931,1162.0253164556962
686668,Brenton Doyle,2025,540,985,295,29.949238578680205,0.12496193609553909,0.010998729455377759,-6.456967012297667,-4.757519384064587,3.98093344417669,87.16425734393177,82.57916358970962,10.740521077337492,9.458606788998651,37.06462112510037,-8.114881754630426,-6.415434126397346,-6.743435266807821,0.22446100507468,169.0,215.0,-46.0,36.86377114818403,31.052500837116128,29.560377569016644,-0.0058997668132669025,0.11415877793287797,1094.4444444444446
666160,Mickey Moniak,2025,460,790,300,37.9746835443038,0.10010672600373169,0.014332527530439938,-8.732777886924522,-5.102148146073449,5.655058877738559,86.23445217785257,76.43904720501612,15.257295787947285,12.122568860135111,37.06462112510037,-9.980478588985527,-6.349848848134454,-8.678895246262327,0.36870232801801445,251.0,216.0,35.0,30.03201780111951,23.33688808781071,22.380317549563937,-0.008474847738365569,0.15425177371117904,1030.4347826086957
645277,Ozzie Albies,2025,666,1273,428,33.62136684996072,0.1105660710635382,0.010422046593383428,-7.106129547472134,-5.119208741426175,4.177738935786099,86.18842285167885,80.8277291612194,11.271500446977212,9.815230806838244,37.06462112510037,-8.613216085728366,-6.626295279682407,-7.02472557478528,0.24170609026696985,224.0,217.0,7.0,47.322278415194354,39.434474617500285,37.76160856003587,-0.006196232362681908,0.12997208163767998,1146.8468468468468
691406,Junior Caminero,2025,653,1268,408,32.17665615141956,0.12014717450007976,0.012644261527263303,-8.268638327832031,-5.3704208579935955,4.946945294337395,85.51065491842647,77.6912913801985,13.346811984508038,11.095667957691756,37.06462112510037,-10.037817314590235,-7.1395998447518,-7.482167332752281,0.3088826140103824,207.0,218.0,-11.0,49.02004719603254,40.02101248257535,38.095556018653504,-0.007097030531117662,0.15119569020095086,1165.084226646248
621020,Dansby Swanson,2025,643,1209,304,25.144747725392886,0.15007748896026968,0.010755635112199027,-6.809611711805529,-5.51259843617156,3.273665474380755,85.12706114662427,81.6277314994756,8.832318731470345,8.07718293867628,37.06462112510037,-8.339446198576844,-7.042432922942876,-6.519328114939777,0.1636840638223929,87.0,219.0,-132.0,45.62355664392198,38.325922759437056,36.68645013444713,-0.006036090888738565,0.10089760795563658,1128.149300155521
667670,Brent Rooker,2025,697,1324,353,26.661631419939575,0.1411906968261371,0.009806062943167413,-6.865928925216534,-5.531508067125941,3.3158109059888825,85.0760431397477,81.47578818614474,8.946026710477815,8.163873239409911,37.06462112510037,-8.476690489149945,-7.142269631059352,-6.176982948817476,0.16721647571682463,112.0,220.0,-108.0,49.840315979626396,41.864395211499854,39.993227194730544,-0.006024109341485302,0.10585887902934142,1139.74175035868
663624,Ryan Mountcastle,2025,355,674,268,39.762611275964396,0.09612145869791473,0.014272993719059808,-10.695338326494683,-5.55057818017352,6.50135225568621,85.02459215368955,71.1440775547231,17.54058738046416,13.177151098872377,37.06462112510037,-12.30865939781605,-7.163899251494888,-10.08493094893479,0.43564186854408216,255.0,221.0,34.0,25.76055093104115,19.432475754531794,18.477927453999985,-0.009388835573456015,0.14816678314055176,1139.1549295774648
676572,Eric Wagaman,2025,515,973,250,25.69373072970195,0.14828254818590522,0.010966803187647384,-7.229670255288468,-5.5611462647546235,3.6995023998732592,84.99607956065526,80.49441749077398,9.98122276061237,8.927653709184577,37.06462112510037,-9.015176939111994,-7.346652948578149,-6.444762351987397,0.1999683360639406,95.0,222.0,-127.0,37.07063704647631,30.865170077353703,29.332610173738512,-0.006377663894267834,0.1017988500030074,1133.5922330097087
686469,Vinnie Pasquantino,2025,681,1267,388,30.623520126282557,0.1200071598679147,0.010133381348932618,-7.2658680799164355,-5.589023180854763,3.700995881799985,84.92086790259987,80.39675609958968,9.985252160836602,8.93053673531232,37.06462112510037,-8.676100846082836,-6.9992559470211635,-6.770464538864875,0.2000975093145639,178.0,223.0,-45.0,46.562778028750905,38.31601775804575,36.71540356844689,-0.0065088873486228525,0.11801199601375502,1116.2995594713657
680776,Jarren Duran,2025,696,1334,419,31.40929535232384,0.1194717578404233,0.009473860662485565,-7.33633259968016,-5.669126389251401,3.6684898689963283,84.70475019799343,80.2066434864703,9.8975512433122,8.867629140580771,37.06462112510037,-8.745122097426274,-7.0779158869975145,-7.357595126710641,0.19728842425046414,190.0,224.0,-34.0,50.05866653513736,41.54852071950838,39.914324902122885,-0.006379419651895792,0.11651112574587698,1150.0
682622,Noelvi Marte,2025,361,627,210,33.49282296650718,0.11955662646341389,0.01562982801255953,-9.735508651142375,-5.679359854633298,5.717711799515344,84.6771404044187,73.73368901227097,15.426332782997955,12.206838697273785,37.06462112510037,-11.053359374326416,-6.997210577817339,-9.856291060623569,0.3738462011486159,222.0,225.0,-3.0,25.106891557316917,19.249360518879588,18.45645366709719,-0.009342154766247734,0.13738662095554224,1042.1052631578948
664056,Harrison Bader,2025,498,1013,333,32.87265547877591,0.1162184437365227,0.011245827760453294,-8.512403568041206,-5.690542305833569,4.765143852367406,84.64697025601079,77.03361504948298,12.856313400005115,10.809022228681096,37.06462112510037,-10.139667618464184,-7.317806356256547,-8.16819561629781,0.2931294008142503,215.0,226.0,-11.0,38.700741764262055,31.635446802787854,30.284817640936783,-0.006974624838572755,0.12426516063183046,1220.4819277108434
663853,Romy Gonzalez,2025,339,624,220,35.256410256410255,0.11249997658958164,0.01402123197030075,-9.585119841500443,-5.701145491726497,5.58609439749222,84.61836295996656,74.13943660951293,15.07123026737021,12.02860811852261,37.06462112510037,-11.164208533617604,-7.280234183843658,-10.110527326629754,0.3630089332664143,236.0,227.0,9.0,24.74999484970796,19.33440213926021,18.442217028214014,-0.008678834471871394,0.12634685132775597,1104.424778761062
672275,Patrick Bailey,2025,453,825,237,28.72727272727273,0.1392078761620117,0.011383136039710829,-7.773640714342772,-5.729146846306456,4.04457293521301,84.54281556806028,79.02679029658712,10.91221982699292,9.57524218118252,37.06462112510037,-9.57500760727263,-7.530513739236314,-9.06625359351968,0.23003085550831834,149.0,228.0,-79.0,32.99226665039677,27.123167911067984,25.763135906905937,-0.0071140590779742935,0.10631453616146432,1092.7152317880796
606192,Teoscar Hernández,2025,546,1005,303,30.149253731343283,0.12550715892958553,0.011677170457653001,-7.898213915569178,-5.772765405505556,4.110791019103147,84.42513310463545,78.69069296860972,11.09087559597175,9.695266374581994,37.06462112510037,-9.523434583878231,-7.397986073814609,-7.366747293576225,0.2358338015507702,171.0,229.0,-58.0,38.02866915566442,30.841294492496466,29.362343684335226,-0.007151616580266619,0.11800047635011468,1104.3956043956043
572233,Christian Walker,2025,637,1221,349,28.58312858312858,0.14366983580660747,0.01053194512118185,-7.827244805750119,-6.016770146368021,3.7285163163520565,83.76681060340468,78.88216696096357,10.059502035020355,8.983537352903648,37.06462112510037,-9.912224729924219,-8.10175007054212,-8.755425904648577,0.20247961955778906,146.0,230.0,-84.0,50.14077269650601,41.8308477944013,39.617294108236464,-0.006805835300659059,0.11328343203344639,1150.0784929356357
663698,Joey Bart,2025,331,692,160,23.121387283236995,0.16788944015228535,0.01261016436148177,-8.848563978342929,-6.067929126508428,4.604256645230467,83.62878415503567,76.12665741684695,12.422241224833236,10.547201392750681,37.06462112510037,-10.445731687519336,-7.665096835684835,-7.53710073774504,0.27910077197212885,49.0,231.0,-182.0,26.862310424365656,21.980852629646474,21.09974844341749,-0.0070541297611548875,0.09655687902067335,1254.380664652568
671277,Luis García,2025,526,959,363,37.851929092805,0.10171222561719444,0.011987619487077083,-9.559684355781082,-6.118896087590642,5.103651596354651,83.49127577228386,74.20806131131013,13.769604116898497,11.335038750380658,37.06462112510037,-10.747610593342026,-7.306822325151586,-9.306551016295213,0.32235364003397365,250.0,232.0,18.0,36.92153789904158,28.5408812804735,27.499465945545072,-0.008738953721134599,0.14447949319446668,1093.916349809886
664040,Brandon Lowe,2025,552,1035,330,31.88405797101449,0.11961115217369148,0.009920912087837809,-8.068848032183297,-6.168726012388772,3.7796533739878004,83.35683510275713,78.23032372312845,10.197469336677496,9.081390804845975,37.06462112510037,-9.757934114057205,-7.85781209426268,-8.202658296687849,0.20691467394345675,202.0,233.0,-31.0,39.47168021731819,32.04834002770955,30.49438083238556,-0.007172309361940708,0.10808604497157735,1125.0
678882,Ceddanne Rafaela,2025,586,1036,438,42.277992277992276,0.08630185592646704,0.009599005858773569,-8.82066867642251,-6.176241453433281,4.456594041279264,83.33655851334011,76.20191867967293,12.023848904963536,10.300063891790078,37.06462112510037,-9.948295632588655,-7.303868409599426,-7.57814499672176,0.26617446979927384,261.0,234.0,27.0,37.80021289579256,29.18535982181991,28.08404416129764,-0.008315495245147348,0.13522891490024455,1060.7508532423208
660821,Jesús Sánchez,2025,496,1001,308,30.76923076923077,0.13167079498227616,0.011118273002530512,-9.14428037691489,-6.301978771762082,4.580988480565034,82.99732040834394,75.32881734835182,12.359463934902498,10.508694996103506,37.06462112510037,-10.784805583264864,-7.942503978112056,-9.013445913411632,0.2770665741954314,180.0,235.0,-55.0,40.554604854541054,32.99533307629141,31.639165572375433,-0.007551720058191452,0.11969405687010301,1210.8870967741934
681624,Andy Pages,2025,625,1089,365,33.51698806244261,0.11883021741471068,0.009849664658729539,-8.171553126649217,-6.369907043688201,3.630604813249236,82.81405056809156,77.95322634199168,9.795337718400607,8.793894288192933,37.06462112510037,-9.62411216577988,-7.822466082818865,-8.30825363156364,0.19402113535104418,223.0,236.0,-13.0,43.3730293563694,34.86099484944314,33.34791251701536,-0.007816376957691705,0.11460242466064506,1045.44
596115,Trevor Story,2025,653,1185,421,35.527426160337555,0.10949784392565266,0.010187584534859448,-9.003456922637787,-6.632052076964819,4.094221565599648,82.10678572814669,75.7087577065759,11.04617136589862,9.665360995700107,37.06462112510037,-10.377218180035236,-8.00581333436227,-8.972318045311418,0.23438117059227828,237.0,237.0,0.0,46.09859229269977,36.29983000856232,34.804719840094755,-0.008268997708132875,0.12944166697942205,1088.8208269525269
621439,Byron Buxton,2025,535,1005,299,29.751243781094526,0.1393570263426481,0.011238316457699684,-9.247694930826535,-6.7395922430509225,4.181646172374558,81.81664336914851,75.04980585228769,11.282042134629357,9.82218936430636,37.06462112510037,-11.0354277818357,-8.527325094060089,-9.4316754965807,0.24204892926026422,165.0,238.0,-73.0,41.667750876451784,33.42188956313146,31.827827770981617,-0.008204837127681917,0.11761610231836521,1127.1028037383178
663616,Trevor Larnach,2025,565,1106,306,27.66726943942134,0.1453339755541316,0.009699583120715116,-8.794243271779878,-6.819294922638132,3.691985158844025,81.60160628751154,76.27321417343623,9.960941314853455,8.913131780744742,37.06462112510037,-10.534315977624644,-8.559367628482898,-8.688906046011374,0.1993183189005264,132.0,239.0,-107.0,44.47219651956427,36.19095077197156,34.552382307301066,-0.007487563967082026,0.10453929826760225,1174.513274336283
666176,Jo Adell,2025,570,1147,378,32.95553618134263,0.12400487886963567,0.011250313734372736,-10.114859253024903,-6.896788906265632,4.689959257599808,81.39252824684861,72.71020464802469,12.65346606881607,10.687630545125096,37.06462112510037,-11.810417762623555,-8.592347415864284,-9.600988965557782,0.2865823405809265,217.0,240.0,-23.0,46.87384421272228,37.26472792234862,35.653947338229905,-0.008377607925347566,0.13155609273267582,1207.3684210526314
701538,Jackson Merrill,2025,483,856,324,37.850467289719624,0.10690103373545079,0.011874933176438878,-10.777859555833679,-6.987563994902882,5.061288976554568,81.14761790949251,70.92143605230366,13.655310166187114,11.271025423621468,37.06462112510037,-12.111384429875965,-8.321088868945168,-9.588909291158007,0.31872301068163406,249.0,241.0,8.0,34.635934930286055,25.959757987839946,24.886270464235903,-0.010135720727156673,0.139257993158355,1063.3540372670807
572191,Michael Taylor,2025,323,604,180,29.80132450331126,0.14073153309118402,0.010796195211361432,-9.911696305977513,-7.057872600348571,4.372822697480623,80.95792595174017,73.25833637278096,11.79783460546241,10.156917993290493,37.06462112510037,-12.006362617601427,-9.152538911972485,-9.521631452721342,0.2588275207203565,166.0,242.0,-76.0,25.331675956413125,19.995879445028564,18.868250747271023,-0.008834100184411523,0.09578437531986024,1121.981424148607
553993,Eugenio Suárez,2025,657,1279,405,31.665363565285382,0.13644523831891792,0.011463695846307605,-10.119275644977286,-7.155865356120664,4.429511665317316,80.69354241618115,72.69828926397832,11.950780908745417,10.254020260491464,37.06462112510037,-12.0691746071328,-9.105764318276178,-10.980437380081142,0.2638000677512899,195.0,243.0,-48.0,55.26032151916176,44.17971468791163,42.04457532435134,-0.008663492440383213,0.13562342154910373,1168.0365296803652
669224,Austin Wells,2025,447,876,258,29.45205479452055,0.13923882077648017,0.010572951583171435,-9.950005912002897,-7.261093772533609,4.192786351550892,80.40963713610887,73.1549774152023,11.31209823351334,9.842003456107687,37.06462112510037,-11.751534093579197,-9.06262195410991,-10.283823102543039,0.2430264744775628,159.0,244.0,-85.0,35.923615760331884,28.51086135588973,27.168722860615382,-0.008462048406897441,0.10553753653763391,1175.8389261744967
665019,Kody Clemens,2025,386,725,203,28.000000000000004,0.14874655111721066,0.014265833766365824,-10.887577294647455,-7.271475537461585,4.8592108944662735,80.38162723175039,70.62541862251945,13.110105396910663,10.958547140708387,37.06462112510037,-12.282085564274242,-8.665983807088372,-10.997697878174572,0.30129541355256323,139.0,245.0,-106.0,30.195549876793763,23.191208483903903,22.294074830444,-0.009661160541917051,0.11610015492803677,1126.9430051813472
677950,Alek Thomas,2025,470,785,275,35.03184713375796,0.11264537757413903,0.01212519907327893,-10.634368552987674,-7.459443786861618,4.502964214226064,79.87449065866738,71.30857343153572,12.148955196459923,10.378382065409925,37.06462112510037,-12.00032744129945,-8.825402675173395,-10.694338634208362,0.27023765865535265,233.0,246.0,-13.0,30.977478832888234,22.647223466381224,21.577222337203665,-0.010611790275805109,0.12589551964120832,1002.1276595744681
681481,Kerry Carpenter,2025,463,856,294,34.345794392523366,0.1176049484201282,0.01300861092882133,-11.820634521948593,-7.538270194335387,5.205785397174725,79.66181775097,68.10803897859462,14.045160153139506,11.487271895454263,37.06462112510037,-13.126561206118485,-8.84419687850528,-12.399190541106723,0.33107040613497474,230.0,247.0,-17.0,34.57585483551769,25.454265196080694,24.446525104796258,-0.010656062662893689,0.13730271314622178,1109.2872570194384
681393,Connor Norby,2025,336,609,194,31.85550082101806,0.1315799772076377,0.013328938577302954,-11.881304252445203,-7.711151700435879,5.086563912034183,79.19538506974285,67.94435261500863,13.723501704943999,11.309279613264334,37.06462112510037,-13.277221904142182,-9.107069352132859,-12.473559949165518,0.32089019261400265,201.0,248.0,-47.0,25.526515578281714,18.8729851969124,18.091271311962092,-0.010925337243627773,0.11542606395627635,1087.5
681297,Colton Cowser,2025,358,719,174,24.200278164116828,0.17255507859225316,0.013438843314458713,-12.11281097457533,-8.421804655627575,4.6036663640259405,77.27805006504092,67.31974965104266,12.420648651682322,10.546226550059735,37.06462112510037,-13.759077903423002,-10.068071584475247,-11.060290587737251,0.27904918164711856,70.0,249.0,-179.0,30.02458367505205,22.79727312688877,21.81500052600966,-0.010051892278391211,0.10244037817470303,1205.0279329608938
701358,Cam Smith,2025,495,966,289,29.91718426501035,0.14581534922270803,0.008067362273177765,-10.636849777080359,-8.54587793556147,3.4426943959947507,76.94330152001972,71.3018791122162,9.288357175903622,8.421533342529703,37.06462112510037,-12.601472006627272,-10.510500165108382,-10.672769573777423,0.17793808209797274,168.0,250.0,-82.0,42.14063592536262,33.36523485927133,31.744421519895123,-0.009084266113966146,0.09138267313660471,1170.9090909090908
687263,Zach Neto,2025,547,1130,344,30.442477876106196,0.13775989342322023,0.01167187736445566,-12.610109923269842,-8.778875365093569,4.604881353599257,76.31467664147128,65.97804175386483,12.423926682150286,10.548232977540536,37.06462112510037,-14.347933885617767,-10.516699327441493,-11.770889625849613,0.2791553703780024,175.0,251.0,-76.0,47.38940333758776,35.89318645754008,34.30887027853289,-0.010173643256679356,0.1248864438259182,1239.4881170018282
696100,Hunter Goodman,2025,577,1126,416,36.9449378330373,0.11481035077831502,0.010555502525993308,-12.896539214995395,-8.85100648355097,4.714758508119588,76.12006756071489,65.20525821249583,12.720374214014903,10.727856580626003,37.06462112510037,-14.637054140254323,-10.591521408809898,-12.242309982284553,0.288743673908851,245.0,252.0,-7.0,47.76110592377905,35.35893404535848,33.68513885890114,-0.011014362236607967,0.13511850158268518,1170.8838821490467
681460,Brooks Baldwin,2025,327,618,204,33.00970873786408,0.1353355015669722,0.01351598005983045,-15.260480351767981,-9.551486086084306,5.413775596834774,74.23018016602364,58.82736720750264,14.606315760148249,11.78824545344399,37.06462112510037,-16.97706159701801,-11.268067331334336,-14.991160524229356,0.34864617147697763,219.0,253.0,-34.0,27.608442319662327,19.291480527948778,18.355943749287512,-0.013457866976882768,0.11868682573974942,1133.9449541284403
691718,Pete Crow-Armstrong,2025,646,1227,513,41.80929095354523,0.10257986473794714,0.010740011268319973,-15.054553876167507,-9.773557015348658,5.153515889272588,73.63103488266889,59.38295490636359,13.904137511289969,11.40973216534626,37.06462112510037,-16.44801649579202,-11.167019634973173,-14.244906469744159,0.3266160031305438,260.0,254.0,6.0,52.62347061056688,36.41473427055987,34.91443951676414,-0.013210054066835383,0.1584027093764524,1139.6284829721362
681351,Logan O'Hoppe,2025,454,894,283,31.655480984340045,0.1360625492545066,0.010159274731741722,-13.514982532379776,-9.803011491861518,4.314806322091045,73.55156698142298,63.53670394534978,11.641306969057439,10.056524838307665,37.06462112510037,-15.141695583815865,-11.429724543297608,-12.96869317872788,0.25373619416286514,194.0,255.0,-61.0,38.505701439025366,28.279364656191333,27.04848511393803,-0.011438855461783031,0.10919359120059573,1181.4977973568282
686780,Pedro Pagés,2025,388,725,260,35.86206896551724,0.12359363540416561,0.013110375354567627,-15.823634723364343,-9.82892200395139,5.476819764712954,73.48166066293555,57.30798199728935,14.77640833350923,11.87711757576952,37.06462112510037,-17.20282325647968,-11.208110537066727,-15.053142372665794,0.35392290645975194,240.0,256.0,-16.0,32.13434520508306,21.901728083974113,21.00985283255953,-0.014113954649805438,0.1315345735190453,1121.1340206185566
592206,Nick Castellanos,2025,589,1169,481,41.14627887082977,0.10655728026625293,0.009480046192191645,-15.1197843673583,-10.31187151285693,4.80003899890279,72.17866741966054,59.20696365322052,12.950460177919304,10.864794240416046,37.06462112510037,-16.494859902873447,-11.686947048372078,-13.951843033781758,0.2961621623400346,259.0,257.0,2.0,51.25405180806766,36.41146348744426,35.061597670080225,-0.012696824910712915,0.13781660738259816,1190.8319185059422
691023,Jordan Walker,2025,394,821,280,34.104750304506695,0.12572337844140058,0.010230087826599319,-15.168893179929672,-10.385035637212564,4.772759845971011,71.98127129868391,59.07446853771504,12.876861279283037,10.821225370292726,37.06462112510037,-16.611406896991078,-11.82754935427397,-14.342840131754294,0.29379164736073904,226.0,258.0,-32.0,35.202545963592165,25.24163944210502,24.294388767901356,-0.012132651061494703,0.10938127341649526,1250.253807106599
682657,Angel Martínez,2025,483,888,350,39.414414414414416,0.1167268178447979,0.010478239907656027,-16.134743066039455,-10.986847236004127,4.8263455548722165,70.3575892522377,56.46861460803409,13.021435019077499,10.90660187789609,37.06462112510037,-17.56947231297852,-12.421576482943191,-17.17735697308333,0.2984458066784296,254.0,259.0,-5.0,40.854386245679265,27.865918077517506,26.710961033731557,-0.014626653342524505,0.1303790495092381,1103.1055900621118
672356,Gabriel Arias,2025,470,920,359,39.02173913043478,0.11910855353028632,0.010427244345425047,-17.2664341425819,-11.282570223810623,5.1410475994962725,69.55973140604962,53.415322702735054,13.87049818246955,11.391121742549114,37.06462112510037,-19.012075629435714,-13.028211710664436,-17.436979821917614,0.3255513848677064,253.0,260.0,-7.0,42.75997071737279,29.234597305683632,27.867178140981476,-0.01470149283879256,0.1327713339963233,1174.468085106383
521692,Salvador Pérez,2025,631,1203,513,42.643391521197,0.10684200964693344,0.011264319367599042,-19.26386860716399,-11.68424085303468,5.694564168393024,68.47602781747567,48.02626326019994,15.363880691435511,12.17582493181522,37.06462112510037,-20.693627903506282,-13.114000149376974,-17.614826467104308,0.3719489614390355,262.0,261.0,1.0,54.80995094887685,34.550782463676065,33.04715227035608,-0.016840539056692264,0.17266558575654614,1143.8985736925515
678662,Ezequiel Tovar,2025,391,768,314,40.88541666666667,0.11927590882733362,0.010342064769634987,-19.20335974910268,-12.310909447472518,5.302040556828986,66.78528183002119,48.189515591465046,14.304855670677325,11.62805327840143,37.06462112510037,-21.114028604187972,-14.221578302557809,-19.651126173101602,0.33923494751862115,257.0,262.0,-5.0,37.452635371782755,24.938445935284175,23.693326731386925,-0.01629451749544086,0.12467745898032868,1178.5166240409208
595879,Javier Báez,2025,435,816,377,46.200980392156865,0.1073389930347719,0.011705696479971394,-22.899592497637855,-12.94428295678952,6.226920879124036,65.07644604513823,38.21711431948209,16.800174101623632,12.854437816814782,37.06462112510037,-24.073804060213316,-14.118494519364981,-23.230381248080864,0.4145650974950413,266.0,263.0,3.0,40.466800374109006,23.864595813321557,23.013292430454353,-0.020345838922533634,0.15803972841488229,1125.5172413793102
673237,Yainer Diaz,2025,568,1030,460,44.66019417475729,0.10385664929213018,0.00956483936260699,-19.47792390778617,-13.261028846570241,4.86625207196772,64.22186860669191,47.44874406770717,13.129102427738744,10.96963484623774,37.06462112510037,-20.60880858394077,-14.391913522724842,-19.407269019088933,0.3019054150069628,265.0,264.0,1.0,47.77405867437988,29.334957375008965,28.26438654824928,-0.017902040096476612,0.1435400438656957,1088.0281690140844
669911,Michael Toglia,2025,337,684,211,30.84795321637427,0.16069509860203618,0.009901190648408777,-21.59686635286042,-15.048199744908281,4.710194635982182,59.40009829287705,41.73185723397319,12.70806092981323,10.720467418687628,37.06462112510037,-23.33874384103861,-16.79007723308647,-20.6127019129673,0.28834604760487814,181.0,265.0,-84.0,33.90666580502963,21.776425870173032,20.798071347646278,-0.017734268910609068,0.10115548883675864,1217.8041543026707
671739,Michael Harris,2025,640,1096,473,43.15693430656935,0.11229851911497726,0.00865213283252563,-20.971025162825242,-15.750510771133332,4.117016186514148,57.50526973425072,43.42037089211322,11.10767103923283,9.70647985714182,37.06462112510037,-22.085756269251863,-16.865241877559953,-21.683787501500394,0.23637964473544096,263.0,266.0,-3.0,53.117199541384245,30.74810603437065,29.559059520848923,-0.020409756849464954,0.13264962329979463,1027.5
