batter,player,game_year,plate_appearances,opportunities,chases,chase_rate,cost_per_chase,cost_per_chase_se,runs_saved_per_600_pa,runs_saved_shrunk,standard_error_per_600_pa,chase_plus,chase_plus_raw,chase_plus_se,chase_plus_posterior_sd,league_chase_cost_per_600_pa,runs_saved_vs_anchor_per_600_pa,runs_saved_vs_anchor_shrunk,runs_saved_count_only_per_600_pa,shrinkage_factor,chase_rate_rank,value_rank,rank_gap,total_cost,expected_cost,expected_cost_anchor,mean_runs_saved,standard_deviation,scale_to_600_pa
665742,Juan Soto,2024,710,1569,283,18.036966220522626,0.09270702435577217,0.015977767277991644,22.68627880337954,17.51462298006558,3.887191652203348,148.4612391436171,162.77070215103373,10.755476978802381,9.394860631977746,36.1415087388917,22.68627880337954,17.51462298006558,22.746793766005986,0.23700562924283583,6.0,1.0,5.0,26.236087892683525,53.08151781001598,53.08151781001598,0.0171098979715312,0.11612656501546173,1325.9154929577464
663457,Lars Nootbaar,2024,404,810,138,17.037037037037038,0.08806700155206994,0.020537183934916697,19.419809852904283,14.127779086508003,4.405739423238963,139.09017520152713,153.73270383703357,12.190247659744122,10.306219164681327,36.1415087388917,19.419809852904283,14.127779086508003,19.795727335020405,0.28521786499310275,1.0,2.0,-1.0,12.153246214185652,25.2292515151412,25.2292515151412,0.016143216420932777,0.10423328198650375,1202.970297029703
608385,Jesse Winker,2024,504,958,185,19.31106471816284,0.09750070541433813,0.016665390357338102,17.452741944858257,13.364336433472666,3.988952485176969,136.97780446860915,148.29002040547755,11.03703919500316,9.580770552103585,36.1415087388917,17.45274194485826,13.364336433472669,17.775132472908147,0.24647839443672218,14.0,3.0,11.0,18.037630501652554,32.69793373533349,32.69793373533349,0.015303030515324568,0.10825685215601212,1140.4761904761904
650490,Yandy Díaz,2024,622,1197,273,22.807017543859647,0.06481021079030308,0.01713303348583219,18.498411211554313,13.23427771471357,4.550055785829008,136.61794478566478,151.18328442013342,12.589556840865125,10.544160573140367,36.1415087388917,18.498411211554313,13.23427771471357,18.77769066341009,0.2985396363141808,35.0,4.0,31.0,17.69318754575274,36.86987383506404,36.86987383506404,0.016020623466425483,0.13633544513406518,1154.6623794212219
595777,Jurickson Profar,2024,663,1320,292,22.12121212121212,0.07670225596180122,0.01611107566047091,18.061720853695405,13.150388366595553,4.409920122082661,136.38583121031826,149.97500515040556,12.201815242254034,10.313206745046385,36.1415087388917,18.061720853695405,13.150388366595553,18.31174368114659,0.2856047495215575,33.0,5.0,28.0,22.397058740845956,42.35526028417938,42.35526028417938,0.015119849654040472,0.13412385747434155,1194.5701357466064
592450,Aaron Judge,2024,685,1494,282,18.87550200803213,0.10406230627048504,0.01620147261709546,16.93870967468218,12.83402644288223,4.084473920895768,135.5104888830266,146.86774367129425,11.301337612672723,9.752120307175698,36.1415087388917,16.938709674682176,12.834026442882227,18.611238644779384,0.2553736466119411,11.0,6.0,5.0,29.345570368276782,48.6839305802056,48.6839305802056,0.012944016206110322,0.12064245044121577,1308.6131386861314
592192,Mark Canha,2024,460,954,229,24.0041928721174,0.07739761925737042,0.016021420027121057,18.322264619688124,12.591658407222909,4.875723142254277,134.83988036634753,150.69590412525204,13.490646385239403,11.056787802457727,36.1415087388917,18.322264619688127,12.591658407222912,17.111674819710988,0.3282735767669647,58.0,7.0,51.0,17.724054809937826,31.771124351698724,31.771124351698724,0.014724391553208486,0.12102398000812607,1244.3478260869565
680757,Steven Kwan,2024,543,1045,201,19.23444976076555,0.09416933156343747,0.017182516448166662,16.087398842897482,12.494809858435762,3.876532440848891,134.5719099573454,144.5122503300088,10.725983989366147,9.375185210967741,36.1415087388917,16.08739884289748,12.494809858435758,15.618367955184516,0.23601395885552282,13.0,8.0,5.0,18.928035644250933,33.48713159707315,33.48713159707315,0.01393214923715045,0.10852601509867323,1154.6961325966852
605141,Mookie Betts,2024,516,1051,223,21.217887725975263,0.0821456225666696,0.01781277057858171,17.586278702751237,12.447654346962192,4.645638215823464,134.44143529505544,148.65950348062455,12.854024023696375,10.698077415736455,36.1415087388917,17.58627870275124,12.447654346962196,17.496597255374446,0.30731902735716293,24.0,9.0,15.0,18.31847383236732,33.442673516733386,33.442673516733386,0.014390294656865902,0.12323738627530616,1222.093023255814
664238,Dylan Moore,2024,438,854,154,18.0327868852459,0.10572476560206803,0.015096396579754198,15.08619394542046,12.182967773535584,3.5325019520629497,133.7090735795032,141.7420148517106,9.774085463846841,8.719478468247567,36.1415087388917,15.08619394542046,12.182967773535584,14.965044691160557,0.20415451852198696,5.0,10.0,-5.0,16.281613902718476,27.29453548287541,27.29453548287541,0.0128956927168114,0.08824220165784549,1169.86301369863
641487,J. P. Crawford,2024,453,900,168,18.666666666666668,0.10030545198828127,0.02030857127277496,17.145000878017264,12.05863415109052,4.701588131946667,133.36505467497068,147.43853114125147,13.00883193868249,10.786829890149175,36.1415087388917,17.14500087801726,12.058634151090516,16.36519232619785,0.3124392863817862,8.0,11.0,-3.0,16.851315934031252,29.795791596934283,29.795791596934283,0.014382750736558926,0.11832330132065778,1192.0529801324503
572138,Jon Singleton,2024,406,840,191,22.738095238095237,0.07936001309868518,0.01874929066358532,17.78918113081698,11.446987266473542,5.399617062399528,131.67268790346733,149.22091454271285,14.940209334949614,11.813617235198786,36.1415087388917,17.78918113081698,11.446987266473542,17.078823742097402,0.37475183523048083,34.0,12.0,22.0,15.157762501848868,27.19510840036836,27.19510840036836,0.014330173688713678,0.1260660371641746,1241.3793103448277
663656,Kyle Tucker,2024,339,695,121,17.41007194244604,0.1256196149899125,0.020392821666328442,16.284855127746795,11.325068830933457,4.8027628633065556,131.33535158355636,145.05859244946998,13.28877246936381,10.944826670002396,36.1415087388917,16.2848551277468,11.32506883093346,15.973981788089636,0.32165903428013803,3.0,13.0,-10.0,15.199973413779414,24.400916560956354,24.400916560956354,0.013238767118240199,0.10293123636856528,1230.0884955752213
673490,Ha-Seong Kim,2024,469,926,174,18.790496760259177,0.10132759787348415,0.021364109550268226,15.919511643493193,11.11398526865778,4.775921497287552,130.75130412776065,144.04772296172098,13.214505049558726,10.90322208226233,36.1415087388917,15.919511643493191,11.113985268657778,15.514717703933055,0.31921823618013206,10.0,14.0,-4.0,17.63100202998624,30.074753631316753,30.074753631316753,0.01343817667530293,0.12267986194606556,1184.6481876332623
687462,Spencer Horwitz,2024,381,764,199,26.04712041884817,0.06841218133323204,0.019968382269690065,18.986201759669274,10.935848410036126,6.2359374113633415,130.25841696051862,152.5329528903654,17.254225484651336,12.862652925768957,36.1415087388917,18.986201759669274,10.935848410036126,18.26624991211495,0.44426191035244855,90.0,15.0,75.0,13.614024085313176,25.670262202703164,25.670262202703164,0.01578041638401831,0.14326126894601132,1203.1496062992128
457705,Andrew McCutchen,2024,514,1041,181,17.38712776176753,0.1305056532706161,0.017465933511965733,13.398030395663952,10.489285518412062,3.834390471472562,129.02282136087084,137.07103234803918,10.609381304954745,9.297021359136073,36.1415087388917,13.398030395663953,10.489285518412064,13.439949118101717,0.23209491996223663,2.0,16.0,-14.0,23.621523241981517,35.09916928093364,35.09916928093364,0.011025596579204726,0.1018082191187541,1215.1750972762645
672695,Geraldo Perdomo,2024,387,726,138,19.00826446280992,0.0987533182668719,0.01963027502132218,14.06113468219624,10.336372019391186,4.373919587644954,128.5997247488129,138.90577668957445,12.102205304279952,10.252849629926958,36.1415087388917,14.061134682196236,10.336372019391183,13.744594779084352,0.28227157945481174,12.0,17.0,-5.0,13.627957920828322,22.697389790844895,22.697389790844895,0.012492330399471865,0.10470374093747133,1125.5813953488373
457759,Justin Turner,2024,536,1136,286,25.176056338028168,0.09355044921187305,0.012747665910012444,13.662526667790232,10.268213975671003,4.190499385455935,128.41113814549038,137.8028675186104,11.59469964502771,9.938750665573568,36.1415087388917,13.662526667790237,10.268213975671008,12.356774475883803,0.26524155693023443,75.0,18.0,57.0,26.755428474595693,38.960618964488305,38.960618964488305,0.010744005712933633,0.11106830774174171,1271.641791044776
663697,Jonathan India,2024,633,1284,238,18.53582554517134,0.12659354366451434,0.014514943538378209,12.596575737912714,10.224687791739873,3.511110272289375,128.2907054755496,134.85348613672454,9.71489678988162,8.677378051051365,36.1415087388917,12.596575737912714,10.224687791739873,11.990953323756667,0.2021878319228073,7.0,19.0,-12.0,30.129263392154414,43.418650795652326,43.418650795652326,0.010349990189640118,0.10337473688956657,1217.0616113744077
686217,Sal Frelick,2024,523,1006,262,26.043737574552683,0.06881070265450501,0.015395193455765404,14.041909579319755,10.019006000063575,4.62373062123168,127.72160418771387,138.85258272079085,12.79340786417172,10.663056123734052,36.1415087388917,14.041909579319753,10.019006000063573,14.321329704057517,0.305310237825814,89.0,20.0,69.0,18.02840409548031,30.268268612120696,30.268268612120696,0.012166863336620662,0.12707027571725166,1154.110898661568
650333,Luis Arráez,2024,669,1140,403,35.35087719298245,0.03933525650565722,0.01361472142032131,13.892683866699198,9.672398122749536,4.828095553209198,126.76257428163511,138.43968985099215,13.358865530740026,10.983887514052185,36.1415087388917,13.8926838666992,9.672398122749538,13.899406971034695,0.32395906039978056,239.0,21.0,218.0,15.852108371779861,31.342450883149468,31.342450883149468,0.013588019746815443,0.15944037178313517,1022.4215246636771
672515,Gabriel Moreno,2024,350,724,158,21.823204419889503,0.10684355785131071,0.017638766274547787,13.067012645163457,8.908239515374376,5.015300324291526,124.64822257347619,136.15513878949417,13.876842719890622,11.266425703509729,36.1415087388917,13.067012645163459,8.908239515374378,12.069864129384296,0.34083979197628317,28.0,22.0,6.0,16.881282140507093,24.50370618351911,24.50370618351911,0.010528210004160245,0.108728765037591,1241.142857142857
650402,Gleyber Torres,2024,665,1384,297,21.459537572254337,0.12325248656918505,0.012837690921457619,10.836348468773618,8.710220485650936,3.6309667500415608,124.1003233942968,129.98311040931358,10.046527875396345,8.911255216911599,36.1415087388917,10.83634846877362,8.710220485650938,9.993212101959784,0.2132336501864274,25.0,23.0,2.0,36.60598851104796,48.61627473060539,48.61627473060539,0.008677952470778488,0.10817443158155263,1248.7218045112782
694384,Nolan Schanuel,2024,604,1171,255,21.77625960717336,0.09940026317397764,0.014547171831459402,10.733450808330426,8.422268813108843,3.8571388641096007,123.30358943771952,129.69840270331662,10.672323869974338,9.339289009227981,36.1415087388917,10.733450808330428,8.422268813108845,11.682842369306375,0.23421009355326702,27.0,24.0,3.0,25.3470671093643,36.15207425641693,36.15207425641693,0.009227162380062022,0.1134677688405251,1163.2450331125829
663993,Nathaniel Lowe,2024,566,1198,282,23.53923205342237,0.10628083062968113,0.013942909819950155,11.261514307404731,8.356695244627284,4.343104164944421,123.12215382318747,131.15950246782663,12.016942060503489,10.2008504031099,36.1415087388917,11.26151430740473,8.356695244627282,10.509074702083915,0.279415654798194,47.0,25.0,22.0,29.97119423757008,40.59455606755521,40.59455606755521,0.008867580826364883,0.11836873800388488,1269.964664310954
656305,Matt Chapman,2024,644,1290,315,24.418604651162788,0.09853286499304877,0.013768422720140864,10.994717941348451,8.339816080003425,4.156758223117836,123.07545083481529,130.42130316357571,11.501341167433802,9.879763043675398,36.1415087388917,10.994717941348453,8.339816080003427,11.10880051365282,0.2621024222663242,63.0,26.0,37.0,31.03785247281036,42.8388497298577,42.8388497298577,0.009148059889183983,0.12422085851897023,1201.863354037267
621043,Carlos Correa,2024,364,717,184,25.662482566248258,0.07735888091751404,0.019929210046893752,13.839312558266347,8.2812462389346,6.038105299530342,122.91339384518608,138.29201668986755,16.70684348889056,12.631021370633132,36.1415087388917,13.839312558266345,8.281246238934598,14.178794626371454,0.42840538108885234,82.0,27.0,55.0,14.234034088822584,22.629883707504167,22.629883707504167,0.011709692634144467,0.1368016192453533,1181.868131868132
608324,Alex Bregman,2024,636,1175,280,23.829787234042556,0.0920732409916906,0.01564519971259562,10.901878308504935,8.272641103014646,4.155332921417294,122.88958428044953,130.16442503069464,11.497397497813257,9.877262967760066,36.1415087388917,10.90187830850494,8.272641103014651,10.493801941608833,0.2619697889143886,53.0,28.0,25.0,25.780507477673368,37.336498484688605,37.336498484688605,0.009834885963417219,0.12849693146573246,1108.4905660377358
657041,Lane Thomas,2024,526,1018,234,22.98624754420432,0.1072741492551596,0.015343287603770352,11.078123337727746,8.255134177631133,4.310814969257409,122.84114433979848,130.65207769206,11.927601031825663,10.146031459326586,36.1415087388917,11.078123337727744,8.255134177631131,9.908747576850766,0.27642058805737063,38.0,29.0,9.0,25.102150925707345,34.813972385115335,34.813972385115335,0.009540099665430245,0.11844588767444401,1161.216730038023
677951,Bobby Witt,2024,705,1356,433,31.93215339233038,0.05640208137266241,0.013284570020445993,11.911486950882695,8.18104653387207,4.980499506261486,122.63615111637131,132.95791284458693,13.780552279219032,11.214711467140432,36.1415087388917,11.911486950882695,8.18104653387207,13.242928963688293,0.3377179826837215,197.0,30.0,167.0,24.422101234362824,38.41809840164999,38.41809840164999,0.010321531834282572,0.15892086609259234,1154.0425531914893
670623,Isaac Paredes,2024,642,1475,395,26.779661016949152,0.10041213590402569,0.011860256553594685,10.943784112084021,8.015107912681682,4.463862182979449,122.17701527234989,130.28037426757302,12.351067619310284,10.402856957720529,36.1415087388917,10.943784112084023,8.015107912681684,10.205874456658679,0.29059171703811937,105.0,31.0,74.0,39.66279368209015,51.37264268202005,51.37264268202005,0.007938880677918578,0.1243651062633036,1378.5046728971963
621493,Taylor Ward,2024,662,1270,267,21.023622047244096,0.10906161616506918,0.011854007396179622,9.383523393752418,7.915081987454461,3.1831919249694978,121.90025337524739,125.96328631863355,8.807578975097075,8.012517724094831,36.1415087388917,9.383523393752416,7.915081987454459,9.323955900154331,0.17239155370056206,21.0,32.0,-11.0,29.11945151607347,39.472605660513636,39.472605660513636,0.008152089877511943,0.09855251303144401,1151.0574018126888
669257,Will Smith,2024,541,1134,302,26.63139329805996,0.08474086915749732,0.013548479893011382,10.907675779770416,7.845917196392138,4.6191383227695395,121.70888120104733,130.18046606347875,12.780701426000258,10.655695617163541,36.1415087388917,10.907675779770413,7.845917196392135,11.330833004157961,0.30488888350253524,102.0,33.0,69.0,25.59174248556419,35.42683014699051,35.42683014699051,0.008672916809017923,0.12368027866433058,1257.6709796672828
683002,Gunnar Henderson,2024,716,1480,345,23.31081081081081,0.10320342668782395,0.0145244262629919,10.526716210814236,7.807879152743649,4.364692029444927,121.60363367548524,129.12638840527012,12.076673558312477,10.237311147397914,36.1415087388917,10.526716210814238,7.80787915274365,10.518767486431358,0.28141664671783845,43.0,34.0,9.0,35.605182207299265,48.167063552204255,48.167063552204255,0.008487757665476343,0.13538935515328568,1240.223463687151
672580,Maikel García,2024,627,1112,231,20.77338129496403,0.10200934593530568,0.018742163939489485,10.350454499307862,7.8007404022481115,4.228936469487887,121.58388145499242,128.63868958566687,11.701051276083415,10.005488919078644,36.1415087388917,10.350454499307865,7.800740402248115,10.410558719573002,0.2688156865387424,19.0,35.0,-16.0,23.564158911055614,34.38038386283233,34.38038386283233,0.009726820999799204,0.13252415925243835,1064.1148325358852
683737,Michael Busch,2024,565,1215,284,23.37448559670782,0.10770562387605642,0.013735112772099942,9.89524681439607,7.407576471313338,4.300854176108417,120.4960355275431,127.3791746932464,11.900040496871368,10.129051644433163,36.1415087388917,9.895246814396065,7.407576471313333,9.795102991690014,0.27549615903466357,45.0,36.0,9.0,30.588397180800023,39.90642126435632,39.90642126435632,0.007669155624326172,0.11618866886632102,1290.2654867256638
641598,Mitch Garver,2024,431,902,182,20.17738359201774,0.13030854686941565,0.015089503436156176,9.870497012561314,7.392794229759641,4.2970867195335805,120.4551345190642,127.31069442582434,11.889616315075154,10.122620915322894,36.1415087388917,9.870497012561314,7.392794229759641,9.050478076291693,0.275146456250563,17.0,37.0,-20.0,23.716155530233646,30.806462550923523,30.806462550923523,0.007860650798990995,0.10277722068928952,1255.6844547563805
643565,Mike Tauchman,2024,352,769,176,22.886866059817944,0.11302646004313689,0.0160672692556233,10.750608526868453,7.366906475946948,5.0316277274367875,120.38350565044192,129.7458764229723,13.922019038519766,11.29056221031486,36.1415087388917,10.750608526868456,7.366906475946951,11.97439979726362,0.34230174527848356,37.0,38.0,-1.0,19.892656967592092,26.199680636688253,26.199680636688253,0.008201591247199167,0.10644781342227305,1310.7954545454545
668930,Brice Turang,2024,616,1133,319,28.155339805825243,0.08120691864251078,0.013737029834967409,9.736892803580389,7.2508449017405425,4.3518974069240555,120.06237468979248,126.94102472015112,12.0412720962061,10.21572007518703,36.1415087388917,9.73689280358039,7.250844901740544,9.45753860455691,0.2802308510247436,130.0,39.0,91.0,25.90500704696094,35.901550325303475,35.901550325303475,0.00882307438512139,0.132737353796982,1103.5714285714284
607043,Brandon Nimmo,2024,664,1359,331,24.356144223693892,0.10285602532155609,0.01204186230219516,9.0486364360341,7.16702292839577,3.811171719728335,119.83044753381691,125.0366870442708,10.545137302547504,9.253699330812362,36.1415087388917,9.048636436034098,7.1670229283957685,8.989398081937328,0.22993693931384637,62.0,40.0,22.0,34.045344381435065,44.059168703979466,44.059168703979466,0.007368524151982637,0.1144104299877893,1228.012048192771
646240,Rafael Devers,2024,588,1244,379,30.466237942122188,0.07679818127478448,0.015610730967454495,11.349755849070533,6.857898172193995,6.038494369254374,118.97512973722164,131.40365813466198,16.707920006550196,12.631486565992025,36.1415087388917,11.349755849070533,6.857898172193995,11.401494130689844,0.4284369376604207,176.0,41.0,135.0,29.106510703143318,40.22927143523244,40.22927143523244,0.00894112599042534,0.16778168483098135,1269.3877551020407
467793,Carlos Santana,2024,593,1248,295,23.63782051282051,0.10107075875839792,0.01784236720013299,10.214221908621557,6.765215859921062,5.332703204071987,118.71868689488618,128.26174740632806,14.755065270237298,11.721442035393949,36.1415087388917,10.214221908621553,6.765215859921058,10.134615450495566,0.36892668189944616,50.0,42.0,8.0,29.815873833727387,39.91092982008169,39.91092982008169,0.008088987168553129,0.149191322464702,1262.7318718381114
571771,Enrique Hernández,2024,395,713,189,26.507713884992988,0.07813215717080912,0.017212181742995752,9.721527497653595,6.727336021651386,4.984698865531757,118.61387710804705,126.89851042989886,13.792171493293935,11.220971198503209,36.1415087388917,9.721527497653597,6.7273360216513876,9.139911203939818,0.3380950969497487,98.0,43.0,55.0,14.766977705282924,21.166983307904875,21.166983307904875,0.008976164940563745,0.12289663938958474,1083.0379746835442
668227,Randy Arozarena,2024,644,1435,355,24.738675958188153,0.10589640228267078,0.012048933085435249,8.718522704422659,6.617812151532037,4.2148083884898435,118.31083533159378,124.12329481707746,11.661960265522366,9.981015082203395,36.1415087388917,8.718522704422659,6.617812151532037,8.6680366887467,0.2675022264724745,67.0,44.0,23.0,37.593222810348124,46.951103846428445,46.951103846428445,0.00652117145371451,0.11942259450436672,1336.9565217391303
643376,Danny Jansen,2024,323,688,140,20.348837209302324,0.13906595701599,0.01800214854353931,9.651067514486781,6.491081019001455,5.227268893643647,117.96018275246057,126.70355458653367,14.463338903222398,11.573583173688164,36.1415087388917,9.651067514486785,6.4910810190014585,8.784187412608444,0.35967781519050085,18.0,45.0,-27.0,19.4692339822386,24.66472532753732,24.66472532753732,0.007551586257701624,0.10728324319458121,1278.0185758513933
596019,Francisco Lindor,2024,687,1297,345,26.599845797995375,0.08743462324343396,0.013421551482943382,8.36746778214904,6.46320598691341,4.067936808680883,117.88305528030817,123.15196037498248,11.255581049673767,9.722673766292345,36.1415087388917,8.367467782149046,6.463205986913415,8.119724344146375,0.2538337727877452,101.0,46.0,55.0,30.164945018984717,39.745695629545374,39.745695629545374,0.0073868547498540105,0.12933310275609203,1132.7510917030568
663368,Blake Perkins,2024,432,857,206,24.037339556592766,0.09584110538050444,0.01579365587099538,8.904853177158625,6.395789295609179,4.6978357679630784,117.69651992620524,124.63885290869486,12.998449516601836,10.780908445172672,36.1415087388917,8.904853177158625,6.395789295609179,8.636458807497988,0.3120963525900478,60.0,47.0,13.0,19.743267708383915,26.154761995938124,26.154761995938124,0.00748132355607259,0.11554200927210963,1190.2777777777778
666397,Edouard Julien,2024,301,610,109,17.868852459016395,,,8.441769613515378,6.314752537804855,4.357454850588606,117.47229918769158,123.35754623445266,12.056648996226244,10.225104885199269,36.1415087388917,8.441769613515381,6.314752537804859,9.770495714375507,0.28074596327916274,4.0,48.0,-44.0,15.338342781729725,19.57329720450994,19.57329720450994,0.006942548234065925,0.08850814192890144,1215.9468438538206
673548,Seiya Suzuki,2024,580,1276,266,20.846394984326018,0.12666505640813175,0.014206772511847179,8.056248560013644,6.18970682800494,4.129592848927347,117.12631000748519,122.29084739714907,11.426177248885883,9.831997061698363,36.1415087388917,8.056248560013643,6.1897068280049385,8.165072463587766,0.25957416017492474,20.0,49.0,-29.0,33.692905004563045,41.480611945909565,41.480611945909565,0.006103218606070943,0.1117528586215448,1320.0
592885,Christian Yelich,2024,313,678,170,25.073746312684364,0.09680792106942163,0.018184184704641344,10.278452566695725,6.096370346555155,6.236273044752648,116.86805714337785,128.43946731984417,17.25515414922849,12.86303764912207,36.1415087388917,10.278452566695725,6.096370346555155,9.732482038458256,0.4442884865943613,72.0,50.0,22.0,16.457346581801676,21.81927267076128,21.81927267076128,0.007908445558937468,0.12494053521247987,1299.6805111821086
518595,Travis d'Arnaud,2024,339,673,186,27.637444279346212,0.08133214446259082,0.015954489316269815,9.190458277826027,6.078837184949787,5.388293667719375,116.81954460968139,125.4290941316908,14.908878615576606,11.798109050229225,36.1415087388917,9.190458277826025,6.078837184949785,8.92794594734664,0.37376857903904065,122.0,51.0,71.0,15.127778870041894,20.3203877970136,20.3203877970136,0.0077156150475062475,0.11735245324158436,1191.1504424778761
680977,Brendan Donovan,2024,648,1190,281,23.61344537815126,0.1011254365504481,0.011790045244167293,7.1732839555679,6.0622782387162175,3.2248302652360157,116.7737276341002,119.8477711802019,8.922788167295826,8.098965168083842,36.1415087388917,7.173283955567904,6.062278238716222,6.7930857529613045,0.1761315024322125,49.0,52.0,-3.0,28.416247670675915,36.16339434268925,36.16339434268925,0.006510207287406162,0.10096181186467923,1101.8518518518517
680474,Max Schuemann,2024,461,892,192,21.524663677130047,0.12050758159766485,0.01496504373729049,7.561220067033449,5.839367478633859,4.1036150978240995,116.1569554852317,120.92115224535952,11.354299366612272,9.786089871759074,36.1415087388917,7.561220067033452,5.8393674786338625,7.335861881382159,0.2571558314095206,26.0,53.0,-27.0,23.137455666751652,28.946993084922354,28.946993084922354,0.006512934325303475,0.10556838234864317,1160.9544468546637
656555,Rhys Hoskins,2024,517,1087,277,25.48298068077277,0.10770552349413305,0.01164191743628239,7.510902589143404,5.790821791527077,4.121666453968828,116.02263434369468,120.78192873298883,11.404245693632383,9.818013548762009,36.1415087388917,7.510902589143404,5.790821791527077,6.871771759699401,0.25883632890826136,78.0,54.0,24.0,29.834430007874854,36.30632440552009,36.30632440552009,0.005953904689646029,0.10772025286985915,1261.5087040618955
691026,Masyn Winn,2024,635,1236,377,30.501618122977348,0.07748906675454338,0.013793775112330982,8.202914850952473,5.767338819578924,4.916284981375362,115.95765926997043,122.6966585988851,13.602877004647489,11.118322558781047,36.1415087388917,8.202914850952471,5.767338819578923,7.69539803309763,0.3319376509045119,177.0,55.0,122.0,29.213378166462856,37.89479638372089,37.89479638372089,0.007023801146648895,0.14799610618355571,1167.8740157480315
502054,Tommy Pham,2024,479,901,169,18.756936736958934,0.12733992175435765,0.01668783457901972,7.139421696578732,5.747366155400947,3.7243548953810857,115.90239687259164,119.75407764008489,10.304923688405198,9.09009699746299,36.1415087388917,7.139421696578733,5.747366155400948,7.157828094197682,0.22187839329007814,9.0,56.0,-47.0,21.520446776486445,27.220085097588466,27.220085097588466,0.00632590268712766,0.09905420710079733,1128.6012526096033
573262,Mike Yastrzemski,2024,473,949,227,23.91991570073762,0.1044988306264696,0.0171051228078661,7.946176059460351,5.481118246378751,5.0969953061715705,115.16571509501081,121.98628761424536,14.102884699682498,11.386391560419629,36.1415087388917,7.946176059460351,5.481118246378751,7.877824986224459,0.3481370190293392,54.0,57.0,-3.0,23.7212345522086,29.98547001241651,29.98547001241651,0.0066008803584909495,0.13043406152666126,1203.8054968287524
518692,Freddie Freeman,2024,632,1299,348,26.78983833718245,0.10156600611243397,0.012058281999336657,7.079508596298681,5.459101316246185,4.142390669077546,115.10479641479846,119.58830398433383,11.461587558518108,9.854530521477116,36.1415087388917,7.079508596298681,5.459101316246185,7.172608247535756,0.260765333543823,106.0,58.0,48.0,35.34497012712702,42.8020525152283,42.8020525152283,0.005740633093226541,0.12106324403821678,1233.2278481012659
608070,José Ramírez,2024,672,1428,452,31.652661064425768,0.08033149145131777,0.013319666106276428,8.03363071578377,5.340585538134995,5.410491466350354,114.77687491332651,122.22826604673207,14.970297741134837,11.828476118627037,36.1415087388917,8.033630715783774,5.340585538134999,7.716048837964167,0.37569513576564356,194.0,59.0,135.0,36.30983413599563,45.307500537673455,45.307500537673455,0.006300886835908839,0.16035800158284078,1275.0
665489,Vladimir Guerrero,2024,686,1290,357,27.674418604651162,0.08783657575783056,0.014045262510099547,7.157882665657134,5.317599342951262,4.484101973776576,114.71327437204917,119.8051573258052,12.407069129771154,10.436252272027605,36.1415087388917,7.157882665657133,5.317599342951261,7.6553726777595195,0.29246043028287017,123.0,60.0,63.0,31.35765754554551,39.541503393280166,39.541503393280166,0.006344066548631516,0.14274256305117908,1128.2798833819243
643217,Andrew Benintendi,2024,523,957,240,25.07836990595611,0.09980741716619133,0.014730797729407741,6.4317697578789765,4.922873340309654,4.253266721738842,113.62110634582383,117.7960743264649,11.768370691071683,10.047481506061686,36.1415087388917,6.431769757878976,4.922873340309653,5.754230030356322,0.27107683626634277,73.0,61.0,12.0,23.95378011988592,29.56013942550376,29.56013942550376,0.005858264687165978,0.11984421849356604,1097.8967495219886
664023,Ian Happ,2024,657,1332,311,23.34834834834835,0.11846066614586016,0.0126832600165171,5.9991336159327515,4.77856599006203,3.895270818184709,113.2218221009679,116.59901267341701,10.777831236450368,9.409748115001026,36.1415087388917,5.999133615932747,4.778565990062026,6.162222748033813,0.23775736214399554,44.0,62.0,-18.0,36.84126717136251,43.41031848080887,43.41031848080887,0.004931720202287059,0.11686909044661599,1216.4383561643835
694671,Wyatt Langford,2024,559,1151,266,23.11033883579496,0.12059549747336021,0.013112204141436403,5.990424058876363,4.765086575260651,3.9096140733594233,113.18452588597377,116.57491418566623,10.817517612794916,9.436124224755844,36.1415087388917,5.990424058876364,4.765086575260652,6.323580266056323,0.2390921276157249,40.0,63.0,-23.0,32.078402327913814,37.65948074276696,37.65948074276696,0.004848895234451039,0.10736353069869521,1235.4203935599282
453568,Charlie Blackmon,2024,498,945,278,29.417989417989414,0.0914323777731679,0.015126992856525244,6.77322794303593,4.680232470607531,5.16615426796041,112.94974292418279,118.74085554084047,14.294240744856166,11.486391308972381,36.1415087388917,6.773227943035932,4.680232470607534,5.943947233294354,0.3542788221765233,153.0,64.0,89.0,25.418201020940675,31.0399802136605,31.0399802136605,0.0059489726907088055,0.13948565904605767,1138.55421686747
621566,Matt Olson,2024,677,1522,440,28.909329829172144,0.10099855645541987,0.01181655742081879,6.35519579646988,4.667742505154818,4.646342674735812,112.91518441821961,117.58420170664067,12.855973192220128,10.699201034332706,36.1415087388917,6.355195796469879,4.667742505154816,6.09960588446767,0.3073835861549009,144.0,65.0,79.0,44.43936484038474,51.61014409740159,51.61014409740159,0.004711418697120137,0.1343820706158474,1348.8921713441655
663538,Nico Hoerner,2024,639,1103,356,32.27561196736174,0.07154235277257913,0.012603757652605827,5.885683546840028,4.54493275223804,4.2101618486880055,112.5753819107924,116.28510749056382,11.649103746898842,9.972951557140536,36.1415087388917,5.885683546840029,4.544932752238041,5.614966158074552,0.2670701783130393,202.0,66.0,136.0,25.469077587038168,31.7373305644228,31.7373305644228,0.005682912944138376,0.1350083541803268,1035.680751173709
668942,Josh Rojas,2024,475,888,195,21.95945945945946,0.1285384557408645,0.01453727630315276,5.66409126350759,4.521558391411876,3.8989078597524514,112.51070735336029,115.67198343718421,10.787894572748856,9.416442908890266,36.1415087388917,5.66409126350759,4.521558391411876,4.9168182566703535,0.23809579899810818,30.0,67.0,-37.0,25.064998869468578,29.54907111974542,29.54907111974542,0.005049630912473921,0.10358070157727871,1121.6842105263158
666971,Lourdes Gurriel,2024,550,1034,341,32.97872340425532,0.07258739712671997,0.01390145713643945,6.4702256488248775,4.489840806563417,5.155555251029941,112.42294791565223,117.90247799440176,14.264914307470715,11.471157786300964,36.1415087388917,6.4702256488248775,4.489840806563417,6.737484278353702,0.35333973947125635,209.0,68.0,141.0,24.75230242021151,30.68334259830098,30.68334259830098,0.005736015646121345,0.14696929645162723,1128.0
664761,Alec Bohm,2024,603,1028,282,27.431906614785994,0.08046218006194739,0.01570124974448989,5.995070518914847,4.489253003230027,4.495955881165908,112.42132152164186,116.58777048359241,12.439867725632139,10.455749713032695,36.1415087388917,5.995070518914845,4.489253003230025,5.893732294212157,0.29355422457007735,116.0,69.0,47.0,22.690334777469165,28.715380648978584,28.715380648978584,0.005860939563725119,0.14092613630445802,1022.8855721393035
663837,Matt Vierling,2024,567,1097,242,22.060164083865086,0.11685496116725591,0.013726545481898427,5.47710107690622,4.43919051946193,3.7586910313180297,112.28280355292677,115.15459998218708,10.399928399428772,9.15510730143597,36.1415087388917,5.477101076906219,4.439190519461929,4.952203563891078,0.22506338938945747,32.0,70.0,-38.0,28.27890060247593,33.454761120152305,33.454761120152305,0.004718195549385942,0.10724205375255755,1160.8465608465608
542303,Marcell Ozuna,2024,686,1602,425,26.529338327091136,0.1076127892868221,0.012432869164838852,5.9824423543260625,4.354619218678983,4.763879684280627,112.04880308162952,116.55282959421223,13.181186537335225,10.884484146801075,36.1415087388917,5.98244235432606,4.35461921867898,6.40457211684937,0.31812198208912,99.0,71.0,28.0,45.73543544689939,52.575361205345516,52.575361205345516,0.0042696165783059495,0.1360825359527391,1401.1661807580176
593428,Xander Bogaerts,2024,462,825,212,25.696969696969695,0.10605555908597883,0.015349422859158177,5.7245762863743845,4.307387540348834,4.475386625961774,111.91811767313874,115.83933954648163,12.382954619561392,10.42188829187225,36.1415087388917,5.724576286374381,4.307387540348831,5.316624922578136,0.2916559259939774,83.0,72.0,11.0,22.48377852622751,26.891702266735784,26.891702266735784,0.0053429378672827585,0.11997598125480737,1071.4285714285716
668939,Adley Rutschman,2024,637,1298,378,29.121725731895225,0.09292354232907447,0.012311975636818837,5.709352897001554,4.2649769027895825,4.546205948516924,111.80077161028993,115.79721792537606,12.578904719671469,10.537900126089678,36.1415087388917,5.709352897001559,4.264976902789588,5.533455538141275,0.29818523413508224,148.0,73.0,75.0,35.12509900039015,41.18652865937347,41.18652865937347,0.004669822541589612,0.13396765073055147,1222.6059654631083
695578,James Wood,2024,338,698,147,21.060171919770774,0.12959980529459364,0.01727360618773136,5.963917839016679,4.1463733856497065,5.191139813728426,111.47260734355513,116.50157408232084,14.363373292555064,11.522170775720046,36.1415087388917,5.963917839016681,4.146373385649709,6.644961292213049,0.3564893771484556,22.0,74.0,-52.0,19.051171378305266,22.410845094284664,22.410845094284664,0.00481328612604498,0.11068798068131844,1239.0532544378698
682985,Riley Greene,2024,582,1226,284,23.164763458401303,0.1241949237009592,0.01444980546679837,5.434196148415219,4.124675411260862,4.420966736807638,111.41257118251491,115.03588626494584,12.232380138713626,10.331642657033624,36.1415087388917,5.434196148415215,4.124675411260858,5.359120105623297,0.28662675758594885,41.0,75.0,-34.0,35.27135833107241,40.54252859503517,40.54252859503517,0.0042994863490724,0.12247395610515172,1263.9175257731958
606466,Ketel Marte,2024,577,1087,285,26.21895124195032,0.0988204836484709,0.015617341198679014,5.535012004045549,4.068418775929573,4.719508343972841,111.25691460564724,115.31483382178052,13.058415402825176,10.815047974437327,36.1415087388917,5.535012004045546,4.068418775929571,5.990109382213754,0.3140760916344235,93.0,76.0,17.0,28.163837839814207,33.486674383704674,33.486674383704674,0.004896813747829319,0.13765961448408265,1130.3292894280762
672275,Patrick Bailey,2024,447,863,214,24.797219003476243,0.11500829060836701,0.013773377871549506,5.06717089496156,3.9089088628972117,4.302669785420421,110.81556636480661,114.02036348722986,11.905064109264313,10.13214907368608,36.1415087388917,5.067170894961559,3.908908862897211,4.920520119697647,0.2756646763578428,69.0,77.0,-8.0,24.61177419019054,28.386816506936903,28.386816506936903,0.0043743248166238265,0.10911611420844552,1158.3892617449665
656775,Cedric Mullins,2024,498,923,255,27.627302275189596,0.09888533654660775,0.014738231967419697,5.2063464913574125,3.8684953257544366,4.655231636600975,110.70374608238635,114.40544867390909,12.880568075431514,10.713365520033417,36.1415087388917,5.20634649135741,3.868495325754434,4.9312341926339185,0.30819800443585904,121.0,78.0,43.0,25.215760819384975,29.537028407211626,29.537028407211626,0.004681763367092797,0.1271799170796201,1112.0481927710844
656941,Kyle Schwarber,2024,690,1481,312,21.066846725185687,0.1421140837442684,0.012333254515397027,4.63058454753103,3.8135301491905276,3.671759278135116,110.55166284490721,112.81237200412744,10.159396788501951,8.989739016272928,36.1415087388917,4.630584547531032,3.8135301491905294,4.587982383868405,0.2170062014411528,23.0,79.0,-56.0,44.339594128211736,49.66476635787242,49.66476635787242,0.003595659844470415,0.10972220130151758,1287.8260869565217
681082,Bryson Stott,2024,570,1138,323,28.383128295254835,0.09902266552799824,0.012960852900813542,5.034875741791508,3.7954513970503054,4.536223687888255,110.50164071586208,113.93100597478241,12.55128478631233,10.52164528066179,36.1415087388917,5.034875741791505,3.7954513970503028,4.675015187441947,0.2972660345626994,137.0,80.0,57.0,31.984320965543432,36.76745292024536,36.76745292024536,0.004203103650880433,0.12774589000184303,1197.8947368421052
621020,Dansby Swanson,2024,594,1113,267,23.98921832884097,0.11559724218542364,0.012611127789811492,4.502184021795668,3.7588809075172813,3.5350437769045815,110.40045376819693,112.45710037818894,9.781118443183692,8.724470608368785,36.1415087388917,4.502184021795672,3.758880907517285,4.296443198394016,0.20438835354258664,57.0,81.0,-24.0,30.86446366350811,35.321625845085826,35.321625845085826,0.0040046380786861735,0.10490167161674352,1124.2424242424242
670541,Yordan Álvarez,2024,623,1211,374,30.88356729975227,0.08008544617556508,0.013869690903094692,5.224690558984405,3.7233807118517097,5.0550762479449425,110.30222821839476,114.45620490481113,13.986898788498001,11.325085321557848,36.1415087388917,5.224690558984408,3.7233807118517124,5.513939809231037,0.34439825524860773,183.0,82.0,101.0,29.95195686966134,35.37692723340682,35.37692723340682,0.004479744313580078,0.15083163380303577,1166.2921348314608
642086,Dominic Smith,2024,307,623,169,27.12680577849117,0.09697627727017429,0.01857408409092434,5.6911529206621285,3.535644775467583,6.266453661097671,109.7827813470966,115.74686038089469,17.338660946255327,12.89751990956842,36.1415087388917,5.691152920662136,3.53564477546759,5.378325777654513,0.4466737094588098,111.0,83.0,28.0,16.388990858659454,19.300964103064914,19.300964103064914,0.004674114356991101,0.12845911754315012,1217.5895765472312
660271,Shohei Ohtani,2024,720,1460,390,26.71232876712329,0.09801482319715624,0.012488282166509612,4.4376774653867415,3.4956167926407997,4.17413296475275,109.67202785554767,112.27861708111642,11.549415368653346,9.910185357134798,36.1415087388917,4.437677465386738,3.495616792640796,4.476649640075816,0.2637190680579643,103.0,84.0,19.0,38.22578104689093,43.550994005355015,43.550994005355015,0.0036474061359343083,0.13109046298944016,1216.6666666666665
666023,Freddy Fermin,2024,369,736,226,30.706521739130434,0.09131663597475596,0.013706006567379362,4.824070437092665,3.4393700388341744,5.115627301086683,109.51639861988684,113.34772843033392,14.154437597071814,11.41347217293915,36.1415087388917,4.8240704370926615,3.439370038834171,4.469013441615224,0.3497949586565095,181.0,85.0,96.0,20.637559730294846,23.604363049106833,23.604363049106833,0.004030982770124985,0.11596718229561118,1196.7479674796748
682998,Corbin Carroll,2024,683,1384,346,25.0,0.10327110143477919,0.013340069192465644,4.265752578156479,3.361104836125425,4.199195010402147,109.29984650172769,111.80291782773895,11.618759583999916,9.953891603547321,36.1415087388917,4.265752578156479,3.361104836125425,4.9757280009873,0.26605032357265496,71.0,86.0,-15.0,35.7318010964336,40.587649447901725,40.587649447901725,0.0035085609475925764,0.12848944462656217,1215.8125915080527
669701,Josh Smith,2024,588,1097,287,26.162260711030083,0.10728351584165505,0.012122670515528828,4.057798659791477,3.3339997478493992,3.776648679118248,109.22484938837569,111.22752978882949,10.449615444676262,9.188948173044704,36.1415087388917,4.057798659791476,3.3339997478493983,3.6528553075175987,0.22673030983221504,92.0,87.0,5.0,30.790369046555,34.767011733150646,34.767011733150646,0.0036250161226943005,0.11174532130235529,1119.3877551020407
641355,Cody Bellinger,2024,564,1033,335,32.4298160696999,0.07887470787256515,0.014100032397181392,4.399515902195467,3.198648360565615,5.0036896094231045,108.85034541218133,112.17302778912816,13.844717013815913,11.249212838657465,36.1415087388917,4.399515902195467,3.198648360565615,4.115463941784819,0.33979911629903947,205.0,88.0,117.0,26.423027137309322,30.55857208537306,30.55857208537306,0.004003431701901005,0.14634168605674192,1098.936170212766
656896,Emmanuel Rivera,2024,302,602,174,28.903654485049834,0.10294877682285941,0.015145838471661247,4.403752977757418,3.0195843182081914,5.590837479302031,108.35489281873512,112.18475136047256,15.469297421127738,12.070045253622682,36.1415087388917,4.403752977757417,3.0195843182081905,3.7722063412586646,0.3911972328748781,143.0,89.0,54.0,17.913087167177537,20.12964283264877,20.12964283264877,0.00368198615526783,0.11469231394707519,1196.026490066225
680700,Richie Palacios,2024,320,645,152,23.565891472868216,0.12380890029319847,0.014054633874685604,3.9727062190602744,3.015008434251612,4.655414646802313,108.34223179788611,110.99208737455187,12.881074446658737,10.713656882659718,36.1415087388917,3.9727062190602735,3.015008434251611,3.5530276329969723,0.30821476828115085,48.0,90.0,-42.0,18.818952844566166,20.937729494731645,20.937729494731645,0.0032849250390162474,0.09776361211061775,1209.375
665828,Oswaldo Cabrera,2024,327,664,195,29.367469879518072,0.08453169526889968,0.019928200254223278,5.191942429431957,2.9748564358071525,7.150393107529068,108.23113516732057,114.36559405126586,19.78443445509668,13.814495663914037,36.1415087388917,5.191942429431953,2.974856435807149,5.182316718170623,0.5124459277243336,152.0,91.0,61.0,16.48368057743544,19.313289201475854,19.313289201475854,0.004261458771145206,0.1512315423165758,1218.348623853211
641857,Ryan McMahon,2024,646,1292,342,26.47058823529412,0.11779108464043911,0.013099751631686493,3.816612526888841,2.9726401251349683,4.413986960606522,108.2250028536748,110.56019148083269,12.213067784457632,10.319998576451633,36.1415087388917,3.8166125268888353,2.9726401251349626,3.285403341611765,0.28598104723042495,95.0,92.0,3.0,40.284550947030176,44.39377043431382,44.39377043431382,0.003180510439074034,0.13221509964778588,1200.0
657136,Connor Wong,2024,485,888,263,29.617117117117115,0.09070643067457204,0.013260850459557732,3.7831145630715426,2.940317925779171,4.44513521531704,108.1355705070915,110.46750590962615,12.299251941670194,10.371839977471353,36.1415087388917,3.783114563071544,2.9403179257791723,3.511726938245808,0.28886145377150135,156.0,93.0,63.0,23.855791267412446,26.913808872561944,26.913808872561944,0.003443713519312497,0.12057825139687388,1098.5567010309278
593160,Whit Merrifield,2024,336,680,174,25.588235294117645,0.11367908649015052,0.014812027869567338,3.9912624718003578,2.914013435536198,5.057689641839226,108.06278856975453,111.04343070079247,13.994129792364397,11.328922771784706,36.1415087388917,3.991262471800359,2.9140134355361993,3.6213626394503744,0.3446316901475012,80.0,94.0,-14.0,19.78016104928619,22.01526803349439,22.01526803349439,0.0032869220356002947,0.10861398463290714,1214.2857142857142
623993,Anthony Santander,2024,663,1445,493,34.11764705882353,0.08630122697914673,0.012808770923574157,4.16897998272303,2.840237546639335,5.721094183708425,107.85865794136859,111.53515757419615,15.829704910885425,12.238924086103035,36.1415087388917,4.168979982723029,2.840237546639334,4.787026026060406,0.40222073883216564,225.0,95.0,130.0,42.54650490071934,47.15322778162829,47.15322778162829,0.0031880435161999645,0.1663058215058592,1307.6923076923076
543760,Marcus Semien,2024,715,1331,338,25.39444027047333,0.11346601577680962,0.011310982766820644,3.302439723147111,2.835995609928864,3.393324951984935,107.84692091970433,109.13752590409534,9.388996393317125,8.442775926207709,36.1415087388917,3.3024397231471125,2.8359956099288652,2.9879045832487905,0.19140289560475282,77.0,96.0,-19.0,38.35151333256165,42.28692066931196,42.28692066931196,0.0029567297796771657,0.11083864662674409,1116.923076923077
664774,LaMonte Wade,2024,395,841,169,20.09512485136742,0.1540519434988918,0.015400273553537718,3.485197485297544,2.7169937801569755,4.49252183757885,107.51765456109261,109.64319865691479,12.430366064780436,10.45010601418071,36.1415087388917,3.4851974852975425,2.716993780156974,2.645435962032747,0.2932374066356903,16.0,97.0,-81.0,26.034778451312715,28.329200129133596,28.329200129133596,0.0027282065134612166,0.10198540953124402,1277.4683544303796
669707,Jared Triolo,2024,447,867,220,25.37485582468281,0.11987248973166041,0.013562724722057882,3.4013963663295494,2.7117945382534456,4.262474802195892,107.50326877011445,109.41132920294864,11.793848544040065,10.063323253138135,36.1415087388917,3.401396366329548,2.7117945382534443,2.5935453628755027,0.27193231753026076,76.0,98.0,-22.0,26.37194774096529,28.905988033880803,28.905988033880803,0.002922768503939463,0.10784711917494338,1163.758389261745
592626,Joc Pederson,2024,441,958,290,30.2713987473904,0.09049465661152141,0.015003501963101443,4.069927985074939,2.7064304617517214,6.002353757451535,107.48842689801532,111.26109043891493,16.607922488284032,12.588109869380203,36.1415087388917,4.0699279850749415,2.706430461751724,3.9522664169866477,0.42549947344297023,168.0,99.0,69.0,26.243450417341208,29.23484748637129,29.23484748637129,0.0031225439133925684,0.1425365268219598,1303.4013605442176
571745,Mitch Haniger,2024,425,857,205,23.920653442240372,0.12910730654608693,0.014441046374400603,3.4399959568192804,2.647398046934002,4.651553278390385,107.32509001231912,109.51813047338977,12.870390420045945,10.707507119065603,36.1415087388917,3.4399959568192773,2.647398046933999,2.355548063160139,0.3078610321148136,55.0,100.0,-45.0,26.46699784194782,28.903661644694807,28.903661644694807,0.002843248311256698,0.1125499401485339,1209.8823529411766
592669,Hunter Renfroe,2024,424,830,220,26.506024096385545,0.10424679371094929,0.017145230879265772,3.697774470819064,2.6395364909839945,5.386706866067281,107.30333786022497,110.23137826794681,14.904488091474368,11.795932892588317,36.1415087388917,3.6977744708190636,2.639536490983994,4.466894086230178,0.37363070875288584,97.0,101.0,-4.0,22.934294616408845,25.54738857578765,25.54738857578765,0.003148305975155187,0.13212922959628262,1174.5283018867924
687401,Joey Ortiz,2024,513,1038,257,24.759152215799617,0.11607773227351253,0.015925489370468587,3.3774981725430964,2.5304619654295077,4.974638073852168,107.00153937598762,109.34520525123675,13.76433427224078,11.205965238281388,36.1415087388917,3.3774981725431013,2.5304619654295126,3.642814475699049,0.3371914230886401,68.0,102.0,-34.0,29.831977194292723,32.719738131817074,32.719738131817074,0.002782043292412666,0.1320167166774208,1214.0350877192984
807799,Masataka Yoshida,2024,416,766,197,25.718015665796344,0.0968140212549801,0.016993506058454472,3.1541583363349055,2.3745225350309678,5.013144307849369,106.57007030942168,108.72724589092965,13.870877234449122,11.263232491796916,36.1415087388917,3.154158336334907,2.374522535030969,2.6102070970233915,0.34064661280709235,84.0,103.0,-19.0,19.072362187231082,21.259245300423284,21.259245300423284,0.002854938790068148,0.12558503812733823,1104.8076923076922
624424,Michael Conforto,2024,486,970,239,24.63917525773196,0.11442429055726808,0.01462054551641489,3.0072772114972355,2.3660849747088304,4.559067101622612,106.54672440988247,108.32084026492541,12.614490265362448,10.558795866185953,36.1415087388917,3.0072772114972337,2.3660849747088286,3.312088749945129,0.29936895739056735,65.0,104.0,-39.0,27.34740544318707,29.78329998449983,29.78329998449983,0.002511231485889444,0.11857008632689253,1197.5308641975307
671289,Tyler Freeman,2024,380,663,194,29.260935143288087,0.0908476311060846,0.01922181334343011,3.3533034606357286,2.3218799884641945,5.869392479462384,106.42441356070348,109.27826086304819,16.240031709429882,12.425629061195577,36.1415087388917,3.3533034606357277,2.3218799884641936,1.862910776968376,0.4145861089392316,150.0,105.0,45.0,17.62444043458041,19.74819929298304,19.74819929298304,0.0032032561966857135,0.1443672664381202,1046.842105263158
502671,Paul Goldschmidt,2024,653,1328,392,29.518072289156628,0.09903442585232607,0.010869917205320895,2.5448925094367456,2.120883569528868,4.053315754334951,105.86827623841447,107.0414672719465,11.215126030345264,9.696562982302968,36.1415087388917,2.5448925094367407,2.1208835695288633,2.464901224633805,0.252472233913267,155.0,106.0,49.0,38.82149493411182,41.59118628188214,41.59118628188214,0.002085610954646329,0.1210523793309465,1220.2143950995405
662139,Daulton Varsho,2024,508,1036,269,25.965250965250963,0.11643573070901331,0.015382719730373702,2.498414035588272,1.945595013750856,4.989656655052014,105.38327004499735,106.91286590617547,13.805889209275506,11.228354594106907,36.1415087388917,2.498414035588271,1.945595013750855,1.579238195923527,0.3385401762726085,87.0,107.0,-20.0,31.32121156072458,33.43653544418932,33.43653544418932,0.0020418184203327577,0.13125118903278402,1223.6220472440943
543807,George Springer,2024,613,1108,262,23.646209386281587,0.12076773488969596,0.009829179906526169,2.005686083024663,1.8305570610442956,2.971063048352043,105.06497134436019,105.54953612345008,8.220639237329062,7.563023411467069,36.1415087388917,2.005686083024663,1.8305570610442956,2.179144446534505,0.15359209595524287,51.0,108.0,-57.0,31.64114654110034,33.69028915592387,33.69028915592387,0.0018494066920789988,0.09119083909908435,1084.5024469820555
671732,Lawrence Butler,2024,451,927,252,27.184466019417474,0.10844398850812863,0.015819546159014843,2.3603606670497803,1.8033109515613872,5.3752466783523065,104.98958403919882,106.53088581360137,14.87277887922822,11.780194912976803,36.1415087388917,2.3603606670497803,1.8033109515613872,1.7320798187329018,0.37263438741194715,112.0,109.0,3.0,27.327885104048413,29.10208953878083,29.10208953878083,0.0019139206415667938,0.13270394201226038,1233.2594235033262
677800,Wilyer Abreu,2024,449,909,256,28.16281628162816,0.101432953606799,0.014376942970720313,2.3021813403329174,1.790732780693502,5.185425913670449,104.95478147752726,106.3699093387752,14.347563493082506,11.51400465945849,36.1415087388917,2.302181340332918,1.7907327806935025,2.936023855679243,0.35598424627485103,131.0,110.0,21.0,25.966836123340546,27.68963515968968,27.68963515968968,0.0018952684668307293,0.1287056412444521,1214.6993318485524
514888,José Altuve,2024,680,1332,495,37.16216216216216,0.07219978505434564,0.011310864034633392,2.2668211885370937,1.7881531262435684,5.023506089250508,104.94764382738495,106.27207127658669,13.899547264458104,11.278566186651114,36.1415087388917,2.2668211885370937,1.7881531262435684,2.101945770133034,0.3415747525307983,250.0,111.0,139.0,35.73889360190109,38.30795761557646,38.30795761557646,0.0019287267369935232,0.15599564816129274,1175.2941176470588
672761,Wenceel Pérez,2024,422,900,257,28.555555555555557,0.10542682209085277,0.013268770230033684,2.0913177986392717,1.6628528718238769,5.112578398252575,104.60095034725124,105.78647065828997,14.146001582803196,11.409047831718127,36.1415087388917,2.0913177986392744,1.6628528718238795,1.4919067455278572,0.34952382078167393,141.0,112.0,29.0,27.09469327734916,28.56558679572545,28.56558679572545,0.0016343261315292085,0.11986156022569924,1279.6208530805688
668715,Spencer Steer,2024,656,1322,329,24.886535552193646,0.12395164923943493,0.012793275571628406,1.9114611265041601,1.6487879225493762,4.038821136888533,104.56203401595995,105.28882493620762,11.175020849482072,9.670607482056093,36.1415087388917,1.9114611265041608,1.648787922549377,2.019031339656566,0.2511224210700183,70.0,113.0,-43.0,40.78009259977409,42.869956764751976,42.869956764751976,0.0015808352231300167,0.1214483116925359,1209.1463414634145
571448,Nolan Arenado,2024,631,1228,370,30.130293159609124,0.09704110248128109,0.011675408738787823,1.8817105708771575,1.6028750847142477,4.288808248680878,104.43499770940498,105.20650807488913,11.866710600450702,10.10847391034586,36.1415087388917,1.881710570877163,1.6028750847142532,2.052701898641592,0.2743779244025626,166.0,114.0,52.0,35.905207918074005,37.88414020177982,37.88414020177982,0.001611508374353266,0.12871096753332795,1167.6703645007924
679529,Spencer Torkelson,2024,380,752,176,23.404255319148938,0.135928309972255,0.011681971177442603,1.6989671654710838,1.4984527400536893,3.9254755957974625,104.14607135213814,104.70087504576928,10.861404885328644,9.46521159848638,36.1415087388917,1.698967165471082,1.4984527400536876,1.0747220357210134,0.24056842886331326,46.0,115.0,-69.0,23.923382555116877,24.999395093248562,24.999395093248562,0.0014308677368772428,0.09065999853098,1187.3684210526314
663886,Tyler Stephenson,2024,512,980,235,23.97959183673469,0.13283458467302775,0.013530613288752765,1.5680524539345382,1.3940381501635943,4.001815032300766,103.85716645155844,104.33864691500044,11.072628597805139,9.604021803551756,36.1415087388917,1.5680524539345346,1.3940381501635908,0.9095511183311478,0.24767618645081368,56.0,116.0,-60.0,31.216127398161518,32.55419882551899,32.55419882551899,0.001365379007507625,0.10908440924166134,1148.4375
665862,Jazz Chisholm,2024,615,1280,372,29.062500000000004,0.10626071128084501,0.013816109847925966,1.5687455560947914,1.3222728968868807,5.123121177193801,103.65859905417835,104.34056466050814,14.175172415203672,11.424334976226374,36.1415087388917,1.568745556094796,1.3222728968868853,2.8506524273346066,0.3504611121253545,146.0,117.0,29.0,39.528984596474345,41.13694879147151,41.13694879147151,0.001256222027341532,0.14677547986754297,1248.7804878048782
665487,Fernando Tatís,2024,436,769,219,28.47854356306892,0.104022387566625,0.01675919344625604,1.5365073925592774,1.3010270193363123,5.128252488745271,103.59981380062389,104.25136483277426,14.189370249578937,11.431763476932332,36.1415087388917,1.536507392559274,1.301027019336309,1.2341504712493616,0.3509170243574722,140.0,118.0,22.0,22.780902877090877,23.897431582350617,23.897431582350617,0.0014519228937057756,0.13438211388810617,1058.256880733945
630105,Jake Cronenworth,2024,656,1316,301,22.872340425531913,0.13532905934212308,0.010062769476897184,1.3850061651735968,1.295362595284432,3.184887552286816,103.584140896394,103.83217583742761,8.812270609111495,8.016049569376657,36.1415087388917,1.3850061651735988,1.295362595284434,1.3295250742010372,0.17254356446836006,36.0,119.0,-83.0,40.734046861979046,42.24832026923551,42.24832026923551,0.001150663683325582,0.09598839893743759,1203.6585365853657
656811,Ryan O'Hearn,2024,492,967,255,26.370217166494314,0.11746672887225906,0.013917680292714112,1.2767307625775228,1.1548310530802004,4.526832898442763,103.19530394102638,103.53258844781884,12.52530139554318,10.506324422762619,36.1415087388917,1.2767307625775237,1.1548310530802013,1.4528532364910545,0.2964009503139895,94.0,120.0,-26.0,29.95401586242606,31.00093508773963,31.00093508773963,0.0010826465618547763,0.11936996836589236,1179.2682926829268
666158,Gavin Lux,2024,488,961,224,23.30905306971904,0.12943255513344348,0.0112347310469494,1.0107765372897257,0.9808423266683575,3.552548597433297,102.71389424762137,102.79671926424598,9.829552559908537,8.758790293087435,36.1415087388917,1.0107765372897222,0.9808423266683539,1.0558026386933441,0.20599953221901598,42.0,121.0,-79.0,28.99289234989134,29.814990600220312,29.814990600220312,0.000855461238635772,0.09320665137351875,1181.5573770491803
657077,Alex Verdugo,2024,620,1089,279,25.6198347107438,0.12055854573472863,0.012618469683605209,0.8826623716762763,0.8788882358915692,3.6981918399934104,102.431797306087,102.4422399686,10.232533087402087,9.04029258274903,36.1415087388917,0.8826623716762763,0.8788882358915692,-0.5660369341928534,0.21945372152976406,81.0,122.0,-41.0,33.63583425998929,34.54791871072144,34.54791871072144,0.0008375431136199745,0.11580196670686438,1053.8709677419354
547180,Bryce Harper,2024,622,1389,462,33.261339092872575,0.09699348983872805,0.010919378941297481,0.794776137788143,0.8187579445829593,4.99768978607749,102.26542270412165,102.19906740343933,13.828116092728305,11.24030213998548,36.1415087388917,0.7947761377881484,0.8187579445829646,1.5182537932929676,0.33926100783363755,215.0,123.0,92.0,44.810992305492356,45.6349102349994,45.6349102349994,0.0005931734553686405,0.1390136052730386,1339.8713826366559
666139,Josh Lowe,2024,386,831,275,33.092659446450064,0.09150957945444743,0.015731154755921357,0.5558612962361055,0.7058375984832312,6.760449320094546,101.95298321268942,101.53801353521787,18.705498347996908,13.431348115782342,36.1415087388917,0.5558612962361021,0.7058375984832279,1.5994321070393012,0.4844145598941598,211.0,124.0,87.0,25.165134349973044,25.522738450551604,25.522738450551604,0.0004303298442581964,0.15087285332066286,1291.7098445595855
641584,Jake Fraley,2024,381,621,197,31.72302737520129,0.09462960331071739,0.016902482780169308,0.6051993997419931,0.7007181057703716,5.31072164446046,101.93881807987815,101.67452721499349,14.694244456777806,11.690881382039112,36.1415087388917,0.6051993997419924,0.700718105770371,1.140565544332958,0.36700542638523964,195.0,125.0,70.0,18.642031852211325,19.02633347104749,19.02633347104749,0.0006188431865316676,0.135326068283363,977.9527559055118
701538,Jackson Merrill,2024,593,1120,387,34.55357142857143,0.08743140988835157,0.012984628244928815,0.4564617453846861,0.5983683806070582,5.0837577504493545,101.65562645690869,101.26298475440647,14.06625768497248,11.367088552731014,36.1415087388917,0.4564617453846877,0.5983683806070599,-0.30514412585015466,0.3469576470861422,229.0,126.0,103.0,33.83595562679206,34.287091985147256,34.287091985147256,0.00040280031995999825,0.15013407728390327,1133.220910623946
666310,Bo Naylor,2024,391,783,213,27.203065134099617,0.11012129547118969,0.015752722152276577,0.387983588937299,0.5668283059545497,5.397394009488402,101.5683581724539,101.07351243065233,14.934058366191817,11.810575491133752,36.1415087388917,0.3879835889373026,0.5668283059545534,0.10568491927883539,0.37455887952544625,113.0,127.0,-14.0,23.455835935363403,23.708671907487545,23.708671907487545,0.0003229067332364494,0.12569811029194985,1201.5345268542198
661388,William Contreras,2024,674,1393,359,25.771715721464467,0.1287986675215149,0.010337095787088134,0.47858257129727394,0.559911179356901,3.5982841159622567,101.54921916348883,101.32419090402354,9.95609824138349,8.847966220359265,36.1415087388917,0.47858257129727416,0.5599111793569013,0.5792313951734119,0.21021557461729526,85.0,128.0,-43.0,46.23872164022385,46.776329395314455,46.776329395314455,0.00038593521542756957,0.10830002070287656,1240.059347181009
670770,TJ Friedl,2024,337,615,149,24.227642276422763,0.1161972305080762,0.017029447255630832,0.40306449567420916,0.5463312836573333,4.673088905638811,101.51164492773216,101.11523981631811,12.929977382516196,10.741745440465932,36.1415087388917,0.4030644956742119,0.546331283657336,1.2586025337055249,0.30983301256335305,61.0,129.0,-68.0,17.313387345703354,17.53977523744037,17.53977523744037,0.0003681103930683157,0.10583885580527935,1094.9554896142433
664983,Jake McCarthy,2024,489,851,265,31.13983548766158,0.09522856552123886,0.012684671286930042,0.4121628897644808,0.5400105317828863,4.371383027941558,101.49415602897004,101.14041417789777,12.095186893062753,10.24858102795503,36.1415087388917,0.41216288976448107,0.5400105317828865,-0.3584576399793955,0.2820365903067866,191.0,130.0,61.0,25.235569863128298,25.57148261828635,25.57148261828635,0.0003947270918425991,0.1221270004233017,1044.1717791411043
668901,Mark Vientos,2024,453,889,288,32.39595050618673,0.08772799014525295,0.01460043385807633,0.2863381359515891,0.5200865288134202,5.73778520215934,101.43902827236916,100.79226945952996,15.875887317302107,12.26023114290853,36.1415087388917,0.2863381359515873,0.5200865288134184,0.8551545687653093,0.40362243068982645,204.0,131.0,73.0,25.26566116183285,25.481846454476297,25.481846454476297,0.00024317805696676015,0.1452915501069046,1177.4834437086092
645277,Ozzie Albies,2024,434,866,292,33.71824480369515,0.0919548410977908,0.012857395355667017,0.3080165012929166,0.5134833533428905,5.328788324704658,101.4207579352943,100.85225136426433,14.744233184073954,11.71600942862937,36.1415087388917,0.30801650129291736,0.5134833533428913,-0.40710799965867234,0.36858478384208904,222.0,132.0,90.0,26.850813600554915,27.07361220315679,27.07361220315679,0.00025727321316613896,0.13098090965002374,1197.2350230414745
672386,Alejandro Kirk,2024,385,763,216,28.309305373525557,0.1067401674426334,0.014108036095075632,0.28173394876908586,0.4805039578129324,5.011694697490028,101.32950719153533,100.77953012643856,13.866866305160546,11.261084727909527,36.1415087388917,0.2817339487690827,0.48050395781292926,0.4719675872827327,0.3405167107141587,136.0,133.0,3.0,23.055876167608815,23.23665545140231,23.23665545140231,0.00023693221991283976,0.11642113177540293,1189.0909090909092
666163,Ben Rortvedt,2024,328,680,190,27.941176470588236,0.10760166539860078,0.01717642770522104,0.16779383320443192,0.47490330457503566,6.184710083111926,101.3140107348756,100.4642690331958,17.11248450581862,12.803608409656881,36.1415087388917,0.16779383320443184,0.4749033045750356,0.10845760723797482,0.4401926061479823,127.0,134.0,-7.0,20.444316425734147,20.536043721219237,20.536043721219237,0.00013489308159571976,0.12965446673109632,1243.9024390243903
622534,Manuel Margot,2024,344,645,198,30.697674418604652,0.09587117191362109,0.015765240180355817,0.1603894533277358,0.43702932709081954,5.604438619651771,101.2092171642534,100.44378184233118,15.506930438741929,12.087896314871276,36.1415087388917,0.16038945332773383,0.43702932709081754,-0.46725015286766186,0.3923552152357299,180.0,135.0,45.0,18.982492038896975,19.074448658804876,19.074448658804876,0.00014256840295798738,0.1265200782839351,1125.0
682626,Francisco Álvarez,2024,342,677,197,29.098966026587885,0.10813736541302635,0.01876628401308128,-0.02698475301495451,0.39415962773834945,6.592981053549741,101.09060092257354,99.92533584247988,18.242130125727336,13.256679296130148,36.1415087388917,-0.026984753014957865,0.3941596277383461,-0.31080127636220206,0.4718972836186865,147.0,136.0,11.0,21.30306098636619,21.287679677147665,21.287679677147665,-2.2719806822044417e-05,0.1444316421299425,1187.719298245614
657757,Gavin Sheets,2024,500,1124,364,32.38434163701068,0.10395675724986614,0.011192639545810035,0.08898628194421129,0.360697761498592,5.117123708632527,100.9980152298137,100.24621628993715,14.15857800957273,11.41564263627236,36.1415087388917,0.08898628194421009,0.3606977614985908,-1.1165464120245248,0.3499280100731761,203.0,137.0,66.0,37.840259638951274,37.91441487390478,37.91441487390478,6.597440832162758e-05,0.1271925032556798,1348.8000000000002
668670,Jake Rogers,2024,334,612,159,25.98039215686275,0.12008286457363966,0.019665011859439523,-0.4443704716329522,0.09403580484368101,5.826724047427497,100.26018782315661,98.77047061083323,16.12197235462223,12.372508950252977,36.1415087388917,-0.4443704716329528,0.0940358048436804,-0.5372204364571157,0.4110489382018899,88.0,138.0,-50.0,19.093175467208706,18.845809237999696,18.845809237999696,-0.00040419318498204255,0.13111245695134943,1099.4011976047905
680777,Ryan Jeffers,2024,461,932,325,34.871244635193136,0.08914939652502749,0.014980319047998888,-0.6036801673828416,0.05986625377698784,6.329853923842561,100.16564403608466,98.32967635152092,17.514083237568432,12.969235743563372,36.1415087388917,-0.6036801673828425,0.059866253776986955,-0.27708580609019856,0.45165492106409527,234.0,139.0,95.0,28.973553870633932,28.509726275361448,28.509726275361448,-0.0004976690936400036,0.1593072007762726,1213.0151843817787
666624,Christopher Morel,2024,610,1191,316,26.532325776658272,0.12211529417370827,0.011522254199460766,-0.26975663476196365,0.006740115234264377,3.957631973528102,100.01864923593246,99.25360992339625,10.950378419784432,9.523921163503836,36.1415087388917,-0.2697566347619632,0.006740115234264821,-0.09351499783181048,0.24356201646127168,100.0,140.0,-40.0,38.588432958891815,38.31418038021715,38.31418038021715,-0.00023027084691407473,0.11658914297674242,1171.4754098360656
592273,Brandon Drury,2024,361,683,183,26.79355783308931,0.11525601354085761,0.016125227161062603,-0.473761242749976,0.0016815977414916805,5.174449378584696,100.00465281555798,98.68914923786741,14.317192500091997,11.498290374870509,36.1415087388917,-0.473761242749974,0.001681597741493679,-0.5536646331544477,0.35501321654960555,107.0,141.0,-34.0,21.091850477976944,20.80680413025571,20.80680413025571,-0.0004173445793868749,0.11912687308335136,1135.180055401662
693304,Nick Gonzales,2024,387,682,234,34.31085043988269,0.0896207398176529,0.015403764348417774,-0.6111889190468046,-0.04667315392337423,5.486875851432676,99.87085997360937,98.30890037418635,15.181645821908578,11.93190426929256,36.1415087388917,-0.6111889190468037,-0.046673153923373345,-1.2349071611746847,0.38229401417174286,227.0,142.0,85.0,20.97125311733078,20.57703626454559,20.57703626454559,-0.0005780305759313621,0.13551665118563339,1057.3643410852715
641343,Jake Bauers,2024,346,700,140,20.0,0.1690478333555748,0.012786705477360206,-0.6190720575620894,-0.2503426832844026,4.009374098141441,99.3073264176849,98.28708850525682,11.093543789518042,9.617660228964985,36.1415087388917,-0.6190720575620913,-0.2503426832844045,-0.10584159056355685,0.24838012313665167,15.0,143.0,-128.0,23.66669666978047,23.309698449919665,23.309698449919665,-0.0005099974569440069,0.08738812249381715,1213.8728323699422
621439,Byron Buxton,2024,383,732,244,33.33333333333333,0.09029846953299869,0.014704575825172627,-1.020817193389441,-0.2642803858100472,5.707450162119898,99.26876216563241,97.17549922786996,15.791953245101078,12.221450890952186,36.1415087388917,-1.0208171933894408,-0.264280385810047,-0.10642726879609395,0.4010730783827792,216.0,144.0,72.0,22.032826566051682,21.381204924271422,21.381204924271422,-0.0008901934996998085,0.1346586049611729,1146.7362924281983
656582,Connor Joe,2024,415,803,177,22.04234122042341,0.14517563519864785,0.011738840583437741,-0.6540304242086507,-0.32431583555358107,3.671579844557918,99.10264998094951,98.19036214305892,10.158900313441949,8.989395029432186,36.1415087388917,-0.6540304242086522,-0.3243158355535826,-0.4051592056373448,0.21698959454091818,31.0,145.0,-114.0,25.69608743016067,25.243716386749686,25.243716386749686,-0.0005633512371245123,0.0896173403383527,1160.9638554216867
666149,Tyler Fitzgerald,2024,340,644,173,26.86335403726708,0.11756017135883211,0.01729315103751547,-1.1008296197957328,-0.338457314076836,5.5501114315530815,99.0635219007539,96.95411271358704,15.356612452597014,12.016287931815738,36.1415087388917,-1.1008296197957284,-0.33845731407683155,-1.1206040929818575,0.38772038018090943,108.0,146.0,-38.0,20.337909645077954,19.714106193860374,19.714106193860374,-0.0009686388994061832,0.12393284962481797,1136.4705882352941
664034,Ty France,2024,531,988,269,27.226720647773277,0.12095225333877999,0.011585397762849557,-0.6934954626697154,-0.34275572928879733,3.7578264681842706,99.05162860863093,98.08116626320182,10.397536238271348,9.15347528914281,36.1415087388917,-0.6934954626697121,-0.342755729288794,-0.5006340061878803,0.2249831558176008,114.0,147.0,-33.0,32.536156148131816,31.92241266366912,31.92241266366912,-0.0006211978587679131,0.10580386176986342,1116.3841807909605
516782,Starling Marte,2024,368,679,206,30.338733431516935,0.10162179363015396,0.01288128794205003,-0.9672639919602825,-0.40896240213469237,4.616302457401141,98.86844125659145,97.32367566902536,12.772854865446059,10.651146966163957,36.1415087388917,-0.9672639919602785,-0.4089624021346884,-0.40856442257242165,0.304628640122419,172.0,148.0,24.0,20.934089487811715,20.34083423940941,20.34083423940941,-0.000873719069811939,0.10865655637922869,1107.0652173913043
670032,Nicky Lopez,2024,446,800,223,27.875,0.10656349630065817,0.013112726013154838,-0.9357236152917758,-0.46150191141575336,4.169442962420851,98.72306960190863,97.41094478912872,11.536438593483878,9.901983255999747,36.1415087388917,-0.9357236152917752,-0.4615019114157527,-0.8516006469261844,0.2632827179248164,125.0,149.0,-24.0,23.76365967504677,23.068105121013218,23.068105121013218,-0.0008694431925419416,0.10957630508785389,1076.2331838565024
664728,Kyle Isbel,2024,426,775,240,30.967741935483872,0.10751028950860878,0.015630267111647455,-1.3104280269369275,-0.46597383430151007,5.554497920565352,98.71069623111755,96.37417453597674,15.368749436262975,12.022100068970595,36.1415087388917,-1.3104280269369253,-0.46597383430150785,-1.8025190042074306,0.3880955424659671,185.0,150.0,35.0,25.802469482066105,24.872065582940888,24.872065582940888,-0.0012005211601615723,0.14166165328149313,1091.5492957746478
663647,Ke'Bryan Hayes,2024,394,745,210,28.187919463087248,0.10538625312511493,0.014813360174003858,-1.3681003951579462,-0.613417737911595,4.982332158767604,98.30273345160187,96.2146007654469,13.785623048453814,11.217443949310216,36.1415087388917,-1.368100395157947,-0.6134177379115957,-0.9771186884140677,0.33788257377296355,132.0,151.0,-19.0,22.131113156274136,21.232727230120418,21.232727230120418,-0.0012058871491996215,0.11986696589430124,1134.517766497462
553993,Eugenio Suárez,2024,639,1242,341,27.455716586151368,0.12316546956227112,0.012874699996642543,-1.2933746024775896,-0.6985988321817949,4.300973391161688,98.06704574170132,96.42135968417446,11.90037035319843,10.129255058453042,36.1415087388917,-1.293374602477589,-0.6985988321817942,-2.5429432681249664,0.2755072243043136,117.0,152.0,-35.0,41.99942512073445,40.62198116909582,40.62198116909582,-0.0011090531011583196,0.1299737249185326,1166.1971830985915
690993,Colt Keith,2024,552,1022,306,29.9412915851272,0.10226422567745462,0.013706006433868037,-1.4609004288773761,-0.7356260163853376,4.6941884914065275,97.96459516480081,95.95783219944742,12.98835786109597,10.775148588510989,36.1415087388917,-1.460900428877376,-0.7356260163853374,-0.8667986683963537,0.3117629576707463,161.0,153.0,8.0,31.292853057301116,29.94882466273393,29.94882466273393,-0.0013150962764845264,0.13508990734444928,1110.8695652173913
665926,Andrés Giménez,2024,633,1133,427,37.68755516328332,0.08032816140799391,0.010092859920464037,-1.4160596471447249,-0.8223148986506629,4.136750603754697,97.7247355538155,96.08190223220839,11.445982052495665,9.844606616340101,36.1415087388917,-1.4160596471447249,-0.8223148986506629,-1.969542104140871,0.2602403958183103,254.0,154.0,100.0,34.3001249212134,32.80618199347572,32.80618199347572,-0.0013185727517543554,0.12965726121921076,1073.9336492890995
553869,Elías Díaz,2024,349,683,228,33.38213762811127,0.09176401444743008,0.01371743343858164,-1.8895231261981642,-0.8360587043885361,5.487926515072645,97.68670779510414,94.77187535293773,15.184552904862862,11.933315449417728,36.1415087388917,-1.889523126198159,-0.836058704388531,-1.0971911851418357,0.3823844469484298,217.0,155.0,62.0,20.92219529401406,19.823122675608797,19.823122675608797,-0.0016091839215304033,0.12214399265224096,1174.2120343839542
679032,Johan Rojas,2024,361,647,226,34.93044822256569,0.086776847580517,0.014904232584287882,-2.0321109151615735,-0.8598000142421178,5.749245392356867,97.62101792580427,94.3773489650286,15.907596536417229,12.274817349770082,36.1415087388917,-2.0321109151615744,-0.8598000142421187,-1.8488698203430303,0.40458339501785456,235.0,156.0,79.0,19.611567553196842,18.38891415257463,18.38891415257463,-0.0018897270488751367,0.13599240586290248,1075.3462603878115
669127,Shea Langeliers,2024,535,1020,314,30.784313725490197,0.10264920697088818,0.013030871508590525,-1.6731285172810235,-0.8861098652759146,4.6751495877544675,97.54822115568635,95.37061795242494,12.93567908725283,10.745013929185557,36.1415087388917,-1.673128517281026,-0.8861098652759171,-1.4767500558129367,0.3100215926747877,182.0,157.0,25.0,32.23185098885889,30.739978060949973,30.739978060949973,-0.0014626205175577575,0.1305262788687571,1143.9252336448599
642708,Amed Rosario,2024,346,620,242,39.03225806451613,0.08238433627162535,0.016653139580808343,-2.69192466315029,-0.886185020087227,7.081434591678188,97.54801320971526,92.55170922000408,19.593633024118585,13.749056239476689,36.1415087388917,-2.691924663150289,-0.8861850200872261,-3.8887417478019386,0.5076025021641701,260.0,158.0,102.0,19.937009377733336,18.38466615531667,18.38466615531667,-0.0025037793909946245,0.1640024182147137,1075.1445086705203
666181,Will Benson,2024,388,790,173,21.89873417721519,0.15133403840344448,0.01333145887532684,-1.55370336972995,-0.9094246300297023,4.202121200054536,97.48371149472497,95.70105558969647,11.626856062964116,9.958981100219242,36.1415087388917,-1.5537033697299492,-0.9094246300297014,-0.8210521488153403,0.2663224600316865,29.0,159.0,-130.0,26.180788643795893,25.17606046470386,25.17606046470386,-0.0012718078216354867,0.09667974672301519,1221.6494845360824
609280,Miguel Andújar,2024,319,607,220,36.24382207578254,0.0819184798366589,0.013824323836584098,-2.1819522787888204,-0.9181316176862537,5.870995605995497,97.45962011625083,93.96275264944644,16.244467402872274,12.427615532484069,36.1415087388917,-2.1819522787888173,-0.9181316176862506,-1.7762251616349867,0.4147186783615176,245.0,160.0,85.0,18.022065564064956,16.861994269175568,16.861994269175568,-0.0019111553457815311,0.12669423177812061,1141.692789968652
643289,Mauricio Dubón,2024,427,729,301,41.289437585733886,0.07220087672537691,0.013231444355900865,-2.4546052825973135,-1.155434991328868,5.592139185097854,96.8030250212396,93.20834860456192,15.47289911303614,12.071755907525668,36.1415087388917,-2.454605282597312,-1.1554349913288666,-1.9941288995915412,0.39130812732164055,264.0,161.0,103.0,21.73246389433845,19.98560313489003,19.98560313489003,-0.002396242468379179,0.14739774271831999,1024.3559718969555
686469,Vinnie Pasquantino,2024,556,1106,342,30.92224231464738,0.09865283122764465,0.011863878697657993,-2.0424897763456205,-1.197943593568642,4.4620704808670215,96.68540789975505,94.34863167694019,12.346110155787185,10.39989431084349,36.1415087388917,-2.0424897763456222,-1.1979435935686438,-1.8533205852183166,0.29042622441335947,184.0,162.0,22.0,33.73926827985447,31.846561087107528,31.846561087107528,-0.0017113084925379218,0.12433185224456933,1193.525179856115
647351,Abraham Toro,2024,362,691,214,30.96960926193922,0.097775588086422,0.013019002852747449,-2.232633321818423,-1.2320339121015966,4.817221210782049,96.59108334131106,93.82252318809287,13.328777294784764,10.967144582205448,36.1415087388917,-2.2326333218184207,-1.2320339121015944,-2.285799601079223,0.32297218020917584,186.0,163.0,23.0,20.92397585049431,19.576953746330528,19.576953746330528,-0.0019493807585582946,0.11056429127267023,1145.303867403315
606192,Teoscar Hernández,2024,647,1326,385,29.034690799396685,0.10950983461327338,0.010515000303130814,-1.9909078351364555,-1.3052025061230483,3.920030525578765,96.38863303811519,94.49135383494921,10.846338911580743,9.455235803237835,36.1415087388917,-1.9909078351364558,-1.3052025061230486,-1.734277643744792,0.2400616051740866,145.0,164.0,-19.0,42.16128632611025,40.014424043888106,40.014424043888106,-0.0016190514948884952,0.11608355967419245,1229.6754250386398
624413,Pete Alonso,2024,689,1424,372,26.12359550561798,0.12857174348743478,0.013220085681895644,-2.2430288957909355,-1.352871507258973,4.418115094763288,96.2567376004335,93.79375965736256,12.224489925648776,10.326887286213097,36.1415087388917,-2.243028895790939,-1.3528715072589765,-2.1856694457705945,0.28636296548915585,91.0,165.0,-74.0,47.828688577325735,45.25294372865914,45.25294372865914,-0.0018088095847377742,0.1344466552031843,1240.058055152395
572233,Christian Walker,2024,551,1175,288,24.51063829787234,0.13792760073534885,0.010484510328144363,-1.974955414617263,-1.3546150066795382,3.6867871137004626,96.25191350901784,94.53549261353325,10.200977331455809,9.018509603990577,36.1415087388917,-1.9749554146172608,-1.354615006679536,-1.5842139791850887,0.21839742905402054,64.0,166.0,-102.0,39.72314901178047,37.909481622690286,37.909481622690286,-0.0015435467141193075,0.09877100573931677,1279.491833030853
696285,Jacob Young,2024,520,897,240,26.755852842809364,0.12047162573024249,0.013738320010988181,-2.1130192844160036,-1.3554292643630377,4.073526249932761,96.24966053809351,94.1534834650049,11.271046483870938,9.732636723449378,36.1415087388917,-2.1130192844160063,-1.3554292643630403,-3.0014177698935733,0.2543542532196314,104.0,167.0,-63.0,28.913190175258197,27.081906795430992,27.081906795430992,-0.0020415645260058006,0.1178762716635278,1035.0
668709,JJ Bleday,2024,642,1286,318,24.72783825816485,0.12938930290730363,0.010071201195567061,-1.894725928873242,-1.3662132964852316,3.3941359128359556,96.21982218186963,94.7574797096549,9.391240242230237,8.444407332314425,36.1415087388917,-1.8947259288732459,-1.3662132964852354,-2.1143005042232392,0.1914768727004898,66.0,168.0,-102.0,41.14579832452255,39.11844158062818,39.11844158062818,-0.0015764826935415002,0.10127273116259083,1201.8691588785045
663728,Cal Raleigh,2024,623,1302,431,33.102918586789556,0.10725007705732714,0.01156230824632451,-2.5281969339634793,-1.4327029025242406,4.815390004100657,96.03585198151256,93.00472774330282,13.323710526004797,10.964321517471705,36.1415087388917,-2.5281969339634833,-1.4327029025242446,-2.959315451838667,0.3228059283621139,212.0,169.0,43.0,46.224783211708,43.599672061942584,43.599672061942584,-0.0020162144007414844,0.1385679433267436,1253.932584269663
683011,Anthony Volpe,2024,689,1334,390,29.235382308845576,0.11023111217603282,0.010499178469156843,-2.1010812012587814,-1.4331984508604019,3.7594971040319183,96.03448084800581,94.18651496693657,10.402158723347213,9.15662867465422,36.1415087388917,-2.1010812012587823,-1.4331984508604028,-2.3415156628135927,0.22513819656577885,149.0,170.0,-21.0,42.9901337486528,40.5773921692073,40.5773921692073,-0.001808651858654798,0.11820063545658668,1161.6835994194485
669016,Brandon Marsh,2024,478,1065,252,23.661971830985916,0.14632631799073295,0.012110762706398204,-2.3603204921087997,-1.4741570672547926,4.292411914645376,95.92115238490733,93.46922534650894,11.876681589737652,10.114634946855944,36.1415087388917,-2.360320492108799,-1.4741570672547917,-2.5125272375178955,0.27471248876581367,52.0,171.0,-119.0,36.874232133664705,34.99384347495136,34.99384347495136,-0.0017656231537214497,0.10478599317103089,1336.8200836820083
676914,Davis Schneider,2024,454,1022,236,23.09197651663405,0.15275069038453817,0.010526864662953748,-2.3176676519376356,-1.5724965478733908,3.8559545903717334,95.64905671416746,93.58724156016319,10.669047101020327,9.337092883899887,36.1415087388917,-2.317667651937642,-1.572496547873397,-2.565506146888547,0.23409995792238183,39.0,172.0,-133.0,36.04916293075101,34.295461074118194,34.295461074118194,-0.0017159509360399324,0.09126643052016302,1350.660792951542
656716,Zach McKinstry,2024,325,604,169,27.980132450331123,0.11631146498520765,0.01699147920274655,-3.1470778574994376,-1.6113226373144427,5.492043235503051,95.54162874340521,91.29234509761105,15.195943465395759,11.938841763624938,36.1415087388917,-3.1470778574994345,-1.6113226373144396,-3.4982163311893455,0.38273869316213616,128.0,173.0,-45.0,19.656637582500093,17.9519704096879,17.9519704096879,-0.0028222966437288,0.1210452045867079,1115.076923076923
456781,Donovan Solano,2024,308,615,183,29.756097560975608,0.11529144762388079,0.012731653179101531,-2.9474313963810945,-1.6558962351287012,4.9917509997193665,95.41829798226769,91.84474721939492,13.811684054981821,11.231471362375443,36.1415087388917,-2.9474313963810963,-1.655896235128703,-2.3340884741920993,0.3387281464181373,157.0,174.0,-17.0,21.098334915170184,19.585320131694555,19.585320131694555,-0.00246018663979777,0.1033272382914842,1198.051948051948
624585,Jorge Soler,2024,571,1251,337,26.938449240607515,0.12226350218805866,0.010250233025329956,-2.4767425642226435,-1.6658749246183198,3.947454038107424,95.39068792989906,93.1470969236062,10.922217073521304,9.50537639845689,36.1415087388917,-2.476742564222648,-1.6658749246183242,-0.7031122625949506,0.24261442296776625,109.0,175.0,-66.0,41.20280023737577,38.84576689709055,38.84576689709055,-0.001884119376726791,0.10621192620417642,1314.535901926445
643446,Jeff McNeil,2024,468,813,253,31.119311193111933,0.1025712722213323,0.012464270653700088,-2.6776821166146147,-1.7250767125582174,4.2293980115954355,95.22688240543242,92.59111694544956,11.702328317700253,10.006287329572775,36.1415087388917,-2.6776821166146183,-1.725076712558221,-2.68251432964007,0.26885858975518856,189.0,176.0,13.0,25.95053187199707,23.86193982103767,23.86193982103767,-0.0025689939126191876,0.11569854214256363,1042.3076923076924
663586,Austin Riley,2024,470,905,256,28.28729281767956,0.11861612650882632,0.009985163787881222,-2.651415902049585,-1.8541345971250882,3.7763360578619003,94.86979193226136,92.66379297775023,10.448750452407658,9.188359978580042,36.1415087388917,-2.6514159020495893,-1.8541345971250927,-3.3548088461056653,0.22670128425879885,135.0,177.0,-42.0,30.365728386259537,28.288785929654026,28.288785929654026,-0.0022949640404480755,0.09833156547774824,1155.3191489361702
681297,Colton Cowser,2024,561,1141,287,25.153374233128833,0.1312830222082225,0.011839099171043973,-2.7710789252199732,-1.8818472950972363,3.9679917909404065,94.79311362264136,92.33269716203621,10.979043015629477,9.54276157385753,36.1415087388917,-2.7710789252199723,-1.8818472950972354,-1.7567478904250635,0.24452660806043058,74.0,178.0,-104.0,37.67822737375985,35.08726857867918,35.08726857867918,-0.0022707789615080414,0.10983469633921794,1220.3208556149732
641680,Jonah Heim,2024,491,884,284,32.126696832579185,0.10289963751328712,0.013280496816278178,-3.2017148655125722,-1.91172546940853,4.753435063717812,94.7104436529753,91.14116987023505,13.15228729951349,10.868194909754399,36.1415087388917,-3.2017148655125722,-1.91172546940853,-3.639204865376004,0.3171705200341531,200.0,179.0,21.0,29.223497053773542,26.603427055495754,26.603427055495754,-0.0029638800885495344,0.13083130539058585,1080.244399185336
596146,Max Kepler,2024,399,746,227,30.42895442359249,0.10612812148384629,0.013464402164169074,-3.3473476160294844,-1.9906741016159095,4.806902608887303,94.49200055261181,90.73821837319309,13.300226738223074,10.951223411784808,36.1415087388917,-3.3473476160294875,-1.9906741016159126,-3.475524897679547,0.32203513362336444,174.0,180.0,-6.0,24.091083576833107,21.865097412173498,21.865097412173498,-0.002983895663082583,0.11703548378035977,1121.8045112781956
663616,Trevor Larnach,2024,399,802,207,25.81047381546135,0.13310442095998837,0.014859774879988038,-3.529111037540486,-2.049173625688553,4.969888472828533,94.33013812319504,90.23529686312507,13.751192593353082,11.1988703959337,36.1415087388917,-3.529111037540485,-2.0491736256885518,-2.5274219528057635,0.3367645856656863,86.0,181.0,-95.0,27.55261513871759,25.20575629875317,25.20575629875317,-0.002926257905192547,0.11670275382714322,1206.0150375939852
606115,Orlando Arcia,2024,601,1161,319,27.47631352282515,0.12069732505391519,0.011817821884145804,-3.0618376281488837,-2.107301354075359,3.952147600919526,94.1693044158732,91.52819642846272,10.935203700189303,9.51393265809899,36.1415087388917,-3.061837628148885,-2.1073013540753602,-2.9219992647317805,0.2430513980450958,118.0,182.0,-64.0,38.502446692198944,35.43550600133648,35.43550600133648,-0.0026416371152992806,0.11618237967969466,1159.0682196339435
669224,Austin Wells,2024,414,815,208,25.52147239263804,0.1322817013118767,0.010022737265750802,-2.984212608704071,-2.140136615425723,3.696088758711542,94.0784524772129,91.74297722249548,10.226714068342694,9.036279029228314,36.1415087388917,-2.9842126087040723,-2.140136615425724,-3.0390287163445353,0.2192589062116112,79.0,183.0,-104.0,27.51459387287035,25.45548717286454,25.45548717286454,-0.0025265112883506857,0.08933315622321829,1181.1594202898552
672640,Otto Lopez,2024,436,761,245,32.19448094612352,0.10229306950230044,0.012527840211573426,-3.375418864675237,-2.1515933225273036,4.442068270724984,94.04675289548169,90.6605479891243,12.290766007631817,10.366749473176748,36.1415087388917,-3.3754188646752366,-2.151593322527303,-4.526177675142392,0.2885779766593889,201.0,184.0,17.0,25.061802028063607,22.608997653066268,22.608997653066268,-0.0032231332128742954,0.11701139028290101,1047.2477064220184
642715,Willy Adames,2024,688,1373,386,28.11361981063365,0.126653154915081,0.010342870040909639,-3.0312199216288827,-2.155839665944129,3.7542089260006137,94.03500368089438,91.61291261101394,10.38752685485077,9.146643804242201,36.1415087388917,-3.0312199216288827,-2.155839665944129,-2.287358540697605,0.22464745916848017,129.0,185.0,-56.0,48.88811779722127,45.412318953753484,45.412318953753484,-0.002531535938432473,0.11617705337591117,1197.3837209302326
607680,Kevin Pillar,2024,314,608,234,38.48684210526316,0.08938459541970985,0.015170972738818192,-5.218660542867264,-2.2273302124212124,6.859207317094681,93.83719637021021,85.5604795567057,18.97875201240152,13.531443632448482,36.1415087388917,-5.218660542867261,-2.2273302124212098,-5.1394988818568175,0.4916615465293103,258.0,186.0,72.0,20.915995328212105,18.18489631077824,18.18489631077824,-0.0044919391734109665,0.14557960527759245,1161.783439490446
676694,Jake Meyers,2024,512,922,290,31.453362255965295,0.10399818340838542,0.012106277819611782,-3.469342137700865,-2.2484713788960953,4.367141890418572,93.77870084190336,90.40067153044022,12.083452082671668,10.241439226260127,36.1415087388917,-3.469342137700865,-2.2484713788960953,-3.5596537491051725,0.28164364857745405,192.0,187.0,5.0,30.15947318843177,27.1989678975937,27.1989678975937,-0.00321096018529075,0.12272994868685409,1080.46875
592518,Manny Machado,2024,641,1161,346,29.80189491817399,0.11029006587478615,0.01075788281562679,-3.1378270078212847,-2.2570805005146237,3.7041486010213522,93.75488024913085,91.31794128880767,10.24901485929207,9.051652405767932,36.1415087388917,-3.13782700782128,-2.2570805005146193,-3.2804407591893896,0.2200055890074409,159.0,188.0,-29.0,38.16036279267601,34.80811760598694,34.80811760598694,-0.0028873774217821465,0.11613926424837334,1086.7394695787832
669004,MJ Melendez,2024,450,941,266,28.26780021253985,0.12576491716669672,0.012960257435604684,-3.7451374856483985,-2.2779019645593586,4.765074530246381,93.69726930600405,89.6375729283867,13.184492558603974,10.88634543532514,36.1415087388917,-3.745137485648395,-2.277901964559355,-3.5541746721443466,0.3182307915492008,134.0,189.0,-55.0,33.45346796634133,30.644614852105033,30.644614852105033,-0.002984966115022634,0.11650274266371799,1254.6666666666667
502110,J. D. Martinez,2024,495,1060,318,30.0,0.1162022696818342,0.01118243141974392,-3.731202781501643,-2.2959541083455877,4.699372419623162,93.64732079965736,89.67612888421972,13.002701280608662,10.783333904884989,36.1415087388917,-3.7312027815016444,-2.295954108345589,-2.9345887198321448,0.3122367975784744,164.0,190.0,-26.0,36.952321758823274,33.87407946408442,33.87407946408442,-0.002904002164847977,0.11908056309429467,1284.8484848484848
681624,Andy Pages,2024,442,841,258,30.677764565992867,0.11597100530796269,0.01387825097947672,-4.040487639953055,-2.304632902173778,5.161045356195254,93.6233074307333,88.8203681004465,14.280104888486514,11.479052629798794,36.1415087388917,-4.040487639953052,-2.3046329021737755,-4.852482867307085,0.35382626784662863,179.0,191.0,-12.0,29.92051936945437,26.94402680802229,26.94402680802229,-0.003539230156280718,0.13110241651944265,1141.6289592760181
595909,Jake Cave,2024,347,649,218,33.59013867488444,0.10105334947142883,0.0152079177700697,-4.678834236979388,-2.39273744829128,5.842188918192203,93.37953081710596,87.0541258507437,16.16476213098833,12.391817435529207,36.1415087388917,-4.67883423697939,-2.3927374482912818,-4.2977052552781645,0.4123329017728274,218.0,192.0,26.0,22.029630184771484,19.32370438438507,19.32370438438507,-0.004169377196281068,0.13262685541023359,1122.1902017291065
671277,Luis García,2024,527,984,352,35.77235772357724,0.08676257013096379,0.01173642724843556,-4.1411924515329295,-2.4704403147164413,4.935901414239614,93.16453462813517,88.54172779157774,13.65715374501816,11.147901072274616,36.1415087388917,-4.141192451532934,-2.4704403147164458,-3.9631006017551007,0.3337061338994905,242.0,193.0,49.0,30.540424686099257,26.903077316169497,26.903077316169497,-0.0036964912296034115,0.13820644386996406,1120.303605313093
608369,Corey Seager,2024,523,952,265,27.836134453781515,0.1175904462428465,0.010913740362457151,-3.453987687962196,-2.521002554312946,3.6608440092807153,93.02463388419613,90.44315578268768,10.129195313147786,8.968793757784695,36.1415087388917,-3.453987687962193,-2.5210025543129433,-3.8544363950986127,0.21599617079002656,124.0,194.0,-70.0,31.16146825435432,28.15074231968061,28.15074231968061,-0.0031625272423043216,0.10342206096644692,1092.1606118546845
665750,Leody Taveras,2024,529,1021,294,28.795298726738494,0.11667986358435295,0.012359987188127482,-3.9807271917955425,-2.604907063577946,4.391472128563288,92.79247835944707,88.98571938278852,12.15077145862936,10.282330193896211,36.1415087388917,-3.9807271917955416,-2.604907063577945,-3.8292047951847064,0.28389717415635984,142.0,195.0,-53.0,34.30387989379977,30.79420541970003,30.79420541970003,-0.0034374872420173718,0.12117183404001414,1158.0340264650283
593871,Jorge Polanco,2024,467,978,235,24.028629856850717,0.14889910591633945,0.012005148561660992,-3.778202743594775,-2.628386215142358,4.001099860043831,92.72751385634888,89.54608461176645,11.070649786510618,9.60273046407463,36.1415087388917,-3.7782027435947776,-2.6283862151423607,-3.9964117575514275,0.2476095867405057,59.0,196.0,-137.0,34.99128989033977,32.0505887549085,32.0505887549085,-0.0030068518767190867,0.09958079599972937,1256.5310492505353
681807,David Fry,2024,388,756,215,28.439153439153444,0.11816169242984542,0.01211832742450898,-4.10958882489534,-2.6309078183321404,4.535714394114584,92.7205368283338,88.62917191812463,12.549875620531923,10.520815104521416,36.1415087388917,-4.1095888248953445,-2.630907818332145,-4.312862862803074,0.29721912679745094,138.0,197.0,-59.0,25.404763872416765,22.74722976565111,22.74722976565111,-0.003515256754981023,0.10667564500253399,1169.0721649484535
669289,Santiago Espinal,2024,392,728,203,27.884615384615387,0.12213017026521852,0.013464448599204265,-4.182594085963287,-2.7389866606289184,4.413897770283572,92.42149330174058,88.42717354114656,12.212821003606301,10.319849681548288,36.1415087388917,-4.182594085963287,-2.7389866606289184,-4.211914075690371,0.28597279513370344,126.0,198.0,-72.0,24.79242456383936,22.05979642767668,22.05979642767668,-0.00375361007714654,0.10687875773046544,1114.2857142857142
668804,Bryan Reynolds,2024,688,1388,421,30.3314121037464,0.11561702443786122,0.010570175783008813,-3.9523179545920093,-2.775138972280023,3.965992144074979,92.321463411145,89.06432494795399,10.973510189427135,9.539127815371293,36.1415087388917,-3.952317954592014,-2.7751389722800277,-4.362636013435242,0.24434041846404203,171.0,199.0,-28.0,48.674767288339574,44.14277603374073,44.14277603374073,-0.003265123382275819,0.12206588506056688,1210.46511627907
570482,Gio Urshela,2024,458,838,306,36.51551312649165,0.0906392825417674,0.011313543235702096,-4.55913970115406,-2.8117014993569702,4.807968175818278,92.22029849481267,87.38530885887452,13.303175057117764,10.952869066556604,36.1415087388917,-4.559139701154056,-2.811701499356966,-5.651076398444195,0.32213192618309905,247.0,200.0,47.0,27.735620457780822,24.25547715256656,24.25547715256656,-0.004152915638680508,0.12678089189890734,1097.816593886463
676059,Jordan Westburg,2024,444,805,245,30.434782608695656,0.11003953798208305,0.013753931178468036,-4.5591385978856,-2.8189931909139663,4.793174853634562,92.20012310144523,87.38531191150985,13.26224338962543,10.929990816342977,36.1415087388917,-4.559138597885597,-2.8189931909139636,-4.06546396584606,0.3207875993653053,175.0,201.0,-26.0,26.959686805610346,23.585924243175004,23.585924243175004,-0.004191009394329619,0.1250135395758229,1087.837837837838
641933,Tyler O'Neill,2024,470,1038,275,26.49325626204239,0.13616382759625226,0.011428530298676782,-4.376218638411555,-2.842815426683595,4.4849666552022525,92.13420931809509,87.89143344837089,12.40946161823068,10.437676039976708,36.1415087388917,-4.376218638411559,-2.8428154266835985,-4.04567205112189,0.2925402336796462,96.0,202.0,-106.0,37.44505258896937,34.01701465554698,34.01701465554698,-0.0033025413616785985,0.10904534962975533,1325.1063829787233
575929,Willson Contreras,2024,353,705,214,30.354609929078013,0.11435748863413983,0.010159384960142197,-4.342503710629029,-2.8857047621610423,4.346440797298327,92.01553874518872,87.98471933752981,12.026174194053894,10.206495734791215,36.1415087388917,-4.3425037106290265,-2.8857047621610397,-4.030915938117562,0.27972500754132207,173.0,203.0,-30.0,24.472502567705924,21.91766288461918,21.91766288461918,-0.0036238860753003478,0.09630806672991668,1198.300283286119
687263,Zach Neto,2024,600,1170,369,31.538461538461537,0.10668912437265622,0.013432345886590003,-4.962131777577902,-2.9446991724060876,5.075104523589706,91.8523070144072,86.27026941949943,14.042315057335752,11.354442105273348,36.1415087388917,-4.962131777577902,-2.9446991724060876,-4.938672688882129,0.3461860614999718,193.0,204.0,-11.0,39.368286893510145,34.40615511593224,34.40615511593224,-0.0042411382714341046,0.14837203737452442,1170.0
669304,José Miranda,2024,427,808,289,35.76732673267327,0.0863990394488897,0.013356558136203298,-5.349157115124183,-2.9555938427632054,5.520112275297494,91.82216253306906,85.1994083761977,15.273607737790229,11.976395285890142,36.1415087388917,-5.349157115124185,-2.955593842763207,-5.673664038029547,0.3851502824412087,241.0,205.0,36.0,24.969322400729123,21.16250558713241,21.16250558713241,-0.004711406947520681,0.1382034406991155,1135.3629976580796
686668,Brenton Doyle,2024,602,1111,336,30.243024302430243,0.110535293812952,0.010585794804971497,-4.198886985622702,-3.006513965938758,3.8704092858478223,91.68127156046626,88.38209269026918,10.709041821718124,9.363865380587793,36.1415087388917,-4.198886985622707,-3.006513965938763,-3.2900738661094486,0.23544436475778702,167.0,206.0,-39.0,37.139858721151874,32.92697544557709,32.92697544557709,-0.0037919741454318433,0.11650514490690352,1107.3089700996677
663898,Brendan Rodgers,2024,538,1026,301,29.33723196881092,0.11407332090863677,0.010912068319427546,-4.312832590366769,-3.0688354629417516,3.9218704508834135,91.5088341078595,88.06681640900688,10.851429803933746,9.4586078072963,36.1415087388917,-4.312832590366766,-3.068835462941749,-3.78711544242259,0.24023286119922266,151.0,207.0,-56.0,34.336069593499666,30.46889637080413,30.46889637080413,-0.003769174680989801,0.10978691677263838,1144.2379182156135
677587,Brayan Rocchio,2024,440,871,257,29.506314580941446,0.1217816512028115,0.012923289874087123,-5.0690506636434325,-3.1532198229448625,4.815639001651944,91.27535088331358,85.97443537771113,13.324399477739174,10.964705443578755,36.1415087388917,-5.069050663643434,-3.1532198229448642,-5.3034305459998246,0.32282853546881696,154.0,208.0,-54.0,31.297884359122556,27.58058053911737,27.58058053911737,-0.00426785742824935,0.11965924870010834,1187.7272727272727
592696,Eddie Rosario,2024,322,610,212,34.75409836065574,0.09827302770681706,0.016644132062287313,-6.990354810164378,-3.1661749255209344,6.792749575541418,91.2395053886784,80.65837577322252,18.79486997794249,13.464319996311518,36.1415087388917,-6.9903548101643755,-3.1661749255209317,-7.055972096305054,0.4867958046245915,233.0,209.0,24.0,20.83388187384522,17.082391459057003,17.082391459057003,-0.0061499842865380605,0.1475996432533529,1136.645962732919
642133,Rowdy Tellez,2024,421,826,227,27.4818401937046,0.12102919490912209,0.013492274292273251,-5.116909413918059,-3.2341345702354896,4.72656668866057,91.05146773589102,85.84201492282536,13.077945148356065,10.82613473015249,36.1415087388917,-5.116909413918059,-3.2341345702354896,-4.602956839437939,0.3147203550154142,119.0,210.0,-91.0,27.473627244370714,23.883262472271543,23.883262472271543,-0.004346688586076479,0.1153948990773845,1177.1971496437054
650391,Eloy Jiménez,2024,346,641,213,33.229329173166924,0.09940936597319705,0.013617296742656453,-5.852644313731241,-3.320916475540323,5.423834432571124,90.81135073930463,83.8063088178905,15.007216416326754,11.846662137368932,36.1415087388917,-5.852644313731236,-3.3209164755403187,-6.200347739514809,0.37685126966526344,214.0,211.0,3.0,21.17419495229097,17.799170064705958,17.799170064705958,-0.005265249434610008,0.12353848112202181,1111.5606936416186
664040,Brandon Lowe,2024,421,811,252,31.072749691738593,0.11520325626963214,0.01257454051358891,-5.285271416944658,-3.3626835183948476,4.70311177379344,90.69578543970336,85.37617381961367,13.013047705815458,10.789233019973514,36.1415087388917,-5.285271416944655,-3.362683518394844,-5.284224678884959,0.3125785146465551,187.0,212.0,-25.0,29.0312205799473,25.322721802391133,25.322721802391133,-0.0045727481844095785,0.11587926145949276,1155.8194774346794
682829,Elly De La Cruz,2024,694,1440,389,27.013888888888886,0.125806444182513,0.010297853531151055,-4.90123468526395,-3.650389035373804,3.6707028311001526,89.89973257135877,86.43876568442823,10.156473703462543,8.987713575227867,36.1415087388917,-4.90123468526395,-3.650389035373804,-3.9628518057320195,0.21690842691134227,110.0,213.0,-103.0,48.93870678699756,43.269612001042255,43.269612001042255,-0.003936871379135627,0.11188611670241608,1244.9567723342939
605137,Josh Bell,2024,602,1181,326,27.60372565622354,0.1300917805224716,0.012597389535462985,-5.615708749595915,-3.789917773572299,4.367824130303738,89.5136702760447,84.46188622017078,12.085339773332551,10.242588469792269,36.1415087388917,-5.615708749595916,-3.7899177735723,-4.998206609596886,0.28170686143163726,120.0,214.0,-94.0,42.40992045032575,36.775492671564514,36.775492671564514,-0.0047708956636420274,0.12752209394116643,1177.0764119601329
647304,Josh Naylor,2024,631,1238,402,32.47172859450727,0.10528577453243713,0.012270122493666479,-6.056024384003818,-3.8092166518669788,4.8353091604406675,89.46027217793512,83.24357616679417,13.378824872458672,10.994973909823043,36.1415087388917,-6.056024384003821,-3.8092166518669814,-5.849863340294729,0.3246133553169361,206.0,215.0,-9.0,42.324881362039726,35.955962384862374,35.955962384862374,-0.005144522598689296,0.14452468576794616,1177.1790808240887
676609,José Caballero,2024,480,980,340,34.69387755102041,0.10317119526580712,0.011756188129962578,-6.328235147422892,-3.8092221568779654,5.119838245548257,89.46025694611116,82.49039575757082,14.166088866231597,11.419578234227915,36.1415087388917,-6.328235147422899,-3.8092221568779725,-5.7977279738656184,0.35016933040860626,232.0,216.0,16.0,35.07820639037442,30.0156182724361,30.0156182724361,-0.0051659062427941976,0.13083778686684758,1225.0
669911,Michael Toglia,2024,457,1051,287,27.30732635585157,0.1326107535786812,0.011271459953289072,-6.03280227101228,-3.8574928711196863,4.733373715776758,89.32669662744695,83.30782946944213,13.096779522884715,10.83681193724549,36.1415087388917,-6.032802271012279,-3.8574928711196845,-4.939772719401234,0.315341443066688,115.0,217.0,-102.0,38.05928627708151,33.46430188066049,33.46430188066049,-0.004372011794882036,0.11120757907315333,1379.8687089715536
663624,Ryan Mountcastle,2024,506,986,377,38.23529411764706,0.08840229937363218,0.012052441583814676,-6.84475862770095,-3.916788639526852,5.457381563490956,89.16263106827077,81.06122609005712,15.100038028070184,11.892162867784402,36.1415087388917,-6.844758627700947,-3.916788639526849,-5.392879081657147,0.37975165409317685,257.0,218.0,39.0,33.327666863859335,27.555253754498203,27.555253754498203,-0.005854374350264842,0.14657001367709996,1169.1699604743083
676391,Ernie Clement,2024,451,702,305,43.44729344729345,0.0780073827136324,0.0147001730788064,-7.864502510203,-4.1236250713170115,6.039394217033226,88.59033500480405,78.23969506358752,16.710409796850186,12.632562330994304,36.1415087388917,-7.864502510202997,-4.123625071317009,-8.181030792053498,0.4285099167333205,267.0,219.0,48.0,23.792251727657884,17.880767340821965,17.880767340821965,-0.0084209179299657,0.1713365880452041,933.9246119733925
673357,Luis Robert,2024,422,855,308,36.0233918128655,0.09795893411707848,0.011622545352907571,-7.030592570847085,-4.131128946421393,5.312991422230348,88.56957252043021,80.54704184697886,14.700524708624197,11.69404347663323,36.1415087388917,-7.030592570847083,-4.131128946421391,-6.741587180008527,0.3672039850363696,244.0,220.0,24.0,30.171351708060172,25.226501599897723,25.226501599897723,-0.00578345041890345,0.12779599920319304,1215.6398104265402
666969,Adolis García,2024,634,1389,469,33.765298776097914,0.10262967744142619,0.01052340106079172,-6.905227821398166,-4.37807888701528,4.841949718301079,87.88628632344822,80.89391377851504,13.397198642929592,11.005165373434435,36.1415087388917,-6.905227821398166,-4.37807888701528,-4.970639225605257,0.32521541558262623,223.0,221.0,2.0,48.13331872002888,40.83679465541815,40.83679465541815,-0.005253077080353297,0.13727996500166043,1314.5110410094637
665833,Oneil Cruz,2024,595,1267,403,31.80741910023678,0.11401165366235214,0.010654054189180816,-6.571883962077527,-4.402251088053616,4.476094598538477,87.81940422062023,81.8162434513821,12.38491351004883,10.423056032790315,36.1415087388917,-6.571883962077525,-4.402251088053614,-5.725113842343808,0.2917212879763048,196.0,222.0,-26.0,45.94669642592791,39.429578163534366,39.429578163534366,-0.00514373974932403,0.12470293189442341,1277.6470588235295
676475,Alec Burleson,2024,593,1067,370,34.67666354264292,0.09813336066991554,0.010482174862561524,-6.2562889897672616,-4.422246355427534,4.107600079271392,87.76407928242139,82.68946369957462,11.365325418336017,9.79314660838204,36.1415087388917,-6.25628898976726,-4.422246355427532,-6.88128308758758,0.2575268345944792,231.0,223.0,8.0,36.30934344786875,30.12604449631544,30.12604449631544,-0.005795031819637592,0.12428233005170596,1079.5952782462057
650559,Bryan De La Cruz,2024,622,1223,400,32.70645952575634,0.10736647402451605,0.010702098942441758,-6.389887382684247,-4.437021562821508,4.2326633111394765,87.7231977367706,82.31981008637827,11.711363080381668,10.011933884959198,36.1415087388917,-6.389887382684246,-4.437021562821507,-6.1905711279473845,0.26916210957381115,207.0,224.0,-17.0,42.946589609806416,36.32240635642375,36.32240635642375,-0.0054163395366988295,0.12546992243456356,1179.742765273312
666176,Jo Adell,2024,450,957,287,29.989550679205852,0.13258239879747397,0.01474415748287006,-8.274495440733459,-4.474624221670917,5.883388026214669,87.6191548781255,77.10528494946502,16.278756010768262,12.442948515189965,36.1415087388917,-8.27449544073346,-4.4746242216709184,-6.971399479169824,0.4157426554941399,163.0,225.0,-62.0,38.051148454875026,31.84527687432493,31.84527687432493,-0.006484714295245658,0.14263719403597572,1276.0
592663,J. T. Realmuto,2024,413,760,232,30.526315789473685,0.1131122457660107,0.01475715591713491,-7.907464820507219,-4.781589695138052,5.18910100056918,86.76981160448179,78.12082257651288,14.35773209706991,11.519258074491628,36.1415087388917,-7.907464820507219,-4.781589695138052,-6.849247572979321,0.35630916530738027,178.0,226.0,-48.0,26.24204101771448,20.79906939959868,20.79906939959868,-0.007161804760678687,0.12956393484111423,1104.1162227602906
691718,Pete Crow-Armstrong,2024,409,693,286,41.269841269841265,0.091050386968176,0.013632890141524218,-8.710230853806811,-4.821743499165072,5.767107926256815,86.65870997804689,75.89964791803565,15.957020410857552,12.297482021097048,36.1415087388917,-8.710230853806811,-4.821743499165072,-8.725241452558885,0.4060788495067225,263.0,227.0,36.0,26.040410672898336,20.102936640886693,20.102936640886693,-0.008567783595976396,0.1493356577813889,1016.6259168704157
676356,Jonny DeLuca,2024,362,690,262,37.971014492753625,0.09992554091002875,0.013469082565939814,-9.12249941913694,-4.860660778830601,6.017074213655702,86.55102969290247,74.75894134624141,16.648652542777658,12.60581792769541,36.1415087388917,-9.122499419136934,-4.860660778830596,-8.938886596171614,0.42669744029520823,256.0,228.0,28.0,26.180491718427533,20.67658373554825,20.67658373554825,-0.007976678236056937,0.1382032139641914,1143.646408839779
621438,Tyrone Taylor,2024,342,647,212,32.766615146831526,0.11102264765603317,0.014906770540917342,-9.025624205718293,-4.923196905661739,5.871494557126959,86.37799838067106,75.02698553365632,16.245847951578934,12.428233656717108,36.1415087388917,-9.025624205718293,-4.923196905661739,-8.704994247281174,0.4147599339087985,208.0,229.0,-21.0,23.536801303079034,18.392195505819608,18.392195505819608,-0.007951477275516887,0.13157439385670508,1135.0877192982457
683734,Andrew Vaughn,2024,619,1200,398,33.166666666666664,0.11169996731686159,0.011456807121972723,-7.5255311831948,-5.085385303782546,4.466174527235998,85.9292390350318,79.17759538605921,12.357465648438657,10.40667897397773,36.1415087388917,-7.525531183194798,-5.0853853037825445,-7.19220863383088,0.29080528342614437,213.0,230.0,-17.0,44.456586992110914,36.69274732144828,36.69274732144828,-0.006469866392218862,0.13301005279782793,1163.1663974151859
643396,Isiah Kiner-Falefa,2024,495,798,242,30.32581453634085,0.11564067466172737,0.012508028794064619,-7.037363407810025,-5.141125533019931,3.918769347089407,85.77501130303509,80.52830760704477,10.842849354743286,9.452923801431819,36.1415087388917,-7.0373634078100284,-5.141125533019935,-7.9112199656406785,0.23994421941683014,170.0,231.0,-61.0,27.98504326813802,22.17921845669475,22.17921845669475,-0.007275469688525402,0.11444641818929693,967.2727272727273
672820,Lenyn Sosa,2024,368,682,256,37.5366568914956,0.09897392664670888,0.013815940785671537,-9.470761612661606,-5.181550348476874,5.874020946885267,85.66315981462878,73.79533410991732,16.252838223558335,12.431362464575797,36.1415087388917,-9.470761612661612,-5.181550348476879,-9.116154595559781,0.41496879182457985,253.0,232.0,21.0,25.337325221557474,19.528591432458352,19.528591432458352,-0.008517204969353548,0.13795577072842327,1111.9565217391303
607208,Trea Turner,2024,539,1025,353,34.4390243902439,0.1061811481362121,0.011156841699326991,-7.721910338525272,-5.18496515803726,4.516268180006244,85.65371137243713,78.6342335780361,12.496069858717076,10.489054512602317,36.1415087388917,-7.721910338525273,-5.184965158037261,-7.615772451325685,0.295427325187785,228.0,233.0,-5.0,37.48194529208287,30.545095837974333,30.545095837974333,-0.006767658004008329,0.12672295891603255,1141.0018552875695
667670,Brent Rooker,2024,610,1275,397,31.137254901960787,0.12186944538320814,0.011079093461257652,-8.019087927150778,-5.423734128868944,4.480411657505887,84.99306111415186,77.8119724190665,12.39685838760942,10.430173159318587,36.1415087388917,-8.019087927150782,-5.423734128868947,-7.404415082673405,0.29211981335271187,190.0,234.0,-44.0,48.38216981713363,40.229430424530335,40.229430424530335,-0.006394305405963364,0.12756790131579915,1254.098360655738
600869,Jeimer Candelario,2024,462,921,322,34.96199782844734,0.11093689884803985,0.012544544246293464,-9.232209807779892,-5.564742085224397,5.267299057971478,84.60290596768527,74.45538349137829,14.574098430770167,11.630100883168785,36.1415087388917,-9.232209807779896,-5.564742085224401,-8.983468676416503,0.3631992485452734,236.0,235.0,1.0,35.72168142906883,28.61287987707831,28.61287987707831,-0.0077185684603588685,0.13364382184945456,1196.103896103896
650489,Willi Castro,2024,636,1277,409,32.02819107282694,0.11567206212087208,0.008943931722054878,-7.609283328425669,-5.676383515321008,3.791156708596496,84.29400511104652,78.94586143760691,10.489757735312391,9.216208493864084,36.1415087388917,-7.609283328425669,-5.676383515321008,-7.691603832656461,0.22807756065837065,198.0,236.0,-38.0,47.30987340743668,39.244033079305474,39.244033079305474,-0.0063162414472444865,0.1124558760452181,1204.7169811320755
671218,Heliot Ramos,2024,514,1034,310,29.980657640232106,0.13129171366832298,0.010845833387764936,-8.465796123800404,-5.922904502392608,4.268728111065379,83.61190578627118,76.5759747747044,11.811150834640785,10.074065653000051,36.1415087388917,-8.4657961238004,-5.922904502392605,-9.243392068395488,0.27251319221382364,162.0,237.0,-75.0,40.700431237180126,33.44806589112445,33.44806589112445,-0.00701389298457996,0.11372346754768951,1207.0038910505837
519317,Giancarlo Stanton,2024,457,945,294,31.11111111111111,0.12809218651661827,0.014002011533980448,-10.670686962008741,-6.030385026279603,5.72132372106384,83.31451774787051,70.4752586863479,15.830340018171823,12.23921761296288,36.1415087388917,-10.670686962008746,-6.030385026279609,-10.143277507099022,0.4022400320323447,188.0,238.0,-50.0,37.65910283588577,29.531596266489107,29.531596266489107,-0.008600536052271597,0.14175734378855598,1240.7002188183806
681351,Logan O'Hoppe,2024,522,1045,358,34.25837320574163,0.11324600093510455,0.009530092357371766,-9.129758341032067,-6.519085697440701,4.146975553399187,81.96233105668458,74.73885662330532,11.474273482492022,9.862590011328647,36.1415087388917,-9.129758341032064,-6.519085697440698,-9.320153864901656,0.2611920398109599,226.0,239.0,-13.0,40.54206833476743,32.599178578069534,32.599178578069534,-0.007600851441816171,0.11160729505502662,1201.1494252873563
669357,Nolan Gorman,2024,402,785,238,30.318471337579616,0.13396833768648353,0.012819647401385392,-10.437090854750945,-6.537370196556786,5.062150038114065,81.91173964599338,71.12159613989871,14.006471270156771,11.33546758603243,36.1415087388917,-10.437090854750943,-6.537370196556784,-10.570012878881295,0.3450299984362219,169.0,240.0,-71.0,31.884464369383082,24.89161349669995,24.89161349669995,-0.00890809028367278,0.12105284130431794,1171.6417910447763
694192,Jackson Chourio,2024,569,1050,337,32.095238095238095,0.11910439709930574,0.01151135145995808,-9.387420635482329,-6.5380579764013245,4.32685114110368,81.90983662680979,74.0259303968111,11.971971542094414,10.17329948298463,36.1415087388917,-9.387420635482327,-6.538057976401323,-9.178497436522496,0.277908376029195,199.0,241.0,-42.0,40.13818182246604,31.235777919816964,31.235777919816964,-0.008478479907284833,0.12663049970470372,1107.2056239015817
519203,Anthony Rizzo,2024,375,736,250,33.96739130434783,0.11335275348848779,0.01366476935118562,-11.37950500770732,-6.59892694970691,5.581620346032423,81.7414181644115,68.51402886935406,15.443794519917395,12.057919055239385,36.1415087388917,-11.379505007707321,-6.598926949706912,-10.529368674168728,0.3904115933431263,224.0,242.0,-18.0,28.338188372121948,21.225997742304873,21.225997742304873,-0.009663302486164505,0.12858828473953035,1177.6
680869,Zack Gelof,2024,548,991,295,29.76791120080727,0.13164783150205742,0.011655241514033198,-9.736554209154901,-7.059229240583715,4.053933216399739,80.46780699836332,73.05991213732192,11.216834487148349,9.697667111617317,36.1415087388917,-9.736554209154907,-7.05922924058372,-9.719652329638093,0.25252973425974706,158.0,243.0,-85.0,38.836110293106934,29.943390782078787,29.943390782078787,-0.008973480838575323,0.11761672184732566,1085.0364963503648
594807,Adam Duvall,2024,325,636,214,33.64779874213836,0.12126961834953635,0.013202682982641165,-12.403480971666143,-7.200967119766316,5.601227131991558,80.07563222722523,65.68078808973789,15.498044568250425,12.083685936683423,36.1415087388917,-12.403480971666145,-7.200967119766318,-11.861406294129605,0.39208193755425524,220.5,244.0,-23.5,25.95169832680078,19.23314613381495,19.23314613381495,-0.010563761309726144,0.12030584743107119,1174.1538461538462
592206,Nick Castellanos,2024,659,1181,448,37.933954276037255,0.09926469985126397,0.010026223717174185,-10.514579768522728,-7.419358052014273,4.263061186095625,79.47136599742905,70.90719193687661,11.795471010617122,10.0643311335846,36.1415087388917,-10.51457976852273,-7.419358052014275,-9.94806916511437,0.27198679038849083,255.0,245.0,10.0,44.47058553336626,32.922072087605464,32.922072087605464,-0.009778588861778828,0.13624820248361366,1075.2655538694992
521692,Salvador Pérez,2024,645,1288,559,43.400621118012424,0.0859498755781754,0.009833569985029305,-12.053404306550757,-7.477551253476593,5.165255304150369,79.31035113254684,66.64941579049204,14.291753400410931,11.485100554508508,36.1415087388917,-12.053404306550757,-7.477551253476593,-10.21491584696666,0.35419920425899976,266.0,246.0,20.0,48.04598044820005,35.088570818657985,35.088570818657985,-0.010060100644054397,0.15471852808233494,1198.139534883721
677594,Julio Rodríguez,2024,613,1284,481,37.46105919003115,0.10707700695182511,0.009201397465997477,-11.161005786832447,-7.698369753197526,4.434928116774872,78.69936806231516,69.11859472313024,12.271009903918225,10.354886476771064,36.1415087388917,-11.161005786832447,-7.698369753197526,-11.386734165834342,0.2879178969001473,252.0,247.0,5.0,51.504040343827874,40.10121276494739,40.10121276494739,-0.008880706837134334,0.12644838801599548,1256.7699836867862
682928,CJ Abrams,2024,597,1097,394,35.916134913400185,0.11021631994557296,0.009858320456303686,-10.901632304298293,-7.851659361839374,4.125519786182712,78.27523079192807,69.83625563874952,11.414907484875584,9.824814093579452,36.1415087388917,-10.90163230429829,-7.851659361839372,-11.156431348981616,0.2591950242117706,243.0,248.0,-5.0,43.42523005855575,32.57810591577895,32.57810591577895,-0.009887989191227712,0.12393627567219352,1102.5125628140704
660821,Jesús Sánchez,2024,536,1070,388,36.26168224299066,0.11122090586336687,0.010713658592291592,-12.286684229616155,-7.929093887937035,4.909457118981581,78.06097707425099,66.00395318750344,13.583984980954982,11.107999597919658,36.1415087388917,-12.286684229616153,-7.929093887937033,-12.364139834092722,0.3313215528136324,246.0,249.0,-3.0,43.153711474986345,32.17760689652925,32.17760689652925,-0.010258041662109437,0.13407725858405872,1197.7611940298507
680776,Jarren Duran,2024,737,1398,395,28.25464949928469,0.13656871693373338,0.00900500111936177,-9.965645638515083,-7.986166849278663,3.2982309041708504,77.90306180360204,72.4260386844584,9.125880515944372,8.249924069404749,36.1415087388917,-9.965645638515086,-7.986166849278667,-9.752831907766458,0.18275862427378367,133.0,250.0,-117.0,53.94464318882468,41.703508462848646,41.703508462848646,-0.008756176484961393,0.1083536906432699,1138.1275440976933
660688,Keibert Ruiz,2024,483,861,333,38.67595818815331,0.10271100372181877,0.01202862568623161,-12.765839910750222,-8.124427278108314,5.011470147602142,77.52050879556764,64.67817654492944,13.866244997706263,11.260751974743547,36.1415087388917,-12.765839910750222,-8.124427278108314,-11.672501143285675,0.3404965871928051,259.0,251.0,8.0,34.20276423936565,23.92626311121172,23.92626311121172,-0.01193554137996972,0.13748630881449486,1069.5652173913043
672284,Jarred Kelenic,2024,449,854,255,29.859484777517565,0.14037591539890518,0.010740553942985788,-11.20883279571948,-8.164476559691524,4.049697340136213,77.4096963724545,68.98626209354201,11.205114234144723,9.690090068791216,36.1415087388917,-11.20883279571948,-8.164476559691524,-11.229423410799459,0.25213527215185216,160.0,252.0,-92.0,35.79585842672082,27.407915217924074,27.407915217924074,-0.009821947551284245,0.103702379618123,1141.2026726057907
642731,Thairo Estrada,2024,382,637,223,35.00784929356358,0.12126608663445929,0.013949308217781302,-13.86936898402875,-8.70769474139092,5.1213557438304145,75.90666509165233,61.624820136233026,14.170287634725522,11.42177738306972,36.1415087388917,-13.869368984028752,-8.707694741390922,-14.663690504448052,0.35030421255765737,237.0,253.0,-16.0,27.04233731948442,18.212172399652783,18.212172399652783,-0.0138621113341156,0.12918953663904992,1000.5235602094241
665804,Miguel Amaya,2024,364,636,214,33.64779874213836,0.12071865632948177,0.010496663374064684,-12.417776207103207,-8.85411380925481,4.223202005870652,75.50153793184914,65.64123457928446,11.685184579264908,9.995563148005248,36.1415087388917,-12.417776207103207,-8.85411380925481,-12.151556372049264,0.26828260324517367,220.5,254.0,-33.5,25.833792454509098,18.30034155553315,18.30034155553315,-0.011845048583295511,0.10159291710943427,1048.3516483516485
668904,Royce Lewis,2024,323,648,214,33.0246913580247,0.13796387369876184,0.011948812367922428,-14.8118972187453,-9.188329369890273,5.21624847591009,74.57679634717972,59.01693721267843,14.432846491261476,11.557941487045266,36.1415087388917,-14.811897218745294,-9.188329369890267,-15.00748149879577,0.35870626371015835,210.0,255.0,-45.0,29.524268971535033,21.55053096877715,21.55053096877715,-0.012305151238823898,0.11031181743550146,1203.7151702786377
670042,Luke Raley,2024,455,819,233,28.449328449328448,0.14866303261112462,0.01184647624075291,-12.9491073167768,-9.427737434330854,4.07941478738052,73.91437777973637,64.1710936576305,11.28733948782465,9.743121529961297,36.1415087388917,-12.949107316776796,-9.42773743433085,-13.200450455211136,0.25490257156038326,139.0,256.0,-117.0,34.638486598392035,24.81874688316963,24.81874688316963,-0.011989914182200741,0.10809760234784034,1080.0
664913,Seth Brown,2024,401,794,239,30.100755667506295,0.14082675947685888,0.012234986788743836,-14.28820082848332,-9.546753711973823,4.7065330692377,73.58507144528637,60.46595361662958,13.022514093809878,10.79462652166853,36.1415087388917,-14.288200828483323,-9.546753711973825,-15.024226039688866,0.31289110667817377,165.0,257.0,-92.0,33.65759551496927,24.10831462793292,24.10831462793292,-0.012026802124730923,0.11163078673681062,1188.0299251870324
657557,Paul DeJong,2024,479,894,310,34.675615212527966,0.12368361144730243,0.009348654045752842,-13.128462865787405,-9.620501273667502,4.0340426594367855,73.38101919548552,63.67483449394593,11.161799272357912,9.662035267500144,36.1415087388917,-13.12846286578741,-9.620501273667507,-13.983475854243943,0.250677418790565,230.0,258.0,-28.0,38.34191954866375,27.861030027476804,27.861030027476804,-0.011723590068441774,0.1077099911328296,1119.8329853862213
671739,Michael Harris,2024,469,816,326,39.950980392156865,0.10942410456285206,0.010825197418251265,-14.536753242626489,-9.772317269614476,4.667641567131918,72.96095926648869,59.778233532947226,12.914905132637951,10.733098855286723,36.1415087388917,-14.536753242626483,-9.77231726961447,-14.688362781143175,0.3093344121603504,262.0,259.0,3.0,35.67225808748977,24.30936263617007,24.30936263617007,-0.013925116974656501,0.12772444131738073,1043.9232409381664
642350,José Siri,2024,449,897,319,35.56298773690078,0.11718687409156271,0.01092082994677019,-15.570413598347145,-9.840582884648505,5.10238945638007,72.7720750239209,56.9181969938297,14.117809782770395,11.394242311697466,36.1415087388917,-15.57041359834715,-9.84058288464851,-14.393129885586458,0.3486172553468142,240.0,260.0,-20.0,37.382612835208505,25.73075332577872,25.73075332577872,-0.01298980993247467,0.12748892924101357,1198.663697104677
665161,Jeremy Peña,2024,645,1163,431,37.05932932072227,0.10942797366603477,0.009320216755795483,-13.28399262117615,-9.878522598963604,3.926658037030304,72.66709956595317,63.244498957838715,10.864676583921485,9.467376604219215,36.1415087388917,-13.283992621176147,-9.8785225989636,-13.099279319936365,0.2406784933004217,249.0,261.0,-12.0,47.163456650060986,32.88316458229663,32.88316458229663,-0.012278840986899709,0.12377749469882808,1081.860465116279
678662,Ezequiel Tovar,2024,695,1301,570,43.81245196003075,0.09361875719013169,0.009551044508354997,-15.025210967919755,-9.987673348656301,4.751697457896832,72.36509017702237,58.426719049082756,13.147479515108214,10.865481665412052,36.1415087388917,-15.025210967919755,-9.987673348656301,-14.167115570208365,0.3170121765913521,268.0,262.0,6.0,53.36269159837506,35.95848889386801,35.95848889386801,-0.013377557805155304,0.15259618886110132,1123.1654676258993
669394,Jake Burger,2024,576,1088,402,36.94852941176471,0.10730404167029176,0.0097032963943017,-14.30580972357039,-10.105453314462277,4.315577101983702,72.0392045958285,60.41723153583797,11.940777384702066,10.154137813551232,36.1415087388917,-14.305809723570388,-10.105453314462276,-13.946368159973657,0.2768624669062162,248.0,263.0,-15.0,43.136224751457284,29.402647416829712,29.402647416829712,-0.012622773285503286,0.12560174277865244,1133.3333333333333
673237,Yainer Diaz,2024,621,1145,490,42.79475982532751,0.09371133324057357,0.009599212197463448,-15.337000078875585,-10.265295336953745,4.707950246937277,71.59693744077897,57.56402924493433,13.026435285118783,10.796859553994068,36.1415087388917,-15.337000078875588,-10.265295336953749,-14.298447840120513,0.31302057261608546,265.0,264.0,1.0,45.918553287881046,30.04475820624481,30.04475820624481,-0.013863576490511993,0.14400231405555977,1106.280193236715
664056,Harrison Bader,2024,434,824,277,33.616504854368934,0.1268052223813512,0.011912780671406682,-16.5177771951654,-10.919560062060608,4.807030891975428,69.7866512962971,54.29693509891937,13.300581684910695,10.95142155002964,36.1415087388917,-16.517777195165408,-10.919560062060615,-15.874482573004576,0.3220467867603663,219.0,265.0,-46.0,35.12504659963428,23.17718776179797,23.17718776179797,-0.014499828686694548,0.12113001928758252,1139.1705069124423
686676,Korey Lee,2024,395,676,238,35.20710059171598,0.12300462997809568,0.010504571555359828,-15.591937798050965,-11.136214249655712,4.249671980701056,69.18719046813868,56.85864165025143,11.758424396179134,10.041289473987726,36.1415087388917,-15.591937798050967,-11.136214249655714,-15.637906927519195,0.27074282236483227,238.0,266.0,-28.0,29.275101934786772,19.010409551069884,19.010409551069884,-0.015184456188930303,0.1076038738703152,1026.8354430379748
678882,Ceddanne Rafaela,2024,569,1062,496,46.70433145009416,0.09702558726598245,0.009762520275069823,-19.217719801020472,-11.983674203307999,5.2332430083717165,66.84235212789436,46.82645946006018,14.479868691093822,11.58204759586418,36.1415087388917,-19.217719801020476,-11.983674203308002,-19.784905405069743,0.3602041134206871,269.0,267.0,2.0,48.1246912839273,29.89988700595955,29.89988700595955,-0.017160832653453622,0.1522893943618718,1119.859402460457
686681,Michael Massey,2024,355,676,253,37.426035502958584,0.12257135991321588,0.009633795755899456,-18.172000795299027,-12.408292727155043,4.595908167282252,65.66747443555798,49.71986109770723,12.716425870557575,10.618359789417177,36.1415087388917,-18.172000795299024,-12.40829272715504,-18.76982087561429,0.3027560642734822,251.0,268.0,-17.0,31.010554058043617,20.258786920825028,20.258786920825028,-0.01590498097221685,0.10458637175546151,1142.5352112676055
666160,Mickey Moniak,2024,418,780,305,39.1025641025641,0.11812950201092354,0.010377414249112116,-20.66603534715908,-13.659142210558816,4.84426447673099,62.20649694167228,42.81911279226575,13.403603351838216,11.008714699031154,36.1415087388917,-20.666035347159077,-13.659142210558812,-20.95660661732648,0.32542522279556885,261.0,269.0,-8.0,36.02949811333168,21.63216015481085,21.63216015481085,-0.018458125587847214,0.12083856962061561,1119.6172248803828
