batter,player,game_year,plate_appearances,opportunities,chases,chase_rate,cost_per_chase,cost_per_chase_se,runs_saved_per_600_pa,runs_saved_shrunk,standard_error_per_600_pa,chase_plus,chase_plus_raw,chase_plus_se,chase_plus_posterior_sd,league_chase_cost_per_600_pa,runs_saved_vs_anchor_per_600_pa,runs_saved_vs_anchor_shrunk,runs_saved_count_only_per_600_pa,shrinkage_factor,chase_rate_rank,value_rank,rank_gap,total_cost,expected_cost,expected_cost_anchor,mean_runs_saved,standard_deviation,scale_to_600_pa
621493,Taylor Ward,2026,590,1221,186,15.233415233415235,0.14118186436197888,0.013213341940515285,22.37403427974958,19.820163907931946,3.0762830212844943,145.06008992131405,150.86617856599113,6.993766055941486,6.542177072562157,43.986072692137995,14.596962820150798,12.043092448333164,22.36287216497743,0.12497111880277736,1.0,1.0,0.0,26.259826771328072,48.2609604797485,40.61350687780969,0.018018946526142852,0.08657035886056111,1241.6949152542372
672695,Geraldo Perdomo,2026,608,1278,270,21.12676056338028,0.0939100835416449,0.016184037094013403,25.11687758424821,19.641554684317722,4.527011229931184,144.654031338034,157.10188713605606,10.291919584674208,8.994549342711707,43.986072692137995,17.2941433137022,11.81882041377171,25.000639976382367,0.23622392738673795,16.0,2.0,14.0,25.355722556244125,50.80749184161565,42.880454447462355,0.019915312429868173,0.12832121817991524,1261.1842105263156
678246,Miguel Vargas,2026,619,1267,268,21.152328334648775,0.08713558947842719,0.018696560062212913,25.14497705199476,18.921634986005596,4.927579463520889,143.0173321415613,157.16576978350952,11.202590188056586,9.583481026435951,43.986072692137995,18.016787436123582,11.793445370134418,24.909704583314404,0.26817089609324335,17.0,3.0,14.0,23.352337980218486,49.29357263885975,41.93965701848598,0.020474534063647406,0.1428185856066653,1228.1098546042003
680757,Steven Kwan,2026,567,1123,226,20.124666073018698,0.08942095858918638,0.015711604819477146,22.926873449614618,18.86520437858018,3.987464116405191,142.8890401528212,152.123029055314,9.065287879447133,8.141019343262949,43.986072692137995,16.64350184114632,12.581832770111884,21.07905931534809,0.1935185680327219,10.0,4.0,6.0,20.20913664115612,41.875032051041934,35.937245881039395,0.019292872137031,0.11244462960272103,1188.3597883597884
650402,Gleyber Torres,2026,376,799,154,19.27409261576971,0.13147856916098713,0.01483369932506899,20.927785847432737,16.788972991388302,4.297325064917973,138.1688383704898,147.57820957080656,9.769740288011825,8.639713182121124,43.986072692137995,13.140665318965262,9.001852462920827,20.13713805172159,0.21795343541399398,6.0,5.0,1.0,20.24769965079202,33.36244544851654,28.48251658401025,0.01641394968426097,0.09527115084537835,1275.0
641487,J. P. Crawford,2026,413,876,166,18.949771689497716,0.12545488674407193,0.01957695196809528,21.916521305616016,16.465732651159424,4.986187800163457,137.43396862548832,149.8260471195314,11.335833128504516,9.666500265993458,43.986072692137995,14.204681021359464,8.753892366902873,20.934621269976986,0.2728372119390115,4.0,6.0,-2.0,20.82551119951594,35.91138336488163,30.60306663588504,0.01722131525726677,0.11596191533797927,1272.639225181598
666018,Jonathan Aranda,2026,607,1227,352,28.687856560717194,0.06528855321849866,0.015964239914218716,21.741170273867873,15.531482931146353,5.501837166586729,135.3100015085512,149.4273958624041,12.508134574992686,10.363078930371442,43.986072692137995,15.013841897717475,8.804154554995955,22.631194215092407,0.3135759021567413,115.0,7.0,108.0,22.98157073291153,44.97638799330786,38.170574119435706,0.01792568643879082,0.15889963225475318,1212.8500823723227
680777,Ryan Jeffers,2026,325,715,183,25.594405594405593,0.08936936478736536,0.018618914107504294,21.565325992376195,13.8243111806839,6.569229620219359,131.4288372081803,149.0276232281832,14.934794625103082,11.62223668359409,43.986072692137995,13.75602205627441,6.015007244582115,22.671183079392296,0.394406895704364,65.0,8.0,57.0,16.354593756087862,28.0358120019583,23.805772369903167,0.01633736817604257,0.13307409830213396,1320.0
608324,Alex Bregman,2026,651,1288,304,23.60248447204969,0.09484061222334224,0.015533251880206123,16.721082875271048,13.366609762235905,4.410164131001439,130.38827734358068,138.01449379739634,10.02627391144585,8.815607660239523,43.986072692137995,10.19259431659291,6.838121203557767,16.523851134132048,0.2269183284084248,40.0,9.0,31.0,28.831546115896042,46.97392103556513,39.89051094939935,0.014085694813407677,0.1333295948367966,1187.0967741935483
683734,Andrew Vaughn,2026,312,669,153,22.869955156950674,0.09494344848140773,0.020441380952820082,19.891481751959088,13.362141357725633,6.154066296946993,130.37811866326035,145.22222725175112,13.990942860527218,11.1604577483543,43.986072692137995,12.717029630667046,6.187689236433592,19.782454808622774,0.36368809390768925,34.0,10.0,24.0,14.526347617655382,24.86991812867411,21.139203025602246,0.015461241421552656,0.12372357352081016,1286.5384615384614
669364,Xavier Edwards,2026,570,1157,273,23.595505617977526,0.10386434823938831,0.014571073197937058,16.01968677320774,12.86364230245219,4.375096845463103,129.24480753825384,136.41990701313753,9.946550300329726,8.761270208606891,43.986072692137995,9.314725235361944,6.158680764606393,15.068395322069131,0.2241296009672345,39.0,11.0,28.0,28.35496706935301,43.57366950390036,37.20395604294686,0.013153588966765216,0.12219251302689553,1217.8947368421052
663757,Trent Grisham,2026,486,972,187,19.238683127572017,0.14846584904832985,0.015477723593554054,14.27447293374891,11.82525941913838,4.051498585410354,126.88409920545602,132.45225604399164,9.210866843619145,8.245964084035245,43.986072692137995,6.967100547475133,4.517887032864603,14.16182426831491,0.19853996738336765,5.0,12.0,-7.0,27.76311377203768,39.325436848374295,33.40646521549254,0.011895394111457425,0.1052610209508625,1200.0
694497,Evan Carter,2026,412,822,168,20.437956204379564,0.12723661230639394,0.015262390296467228,14.377787004878488,11.762523511482195,4.199932970420617,126.74147245153944,132.68713509730628,9.548324534032126,8.48544890749812,43.986072692137995,7.5758683771963655,4.960604883800072,14.308248014736712,0.21023969320766622,11.0,13.0,-2.0,21.37575086747418,31.24849794415741,26.57784715314902,0.01201064121251001,0.10058944596986037,1197.0873786407767
657041,Lane Thomas,2026,374,775,161,20.774193548387096,0.12852217189605186,0.016039101756420975,14.475222118617845,11.582299162172655,4.458344494452791,126.3317419657765,132.90864865324775,10.135809408712383,8.889785777241254,43.986072692137995,7.237149223168899,4.344226266723709,14.243210865059925,0.23075316139918944,13.0,14.0,-1.0,20.69206967526435,29.714958129202806,25.203226024372963,0.0116424367147593,0.09982587458004512,1243.3155080213903
805808,Kevin McGonigle,2026,632,1273,251,19.7172034564022,0.13534883462861005,0.014987276714265226,13.707280514116036,11.551820508050556,3.8544510157439196,126.26245036446574,131.16277420367663,8.762889659919237,7.919886257652424,43.986072692137995,6.764406700003375,4.608946693937895,13.976398169923941,0.18314832763922795,8.0,15.0,-7.0,33.972557491781124,48.41089296665002,41.097732549118014,0.01134197602110675,0.11379263572236815,1208.5443037974683
805300,Jakob Marsee,2026,556,1080,231,21.38888888888889,0.12226836151501709,0.015291773949380754,13.843791795649476,11.411592030532013,4.124610564773786,125.9436483688886,131.4731253516159,9.377083045450004,8.364583528776379,43.986072692137995,7.5154528335179975,5.083253068400534,12.521529611803997,0.20429310689499358,21.0,16.0,5.0,28.243991509968946,41.07257190727079,35.208311135695624,0.011878315182686896,0.11630398976587067,1165.4676258992806
593428,Xander Bogaerts,2026,544,1063,247,23.23612417685795,0.10872955890855046,0.014980391779955415,13.776516100409303,11.184514307160331,4.309922795287295,125.4273992257541,131.32017763175227,9.798380558893689,8.659501535052378,43.986072692137995,7.449825555296199,4.857823762047227,13.395104517934747,0.21895297754654727,36.0,17.0,19.0,26.856201050411965,39.34690898144973,33.61070955388052,0.011750430791192631,0.11985344113458837,1172.4264705882354
668885,Austin Martin,2026,336,648,116,17.901234567901234,,,13.441504050788453,11.114346219625046,4.09938730129881,125.26787580563338,130.55854553068787,9.319739295641932,8.323805249562062,43.986072692137995,6.1651061353315475,3.8379483041681413,13.449771408739844,0.20230605883043223,2.0,18.0,-16.0,17.48503491879562,25.012277187237157,20.937494354581286,0.01161611461179249,0.09018191962759495,1157.142857142857
802139,JJ Wetherholt,2026,583,1150,244,21.217391304347828,0.12025260715855243,0.015324222320864637,13.371715204300916,11.046696319466381,4.112691370139703,125.11407735076301,130.39988429494628,9.349985389522624,8.345332859736683,43.986072692137995,6.889636348092012,4.564617463257478,13.035362538264351,0.20335384831081746,19.0,19.0,0.0,29.341636146686792,42.334486086865844,36.036066131582864,0.011298130382764397,0.11784048032446207,1183.5334476843911
702332,Caleb Durbin,2026,527,948,267,28.164556962025316,0.07773171130874638,0.016796260512341926,14.275261610451356,10.822686454330073,5.074482005381162,124.60480282038115,132.45404905858507,11.536565314430009,9.790070146506372,43.986072692137995,8.170335408367642,4.717760252246359,13.432180538721955,0.279857323038555,104.0,20.0,84.0,20.754366919435284,33.29280503394839,27.930644853118196,0.013226200542735347,0.1447594461923913,1079.3168880455407
699013,Esmerlyn Valdez,2026,281,660,138,20.909090909090907,0.12927006936261928,0.024462700399756815,17.803723923706038,10.692304227039738,7.336833511176335,124.30838575172652,140.47582071787974,16.67990130086724,12.389975853089238,43.986072692137995,9.622944925144127,2.5115252284778276,18.405198002240045,0.44823523060281134,15.0,21.0,-6.0,17.83926957204146,26.17734694297712,22.346015445317292,0.012633450562023729,0.13374937640708695,1409.252669039146
668939,Adley Rutschman,2026,359,783,200,25.54278416347382,0.09210823854577431,0.018175301628394695,15.6073663758888,10.539120913357777,6.248744601640659,123.96013162421187,135.4825184897183,14.2061889575278,11.268799412428535,43.986072692137995,8.291163057480453,3.222917594949431,17.06484858876705,0.37078347065923867,64.0,22.0,42.0,18.42164770915486,27.760055257394992,23.382526938547333,0.01192644642176262,0.13361496176535578,1308.6350974930363
665742,Juan Soto,2026,394,849,170,20.023557126030624,0.14295602454574022,0.01813306347841385,13.88130866266015,10.475715059280994,5.141231135811295,123.81598178269144,131.5584179561029,11.688315917165824,9.882297082524163,43.986072692137995,6.602394483089191,3.196800879710035,13.98104076356949,0.285154926802998,9.0,23.0,-14.0,24.302524172775836,33.417916861256,28.638096550004406,0.01073662271905791,0.1158665979064916,1292.8934010152284
665877,José Fermín,2026,330,663,145,21.87028657616893,0.12044843118017538,0.01888122597205621,14.221246527383782,10.451235899849973,5.417083443572358,123.76032971390512,132.33124863617493,12.315451487308161,10.252702367568265,43.986072692137995,7.295653186665266,3.525642559131457,13.840023899207859,0.30693171690944554,24.0,24.0,0.0,17.46502252112543,25.28670811118651,21.477631773791327,0.011797414162988054,0.11571014843539705,1205.4545454545455
669003,Garrett Mitchell,2026,472,975,220,22.564102564102566,0.11964096075453619,0.015171348884116132,13.097842275650985,10.411858522273757,4.5830299969456725,123.67080733746607,129.77724873808086,10.419275276114469,9.079186383956198,43.986072692137995,6.638850379360046,3.9528666259828187,11.570246553563448,0.24069049043853621,30.0,25.0,5.0,26.32101136599796,36.62464728951007,31.543573664427864,0.010567831716422674,0.11546254880642781,1239.406779661017
678554,Curtis Mead,2026,331,734,185,25.204359673024523,0.11097082829207044,0.016390703270872487,14.254905330256925,10.228928101760824,5.672518145161348,123.25492474255181,132.40777013676154,12.896168714274065,10.580555888120493,43.986072692137995,6.041206590990549,2.0152293624944466,14.853186312931895,0.32687525089429065,60.0,26.0,34.0,20.529603234033033,28.39355934122477,23.862335536729486,0.010713836658299369,0.11550601670591311,1330.5135951661632
655316,Andruw Monasterio,2026,327,679,181,26.656848306332844,0.09882363078290117,0.017352810692031297,14.618470470783935,10.185893056223417,5.967583617494337,123.15708685227547,133.2343161734392,13.566984393587322,10.941678117193637,43.986072692137995,7.201394145798854,2.7688167312383367,14.357536869725925,0.3495690204238103,85.0,27.0,58.0,17.887077171705112,25.854143578282358,21.811836981165488,0.01173352931749226,0.12481308799166625,1245.8715596330276
687637,Dylan Beavers,2026,298,623,150,24.077046548956663,0.11442951982590491,0.0191906587870813,14.27427070054775,9.99470654383125,5.932846001647986,122.72243447098583,132.45179627755016,13.48801026900593,10.900124184180765,43.986072692137995,7.082166950592034,2.8026027938755345,12.917995592393835,0.34691889959411404,43.0,28.0,15.0,17.164427973885736,24.25398242182445,20.681904226013113,0.011379702163625546,0.11805491311293723,1254.3624161073826
696285,Jacob Young,2026,433,795,218,27.42138364779874,0.08447821656281405,0.017414615741248925,13.48442121771402,9.940271931568297,5.417407345856631,122.59868027123278,130.65611543020117,12.31618786194779,10.253127232518327,43.986072692137995,7.598768153787825,4.054618867642102,13.244827579374965,0.30695715551593933,92.0,29.0,63.0,18.416251210693463,28.147508522810416,23.900028895010344,0.012240575235367236,0.13865788579221794,1101.6166281755195
670623,Isaac Paredes,2026,586,1350,374,27.703703703703702,0.10957752559565603,0.012320103264264907,12.508465674874634,9.783199207412512,4.797829715255075,122.2415837755871,128.43733234022136,10.907611026870857,9.396845249371042,43.986072692137995,4.157567978308514,1.4323015108463935,12.457716222477911,0.25782748843682446,96.0,30.0,66.0,40.981994572775356,53.198596048569584,45.042552631590006,0.009049334426514241,0.12753350962278998,1382.2525597269623
800050,Chase DeLauter,2026,498,1005,217,21.592039800995025,0.12228011078702532,0.018288049567582718,12.589250054468668,9.692529546488714,4.975285579869094,122.03545111728317,128.6209913364665,11.31104750972316,9.651117452156017,43.986072692137995,6.135495839270486,3.2387753312905323,12.94994933456253,0.27196954226200737,22.0,31.0,-9.0,26.534784040784494,36.98386158599349,31.627245587378997,0.01039709208478507,0.13026060041891388,1210.8433734939758
660271,Shohei Ohtani,2026,580,1220,367,30.08196721311475,0.0798088133126545,0.01539924210718574,13.561655304457133,9.560193197312255,5.898098114449481,121.7345914563112,130.83170302421914,13.409012793050966,10.858303859351517,43.986072692137995,7.094552638760485,3.0930905316156068,14.981531447890898,0.34426197036578504,139.0,32.0,107.0,29.289834485744205,42.3994346133861,36.14790203654601,0.010745573875116307,0.1632333225377544,1262.0689655172414
641343,Jake Bauers,2026,518,1143,238,20.822397200349958,0.16023912984565122,0.011773841871308586,11.184821791652828,9.485662093381558,3.8623674465550732,121.5651489501517,125.42809827541613,8.780887244897013,7.933165824476088,43.986072692137995,3.3130836719858583,1.6139239737145878,9.83260640115541,0.18376302572906827,14.0,33.0,-19.0,38.13691290326499,47.79314238339194,40.99720847341278,0.008448144777013947,0.0986299884359447,1323.938223938224
673548,Seiya Suzuki,2026,565,1282,286,22.308892355694226,0.13901740539867588,0.014372430111901594,11.561787681131545,9.184798630906293,4.662121896635818,120.88115184820302,126.28511020307135,10.599086509192077,9.19741809990204,43.986072692137995,2.927442590304676,0.5504535400794239,11.644135298980771,0.24699998506404625,27.0,34.0,-7.0,39.758977944021304,50.64632801042018,42.51565304989154,0.008492472750701148,0.12261308209294047,1361.4159292035397
805811,Bryce Eldridge,2026,416,935,232,24.81283422459893,0.12327303751592517,0.016915110402751534,12.82705939201489,9.107490720594402,5.863344080521495,120.70539642022248,129.16163823443046,13.330001342833,10.816220837458005,43.986072692137995,4.57981078825739,0.8602421168369023,12.629261426482316,0.3415986612898207,54.0,35.0,19.0,28.599344703694637,37.49277254882496,31.774680183553095,0.009511687534898743,0.132947953213556,1348.5576923076922
672515,Gabriel Moreno,2026,487,1119,329,29.40125111706881,0.09458744720225024,0.012670796906638448,12.22141303981324,9.058412644729037,5.425507377847743,120.59382002146359,127.78473342085317,12.33460285445645,10.263744497703438,43.986072692137995,5.307051087066712,2.1440506919825078,12.131902275727148,0.3075932020296712,129.0,36.0,93.0,31.11927012954033,41.03898371352208,35.42682659520948,0.008864802130457325,0.13164459293933667,1378.6447638603697
668227,Randy Arozarena,2026,594,1262,388,30.744849445324878,0.09173552074580485,0.013951934480845212,12.369489763276055,9.056895711017635,5.552916109913463,120.59037135324076,128.12137798673479,12.624259839651433,10.428832330115736,43.986072692137995,5.411731404526435,2.0991373522680146,12.573457652958837,0.3175677841479635,156.0,37.0,119.0,35.59338204937228,47.83917691501558,40.95099613985345,0.009703482460890091,0.15474856469945206,1274.7474747474748
573262,Mike Yastrzemski,2026,359,765,201,26.27450980392157,0.11324532033230965,0.01852773446405594,13.108082128968693,8.923811148419084,6.3000646033595835,120.28781066879407,129.80052850072158,14.322862255637673,11.326767372590497,43.986072692137995,5.941821425837301,1.7575504452876922,12.307479715554312,0.37460798528676664,75.0,38.0,37.0,22.76230938679424,30.605311860627175,26.31749920658689,0.010252290815467888,0.13628795767530885,1278.5515320334262
680869,Zack Gelof,2026,369,699,174,24.892703862660944,0.09661421705209718,0.02161370837985676,12.60268477162788,8.637610012363348,6.262459280800395,119.63714758718893,128.65153445235967,14.237368552159325,11.284342615425473,43.986072692137995,5.998729363085767,2.033654603821235,12.13664476063284,0.37180702909600244,57.0,39.0,18.0,16.81087376706491,24.561524901616053,20.500092325362655,0.011088199047998779,0.14567379789231327,1136.5853658536585
545361,Mike Trout,2026,555,1262,267,21.156893819334393,0.1608810979076593,0.012182335786592936,10.102589385734223,8.466023665793214,4.0758683630666805,119.24705514185725,122.9677003819892,9.266270238750355,8.28564489275016,43.986072692137995,1.8301134690751661,0.19354774913415618,11.0864850601385,0.20045537278357595,18.0,40.0,-22.0,42.95525314134503,52.300148323149195,44.64810810023956,0.007404829779559554,0.1061285436315652,1364.3243243243242
668709,JJ Bleday,2026,485,957,217,22.675026123301986,0.13667067371584113,0.010566343023518615,9.672749038032693,8.430625082160013,3.560546435460053,119.16657834211894,121.99048118192553,8.094713207020321,7.416288867827189,43.986072692137995,2.2712137916997253,1.0290898358270457,9.979512648406102,0.16059733838136228,32.0,41.0,-9.0,29.657536196337528,37.47634166874729,31.493434011294806,0.008170120660825246,0.09303603071528303,1183.9175257731958
682829,Elly De La Cruz,2026,565,1209,313,25.88916459884202,0.11805457594885553,0.015048040504536064,10.760402599948328,8.206902480610013,5.1953755881878845,118.6579568902429,124.46320378557377,11.811410453828714,9.956359669663712,43.986072692137995,3.265263863579085,0.7117637442407698,11.370371477728753,0.289445113683626,70.0,42.0,28.0,36.95108227199178,47.08379472027645,40.02587241019542,0.00838106902256797,0.14070223509880886,1283.8938053097345
664761,Alec Bohm,2026,563,1036,276,26.640926640926644,0.10490600781407663,0.016245051903282216,10.233474814998722,8.15964905288922,4.69978763927954,118.55052873212676,123.26526145360515,10.684717574523477,9.253203780359785,43.986072692137995,4.182995030603459,2.1091692684939574,9.650540234356376,0.25000536105057525,84.0,43.0,41.0,28.95405815668515,38.55646869142562,32.87910182706806,0.009268736037394273,0.13701102061789344,1104.0852575488454
663457,Lars Nootbaar,2026,272,547,106,19.378427787934186,,,10.96481882566062,8.05529245818321,5.614054081956013,118.31327955683345,124.92793321741692,12.76325377182278,10.506780579865783,43.986072692137995,3.415548437880449,0.5060220704030396,11.175295658121168,0.3223327206355675,7.0,44.0,-37.0,17.928530498506277,22.89924836613909,19.47691245701208,0.009087235589822329,0.10881796063384205,1206.6176470588236
605141,Mookie Betts,2026,453,796,164,20.603015075376884,0.12597046806238288,0.015864386477091767,9.305041407178372,8.031992626278624,3.7206316253878464,118.26030862654,121.15451741351198,8.458658383595283,7.693141833704789,43.986072692137995,3.891077214774206,2.618028433874459,8.321390873465646,0.17281146309259507,12.0,45.0,-33.0,20.65915676223079,27.68446302465046,23.596920059385315,0.008825761636205616,0.09956509008238901,1054.3046357615895
664023,Ian Happ,2026,578,1286,318,24.72783825816485,0.12540209929200896,0.011138392980509655,9.459991605092773,8.0265297465877,3.949862511013349,118.24788905971674,121.50678845848321,8.979802626751312,8.078936757448318,43.986072692137995,2.1114850683265227,0.6780232098214505,9.766664935645737,0.19057831612490084,51.0,46.0,5.0,39.877867574858854,48.990992821098224,41.911931524013404,0.00708641154450962,0.10610554550263716,1334.9480968858131
518692,Freddie Freeman,2026,598,1302,382,29.339477726574504,0.10155580537551784,0.01175796620037321,9.916042494262006,7.939160877848968,4.672163176517796,118.0492605771281,122.54359593243336,10.621914825673654,9.212322679226988,43.986072692137995,2.417802640115994,0.4409210237029555,10.098652528227246,0.24780116942745603,127.0,47.0,80.0,38.79431765344781,48.677306672728946,41.20406095143009,0.007590621366575371,0.12905131780912013,1306.3545150501673
689414,Liam Hicks,2026,503,965,260,26.94300518134715,0.09765153554072625,0.015838814596149244,10.229844631618995,7.917157330843262,5.062718955648774,117.99923668170166,123.25700842450402,11.509822645643188,9.77371120860382,43.986072692137995,3.9986682745068394,1.6859809737311053,9.712290091656113,0.2789228366653548,88.0,48.0,40.0,25.389399240588826,33.96541899009608,28.741616144050393,0.008887067097934983,0.13662711479313144,1151.093439363817
667472,Dane Myers,2026,297,629,163,25.914149443561207,0.11075499576706119,0.015871353914873272,10.847861357156567,7.913795979888061,5.704037494923742,117.991594828839,124.66203662482351,12.967826281847783,10.620021785355853,43.986072692137995,4.091487481265013,1.157422103996506,11.130087709227274,0.3293183143303375,71.0,49.0,22.0,18.053064310030972,23.422755681823475,20.078350613257154,0.00853687022542528,0.11258026014080164,1270.7070707070707
686555,Isaac Collins,2026,477,926,198,21.382289416846653,0.13721346479474394,0.01349687320019816,9.261667089201346,7.900589125052022,3.8892821189492026,117.96156974583494,121.0559082053642,8.842076323045697,7.978202171130151,43.986072692137995,3.0276984374517206,1.6666204733023964,8.154770714085496,0.18585538251553024,20.0,50.0,-30.0,27.1682660293593,34.53129136527437,29.57528628713342,0.007951431248288413,0.1016087438212144,1164.7798742138366
677649,Ezequiel Duran,2026,529,1095,389,35.52511415525114,0.07743893731367993,0.013122549389821277,10.408162516547323,7.542417382446444,5.821028791225766,117.14728531286805,123.66240466475577,13.233799780143155,10.76463577823833,43.986072692137995,3.5988482790501846,0.7331031449493048,10.898015351176676,0.3383481050742365,221.0,51.0,170.0,30.123746615021492,39.300276567110714,33.29673118105074,0.008380392650309793,0.15509475440353002,1241.9659735349717
687462,Spencer Horwitz,2026,409,849,211,24.852767962308597,0.11152676552900499,0.015242006104918363,9.198480166059198,7.302311766568016,4.83980935468527,116.60141794807978,120.91225609169541,11.003049507419039,9.457660147190104,43.986072692137995,2.6450684163465925,0.7489000168554103,9.605180089120612,0.2611755250143747,55.0,52.0,3.0,23.532147526620054,29.802444839817074,25.335202497096315,0.007385509202823346,0.11322607877169763,1245.476772616137
694671,Wyatt Langford,2026,400,796,218,27.386934673366838,0.11443082896010505,0.014228273153177587,9.296828399899148,7.295957144645929,4.974584120163631,116.58697105265776,121.13584557768634,11.309452778339951,9.650126764291588,43.986072692137995,2.597371919747946,0.5965006644947266,8.920174975314545,0.27191370974365087,90.0,53.0,37.0,24.9459207133029,31.143806313235665,26.677501993134864,0.007786288442126589,0.11754630618389757,1194.0
624413,Pete Alonso,2026,626,1389,386,27.789776817854573,0.11413216355740527,0.014342042032194618,9.669418809542531,7.264983396678442,5.469061323689922,116.5165538817858,121.9829100843341,12.43362043701495,10.320583321828812,43.986072692137995,2.194529198331838,-0.20990621453225167,9.944995324128838,0.3110094299900371,97.0,54.0,43.0,44.055015133158435,54.14344209111447,46.34464059675132,0.007263086362819323,0.15310337100656582,1331.3099041533546
805367,Chase Meidroth,2026,580,1192,337,28.27181208053691,0.10816056406981452,0.013288855050606082,8.833200519791355,7.114028369179377,4.691467176459513,116.17336564455533,120.08181221727983,10.665801444233185,9.2409093668863,43.986072692137995,1.759076739171487,0.03990458855950951,7.374203402916181,0.2493414553562993,108.0,55.0,53.0,36.45011009152749,44.988870593992466,38.15055093939326,0.007163389683275987,0.13135520835414585,1233.103448275862
681082,Bryson Stott,2026,540,1151,353,30.668983492615116,0.09660112138587107,0.013093901502027263,9.216633748980977,7.07568039457325,5.254936743892599,116.08618356109329,120.95352729826308,11.946819577806632,10.037061067918934,43.986072692137995,2.2650744493993833,0.12412109499165691,7.938362482978284,0.2941563320377611,154.0,56.0,98.0,34.10019584921249,42.39516622329537,36.138762853671935,0.007206750976614145,0.13940307067779723,1278.8888888888887
691720,Kyle Karros,2026,408,887,220,24.80270574971815,0.11984473040509787,0.014726659223537004,8.988318399786413,7.055805253207079,5.002266668520931,116.04099848284073,120.43446447855521,11.372387581706125,9.689137036136385,43.986072692137995,1.5193313359752851,-0.41318181060404946,10.933611354219012,0.27411655496162957,52.0,57.0,-5.0,26.36584068912153,32.477897200976294,27.398985997584724,0.006890706326781016,0.11421258018910765,1304.4117647058822
802415,Chandler Simpson,2026,554,857,258,30.105017502917153,0.07522976505557234,0.01657251027683255,8.690809831643778,6.988970598916488,4.725192773403791,115.88905344615067,119.75809455068072,10.74247479759284,9.290641783321918,43.986072692137995,4.374599067575396,2.6727598348481063,7.714712009970122,0.252032472116925,142.0,58.0,84.0,19.409279384337665,27.43379379555542,23.448492523398947,0.00936349406209773,0.14903478125285247,928.1588447653429
682998,Corbin Carroll,2026,605,1291,379,29.35708752904725,0.10201244718936851,0.013003222504887427,8.882076713924553,6.942685290271964,5.067481520850106,115.78382625533398,120.19292964864336,11.520650084670686,9.780338368014108,43.986072692137995,1.5990540394547035,-0.34033738419788584,8.195645883525792,0.2793012175582305,128.0,59.0,69.0,38.66271748477067,47.61881150464459,40.27509697455416,0.006937330766749748,0.14221099557664516,1280.3305785123966
650490,Yandy Díaz,2026,613,1165,338,29.012875536480685,0.0997981431057125,0.014554910094752625,8.671508886692314,6.941599540237781,4.786501822717065,115.78135786029952,119.71421487747926,10.881857664852623,9.380364092260875,43.986072692137995,2.6377296699212054,0.9078203234666722,8.38059807600741,0.25692387263701233,122.0,60.0,62.0,33.73177236973083,42.591163948968145,36.42665284916699,0.007604627965010571,0.14327304466383034,1140.2936378466557
650333,Luis Arráez,2026,593,1074,366,34.07821229050279,0.08005338119760018,0.012933467128181256,8.431077299363478,6.7841326377332045,4.745589585920404,115.42336522111415,119.16760643391206,10.788845867498017,9.320589395507929,43.986072692137995,2.7987844519669776,1.1518397903367035,7.786637655610899,0.25365990232370844,206.0,61.0,145.0,29.299537518321667,37.63225224919257,32.0656694850157,0.007758579823902144,0.14311708389062935,1086.6779089376055
803011,Sam Antonacci,2026,495,970,212,21.855670103092784,0.13658792422771,0.015181439529458333,7.932614164145811,6.732848811690532,4.072013299771211,115.30677416648282,118.03437697124453,9.257505957105,8.279377255074117,43.986072692137995,2.0307707205937002,0.8310053681384222,6.4406955392326655,0.20015222041075673,23.0,62.0,-39.0,28.956639936274517,35.50104662169481,30.63202578076432,0.00674681101589721,0.10786418570412339,1175.7575757575758
683953,Travis Bazzana,2026,451,929,247,26.58772874058127,0.12739911142229107,0.014483586130792979,8.318528307607496,6.55432879350088,5.032393392553431,114.9009183869975,118.91173227905463,11.440879088650517,9.731390378461418,43.986072692137995,0.8786775090127358,-0.8855220050938799,6.871070792108265,0.2765125568544515,83.0,63.0,20.0,31.467580521305898,37.72034096585753,32.12805311558047,0.006730635570023288,0.12410578271867383,1235.920177383592
690993,Colt Keith,2026,399,750,185,24.666666666666668,0.12260284246380522,0.01983450314172854,8.396057738459554,6.2603766088717565,5.72212212771056,114.2326337081481,119.08799132221743,13.008940733945824,10.642568794390767,43.986072692137995,2.240963375111982,0.10528224552418486,7.295174640127909,0.3307181278512105,50.0,64.0,-14.0,22.681525855803965,28.264904251879567,24.171766500253433,0.007444504528100805,0.13894666789916288,1127.8195488721803
701762,Nick Kurtz,2026,428,991,233,23.511604439959637,0.14247109783528247,0.013299104954468477,7.781471184813515,6.240559913242568,4.871645222959986,114.18758150317429,117.69076143550403,11.075426663019034,9.503505314848928,43.986072692137995,-0.3070680818890115,-1.8479793534599596,8.321766559182013,0.2637137122856033,38.0,65.0,-27.0,33.195765795620815,38.74654857412113,32.976723897206654,0.005601193520181945,0.11039040958289194,1389.252336448598
621566,Matt Olson,2026,623,1363,381,27.953044754218638,0.11854338834049305,0.014180465803291787,8.02217685429563,6.226934164906321,5.266683862251012,114.15660408804652,118.23799299028917,11.973526027460895,10.052882671986268,43.986072692137995,0.6476640998748189,-1.1475785895144908,7.892859890621336,0.2950844310301903,100.0,66.0,34.0,45.16503095772785,53.49472459143814,45.837522181431204,0.006111293935223987,0.1481242343674993,1312.6805778491173
694384,Nolan Schanuel,2026,444,847,232,27.390791027154666,0.10008783214826734,0.015399198071085063,7.628592275118482,6.005464923477475,5.142398288787786,113.6531055307215,117.34319935428562,11.690969377465995,9.883900653971596,43.986072692137995,1.9545233316933097,0.3313959800523021,6.768366169519635,0.2852474768234091,91.0,67.0,24.0,23.220377058398025,28.8655353419857,24.666724323851074,0.006664885812972463,0.13075422325696984,1144.5945945945946
677800,Wilyer Abreu,2026,621,1326,401,30.24132730015083,0.10142261663803312,0.012740321916372623,7.438129075716444,5.87335039548636,5.133182488022557,113.35275016843264,116.91019138666118,11.670017743912052,9.871230426612748,43.986072692137995,0.8460978985296805,-0.7186807817004031,7.83016913024859,0.28451662490338825,149.0,68.0,81.0,40.67046927185128,48.3689328652178,41.5461805968295,0.005805779482176861,0.1458999999514718,1281.1594202898552
695578,James Wood,2026,556,1270,279,21.968503937007874,0.14042094829539642,0.013062165724031035,6.964273579919548,5.832740704320937,4.387796345417446,113.26042619250131,115.83290608521258,9.97542193895777,8.780982233473189,43.986072692137995,-0.5105717538407193,-1.6421046294393307,9.157916722123892,0.2251392761071339,25.0,69.0,-44.0,39.1774445744156,45.63100475847438,38.70431474918987,0.0050815434520147884,0.11409540198226646,1370.5035971223022
807712,Luke Keaschall,2026,543,1024,240,23.4375,0.12790157362943574,0.014229091472831662,6.619633702350237,5.73913662873628,3.9179586395310406,113.04762229832373,115.04938562867747,8.90727086947076,8.025995780518427,43.986072692137995,0.16153519613454234,-0.7189618774794146,6.746477781766615,0.1880887943481125,37.0,70.0,-33.0,30.696377671064578,36.687146171691545,30.84256702356634,0.0058503598638935195,0.11080476777423724,1131.4917127071824
683083,Nasim Nuñez,2026,464,905,233,25.74585635359116,0.12478324815170147,0.013182889102326366,6.762647858956648,5.695593162683595,4.338017727604277,112.94862854101002,115.37452071770298,9.86225289528894,8.70349599435343,43.986072692137995,0.34933860025610786,-0.7177160960169449,6.1222679218151255,0.2211834032252252,68.0,71.0,-3.0,29.074496819346443,34.304277830272916,29.3446520035445,0.005778763547985055,0.11151512178820291,1170.2586206896551
666397,Edouard Julien,2026,276,564,105,18.617021276595743,,,7.122496666574558,5.681799493509532,5.049902533260207,112.91726936677638,116.19261786890017,11.480685190071126,9.755851098584818,43.986072692137995,-0.12937914832351724,-1.5700763213885436,7.777755515318596,0.277904381984923,3.0,72.0,-69.0,18.388727336614636,21.66507580323893,18.329212928385818,0.005809128486922511,0.09781405775042655,1226.0869565217392
677942,Blaze Alexander,2026,288,548,164,29.927007299270077,0.10917703328921695,0.016892077665712733,7.3554924308807825,5.410000557045151,6.093675729458544,112.29934892098727,116.72232136376998,13.853648112912156,11.090395525690521,43.986072692137995,0.9076612508887398,-1.0378306229468919,6.308938125727533,0.35913616312791724,136.0,73.0,63.0,17.90503345943158,21.435669826254355,18.340710859858174,0.006442767092742292,0.12494828455453626,1141.6666666666665
691594,Javier Sanoja,2026,422,752,289,38.430851063829785,0.06727751620287403,0.016394895255025143,7.779182808676852,5.399683433592222,6.749221949467882,112.27589348879823,117.68555893390158,15.343997625580762,11.81198434740297,43.986072692137995,2.444560595261481,0.06506122017685101,7.464329707846882,0.40739040304597834,246.0,74.0,172.0,19.443202182630596,24.91456075806665,21.16254313463117,0.007275742786484112,0.17310355640029088,1069.1943127962086
668930,Brice Turang,2026,613,1296,324,25.0,0.13804360800565327,0.011741267262480592,5.989231910988499,5.210989136579076,3.9695485575304295,111.84690702680187,113.6162006390241,9.024557807908003,8.11148191055028,43.986072692137995,-1.2488769073433916,-2.027119681752815,4.9846473432880085,0.19211685851583915,58.0,75.0,-17.0,44.72612899383166,50.845127596224906,43.45019308682916,0.004721449538883681,0.11265431785954413,1268.515497553018
672640,Otto Lopez,2026,617,1128,357,31.648936170212767,0.08881722674421069,0.012706291194671948,6.1682141711183585,5.174259760559005,4.5114657163788525,111.7634047412554,114.02310730100906,10.256577685293612,8.970930033959105,43.986072692137995,0.3438096802730101,-0.6501447302863435,5.589994010259946,0.23498492808435179,170.0,76.0,94.0,31.707749947683215,38.05073018698326,32.06130090223063,0.005623209432003586,0.1381328668062426,1096.9205834683955
681715,Heriberto Hernandez,2026,428,894,219,24.496644295302016,0.1323171045179504,0.01563746247712604,6.347743235080687,5.140145834939086,4.999158386659626,111.68584854327726,114.43125709246435,11.365321067986976,9.684765676902511,43.986072692137995,-1.406731205071554,-2.6143286052131547,6.349534036101268,0.2738692694449134,47.0,77.0,-30.0,28.977445889431134,33.50550273045536,27.973977629813426,0.005064940538058416,0.11926709900347524,1253.271028037383
669707,Jared Triolo,2026,334,616,156,25.324675324675322,0.13066896403287692,0.016136781911313684,6.146319185427511,4.9904352190498855,5.0094658502830915,111.34548940974643,113.97333021396588,11.388754539066808,9.699253092998152,43.986072692137995,-0.12108973292002033,-1.2769736992976455,5.173496376156822,0.2746892429578458,62.0,78.0,-16.0,20.3843583891288,23.805809402350114,20.316951771136655,0.0055543035928917435,0.11235600291384334,1106.5868263473055
691406,Junior Caminero,2026,622,1382,416,30.101302460202607,0.0965341982239159,0.015468542349831462,6.827439392644034,4.970131948208176,6.3712632031858805,111.2993310018708,115.52182082821948,14.48472849071763,11.406314996904184,43.986072692137995,-0.010345840744879247,-1.8676532851807366,9.403934592424996,0.37988818814658143,141.0,79.0,62.0,40.15822646114901,47.236005298189994,40.147501272910155,0.005121402921158453,0.177668591485883,1333.1189710610931
543807,George Springer,2026,463,943,239,25.344644750795336,0.11896648562151795,0.013614579147996698,5.852582181604286,4.923669950659438,4.540717956103096,111.193702118215,113.30553473724962,10.323081098610327,9.01532723673969,43.986072692137995,-1.010175874678841,-1.9390881056236893,6.389065223062408,0.23731656798216888,63.0,80.0,-17.0,28.43299006354279,32.94923264701409,27.653471013582283,0.004789228614497675,0.11410335679478265,1222.0302375809933
666126,Carlos Cortes,2026,340,700,192,27.42857142857143,0.11568688857255405,0.016729046546083363,6.426443262870016,4.857694713189131,5.967145208623867,111.04371092001898,114.61017742558923,13.565987694305852,10.941155260463896,43.986072692137995,-0.9456625520347681,-2.5144111017156536,5.863507369743121,0.3495356123586364,93.0,81.0,12.0,22.211882605930377,25.853533788223384,21.676007159777342,0.005202358831847156,0.1278042373349998,1235.2941176470588
663886,Tyler Stephenson,2026,419,854,194,22.716627634660423,0.14681964494838085,0.013942547427938322,5.63501743752932,4.774697017268462,4.48314783265038,110.85502006666279,112.81091284727611,10.192198480706125,8.927757182344736,43.986072692137995,-1.1543069755733715,-2.0146273958342293,5.816291294766059,0.2327286273621376,33.0,82.0,-49.0,28.483011119985886,32.41813163052719,27.676920082043814,0.004607869450282563,0.10713142884798721,1222.9116945107398
687093,Vaughn Grissom,2026,399,749,240,32.04272363150868,0.08881271467369997,0.01574584047248359,6.094107158906639,4.717811014934479,5.728069503896415,110.72569276178578,113.85462894484756,13.022461777816872,10.649968251947433,43.986072692137995,0.7127106314410511,-0.6635855125311094,6.198125261217506,0.33117816442829895,177.0,83.0,94.0,21.315051521687995,25.367632782360907,21.789004091596293,0.005410655888748886,0.13918390448875895,1126.3157894736842
702616,Jackson Holliday,2026,332,644,171,26.552795031055897,0.11051501154077027,0.018611007832609286,6.149690783090414,4.706944608350477,5.876218108500502,110.70098856357274,113.98099536217427,13.359269761655279,10.831839602411025,43.986072692137995,0.3713215332022146,-1.0714246415377229,5.552301560824748,0.34258591948958333,82.0,84.0,-2.0,18.898066973471717,22.300895873448415,19.103531555176943,0.00528389580741723,0.12812733905770363,1163.855421686747
663656,Kyle Tucker,2026,558,1127,273,24.22360248447205,0.1386046855307047,0.011638657594947538,5.294128219998352,4.704780466434559,3.757150246720779,110.6960685018726,112.03591931712653,8.541681529554527,7.755443419599168,43.986072692137995,-1.7455845666339287,-2.334932320197722,5.3980408455626865,0.17562176439174454,44.0,85.0,-41.0,37.83907914988239,42.76261839448085,36.215685502912834,0.004368712728126412,0.1040829404948601,1211.8279569892475
664702,Myles Straw,2026,292,547,124,22.6691042047532,0.1342012080576452,0.021158686373543213,5.993809004872803,4.618984584327615,5.829582269681811,110.5010161208441,113.62660641886342,13.253245659105598,10.775093763599033,43.986072692137995,-0.2727779534897783,-1.6476023740349666,5.821459166380126,0.3390058436959436,31.0,86.0,-55.0,16.640949799148007,19.557936848186102,16.508197861782982,0.005332700272464529,0.12130407026709956,1123.972602739726
686469,Vinnie Pasquantino,2026,426,919,277,30.141458106637646,0.11041410294653349,0.011946131632018318,5.602325536168515,4.604288304604943,4.980591795706337,110.46760490946923,112.73658954592204,11.323110909596073,9.658607853239756,43.986072692137995,-1.5565118297164908,-2.5545490612800625,6.401669770390433,0.2723918667238809,145.0,87.0,58.0,30.584706516189776,34.56235764686942,29.479583117091067,0.004328238444700376,0.11664914015800439,1294.3661971830986
807799,Masataka Yoshida,2026,295,550,155,28.18181818181818,0.09184585991830177,0.021632999128974668,6.378482029418731,4.510340576427694,6.937497120434538,110.25401973937507,114.50114010873904,15.77203122677178,12.003955730415415,43.986072692137995,1.204965664636712,-0.6631757883543248,7.449449971437237,0.420740034956796,105.0,88.0,17.0,14.236108287336775,17.372195285134318,14.828549739116491,0.005701976359631896,0.14544280331951012,1118.6440677966102
703607,Henry Bolte,2026,399,772,225,29.14507772020725,0.10583077395056112,0.013940466687953975,5.1123219310978865,4.26517016144412,4.911699885526884,109.69663782283175,111.62259237572636,11.166488810911265,9.560850164021465,43.986072692137995,-0.5278069048859502,-1.3749586745397169,4.670583778612246,0.26690584993637967,124.0,89.0,35.0,23.81192413887625,27.211618223056345,23.460932547127094,0.004403748813704787,0.11755600477338098,1160.9022556390976
660670,Ronald Acuña,2026,403,910,259,28.46153846153846,0.12350984206993085,0.01573020757506649,5.449901622665406,4.1616941017596405,6.196153853261026,109.46139049714137,112.39006187437941,14.086626684378933,11.208844147499347,43.986072692137995,-2.605227188683927,-3.893434709589692,5.335800837233681,0.3668484848098353,111.0,90.0,21.0,31.98904909611209,35.64956635266902,30.239204834379386,0.004022546435776847,0.1379606692727702,1354.8387096774195
670541,Yordan Álvarez,2026,597,1316,384,29.17933130699088,0.10890510320354307,0.012674775946103686,4.668755841065893,3.9241164304168903,4.9847288759895765,108.92127027998633,110.61416842950014,11.332516341884142,9.664443347866197,43.986072692137995,-2.4488556655104383,-3.193495076159441,6.509626716608152,0.27272111116152503,125.0,91.0,34.0,41.81955963016054,46.4649716920211,39.382948242977655,0.003529948375273985,0.13672145694767635,1322.6130653266332
605170,Víctor Caratini,2026,344,658,169,25.6838905775076,0.12410277871789287,0.012231024380175953,4.295057591881925,3.772256946515807,4.346223158206285,108.57602580916495,109.76458530849838,9.880907505941357,8.716309453063618,43.986072692137995,-1.6826682794769423,-2.20546892484306,3.0641892643678146,0.22183514377486369,67.0,92.0,-25.0,20.973369603323896,23.435869289336196,20.008639789757115,0.0037424007386205214,0.0971418269319469,1147.6744186046512
643217,Andrew Benintendi,2026,430,855,284,33.21637426900585,0.09214598599070636,0.014836464603919696,4.6646225749388845,3.6996463027548754,6.025245064878305,108.41094936719855,110.60477166849368,13.69807463159867,11.010096304006451,43.986072692137995,-1.2368367931660282,-2.2018130653500374,5.073286710229921,0.35395439061454714,195.0,93.0,102.0,26.169460021360607,29.512439533400137,25.28306031959162,0.003909917557940975,0.14767564061702287,1193.0232558139535
663616,Trevor Larnach,2026,427,870,262,30.114942528735632,0.10964147689985708,0.01364790270082478,4.400890278759868,3.6813008084418115,5.230370387720486,108.36924186027593,110.00519030094377,11.890969271860806,10.003872852148557,43.986072692137995,-1.9722347871765502,-2.6918242574946065,5.078001754144322,0.2922142528709667,144.0,94.0,50.0,28.726066947762554,31.858033862813325,27.322493190888576,0.0035999619713227267,0.12619711970265726,1222.4824355971898
808959,Munetaka Murakami,2026,470,1131,253,22.369584438549957,0.1676932133890171,0.012038537568916657,4.241390248863177,3.6766867327099484,4.6395504526954685,108.35875200417044,109.64257545461948,10.54777153024788,9.163827694433369,43.986072692137995,-3.889009521062363,-4.453713037215593,5.567092897169983,0.2451991146673516,28.0,95.0,-67.0,42.42638298742133,45.74880534903082,39.379992195922476,0.0029375971367015816,0.10806653008433147,1443.8297872340427
665489,Vladimir Guerrero,2026,548,1077,325,30.176415970287835,0.10647440714647362,0.012759285833843202,4.241159349634945,3.648602368156558,4.791456704604727,108.29490369302441,109.64205051748802,10.893122325651829,9.387576741396378,43.986072692137995,-1.7904938834838255,-2.383050864962212,4.115390733373187,0.2573191268431841,147.0,96.0,51.0,34.604182322603926,38.477774528603845,32.9688645756887,0.0035966501448467182,0.1333487732381295,1179.197080291971
694249,Cole Carrigg,2026,296,626,221,35.3035143769968,0.09117149700973493,0.01776939899957849,5.334318708737423,3.6462282844483243,8.092859555147633,108.28950633981025,112.12729025860695,18.398686356452412,13.047684795978537,43.986072692137995,-1.0690785518785655,-2.757168976167664,5.807133881350245,0.4970865147903762,218.0,97.0,121.0,20.14890083915142,22.780498068795215,19.621488753557994,0.004203829440325551,0.15957148905240504,1268.918918918919
606192,Teoscar Hernández,2026,424,903,269,29.789590254706532,0.10470347340354318,0.01739149393726604,4.726121611799024,3.6333376576447476,6.5360669642139975,108.26020018444194,110.7445864623503,14.859401088068143,11.58659955321002,43.986072692137995,-1.62162560273703,-2.7144095568913063,4.892800007437115,0.39199187333063473,132.0,98.0,34.0,28.165234345553113,31.505026951224423,27.019285586285612,0.0036985521657489596,0.15370472706898836,1277.830188679245
656941,Kyle Schwarber,2026,615,1420,369,25.985915492957744,0.14222127805735219,0.012961359970341415,4.2203043818217365,3.6221617406910305,4.8516361506732455,108.2347923308426,109.59463785585038,11.029937099932132,9.474718927229173,43.986072692137995,-4.054430080120516,-4.652572721251222,4.769891363804903,0.2621185392076653,72.0,99.0,-27.0,52.47965160316296,56.80546359453023,48.32386077103943,0.003046346472793859,0.1319677817296148,1385.3658536585367
810938,Ben Williamson,2026,270,541,171,31.608133086876155,0.09541689718915433,0.02286040483104709,5.324498956630359,3.5654779280703104,8.46364175567528,108.10592469353963,112.10496557375546,19.241639995716323,13.338283057268843,43.986072692137995,-1.3862170067228046,-3.1452380352828535,5.330161401332118,0.519475329852059,169.0,100.0,69.0,16.31628941934539,18.712313949829053,15.69249176632013,0.00442888083268699,0.16374617114290424,1202.2222222222222
686948,Drake Baldwin,2026,540,1096,374,34.12408759124087,0.09800332311934466,0.013883236081458441,4.389742053049547,3.541269930798999,5.922369231539069,108.050889097521,109.97984540191551,13.46419188862393,10.88754182794862,43.986072692137995,-2.4684422902195595,-3.316914412470108,5.332904696113532,0.34611844305926426,207.0,101.0,106.0,36.6532428466349,40.6040106943795,34.4316447854373,0.0036047151895479855,0.1610025343934226,1217.7777777777778
547180,Bryce Harper,2026,615,1408,452,32.10227272727273,0.10364811866029058,0.010391976868557333,4.043513424840974,3.4917290846492772,4.851528233305491,107.93826061510006,109.19271300518653,11.029691755528441,9.474563416680857,43.986072692137995,-3.2150995232845085,-3.766883863476205,5.597645251342133,0.26210993486519363,179.0,102.0,77.0,46.848949634451344,50.99355089491334,43.55347262308472,0.002943608849759942,0.13252600339115062,1373.658536585366
646240,Rafael Devers,2026,620,1332,401,30.105105105105107,0.11264101063004964,0.012624458612948282,4.039005260648621,3.4638122703884155,4.998488076616634,107.87479322064489,109.18246393334076,11.36379715370692,9.683822687774192,43.986072692137995,-2.9699251819601975,-3.545118172220403,3.9388042169121347,0.2738159396733274,143.0,103.0,40.0,45.1690452626499,49.34268403198681,42.100122574624365,0.0031333624394421235,0.14152298729702228,1289.032258064516
805999,A. J. Ewing,2026,426,874,230,26.31578947368421,0.12990128943726809,0.013928410935044827,3.928474820215546,3.3911949529275223,4.95020574645086,107.7097016063761,108.93117884770312,11.254029840530983,9.61562577625648,43.986072692137995,-3.1610140949461987,-3.6982939622342226,3.34938816772003,0.2699729017213736,78.0,104.0,-26.0,29.877296570571662,32.6665136929247,27.63297656315986,0.0031913239386190365,0.1188846770564212,1230.9859154929577
670764,Taylor Walls,2026,409,814,200,24.57002457002457,0.13960789788890351,0.013521281595467843,3.804799007452896,3.372112845564214,4.47178013326466,107.66631944880804,108.65000845627429,10.166354619933912,8.910372562613196,43.986072692137995,-3.0751516258087794,-3.507837787697461,4.119231543400881,0.2318231458606645,48.0,105.0,-57.0,27.9215795777807,30.51518423452776,25.82535121952105,0.0031862465070602673,0.10684157889517867,1194.1320293398533
650859,Luis Rengifo,2026,353,726,225,30.991735537190085,0.11041869837612239,0.012827689586685035,3.961295139923914,3.3533819139728944,5.335440463884793,107.62373567070532,109.00579410134961,12.129840509353865,10.144862648285361,43.986072692137995,-3.291514942078165,-3.8994281680291847,2.348198251444122,0.30050895026548274,159.0,106.0,53.0,24.84420713462754,27.174769108616108,22.907699177038218,0.0032101404600393514,0.11649986518684824,1233.9943342776205
608070,José Ramírez,2026,472,1048,307,29.293893129770993,0.11678847757769466,0.014090972525350479,3.9816977406381473,3.31680002965964,5.653462339257514,107.54056869972044,109.05217833041465,12.85284635167714,10.556591258378646,43.986072692137995,-2.905369470808233,-3.5702671817867406,5.201007814949836,0.3253962032547579,126.0,107.0,19.0,35.85406261635226,38.98633150565427,33.56850529931645,0.0029888061920820704,0.1373803474351106,1332.2033898305083
664770,Nathan Lukes,2026,399,780,270,34.61538461538461,0.09691906868702799,0.016549622618504,4.114713793675382,3.2336259927963122,6.713686079911427,107.35147694459725,109.35458326201248,15.263208713587701,11.77500983950105,43.986072692137995,-2.322197158375129,-3.203284959254199,3.5785590254441075,0.40484392420973964,211.0,108.0,103.0,26.168148545497555,28.904433218291686,24.623887435178094,0.003508057272812987,0.15985836784341417,1172.9323308270675
808982,Jung Hoo Lee,2026,538,955,304,31.83246073298429,0.09924884320918645,0.013223572019571764,3.6287598437160535,3.2317851871005523,4.509637669660318,107.34729197062005,108.24979276761995,10.252421718173453,8.968148789808945,43.986072692137995,-2.0993420705690173,-2.496316727184519,2.8643102777396026,0.23483924661219743,172.0,109.0,63.0,30.171648335592682,33.42543632879141,28.289238278982463,0.0034071078462813904,0.1308491750819395,1065.0557620817845
676475,Alec Burleson,2026,611,1240,472,38.064516129032256,0.08122729377068848,0.011979246871748674,3.6259504662778723,3.0916168259740355,5.540818777840265,107.02862664646719,108.24340579723084,12.596757197717773,10.413311521404092,43.986072692137995,-2.4856937139294963,-3.0200273542333336,5.5224500197600594,0.3166232409954495,241.0,110.0,131.0,38.33928265976496,42.03170888459126,35.808017894413425,0.0029777630845373385,0.1602334056112385,1217.6759410801965
671732,Lawrence Butler,2026,471,1006,248,24.652087475149106,0.1493569478793232,0.015431578646976947,3.545559415171598,3.085668218922959,5.153688791190128,107.01510280428943,108.06064101241147,11.716637734996722,9.899396795556491,43.986072692137995,-4.115088625361852,-4.5749798216104915,4.304168271889325,0.2861426093224411,49.0,111.0,-62.0,37.04052307407215,39.82378721498185,33.810178503163094,0.002766664155973861,0.1275524650902439,1281.5286624203823
683737,Michael Busch,2026,643,1312,336,25.609756097560975,0.14030583195510368,0.011527937440583813,3.1396509404353266,2.919283816313872,3.8582123282338063,106.63683670225839,107.13782965442265,8.771440804087558,7.926197612319075,43.986072692137995,-3.983246426192139,-4.2036135503135945,2.998702105698495,0.18344034562748512,66.0,112.0,-46.0,47.14275953691484,50.507418794748034,42.874047116845595,0.002564526873348469,0.11415079209819849,1224.2612752721618
695600,Carter Jensen,2026,543,1175,282,24.0,0.15241098456263108,0.013884175636507356,3.119412813610804,2.8299387386596324,4.638260303950807,106.43371541366423,107.09181934801005,10.544838445601536,9.161904081827396,43.986072692137995,-4.737847967226266,-5.027322042177437,3.2448675431480396,0.245096184184832,42.0,113.0,-71.0,42.97989764666196,45.802966242979736,38.69214523632219,0.0024026115713342787,0.12245732376394593,1298.3425414364642
641355,Cody Bellinger,2026,498,962,290,30.14553014553015,0.10641766490400448,0.013908961284292117,3.109059332505353,2.7888627476235186,4.994597527952222,106.34033132974382,107.06828125862907,11.354952197960035,9.678347430122056,43.986072692137995,-2.8522288734764376,-3.172425458358272,3.6679078651980155,0.2735063947677767,146.0,114.0,32.0,30.8611228221613,33.44164206814074,28.493772857175856,0.0026824524386480694,0.13365679851304285,1159.0361445783133
607043,Brandon Nimmo,2026,587,1107,317,28.63595302619693,0.11582777024784878,0.013475473057478853,2.900060827342821,2.6762652157568168,4.482859219038247,106.08434682152283,106.59313425783787,10.191542332988291,8.927316186116705,43.986072692137995,-2.919815943912689,-3.143611555498693,3.0918753612898815,0.2327056361651539,112.0,115.0,-3.0,36.71740316856806,39.55462934465179,33.86084990344015,0.002562986608928389,0.13181600367397794,1131.5161839863713
592518,Manny Machado,2026,601,1251,378,30.215827338129497,0.1143869056537805,0.01325065954203922,2.9358101716821734,2.657660579898616,5.0618997149779466,106.04205017006132,106.6744084934114,11.507960145491014,9.772570700615196,43.986072692137995,-3.61970737114356,-3.8978569629271167,2.6672311392184094,0.27885774467397706,148.0,116.0,32.0,43.23825033712903,46.17895352576401,39.6125101203669,0.002350682005303739,0.14335343489656063,1248.91846921797
691026,Masyn Winn,2026,492,973,237,24.35765673175745,0.13697627977761653,0.015410430093637422,2.7358256414362176,2.5397442051537067,4.64805380575971,105.77397355506044,106.21975428582697,10.567103451794404,9.176496358179968,43.986072692137995,-3.559365556062449,-3.7554469923449605,3.1898241531432108,0.24587754129076964,46.0,117.0,-71.0,32.463378307295116,34.70675533327282,29.544698551323908,0.002305629009226823,0.12218800641671186,1186.5853658536585
700250,Ben Rice,2026,592,1233,312,25.304136253041364,0.13132415019186192,0.012421421350287072,2.648026329900338,2.4975585341131707,4.22247805614987,105.67806667258925,106.02014721440143,9.599579588983378,8.521361264854338,43.986072692137995,-3.843141592210169,-3.9936093879973362,2.8558538319197955,0.2120230237460883,61.0,118.0,-57.0,40.97313485986092,43.58585417202925,37.18123515554689,0.0021189937649378214,0.11864687918850414,1249.662162162162
679845,Nick Loftin,2026,388,732,182,24.863387978142075,0.13748912754253287,0.013578004913274776,2.6559619289155747,2.485246188913198,4.547962216021831,105.65007520973202,106.0381883772731,10.33955053876571,9.026290721413103,43.986072692137995,-4.219010490601887,-4.389726230604264,2.136856474922094,0.2378941174186135,56.0,119.0,-63.0,25.023021212740982,26.74054326010639,22.294727762151762,0.0023463415947614823,0.10870306324312007,1131.958762886598
682985,Riley Greene,2026,521,1133,303,26.74315975286849,0.13771662263024062,0.013747214628130939,2.676820808482124,2.474623209076739,4.998359145965863,105.62592442930021,106.08560993207419,11.363504036720382,9.683641296807187,43.986072692137995,-4.685875892150397,-4.888073491555783,2.990375777933609,0.27380568189093946,86.0,120.0,-34.0,41.72813665696291,44.05250939232822,37.65923442394565,0.0020515205078246346,0.1289433580140052,1304.798464491363
605137,Josh Bell,2026,568,1210,366,30.247933884297524,0.1053248644299245,0.012914772229640888,2.6567659065255578,2.4503674262805775,5.168248424798264,105.57078019542888,106.04001617766713,11.749738288687977,9.919336822100616,43.986072692137995,-3.932027440845847,-4.138425921090828,2.8211170792317257,0.28729650541035834,150.0,121.0,29.0,38.54890038135237,41.06397210619656,34.826581070684966,0.0020785716734249547,0.14065260533960458,1278.169014084507
680574,Matt McLain,2026,452,947,250,26.399155227032733,0.127055105227256,0.01161410767867416,2.297919471628919,2.2167323203214613,4.395974918931897,105.03962319126907,105.22419786761196,9.994015491448106,8.793656545858497,43.986072692137995,-3.7629655589521955,-3.844152710259653,1.626015603097628,0.22578966914394602,79.0,122.0,-43.0,31.763776306814,33.494875642107786,28.929008919070014,0.0018279824026333532,0.10761365965110703,1257.0796460176991
678391,Jorbit Vivas,2026,326,617,175,28.363047001620746,0.12179790126981989,0.013604994505707933,2.2991434731525726,2.205091214452631,4.833613494127647,105.01315775537915,105.22698057006467,10.988963547526716,9.448710289209803,43.986072692137995,-3.4743655288868016,-3.5684177875867427,2.655819570011341,0.26068145400086945,109.0,123.0,-14.0,21.31463272221848,22.563834009298045,19.426894118189985,0.002024637418281304,0.10572938061606166,1135.5828220858896
553993,Eugenio Suárez,2026,444,978,281,28.732106339468306,0.13272066808841707,0.014603251546153127,2.2089114385646336,2.1164403923052126,5.865632717599542,104.81161481980523,105.02184283199134,13.335204437671829,10.81899998074383,43.986072692137995,-5.29640609587931,-5.38887714213873,2.1315220038990472,0.34177422604658253,117.0,124.0,-7.0,37.2945077328452,38.929102197383024,33.37516722189451,0.001671364483167514,0.1387960664128715,1321.6216216216217
668804,Bryan Reynolds,2026,630,1259,316,25.09928514694202,0.14011267322135204,0.00974118472932332,2.125232498944868,2.097345397774175,3.409114463366645,104.76820336394582,104.83160320726867,7.750440661586923,7.148821077336335,43.986072692137995,-4.758598014086682,-4.786485115257375,3.097404278745383,0.14922236665605731,59.0,125.0,-66.0,44.27560473794725,46.50709886183936,39.27907682315623,0.0017724337759270146,0.1008830066603275,1199.047619047619
608348,Carson Kelly,2026,384,782,194,24.808184143222505,0.14463429056318053,0.015600497719224274,2.1258489192403465,2.0750835918874873,4.959958925756448,104.71759233067058,104.83300460607005,11.276203175654242,9.629445295085498,43.986072692137995,-4.581676210124769,-4.632441537477629,2.4149539326880465,0.2707494661792175,53.0,126.0,-73.0,28.059052369257024,29.419595677570847,25.126779594777172,0.0017398252024473425,0.11351537220568504,1221.875
691718,Pete Crow-Armstrong,2026,648,1377,466,33.84168482207698,0.10666760216798964,0.011322564946984331,1.9744696033724805,1.964297098901224,5.096819530217306,104.46572512315318,104.48885177176865,11.587348490715115,9.821047541606942,43.986072692137995,-4.815762833916951,-4.825935338388207,3.0850845764246793,0.28163115431999103,203.0,127.0,76.0,49.70710261028317,51.83952978192545,44.506078749652865,0.00154860361048822,0.1483392372550372,1275.0
656716,Zach McKinstry,2026,396,708,205,28.954802259887007,0.11992285852963454,0.013814820806123621,1.8292868222261012,1.8568908926731367,4.738603049426115,104.22154281804076,104.1587864300353,10.772962347859453,9.310342433012673,43.986072692137995,-3.879938039188774,-3.8523339687417386,2.185975711470224,0.2531024666070802,120.0,128.0,-8.0,24.58418599857508,25.791515301244306,22.02342689271049,0.0017052673766514502,0.11753782129264664,1072.7272727272727
656305,Matt Chapman,2026,348,707,186,26.308345120226306,0.13963699590974524,0.016564141661298156,1.7512669973043875,1.8102787123129023,5.525562285931965,104.11557250173978,103.98141250200182,12.562072373693857,10.393691581614554,43.986072692137995,-5.440884643752742,-5.381872928744228,2.814129437999765,0.31543125193221994,77.0,129.0,-52.0,25.972481239212616,26.98821609764916,22.816768145836026,0.001436682968085636,0.12052989145396231,1218.9655172413793
665833,Oneil Cruz,2026,354,827,259,31.318016928657798,0.11232994849811051,0.013778727699767438,1.5762825659555584,1.7140661203214322,6.380175944284068,103.8968382840594,103.58359469141081,14.504991134215198,11.416201778136045,43.986072692137995,-5.9064988632511275,-5.768715308885254,3.458533856266935,0.38054703356150427,164.0,130.0,34.0,29.093456661010624,30.023463374924404,25.60862233169246,0.0011245546722052956,0.130897668812514,1401.6949152542372
686217,Sal Frelick,2026,349,639,152,23.78716744913928,0.15229658807915325,0.018077821867174236,1.581324373717609,1.6777374086892218,4.9511162757293565,103.81424688771793,103.59505697356849,11.256099880484015,9.616916861298556,43.986072692137995,-4.644676975659343,-4.548263940687731,1.4278750183127908,0.2700454048290523,41.0,131.0,-90.0,23.149081388031295,24.06888506541037,20.44742761385611,0.0014394423746151425,0.11392705557131173,1098.5673352435529
702284,Cole Young,2026,581,1103,341,30.915684496826835,0.11069998121704265,0.01517372314031544,1.378223637237993,1.5492740264838107,5.397313895066227,103.5221922114468,103.13331823662524,12.270506468814467,10.226726194571114,43.986072692137995,-5.015077181540295,-4.844026792294477,0.37216711400033015,0.30537840715055237,157.0,132.0,25.0,37.748693595011545,39.083273483737,32.89242719088669,0.0012099545682007764,0.15736741181216918,1139.0705679862308
701807,Carson Benge,2026,574,1168,332,28.424657534246577,0.12690184274367572,0.012426455664769154,1.3190445016698253,1.4598054677551733,4.4148174748052815,103.31879019518853,102.99877761513723,10.036853041427314,8.822796056720561,43.986072692137995,-6.085126144348001,-5.944365178262653,0.4795411588976056,0.22728854541939586,110.0,133.0,-23.0,42.13141179090034,43.3932976974978,36.30997444614075,0.0010803817693471457,0.12358107637412896,1220.9059233449477
691016,Tyler Soderstrom,2026,450,911,238,26.125137211855105,0.13156798737990788,0.012468169321552945,1.2160286391732447,1.3792572754894041,4.398342505634698,103.1356681582894,102.76457652331074,9.999398074065502,8.79732260885248,43.986072692137995,-4.895179943336232,-4.731951307020072,0.5340867030110843,0.2259779711755219,74.0,134.0,-60.0,31.313180996418076,32.225202475798014,27.641796038915903,0.0010011212726453718,0.10929269128853049,1214.6666666666665
695731,Braden Montgomery,2026,308,622,169,27.170418006430868,0.1302757779051257,0.013296874059465771,1.1315741187718433,1.3491420748856362,4.946476599511586,103.06720284924819,102.57257365687504,11.245551823033548,9.610336024864816,43.986072692137995,-5.472098743857328,-5.254530787743535,1.5384484700065673,0.2696759482509999,89.0,135.0,-46.0,22.016606465966245,22.597481180269124,19.207595777452816,0.0009338821773358191,0.10181229627963385,1211.6883116883118
671056,Iván Herrera,2026,637,1325,383,28.905660377358487,0.12971758940772665,0.011397346683947067,1.113255359613431,1.289046849987209,4.235531733974444,102.93057954732478,102.5309269309065,9.629256432187674,8.542098975717469,43.986072692137995,-5.5398360804183175,-5.364044590044539,0.1681747296047668,0.21305624418412028,119.0,136.0,-17.0,49.68183674315931,50.8637428499489,43.80037743778186,0.0008920046088978057,0.12353447752734235,1248.0376766091051
694192,Jackson Chourio,2026,501,1013,344,33.95853899308983,0.10672787085254565,0.013360480511384516,0.9404246169459666,1.254927855669969,5.522055949774749,102.85301182593251,102.13800541714208,12.554100904675114,10.389175161259358,43.986072692137995,-5.51347755149511,-5.198974312771107,1.0611927016224068,0.315157179800635,204.0,137.0,67.0,36.7143875732757,37.499642128425585,32.110633817777284,0.0007751772508883337,0.14487136609972331,1213.1736526946108
673962,Josh Jung,2026,394,752,218,28.98936170212766,0.11411724185047961,0.013210469825958929,1.003451088934946,1.2363481263454135,4.688626181982798,102.81077179815236,102.28129275363631,10.659342594186263,9.236707742672344,43.986072692137995,-4.878403348507711,-4.645506311097243,2.8956472920746212,0.24911476750852343,121.0,138.0,-17.0,24.877558723404555,25.536491605138504,21.67407385788449,0.0008762405342206753,0.11227463698319178,1145.1776649746193
666139,Josh Lowe,2026,300,677,240,35.450516986706056,0.11358676661589184,0.013843782976299276,0.7044665278298098,1.2323761381254155,7.039117820690985,102.80174169390142,101.6015672341571,16.00306049134763,12.104873023445755,43.986072692137995,-7.278515421063844,-6.7506058107682385,0.7388233533985087,0.4278440974510575,219.0,139.0,80.0,27.260823987814042,27.613057251728947,23.62156627728212,0.0005202854710707605,0.1352676373436902,1354.0
656555,Rhys Hoskins,2026,318,691,155,22.431259044862518,0.17802475996902442,0.0191542628884592,0.6933228045512063,1.1502074895047085,6.197744575207508,102.61493563554788,101.57623257116822,14.090243106235043,11.210665857356592,43.986072692137995,-7.031435829534342,-6.574551144580839,1.3377454734165184,0.3669677381064129,29.0,140.0,-111.0,27.593837795198784,27.961298881610922,23.867176805545583,0.0005317816011753101,0.1249598570766228,1303.7735849056605
575929,Willson Contreras,2026,509,1091,378,34.64711274060495,0.10376600641894268,0.012213573941604421,0.7002478126547201,1.105124638497121,5.6743087700502475,102.51244216830172,101.59197620927836,12.900239604852162,10.5828037289137,43.986072692137995,-6.2168121923840065,-5.811935366541606,0.8730113728677984,0.3270141550466499,212.0,141.0,71.0,39.22355042636033,39.817593987429085,33.9496214164879,0.000544494556433322,0.14573609254035721,1286.051080550098
592626,Joc Pederson,2026,418,858,257,29.953379953379955,0.12520551669029395,0.01573655104008308,0.6151136835854455,1.0864490209991295,6.054847159577484,102.46998414385224,101.3984282886328,13.76537342161879,11.044951628763984,43.986072692137995,-5.999372712579477,-5.528037375165793,1.2157065301039303,0.3561990074087889,137.0,142.0,-5.0,32.177817789405545,32.606346988970074,27.998254799641842,0.0004994512815437378,0.14400732138208006,1231.578947368421
671976,Tristan Peters,2026,433,750,239,31.866666666666667,0.10219239274120022,0.015879812701351803,0.6860108491931687,1.0572044122430415,5.283346847021437,102.40349807913631,101.55960922902713,12.011408438302732,10.07527168537919,43.986072692137995,-4.425605963262294,-4.054412400212421,0.9850452340804707,0.29640027374054984,173.0,143.0,30.0,24.423981865146853,24.919053027981256,21.23016956165923,0.0006600948837792046,0.13922433011709004,1039.2609699769052
660821,Jesús Sánchez,2026,296,598,228,38.12709030100335,0.09240012238667006,0.016550980830491613,0.22214298135420357,1.045165351258896,7.813901519906616,102.37612791342862,100.50503026926046,17.764490079841252,12.815586701452753,43.986072692137995,-6.0410007438480395,-5.217978373943348,0.30074525227174237,0.4795590096851461,244.0,144.0,100.0,21.067227904160774,21.17681844162885,18.087000870529074,0.00018326176834126048,0.15763686966470636,1212.162162162162
502671,Paul Goldschmidt,2026,356,727,237,32.599724896836314,0.11377075435077018,0.015193966407229873,0.49163359406988055,1.0187723783630291,6.163125688095278,102.31612489137981,101.11770286361063,14.011538905124542,11.170903510340372,43.986072692137995,-6.385844215220715,-5.858705430927566,0.10455409366953444,0.3643692088244607,187.0,145.0,42.0,26.963668781132533,27.25537138028066,23.174734546768242,0.00040124153940595484,0.13562275641597232,1225.2808988764043
571970,Max Muncy,2026,493,1052,272,25.85551330798479,0.13513905268933912,0.01068587660407981,0.7958973212400269,1.0142570566066211,3.9569557039834153,102.30585954719233,101.8094302867423,8.99592862422263,8.090673993129952,43.986072692137995,-5.991943725415107,-5.773583990048512,1.6322658561991372,0.19113247010778753,69.0,146.0,-77.0,36.75782233150024,37.411784630452466,31.834441903784164,0.0006216371663043935,0.10024183025569885,1280.3245436105478
677951,Bobby Witt,2026,557,1160,382,32.93103448275862,0.09944829144221082,0.011967576756236189,0.5059964238597768,0.9035322100769023,5.045322118008788,102.0541324896196,101.15035599427411,11.47027185928009,9.749458963792694,43.986072692137995,-5.955091575343507,-5.557555789126383,2.274253149124648,0.2775403296244611,192.0,147.0,45.0,37.989247330924535,38.458980677741025,32.460937318480646,0.0004049425403590455,0.1375193620870289,1249.5511669658888
596019,Francisco Lindor,2026,385,901,270,29.966703662597116,0.13028976012920235,0.014113897719881486,0.27262654476897785,0.8876636397009398,6.227974617283751,102.01805613770924,100.61980196931222,14.158969501264272,11.245187887216758,43.986072692137995,-7.587924193128787,-6.972887098196825,-0.7564947458737025,0.3692312926473748,138.0,148.0,-10.0,35.17823523488463,35.353170601111394,30.309317210960327,0.0001941568992527867,0.1331355134519601,1404.155844155844
543760,Marcus Semien,2026,489,916,255,27.838427947598255,0.12988435827239728,0.01195570313059778,0.43195286728546295,0.7425456198806261,4.148568887682457,101.688138027411,100.98202190113388,9.431551020066326,8.403175522218516,43.986072692137995,-5.2109543617113685,-4.900361609116206,0.34929259728411105,0.2061825651683071,98.0,149.0,-51.0,33.120511359461304,33.472552946298954,28.87358355466654,0.00038432487646031916,0.11171414806468141,1123.926380368098
665019,Kody Clemens,2026,517,1017,331,32.54670599803343,0.11275278541584677,0.015312542472001773,0.09693970559745936,0.7277494792218083,5.875996046830946,101.65449978750179,100.22038727184386,13.358764916244075,10.831570495191402,43.986072692137995,-6.096919018977092,-5.466109245352743,0.9973944793536867,0.342568897228833,186.0,150.0,36.0,37.32117197264528,37.4047016856351,32.06766008462669,8.213344443442558e-05,0.15876702653673244,1180.2707930367505
661388,William Contreras,2026,578,1094,309,28.244972577696526,0.1210834001742628,0.01311934955464756,0.3284256711392823,0.6957112513253114,4.425498601161572,101.58166257804976,100.74665831941387,10.06113601488359,8.839276525320228,43.986072692137995,-5.7889231681772415,-5.421637587991212,1.0184917380671221,0.2281384619764695,107.0,151.0,-44.0,37.41477065384721,37.73115405037805,31.838108001836464,0.00028919871712142773,0.12889323825647606,1135.6401384083044
665487,Fernando Tatís,2026,626,1157,306,26.44770959377701,0.12873329081023394,0.01302392221102216,0.37401271778680706,0.6862476051276731,4.064934056852666,101.56014748106924,100.85029804866771,9.241411674334877,8.267858401336106,43.986072692137995,-5.404882317720177,-5.092647430379311,0.5570125252328951,0.1995956760530488,81.0,152.0,-71.0,39.39238698793159,39.782606923489155,33.7532931031102,0.00033726874291924695,0.12468376502651651,1108.9456869009584
676724,Jared Young,2026,311,645,182,28.217054263565895,0.12180641686297124,0.015226829827078119,0.08400169585289105,0.6792821289114194,5.597175787801229,101.54431184085419,100.1909733938759,12.724881866531492,10.485343315655633,43.986072692137995,-6.365230763754656,-5.769950330696128,0.605089223730841,0.32101873441789697,106.0,153.0,-47.0,22.168767869060765,22.212308748077845,18.869456589847935,6.750523878617342e-05,0.11423474803683906,1244.3729903536978
680700,Richie Palacios,2026,354,766,248,32.375979112271544,0.11230369614407479,0.012793533677525755,0.007483926812111774,0.6371495493299674,5.662596301720079,101.44852565899535,100.01701431010787,12.87361193019672,10.568087998360678,43.986072692137995,-7.088245625661276,-6.458580003143421,-0.729002292494196,0.32610533985555556,182.0,154.0,28.0,27.85131664373055,27.855732160549692,23.669251724590396,5.764382270425518e-06,0.12071277333291296,1298.3050847457628
672960,Kazuma Okamoto,2026,570,1222,343,28.068739770867428,0.13029453593513476,0.010706930534348505,0.16985862168575178,0.5528361162158438,4.279705591826947,101.25684354701359,100.386164554573,9.729683351775789,8.611973053081694,43.986072692137995,-6.648537482058407,-6.265559987528314,-0.07223758055637948,0.21655608574544927,102.0,155.0,-53.0,44.691025825751225,44.85239151635269,38.37491521779574,0.00013205048330725385,0.11630594022951693,1286.3157894736842
687551,Drew Gilbert,2026,356,714,186,26.05042016806723,0.14006859553376855,0.01317881703883274,0.07964969486607151,0.5434472850089467,4.693804447377911,101.23549853794081,100.18107935078348,10.671115105524924,9.244364593924532,43.986072692137995,-6.589833065743497,-6.126035475600622,-0.12395349811065959,0.2495279505094818,73.0,156.0,-83.0,26.05275876928095,26.10001758823482,22.14279115027314,6.618882206424243e-05,0.10422565517274801,1203.370786516854
677588,José Tena,2026,275,583,174,29.845626072041163,0.11935444870210585,0.01926571263926423,-0.7494992300592657,0.5321363791905543,7.771222439907922,101.2097837943274,98.29605330918022,17.667461458310505,12.779013378093312,43.986072692137995,-7.262854378064335,-5.981218768814515,-0.29643646178805677,0.47682576921686587,134.0,157.0,-23.0,20.76767407416642,20.42415359372259,17.438865817553598,-0.0005892289544491082,0.1475151095905597,1272.0
664034,Ty France,2026,437,912,302,33.114035087719294,0.10642646693016647,0.012373745039977848,-0.14373700741717044,0.47880205942993803,5.3162675395499726,101.08853105113774,99.67322154804954,12.086251884224696,10.11932095149129,43.986072692137995,-6.640015682570787,-6.017476615723678,0.5957253533720858,0.2989976737795352,193.0,158.0,35.0,32.14079301291027,32.03610455917477,27.304648257437883,-0.00011478997120121251,0.12821522416052072,1252.1739130434783
542303,Marcell Ozuna,2026,278,669,179,26.756352765321374,0.15004066082620646,0.016204538173803663,-0.7385244401297856,0.3860206978734987,6.928340460834309,100.87759755360587,98.32100391117257,15.751214047515248,11.994770417837135,43.986072692137995,-8.778800694130231,-7.654255556126947,-1.365913307216227,0.4200963887732404,87.0,159.0,-72.0,26.857278287890956,26.515095297297492,22.789767299610617,-0.0005114842908721484,0.12411083787364292,1443.884892086331
686611,Dylan Crews,2026,381,727,236,32.46217331499312,0.11080737408897237,0.012688740465295624,-0.6200245073106642,0.09958197801925739,5.09233256083728,100.2263943378538,98.59040721446021,11.577147604149427,9.81483426546476,43.986072692137995,-6.431120546939127,-5.711514061609205,-2.3237085144993412,0.28127491969155677,184.0,160.0,24.0,26.15054028499748,25.756824722855207,22.066778737691134,-0.0005415619836895072,0.11992874192889486,1144.8818897637796
656811,Ryan O'Hearn,2026,398,802,256,31.92019950124688,0.12101846794250723,0.015432812648832466,-0.9579128607001927,0.09296767368749681,6.142797375198315,100.2113570682661,97.82223598954901,13.96532356546637,11.147440892822692,43.986072692137995,-7.773691622684053,-6.722811088296364,-1.9623796019989954,0.3628402228400585,175.0,161.0,14.0,30.98072779328185,30.345312262350724,25.82417901690143,-0.0007922886919340744,0.1438834449977477,1209.0452261306534
702222,Justin Crawford,2026,416,745,280,37.58389261744966,0.09528090323048966,0.014034127474016169,-0.8581501334541574,0.08252610787494741,5.7954131416722685,100.18761872298205,98.04904125116961,13.175563961426661,10.73322314343374,43.986072692137995,-6.374421417762738,-5.433745176433633,-1.1992231860776086,0.3363762969923245,237.0,162.0,75.0,26.678652904537103,26.083668812008888,22.25905405488827,-0.0007986363658096856,0.14721373963787324,1074.5192307692307
643289,Mauricio Dubón,2026,552,1086,408,37.569060773480665,0.09021557760965422,0.011897687238734491,-0.7768691830621098,0.05915574687351455,5.429457902968163,100.13448744853297,98.23382917474929,12.343584163490496,10.268917417148158,43.986072692137995,-6.42477926404956,-5.588754334113935,0.07773149774513276,0.3079033336442332,236.0,163.0,73.0,36.80795566473892,36.09323601632178,30.897158741813325,-0.0006581212232202035,0.15157563102212865,1180.4347826086957
682928,CJ Abrams,2026,595,1243,463,37.24859211584876,0.09566699778226204,0.012111535378566624,-0.9044412439075339,0.04442723437090601,5.7617521313454025,100.10100295764492,97.94380087024865,13.099037442311257,10.691730858113102,43.986072692137995,-7.736426036651235,-6.787557558372795,-0.7169455822280584,0.33378060999075987,235.0,164.0,71.0,44.293819973187325,43.396915739645685,36.621864153508184,-0.0007215641460511968,0.16206331650188152,1253.4453781512607
679529,Spencer Torkelson,2026,547,1177,261,22.1750212404418,0.17218058292493704,0.012399736296989776,-0.43665740681391324,0.039266976988686975,4.075019543923793,100.0892713865671,99.00728257812396,9.264340493512975,8.284265171873328,43.986072692137995,-7.818619501127574,-7.342695117324974,0.28350107069924063,0.20038861891252832,26.0,165.0,-139.0,44.93913214340857,44.541046140863216,37.8111573648806,-0.00033822090275730746,0.10828730379165452,1291.0420475319927
669127,Shea Langeliers,2026,414,851,276,32.432432432432435,0.10717440806435505,0.0159078005235824,-1.3528329382343431,-0.10136078541620108,6.376156818154389,99.7695616380084,96.92440616896414,14.49585386443026,11.411745368344727,43.986072692137995,-7.414452844253991,-6.162980691435849,-0.7065496068437928,0.3802499921180944,183.0,166.0,17.0,29.580136625761995,28.646681898380297,24.46416416322674,-0.0010968915715413594,0.1508145700926662,1233.3333333333333
681198,TJ Rumfield,2026,569,1174,357,30.40885860306644,0.12134158862046585,0.009954027531872387,-0.6885870131787735,-0.1430806748227874,4.167269766559217,99.67471368534258,98.43453399898134,9.474066474918704,8.433203211888916,43.986072692137995,-7.573592493141167,-7.02808615478518,-1.3027194020254944,0.20765873278562816,152.0,167.0,-15.0,43.318947137506306,42.66593712000844,36.13665692317743,-0.0005562265907136884,0.1153396376773747,1237.9613356766256
514888,José Altuve,2026,502,971,358,36.8692070030896,0.09491023189063401,0.013056133831603943,-1.382431046830807,-0.2859576440269258,5.715237878233756,99.3498904845896,96.85711644113684,12.993289758408665,10.63399418796403,43.986072692137995,-7.117536697879023,-6.021063295075142,-1.3594126662979535,0.33018543025516633,232.0,168.0,64.0,33.977863016846975,32.82122904099853,28.02285731295486,-0.0011911781419654396,0.15345362884612732,1160.5577689243028
666182,Bo Bichette,2026,617,1253,515,41.10135674381484,0.08699467890641041,0.010724726834113388,-1.3281045598157617,-0.314108786245868,5.461630724324404,99.28589035796776,96.98062482388171,12.416727364024496,10.310916052278321,43.986072692137995,-7.32557848972131,-6.311582716151417,-0.9149548612503897,0.3104270590609807,256.0,169.0,87.0,44.80225963680136,43.43652544779082,37.26912308987128,-0.0010899714198009112,0.1586648447527412,1218.4764991896272
624585,Jorge Soler,2026,363,747,208,27.84471218206158,0.13439323317706442,0.016691913638792123,-1.5847750587646587,-0.33085625571138544,6.051045357471566,99.24781587565893,96.39709807725589,13.756730226458979,11.040485332993146,43.986072692137995,-8.147354792182638,-6.893435989129364,-0.07918853432808519,0.35591099012882194,99.0,170.0,-71.0,27.9537925008294,26.995003590276784,23.024642851558905,-0.0012835192912350984,0.1339446840250951,1234.7107438016528
672580,Maikel García,2026,309,573,132,23.036649214659686,0.163932676639326,0.01935581934488338,-1.3622155849889857,-0.34223891921440286,5.44382680986933,99.22193799476084,96.90307521991508,12.37625111014367,10.287703134161564,43.986072692137995,-7.5995271556602475,-6.579550489885664,-2.1578860300936507,0.3090309063735344,35.0,171.0,-136.0,21.639113316391033,20.937572290121707,17.725356831226005,-0.001224329888777186,0.11712085068633615,1112.621359223301
693304,Nick Gonzales,2026,555,1045,330,31.57894736842105,0.11198204700644934,0.011992555343387714,-1.21598787871979,-0.4851270530339087,4.4702372276728655,98.89708941184782,97.23551614341524,10.16284690602048,8.90801062677607,43.986072692137995,-6.91392899868206,-6.183068172996178,-1.8106493190060133,0.23170026012932962,168.0,172.0,-4.0,36.954075512128284,35.829286724312475,30.558691188347378,-0.001076352907000771,0.12791284500415553,1129.7297297297298
701678,Hao-Yu Lee,2026,292,558,169,30.286738351254485,0.12294740525515302,0.01759300904893365,-2.0470519781632346,-0.49727756972615,6.493240466388402,98.86946585750759,95.34613605426719,14.76203731993785,11.54026180455319,43.986072692137995,-7.984787216735933,-6.435012808298849,-2.701460570879036,0.3888627931278183,151.0,173.0,-22.0,20.77811148812086,19.78187952541475,16.892181709309373,-0.001785361940333526,0.13377531680624338,1146.5753424657535
671277,Luis García,2026,490,986,381,38.640973630831645,0.0920412017933166,0.014127281210652405,-2.157862774279377,-0.5213567927514593,6.639720722877664,98.81472302289755,95.09421359487484,15.095052402949442,11.697283858621013,43.986072692137995,-8.478176160236805,-6.841670178708887,-0.9289178425625324,0.3995168737505436,247.0,174.0,73.0,35.06769788325362,33.3054432842588,28.14385401906023,-0.0017872764695687873,0.1726856242236365,1207.3469387755104
668715,Spencer Steer,2026,383,768,203,26.432291666666668,0.14785661779978157,0.013817890089101116,-1.3628557496383942,-0.5221655451594502,4.758144438267428,98.81288436725386,96.9016198395862,10.8173886574736,9.338974423682272,43.986072692137995,-8.421498176277174,-7.58080797179823,-1.749654124873036,0.2546615865981629,80.0,175.0,-95.0,30.01489341335566,29.144937159836488,24.639170410832065,-0.001132755538436426,0.10959848097729398,1203.1331592689294
687401,Joey Ortiz,2026,366,714,227,31.79271708683473,0.11453505522400403,0.013144657630559189,-1.5699945566512983,-0.5283260057676893,5.289826231736373,98.79887888726624,96.43070076376263,12.026138975307674,10.083960694555572,43.986072692137995,-7.441312293144096,-6.399643742260486,-2.2201521692821826,0.2969117309625736,171.0,176.0,-5.0,25.999457535848915,25.04176085629162,21.460257037031017,-0.001341311876130661,0.12075973046960618,1170.4918032786884
592885,Christian Yelich,2026,445,961,234,24.349635796045785,0.1618591608227425,0.013829452382990277,-1.4782512536300798,-0.5786890670499542,4.866349551479115,98.6843811424124,96.63927429034986,11.063387235180283,9.495895700543054,43.986072692137995,-9.05639358583398,-8.156831399253855,-2.2199307444536185,0.26329156147948574,45.0,177.0,-132.0,37.875043632521745,36.778673952746104,31.158218389694877,-0.0011408633504429164,0.11642610486065627,1295.7303370786515
701398,Sal Stewart,2026,625,1289,400,31.03180760279286,0.11635508996986257,0.010777766211533958,-1.4486056954127913,-0.6811547977289718,4.406039462660899,98.45143074605357,96.7066718923699,10.016896697050264,8.809231633209926,43.986072692137995,-7.8236432277512815,-7.0561923300674625,-0.5582202802875964,0.22659020260536666,161.0,178.0,-17.0,46.54203598794503,45.03307172189004,38.39240762570411,-0.0011706472195927007,0.12783526935911657,1237.4399999999998
683146,Brett Baty,2026,430,846,249,29.432624113475175,0.12825275614226989,0.012043640398909093,-1.5905978994851937,-0.7273220472175829,4.632379376791472,98.3464719564573,96.38386015815071,10.531468470062926,9.153130630750425,43.986072692137995,-7.8085753649693395,-6.9452995127017285,-1.5916515793719703,0.24462700009863542,131.0,179.0,-48.0,31.9349362794252,30.795007784794144,26.338790601197175,-0.0013474332087837536,0.11413954662667396,1180.4651162790697
700932,Kyle Manzardo,2026,354,755,234,30.99337748344371,0.12133913497351727,0.015397623328531715,-2.43037656710802,-0.7542325975736868,6.422495724805028,98.28529224954312,94.47466796111028,14.601202907467062,11.462931860941145,43.986072692137995,-9.228776472060302,-7.552632502525968,-1.2269712812278188,0.3836688056558561,160.0,180.0,-20.0,28.39335758380304,26.95943540920931,22.948379465287463,-0.0018992346683360684,0.13790574528447322,1279.6610169491526
687859,Troy Johnston,2026,415,793,287,36.19167717528373,0.10057773069725759,0.014254200391297852,-2.3023872785841424,-0.8056668308903121,6.011870841557886,98.16835925196314,94.76564481057736,13.667669045234943,10.994288921551776,43.986072692137995,-7.954069887227441,-6.45734943953361,-2.6107290891767962,0.3529387635419192,228.0,181.0,47.0,28.865808710112926,27.273324175758894,23.364243704780613,-0.0020081772186053364,0.1476623903051789,1146.5060240963855
621439,Byron Buxton,2026,407,805,279,34.6583850931677,0.10292608920200431,0.015275418455104158,-2.735721662539426,-0.9357507638230005,6.441906643013837,97.87262033968707,93.78048210467219,14.645332599027999,11.48424742174216,43.986072692137995,-8.685389213938235,-6.885418315221809,-2.2816855464584407,0.38509701260013385,213.0,182.0,31.0,28.716378887359202,26.860647692936624,22.8247898705711,-0.0023052561421398475,0.15401380317099156,1186.7321867321866
665862,Jazz Chisholm,2026,519,1113,320,28.751123090745732,0.13708883042039333,0.013515806675358904,-2.1716096680102375,-0.989763436586441,5.171532020150694,97.74982539697537,95.0629607621269,11.75720336831764,9.923827158350669,43.986072692137995,-9.270269605763037,-8.088423374339241,-2.0247634644985015,0.28755667399439067,118.0,183.0,-65.0,43.868425734525864,41.989983371697015,35.84964252554084,-0.0016877289872676146,0.13408733009025225,1286.705202312139
691788,Joe Mack,2026,295,576,158,27.430555555555557,0.14145552844151066,0.019345470202942017,-3.1280650549865343,-1.16105517131801,6.484802777120436,97.36040273601073,92.88851024077528,14.742854681544504,11.531090193736757,43.986072692137995,-10.185442596770601,-8.218432713102077,-2.80674297118707,0.3882449421596845,94.0,184.0,-90.0,22.349973493758682,20.81200817505697,17.342130883679804,-0.0026700786783015844,0.13284839022573114,1171.5254237288136
665750,Leody Taveras,2026,448,931,288,30.934479054779807,0.1265157715668183,0.012262123995809894,-2.5987911868893514,-1.33804506032334,5.049499885275722,96.95802562395505,94.09178626817062,11.479769791264548,9.75528938252479,43.986072692137995,-9.77433224025153,-8.513586113685518,-2.442793928091052,0.2778723809100957,158.0,185.0,-27.0,36.436542211243676,34.49611145836629,29.138374138522533,-0.0020842435584075,0.12356637033171705,1246.875
642086,Dominic Smith,2026,288,580,183,31.551724137931036,0.11499938759789147,0.01292195899116605,-2.8292456878709875,-1.3448564344275793,5.473403710213868,96.94254032670673,93.56786020049323,12.44349262213668,10.326227131183868,43.986072692137995,-8.791256513704203,-7.306867260260796,-3.3419155404515712,0.3113496739108443,166.0,186.0,-20.0,21.044887930414138,19.686850000236063,16.82508480383612,-0.002341444707203576,0.10908994501150836,1208.3333333333333
663968,Jake Mangum,2026,431,811,370,45.62268803945746,0.07741464541732425,0.01090442462895359,-3.0311513369644105,-1.3830686234443745,5.734035404986973,96.85566694456998,93.10883843124691,13.036024937074835,10.65738309253363,43.986072692137995,-8.214814985781109,-6.566732272261072,-3.8018111108772357,0.3316394781300974,267.0,187.0,80.0,28.643418804409972,26.466041760690537,22.742443372957208,-0.0026848052326996735,0.1446358535460565,1129.0023201856147
663993,Nathaniel Lowe,2026,390,823,231,28.068043742405834,0.14078586124648731,0.015231710312534353,-3.043975578778898,-1.4350563259015923,5.621671611300934,96.73747566429569,93.07968319862533,12.780571820192856,10.516435280058058,43.986072692137995,-10.33883337746604,-8.729914124588735,-4.3075459851265006,0.3229253770785885,101.0,188.0,-87.0,32.52153394793857,30.54294982173229,25.801292252585647,-0.0024041119394973068,0.12737344990926777,1266.1538461538462
701675,Nathan Church,2026,412,813,348,42.80442804428044,0.08874280798106451,0.012070495035089966,-3.6041252620042954,-1.5458834382862392,6.256439546540167,96.4855161107335,91.80621264546654,14.223683006049399,11.277524967565448,43.986072692137995,-9.37544824853639,-7.317206424818334,-4.660478941813999,0.37135789639166195,259.0,189.0,70.0,30.88249717741045,28.407664497500836,24.444689380082128,-0.0030440746370351984,0.15067040143063634,1183.9805825242718
681393,Connor Norby,2026,324,661,186,28.139183055975792,0.14629634543162512,0.011217640949208218,-2.992916219148513,-1.7183305686790675,4.805888322945489,96.09346671910039,93.1957639407906,10.925931843432084,9.40855155792391,43.986072692137995,-9.733311178677532,-8.458725528208086,-3.7314169673420365,0.258470276106427,103.0,190.0,-87.0,27.211120250282274,25.594945491942077,21.955132213796407,-0.002445045020181841,0.10094079124732258,1224.0740740740741
669224,Austin Wells,2026,344,721,210,29.126213592233007,0.1472396890556338,0.012421958647956484,-3.356555570431714,-1.817967846201998,5.209699078544197,95.86694666076215,92.36904918990038,11.843974148379402,9.975840621655344,43.986072692137995,-10.913892379535952,-9.375304655306236,-2.6973620799860365,0.29057889810973164,123.0,191.0,-68.0,30.9203347016831,28.995909507968918,24.663036404082487,-0.0026691056778282703,0.11123775061551237,1257.5581395348836
695734,Daylen Lile,2026,599,1191,454,38.11922753988245,0.09897975012111906,0.01181328757244693,-3.525935451278753,-1.8472533872753027,5.420624739305479,95.8003675385971,91.98397302719647,12.32350243506589,10.257346240518348,43.986072692137995,-9.566446314915067,-7.887764250911617,-3.579714616381264,0.30720982401662167,243.0,192.0,51.0,44.93680655498805,41.41674766279477,35.38630431726451,-0.0029555490278700995,0.15680829551190476,1192.9883138564273
681297,Colton Cowser,2026,352,782,230,29.411764705882355,0.1345112889777781,0.012432630656206381,-3.55037002843587,-1.8722546425802025,5.40190120193631,95.74352851257201,91.92842231384195,12.280935467334498,10.23276145391115,43.986072692137995,-11.104510198023739,-9.426394812168072,-2.7890851821857847,0.30573894906385757,130.0,193.0,-63.0,30.937596464888962,28.85471271487325,24.422950482048368,-0.0026635342071812153,0.11332733432681266,1332.9545454545455
662139,Daulton Varsho,2026,489,999,358,35.83583583583583,0.10507375909865863,0.012591972944786312,-3.852060344624563,-1.9724782197910653,5.643245654043111,95.51567553303384,91.2425454038931,12.829619260488732,10.543710214874919,43.986072692137995,-10.07894157029156,-8.199359445458063,-3.1464730951383855,0.32460259755949983,224.0,194.0,30.0,37.61640575731979,34.476976576450774,29.402068377532167,-0.00314257175262164,0.14551367878808016,1225.7668711656443
681624,Andy Pages,2026,553,1196,382,31.93979933110368,0.12919502779702827,0.012199336367390352,-3.6743525713081793,-2.0622751376187263,5.167276390956947,95.31152700980432,91.64655458780041,11.747528421378112,9.918007088234772,43.986072692137995,-11.639863294611658,-10.027785860922204,-4.064029705464377,0.28721948367124134,176.0,195.0,-19.0,49.352500618464795,45.96597233190909,38.62442661526438,-0.002831545390096743,0.13771142843761044,1297.6491862567814
676356,Jonny DeLuca,2026,317,584,208,35.61643835616438,0.10310611272892992,0.015983113809194385,-4.76107444144066,-2.1554795916397804,6.4941338429618725,95.09963163402618,89.17595013593554,14.764068364127048,11.54123207455998,43.986072692137995,-10.061428349089741,-7.455833499288862,-5.13282112233334,0.38892818467135787,223.0,196.0,27.0,21.446071447617424,18.93063711772294,16.130283469848344,-0.004307250564887811,0.14197857840907277,1105.3627760252366
647304,Josh Naylor,2026,575,1052,401,38.11787072243346,0.09303985381461206,0.012180294558848823,-3.9356483003134914,-2.2398153743106866,5.185986601756119,94.90789871151414,91.05251262630469,11.79006509186044,9.943564658081295,43.986072692137995,-8.70834645365514,-7.012513527652335,-4.351556462295986,0.2887016544207403,242.0,197.0,45.0,37.308981379659436,33.53731842519234,28.96348269490659,-0.003585230945310927,0.1532286992201942,1097.7391304347827
678882,Ceddanne Rafaela,2026,564,1068,486,45.50561797752809,0.07696612569382001,0.010285696069430729,-4.151251759477909,-2.3212416421791735,5.335503799887651,94.72278041637014,90.56234961340411,12.129984500392352,10.144946885962549,43.986072692137995,-9.461024310330455,-7.631014193031719,-3.633908367440189,0.300513940827094,266.0,198.0,68.0,37.40553708719653,33.50336043328729,28.5121742354859,-0.003653723458716512,0.15346793900087635,1136.1702127659573
592663,J. T. Realmuto,2026,409,826,247,29.90314769975787,0.13818288636750478,0.013956500345611834,-4.340060143654158,-2.386751577415843,5.470410821349432,94.57384705808835,90.13310378030205,12.436688448266958,10.322337714770486,43.986072692137995,-11.26995403163857,-9.316645465400255,-4.267169371609997,0.3111151757812831,135.0,199.0,-64.0,34.13117293277368,31.172698601516096,26.448820934540056,-0.0035816880523699564,0.129748389691494,1211.7359413202935
677587,Brayan Rocchio,2026,532,1061,358,33.741753063147975,0.10930140181080923,0.01107728055614129,-3.8608905613020132,-2.4471847144253145,4.62169116533684,94.43645553092827,91.2224703752829,10.507169389011887,9.13716450181724,43.986072692137995,-10.321872343042198,-8.9081664961655,-4.291660670374623,0.243774321399725,202.0,200.0,2.0,39.129901848269704,35.70657888391525,29.97784170410562,-0.0032265060926997663,0.12580665383232048,1196.6165413533834
694374,Tim Tawa,2026,295,621,202,32.52818035426731,0.12656868129881976,0.016447219024516468,-6.149243550863495,-2.726969889771519,6.971870687306682,93.80037879522048,86.02002139653945,15.85017770534632,12.038300610421256,43.986072692137995,-12.636767323807744,-9.214493662715768,-7.998455978725073,0.4231510631853776,185.0,201.0,-16.0,25.566873622361594,22.543495543187042,19.353796354822787,-0.004868563734580599,0.13755433727058303,1263.050847457627
669357,Nolan Gorman,2026,274,587,193,32.87904599659284,0.13021293671734974,0.018944576592571347,-7.624695030676517,-2.755639677382911,8.290561789077845,93.73519955584612,82.66566082395589,18.84815188458434,13.20510105953485,43.986072692137995,-14.752362473558838,-9.883307120265233,-7.576741789025275,0.5091532578207878,190.0,202.0,-12.0,25.1310967864485,21.649152722439556,18.394184590189962,-0.005931761608192406,0.1562659016767278,1285.4014598540148
676391,Ernie Clement,2026,566,934,424,45.396145610278374,0.0772489922510665,0.012763860928206843,-5.421082700300557,-2.9376962462080343,5.80926134723254,93.32130361633055,87.67545641493582,13.207047121237716,10.750222696548377,43.986072692137995,-9.451699015587606,-6.9683125614950825,-5.355850035134282,0.3374426635447385,265.0,203.0,62.0,32.7535727144522,27.639684700502006,23.837469976414557,-0.005475254832923118,0.17931336378035007,990.1060070671377
663837,Matt Vierling,2026,292,538,173,32.15613382899628,0.1386982111305642,0.017449231631386036,-6.157001795925919,-3.1332129969673432,6.285466023687224,92.87680666810846,86.00238343845957,14.28967316013798,11.310331627069493,43.986072692137995,-12.186675608277051,-9.162886809318476,-8.322087794494012,0.373521621583227,180.0,204.0,-24.0,23.994790525587604,20.998382984903657,18.06394172955944,-0.005569530744765701,0.1318796987338334,1105.4794520547946
663538,Nico Hoerner,2026,623,1106,367,33.18264014466546,0.11281872211116802,0.010669827140962505,-4.343683886396923,-3.1498486733227895,3.9429641685056462,92.83898634149762,90.12486539364696,8.964119611456937,8.067510379524895,43.986072692137995,-9.435260789627513,-8.241425576553379,-5.00654489178401,0.19003961159483965,194.0,205.0,-11.0,41.40447101479866,36.89427924608985,31.607525228235424,-0.004077931074781922,0.12310680587103616,1065.1685393258426
645277,Ozzie Albies,2026,617,1244,484,38.90675241157556,0.09980712834336114,0.01073316808708507,-5.202620927604299,-3.1781462008680523,5.12038386061933,92.77465341561147,88.17211765183526,11.640920744294,9.853602161616662,43.986072692137995,-11.399202434360111,-9.374727707623865,-5.350228714986571,0.2835013399154017,250.0,206.0,44.0,48.306650118186795,42.956621597633706,36.58447028151981,-0.004300666013306339,0.14928846186926598,1209.7244732576987
666152,David Hamilton,2026,352,708,203,28.67231638418079,0.1462819350719282,0.01369906049508486,-5.371841641614597,-3.3138143953824435,5.095526591128851,92.46621898123051,87.78740334648073,11.584409062370367,9.819257633842097,43.986072692137995,-11.741083166746936,-9.683055920514782,-6.041725381430003,0.2815285078656904,114.0,207.0,-93.0,29.695232819601422,26.54375238985419,22.807130695109887,-0.004451243544840721,0.11234761480227401,1206.8181818181818
621020,Dansby Swanson,2026,460,920,242,26.304347826086953,0.151072978404844,0.013288797634907654,-5.012369596327049,-3.3458444260519546,4.57139987617323,92.39340040773864,88.60464394853112,10.39283481425773,9.061676023985772,43.986072692137995,-11.543100254522546,-9.876575084247452,-4.905038248817484,0.23976298156752315,76.0,208.0,-132.0,36.55966077397225,32.716844083454845,27.709950578838296,-0.004176974663605874,0.11554785288658095,1200.0
643446,Jeff McNeil,2026,460,816,290,35.53921568627451,0.11275859731245642,0.013121788684374101,-5.499663033804878,-3.435598314330401,5.04484213053193,92.18934970990381,87.4968082004105,11.46918063324539,9.748788844174618,43.986072692137995,-10.83943632973243,-8.775371610257954,-6.314823364800672,0.2775021780042281,222.0,209.0,13.0,32.69999322061236,28.483584894695287,24.389758701150832,-0.005167167066074845,0.1353970126136115,1064.3478260869565
664983,Jake McCarthy,2026,516,892,338,37.89237668161435,0.09848657272984401,0.01286124008803547,-5.75706267720934,-3.5363976094783727,5.184324131757164,91.96018786621416,86.91162378259256,11.78628555461784,9.941297004992139,43.986072692137995,-10.656932692397737,-8.436267624666769,-5.399567817681109,0.28856999126554417,240.0,210.0,30.0,33.288461582687276,28.337387680287247,24.123499467225223,-0.005550531280717525,0.14928224942321752,1037.2093023255813
641680,Jonah Heim,2026,352,670,225,33.582089552238806,0.12318910532233183,0.01450265761764336,-6.438186383522404,-3.618562895821709,5.798443533380421,91.77338945181963,85.36312521332881,13.182453396019659,10.736946647500535,43.986072692137995,-12.156118812804927,-9.33649532510423,-7.777936086026936,0.33660972468643674,200.0,211.0,-11.0,27.717548697524663,23.940479352524854,20.58595899401244,-0.005637416932835538,0.13142120472300434,1142.0454545454545
701538,Jackson Merrill,2026,593,1229,456,37.1033360455655,0.11073463575455886,0.012255817922426146,-6.409105603430315,-3.6302352862897935,5.750351191845373,91.74685289205495,85.42923882227869,13.073118011904668,10.677622334008078,43.986072692137995,-13.368873837275055,-10.590003520134534,-5.892075919120443,0.33290029513650843,234.0,212.0,22.0,50.49499390407884,44.16066119935521,37.282090261571994,-0.005154054275609136,0.16211450357789706,1243.5075885328836
664040,Brandon Lowe,2026,591,1292,434,33.591331269349844,0.12362721854884044,0.011050556611976362,-5.845611265741084,-3.664731372457842,5.078495551851465,91.66842787236862,86.71031326971385,11.545689899155711,9.79564452852395,43.986072692137995,-13.088257148093275,-10.907377254810033,-6.07400635099873,0.28017611049155583,201.0,213.0,-12.0,53.65421285019675,47.89628575344178,40.762279559324874,-0.0044565999200889845,0.13916821280253694,1311.6751269035533
608369,Corey Seager,2026,359,746,206,27.61394101876676,0.14180742229924775,0.013100263710362414,-6.070836272254604,-3.7638640494443782,5.177642870689351,91.44305499654865,86.19827617995162,11.771096062447047,9.932177237432358,43.986072692137995,-12.505034668319428,-10.198062445509203,-3.793471191834526,0.28804078785535553,95.0,214.0,-119.0,29.212328993645038,25.579945290746036,21.73014991710058,-0.004869147054824403,0.1134242394926007,1246.7966573816157
686527,Dominic Canzone,2026,457,937,328,35.005336179295625,0.11534853622931526,0.011781677226628505,-6.669798026838666,-4.03052472993189,5.412882700676465,90.83681610281087,84.83656844401384,12.305901321451588,10.247190103723499,43.986072692137995,-12.938586529103423,-10.299313232196647,-6.4372949396112125,0.30660176803709555,217.0,215.0,2.0,37.83431988321541,32.75415705277329,27.979429810214967,-0.005421731942841106,0.13468640780926214,1230.1969365426696
671739,Michael Harris,2026,557,1081,480,44.40333024976873,0.08425128518129839,0.011765552035029988,-7.5102562796383925,-4.112946854724411,6.099243735015502,90.64943377984379,82.92583124616905,13.866306677808206,11.096886641326742,43.986072692137995,-12.893759119307648,-9.496449694393666,-6.6881388417606775,0.3595566849339936,262.0,216.0,46.0,40.440616887023225,33.46859564075891,28.470910504599292,-0.006449603373047463,0.1722134576987659,1164.4524236983843
691781,Brady House,2026,312,609,207,33.99014778325123,0.11115268428940678,0.012957105970210249,-7.152124073346104,-4.203933442433698,5.639563874000157,90.44258060532624,83.7400257954276,12.821248929114246,10.53906271177066,43.986072692137995,-12.500837104842184,-9.552646473929777,-5.617575313721083,0.32431650109682303,205.0,217.0,-12.0,23.008605647907203,19.28950112976723,16.508170353389268,-0.006106903970673192,0.11883386353907036,1171.1538461538462
691023,Jordan Walker,2026,608,1166,421,36.106346483704975,0.1082843631515226,0.01067299558456263,-6.25661473326867,-4.2745106980047245,4.597800047334888,90.2821269634087,85.77591871622818,10.452854201181486,9.101378031596308,43.986072692137995,-11.968464208061965,-9.986360172798019,-4.787991171525013,0.24186853570420444,226.0,218.0,8.0,45.587716886791014,39.247680623745424,33.45967315595489,-0.005437423896265511,0.1364435888617951,1150.657894736842
672275,Patrick Bailey,2026,307,633,194,30.647709320695103,0.14045190430175014,0.011475700285949696,-6.792113018429632,-4.407263904730918,4.990295887312144,89.98031959893827,84.55849180724051,11.345172646441114,9.67228955836461,43.986072692137995,-13.631323402187817,-11.246474288489104,-7.188936193904556,0.2731641156455885,153.0,219.0,-66.0,27.247669434539528,23.772371606776368,20.272975627086762,-0.0054902019395942515,0.10148726923317015,1237.1335504885994
665161,Jeremy Peña,2026,411,805,312,38.75776397515528,0.10789809407048202,0.012973810596644375,-8.196743849725284,-4.54794793966729,6.105328053682149,89.66048191776807,81.36513821751048,13.880139053135803,11.10397236402267,43.986072692137995,-14.465778716276954,-10.816982806218961,-7.926070590360132,0.36001600878688217,249.0,220.0,29.0,33.66420534999039,28.04943581292857,23.755146929340675,-0.006974868990138907,0.14740140932224613,1175.1824817518248
641857,Ryan McMahon,2026,323,641,184,28.70514820592824,0.14457103054523449,0.014591673913087603,-7.589452505182781,-4.553050498872381,5.5672804294773455,89.64888152043139,82.74578283380296,12.656916357236943,10.447219883347207,43.986072692137995,-14.239391342018363,-11.202989335707963,-7.71601868025933,0.31868860805514776,116.0,221.0,-105.0,26.601069620323145,22.51541435503308,18.935530614536592,-0.006373877168939257,0.11837646176166794,1190.7120743034056
606466,Ketel Marte,2026,548,1056,340,32.196969696969695,0.12780078515158028,0.01219796764154343,-7.252188871577522,-4.823825935523482,4.878049798057215,89.03328794710585,83.51253379146584,11.08998712433154,9.512699628706489,43.986072692137995,-13.205881793826588,-10.777518857772549,-6.7396458728475555,0.2642242269745803,181.0,222.0,-41.0,43.4522669515373,36.8286011154965,31.39089491317568,-0.006272410829584093,0.1371019331864308,1156.2043795620439
696100,Hunter Goodman,2026,510,1099,445,40.49135577797998,0.10107722264237855,0.011909379491148852,-9.195378131281943,-4.9128116107377,6.435801152598239,88.83098374086985,79.09479621960996,14.631452090853667,11.477550842038193,43.986072692137995,-15.144576092078314,-10.86200957153407,-7.977893619690829,0.38464803568900874,255.0,223.0,32.0,44.979364075858456,37.1632926642688,32.10647439759189,-0.007111984905905052,0.1650147237585225,1292.941176470588
666176,Jo Adell,2026,587,1219,445,36.50533223954061,0.11474228160523228,0.01087799858559784,-7.5866757836004455,-4.929471964881276,5.063322433540877,88.79310731061842,82.75209556283829,11.511194620577909,9.774551243118417,43.986072692137995,-14.40178817187679,-11.74458435315762,-7.627487145283785,0.2789707846502634,230.0,224.0,6.0,51.06031531432836,43.638017506039255,36.97056588617557,-0.006088841516233882,0.1418798048008094,1245.9965928449744
682177,Daniel Schneemann,2026,280,572,191,33.39160839160839,0.12780064530543808,0.013900180164002575,-8.749944180360279,-5.005514508922936,5.977572941150946,88.62022862564493,80.10746664835975,13.589694590350115,10.953580708514224,43.986072692137995,-15.772035915084158,-12.027606243646815,-9.333545537216764,0.35032997139221406,198.0,225.0,-27.0,24.409923253338672,20.32661596917054,17.049639826299398,-0.007138649098196032,0.11663627759634819,1225.7142857142856
669477,Casey Schmitt,2026,407,715,263,36.78321678321678,0.11104881003864985,0.014257625520109073,-8.461049935184041,-5.075904465897291,5.65497349506484,88.4602007971388,80.76425237050918,12.856281884141934,10.558494572926826,43.986072692137995,-13.723425420198023,-10.338279950911271,-9.01159083378409,0.3255135493078533,231.0,226.0,5.0,29.20583704016491,23.466424834131733,19.896780130130583,-0.008027149938507935,0.14345665881666067,1054.0540540540542
682626,Francisco Álvarez,2026,374,863,277,32.0973348783314,0.1439056241606346,0.014817237354970559,-9.895879527412625,-5.086929878842449,6.73481954867033,88.43513510640908,77.50224350176778,15.311254532333143,11.797027533124757,43.986072692137995,-17.841699531791864,-13.032749883221689,-10.119793705829064,0.4063593476957999,178.0,227.0,-49.0,39.861857892495784,33.69342632040858,28.74053185101219,-0.00714766114957961,0.14290285904832006,1384.4919786096257
682657,Angel Martínez,2026,369,689,291,42.23512336719884,0.09970717328436522,0.014467705812223295,-10.436012214114385,-5.104663503575221,7.082261340109685,88.39481865247856,76.27428052702759,16.10114499123164,12.14715587821524,43.986072692137995,-15.651530984571444,-10.32018227403228,-10.359942865748478,0.43083827429297483,257.0,228.0,29.0,29.01478742575028,22.596639914069936,19.389095870238844,-0.009315163297068718,0.16593479124057908,1120.3252032520325
693307,Dillon Dingler,2026,557,1135,388,34.18502202643172,0.12566335245194596,0.012568715972940535,-8.302324611541598,-5.206446393191412,5.358332629201196,88.16342065900781,81.12510596331201,12.181884631311803,10.175250834533376,43.986072692137995,-15.433056448009722,-12.337178229659536,-8.702106389206138,0.3023119513046413,209.0,229.0,-20.0,48.75738075135503,41.05005607030724,34.43036001545267,-0.006790594432641219,0.14765075901041275,1222.62118491921
683002,Gunnar Henderson,2026,646,1307,401,30.68094873756695,0.13469504073259989,0.009518783958735075,-6.900568995337622,-5.272192108916782,3.868353639933629,88.01395126630815,84.3119229042446,8.79449653759394,7.943197520542497,43.986072692137995,-13.297431906714145,-11.669055020293305,-6.016261895955166,0.18422806589377302,155.0,230.0,-75.0,54.01271133377255,46.583098715459045,39.695809647543655,-0.005684477902305667,0.11520455313536955,1213.9318885448915
691723,Coby Mayo,2026,386,843,275,32.62158956109134,0.13149258947434922,0.01305964853079177,-9.09831891549224,-5.339464002978742,5.850055268595423,87.86101218822132,79.31545519152826,13.299789934737802,10.800061953863324,43.986072692137995,-15.9960410924123,-12.237186179898803,-9.34384124305538,0.3405787616599959,188.0,231.0,-43.0,36.16046210544604,30.3072102698127,25.869675669327457,-0.006943359235626737,0.12962305000130245,1310.3626943005183
671218,Heliot Ramos,2026,389,796,272,34.17085427135678,0.13057692340483856,0.012426678721482598,-8.856359001954884,-5.481568277801893,5.489800039732168,87.5379456671028,79.86553820355539,12.480768806425871,10.347499796445494,43.986072692137995,-15.841468687777018,-12.466677963624027,-10.710533122573612,0.3126337943252245,208.0,232.0,-24.0,35.51692316611609,29.775050413182004,25.246370966873986,-0.00721340798107297,0.1261532208522032,1227.7634961439587
642715,Willy Adames,2026,504,1020,322,31.56862745098039,0.14175137165998516,0.011011944976718663,-7.8678900509712335,-5.5055734277684145,4.585648563745279,87.48337123365762,82.11276986231707,10.425228448651454,9.083124487540582,43.986072692137995,-15.03424085512977,-12.671924231926951,-8.69487566428289,0.24089933506654373,167.0,233.0,-66.0,45.64394167451522,39.03491403169939,33.01517935620621,-0.006479438865505722,0.12060906988187489,1214.2857142857142
805779,Jacob Wilson,2026,338,585,249,42.56410256410256,0.09301900546527374,0.013608909285592942,-9.766288257026861,-5.544669279099014,6.114117043757569,87.39448889218505,77.79686237191056,13.90012035525599,11.114194457105427,43.986072692137995,-14.477526857274494,-10.255907879346648,-10.249086284375256,0.36067916084692464,258.0,234.0,24.0,23.16173236085316,17.66005664272803,15.006058897921863,-0.009404573877136977,0.14240369725122284,1038.4615384615386
686681,Michael Massey,2026,391,731,279,38.16689466484268,0.10959487019345426,0.014747515300786667,-10.577188102580303,-5.628671278540742,6.58275529997016,87.20351480811607,75.95332464298215,14.965544539616861,11.63671060848795,43.986072692137995,-15.811580754844899,-10.863063930805339,-10.480752000760873,0.3953898683620783,245.0,235.0,10.0,30.57696878397374,23.68416787045891,20.273088658733148,-0.009429276215478564,0.15866258654250742,1121.7391304347827
656775,Cedric Mullins,2026,462,968,302,31.198347107438018,0.14460256689438536,0.011545559708743427,-8.783724454405721,-5.904195901775918,4.932474208999377,86.57712421133877,80.0306689895147,11.213718131923608,9.59044498042077,43.986072692137995,-15.812108301318714,-12.93257974868891,-9.302113262337391,0.2685607770367154,163.0,236.0,-73.0,43.669975202104375,36.90650737221197,31.494651810088964,-0.006987053543277279,0.1220725086423924,1257.142857142857
650489,Willi Castro,2026,479,1046,395,37.76290630975143,0.11335140555547364,0.011808968776220794,-10.51022663317458,-6.098385955280331,6.031186014237874,86.1356434388598,76.10555798710085,13.711581064421509,11.01710614351965,43.986072692137995,-17.218574888065085,-12.806734210170834,-9.891531891807887,0.3544052410431937,239.0,237.0,2.0,44.77380519441209,36.38314093226105,31.027642908773466,-0.008021667554637705,0.14887478386337388,1310.2296450939457
571448,Nolan Arenado,2026,529,1150,367,31.91304347826087,0.14477387840006156,0.011656488697410032,-9.520395866005616,-6.2115302366066665,5.186765517420607,85.87841592478225,78.35588566262867,11.791835915252516,9.944626903092354,43.986072692137995,-16.980404364229756,-13.671538734830806,-10.205046374812918,0.2887633402010648,174.0,238.0,-64.0,53.1320133728226,44.73819768429431,38.16095685836003,-0.00729897016393764,0.13485036192292776,1304.3478260869565
545121,Ildemaro Vargas,2026,457,818,328,40.09779951100245,0.0970229489547081,0.011663157384885176,-9.753121976471014,-6.40477647389997,5.1568367283395204,85.4390808683296,77.82679521144365,11.723794402907096,9.903712127339283,43.986072692137995,-14.225104786580275,-10.87675928400923,-9.898398984379282,0.286392133502181,254.0,239.0,15.0,31.823527257144256,24.394899351732164,20.988739111365614,-0.009081452207105243,0.13733197923928495,1073.9606126914662
701358,Cam Smith,2026,506,1070,319,29.813084112149536,0.1428882540719445,0.010267654017364273,-8.776733353863873,-6.412790913629924,4.330900492517871,85.42086046528055,80.04656288527298,9.84607223934309,8.69236881034724,43.986072692137995,-15.627731535964108,-13.263789095730157,-8.78938351391437,0.22061821076174132,133.0,240.0,-107.0,45.5813530489503,38.179641253858435,32.401966120287234,-0.006917487658964363,0.1116569043559721,1268.774703557312
676609,José Caballero,2026,416,865,307,35.49132947976879,0.11951008910999807,0.012640123438936906,-10.776313947279231,-6.510645354820231,5.783938711446123,85.1983935906514,75.50062261138086,13.149477453757621,10.719106462054716,43.986072692137995,-16.997036508514817,-12.731367916055817,-10.047056262227509,0.33549205295056866,220.0,241.0,-21.0,36.689597356769404,29.218019686655808,24.904985377532466,-0.008637662046374105,0.13635080581002396,1247.5961538461538
669065,Kyle Stowers,2026,448,924,310,33.549783549783555,0.13114933500896578,0.011657294963579227,-10.390086654449934,-6.773731651939073,5.244537824610078,84.60028086765337,76.3786898476457,11.923178187143492,10.023029217010519,43.986072692137995,-16.889097623107418,-13.272742620596556,-10.358768457384475,0.2933344435196021,199.0,242.0,-43.0,40.65629385277939,32.89836248412344,28.04576762752585,-0.008396029619757522,0.12882436190335864,1237.5
695506,Jac Caglianone,2026,507,988,388,39.27125506072874,0.1066820281495944,0.010821137680007748,-10.258907048915788,-6.792257188645473,5.1293865339555245,84.55816404391223,76.6769197133859,11.661387843958035,9.866005957857503,43.986072692137995,-15.839125881712123,-12.372476021441809,-8.851099153828708,0.28421553683380957,252.0,243.0,9.0,41.39262692204263,32.723850465708786,28.008565551995886,-0.008774065239204291,0.1378934584124418,1169.2307692307693
694212,Samuel Basallo,2026,369,759,302,39.789196310935445,0.1083900537101112,0.013572059348948319,-13.046104025881922,-6.845269281938175,6.8394470081249,84.4376438654827,70.34037542475629,15.549119504245652,11.90479956193569,43.986072692137995,-18.923134232364163,-12.722299488420415,-13.325167978286455,0.41381787274488646,253.0,244.0,9.0,32.733796220453584,24.7104422445362,21.096068667549623,-0.010570953854963611,0.1526775621523276,1234.1463414634147
607208,Trea Turner,2026,623,1232,425,34.49675324675325,0.12291896216451338,0.009941012273744462,-9.283622144376391,-6.860436769948063,4.271836134471127,84.4031613870945,78.8941781428108,9.711792558453777,8.599559365665785,43.986072692137995,-15.069462210919438,-12.64627683649111,-8.868104828904203,0.21593222822744465,210.0,245.0,-35.0,52.240558919918186,42.6010645933407,36.5934339909135,-0.00782426487546874,0.12637059414543744,1186.5168539325841
686797,Brooks Lee,2026,561,1084,376,34.686346863468636,0.12108705710578391,0.009092104483281634,-9.15092563636016,-6.957724490380993,4.041780168374339,84.18198292200657,79.19585660577562,9.188772538669406,8.230100062903473,43.986072692137995,-14.997386033045665,-12.804184887066498,-8.499485131889507,0.1977767788751528,214.0,246.0,-32.0,45.52873347177475,36.972618001777995,31.506177530877054,-0.007893095452026521,0.11478090863266976,1159.3582887700536
669016,Brandon Marsh,2026,523,1013,367,36.229022704837114,0.11975085746167802,0.010636864263117263,-10.307025850165745,-7.188877171623945,4.757859808995972,83.65646957858806,76.56752417451443,10.816741567942675,9.338558029594774,43.986072692137995,-16.4939782811117,-13.375829602569901,-10.670682019786966,0.2546388780629032,229.0,247.0,-18.0,43.94856468843583,34.964273822374686,29.571313620066796,-0.008868993944779014,0.13030388283509506,1162.1414913957935
668904,Royce Lewis,2026,447,932,311,33.36909871244635,0.13523500873624497,0.011240197749946107,-10.665834212885876,-7.295352560058061,4.918024692908277,83.414403438291,75.75179241953039,11.180867924558578,9.56987102155741,43.986072692137995,-17.197752046675152,-13.827270393847336,-10.529347489784001,0.2674097497931518,197.0,248.0,-51.0,42.05808771697219,34.11204122837221,29.2457624421992,-0.008525800953433454,0.1200159650172256,1251.0067114093958
665926,Andrés Giménez,2026,457,884,385,43.55203619909502,0.09432413423531992,0.01071560559641854,-11.764481198464008,-7.387095374138869,5.577059577505905,83.20583102328382,73.25407685108752,12.679148730872578,10.459712103011704,43.986072692137995,-16.962323765253,-12.584937940927862,-12.485693776161465,0.3194512048702905,261.0,249.0,12.0,36.31479168059817,27.35417850110142,23.395155079397135,-0.010136440248299494,0.14287100545551246,1160.612691466083
663728,Cal Raleigh,2026,459,1118,401,35.86762075134168,0.13586714809625502,0.01073252276784051,-12.515184262939401,-7.5095830119795375,5.925054971730033,82.92736188443169,71.54739330666284,13.470297776298333,10.890769543023996,43.986072692137995,-21.15345511757661,-16.147853866616746,-11.79000780144107,0.3463236936718015,225.0,250.0,-25.0,54.482726386598266,44.90861042544962,38.30033322165216,-0.00856360998313832,0.13556042364429302,1461.437908496732
630105,Jake Cronenworth,2026,361,761,218,28.64651773981603,0.15975890137728477,0.01130294524506664,-10.97668320399201,-7.653765312543785,4.79110038936306,82.59957108216254,75.04509374860837,10.892312261875142,9.387058257780776,43.986072692137995,-17.40226431437866,-14.079346422930433,-12.286380996385681,0.257290703732387,113.0,251.0,-138.0,34.82744050024808,28.223136105846223,24.357078137763587,-0.008678455183182469,0.10449581414651432,1264.819944598338
657757,Gavin Sheets,2026,412,957,297,31.03448275862069,0.1493269250772008,0.011607907575077889,-12.098494038195106,-7.813989723065459,5.395460814096155,82.23530939496192,72.49471640063567,12.2662935876531,10.224286868102764,43.986072692137995,-19.500676053223895,-15.216171738094248,-11.179617493331886,0.30523274395851263,162.0,252.0,-90.0,44.35009674792864,36.04246417503467,30.9596325247149,-0.008680911779408539,0.11976186196772509,1393.6893203883496
683357,Owen Caissie,2026,323,701,211,30.099857346647646,0.15896992820658523,0.012467984724423216,-12.708842243222305,-7.890883343667071,5.6990751522611856,82.06049583263324,71.10712217439257,12.956544659373124,10.61382262508805,43.986072692137995,-19.933247534184513,-15.11528863462928,-12.369627855149709,0.3289339646151236,140.0,253.0,-113.0,33.54265485158948,26.701061443988138,22.811923262353485,-0.009759762350358546,0.11587684095226324,1302.1671826625388
572233,Christian Walker,2026,568,1200,378,31.5,0.1477077076856989,0.010111248972235691,-10.710621077721306,-7.891859613170361,4.358935419029762,82.05827633577084,75.64997186112569,9.9098081557276,8.736128929688782,43.986072692137995,-17.780850310933747,-14.962088846382802,-11.342065131838524,0.22284512514665508,165.0,254.0,-89.0,55.83351350519418,45.69412555161801,39.00097521084357,-0.008449489961313476,0.11912060677769931,1267.6056338028168
691777,Max Muncy,2026,272,553,184,33.273056057866185,0.14831468813264378,0.012539578762075775,-12.769557240992125,-7.893610467578924,5.7324737853353644,82.05429586126743,70.96908985176452,13.032474677740389,10.655442943465506,43.986072692137995,-19.650785886559856,-14.774839113146655,-14.079771371438978,0.3315187409000524,196.0,255.0,-59.0,27.289902616406454,21.501036667156693,18.381546347832654,-0.010468112023959787,0.11050887694227181,1219.8529411764707
677594,Julio Rodríguez,2026,581,1207,472,39.105219552609775,0.1221778038487787,0.010033283458548961,-12.651189740873637,-8.501173498905459,5.132361290815038,80.67303357950175,71.23819207634126,11.668150795677626,9.870100471353872,43.986072692137995,-20.288783088755736,-16.138766846787558,-12.315565665262335,0.2844514916540999,251.0,256.0,-5.0,57.667923416623545,45.417354684210906,38.02161845901174,-0.010149601269604507,0.1430501994778837,1246.471600688468
669394,Jake Burger,2026,549,1122,406,36.185383244206776,0.13083305008967488,0.010210238273428155,-13.051559176813841,-9.154917394053788,4.8244539022410935,79.18678155667641,70.32797342885614,10.968139701872973,9.435462906519435,43.986072692137995,-19.45862808715579,-15.561986304395738,-13.094969878777022,0.2599509995734573,227.0,257.0,-30.0,53.118218336408,41.17604168962333,35.31357363666045,-0.010643651200342838,0.13178707733628425,1226.2295081967213
694208,Moisés Ballesteros,2026,300,658,243,36.93009118541033,0.13833352285982448,0.012523932634426124,-17.351950490980816,-9.87847113807588,6.473568507412024,77.5418205502999,60.55126218603672,14.717314166056703,11.518857159671171,43.986072692137995,-24.559860680903633,-17.086381327998698,-18.170898147923012,0.3874216211624994,233.0,258.0,-25.0,33.615046054937345,24.939070809446935,21.33511571448553,-0.013185372713511258,0.1261829876022989,1316.0
687263,Zach Neto,2026,621,1404,530,37.749287749287745,0.12542200098720271,0.008792701597525114,-15.374906255137033,-10.988872861723129,4.7415027658068105,75.0173812091952,65.04596724798047,10.779554699036133,9.314596761003264,43.986072692137995,-22.499639365279624,-18.11360597186572,-14.107913411926686,0.2533338280057684,238.0,259.0,-21.0,66.47366052321743,50.56063254915061,43.18653378015302,-0.011334065508594608,0.13097029451593692,1356.5217391304348
663586,Austin Riley,2026,566,1239,408,32.92978208232446,0.1473006379051483,0.009498215191902281,-15.533451828999372,-11.421059471893159,4.5163365780417655,74.03482790602821,64.68552230675553,10.267651330574482,8.978336828541925,43.986072692137995,-22.753330741427863,-18.64093838432165,-14.498674151294296,0.2353731160640434,191.0,260.0,-69.0,60.09866026530051,45.44543737327777,38.63468493255356,-0.011826652858775415,0.12103635255196872,1313.4275618374559
695657,Colson Montgomery,2026,571,1129,371,32.86093888396812,0.15043082464313506,0.008353651916994624,-17.032378111577486,-13.76310625031224,3.7143960581157036,68.71030895019587,61.27779301692049,8.444482152596471,7.682472036648845,43.986072692137995,-23.24330300654855,-19.974031145283305,-16.043342687216473,0.17233244304289475,189.0,261.0,-72.0,55.80983594260311,39.60068943975187,33.68995924803774,-0.014357082819177363,0.1052025087893005,1186.339754816112
672724,Oswald Peraza,2026,344,674,261,38.724035608308604,0.143176442715782,0.01111396295672617,-22.09938710047955,-14.702212302996902,5.427272151293109,66.57530121886796,49.75821720853574,12.338614973150744,10.266055767149886,43.986072692137995,-28.53331597709556,-21.13614117961291,-21.86604870930087,0.30773175006472653,248.0,262.0,-14.0,37.3690515488191,24.698736277877497,21.009950388617646,-0.018798687345610698,0.11985574170472431,1175.581395348837
680776,Jarren Duran,2026,565,1077,376,34.91179201485608,0.14368088535428003,0.008303084893062964,-19.6764285019898,-15.759314640641726,3.8296384502906773,64.17203520090912,55.266684889767994,8.706479610249863,7.878166813686192,43.986072692137995,-25.19076066993164,-21.273646808583567,-19.317604841463645,0.1812238753505919,215.0,263.0,-48.0,54.02401289320929,35.49537605383556,30.302713262356992,-0.017203933926995107,0.10988720335817977,1143.716814159292
521692,Salvador Pérez,2026,571,1209,548,45.32671629445823,0.11513940393668672,0.009055665954198029,-23.69037641305169,-15.81844862504248,5.419895008350296,64.03759722820209,46.141187509822686,12.321843430498037,10.256389537588085,43.986072692137995,-29.784736877794163,-21.91280908978495,-22.758887057531364,0.30715251975379915,264.0,264.0,0.0,63.09639335730432,40.55105180421679,34.75125209527021,-0.018647925188658005,0.1483414709344269,1270.402802101576
670042,Luke Raley,2026,284,584,204,34.93150684931507,0.14171181933312202,0.008551812836939909,-22.625975792994666,-16.457764061003495,4.7135622523118625,62.58414754098942,48.56104578520646,10.716033425631013,9.273521453751842,43.986072692137995,-28.815157553741198,-22.646945821750027,-21.399519169229958,0.25110446230575123,216.0,265.0,-49.0,28.90921114395689,18.199582601939415,15.27003656851939,-0.018338405037701157,0.09232300107260226,1233.8028169014085
678662,Ezequiel Tovar,2026,463,923,410,44.42036836403034,0.12532072176484602,0.009071370041933638,-25.194673648322826,-17.751971045565945,5.004625581059411,59.64183670178196,42.721247644311546,11.377750444071655,9.692453022814028,43.986072692137995,-31.041606222175087,-23.598903619418206,-24.18200681927341,0.2743042130331963,263.0,266.0,-3.0,51.38149592358686,31.93960609163108,27.427723122141753,-0.02106380263483833,0.12711607705623665,1196.1123110151188
666160,Mickey Moniak,2026,392,734,315,42.915531335149865,0.13479820526905079,0.008538241794910605,-30.99488622051046,-22.510973215912674,4.7950963584267035,48.82249803598344,29.534772432523994,10.901396885300404,9.392871192086,43.986072692137995,-36.00508475841826,-27.52117175382048,-29.179392035636788,0.25760945684894554,260.0,267.0,-7.0,42.461434659751,22.211442329017498,18.9381126175844,-0.027588545409718668,0.11563362099244963,1123.469387755102
