batter,player,seasons_qualified,first_season,last_season,plate_appearances,opportunities,chases,chase_rate,cost_per_chase,cost_per_chase_se,runs_saved_per_600_pa,runs_saved_shrunk,standard_error_per_600_pa,chase_plus,chase_plus_raw,chase_plus_se,chase_plus_posterior_sd,league_chase_cost_per_600_pa,runs_saved_vs_anchor_per_600_pa,runs_saved_count_only_per_600_pa,shrinkage_factor,chase_rate_rank,value_rank,rank_gap,total_cost,expected_cost,expected_cost_anchor
665742,Juan Soto,6,2021,2026,3814,8279,1363,16.463340983210532,0.11377856066102356,0.007313585881300304,20.335377217663506,19.396210063732042,1.64348190833855,151.7787051603006,154.2858371721664,4.387319217957382,4.276057990603151,37.45982060324553,19.041469304396855,21.05136205569104,0.05007634256728112,2.0,1.0,1.0,155.0801781809751,284.34539269458946,276.1204513925911
672695,Geraldo Perdomo,5,2022,2026,2709,5299,1035,19.531987167390074,0.09791297539382872,0.007789974967777221,18.19971146542377,17.152006445106316,1.8567333749369606,144.6876013148708,147.41727754216097,4.8375075576578155,4.682541285987365,38.382025305526106,16.00081749700872,18.16721178816088,0.06304244496980646,18.0,2.0,16.0,101.33992953261273,183.51162679900105,173.5836205316071
474832,Brandon Belt,2,2021,2023,782,1767,325,18.39275608375778,0.09664385855452885,0.017193502678173062,22.919846950297792,17.040394624552043,4.4142866899425615,145.60692788148611,161.34269950596348,11.81440096618108,10.055964963849936,37.36360990776029,21.818754210977815,22.645908169876165,0.27552385367951154,8.0,3.0,5.0,31.409254030221877,61.28145455544333,59.846363685196295
543257,Robbie Grossman,3,2021,2023,1566,3271,546,16.692143075512075,0.10761806970148058,0.010171503758159839,18.363590525252544,16.825547875579737,2.2736059132937845,145.84664626281702,150.03754083683668,6.195174553520302,5.904481327902368,36.699626356804536,18.16951956765632,18.050186015624217,0.09164332441722868,4.0,4.0,0.0,58.759466057008396,106.68843732791754,106.18191212859139
678246,Miguel Vargas,3,2023,2026,1492,2989,636,21.278019404483103,0.09733445800787459,0.01081755037609266,18.45014550770449,16.15422761061783,2.8411120441089883,140.25843260833616,145.98015810101052,7.080420092961621,6.580986915304351,40.12632028618233,14.457674628469467,18.241135944747622,0.1360989479111615,51.0,5.0,46.0,61.90471529300824,107.78407712216674,97.85613286913565
673490,Ha-Seong Kim,3,2022,2024,1678,3319,713,21.482374209099127,0.08011252027363466,0.009795807236329713,17.282458950945074,15.554569220702996,2.517051976345885,142.4506053158845,147.16625921327744,6.86938856945066,6.480407545602469,36.64157225782282,17.143496391837356,16.998720694222634,0.11004413015961798,56.0,6.0,50.0,57.120226955101515,105.45350382124457,105.06487186427331
663457,Lars Nootbaar,5,2022,2026,2106,4226,814,19.26171320397539,0.10461674629316309,0.008989435526739142,16.776376327819616,15.490924815347602,2.175971898225162,141.02318887669568,144.42733167750046,5.762425887112525,5.513310476596166,37.76138627815849,15.200384239022032,16.367189093010563,0.08459307299823089,13.0,7.0,6.0,85.15803148263475,144.0431123932816,138.5113801616021
680757,Steven Kwan,5,2022,2026,3154,6070,1264,20.823723228995057,0.09275008441056162,0.006705536273420809,15.67748564448042,14.954616894749284,1.6641516623869679,139.28845079016406,141.18755616353747,4.372023780697209,4.258452455441734,38.06364617078055,14.022607819563632,15.2946970281906,0.05127886731001709,38.0,8.0,30.0,117.2361066949499,199.6474228994353,190.94828179978938
669257,Will Smith,5,2021,2025,2599,5393,1244,23.066938624142406,0.08846942811022854,0.007196348351538868,16.112733698126664,14.9364118394869,2.124330335990719,140.73328297102358,143.94124560943325,5.793288885559551,5.553867917444822,36.66881417368742,15.594036279073332,16.092303323733415,0.0809466477728547,90.0,9.0,81.0,110.0559685691243,179.8509600381763,177.60413571797696
608324,Alex Bregman,6,2021,2026,3550,6956,1418,20.385278895917192,0.09939458047634464,0.006717786298515277,14.791658955698896,14.11537940130962,1.6626428496849894,137.10459541073874,138.88230740393112,4.370530079014066,4.257195396990676,38.04213263897865,13.22423615482035,14.78634795238913,0.05119068268633102,29.0,10.0,19.0,140.9415151154567,228.45883060334182,219.18491236481043
624415,Cavan Biggio,2,2022,2023,640,1267,206,16.25887924230466,0.1255879237668118,0.0137762255205964,16.211419632380277,14.027852681200448,2.998062619017701,138.05857050756566,143.98274426801868,8.133958929073797,7.5024691488295865,36.85859057268545,15.97408292999984,15.916721905253022,0.14924504721907647,1.0,11.0,-10.0,25.87111229596323,43.16329323716886,42.91013408796306
608385,Jesse Winker,3,2021,2024,1534,3053,631,20.66819521781854,0.09588487384550412,0.009058479022957049,15.320927601379255,13.953910510246354,2.3792398198657514,138.6402040284745,142.4256532237377,6.5884263773066465,6.252101033340879,36.112414157967514,15.646704240490685,15.551792330276257,0.09948991567916038,34.0,12.0,22.0,60.5033553965131,99.67386029737273,100.50676257136762
666018,Jonathan Aranda,2,2025,2026,1022,2051,585,28.522671867381764,0.07535575547116337,0.011323663978883415,17.03793625005117,13.502261843067135,3.898180842491763,132.7919780341324,141.37881769382957,9.467233123293394,8.314264813874342,41.17550282881058,12.225845923942039,17.843671142465542,0.22873865932010512,282.0,13.0,269.0,44.08311695063057,73.10440169655107,64.90780784107851
605141,Mookie Betts,6,2021,2026,3505,6760,1355,20.04437869822485,0.1020913029355239,0.006453726113312659,13.979815111427992,13.414216114483311,1.5649116956216877,135.60170190507722,137.10281734225094,4.1533190772987805,4.057484593813498,37.67858106966029,12.87738791708849,13.519137265266762,0.045615966443723496,25.0,14.0,11.0,138.33371547763488,219.99913542022674,213.5591232266268
663757,Trent Grisham,5,2021,2026,2670,5341,1021,19.11627036135555,0.12193957809958086,0.007523108879807426,13.664818814969047,12.901509815106776,1.858676651642117,133.8138005024933,135.81437087084495,4.871439265478607,4.715074757232281,38.15456891382401,11.72604982861713,13.473236836157797,0.0631661359224682,11.0,15.0,-4.0,124.50030923967206,185.30875296628432,176.6812309770183
592192,Mark Canha,4,2021,2024,2114,4357,1019,23.38765205416571,0.09567542378180727,0.007335103112105256,13.110843993926435,12.127993528697797,2.1850710556912056,133.13185821449014,135.81685818443137,5.9692862000991305,5.709204581035157,36.605231889449676,12.898701503906903,13.045825159391846,0.08524159720283758,98.0,16.0,82.0,97.4932568336616,143.68713050559575,142.9396817990936
664702,Myles Straw,4,2021,2026,2037,3738,779,20.840021401819154,0.09589809418152138,0.008868149102650416,12.949867030102538,12.070517744282753,2.072473993925562,131.98158940633988,134.31148016990446,5.491149073571339,5.274519840125826,37.742082142702856,11.912968455550425,12.613563694460911,0.0773448878751553,39.0,17.0,22.0,74.70461536740515,118.66941393460327,115.14914327399885
457763,Buster Posey,1,2021,2021,449,889,197,22.15973003374578,0.07118764032424144,0.024426372086841053,20.746970543254502,12.048728980141929,6.52492653243252,132.8459497140347,156.55816080728783,17.787553286763757,13.145592019411309,36.682541028776065,19.992734431924912,18.707504717755892,0.4538299630575032,72.0,18.0,54.0,14.023965143875563,29.54961476707768,28.985194743766037
669743,Alex Call,1,2023,2023,438,916,180,19.650655021834062,0.12323948432339969,0.01515681269068152,15.439481051126535,11.97812936636415,4.13002063942552,131.52068997445514,140.62930702231645,10.868232942031412,9.413682972653554,38.000847621265336,13.898320794900153,13.606597090292322,0.24975819493974194,19.0,19.0,0.0,22.183107178211944,33.453928345534315,32.328881358489056
572138,Jon Singleton,1,2024,2024,406,840,191,22.738095238095237,0.07936001309868518,0.01874929066358532,17.78918113081698,11.910903346088162,5.399617062399528,132.9562980675206,149.22091454271285,14.940209334949614,11.9272463198952,36.1415087388917,17.78918113081698,17.078823742097402,0.36266611170360175,83.0,20.0,63.0,15.157762501848868,27.19510840036836,27.19510840036836
650333,Luis Arráez,6,2021,2026,3626,6604,2012,30.466384009691097,0.0642383890743529,0.006176344149867285,12.663722351192773,11.836383049640835,2.0330678439680434,131.2414261074512,133.42513877937333,5.366161145037466,5.161987503395091,37.88682055976253,11.38939545007429,12.089491691331288,0.07464904609378074,351.0,21.0,330.0,129.24763881759804,205.7787342266397,198.077551987547
673548,Seiya Suzuki,5,2022,2026,2819,5961,1249,20.952860258345915,0.11923112384965001,0.006681467879032622,12.317468069167893,11.627441662055427,1.875912441830016,130.41933381779157,132.2245584089881,4.907700974944161,4.747379685155604,38.22385372310423,10.002004468663307,12.104323436344753,0.0642674276936742,44.0,22.0,22.0,148.91967368821287,206.79124449985335,195.91242468348264
543305,Aaron Hicks,2,2022,2023,765,1717,353,20.55911473500291,0.11560540369727483,0.012130630816435206,13.895668834394396,11.498433180831615,3.5191799223729525,131.4417480647735,137.99683937902873,9.622977911313729,8.635732261841584,36.57059129518998,13.755224585470755,14.732515936199327,0.1946598326793413,33.0,23.0,10.0,40.80870750513802,58.52568526899087,58.34661885161323
672580,Maikel García,4,2023,2026,2122,3828,807,21.08150470219436,0.09744407609437153,0.009671499378494937,12.271721446091417,11.312107151905401,2.2477750024541177,129.74690371332838,132.27035523546826,5.910865736094671,5.639354245563239,38.02784740529786,10.557839172358928,12.567871711331323,0.08975864348921546,47.0,24.0,23.0,78.63736940815782,122.0383575891678,115.97692728106723
543592,Austin Nola,1,2022,2022,399,717,150,20.92050209205021,0.0797900547081564,0.01744037322383672,14.307253854152583,11.203764698022216,4.065001500638554,131.48878873237757,140.211313437655,11.424907332532719,9.934686006681671,35.58017043222186,15.118088498740933,14.091303815198032,0.24385877155389288,42.0,25.0,17.0,11.96850820622346,21.482832019234927,22.02203705788618
641645,Luis Guillorme,1,2022,2022,335,639,134,20.970266040688575,0.08321630704398908,0.021855475505444158,16.303059992146633,11.139616046847808,5.260871597114957,131.30849546678851,145.8206349044983,14.785965140714007,11.914217548820565,35.58017043222186,17.47075266978129,15.672203554128224,0.3507204926753831,45.0,26.0,19.0,11.150985143894536,20.253526972843073,20.905488717855757
669364,Xavier Edwards,2,2025,2026,1186,2211,550,24.875621890547265,0.09538886035955595,0.010149419171575072,12.712819897650798,11.116049939243112,2.9291738566623406,127.52102442927509,131.47429427543977,7.252024388825945,6.711795799643191,40.39111977030395,8.673255274599303,12.087829802936964,0.14343769558146754,140.0,27.0,113.0,52.463873197755774,77.59288052877885,69.60800779054706
457705,Andrew McCutchen,5,2021,2025,2690,5418,1055,19.472129937246216,0.12424147653060842,0.006874778793865261,11.660211742162081,11.108691926017338,1.7221546972953448,130.3095063467065,131.81430038358343,4.6988123422014345,4.568452157351485,36.65085072302548,11.097072829248535,11.4550401168024,0.05471675386881779,16.0,28.0,-12.0,131.0747577397919,183.3513737171519,180.8266342575895
694497,Evan Carter,1,2026,2026,412,822,168,20.437956204379564,0.12723661230639394,0.015262390296467228,14.377787004878488,11.100424282639647,4.199932970420618,125.23622502134344,132.68713509730628,9.548324534032126,8.235386230334592,43.986072692137995,7.5758683771963655,14.308248014736712,0.2561016412548909,31.0,29.0,2.0,21.37575086747418,31.24849794415741,26.57784715314902
671213,Triston Casas,1,2023,2023,500,1056,234,22.15909090909091,0.09493229894284204,0.01684800589308343,15.51213848799324,11.060126391159287,4.905456458349548,129.10494655642898,140.8205065386821,12.908808001441647,10.648278735639163,38.000847621265336,14.237418320725553,16.487459887546695,0.3195651652473713,71.0,30.0,41.0,22.214157952625037,35.14094002595274,34.07867321989633
643565,Mike Tauchman,3,2023,2025,1136,2360,514,21.779661016949152,0.11605728263536734,0.009420231761951312,12.47539933331632,11.032455755589286,2.7967955127597715,129.72981120493762,133.61819662841583,7.536690326724398,7.019875074512095,37.10906766120662,11.39753208928725,12.301738946567687,0.13244418522721255,62.0,31.0,31.0,59.65344327457881,83.27353267899105,81.23277069696267
545361,Mike Trout,4,2022,2026,1962,4299,914,21.260758315887415,0.12768599525650426,0.00832251089269979,12.137575778619174,11.019628054488408,2.4634383258251904,128.38697251055746,131.26684750780967,6.345908926406126,6.00050139257504,38.819314213201416,9.120663144491626,12.116970939216484,0.10589728896541059,50.0,32.0,18.0,116.7049996644449,156.3948724605296,146.52956814693252
660670,Ronald Acuña,5,2021,2026,2423,5053,1214,24.025331486245793,0.10314885392510834,0.007678188588896221,12.02952454939216,11.01371227814965,2.3489502075421886,128.89230802016814,131.5570917270779,6.1620088855043775,5.854824335306504,38.119876994463645,10.06935549900842,12.068979959605036,0.09721757020903607,117.0,33.0,84.0,125.22270866508151,173.80193863704352,165.88612262191052
805808,Kevin McGonigle,1,2026,2026,632,1273,251,19.7172034564022,0.13534883462861005,0.014987276714265226,13.707280514116038,10.98142978603618,3.8544510157439196,124.96569735356024,131.16277420367663,8.762889659919237,7.715411739796499,43.986072692137995,6.764406700003375,13.976398169923941,0.22478257032720814,20.0,34.0,-14.0,33.972557491781124,48.41089296665002,41.097732549118014
650402,Gleyber Torres,6,2021,2026,3428,7020,1579,22.492877492877493,0.11095139761837351,0.006170126154276966,11.51028581394578,10.939077279245602,1.7684359980912088,129.15320620150248,130.67550646239988,4.712973314881666,4.575406967330087,37.522724614357614,10.11375291574092,11.32308789518061,0.05752574251440005,77.0,35.0,42.0,175.19225683941178,240.954356456422,232.97549849801158
641487,J. P. Crawford,6,2021,2026,3447,6839,1381,20.193010674075158,0.11962822715111006,0.006154324802915518,11.36894484602136,10.92479496717126,1.5605885951913363,129.04745702215362,130.22838760767596,4.149380403412821,4.054147011571162,37.61015967366522,9.9871390428192,10.812753740554111,0.04537570473619591,27.0,36.0,-9.0,165.20658169568298,230.5211698360757,222.5826954966793
666397,Edouard Julien,3,2023,2026,986,2039,338,16.576753310446296,0.1571091390646791,0.010326973890329052,11.967888249941044,10.80896352856392,2.5366461374135443,127.63831660428707,130.6016653365972,6.486156500908471,6.1136207642524045,39.108617515754574,9.322728358553082,12.798878844772341,0.11157219093536673,3.0,37.0,-34.0,53.102889003861534,72.77011869459798,68.42323927308377
805300,Jakob Marsee,1,2026,2026,556,1080,231,21.38888888888889,0.12226836151501709,0.015291773949380754,13.843791795649473,10.786996664061704,4.124610564773786,124.52366397782487,131.47312535161586,9.377083045450004,8.124757978331491,43.986072692137995,7.5154528335179975,12.521529611803997,0.24926728528078157,53.0,38.0,15.0,28.243991509968946,41.07257190727079,35.208311135695624
670623,Isaac Paredes,5,2022,2026,2618,5870,1506,25.655877342419082,0.10473400920163617,0.0061862835753289935,11.540529789751911,10.684020718151602,2.1956257717632477,127.84086522845092,130.07279216480146,5.721452888978452,5.469912154999355,38.37531854876935,9.136964663857947,11.323732050302402,0.0859960954834835,159.0,39.0,120.0,157.72941785766406,208.0845961736149,197.59704034096424
650490,Yandy Díaz,6,2021,2026,3576,6841,1542,22.540564244993423,0.09943990199465652,0.006407186027161009,11.15980227737444,10.648705844438638,1.6993693636926106,128.05224714615957,129.39864582236336,4.4767063790961625,4.355641626582031,37.96025961469712,9.66355853671776,11.117560536841031,0.0533551898955899,79.0,40.0,39.0,153.33632887576036,219.84875044891203,210.9311377545982
502671,Paul Goldschmidt,6,2021,2026,3547,7288,1997,27.40120746432492,0.086703863842966,0.005648231614427438,11.2751489374852,10.615754364618804,1.9337465493222326,128.36470070896658,130.12656605231035,5.166862404176547,4.988049641225278,37.42593469799235,10.146182841109683,11.353154360322563,0.06801753480385517,224.0,41.0,183.0,173.1476160944031,239.80253822983644,233.1284669900965
621493,Taylor Ward,5,2022,2026,2889,5811,1160,19.962140767509894,0.12422918973700063,0.005916201077281388,10.984655200518063,10.549481098135528,1.576729002609203,127.68297222302185,128.82491583867167,4.137506364192433,4.04063987199372,38.10819522248523,8.902070123980135,10.860996188410743,0.04627549739324127,23.0,42.0,-19.0,144.10586009492073,196.9969748854152,186.96932774188508
668885,Austin Martin,1,2026,2026,336,648,116,17.901234567901234,,,13.441504050788458,10.512132116739862,4.09938730129881,123.89877402857742,130.55854553068787,9.319739295641932,8.087372195150662,43.986072692137995,6.1651061353315475,13.449771408739844,0.2469785741431426,6.0,43.0,-37.0,17.48503491879562,25.012277187237157,20.937494354581286
802139,JJ Wetherholt,1,2026,2026,583,1150,244,21.217391304347824,0.12025260715855243,0.015324222320864637,13.371715204300912,10.445345788308101,4.112691370139703,123.74693885816063,130.39988429494628,9.349985389522624,8.107112686546431,43.986072692137995,6.889636348092012,13.035362538264351,0.24818574714942274,49.0,44.0,5.0,29.341636146686792,42.334486086865844,36.036066131582864
680977,Brendan Donovan,4,2022,2025,1997,3803,887,23.323691822245596,0.09361850655336351,0.007705571409677871,11.019451518581048,10.26296766646013,2.112883097035409,128.04805118487727,130.1154744190127,5.774377858266378,5.538148142572444,36.59066221325794,10.581368245715344,10.903601282269113,0.08014634449854748,94.0,45.0,49.0,83.03961531283343,119.71602311717736,118.25793595732267
607043,Brandon Nimmo,6,2021,2026,3635,7025,1600,22.775800711743774,0.10592750854732888,0.005702918288231922,10.69070637730631,10.260033832012514,1.5944930107328814,127.0895785648888,128.2266837579609,4.20994164275011,4.109225433615588,37.87446824776631,9.352973062191138,10.162242913449347,0.04727451323973458,84.0,46.0,38.0,169.4840136757262,234.25187647824026,226.1474421441675
664238,Dylan Moore,2,2021,2024,817,1632,318,19.485294117647058,0.11830157592816995,0.0104546977005261,11.392224851532342,10.183634847478835,2.6829241712430156,127.98279261036865,131.30378005158337,7.372191933200061,6.903221207837394,36.39248944619424,11.22456181309063,11.23577446420969,0.12318027024143335,17.0,47.0,-30.0,37.619901145158046,53.13231398466125,52.90401281398312
686555,Isaac Collins,2,2025,2026,919,1752,350,19.977168949771688,0.13195106913731244,0.01071818783733024,11.449604993812498,10.147441982362711,2.790725025789577,124.95856799448123,128.16135783231982,6.864045188051597,6.395192098295603,40.65714821702306,7.375817194321025,11.152010931036093,0.13194564403011053,24.0,48.0,-24.0,46.18287419805936,63.71985251358217,57.48016753402773
457759,Justin Turner,4,2021,2024,2299,4752,1197,25.189393939393938,0.09697270644575354,0.006705218336142856,10.682086189314571,9.934045212019907,2.1420256795788433,127.09700578074016,129.1374304268308,5.842784181393908,5.597529006101898,36.661044000222205,10.406251875126205,10.419280750170886,0.082189512535007,153.0,49.0,104.0,116.07632961556698,157.00652319762398,155.94961805042556
669003,Garrett Mitchell,1,2026,2026,472,975,220,22.564102564102566,0.11964096075453619,0.015171348884116132,13.097842275650988,9.749229497479655,4.583029996945672,122.16435544431367,129.77724873808086,10.419275276114469,8.774801899633319,43.986072692137995,6.638850379360046,11.570246553563448,0.29074955525256574,80.0,50.0,30.0,26.32101136599796,36.62464728951007,31.543573664427864
687462,Spencer Horwitz,3,2024,2026,1200,2418,598,24.731182795698924,0.10191313340142648,0.009546553573212452,11.127995561237235,9.737061553137043,2.9559508107423937,124.88350027513557,128.43809491175935,7.554065711816124,6.98214600564145,39.13059435157778,8.259598165963908,10.831330890457012,0.14568833632866737,134.0,51.0,83.0,60.94405377405303,83.2000448965275,77.46325010598085
595777,Jurickson Profar,5,2021,2025,2627,5415,1274,23.52723915050785,0.10188047915882761,0.006651079335173119,10.304830289181616,9.670625056111954,2.004171256165972,126.43293115105672,128.16641819704404,5.478045164793195,5.275174680141262,36.585519028695934,10.02296099109888,10.607727401109534,0.07269527343964446,103.0,52.0,51.0,129.79573044834638,174.9137123978132,173.6795946543743
689414,Liam Hicks,2,2025,2026,894,1683,387,22.994652406417114,0.10845507582026015,0.012749840199864627,11.486692268411103,9.650567921925017,3.414365401756185,123.56158649410119,128.0444317477334,8.336075802666109,7.523952184031628,40.95890539603989,7.064054711494424,10.669579468268946,0.1853543488680146,89.0,53.0,36.0,41.972114342440676,59.08728582237322,52.49755586256737
665877,José Fermín,1,2026,2026,330,663,145,21.87028657616893,0.12044843118017538,0.01888122597205621,14.221246527383782,9.61804939463981,5.417083443572358,121.86612444797538,132.33124863617493,12.315451487308161,9.820285937338763,43.986072692137995,7.295653186665266,13.840023899207859,0.36416037243603394,66.0,54.0,12.0,17.46502252112543,25.28670811118651,21.477631773791327
699013,Esmerlyn Valdez,1,2026,2026,281,660,138,20.90909090909091,0.12927006936261928,0.024462700399756815,17.803723923706038,9.492095447571643,7.336833511176335,121.57977483920324,140.47582071787974,16.67990130086724,11.648085331461445,43.986072692137995,9.622944925144127,18.405198002240045,0.5123343858238787,41.0,55.0,-14.0,17.83926957204146,26.17734694297712,22.346015445317292
663656,Kyle Tucker,6,2021,2026,3324,6468,1457,22.526283240568954,0.11319930340942805,0.0057812187896693484,9.772010424356683,9.375856234010582,1.6136593255491338,124.68358686161127,125.72653228696113,4.248241348108127,4.1442404176961185,37.984172586327894,8.123632083810612,10.070007774197167,0.04836255846217083,78.0,56.0,22.0,164.93138506753667,219.0683228184727,209.93630681184746
678554,Curtis Mead,1,2026,2026,331,734,185,25.204359673024523,0.11097082829207044,0.016390703270872487,14.254905330256923,9.36578397633831,5.672518145161348,121.29261241823104,132.40777013676154,12.896168714274065,10.10723381793306,43.986072692137995,6.041206590990549,14.853186312931895,0.38575276103418016,154.0,57.0,97.0,20.529603234033033,28.39355934122477,23.862335536729486
607054,Jace Peterson,3,2021,2023,1059,2158,480,22.242817423540316,0.11260301286825593,0.010325552027065817,10.676100604879476,9.357204260688949,2.9478491806806617,125.37536396351489,128.9520171850958,7.994134122259014,7.391844867053781,36.87515290083283,10.26640475416108,9.727734563202608,0.1450064731329219,73.0,58.0,15.0,54.04944617676284,72.89276374437512,72.16965056785715
458731,Brett Gardner,1,2021,2021,457,994,173,17.404426559356136,0.14984476247186115,0.01739508337347201,12.055205233978757,9.301077404905982,4.275283416672036,125.35559736063442,132.863604581051,11.654818059954566,10.005947690670574,36.682541028776065,11.624859807063205,11.206091945370712,0.2629355586814118,5.0,59.0,-54.0,25.92314390763198,35.105191894179136,34.77741212734512
663697,Jonathan India,5,2021,2025,2777,5540,1147,20.703971119133573,0.12221725737019719,0.006159627102779697,9.70253815661401,9.292121305326953,1.6513438164410692,125.30661830644482,126.42436766213825,4.497350635255357,4.3822468904411,36.71814697960073,9.03235536585394,8.638129664815237,0.050532319994147576,35.0,60.0,-25.0,140.18319420361618,185.08977497181135,181.98794562191017
596129,Dan Vogelbach,2,2022,2023,779,1822,380,20.856201975850713,0.12155131119633145,0.013034272898690797,11.553772153450577,9.28830197000325,3.8807142319842414,125.3976954101586,131.59233915298807,10.611325768273751,9.328568392755118,36.57143618742708,11.530711128337764,11.415237445646046,0.22715801971436797,40.0,61.0,-21.0,46.18949825460595,61.190145767169284,61.16020486956448
694384,Nolan Schanuel,3,2024,2026,1607,3048,738,24.212598425196852,0.09456937747420883,0.009062694559496801,10.246523437820748,9.239838951331977,2.5950685586101767,123.91881656183222,126.52478206564612,6.717754405213659,6.315522373800623,38.63000047450589,8.022475577366185,10.2655229615874,0.11616679986991597,124.0,62.0,62.0,69.79220057596612,97.2358058502627,91.27906433067855
518692,Freddie Freeman,6,2021,2026,3960,7995,2201,27.529706066291432,0.08875042601318006,0.005427761333843123,9.694888533645154,9.19247952465583,1.83898304768023,124.31563150163622,125.64458657767638,4.8644148736162185,4.711413414427373,37.80481507970403,8.175502036468695,10.060981002530054,0.06191711424343165,230.0,63.0,167.0,195.33968765500933,259.32595197706735,249.29800109570272
687637,Dylan Beavers,1,2026,2026,298,623,150,24.077046548956663,0.11442951982590491,0.0191906587870813,14.274270700547746,9.10514982436884,5.932846001647986,120.70007451698747,132.45179627755016,13.48801026900593,10.384694266162809,43.986072692137995,7.082166950592034,12.917995592393835,0.4072225771334749,120.0,64.0,56.0,17.164427973885736,24.25398242182445,20.681904226013113
655316,Andruw Monasterio,2,2023,2026,642,1335,328,24.56928838951311,0.10899260860327381,0.013142486534263623,11.6028779787445,9.086720016878095,4.144347816570786,122.13606219936138,128.2656479072777,10.096001733628546,8.7372233868753,41.04939683960702,7.1010040132524175,11.750683805278069,0.25105824128842574,131.0,65.0,66.0,35.74957562187381,48.164655059130425,43.347649916053896
656305,Matt Chapman,6,2021,2026,3349,6879,1496,21.747346998110192,0.12264047675318901,0.006206641280449176,9.488189433294467,9.043365369843013,1.747588797498999,124.16478001563473,125.35339456335723,4.6697326849334235,4.536487763733481,37.42374382879508,8.258457664513177,9.814093665218437,0.056253298566223846,61.0,66.0,-5.0,183.47015322277076,236.43006390960937,229.5661110868618
800050,Chase DeLauter,1,2026,2026,498,1005,217,21.592039800995025,0.12228011078702532,0.018288049567582718,12.589250054468666,9.003279626160172,4.975285579869093,120.46847803206902,128.6209913364665,11.311047509723158,9.287856276000337,43.986072692137995,6.135495839270486,12.94994933456253,0.32574322409740203,58.0,67.0,-9.0,26.534784040784494,36.98386158599349,31.627245587378997
668939,Adley Rutschman,5,2022,2026,2516,5410,1343,24.824399260628464,0.10284827134744558,0.006059894912047655,9.509707365692863,8.914470709158145,2.0392630708814554,123.58615346052218,125.16104708958902,5.395538703915715,5.1890652589047175,37.79535617827182,8.012106347332086,10.213524142050803,0.07507047996688922,138.0,68.0,70.0,138.12522841961942,178.00260130642482,171.72266103609863
571970,Max Muncy,5,2021,2026,2604,5631,1144,20.316107263363524,0.13203139119877721,0.006686781584611836,9.42127850798858,8.913958124005777,1.882715743828694,123.35101818571252,124.679995431013,4.931965010501389,4.769737481791584,38.17374494384937,7.536035422655219,9.411069531125287,0.06470420884211257,28.0,69.0,-41.0,151.04391153140114,191.93226025607157,183.7503052657248
502054,Tommy Pham,5,2021,2025,2589,4958,964,19.44332392093586,0.12305782643477181,0.006975801051036283,9.23852745669474,8.840704580432494,1.6755928721042033,124.13675760177165,125.22288758670908,4.574678253897382,4.454267147901466,36.627556717823545,8.873313922973175,8.946881291817183,0.05194963050259979,15.0,70.0,-55.0,118.62774468312003,158.49199065875783,156.91609426074928
596847,Ji Man Choi,2,2021,2022,730,1662,328,19.735258724428398,0.1310181306536284,0.0120176221584672,10.44707868598284,8.76412778162709,3.4646703848529214,124.31523603689173,128.98442269157482,9.612397296891883,8.65216141091402,36.043770121457676,10.818587179162742,10.555400744553014,0.18981201114995833,21.0,71.0,-50.0,42.97394685439012,55.68455925566924,56.13656125570479
805367,Chase Meidroth,2,2025,2026,1085,2152,553,25.697026022304833,0.10334239654254394,0.010839192592182925,10.316648300154517,8.732483920112871,3.3688757297872756,121.42175040107063,125.30788111187076,8.264225353969493,7.47746660747668,40.76456758489928,5.641390286500122,9.79895225045696,0.18133794377753412,161.0,72.0,89.0,57.1483452880268,75.80428429747289,67.34985938944786
672515,Gabriel Moreno,4,2023,2026,1526,3201,845,26.398000624804748,0.10052344495525596,0.007999921553455443,9.796632861152524,8.71547944685139,2.786412726340362,122.17966407476457,124.93104679429436,7.0910267898348405,6.60801595019112,39.29491185020979,6.848099000903277,9.457876762173575,0.13159180547027452,185.0,73.0,112.0,84.94231098719129,109.85841389738921,102.3593094461553
672386,Alejandro Kirk,4,2022,2025,1850,3763,1005,26.707414297103377,0.09285456925406291,0.007618413103454267,9.501037677291505,8.62928270268715,2.517319646160099,123.54313629445892,125.92153168253581,6.867963603488277,6.478987445587762,36.65307202387529,8.960269884201885,9.278238187660842,0.11006495997830383,194.0,74.0,120.0,93.31884210033323,122.61370827198203,120.94634090995571
664023,Ian Happ,6,2021,2026,3762,7781,1838,23.62164246240843,0.11287791305172318,0.005126365136172374,8.909083218955796,8.560295406645873,1.6001384650960169,122.62635313968318,123.5482601343898,4.22944492727958,4.127570095471832,37.833297101831306,7.242340337888262,8.795516304532782,0.04759390496432216,107.0,75.0,32.0,207.4696041890672,263.32955597192006,252.8790781076266
681082,Bryson Stott,5,2022,2026,2781,5611,1573,28.034218499376227,0.09426519530281187,0.006330145536302667,9.135522111932847,8.497257253098155,2.1744404031789846,122.25436827605334,123.92598781199143,5.694872602454332,5.449001908022987,38.182423997366705,7.207764931303926,8.540292094751935,0.08448409466896471,256.0,76.0,180.0,148.27915221132307,190.6222972001318,181.68714266791676
656582,Connor Joe,3,2022,2024,1353,2711,575,21.209885651051273,0.12092589496713943,0.008384472780793439,9.18426314100157,8.45688079437874,2.3280899681274327,123.1093747211718,125.09702851721978,6.361766798678171,6.0498262458168295,36.59502213459249,9.097370721395784,8.428111296596365,0.0956629731468752,48.0,77.0,-29.0,69.53238960610517,90.24290298906371,90.04696058285266
805811,Bryce Eldridge,1,2026,2026,416,935,232,24.81283422459893,0.12327303751592517,0.016915110402751534,12.827059392014887,8.31111492579479,5.863344080521495,118.894878349256,129.16163823443046,13.330001342833,10.31206222916634,43.986072692137995,4.57981078825739,12.629261426482316,0.40154615176528524,136.0,78.0,58.0,28.599344703694637,37.49277254882496,31.774680183553095
467793,Carlos Santana,5,2021,2025,2857,5994,1403,23.40674007340674,0.11009304854010543,0.006715060825934938,8.810860823388872,8.25830330801669,2.0590667873829056,122.48609496061525,123.99062443821379,5.60652346909991,5.388030538473597,36.72626715524077,8.2516628587547,8.911055561907537,0.07642363981360828,99.0,79.0,20.0,154.46054710176793,196.41492938913794,193.75221508087157
686217,Sal Frelick,3,2024,2026,1466,2721,696,25.57883131201764,0.0945857264722773,0.009109881916747092,9.04726591946361,8.164618787061773,2.6208568882852883,121.27142419901426,123.57100021854814,6.828164313558549,6.411887030489464,38.38303778192779,6.927285168595227,8.981406117234958,0.11821278625705356,157.0,80.0,77.0,65.831665624705,87.93715202126108,82.75733238663933
643393,Tony Kemp,3,2021,2023,1373,2448,616,25.163398692810457,0.08550166272599397,0.00853424712469122,8.85284721906186,8.094477607690484,2.4423953763915374,122.09546481524261,124.16558346614669,6.666997392481264,6.309798966290466,36.63411326883013,8.805950528381574,8.896949073209768,0.10428370576720604,151.0,81.0,70.0,52.669024239212284,72.92728962549884,72.81997436499212
493329,Yuli Gurriel,2,2021,2022,1184,2306,700,30.355594102341716,0.06868489258044877,0.010077526910166243,9.73295111832555,8.07973108374707,3.6102143823880524,122.35576641972115,126.9300524386934,9.989083624346978,8.918901880066496,36.14159734921695,9.941094738898945,9.991439672424685,0.2027923188437975,345.0,82.0,263.0,48.07942480631414,67.28578167980989,67.69651842440805
593428,Xander Bogaerts,6,2021,2026,3456,6784,1816,26.7688679245283,0.0931938276794676,0.005853957642481257,8.532403742105485,8.07921210760468,1.8902791553257274,121.33077740058279,122.52729628715142,4.990724757586434,4.825307815414968,37.87584463463551,7.094837444942792,8.48013177696944,0.06519116490619255,196.0,83.0,113.0,169.23999106591316,218.38663662044075,210.10625474878364
573131,Darin Ruf,2,2021,2022,697,1511,338,22.369291859695565,0.10441016918633939,0.012715040743792589,9.961795142518593,8.073751731287762,3.859877525686799,122.38229496650402,127.61638513253797,10.700467414635494,9.41839764702151,36.0720459781736,10.098870813181977,9.680488347374816,0.2252732576667109,75.0,84.0,-9.0,35.290637184982714,46.86292254220848,47.02215877962911
641598,Mitch Garver,2,2023,2024,775,1615,307,19.009287925696594,0.1398193306684555,0.01244588271201577,9.31157405375797,7.963408671483549,3.28973583347049,121.5420468586452,125.1890079824862,8.899159442985507,8.086067813879021,36.966815287971095,8.773425272616512,8.897372078205091,0.17438650591934682,10.0,85.0,-75.0,42.92453451521584,54.95198433465322,54.2568754923455
702332,Caleb Durbin,2,2025,2026,1026,1758,467,26.564277588168373,0.08949174888308993,0.011973478417357358,9.26907519568185,7.937441292314552,3.276175061730213,119.54082226077375,122.81911062396655,8.065464955115486,7.333808596098434,40.619791666843874,5.4666499679523906,8.734773610233477,0.173200271445537,188.0,86.0,102.0,41.792646728403,57.64276531301896,51.14061817360159
807799,Masataka Yoshida,3,2023,2026,1290,2382,646,27.120067170445004,0.07986757143605917,0.010451659004209258,9.076834311452075,7.840475627558631,3.1811546972288953,120.22306806581398,123.41202840519108,8.205204763830858,7.49808397615034,38.76996112579247,7.3173223137498065,8.961954690274322,0.16493217034406868,211.0,87.0,124.0,51.59445114769423,71.10964491731619,67.32669412225631
702616,Jackson Holliday,2,2025,2026,977,1764,421,23.866213151927436,0.1072526436583345,0.011283120529129512,8.850172646699036,7.745245630102316,3.0304573416402607,119.64968534809354,122.45288478754715,7.688269174139092,7.0799114220171315,39.41663946722575,5.873054217260659,8.409892943968659,0.15199485278051847,112.0,88.0,24.0,45.153362980158825,59.564394106533754,54.716652930598265
701762,Nick Kurtz,2,2025,2026,916,1960,450,22.959183673469386,0.12217145570189088,0.011207105173461024,8.867720598390378,7.460097030749232,3.502424105694252,118.51202172729779,122.00500016452493,8.691167269752228,7.8067400738510075,40.29866181362887,4.171376590091417,9.869325304992772,0.19316779922636293,87.0,89.0,-2.0,54.977155065850894,68.51520851272687,61.345456660057124
666134,Nolan Jones,2,2023,2025,828,1685,448,26.587537091988132,0.09974128269643133,0.012410391467835069,9.226633102649755,7.333999660692235,4.1055050985171295,119.53556718119025,124.57697288957812,10.935829612136947,9.486265331512756,37.541780039812465,7.40226698284646,9.12194672296011,0.24753368076655136,189.0,90.0,99.0,44.684094648001235,57.416848329657896,54.89922308432935
676116,Ryan Noda,1,2023,2023,491,1009,195,19.326065411298316,0.15487483971877078,0.011319304192158616,8.671854552814143,7.332926358904732,3.453444632840189,119.29674419894049,122.82016085336306,9.087809480617047,8.185004783557117,38.000847621265336,7.200789414840419,8.150818721599709,0.18881586625693567,14.0,91.0,-77.0,30.2005937451603,37.29706138754654,36.093239749638045
656941,Kyle Schwarber,6,2021,2026,3881,8620,1909,22.1461716937355,0.1345761111829638,0.0055326722372630735,7.646815223613804,7.308645736827939,1.7392403205647389,119.29953452370724,120.19251988927248,4.5927152334970325,4.462864508884242,37.86954409625847,5.773412861125787,7.61329016191415,0.05574701273619559,70.0,92.0,-22.0,256.9057962482779,306.36794605301986,294.2501551049932
700337,Edgar Quero,1,2025,2025,404,703,135,19.203413940256045,0.12608410288762478,0.02065525115019752,9.523649119316476,7.290666484820131,4.47628493058171,119.6701497641449,125.69471595884467,12.07697473953226,10.239632501774604,37.06462112510037,8.05325081691115,8.171318112424924,0.2811265825733857,12.0,93.0,-81.0,17.021353889829346,23.433944296835772,22.44387610654952
667472,Dane Myers,1,2026,2026,297,629,163,25.914149443561207,0.11075499576706119,0.015871353914873272,10.847861357156571,7.248651213113195,5.704037494923741,116.47942352991384,124.66203662482353,12.967826281847783,10.141619743632152,43.986072692137995,4.091487481265013,11.130087709227274,0.38838197286547743,169.0,94.0,75.0,18.053064310030972,23.422755681823475,20.078350613257154
518595,Travis d'Arnaud,2,2022,2024,760,1477,476,32.22748815165877,0.06574545183598558,0.012212320808704219,9.540521107465482,7.199022274465584,4.620994591583193,120.09185149527411,126.62677318816247,12.896798142140302,10.83512474858823,35.83055686111802,10.1283899979725,9.027883123060713,0.2941636394210786,418.0,95.0,323.0,31.294835073929136,43.37949514338541,44.12412907136097
542364,Rafael Ortega,2,2021,2022,701,1485,374,25.185185185185187,0.10114601268144152,0.009823978869532683,8.226353117257661,6.995463047453957,3.412806560275365,119.37764326093918,122.78724581394954,9.453576924786722,8.533305238368264,36.1006906425777,8.631476389729283,7.948397149305697,0.18521647948931774,152.0,96.0,56.0,37.82860874285913,47.43973130152183,47.91305032485951
573262,Mike Yastrzemski,6,2021,2026,2850,5805,1327,22.85960378983635,0.12059634233734128,0.0062458711682800054,7.329122965027769,6.969296725549003,1.8496959040035699,118.56242945520438,119.52081154876201,4.926587442571838,4.769905283677108,37.54517555133394,5.959310915103946,7.171684167690022,0.06259531537955104,86.0,97.0,-11.0,160.03134628165188,194.84468036553378,188.33807312839562
656555,Rhys Hoskins,5,2021,2026,2281,4872,1150,23.604269293924467,0.12224008617657224,0.006636403489179331,7.390823348374786,6.919785822240149,2.1261115791617655,118.54806178143878,119.81064900025719,5.698911778133382,5.463020223749538,37.307325712947794,6.123465567469523,7.153131985435723,0.08107144180373234,106.0,98.0,8.0,140.57609910305808,168.67354586579623,163.85547403538806
668930,Brice Turang,4,2023,2026,2335,4593,1183,25.756586109296755,0.11027479540238763,0.00646797143213545,7.353774729941093,6.918802678090116,2.0432850845520507,117.82361069184128,118.94414741976013,5.26373125148221,5.061551640256643,38.818187839219256,4.636643656000278,7.075877457809195,0.07534456004592759,167.0,99.0,68.0,130.45508296102457,159.073522951712,148.49935452229232
670764,Taylor Walls,3,2022,2026,1223,2393,502,20.97785206853322,0.13093763598557626,0.00985678264715264,7.576280237033941,6.8825351596992315,2.5892774443649906,117.61046465581384,119.38556247675714,6.62523007293701,6.230151511691712,39.08207588053083,5.272851154121908,7.431886541215623,0.11570883121631581,46.0,100.0,-54.0,65.73069326475928,81.17367781458013,76.4785215339111
683737,Michael Busch,3,2024,2026,1797,3628,875,24.117971334068358,0.12230625230835808,0.007664573776093906,7.387948557732629,6.823903990271205,2.3477403308175324,117.38529674980312,118.82231611575722,5.981350617027301,5.683456655096718,39.25100668959524,4.215711941933564,7.112011018208516,0.09712717263173981,122.0,101.0,21.0,107.01797076981332,129.14487670022254,119.64402803590434
621035,Chris Taylor,3,2021,2023,1417,2887,637,22.064426740561135,0.12219032571392027,0.007858010414181797,7.360172273033864,6.813457568171727,2.3136986614908923,118.57119510367382,120.06135562033593,6.306364841013617,6.000679422844237,36.68830966523994,7.19672921287693,7.05750296637598,0.09459546153005197,69.0,102.0,-33.0,77.83523747976722,95.21751099791553,94.8315129708449
458015,Joey Votto,2,2021,2022,894,1898,430,22.655426765015807,0.11238670239689814,0.011304992410770558,7.902372883415555,6.70911150021289,3.452773261500849,118.51874000659988,121.81242461964361,9.530473644601852,8.584008700617476,36.228768792163144,7.936122789680373,7.4557347368717135,0.18875631541678795,81.0,103.0,-22.0,48.3262820306662,60.100817626955376,60.151104987289955
663368,Blake Perkins,1,2024,2024,432,857,206,24.037339556592766,0.09584110538050444,0.01579365587099538,8.904853177158625,6.699846800038192,4.6978357679630784,118.53781713553236,124.63885290869486,12.998449516601836,10.867058882274641,36.1415087388917,8.904853177158625,8.636458807497988,0.301058324232853,118.0,104.0,14.0,19.743267708383915,26.154761995938124,26.154761995938124
621566,Matt Olson,6,2021,2026,4098,9137,2443,26.737441173251614,0.11170062508094486,0.0051809039345542054,6.943174423993402,6.589391454698475,1.902383150296778,117.42636119936893,118.36197867656747,5.0310588078701395,4.862269232673044,37.812779038099485,5.243178950508936,7.380801001534917,0.0659734570682896,195.0,105.0,90.0,272.8846270727483,320.30650838862323,308.6955393047243
691720,Kyle Karros,1,2026,2026,408,887,220,24.80270574971815,0.11984473040509787,0.014726659223537004,8.988318399786419,6.557695418062168,5.002266668520932,114.90857222912352,120.43446447855523,11.372387581706128,9.321727529377464,43.986072692137995,1.5193313359752851,10.933611354219012,0.3281234180419966,135.0,106.0,29.0,26.36584068912153,32.477897200976294,27.398985997584724
624424,Michael Conforto,4,2021,2025,1918,3996,958,23.973973973973973,0.11913910596490133,0.006859560161846329,6.997271568320954,6.523260329158125,2.2167156198200786,117.64810033244927,118.93049555896845,5.997126849625678,5.728713428796785,36.962960354230944,5.980554047146634,6.646294197675024,0.087510815544797,114.0,107.0,7.0,114.13526351437548,136.50320829444146,133.25310128508755
694671,Wyatt Langford,3,2024,2026,1528,3142,766,24.37937619350732,0.12087161190136084,0.00757235759017453,7.001047627720025,6.44353307369676,2.4236787399990067,116.7195952640601,118.16622673013312,6.2889298649385035,5.956731173664667,38.53881013224985,4.584317550895673,7.094522363979482,0.1028552936056186,127.0,108.0,19.0,92.5876547164424,110.41698934170273,104.26238341272338
642136,Matt Thaiss,1,2023,2023,304,607,115,18.945634266886326,,,8.371104864246009,6.409189439783706,4.5627441597107135,116.8659117913915,122.02873195797224,12.006953647942828,10.12490682007595,38.000847621265336,6.930211691555357,8.202266482551059,0.28892337572054494,9.0,109.0,-100.0,16.186912795605835,20.42827259349048,19.69822005266055
668942,Josh Rojas,4,2021,2024,1886,3706,809,21.82946573124663,0.1218939408240646,0.007602623447802237,6.805057976288018,6.389437627790829,2.1043814970585744,117.50779608341574,118.6466437776099,5.766248029711699,5.5321316295871314,36.4948140665359,6.61222404912085,6.507937256220703,0.07955387953999533,63.0,110.0,-47.0,98.61219812666826,120.00276369880027,119.39662238773813
592450,Aaron Judge,5,2021,2025,3086,6894,1495,21.685523643748187,0.12974978779157514,0.005844997096146978,6.690210879972112,6.383159096905622,1.8099458724237254,117.44405019744389,118.28316867086922,4.946263468275676,4.7953410608034215,36.59218486909055,6.111131878508724,8.540866232408053,0.06009380835150026,60.0,111.0,-51.0,193.97593274840483,228.38591737439472,225.4075210435347
803011,Sam Antonacci,1,2026,2026,495,970,212,21.855670103092784,0.13658792422771,0.015181439529458333,7.9326141641458126,6.379596121139719,4.072013299771211,114.5036729370931,118.03437697124453,9.257505957105,8.046605294234107,43.986072692137995,2.0307707205937002,6.4406955392326655,0.2444949060256417,64.0,112.0,-48.0,28.956639936274517,35.50104662169481,30.63202578076432
701350,Roman Anthony,1,2025,2025,303,647,132,20.401854714064914,0.1236866346784989,0.025241382629998206,10.488039667786571,6.3731984873192475,6.632651158323214,117.19482971593976,128.29663260926742,17.89483058773679,13.126084898801485,37.06462112510037,8.683286688956697,11.322116162040329,0.46195916826237443,30.0,113.0,-83.0,16.326635777561854,21.623095809794073,20.711695555484987
542932,Jon Berti,2,2022,2023,828,1477,323,21.868652674339877,0.11133428175383661,0.010906430842988483,7.029454990193177,6.33392105392808,2.7381469680185586,117.20251235168932,119.09153670607391,7.436626796740426,6.945788095032539,36.819744258495334,7.020974429442412,6.170672838392241,0.12764935864091229,65.0,114.0,-49.0,35.960973006489226,45.66162089295581,45.649917719119756
666185,Dylan Carlson,2,2021,2022,1101,2261,551,24.369747899159663,0.10738612286721098,0.010740141531306301,7.161655481967968,6.172699425446847,3.3218432463783456,117.05404212788804,119.78634724888788,9.177646724937631,8.324884617759134,36.194934779437375,7.2657398852993085,6.561734160836993,0.17720096609847405,126.0,115.0,11.0,59.16975369983325,72.31139150924447,72.50238638935748
488726,Michael Brantley,1,2021,2021,509,900,218,24.22222222222222,0.08624865987091246,0.016844150107994605,7.904512113074698,6.136673724794941,4.458843337055006,116.72914021954192,121.54843119203194,12.155219382313815,10.317258938160133,36.682541028776065,7.851762919671284,8.33628845136976,0.27955130722278176,125.0,116.0,9.0,18.802207851858917,25.507868961117286,25.463120062046723
683953,Travis Bazzana,1,2026,2026,451,929,247,26.58772874058127,0.12739911142229107,0.014483586130792979,8.318528307607494,6.0898039252435545,5.032393392553432,113.84484577167544,118.91173227905463,11.440879088650519,9.359335801224375,43.986072692137995,0.8786775090127358,6.871070792108265,0.33077637001591437,190.5,117.0,73.5,31.467580521305898,37.72034096585753,32.12805311558047
680474,Max Schuemann,1,2024,2024,461,892,192,21.524663677130047,0.12050758159766485,0.01496504373729049,7.561220067033452,6.0818580646852425,4.1036150978240995,116.82790308679223,120.92115224535954,11.354299366612272,9.85038844917193,36.1415087388917,7.561220067033452,7.335861881382159,0.24736218803444757,57.0,118.0,-61.0,23.137455666751652,28.946993084922354,28.946993084922354
657041,Lane Thomas,4,2022,2026,2129,4198,1042,24.82134349690329,0.11162304996095375,0.007575834445034772,6.548209943179391,6.078802730791872,2.3123401197323763,116.01004592678335,117.24634711330145,6.090125499176456,5.795243552547736,37.968677657711076,5.143765313134931,5.901365869940251,0.09449490046329778,137.0,119.0,18.0,116.3112180593138,139.546449674362,134.56301197875425
606466,Ketel Marte,6,2021,2026,3249,6287,1685,26.801336090345156,0.0985000076909322,0.006142668717704405,6.40379812934026,6.0621932018324065,1.976251475296152,115.97116309514729,116.87113903284667,5.20653723464963,5.018771281973858,37.95711787374055,4.987664572623623,6.491710984630709,0.07082642289911852,197.0,120.0,77.0,165.97251295922075,200.64907982959826,192.98071661997767
802415,Chandler Simpson,2,2025,2026,994,1503,450,29.940119760479043,0.07784633745812038,0.011897086611875999,6.926321648323649,5.98715183679736,3.3046010631798706,114.63055350041193,116.92556364013427,8.075315938243113,7.331708497630352,40.92225107292617,3.9877716583394838,6.129073203853055,0.17568854768241754,332.0,121.0,211.0,35.03085185615417,46.505458053543684,41.63726023680325
518934,DJ LeMahieu,3,2021,2023,1774,3434,779,22.684915550378566,0.1138795854772192,0.008069930822988606,6.3345346236226465,5.893432069966835,2.289206679481508,116.02979557100491,117.22956909465066,6.2265102331236415,5.930605715094847,36.765484898803194,5.987109454715667,6.5652873736981645,0.09278819845103936,82.0,122.0,-40.0,88.71219708675376,107.44130445726472,106.41408404119642
660271,Shohei Ohtani,6,2021,2026,3862,8193,2292,27.975100695715856,0.09752408423434339,0.005465498802907071,6.186158586078845,5.856864044273886,1.986353463152174,115.51073590888,116.38280680476598,5.26046084657959,5.068910700402969,37.76006553577379,4.691397029422448,6.62639306780978,0.07150045442208852,253.0,123.0,130.0,223.52520106511506,263.34344183084255,253.72215994449755
668227,Randy Arozarena,6,2021,2026,3840,8171,2247,27.499694039897197,0.1039925053481178,0.005464944421963584,6.135009794099169,5.8128404424268645,1.9749381744024626,115.36557174336792,116.21718918163506,5.220520760557402,5.0324873043993925,37.83029059713184,4.5577814185205145,6.5907217778414395,0.07073897674160828,229.0,124.0,105.0,233.6711595172207,272.9352221994554,262.840960595752
677951,Bobby Witt,5,2022,2026,3262,6333,2041,32.228012000631615,0.07860815117762306,0.0056832502756076295,6.196655259216965,5.808780441490058,2.1680315536374604,115.30288557546109,116.32471864576992,5.711549803523411,5.466318388863485,37.95872623399026,4.727890685410106,6.789782897232335,0.08402860456459575,419.0,125.0,294.0,160.43923655352864,194.1283856461382,186.1432022465416
641343,Jake Bauers,2,2024,2026,864,1843,378,20.510037981551818,0.1635016126271044,0.008788857331986049,6.45779948629593,5.803410868787634,2.817822420712663,114.20850904449011,115.81065075058311,6.898883476576401,6.419391810043433,40.84461536826853,1.7384009376992953,5.852626071138327,0.1341749467750324,32.0,126.0,-94.0,61.80360957304546,71.1028408333116,64.30690692333245
646240,Rafael Devers,6,2021,2026,3838,8059,2507,31.108077925300904,0.09064037074127611,0.005338876973653411,6.173864718434264,5.801328065247461,2.1266077264363816,115.3068715324637,116.28981382211357,5.6110792050368,5.3787214807944,37.90015518810404,4.441530523792776,6.350685135388858,0.08110621450539274,375.0,127.0,248.0,227.2354094483792,266.72756409729703,255.64639969890698
527038,Wilmer Flores,4,2021,2025,1957,4037,1116,27.64429031459004,0.09601664818975368,0.007464916302750187,6.347517762996353,5.789495218617444,2.6063839630835526,115.75852410407185,117.27741502360016,7.09436020857909,6.666195424721499,36.738816277353614,5.846695118444657,6.580192340018431,0.1170632139852217,238.0,128.0,110.0,107.15457937976511,127.85806648340488,126.22454995775877
671289,Tyler Freeman,2,2024,2025,807,1442,393,27.25381414701803,0.0910661617210604,0.012391416722360625,6.769275617009384,5.7098603291451875,3.6257147611018827,115.58795720343468,118.48016808354981,9.89822574808562,8.830076716781544,36.62994614770348,6.003593630154204,6.126627262961186,0.20418110819058213,216.0,129.0,87.0,35.78900155637674,44.89367726125436,43.863834988934144
642165,Josh VanMeter,1,2021,2021,310,642,116,18.068535825545172,,,6.993149854867772,5.67776370354152,4.055847823178583,115.47810905217152,119.06397337464139,11.056616334176315,9.619711430526264,36.682541028776065,6.293900351949114,6.11416487017194,0.24302835953081567,7.0,130.0,-123.0,17.856339554776124,21.46946697979114,21.108188069949833
691026,Masyn Winn,3,2024,2026,1661,3250,885,27.23076923076923,0.1005201364696035,0.00828331663767446,6.210966348219467,5.638594634504846,2.6883144131121886,114.54674524512863,116.02338012396409,6.935455985263362,6.492659328315138,38.76189855179514,3.7924904203243774,6.013980168328552,0.12361448266483577,215.0,131.0,84.0,88.9603207755991,106.15434594958666,99.45919842253042
807712,Luke Keaschall,1,2026,2026,543,1024,240,23.4375,0.12790157362943574,0.014229091472831662,6.61963370235024,5.458005511694396,3.9179586395310406,112.40848563565883,115.04938562867747,8.90727086947076,7.813412239570976,43.986072692137995,0.16153519613454234,6.746477781766615,0.23052917439023698,100.0,132.0,-32.0,30.696377671064578,36.687146171691545,30.84256702356634
664761,Alec Bohm,6,2021,2026,3324,6013,1699,28.255446532512888,0.09274385191181926,0.006328713952796444,5.7465586646656615,5.45272819678323,1.9718344146585587,114.38320464898781,115.15827056079213,5.201304172227502,5.014519926330942,37.91038457599191,4.377071379747096,5.577298684907565,0.07053247858350488,265.0,133.0,132.0,157.57180439818092,189.40773940042868,181.82077984197983
643376,Danny Jansen,2,2024,2025,662,1337,269,20.11967090501122,0.14838039658108354,0.011855634090731594,6.320447608406665,5.449564764801534,3.3960914459046982,114.88373836702534,117.26227554420888,9.275334587785046,8.380000855711051,36.614220368687384,5.397190122030016,6.138962013898281,0.18373917024041603,26.0,134.0,-108.0,39.914326680311476,46.887887208253495,45.86922644828459
628450,Yadiel Hernández,1,2022,2022,328,670,210,31.34328358208955,0.06743053786949647,0.017907358893161484,8.914956623457728,5.409071519167044,6.849881624845597,115.20248906471937,125.05596942105771,19.251964062100885,13.909286377577924,35.58017043222186,9.964037734597401,9.188979763420878,0.47801308887547583,389.5,135.0,254.5,14.16041295259426,19.03392257341782,19.607420247507505
543760,Marcus Semien,6,2021,2026,3941,7590,1812,23.873517786561266,0.11534503653851846,0.005149287834182386,5.541659190508247,5.377768508895729,1.487113667925061,114.30618263790619,114.74217203014595,3.9560869348448566,3.873378438248684,37.59052044146699,4.476208379112087,5.544644988973995,0.04137619796782408,113.0,136.0,-23.0,209.00520620779545,245.40467099078379,238.40643491126335
683083,Nasim Nuñez,1,2026,2026,464,905,233,25.74585635359116,0.12478324815170147,0.013182889102326366,6.7626478589566466,5.370661574233944,4.338017727604277,112.20991383300716,115.37452071770298,9.86225289528894,8.434269692144762,43.986072692137995,0.34933860025610786,6.1222679218151255,0.2686206437027748,164.0,137.0,27.0,29.074496819346443,34.304277830272916,29.3446520035445
669261,Jack Suwinski,2,2022,2023,906,1926,399,20.71651090342679,0.1420642907285807,0.009624377577031641,5.944444651577749,5.3203098560638225,2.924268688951614,114.37756226885266,116.0642190857355,7.902520023028068,7.315589685426529,37.004255356901965,5.403345007840219,5.783373679075557,0.14302635108660972,36.0,138.0,-102.0,56.6836520007037,65.6597634245861,64.84270296254243
571976,Wil Myers,1,2021,2021,501,1022,280,27.397260273972602,0.10533558756733953,0.013392935915390043,6.90925179597665,5.3172114709430325,4.6723470649599825,114.49521031482492,118.83525950548683,12.737250293796995,10.666078401501066,36.682541028776065,6.582326715638529,7.022715594504245,0.29877373061748463,223.0,139.0,84.0,29.49396451885507,35.26318976849557,34.99020732641324
649966,Luis Urías,3,2021,2025,1368,2711,652,24.050165990409443,0.1120595247989545,0.008638075013104755,5.671012769179079,5.1795625922900745,2.6451376129663067,114.23208806491806,115.582465065365,7.268148763681415,6.817551078698082,36.39355355773578,5.643970411990158,5.573642857667911,0.12014889198961128,119.0,140.0,-21.0,73.06281016891833,85.99271928264663,85.9310627082559
686948,Drake Baldwin,2,2025,2026,987,1961,623,31.769505354411013,0.09381653157274596,0.010784150062562814,6.258224556143638,5.0739772580789975,4.167693510497041,112.42056109005361,115.31947355323473,10.202074076963179,8.816524897022294,40.851433532598165,1.803576676378834,6.683038509804941,0.2531765756033603,405.0,141.0,264.0,58.44769916982073,68.74247856467701,61.41458280246391
624428,Adam Frazier,4,2021,2025,2145,3918,1107,28.254211332312405,0.08751075673182977,0.006876058476158546,5.273854729684729,4.965336938940646,2.16110118708117,113.5163631964491,114.35619311404434,5.882829082511048,5.631754126209931,36.735746641116386,4.786571638120461,4.601660818830447,0.08353705425664538,264.0,142.0,122.0,96.87440770213556,115.72843836075846,113.9864013084162
670770,TJ Friedl,3,2023,2025,1575,2895,627,21.6580310880829,0.12274052385299894,0.008314831727414195,5.257131437105164,4.9625576610949915,2.112566639908408,113.34128009844353,114.13320868120195,5.679398647718053,5.44711991246407,37.197012763969724,4.141920656222342,5.257041449266207,0.08012426192087883,59.0,143.0,-84.0,76.95830845583033,90.75827847823139,87.83085017841398
681546,James Outman,1,2023,2023,567,1214,312,25.7001647446458,0.11329859145183199,0.012257973563787597,6.159390816380799,4.9488446919703675,4.291274853909311,113.02298501678943,116.20856165569842,11.292576672705339,9.68541588808887,38.000847621265336,4.729481013879731,6.1777039987609506,0.2643852109033862,162.0,144.0,18.0,35.34916053297158,41.169784854451436,39.818520091087926
677942,Blaze Alexander,1,2026,2026,288,548,164,29.927007299270073,0.10917703328921695,0.016892077665712733,7.355492430880783,4.928928526405571,6.093675729458544,111.20565721087111,116.72232136376998,13.853648112912156,10.548830943191971,43.986072692137995,0.9076612508887398,6.308938125727533,0.42019713073201875,331.0,145.0,186.0,17.90503345943158,21.435669826254355,18.340710859858174
691594,Javier Sanoja,1,2026,2026,422,752,289,38.430851063829785,0.06727751620287403,0.016394895255025143,7.779182808676853,4.861972425878475,6.749221949467881,111.05343607261281,117.68555893390158,15.343997625580757,11.163950636210298,43.986072692138,2.444560595261481,7.464329707846882,0.47063067766136246,536.0,146.0,390.0,19.443202182630596,24.91456075806665,21.16254313463117
666158,Gavin Lux,4,2021,2025,1844,3619,798,22.05029013539652,0.12485707393918774,0.006911989114467499,5.107774135601453,4.86180190529014,1.959855984078744,113.37061964308779,114.04707689048736,5.389871785979852,5.198536997771352,36.36182940708768,4.770193974547632,4.766301063032193,0.06973772425241505,68.0,147.0,-79.0,99.63594500347182,115.33383751355362,114.29634115191487
594838,Philip Gosselin,1,2021,2021,372,740,231,31.216216216216218,0.0721043871691408,0.015410479692054975,7.022673983773272,4.859494615714982,5.814068407466017,113.24743182840821,119.14445888103621,15.849688283331027,12.30269894445119,36.682541028776065,6.843875323736889,7.916287644173175,0.397496821163478,383.0,148.0,235.0,16.656113436071525,21.010171306010953,20.899316136788396
664774,LaMonte Wade,3,2021,2024,1289,2674,529,19.783096484667166,0.14666658578190103,0.007866594428916,5.158500452795662,4.832783538951754,2.2653237096842247,113.04589409459354,113.92515308241634,6.115145230138389,5.8301502679708,37.04447931211209,4.423454174811154,4.227204582284842,0.09103754327109287,22.0,149.0,-127.0,77.58662387862564,88.66880235138166,87.08967793084494
681715,Heriberto Hernandez,1,2026,2026,428,894,219,24.496644295302012,0.1323171045179504,0.01563746247712604,6.347743235080693,4.784860985662885,4.999158386659626,110.87812730896097,114.43125709246436,11.365321067986976,9.317834638044694,43.986072692137995,-1.406731205071554,6.349534036101268,0.327849416879386,129.0,150.0,-21.0,28.977445889431134,33.50550273045536,27.973977629813426
543807,George Springer,6,2021,2026,3265,6165,1462,23.714517437145176,0.11696257716212773,0.005195312037043092,4.848950189258151,4.709285340256742,1.512378298464334,112.47100956722102,112.84086646529677,4.005041713691928,3.918532822303406,37.76186133827288,3.4393383961522046,5.096416301001183,0.042733435296290825,109.0,151.0,-42.0,170.99928781103074,197.38565842424384,189.715020916759
663993,Nathaniel Lowe,6,2021,2026,3577,7362,1798,24.422711219777234,0.1219951905736701,0.005080491414118122,4.85076544284815,4.690168501571197,1.6267335463910995,112.49854748024194,112.92651259387469,4.334984225078568,4.227196962609203,37.525708559218955,3.6051011257413568,4.467304999489638,0.04911077787681534,128.0,152.0,-24.0,219.34735265145883,248.26599929990522,240.83976386275356
677800,Wilyer Abreu,3,2024,2026,1483,3006,879,29.241516966067863,0.10209044156127577,0.008072124247889235,5.060217663832091,4.538722348918851,3.0054896796547963,111.43731391643769,112.7514515005609,7.573657583838304,6.9830829545989594,39.683463985331436,1.7571523965789477,5.302537235301944,0.14987444740491024,310.0,153.0,157.0,89.7374981323614,102.24466945813305,94.08059313923903
670541,Yordan Álvarez,5,2021,2026,2856,5988,1656,27.655310621242485,0.10179423278045945,0.006496109516442014,4.832297746873228,4.525534783616675,2.31026471979311,111.87763321233555,112.68275749817269,6.063477197090973,5.770374752237496,38.10131785275762,3.195597405822566,5.879758818353548,0.09434134755264091,239.0,154.0,85.0,168.57124948444084,191.5729867595574,183.78229313615626
666126,Carlos Cortes,1,2026,2026,340,700,192,27.428571428571427,0.11568688857255405,0.016729046546083363,6.426443262870013,4.4396345448482455,5.967145208623867,110.09327333204216,114.61017742558923,13.565987694305852,10.420157070436277,43.986072692137995,-0.9456625520347681,5.863507369743121,0.41000858353398834,227.0,155.0,72.0,22.211882605930377,25.853533788223384,21.676007159777342
669701,Josh Smith,2,2024,2025,1149,2159,559,25.891616489115332,0.10954935497038111,0.0085364621527579,4.788002652890986,4.391021800076345,2.6902794758544775,111.99987845611352,113.08475623629151,7.3520533928274325,6.8820368810805075,36.59221896401186,3.93484078541967,3.973639937011104,0.12377288847131232,168.0,156.0,12.0,61.23808942844304,70.40711450872928,68.77330953252171
572816,Corey Dickerson,1,2021,2021,364,765,272,35.55555555555556,0.07728568082232105,0.018167389196854924,7.9403279620800244,4.385560163887753,8.05824841226084,111.9554426735254,121.64606850940652,21.96753056430701,14.588891646841402,36.682541028776065,7.443934786645041,8.111435280148113,0.5589557963054465,503.0,157.0,346.0,21.021705183671326,25.83883748066654,25.537692287569318
643217,Andrew Benintendi,6,2021,2026,3106,5773,1598,27.6805820197471,0.09778416268195919,0.005959649461943722,4.579261474710665,4.384678161941215,1.885628449955989,111.61898896698855,112.13461663240136,4.996739862471138,4.831897654846688,37.737174674998016,3.417653674613471,4.818448787821815,0.06489156683675515,241.0,158.0,83.0,156.25909196577078,179.96440219985632,173.95114582135318
660162,Yoán Moncada,3,2021,2023,1402,2902,762,26.25775327360441,0.11103130906507164,0.008637361984369343,4.824909400510307,4.372747252271106,2.8805561740511125,111.92170887964778,113.15446832964895,7.853450048061516,7.285640806030577,36.678862874567166,4.6045772054585745,4.590003389096889,0.13937384485346926,179.0,159.0,20.0,84.60585750758459,95.88006247344367,95.36521957767279
592325,Ben Gamel,2,2021,2022,819,1690,397,23.49112426035503,0.122646961081903,0.010675316044446116,4.966550880539036,4.365464596118608,3.3255599987548368,112.08693321582065,113.75119817932423,9.207684709181459,8.350475167612034,36.117222774132884,5.1162424273303095,4.171338058407434,0.17752728705598816,102.0,160.0,-58.0,48.69084354951549,55.470185501451276,55.674514462821364
687093,Vaughn Grissom,1,2026,2026,399,749,240,32.04272363150868,0.08881271467369997,0.01574584047248359,6.094107158906636,4.332145919701485,5.728069503896414,109.84890365189572,113.85462894484755,13.022461777816872,10.167689048244894,43.98607269213799,0.7127106314410511,6.198125261217506,0.39038123162475724,414.0,161.0,253.0,21.315051521687995,25.367632782360907,21.789004091596293
543939,Kolten Wong,2,2021,2022,982,1871,469,25.066809192944948,0.10003284399824866,0.01098173711246642,4.838679548945205,4.2766399163551005,3.268277404661634,111.83747048523185,113.39316086189237,9.046386432319835,8.22917850112055,36.12798799955226,5.121326741939174,4.822864874151899,0.17251011324554075,146.0,162.0,-16.0,46.91540383517862,54.83470936361894,55.29730860281907
518735,Yasmani Grandal,3,2021,2023,1156,2498,535,21.417133706965572,0.13354213476815807,0.009209710944016614,4.630446806205467,4.234078038674779,2.766563572756071,111.51007322698827,112.58757664036354,7.520728011783954,7.015003249142404,36.785847971383134,4.368329921510775,4.937557752869963,0.1299664747076832,54.0,163.0,-109.0,71.44504210096457,80.36636961425377,79.861357749742
808982,Jung Hoo Lee,2,2025,2026,1153,2043,551,26.970141948115515,0.10701658507649484,0.010059216604730508,4.67960199113821,4.2321749355666425,2.9404098065089754,110.50317815118561,111.61357792101445,7.297346755616091,6.750021922292936,40.294231656814375,1.179530356274148,4.277575725372313,0.14438104044590216,202.0,164.0,38.0,58.96613837714865,67.95877353678591,61.23280254512214
641355,Cody Bellinger,6,2021,2026,3171,6237,1943,31.152797819464485,0.08899211515167428,0.005501676639884589,4.3770520554311805,4.165820866426497,2.0461102748436533,111.0059239531488,111.56398789234859,5.405737502103165,5.197561628081579,37.85071461660117,3.0289773630769647,4.730269382609243,0.07553730817264924,377.0,165.0,212.0,172.91167973970312,196.0443998526569,188.91982510356488
680777,Ryan Jeffers,4,2023,2026,1580,3275,948,28.946564885496183,0.10087478643351111,0.0076889547387498725,4.575519296391463,4.159728453316253,2.874086459222171,110.82819197528303,111.91053740261347,7.481536423178885,6.942787984062071,38.41572501495594,2.1293880223655632,5.237673311624852,0.13883530444243178,297.0,166.0,131.0,95.62929753896853,107.67816501946605,101.23668599786451
518626,Josh Donaldson,2,2021,2022,1085,2218,577,26.01442741208296,0.10694648742703815,0.009172427615443795,4.601040258646961,4.136242346838575,3.052677704795049,111.44827459858911,112.73474035205258,8.44918882767978,7.771932433366614,36.12983171584935,4.814210309854986,4.5349087934038215,0.15388771560533102,172.0,167.0,5.0,61.70812324540101,70.02833771312093,70.41382022238878
669707,Jared Triolo,3,2024,2026,1159,2182,544,24.931255728689276,0.12410232448945202,0.008398072756795535,4.398817250172982,4.069887334050152,2.60203563011563,110.51563038350612,111.36550782141131,6.723047270151345,6.318525382849648,38.703217834984144,2.023048792399907,3.655367911903827,0.1167184899621478,142.0,168.0,-26.0,67.5116645222619,76.00871317717937,71.41952043958105
641658,Garrett Hampson,1,2021,2021,492,893,224,25.083986562150056,0.09973757236424403,0.01625831519677191,4.997453960589396,4.035343952932047,4.481345404988044,111.00072088726479,113.62352176385241,12.216562100953144,10.35469138402473,36.682541028776065,4.665816864174566,5.0485864912563105,0.2815834888676937,148.0,169.0,-21.0,22.341216209590662,26.439128457273966,26.167186038213806
666181,Will Benson,2,2023,2024,717,1466,304,20.73669849931787,0.14056858613034967,0.01118864042094978,4.494031940018971,4.014019718666431,3.179192625730737,110.85026256662647,112.1477795201792,8.593648551014429,7.853850597078013,36.994678184220746,3.876279611359904,4.445768043350055,0.16476229061855077,37.0,170.0,-133.0,42.7328501836263,48.10321835194897,47.36500431920138
592885,Christian Yelich,6,2021,2026,3164,6813,1606,23.5725818288566,0.13041081719166783,0.005181053829980223,4.134854405336958,3.997328695722938,1.7075650110818839,110.5852504059502,110.94942963271181,4.521770562946389,4.39835276443397,37.76319446799249,2.568361565301724,3.952274701549098,0.0538432925916802,105.0,171.0,-66.0,209.43977240981854,231.2442379739621,222.9835990641763
703607,Henry Bolte,1,2026,2026,399,772,225,29.145077720207254,0.10583077395056112,0.013940466687953975,5.112321931097886,3.9817744993744526,4.911699885526884,109.05235283732469,111.62259237572636,11.166488810911266,9.207319735753146,43.98607269213799,-0.5278069048859502,4.670583778612246,0.3201185695345501,305.0,172.0,133.0,23.81192413887625,27.211618223056345,23.460932547127094
444876,Alcides Escobar,1,2021,2021,349,685,247,36.058394160583944,0.07016013235566182,0.015167949788835565,5.749478545873304,3.9002490673402397,6.391220077556535,110.63243973278907,115.67361034603098,17.423057122849983,12.99639745547333,36.682541028776065,5.298261732910638,5.770549808123027,0.44358702605888223,513.0,173.0,340.0,17.32955269184847,20.673832712698108,20.411374933158157
608348,Carson Kelly,4,2021,2026,1519,3047,711,23.334427305546438,0.1278307632147337,0.008152980035239683,4.080541541613332,3.818403648567902,2.4499299350329196,109.94943367001842,110.63247397148892,6.383666481657747,6.039702417454327,38.37810045484562,1.9659464342235173,3.9771258199071036,0.10486053646699413,95.0,174.0,-79.0,90.88767264567565,101.21824364852674,95.86479370165152
668709,JJ Bleday,4,2023,2026,1773,3520,823,23.380681818181817,0.13244315456394407,0.006489610933622668,3.996003401226273,3.8079578628798303,2.0798705219361477,109.81831323844015,110.30316366616526,5.362669707779676,5.149685211212836,38.7842368684176,1.4306496457892133,3.9178338448961467,0.07785489235049801,97.0,175.0,-78.0,109.00071620612596,120.8089062567496,113.22828590943308
671056,Iván Herrera,2,2025,2026,1084,2200,606,27.545454545454547,0.12329261948860033,0.008506304012535533,4.1279843922930315,3.751659745366471,2.980199949205616,109.12103952226396,110.03596044014797,7.245465571478207,6.688887807541195,41.13193168617322,-0.5846851856338526,3.305899768379493,0.14773387098929944,231.0,176.0,55.0,74.7153274100918,82.17321921216788,73.65899617471331
663886,Tyler Stephenson,5,2021,2026,2195,4365,1025,23.482245131729666,0.13009301694233547,0.006750110742787386,3.7346597470699288,3.5724005665534984,2.043065549048065,109.32231338629519,109.74573480906048,5.3314562468967965,5.126716822284172,38.32096625077328,1.6926575174154075,3.3113872409349345,0.0753295900622571,101.0,177.0,-76.0,133.34534236589386,147.007972607258,139.5376477837719
672640,Otto Lopez,3,2024,2026,1643,2936,911,31.02861035422343,0.089949910664709,0.007692988105633749,3.770344374654275,3.508104816333319,2.6402935058064445,108.89955322186661,109.56481695494841,6.698041765135405,6.284170156351701,39.41888686854239,1.0173186976125415,3.091279237441204,0.11976188611582018,367.0,178.0,189.0,81.9443686155499,92.26882829481153,84.73012631584558
668715,Spencer Steer,4,2023,2026,2270,4444,1108,24.93249324932493,0.1233265305315669,0.006783495101004433,3.654642334319078,3.492453203191125,2.084896534937954,109.13300169930329,109.55713726362427,5.452145666278759,5.234621609946766,38.23992722411897,1.6234505946487046,3.537723756556643,0.07820215919352047,143.0,179.0,-36.0,136.64579582897613,150.47252599381665,142.7878505787304
808959,Munetaka Murakami,1,2026,2026,470,1131,253,22.369584438549957,0.1676932133890171,0.012038537568916657,4.241390248863179,3.4542678457216267,4.6395504526954685,107.85309447810519,109.64257545461948,10.54777153024788,8.851141897958628,43.986072692137995,-3.889009521062363,5.567092897169983,0.2958305523283423,76.0,180.0,-104.0,42.42638298742133,45.74880534903082,39.379992195922476
665828,Oswaldo Cabrera,1,2024,2024,327,664,195,29.367469879518072,0.08453169526889968,0.019928200254223278,5.191942429431953,3.388231341297045,7.150393107529068,109.37490287352334,114.36559405126584,19.78443445509668,13.997163933424122,36.1415087388917,5.191942429431953,5.182316718170623,0.49946688269788425,316.0,181.0,135.0,16.48368057743544,19.313289201475854,19.313289201475854
664770,Nathan Lukes,2,2025,2026,836,1547,513,33.16095669036846,0.09102212552984205,0.011450916064360061,4.030533536580948,3.3867083392619426,4.27379272467369,108.38957809030714,109.98446646814493,10.587069866562613,9.09009289782785,40.36804119118651,0.17058199817981154,4.197677437955352,0.2628004100373562,455.0,182.0,273.0,46.69435039680897,52.31022712444509,46.93202798093951
621043,Carlos Correa,5,2021,2025,2765,5674,1503,26.489249206908706,0.1110571739759189,0.006027810270762539,3.427087839876081,3.2874930246236334,2.047073091699858,108.949728451976,109.32975532365467,5.572863015932367,5.358060617192789,36.73288013445586,2.833497325232594,3.9313473350787085,0.075603038656112,187.0,183.0,4.0,166.9189324858061,182.71209561456837,179.9766326595863
694249,Cole Carrigg,1,2026,2026,296,626,221,35.3035143769968,0.09117149700973493,0.01776939899957849,5.334318708737422,3.2282668552407046,8.092859555147633,107.33929323000851,112.12729025860695,18.398686356452412,12.189488887108908,43.986072692137995,-1.0690785518785655,5.807133881350245,0.5610678831990518,497.0,184.0,313.0,20.14890083915142,22.780498068795215,19.621488753557994
805999,A. J. Ewing,1,2026,2026,426,874,230,26.31578947368421,0.12990128943726809,0.013928410935044827,3.92847482021555,3.168895934875464,4.950205746450859,107.20431659597077,108.93117884770312,11.25402984053098,9.256210413419595,43.986072692137995,-3.1610140949461987,3.34938816772003,0.3235272415471585,182.0,185.0,-3.0,29.877296570571662,32.6665136929247,27.63297656315986
630105,Jake Cronenworth,6,2021,2026,3369,6540,1571,24.021406727828747,0.12714981354403362,0.005067102991828471,3.2197797417582836,3.146600396734034,1.5473942592001286,108.41334613265924,108.60901227447036,4.1374060461738775,4.0439926496963485,37.400106296820994,2.1783883827377006,2.597433725437925,0.04464578164195238,116.0,186.0,-70.0,199.7523570776768,217.83142032764957,211.984007846749
810938,Ben Williamson,1,2026,2026,270,541,171,31.608133086876155,0.09541689718915433,0.02286040483104709,5.324498956630357,3.1418547508364347,8.46364175567528,107.14283990031691,112.10496557375546,19.241639995716323,12.425425013235907,43.986072692137995,-1.3862170067228046,5.330161401332118,0.5829978100616533,400.0,187.0,213.0,16.31628941934539,18.712313949829053,15.69249176632013
677649,Ezequiel Duran,2,2023,2026,965,1966,719,36.57171922685656,0.08217313366238113,0.009213692449069267,3.6436175503457235,3.1231401448540708,4.15800977631906,107.56540424025157,108.82619363420483,10.072242465520711,8.709444772034594,41.281867375142674,-0.6014082571222482,3.955102314206949,0.2522979085179636,521.0,188.0,333.0,59.08248310325203,64.9426346633914,58.115218156380415
690993,Colt Keith,3,2024,2026,1418,2667,718,26.921634795650544,0.11249220871442007,0.008897010931639006,3.352017406664015,3.1121880128950252,2.832585965699673,108.05164026313996,108.6721104902451,7.328272943580022,6.814136390312298,38.65284477676527,1.0065129604303475,3.080520519268559,0.1353937484766307,201.0,189.0,12.0,80.76940585695361,88.69134032803623,83.14813148677067
696285,Jacob Young,3,2024,2026,1319,2297,598,26.033957335655202,0.11151691589836352,0.009078356698506039,3.3009803491846315,3.0973089350674208,2.6231123211813565,107.94734785592746,108.46994589513884,6.730612450560658,6.319639247971524,38.97286228332538,1.021807700246475,2.7740123230880083,0.11839223618542888,173.0,190.0,-17.0,66.68711570722138,73.94377084151226,68.93338963492988
680574,Matt McLain,3,2023,2026,1429,2925,764,26.11965811965812,0.12117279277682108,0.007973682772772857,3.3083412091055493,3.0878377374283517,2.7379144229564636,107.8140206144553,108.37202230358537,6.928511651461967,6.471280159444394,39.51663157524954,0.1808032608023142,2.6561679194226118,0.12763044474222213,176.0,191.0,-15.0,92.5760136814913,100.45537966117769,93.00662678096882
687363,Victor Scott,1,2025,2025,461,821,194,23.629719853836786,0.13268423387082592,0.013466960747591693,3.460762329618042,3.047367664620531,3.800187989579614,108.22176936420061,109.33710429127898,10.252871536857839,9.05578773485055,37.06462112510037,1.7058764126098709,3.054079699780338,0.21987995597776375,108.0,192.0,-84.0,25.740741370940228,28.39976042753009,27.05142308129548
669397,Nick Allen,1,2025,2025,415,718,180,25.069637883008358,0.11362475798348458,0.014235629456622637,3.507839446294182,3.033510033336284,4.090007231813075,108.18438160502866,109.46411791032352,11.034801132887607,9.581057949361997,37.06462112510037,1.684310732120817,3.308737186740258,0.24612748090879685,147.0,193.0,-46.0,20.452456437027223,22.878712054047366,21.61743802674412
664058,David Fletcher,1,2021,2021,662,1015,296,29.16256157635468,0.078352073992458,0.015153033911501634,3.4964380649433267,3.0246865814301955,4.091320426471559,108.24557540617877,109.53161358751157,11.153317931988608,9.68319583857422,36.682541028776065,3.1480814853115504,2.7017978941415723,0.2462466309275662,307.0,194.0,113.0,23.19221390176757,27.04995056675504,26.665597140561314
677551,Wander Franco,2,2022,2023,833,1542,430,27.88586251621271,0.10065530884980439,0.012401179276422055,3.324290835832427,2.9139278779184172,3.971183367630462,107.87522699525462,108.98428033473724,10.732582194934182,9.385021793830871,37.00119221546587,2.8030202711509897,3.1348194685777564,0.2353510005697458,250.0,195.0,55.0,43.28178280541589,47.89700658249657,47.173309281863844
665489,Vladimir Guerrero,6,2021,2026,3967,7562,2066,27.32081459931235,0.10692860168827943,0.005184787418876847,2.958252277683083,2.8850134306704147,1.696163507780388,107.65418647248588,107.84849537451916,4.500066321479804,4.378810192919289,37.69196688689292,1.7450492033586902,3.153785930506539,0.05316476336676756,219.0,196.0,23.0,220.9144910879853,240.4734690639333,232.45217473752518
665482,Gilberto Celestino,1,2022,2022,347,663,146,22.021116138763198,0.1291765343722932,0.016556514404216186,3.40142071682858,2.8838624448594206,4.51095291391292,108.10525191371134,109.55987752590474,12.678277982130583,10.726037518833046,35.58017043222186,4.437185302383472,3.2116469996111783,0.28425539383024007,67.0,197.0,-130.0,18.85977401835481,20.826928999587338,21.425946184899917
656976,Pavin Smith,1,2021,2021,544,1000,238,23.8,0.11938188957191417,0.013608870361258848,3.208522606424823,2.837060478286231,3.8921349983164495,107.73408929348886,108.74672941524923,10.610320030074298,9.32144561862493,36.682541028776065,2.874944505066519,2.464140569016754,0.22819147052648803,111.0,198.0,-87.0,28.412889718115572,31.321950214607412,31.019506069375883
593160,Whit Merrifield,4,2021,2024,2196,4070,1205,29.606879606879605,0.09274839913220893,0.006820106148085573,2.8756103846797862,2.7555945411477585,2.287743041690055,107.51329392646863,107.84052432804782,6.237668729482762,5.941586307817887,36.676251030723755,2.699035013257968,2.657073172662396,0.09268057852303511,323.0,199.0,124.0,111.76182095431176,122.28655496223978,121.64028910283592
476704,Jed Lowrie,1,2021,2021,515,969,203,20.949432404540765,0.13493154787776862,0.012706847769837904,2.969543729402848,2.7092619239960283,3.4375290283490747,107.38569861305605,108.09525089080758,9.371022104636817,8.447419412893511,36.682541028776065,2.727994841366871,3.6263986024910353,0.18740491695670414,43.0,200.0,-157.0,27.39110421918703,29.939962586924477,29.732633124693596
596103,Austin Slater,1,2022,2022,324,705,185,26.24113475177305,0.11191008950659317,0.014123409643107012,3.3010847674761545,2.7087083579358895,5.187162838185624,107.61297184648348,109.2778778948362,14.578802673435375,11.805033523000757,35.58017043222186,4.387642288220569,3.827233829756805,0.3443218159905716,178.0,201.0,-23.0,20.703366558719736,22.48595233315686,23.072693394358843
592567,Colin Moran,1,2021,2021,359,737,231,31.34328358208955,0.08759561412943451,0.0169082919535154,3.5916525999013023,2.669660126959318,6.586347691091225,107.2777404511456,109.79117721720473,17.954993046758908,13.212745666345997,36.682541028776065,3.295137598732959,3.2062550724097933,0.45847854496077584,389.5,202.0,187.5,20.23458686389937,22.38359233617365,22.206177527141257
695600,Carter Jensen,1,2026,2026,543,1175,282,24.0,0.15241098456263108,0.013884175636507356,3.119412813610801,2.6643838901657597,4.638260303950807,106.0573352588534,107.09181934801003,10.544838445601536,8.849408517275045,43.986072692137995,-4.737847967226266,3.2448675431480396,0.29571469456453925,115.0,203.0,-88.0,42.97989764666196,45.802966242979736,38.69214523632219
514888,José Altuve,6,2021,2026,3516,7002,2373,33.89031705227078,0.08356993628692322,0.005243879808904349,2.6999162959510365,2.60677412883672,2.1566038971703505,106.92269548770362,107.17004904736356,5.7271981881942216,5.483717839410364,37.655478757761045,1.5102599321992682,3.139305281265921,0.08321863553871774,472.0,204.0,268.0,198.3114588088688,214.13296830314187,207.1615820115565
665966,Carlos Narváez,1,2025,2025,447,888,262,29.504504504504503,0.09655371755642789,0.016306030331630986,3.1887387456118303,2.537245426449291,5.907290168194436,106.84546435234179,108.60318721416094,15.93781344278732,12.292382419669835,37.06462112510037,1.4053827429044738,3.255314918169437,0.4051401630561756,319.0,205.0,114.0,25.297073999784107,27.67268436526492,26.34408414324794
669289,Santiago Espinal,3,2022,2025,1213,2303,593,25.749023013460704,0.11129827890196967,0.008533150951438653,2.6306415213828425,2.509261237697749,2.5879430367359975,106.938522568918,107.27415914000035,7.156090763966066,6.72975690500718,36.1642008478621,2.5815697381552125,2.3662618947015224,0.11560338243128286,165.0,206.0,-41.0,65.99987938886801,71.31815966459699,71.2189528761718
621466,DJ Stewart,1,2021,2021,317,663,148,22.322775263951733,0.13875939758892472,0.017874491443697727,3.0349691295899532,2.499028132166702,5.4682124694372956,106.812581849786,108.27360658360372,14.906853004397076,11.845820656955958,36.682541028776065,2.5429350794292085,4.314898709185557,0.36852179092601167,74.0,207.0,-133.0,20.53639084316086,22.139866199960885,21.879908210125958
670032,Nicky Lopez,3,2021,2024,1494,2697,731,27.10418984056359,0.09883752628894704,0.007879250084259715,2.598979647478128,2.495229536448883,2.4109112438120484,106.89935743542485,107.1862284785492,6.666215742146325,6.317502640593294,36.16611488538182,2.8485121333839496,2.5075877073932027,0.10188461812171107,209.0,208.0,1.0,72.25023171722029,78.72169103944083,79.34302692934632
453568,Charlie Blackmon,4,2021,2024,2065,3734,1096,29.351901446170327,0.09401798208537047,0.0072250684035864285,2.551541332837856,2.4570077691510543,2.350986723826438,106.72973352605308,106.98866054324365,6.439342346934107,6.117816493203327,36.50973340384345,2.4941128075330212,2.4121695646422707,0.09736979553761825,314.0,209.0,105.0,103.04370836556603,111.82526311941632,111.62761327815885
622110,Matt Duffy,1,2021,2021,321,609,130,21.346469622331693,0.13000166772875837,0.022470032884106112,2.873030148877957,2.3826768155822386,5.597040610777517,106.49539739821492,107.83214594273656,15.25805043436563,12.019774454185423,36.682541028776065,2.807475244136045,3.4408517739423656,0.37942461610232137,52.0,210.0,-158.0,16.900216804738587,18.437287934388294,18.40221606035137
679845,Nick Loftin,1,2026,2026,388,732,182,24.863387978142075,0.13748912754253287,0.013578004913274776,2.655961928915577,2.3467166512560134,4.547962216021831,105.33513566369261,106.0381883772731,10.339550538765709,8.727022460840168,43.986072692138,-4.219010490601887,2.136856474922094,0.2875918704031438,139.0,211.0,-72.0,25.023021212740982,26.74054326010639,22.294727762151762
656775,Cedric Mullins,6,2021,2026,3250,6213,1757,28.279414131659422,0.10953512168010432,0.005514575711037972,2.3894964890201313,2.339462782802182,1.8380725941642373,106.2129704448897,106.34584622315197,4.881415847712503,4.728024553737913,37.654497209566415,0.9229225996857954,2.1249917578317903,0.06185961249270349,266.0,212.0,54.0,192.4532087919433,205.39631477413567,197.4523728735747
643446,Jeff McNeil,6,2021,2026,3042,5225,1582,30.27751196172249,0.09339389084478877,0.0055439369784534885,2.378373574118433,2.332279899473572,1.7726269101208687,106.16549836532404,106.28734929571144,4.686027744417158,4.548627115059391,37.82792178797366,1.2343200087101347,2.234730138248795,0.05778294590367327,340.0,213.0,127.0,147.74913531645583,159.8074893372363,154.00713776061622
596019,Francisco Lindor,6,2021,2026,3708,7599,2111,27.779971048822212,0.11034993079837208,0.00517554173670061,2.376396908325635,2.32810778951211,1.8194077149112802,106.21694788539546,106.34589850204979,4.858522013819767,4.708793899167014,37.44776106264594,1.0401056842095784,2.379794060189685,0.06068552605462956,245.0,214.0,31.0,232.94870391536344,247.63483680881586,239.37655704377863
661388,William Contreras,5,2022,2026,2891,5817,1533,26.353790613718413,0.11883346267167078,0.005673747740585434,2.377093361027231,2.324152411168607,1.9100882469440195,106.07810999540179,106.21656086246003,4.995251778695721,4.826371428461672,38.238077509733664,0.5528382794945669,2.60380026151302,0.0664733588237926,184.0,215.0,-31.0,182.1716982756713,193.62532645355418,184.83545738570263
666971,Lourdes Gurriel,5,2021,2025,2720,5104,1660,32.523510971786834,0.0844235952825752,0.006227515594726851,2.3749633333502893,2.301528261192121,2.2846503210582076,106.26514346689818,106.46504597095634,6.21919890121645,5.924735048542644,36.735443862574314,2.043933477809877,3.014330106513004,0.09245331616877814,429.0,216.0,213.0,140.14316816907484,150.90966861359615,149.40899993514628
605170,Víctor Caratini,4,2021,2026,1392,2597,653,25.144397381594146,0.11990463875747315,0.008172961114510708,2.3865394114141982,2.2978951407610775,2.516462704177115,105.99277675007029,106.22395584731187,6.562788231066471,6.191328024442648,38.34441422724656,0.6108560818383497,1.59557923575669,0.10999827791179649,150.0,217.0,-67.0,78.29772910862997,83.8345005431109,79.71491521849494
676694,Jake Meyers,3,2023,2025,1236,2206,613,27.787851314596555,0.10035792475691362,0.008931377834227115,2.3657561796396678,2.2636598492414497,2.7675205441955857,106.12772371195683,106.40409832048938,7.491673834157454,6.987588611475337,36.94128449075537,1.6221708528913856,2.7333352142194096,0.13004470801624304,246.0,218.0,28.0,61.519407875988044,66.39286560604576,64.8610798329443
663538,Nico Hoerner,5,2022,2026,3103,5439,1762,32.39566096708954,0.087452923810432,0.005477911145218018,2.272928496913051,2.2277209310122066,1.8920353084261048,105.82781586016127,105.94608083935529,4.94964751865069,4.785302126408361,38.22565750988845,0.8501747594178541,1.8185187671199456,0.06530443807235013,424.0,219.0,205.0,154.0920517539812,165.8468802971832,158.48887221810386
680911,Owen Miller,1,2022,2022,472,949,332,34.98419388830348,0.07800414927598688,0.013726849086403895,2.6171273704123,2.2041004870184757,5.8262356628737155,106.19474403928773,107.3555785107825,16.374951530860013,12.699842894467105,35.58017043222186,3.791033396588463,2.7684983649039134,0.39849858877362987,489.0,220.0,269.0,25.897377559627643,27.956184424351985,28.8796571649439
592626,Joc Pederson,6,2021,2026,2494,5279,1576,29.85413904148513,0.10077379384473524,0.006271974746383719,2.253163413457357,2.183321423917061,2.4367900372608022,105.76237598831916,105.94670789616139,6.431348241018498,6.08823083022124,37.88925659038642,0.728286788114948,2.8522807492125346,0.10385524417221362,327.0,221.0,106.0,158.81949909930273,168.1851483545738,161.84674451523387
605137,Josh Bell,6,2021,2026,3532,7291,1959,26.868742285008913,0.11131533912822882,0.0052585541895340026,2.178789960709568,2.1420866296379493,1.8302187549681699,105.65905447534018,105.75601887775365,4.835148818376557,4.6844470983713,37.852376911589694,0.7629047070525476,2.689092799355513,0.0613644762817603,199.0,222.0,-23.0,218.06674935220025,230.89255958757724,222.55771506104958
670768,Luis González,1,2022,2022,351,717,182,25.383542538354252,0.11673452075587444,0.01823538788298581,2.530689179063964,2.1412022303412948,5.966766697469401,106.01796507529428,107.11263928284093,16.76992163046476,12.88146253503179,35.58017043222186,3.3372294250971524,2.1300248822619254,0.409977894054022,156.0,223.0,-67.0,21.245682777569147,22.726135947321566,23.19796199125098
602104,Ramón Urías,3,2022,2025,1226,2263,646,28.546177640300485,0.10019374257245411,0.008908649233684543,2.227231175608581,2.1331673436301375,2.953514669507564,105.79206890319433,106.0474751176878,8.019511700976604,7.41324277876566,36.8291085496875,1.6070361711321286,2.039312605454874,0.14548321933766517,283.0,224.0,59.0,64.72515770180536,69.27613340396556,68.00886827815201
656716,Zach McKinstry,4,2023,2026,1746,3343,922,27.580017947950942,0.11148340328829177,0.007128299305924842,2.1672039785071493,2.1095737134156365,2.362815943705186,105.4456413092158,105.59440774020023,6.099359328990442,5.791965255378741,38.73875625714736,-0.05757687577962007,1.8522335800453167,0.09825559388139521,233.0,225.0,8.0,102.78769783180502,109.09426140926082,102.62014912328632
678391,Jorbit Vivas,1,2026,2026,326,617,175,28.363047001620746,0.12179790126981989,0.013604994505707933,2.299143473152573,2.0741294662110525,4.833613494127647,104.71542317662241,105.22698057006467,10.988963547526716,9.107037713054762,43.986072692137995,-3.4743655288868016,2.655819570011341,0.3131833663516246,272.0,226.0,46.0,21.31463272221848,22.563834009298045,19.426894118189985
669221,Sean Murphy,4,2021,2025,1824,3561,983,27.60460544790789,0.10748981194421049,0.006409632353103183,2.0783233027792534,2.0348360506175105,2.214963264100939,105.54447296709414,105.66296599946932,6.035279322472889,5.7655570226905875,36.70026101117358,1.6752384232066042,1.8005777161148278,0.08738459788699604,235.0,227.0,8.0,105.66248514115891,111.98058798160784,110.75520994770699
682998,Corbin Carroll,4,2023,2026,2574,5182,1474,28.44461597838672,0.1074644956380254,0.0062675801408895995,2.069594053417047,2.0262505074590926,2.2325027537529962,105.23829622661579,105.35034867640118,5.771502935023821,5.509742723599729,38.681480004198974,-0.3870177871575148,2.104693383459411,0.08865083846254024,278.0,228.0,50.0,158.40266657044944,167.28122505960857,156.7423602635437
671732,Lawrence Butler,3,2024,2026,1554,3183,825,25.918944392082942,0.12777882400396978,0.00831267253904085,2.067361530059552,2.003605803262795,2.779170845366759,105.15138182639734,105.31530134181037,7.145402634570958,6.660963465026389,38.89453103622946,-1.053915744723506,1.9038306642484366,0.13099816877577375,170.0,229.0,-59.0,105.41752980327507,110.77199616612931,102.6878880244412
571771,Enrique Hernández,4,2021,2024,1892,3666,976,26.623022367703218,0.1092456583146125,0.007332771321484311,1.9636889545017475,1.9267314830737774,2.3391999125723886,105.25146043348231,105.35219097151032,6.375676058026397,6.060280901334133,36.68944110840682,1.6395174333686526,1.8174125788616544,0.09648987514571997,193.0,230.0,-37.0,106.6237625150618,112.81592835159064,111.79370748828428
607732,Jacob Stallings,2,2021,2022,810,1649,407,24.681625227410553,0.11729425609587951,0.01080631062342259,1.8967480603327587,1.8370129792669254,3.4553879560892278,105.08005284358242,105.24524349376019,9.555486874685231,8.605307461417809,36.16129666028192,1.9891569478103102,1.3931518362615025,0.18898825557401108,133.0,231.0,-98.0,47.73876223102296,50.299372112472184,50.42412411056688
680700,Richie Palacios,2,2024,2026,674,1411,400,28.34868887313962,0.11667567372074178,0.009555369323758528,1.890082047760792,1.8246888256082667,3.705505766025094,104.53207654611917,104.69449716503968,9.203561471975064,8.1733296102483,40.26165063718427,-1.836755135585763,1.3040089480950858,0.2113465784436142,269.0,232.0,37.0,46.67026948829671,48.793461655281334,44.60698121932204
608070,José Ramírez,6,2021,2026,3756,8075,2301,28.4953560371517,0.11149576875016712,0.005373729769420602,1.8379156243911958,1.8192234677075734,2.003685827119724,104.83691167584406,104.88660997432943,5.327356173637772,5.130156529421608,37.61126085458469,0.48411185529825934,2.1906109466078614,0.072662621253213,281.0,233.0,48.0,256.5517638941345,268.0571157028234,259.5823041083016
628338,Guillermo Heredia,1,2021,2021,343,684,173,25.292397660818715,0.1116444064797487,0.017030814722223203,1.856426682802993,1.7571895953103553,5.367020606767535,104.79026137783615,105.06079085782716,14.630994626455431,11.70596934790126,36.682541028776065,1.483659595229221,1.652641966325654,0.35987164721382203,155.0,234.0,-79.0,19.314482320996525,20.37573957466557,20.16264105626923
700250,Ben Rice,2,2025,2026,1123,2249,530,23.566029346376165,0.13931939621261705,0.008693177799235284,1.7717988265477547,1.747142790158642,2.7547532602657494,104.2913287082915,104.35188881670696,6.766219576686475,6.314728099643965,40.71332934209616,-2.58224653831717,1.8816231873410938,0.12900204356794656,104.0,235.0,-131.0,73.83927999268704,77.15549679637559,69.0061752218034
663837,Matt Vierling,4,2022,2026,1742,3327,898,26.991283438533213,0.11474891654397333,0.007635878713414775,1.6999238006535513,1.6872901413870638,2.4639818381458247,104.45162010455427,104.48495180620135,6.500785382962955,6.146804300787665,37.90283316541025,0.47512004973721506,1.3238435797037247,0.10593907176733847,204.0,236.0,-32.0,103.04452705648805,107.9799724910522,104.4239589342251
514917,César Hernández,2,2021,2022,1247,2369,610,25.749261291684256,0.11383687176589365,0.008795512053279532,1.6901693276622791,1.676657780035715,2.6855737076888544,104.63971291077772,104.67710259322456,7.431624481021853,6.958026253067519,36.137101848283734,1.8658763022972444,1.5668090561955252,0.12339364923018005,166.0,237.0,-71.0,69.44049177719512,72.95322702985322,73.31840469213623
666165,Blake Sabol,1,2023,2023,343,657,183,27.85388127853881,0.11179101384958076,0.014216719902735509,1.7135763189646465,1.669963605838594,5.002520053078709,104.394543044098,104.50931078180932,13.164232816426154,10.790289284231664,38.000847621265336,0.44483683486296105,0.21602803233105122,0.3281457520461717,248.0,238.0,10.0,20.45775553447328,21.437349996814735,20.712053925069938
679529,Spencer Torkelson,5,2022,2026,2650,5355,1240,23.15592903828198,0.14252071399777122,0.005766607832166527,1.6639375622616137,1.659003013567976,1.7965681523646713,104.32308610036415,104.33594471405839,4.681557986528864,4.5407222107297205,38.37543308305223,-0.5679649086045075,1.878616363038641,0.05926120657006176,93.0,239.0,-146.0,176.72568535723633,184.0747429238918,174.21717367756642
608336,Joey Gallo,3,2021,2023,1349,3028,707,23.348745046235138,0.1362416004507934,0.00735383704366678,1.6379775195622124,1.631222876974882,2.6164974895080113,104.44805022558324,104.46646891619163,7.134716176876741,6.701066696309729,36.67276209231629,1.373074207311144,1.8767662915393082,0.11786616844461102,96.0,240.0,-144.0,96.32281151871092,100.0055309751933,99.40994002814881
543543,Brad Miller,1,2021,2021,376,756,183,24.206349206349206,0.1226342943498529,0.014176717946794388,1.6147794389312309,1.60495273572819,4.553509085750909,104.37524961662052,104.40203811852756,12.413286969893534,10.473669298970961,36.682541028776065,1.0232149504323678,1.3279033874269752,0.2880915902556179,123.0,241.0,-118.0,22.44207586602308,23.454004314419986,23.083290568294032
621020,Dansby Swanson,6,2021,2026,3681,7174,1789,24.93727348759409,0.12301354493076581,0.004889398432886678,1.5213395493133899,1.5238391357724395,1.5011902502870969,104.05326113676183,104.04661248441094,3.993017345160975,3.907999228757222,37.59538515669978,0.3200144013044439,1.5116879714310323,0.042130058116737076,144.0,242.0,-98.0,220.07123188114005,229.4046500161777,222.0345202331428
695578,James Wood,3,2024,2026,1578,3387,774,22.852081488042515,0.14623958739329218,0.007014179061161327,1.5120839208042507,1.5189749153470995,2.3922655762787666,103.86452230867282,103.84699048384101,6.086317551654089,5.772471896419566,39.30563195192825,-2.020302078197966,2.39482631810896,0.10047251267919459,85.0,243.0,-158.0,113.18944064240816,117.16622135412334,107.87604617674751
702284,Cole Young,1,2026,2026,581,1103,341,30.915684496826835,0.11069998121704265,0.01517372314031544,1.378223637237994,1.451604073535323,5.397313895066227,103.30014476103655,103.13331823662524,12.270506468814467,9.797452635691387,43.986072692137995,-5.015077181540295,0.37216711400033015,0.36246891110077667,363.0,244.0,119.0,37.748693595011545,39.083273483737,32.89242719088669
657077,Alex Verdugo,4,2021,2024,2464,4515,1124,24.894795127353266,0.11539064753955777,0.006596964410158216,1.4418203382593153,1.450957858848272,1.899840762341705,103.9665024761346,103.9415231165889,5.19361954045408,5.019818444991341,36.58028370279124,1.3422066322498236,1.19650845717573,0.06580883482037012,141.0,245.0,-104.0,129.69908783446294,135.62016335691453,135.21108307090222
701807,Carson Benge,1,2026,2026,574,1168,332,28.424657534246574,0.12690184274367572,0.012426455664769154,1.319044501669822,1.391141067945412,4.4148174748052815,103.16268532924528,102.99877761513723,10.036853041427314,8.542701318471538,43.986072692137995,-6.085126144348001,0.4795411588976056,0.27557185670568374,276.0,246.0,30.0,42.13141179090034,43.3932976974978,36.30997444614075
641857,Ryan McMahon,6,2021,2026,3376,6843,1759,25.705100102294317,0.1292969319160728,0.005024205866890261,1.3373703098829832,1.3505195663709981,1.7109522021729016,103.61167291794703,103.57650807122326,4.575572162271201,4.45021014246071,37.39318584637133,0.044175865884209055,0.8229949673464341,0.054045559485348685,163.0,247.0,-84.0,227.43330324037206,234.9582401839803,227.68186611241387
668731,Akil Baddoo,2,2021,2023,814,1664,409,24.579326923076923,0.12715440724153781,0.010027455114841518,1.298939490471285,1.3484131651439495,3.303665046826849,103.61948921208722,103.4866890908863,8.867890277578883,8.051700047983223,37.25423909652633,0.4083702811164992,1.6625436968812677,0.17560651047103756,132.0,248.0,-116.0,52.006152561788966,53.76838047052834,52.560174909837016
695731,Braden Montgomery,1,2026,2026,308,622,169,27.170418006430868,0.1302757779051257,0.013296874059465771,1.1315741187718436,1.2767206990894917,4.946476599511586,102.902556697947,102.57257365687504,11.245551823033548,9.251491646305592,43.986072692137995,-5.472098743857328,1.5384484700065673,0.32319746067555893,213.0,249.0,-36.0,22.016606465966245,22.597481180269124,19.207595777452816
682985,Riley Greene,5,2022,2026,2588,5457,1485,27.212754260582738,0.12397081986728845,0.006019753437783533,1.1431009857744394,1.17976905572565,2.1648039853877132,103.09170921368201,102.99561666983548,5.673097115877515,5.430195530390539,38.15912086766491,-0.8247569404606624,0.9291826338515135,0.08379955256203431,214.0,250.0,-36.0,184.09666750292334,189.02724308823042,180.53921589973635
666023,Freddy Fermin,2,2024,2025,717,1378,425,30.84179970972424,0.10491012409147366,0.009385269413487735,1.0597353799432427,1.1591139864212072,3.4754567954343853,103.16788289476207,102.89627907386534,9.498496491906144,8.54458314568847,36.58954654977123,0.15491608254300923,0.9201763883899104,0.1907699024895755,362.0,251.0,111.0,44.5868027388763,45.853186517908476,44.7719274575152
596146,Max Kepler,5,2021,2025,2302,4427,1113,25.141179128077706,0.12052996754110061,0.006190241838661314,1.1258468716523427,1.1564999197257884,1.9242429496263014,103.14821160638081,103.0647682095679,5.238153400777,5.058560524889462,36.73513932106054,0.7004463723343459,1.6223323647852286,0.06739556623806309,149.0,252.0,-103.0,134.14985387324498,138.46935303748447,136.83723312176775
553882,Omar Narváez,1,2021,2021,443,832,262,31.490384615384617,0.09808814908529775,0.014987245132999098,0.9008086324594344,1.1478075485955768,5.407115553305866,103.12902955031159,102.45568765738662,14.740297159523896,11.76172378195202,36.682541028776065,0.42547669040367236,0.43546123333387515,0.363307880804827,396.0,253.0,143.0,25.69909506034801,26.364192100647227,26.01323868342939
687597,Jordan Beck,1,2025,2025,590,1143,312,27.296587926509186,0.11514314172987379,0.012500835148238234,0.9272758565302948,1.095037809958345,4.207131405878932,102.95440173599071,102.50178155983453,11.35080105548371,9.785715875905659,37.06462112510037,-0.5680642056981428,1.0416748097903397,0.2567546850563508,218.0,254.0,-36.0,35.92466021972062,36.83648147864208,35.366063750784114
605204,J. D. Davis,2,2022,2023,910,1755,461,26.267806267806268,0.11817120283781518,0.009715306119253003,0.9915160776421973,1.0891931274018727,3.19108076066601,102.94096439125705,102.67722353762949,8.616336855825153,7.869729596517269,37.03523683047107,0.6871441280739906,1.4215706898844858,0.16579213170619134,181.0,255.0,-74.0,54.4769245082328,55.9807238926568,55.51909310247835
676801,Chas McCormick,3,2021,2023,1184,2403,693,28.83895131086142,0.10119067286491101,0.008652465723665733,0.945067151974404,1.0490368588312808,3.165486394947172,102.85001095131292,102.56754727937196,8.5999560605358,7.865191915681384,36.8081693983673,0.6139157598053283,1.0863145978151496,0.1635765818925025,293.0,256.0,37.0,70.12513629538333,71.99006880861282,71.33659672806584
671976,Tristan Peters,1,2026,2026,433,750,239,31.866666666666667,0.10219239274120022,0.015879812701351803,0.6860108491931682,1.0015252817672606,5.283346847021438,102.27691453332744,101.55960922902713,12.011408438302736,9.664038534491159,43.986072692137995,-4.425605963262294,0.9850452340804707,0.35266448299686437,407.0,257.0,150.0,24.423981865146853,24.919053027981256,21.23016956165923
542303,Marcell Ozuna,5,2022,2026,2650,5990,1653,27.59599332220367,0.12054546256524346,0.005782257789392705,0.9307180797474182,0.9903378732950742,2.274783558786542,102.64260355478247,102.48351494208484,6.070000230132488,5.784905837632649,37.475839745345304,-0.5553752765366224,1.5616850256887642,0.09172957416785739,234.0,258.0,-24.0,199.26164962034744,203.37232113923187,196.80874214897736
516770,Starlin Castro,1,2021,2021,346,635,174,27.401574803149607,0.10403728647917974,0.016531688147326373,0.6018858993991951,0.9388147382280105,5.186132277270095,102.5592958172978,101.64079663654445,14.137876307973784,11.44878113373692,36.682541028776065,0.10898946076686851,0.28528382189670826,0.3442321050668646,225.0,259.0,-34.0,18.102487847377276,18.44957538269748,18.165338436419503
687401,Joey Ortiz,3,2024,2026,1387,2580,759,29.41860465116279,0.1082834145035179,0.008199507887556585,0.7941929800060106,0.8996807396029695,2.8172406664219025,102.33382513173684,102.06018363470241,7.308089169884878,6.800344925340689,38.549620850702915,-1.2636557856512827,0.4930594992320275,0.13412698041356283,318.0,260.0,58.0,82.18711160817008,84.02302104695065,79.26596065033954
542340,Jonathan Villar,1,2021,2021,502,1025,287,28.0,0.11096878936476991,0.011404353820987692,0.6572989020029267,0.8931727808619857,4.192735800180332,102.43487161961143,101.79185760737595,11.429785621697496,9.862463349666474,36.682541028776065,-0.005631963786001393,-0.4143402772267155,0.2554486849238818,254.0,261.0,-7.0,31.848042547688962,32.39798262903141,31.84333047132134
669222,Nick Senzel,1,2022,2022,417,739,204,27.60487144790257,0.10775050407589064,0.013692552180517804,0.5129061598428339,0.7981316406906083,4.321498632278466,102.24319229220951,101.44155059858382,12.14580644157022,10.397802242131663,35.58017043222186,1.2427286290044823,-0.5739790411320773,0.2671241770902631,236.0,262.0,-26.0,21.98110283148169,22.33757261257246,22.844799228639804
500871,Eduardo Escobar,3,2021,2023,1446,3032,983,32.42084432717678,0.09288107127307775,0.008134512158315073,0.6236036072334757,0.7964065003343866,3.359986559304721,102.17900543728295,101.70620863880502,9.193080391544486,8.321871697411865,36.549082747009734,0.4329680224753823,0.5960253650384637,0.18055480001013055,425.0,263.0,162.0,91.30209306143543,92.8049777548681,92.3455459956011
683002,Gunnar Henderson,4,2023,2026,2627,5228,1412,27.00841622035195,0.12070475046254019,0.006300464267015631,0.7259104831178254,0.7957101779690202,2.134499635199279,102.05414882277407,101.87395889310076,5.510272501537579,5.280497161633075,38.7367346098341,-1.5361131965597856,1.0551775542343862,0.08166005838802938,208.0,264.0,-56.0,170.43510765310674,173.61338571835762,163.7094920408358
666163,Ben Rortvedt,1,2024,2024,328,680,190,27.941176470588236,0.10760166539860078,0.01717642770522104,0.16779383320443184,0.7717123999115761,6.184710083111927,102.1352523091576,100.4642690331958,17.112484505818625,12.948631566939865,36.1415087388917,0.16779383320443184,0.10845760723797482,0.4274391988187449,251.0,265.0,-14.0,20.444316425734147,20.536043721219237,20.536043721219237
543877,Christian Vázquez,3,2021,2023,1279,2472,779,31.51294498381877,0.09620204973341358,0.009427456912989378,0.4790809007953131,0.6890824000569281,3.4739392359128716,101.87861965785893,101.30610039940723,9.470871028275013,8.520441672547198,36.680250692270285,0.23669992750428714,0.46276030322142075,0.19063509213964916,397.0,266.0,131.0,74.94139674232918,75.96263752919118,75.44596208779248
676724,Jared Young,1,2026,2026,311,645,182,28.217054263565892,0.12180641686297124,0.015226829827078119,0.08400169585288689,0.6518914349058788,5.59717578780123,101.48204055285527,100.19097339387588,12.724881866531495,10.024138343579171,43.986072692137995,-6.365230763754656,0.605089223730841,0.3794359895399567,263.0,267.0,-4.0,22.168767869060765,22.212308748077845,18.869456589847935
672761,Wenceel Pérez,2,2024,2025,804,1693,517,30.53750738334318,0.10465991503762408,0.009674937772518676,0.37667739056661514,0.6497957141026747,3.877242191049204,101.77636386912262,101.0297330259279,10.59932035644261,9.319907751783354,36.580101937314225,-0.3882222101936266,-0.11961001802226295,0.22684389355081164,353.0,268.0,85.0,54.109176074451646,54.61392377781091,53.58895831279219
665862,Jazz Chisholm,5,2021,2026,2551,5325,1521,28.56338028169014,0.11646394155003675,0.006617677441166801,0.5263590658075259,0.6348611233504866,2.424433750255861,101.65696053952523,101.37377478252506,6.32766900840669,5.993231953032071,38.314800395451385,-1.6665793494844787,0.7778495653775398,0.10291278948840157,284.0,269.0,15.0,177.1416550976059,179.37955839239757,170.05591523004773
683011,Anthony Volpe,3,2023,2025,1884,3620,992,27.403314917127073,0.11648758548822286,0.007208326907512519,0.44855662548454905,0.5618975052750119,2.387523790012242,101.51762907713065,101.21150667369804,6.448463451159752,6.117160608489596,37.024692907003256,-0.583572714631964,-0.1641764467806815,0.1001144438668021,226.0,270.0,-44.0,115.55568480431707,116.96415260833855,113.7232664803727
672960,Kazuma Okamoto,1,2026,2026,570,1222,343,28.06873977086743,0.13029453593513476,0.010706930534348505,0.16985862168575158,0.5413766488730393,4.279705591826947,101.23079105666508,100.386164554573,9.729683351775789,8.350900182165017,43.986072692137995,-6.648537482058407,-0.07223758055637948,0.263336466079622,258.0,271.0,-13.0,44.691025825751225,44.85239151635269,38.37491521779574
687551,Drew Gilbert,1,2026,2026,356,714,186,26.050420168067227,0.14006859553376855,0.01317881703883274,0.07964969486607504,0.5310021689720329,4.693804447377911,101.20720522763776,100.18107935078348,10.671115105524924,8.923648426301325,43.986072692137995,-6.589833065743497,-0.12395349811065959,0.30069715640535294,174.0,272.0,-98.0,26.05275876928095,26.10001758823482,22.14279115027314
592518,Manny Machado,6,2021,2026,3784,7353,2198,29.892560859513125,0.10526985125235631,0.005073342248076766,0.4451040810280119,0.5148886613321746,1.8316340195124454,101.36059002657328,101.17618471509334,4.840081296086635,4.689003258958791,37.84304245041053,-1.0195653776800246,0.6755073093446866,0.06145358194187493,329.0,273.0,56.0,231.38313305267917,234.19025612369583,224.95307407077715
677588,José Tena,1,2026,2026,275,583,174,29.845626072041167,0.11935444870210585,0.01926571263926423,-0.7494992300592622,0.5111330592216992,7.771222439907922,101.16203386194344,98.29605330918024,17.667461458310505,11.969562933912405,43.986072692137995,-7.262854378064335,-0.29643646178805677,0.5410046562301808,326.0,274.0,52.0,20.76767407416642,20.42415359372259,17.438865817553598
669004,MJ Melendez,3,2022,2024,1588,3287,866,26.346212351688468,0.12354214249938654,0.0069387967019033355,0.3846871400971298,0.5070020869823689,2.4160048384020287,101.3831588106136,101.04946985587772,6.591133378977686,6.245002335147298,36.655377755028255,0.1722985424895943,0.3395483598863762,0.10227150616771286,183.0,275.0,-92.0,106.98749540446875,108.00563403525915,107.4435122135912
647351,Abraham Toro,3,2021,2024,1091,2107,649,30.802088277171332,0.09293942084773395,0.008133736684483937,0.27594494088644866,0.47045565075397267,2.9961348845384594,101.30153037164438,100.76341036799055,8.288901501173177,7.64611611413302,36.14634441143255,0.39767263134797637,0.31536779024452155,0.14908178540697947,361.0,276.0,85.0,60.31768413017933,60.819444014357856,61.040785531513734
624585,Jorge Soler,6,2021,2026,2727,5883,1507,25.616182219955803,0.12836166049776232,0.005854985847748395,0.3531315144990044,0.4464167286946574,2.0527894417172123,101.18282544455309,100.93565700784633,5.439069434232212,5.228318807380078,37.741556097766335,-1.1082648795857992,1.0765912080825404,0.07599373160904012,158.0,277.0,-119.0,193.4410223701278,195.04600510352577,188.40395849241034
456781,Donovan Solano,3,2021,2024,1097,2173,653,30.050621260929592,0.10627872389333254,0.007825029515740543,0.15731396706128759,0.3663003195766362,2.96945345100549,100.9882217212432,100.42440880063819,8.011127055242174,7.399669088662622,37.066612856456864,-0.41872713233491277,0.1549406376371502,0.146826499213305,336.0,278.0,58.0,69.40000670234615,69.6876290721232,68.63443392872715
676475,Alec Burleson,4,2023,2026,2097,3905,1336,34.212548015364916,0.08993682506415104,0.006750196409657408,0.09894112480819375,0.2733957124549896,2.614874508824282,100.7014688430618,100.25385956395299,6.7091505568463035,6.30182764633885,38.97474779658884,-2.260017194683928,0.36630186379594487,0.11773720238158206,479.0,279.0,200.0,120.15559828570579,120.50139751691043,112.25683819028546
667452,Corey Julks,1,2023,2023,326,684,208,30.4093567251462,0.1119184927268735,0.016023179983755943,-0.8303120146372621,0.22290782692875066,6.304355224277328,100.58658646025572,97.81501712037439,16.590038430483325,12.449796268701588,38.000847621265336,-2.2652725798954547,-1.6187207005350224,0.43684271687268134,347.0,280.0,67.0,23.27904648718969,22.82791029257011,22.04824838544649
666624,Christopher Morel,4,2022,2025,1767,3459,985,28.476438276958657,0.11354484058245934,0.006784831219115847,0.05603342853482255,0.21679054864908504,2.457480768245029,100.59202099206594,100.15301850637289,6.7109946050018765,6.347339276791134,36.618726625311325,-0.40091772762410427,0.2821915986214875,0.10543964728267867,280.0,281.0,-1.0,111.84166797372245,112.0066864207575,110.66096526586946
593871,Jorge Polanco,5,2021,2025,2420,4994,1348,26.99239086904285,0.11980563774553356,0.005910244360442334,0.09747230725870366,0.21243725434438895,2.074893183515196,100.57972174538394,100.2659929693829,5.662192827453297,5.43832455200783,36.644693085248164,-0.37761901030213196,-0.0745920483467984,0.07751155761594683,205.0,282.0,-77.0,161.49799968097923,161.89113798692267,159.9749363394273
642133,Rowdy Tellez,5,2021,2025,1998,4143,1164,28.095582910934105,0.11018663691599459,0.007119584404556133,-0.02355080946398897,0.16355224616120873,2.600940885027325,100.44770311638585,99.93553270567715,7.119739209294279,6.691677140301602,36.53140667894119,-0.3968807351340515,-0.04428424025258886,0.1166317498780603,260.0,283.0,-23.0,128.2572453702177,128.17882117470262,126.93563252222131
553993,Eugenio Suárez,6,2021,2026,3632,7532,1955,25.955921402018056,0.13148315071531874,0.005089968230005751,0.06815973769999364,0.15388311325007098,1.7545392503512574,100.40914565624914,100.18122365750239,4.66498303704871,4.530858055757285,37.610838805134485,-1.3891999563957087,-0.34249110526834603,0.056676235281177795,171.0,284.0,-113.0,257.04955964844817,257.4621532606588,248.6402692457328
609280,Miguel Andújar,2,2024,2025,659,1227,442,36.02281988590057,0.07925566709365978,0.010802969803076993,-0.41903703498667694,0.13509430667582806,4.431787712252557,100.36893097327842,98.85564577100715,12.102832415936764,10.290210107715732,36.61777309596446,-1.087979485757323,-0.22202671887299372,0.2771062912474562,512.0,285.0,227.0,35.03100485539762,34.570762511970585,33.83604072020749
624413,Pete Alonso,6,2021,2026,3969,8166,2371,29.035023267205485,0.11034973171578996,0.00532554816369909,0.019060995260056845,0.12722884878371116,1.952735357219966,100.33624345760934,100.0503748561194,5.16073590686866,4.978794565846758,37.83831206361443,-1.5935019127938084,0.5759151254465553,0.06926693416170582,301.0,286.0,15.0,261.639213898138,261.7653023817833,251.09819874500695
686611,Dylan Crews,1,2026,2026,381,727,236,32.46217331499312,0.11080737408897237,0.012688740465295624,-0.6200245073106655,0.11949510703086186,5.09233256083728,100.27166577900059,98.59040721446021,11.577147604149427,9.433498413623388,43.986072692137995,-6.431120546939127,-2.3237085144993412,0.3360392288369241,428.0,287.0,141.0,26.15054028499748,25.756824722855207,22.066778737691134
702222,Justin Crawford,1,2026,2026,416,745,280,37.58389261744966,0.09528090323048966,0.014034127474016169,-0.8581501334541557,0.10752128071804701,5.795413141672268,100.2444439208533,98.04904125116963,13.175563961426661,10.240062604655604,43.986072692137995,-6.374421417762738,-1.1992231860776086,0.39595847366973064,532.0,288.0,244.0,26.678652904537103,26.083668812008888,22.25905405488827
668804,Bryan Reynolds,6,2021,2026,3847,7835,2145,27.377153797064455,0.12030818706360089,0.004454436870444416,-0.04716070549848193,0.02848222962732288,1.5801745598628565,100.07517224714157,99.87553024269906,4.17050470047766,4.072453406475691,37.88928854778354,-1.661540815608373,-0.1484208689401226,0.04646855760912681,220.0,289.0,-69.0,258.0610612514239,257.7586825280028,247.40781538868154
641584,Jake Fraley,2,2023,2024,758,1344,418,31.101190476190474,0.10024892202109983,0.010605506447105855,-0.38066982419595075,0.021037164602119407,3.6327584095668644,100.05675554435938,98.97300213683495,9.800711500840121,8.739616197831042,37.066272272737166,-1.027214014720542,0.15274318972311018,0.20481256077851448,374.0,290.0,84.0,41.90404940481973,41.423136526918846,40.60633569955611
641933,Tyler O'Neill,3,2021,2024,1388,2905,782,26.919104991394146,0.11856531654602674,0.008099181103725905,-0.23618800440453425,0.018342322917711096,2.8891940560308167,100.05067618413244,99.34745959632409,7.9822676023431125,7.402047182914183,36.195154058512436,-0.09535722233348955,0.008368002047822815,0.14009369814362496,200.0,291.0,-91.0,92.71807753899292,92.17169595547043,92.49748449799478
676059,Jordan Westburg,2,2024,2025,796,1432,413,28.84078212290503,0.106301111176061,0.011498826595661676,-0.5002508530026547,-0.05400746661673239,3.7399247583206825,99.85223561839115,98.6313141020331,10.232430880319955,9.069160139788586,36.54971924133574,-1.2793922572540986,-0.4188459428859334,0.21444517263783314,294.0,292.0,2.0,43.902358915713194,43.238692784063005,42.20503185442276
666310,Bo Naylor,2,2024,2025,805,1575,416,26.41269841269841,0.12361620662242306,0.011153413773257742,-0.5016676490684634,-0.06973822451139677,3.6618766593948036,99.80954297552948,98.62993174282653,10.000686673811325,8.903277894077318,36.61625225179902,-1.3270667006867247,-0.24190592324741025,0.2074252792063544,186.0,293.0,-107.0,51.424341954927996,50.75127119242781,49.64386079817331
666149,Tyler Fitzgerald,1,2024,2024,340,644,173,26.86335403726708,0.11756017135883211,0.01729315103751547,-1.1008296197957284,-0.09401353685273683,5.5501114315530815,99.73987379018416,96.95411271358705,15.356612452597014,12.135926001649537,36.1415087388917,-1.1008296197957284,-1.1206040929818575,0.37546757591102414,198.0,294.0,-96.0,20.337909645077954,19.714106193860374,19.714106193860374
681198,TJ Rumfield,1,2026,2026,569,1174,357,30.408858603066438,0.12134158862046585,0.009954027531872387,-0.6885870131787732,-0.11415159629097038,4.167269766559217,99.74048240885263,98.43453399898134,9.474066474918704,8.187599151670245,43.986072692137995,-7.573592493141167,-1.3027194020254944,0.25313812709884814,346.0,295.0,51.0,43.318947137506306,42.66593712000844,36.13665692317743
695734,Daylen Lile,2,2025,2026,949,1809,620,34.27307904919845,0.09830480161618661,0.010134642074038329,-0.6754996527215833,-0.13572728398488665,4.014111396350634,99.67242041743076,98.36967271599686,9.68811057730582,8.450105153345824,41.43337717215573,-5.06278538169731,-0.658297836296698,0.2392428328659358,480.0,296.0,184.0,60.948977002035704,59.88056171798107,52.94133812331779
571980,Tyler Naquin,2,2021,2022,786,1606,614,38.231631382316316,0.08093353529322046,0.010630740671610541,-1.0439082826485186,-0.1631487451390825,5.087108626869341,99.54948837968438,97.11739853422736,14.047313378100252,11.450228875197773,36.21410365059655,-0.8206732401627014,-0.53933759952383,0.3355813823640197,534.0,297.0,237.0,49.69319067003736,48.3256708197678,48.61810872542422
663968,Jake Mangum,2,2025,2026,858,1492,669,44.839142091152816,0.06890473505246172,0.008168385925285569,-0.7794422496099036,-0.23805346060975763,3.9053889976903022,99.4128150828589,98.0774203761577,9.633069433810029,8.456325469407805,40.541480828355866,-3.8614241709643875,-1.4803934024777108,0.22939113909540798,569.0,298.0,271.0,46.09726775009689,44.98266533315473,40.575431185617816
608596,Tom Murphy,1,2021,2021,325,691,164,23.733719247467437,0.14307379103111822,0.011376841101876126,-0.8798871019942414,-0.2435099502524377,4.227819660192395,99.33616935080529,97.60134636991476,11.52542746936705,9.923711966460967,36.682541028776065,-1.5123583052031813,-1.1497058249208536,0.2586313504846552,110.0,299.0,-189.0,23.464101729103387,22.987496215523173,22.64490764711833
628451,Andy Ibáñez,1,2023,2023,383,721,253,35.09015256588072,0.09359422519968155,0.014218636922666582,-1.4594313415139897,-0.2529248455599984,5.806389241551574,99.33442314739722,96.15947687257037,15.279630863555552,11.866441748984437,38.000847621265336,-2.608193917069611,-2.731285190134772,0.396863934466484,491.0,300.0,191.0,23.679338975519432,22.74773530251967,22.014441858456664
571466,Tucker Barnhart,1,2021,2021,385,774,224,28.940568475452196,0.09916687939415879,0.01460608640128727,-1.2781568435621686,-0.27617918141777276,5.258158919488525,99.24711000472644,96.51562621422681,14.334227597165906,11.552305807364593,36.682541028776065,-1.5530724790667205,0.34715768353111076,0.35048563302996455,296.0,301.0,-5.0,22.213380984291568,21.393230343005843,21.21682614355709
680869,Zack Gelof,2,2024,2026,917,1690,469,27.75147928994083,0.1186502858425839,0.010879188204184358,-0.7472639322641262,-0.29898443133162617,3.4956539745506126,99.2391896371007,98.09847576024171,8.895211557013722,7.993002667234661,39.298154430001716,-3.4046898273045203,-0.9246974481659316,0.19256540544022788,244.0,302.0,-58.0,55.646984060171846,54.50491568369484,50.44348310744144
691406,Junior Caminero,2,2025,2026,1275,2650,824,31.09433962264151,0.10822606026356986,0.010011555394564331,-0.9041204124311581,-0.31058265621531134,4.0099818106227225,99.23201431399788,97.76435830760586,9.915584692379593,8.6506395554228,40.44120377192186,-5.145984172055485,0.7556016064322381,0.23886835830261863,372.0,303.0,69.0,89.17827365718156,87.25701778076535,78.24305729156366
682829,Elly De La Cruz,4,2023,2026,2378,4982,1413,28.362103572862303,0.11716190083297125,0.006202136179758412,-0.5639325647501098,-0.3627345928098319,2.3031551202850364,99.06047322220378,98.53934596821927,5.965452294374042,5.678734660019278,38.60822292480855,-3.107078989829539,0.41630540513940384,0.09381598017906191,271.0,304.0,-33.0,165.54976587698837,163.3147131453621,153.2353761472973
621550,Patrick Wisdom,3,2021,2023,1203,2653,716,26.98831511496419,0.12374210925527308,0.008261415845790154,-0.7533207641872645,-0.3805483971321361,3.12069897609384,98.9582741430738,97.93783464987033,8.542705315747966,7.830848724164405,36.53057036090216,-0.6531583599746695,-0.72838915082552,0.1597145997428721,203.0,305.0,-102.0,88.59935022677553,87.08894209458006,87.28976771502631
691016,Tyler Soderstrom,2,2025,2026,1070,2001,554,27.68615692153923,0.12319267154485232,0.008782808531342532,-0.7360749883353824,-0.40434708304515815,2.9261856794046146,98.98851305935,98.15868527495425,7.319945474428651,6.775648233818954,39.97551197105077,-4.20702803055842,-0.8965166767738137,0.14318707373009493,243.0,306.0,-63.0,68.24874003584819,66.93607297331675,60.74620671468567
701678,Hao-Yu Lee,1,2026,2026,292,558,169,30.28673835125448,0.12294740525515302,0.01759300904893365,-2.0470519781632364,-0.4094337002192521,6.493240466388403,99.06917422911359,95.34613605426719,14.762037319937852,10.93369976278905,43.986072692137995,-7.984787216735933,-2.701460570879036,0.4514178271961436,341.0,307.0,34.0,20.77811148812086,19.78187952541475,16.892181709309373
570482,Gio Urshela,3,2021,2024,1449,2725,991,36.36697247706422,0.08245877055790062,0.0076829538571602735,-0.8985823971884016,-0.48210272373307295,3.2163567675994207,98.66430832928889,97.51042886860623,8.91109038184249,8.128233366244373,36.09386315004915,-0.6532824077998384,-1.1515245113706605,0.16798600631422542,517.0,308.0,209.0,81.71664162287951,79.54656513366952,80.1389646080429
600474,Pedro Severino,1,2021,2021,418,857,243,28.35472578763127,0.11705595056017702,0.013197823082436617,-1.4869965412560568,-0.5167390711515977,4.868497227793815,98.59132149338772,95.94630988052445,13.271973781681764,10.974203376756114,36.682541028776065,-2.2634234857410993,-2.9176540187766435,0.31628520365384094,270.0,309.0,-39.0,28.444595986123016,27.408655062381296,26.867744291056717
547180,Bryce Harper,6,2021,2026,3350,7411,2392,32.27634597220348,0.10063860792793793,0.004518108268911754,-0.7544116220785357,-0.5820407091199976,2.0208113635969522,98.47079809845822,98.01792611933975,5.309299730154449,5.109582603528248,38.061730667034055,-2.524365292144835,0.4442887159625706,0.07381794575470181,421.0,310.0,111.0,240.7275501636275,236.51541860702235,226.63317728248552
679032,Johan Rojas,1,2024,2024,361,647,226,34.93044822256569,0.086776847580517,0.014904232584287882,-2.0321109151615744,-0.6153987470566176,5.749245392356867,98.29725219413879,94.3773489650286,15.907596536417229,12.402427927830855,36.1415087388917,-2.0321109151615744,-1.8488698203430303,0.39213898766462435,488.0,311.0,177.0,19.611567553196842,18.38891415257463,18.38891415257463
701398,Sal Stewart,1,2026,2026,625,1289,400,31.031807602792863,0.11635508996986257,0.010777766211533958,-1.4486056954127888,-0.6162276866501598,4.406039462660898,98.59903908456846,96.7066718923699,10.016896697050262,8.530386419822584,43.986072692137995,-7.8236432277512815,-0.5582202802875964,0.27477791734724694,368.0,312.0,56.0,46.54203598794503,45.03307172189004,38.39240762570411
622682,Víctor Reyes,1,2022,2022,335,679,290,42.70986745213549,0.07032369433505577,0.014768316447964863,-3.220156965959593,-0.6335957701132688,7.736410488907061,98.21924470170757,90.94957408342435,21.74360154807147,14.766865406786442,35.58017043222186,-2.070086848236672,-3.3730996906190294,0.5387741169806478,562.0,313.0,249.0,20.393871357166173,18.5959503845054,19.238072866900698
687859,Troy Johnston,1,2026,2026,415,793,287,36.19167717528373,0.10057773069725759,0.014254200391297852,-2.3023872785841424,-0.696253479531751,6.011870841557886,98.41710469492267,94.76564481057736,13.667669045234943,10.46602493526596,43.986072692137995,-7.954069887227441,-2.6107290891767962,0.413626112356955,514.0,314.0,200.0,28.865808710112926,27.273324175758894,23.364243704780613
520471,Freddy Galvis,1,2021,2021,393,775,253,32.645161290322584,0.10607714547379726,0.01667749108562632,-2.7022767946601434,-0.7653884755299951,6.5039302009497755,97.91348021684327,92.63334349564195,17.730315344969394,13.122437945842243,36.682541028776065,-3.133131581748254,-3.895753536005584,0.4522326583246012,437.0,315.0,122.0,26.837517804870707,25.067526504368313,24.7853166188256
640457,Austin Meadows,1,2021,2021,588,1242,310,24.9597423510467,0.136480050052868,0.012859538068314405,-1.7340652855279934,-0.8220688836185535,4.4099764659830925,97.75896418142442,95.27277762964216,12.02200377155888,10.23542115638243,36.682541028776065,-2.229171403643441,-1.9941861604845674,0.27513402468659887,145.0,316.0,-171.0,42.30881551638908,40.60943153657165,40.12422754081851
668670,Jake Rogers,2,2023,2024,698,1270,306,24.094488188976378,0.1306909219087861,0.012120621200977238,-1.452960917067847,-0.8794799673500583,3.455983849016013,97.63014534645436,96.08483840614569,9.312525254949078,8.386232142165722,37.111135319384545,-2.1463151075665348,-1.5895485753242342,0.18904112109377919,121.0,317.0,-196.0,39.99142210408854,38.30114423723295,37.49454219561947
662139,Daulton Varsho,5,2021,2026,2486,4843,1454,30.022713194301055,0.11063366252019181,0.005882176745196873,-1.1028610975710802,-0.8828606344516815,2.1390740107580632,97.68005555487241,97.10194749067456,5.62096969252349,5.385634911099272,38.05524896537457,-2.417717129861474,-1.2634117397653681,0.08198171453702306,335.0,318.0,17.0,160.8613453043589,156.29182415675606,150.84393732963287
543309,Kyle Higashioka,1,2025,2025,328,615,170,27.642276422764226,0.11731970322994238,0.01623590426663462,-2.2632976609551734,-0.8903249335761552,5.335658493602408,97.5979116835671,93.89364414837507,14.395556548638426,11.541825874736542,37.06462112510037,-3.9187007507480986,-1.2149447133571283,0.35717595040640804,237.0,319.0,-82.0,19.944349549090205,18.707080161101377,17.802126472014578
600869,Jeimer Candelario,4,2021,2024,2129,4389,1368,31.16883116883117,0.10674548938370679,0.00648258391678338,-1.2051271079896413,-0.8922969467093181,2.5458812971312557,97.56734044968832,96.71447495208616,6.940808745638136,6.53949918106826,36.67989409348274,-1.6087183994219303,-1.5034884051435087,0.11229467646539214,379.0,320.0,59.0,146.02782947691088,141.75163678872764,140.3195603562954
691788,Joe Mack,1,2026,2026,295,576,158,27.430555555555557,0.14145552844151066,0.019345470202942017,-3.128065054986533,-1.005490305268581,6.484802777120436,97.7140711963396,92.88851024077529,14.742854681544504,10.92589871299521,43.986072692137995,-10.185442596770601,-2.80674297118707,0.45077389572909643,228.0,321.0,-93.0,22.349973493758682,20.81200817505697,17.342130883679804
643289,Mauricio Dubón,4,2023,2026,1867,3293,1275,38.71849377467355,0.08151064156546499,0.006751192614121169,-1.4089739238168792,-1.0082595209167564,2.816114824485727,97.4243692454552,96.40073166159169,7.193854161357147,6.694405386619334,39.14612058182809,-3.647516615448908,-1.1164005542191384,0.1340341663927882,542.0,322.0,220.0,103.92606799596786,99.54181080302433,92.57621212756267
544369,Didi Gregorius,1,2021,2021,405,796,254,31.90954773869347,0.10754150806317085,0.015368425887790733,-2.755168165809276,-1.0291560703406004,5.821154566328917,97.19442535473955,92.48915672540801,15.86900580786495,12.31172659825517,36.682541028776065,-3.424625315617436,-4.0067261944242905,0.39808039722324473,409.0,323.0,86.0,27.315543048045395,25.455804536124134,25.003920960003626
519203,Anthony Rizzo,4,2021,2024,1902,3776,1201,31.80614406779661,0.09641896260543958,0.006877598473655666,-1.4227249439728469,-1.0590685588802262,2.6567956195936784,97.10274789480908,96.10790745842628,7.268091038476678,6.813881741783855,36.554242448654264,-1.5352317256153372,-0.9491003167629719,0.12108178157966577,406.0,324.0,82.0,115.79917408913293,111.28913601673901,110.93248951893231
682177,Daniel Schneemann,2,2025,2026,703,1396,405,29.011461318051577,0.12044989916314282,0.010434224409294538,-1.8511484516548842,-1.0924361875938517,3.813497291588412,97.25665962746788,95.35137123738052,9.57650542829311,8.451873893292568,39.82138704084794,-5.598029782965764,-2.6159786717964875,0.2210817155188771,299.0,325.0,-26.0,48.78220916107284,46.6132802252172,42.22318426536462
807713,Matt Shaw,1,2025,2025,439,801,244,30.461922596754057,0.116846763630046,0.01643770193383272,-2.7710685009222153,-1.1022433730694055,5.645404769161001,97.02615772234898,92.52368318680686,15.231249093594268,11.959346365244423,37.06462112510037,-4.266189873981948,-3.4077020050569264,0.3834847172679025,350.0,326.0,24.0,28.51061032573122,26.483111872556467,25.389181401267763
622534,Manuel Margot,4,2021,2024,1503,2814,874,31.058990760483297,0.09916712116598923,0.007540951953293193,-1.493390810342905,-1.1094941725213605,2.7040253435150867,96.96744852231096,95.91815385710336,7.390841929841155,6.913963411330507,36.5861612138849,-1.6277505752529913,-1.6303496499695016,0.12488258620052906,370.0,327.0,43.0,86.67206389907459,82.93111991916561,82.59454870806584
605612,Harold Castro,2,2021,2022,781,1494,613,41.03078982597055,0.07147065048358857,0.009697644415892812,-2.2240615562616712,-1.1116242915693249,4.601182875087296,96.91717839180181,93.83210219891205,12.760269902491604,10.733938695588146,36.058664199484184,-1.842907068661186,-2.4592049780837097,0.29238260567010077,558.0,328.0,230.0,43.81150874643979,40.91652195403918,41.41265804539915
620443,Luis Torrens,1,2021,2021,378,739,193,26.116373477672532,0.13239638090746012,0.013509510474742607,-2.1606296734745287,-1.114436496479944,4.45975470004841,96.96194302459661,94.1099236506555,12.15770384213542,10.318778083553982,36.682541028776065,-2.3631466071732925,-2.5360915651583738,0.2796336372968439,175.0,329.0,-154.0,25.552501515139802,24.19130482085085,24.063719152620628
605113,Nick Ahmed,1,2021,2021,474,920,289,31.41304347826087,0.09509785606557548,0.012758908791807098,-2.302445926561401,-1.124340779323468,4.723898115948747,96.93494303341346,93.72331942665798,12.877783227293408,10.748192279561964,36.682541028776065,-2.7788832112092514,-1.9513909792952022,0.3033917177444163,392.0,330.0,62.0,27.483280402951316,25.66434812096781,25.287962666096007
664983,Jake McCarthy,3,2022,2026,1360,2343,783,33.41869398207427,0.0943935225772111,0.007834360647928822,-1.5518165892782823,-1.1332771446282606,2.810997761252801,97.09202140119163,96.0180530841136,7.212994076310204,6.71385033508957,38.971302783750005,-3.209258220508276,-1.7096681394291793,0.13361253460228056,462.0,331.0,131.0,73.9101281779563,70.39267724225886,66.6358095448042
545358,Max Stassi,1,2022,2022,376,699,150,21.459227467811157,0.1515078246380479,0.014164709115086936,-2.0536462303569536,-1.1565834464172524,4.097763687268752,96.74935945396756,94.22811581448428,11.516987236120048,9.995051362895717,35.58017043222186,-1.3347429845009617,-2.304279353288657,0.24683125492824373,55.0,332.0,-277.0,22.726173695707185,21.439222058016828,21.88973475875325
665120,Jared Walsh,2,2021,2022,1029,1987,620,31.20281831907398,0.10180867775321108,0.009968837193657766,-1.9139988091902358,-1.1731954182579556,3.7125569114984636,96.75878571457302,94.71215094596151,10.256767380559012,9.10497686821574,36.19616955080171,-1.8507670422652656,-2.4598727135303275,0.21198101337867686,382.0,333.0,49.0,63.121380206990864,59.83887224922961,59.94731472950593
543068,C. J. Cron,2,2021,2022,1171,2438,793,32.526661197703035,0.0982405330860989,0.008494589799353648,-1.8878488681910888,-1.2184408210225879,3.5004865464064165,96.62409647467064,94.76938433163575,9.698710572142229,8.712684987331498,36.092287942491275,-1.4812259446909963,-2.5011098635980065,0.19299537158931704,430.0,334.0,96.0,77.90474273727642,74.22029102952348,75.01388343522116
664728,Kyle Isbel,2,2024,2025,835,1438,421,29.276773296244784,0.1139987143923897,0.010815255071913598,-1.9084149745055394,-1.2393770813845089,3.486504045300373,96.6131378738072,94.78484918327555,9.527615671781435,8.565577191781626,36.59366797956157,-2.654035658886211,-2.2009983274797755,0.19175168802428086,313.0,335.0,-22.0,47.993458759196066,45.33758125300919,44.29992580057942
547989,José Abreu,3,2021,2023,1917,3976,1309,32.92253521126761,0.09803327906664895,0.006695301918342191,-1.6881365695746755,-1.2527477250155816,2.8059268207922523,96.58684949208002,95.40061891566363,7.64483571778527,7.117522474219427,36.70355942724087,-1.9721164153672075,-1.2470500542212601,0.13319505555169264,447.0,336.0,111.0,128.32556229824348,122.9319659584524,122.02465035114525
621028,Kevin Newman,1,2021,2021,554,952,250,26.26050420168067,0.10702141618298303,0.014670039710149274,-2.3001883638350145,-1.3249018957993979,4.14708828189624,96.38819487788466,93.72947375147594,11.305346264434098,9.782182957836874,36.682541028776065,-2.3972450560756133,-1.1415493915553145,0.2513069093354455,180.0,337.0,-157.0,26.755354045745758,24.631513456471428,24.54189777730261
670242,Matt Wallner,1,2025,2025,395,760,218,28.68421052631579,0.12476010687356959,0.014811663791730356,-2.9608461835161752,-1.3579608271120376,5.286542278891448,96.33623443086427,92.01166477994545,14.263041462229788,11.473190937987516,37.06462112510037,-5.0338817758029935,-2.5775263186105937,0.35294059648707987,287.0,338.0,-51.0,27.19770329843817,25.24847956095669,23.883731129367867
701675,Nathan Church,1,2026,2026,412,813,348,42.80442804428044,0.08874280798106451,0.012070495035089966,-3.6041252620042923,-1.3586291553410423,6.256439546540166,96.91122877723093,91.80621264546656,14.223683006049397,10.709474159775176,43.986072692137995,-9.37544824853639,-4.660478941813999,0.4330925493563993,563.0,339.0,224.0,30.88249717741045,28.407664497500836,24.444689380082128
682663,Agustín Ramírez,1,2025,2025,583,1110,358,32.252252252252255,0.10174731872589218,0.01165243458965476,-2.530187866143185,-1.385116214586813,4.447740128973074,96.26296945026964,93.17357687913953,11.999961132642033,10.192565841724269,37.06462112510037,-4.210365318252941,-2.597736083518155,0.2785481151452608,420.0,340.0,80.0,36.4255401038694,33.96704089393361,32.33446846963363
572041,AJ Pollock,2,2021,2022,946,1685,568,33.70919881305638,0.0843298393504933,0.009399995333589168,-2.0801236411878516,-1.3946298578629093,3.435811931919059,96.13350286445608,94.2330274553604,9.525507372536513,8.587482423394569,36.0695950099732,-1.7986620709499865,-1.2719542296066066,0.18725278995928138,470.0,341.0,129.0,47.8993487510802,44.61968714347402,45.06345821921572
665487,Fernando Tatís,5,2021,2026,2926,5752,1614,28.05980528511822,0.11904774333060637,0.005707393595807697,-1.6319999367992488,-1.4034808203185423,1.9808148250306936,96.35840491566555,95.76546906702052,5.139596797747058,4.953433973975058,38.54027665942558,-3.7337080156175677,-1.4154357645699962,0.07113059727979126,257.0,342.0,-85.0,192.1430577355987,184.18433804380768,173.93500831277035
518792,Jason Heyward,2,2021,2023,729,1371,400,29.175784099197667,0.11079350440885176,0.011972169265212863,-2.367099447332031,-1.4156337915294182,4.033635311739812,96.21108291592292,93.6645030732022,10.795948666269142,9.405412301145304,37.362490656726635,-3.165082150706981,-2.479966307157967,0.2410134936388606,308.0,343.0,-35.0,44.3174017635407,41.44137593503228,40.47182695043172
546318,Odúbel Herrera,1,2021,2021,491,992,323,32.560483870967744,0.09630779227279514,0.012327317457026173,-2.907671792191114,-1.427197604305327,5.021853691728291,96.10932731408725,92.0734177332204,13.690037687925809,11.207042943183458,36.682541028776065,-3.3258478167814554,-3.010838558823548,0.32984882300141954,432.0,344.0,88.0,31.10741690411283,28.72797215416977,28.385764774046674
596059,Rougned Odor,2,2021,2022,821,1588,480,30.22670025188917,0.1038444691215665,0.010657583946302077,-2.311484099283215,-1.4361409743345805,3.8557432481255653,96.01656264188358,93.5886154087045,10.694710319093131,9.415601263137486,36.05280679030601,-1.925414175775323,-2.505661652971132,0.22489941302538966,339.0,345.0,-6.0,49.84534517835192,46.68246443583272,47.21073678116602
676914,Davis Schneider,1,2024,2024,454,1022,236,23.091976516634052,0.15275069038453817,0.010526864662953748,-2.317667651937642,-1.4408593532381002,3.8559545903717334,96.01328388461106,93.58724156016318,10.669047101020325,9.392891626951197,36.14150873889171,-2.317667651937642,-2.565506146888547,0.22491852280991637,91.0,346.0,-255.0,36.04916293075101,34.295461074118194,34.295461074118194
665750,Leody Taveras,4,2022,2026,1872,3658,1082,29.579004920721705,0.11316391434870428,0.006519760898128523,-1.8445528068322794,-1.5041166387385738,2.377925667296487,96.08996725915716,95.20498498508977,6.18154667992862,5.866313978707775,38.46813411629766,-3.731541908385275,-1.912069596396958,0.09939096176620307,322.0,347.0,-25.0,122.44335532529803,116.68835056798132,110.80094457113597
457708,Justin Upton,1,2021,2021,360,758,186,24.53825857519789,0.13822387740422057,0.014376457800248467,-3.024618937164026,-1.5211378138758698,4.983500893378603,95.85323761327604,91.75460899834795,13.585484411969267,11.149467474921709,36.682541028776065,-3.3258112127815904,-1.1239625601497967,0.32646837420765873,130.0,348.0,-218.0,25.709641197185025,23.89486983488661,23.71415446951607
641680,Jonah Heim,5,2022,2026,2229,4275,1323,30.94736842105263,0.10759684158874266,0.006031859986892401,-1.8596445301154978,-1.5575716155152164,2.2207808183106508,95.88640075903189,95.08861598956193,5.86515714433934,5.601750544871495,37.86396107824665,-3.145534010835689,-2.4201349110353814,0.08780387097040235,365.0,349.0,16.0,142.35062142190654,135.44204199252746,130.66496257165196
678225,Jihwan Bae,1,2023,2023,372,755,211,27.94701986754967,0.12490461341078192,0.014777433677272253,-3.2397064452748996,-1.559387895131401,5.2362452141352005,95.89643917769149,91.47464688797638,13.779285310480782,11.121286719165832,38.000847621265336,-4.5188386155876215,-2.568906361449749,0.3485865974710418,252.0,350.0,-98.0,26.354873429674985,24.346255433604547,23.55319348801066
643396,Isiah Kiner-Falefa,5,2021,2025,2521,4346,1319,30.34974689369535,0.10005364121918112,0.005864585015040904,-1.8616894244997864,-1.6273160694546684,1.9347768154168732,95.55420698805585,94.91390394944906,5.285769253501179,5.1026564498427,36.60350504584208,-2.222499729188115,-2.2705249869914415,0.06808509527565243,343.0,351.0,-8.0,131.97075276809989,124.14855436949328,122.63254973929449
543333,Eric Hosmer,2,2021,2022,981,2033,664,32.66109198229218,0.09867553552459347,0.009274259700678819,-2.5791876168936536,-1.6425067887496252,3.8587509111831335,95.46471761553016,92.87835871044085,10.654765723597572,9.378788283215302,36.21619668874549,-2.6037449403183315,-2.727553521320645,0.22517137889092328,439.0,352.0,87.0,65.52055558833007,61.303583834708945,61.2634326109096
608841,Joey Meneses,1,2023,2023,661,1304,413,31.671779141104295,0.10684621111265882,0.010804897389277205,-2.8000370140328643,-1.6700291684092152,4.220319514743679,95.60528442666983,92.63164589921948,11.105856260906089,9.566836033891779,38.000847621265336,-3.9466242127757956,-1.9161936661914198,0.25795103309856066,402.0,353.0,49.0,44.127485189528095,41.04277774573522,39.779620848453426
657656,Ramón Laureano,4,2021,2025,1649,3235,910,28.12982998454405,0.12019425984513701,0.007124138626915645,-2.071978774058218,-1.6716809354761129,2.5112266692730913,95.46537313181123,94.37951918947664,6.811991262767303,6.427895742454647,36.864795804992426,-2.776375105456572,-2.8216254601827395,0.10959111768836748,261.0,354.0,-93.0,109.37677645907468,103.68228812837134,101.74637221091153
606115,Orlando Arcia,2,2023,2024,1134,2204,595,26.996370235934663,0.125155933390557,0.008580549225119022,-2.1873190499165003,-1.6727503109201514,2.846719033851735,95.48093788323311,94.09079132059892,7.690627859385712,7.146231249830172,37.01543080618019,-2.8156944561432047,-2.3522799710307436,0.13656323331951914,206.0,355.0,-149.0,74.46778036738142,70.33374736303924,69.14611784527077
571745,Mitch Haniger,2,2021,2024,1116,2268,621,27.38095238095238,0.12145994198822711,0.008195861262309577,-2.2494568195950766,-1.6799147169787862,2.9916319690526594,95.39452910641924,93.833134620284,8.201531791183015,7.567216123200343,36.47650274633803,-2.529301564932091,-2.180231464934728,0.1487005942029198,221.0,356.0,-135.0,75.42662397468904,71.2426342902422,70.72212306391535
592178,Kris Bryant,2,2021,2023,913,1858,494,26.58772874058127,0.12479429068549372,0.009136498564476278,-2.3579332902782766,-1.6839038131815252,3.2525141249299336,95.46909113034488,93.65546845648407,8.751595537681093,7.967633746786688,37.16481310094629,-3.1683255249256326,-2.0361655166209864,0.17113414666998303,190.5,357.0,-166.5,61.648379598633895,58.060391108593784,56.82724425820539
408234,Miguel Cabrera,3,2021,2023,1326,2573,781,30.353672755538284,0.10351976865609691,0.008200117958539479,-2.271578769264114,-1.697723431464627,2.9947713518580295,95.37294753381987,93.80893616024468,8.162085715755188,7.5296453660638925,36.6912509394168,-2.398368378670245,-1.789796364897351,0.14896633201991658,344.0,358.0,-14.0,80.84893932041169,75.828750240338,75.54854520355045
623912,Harold Ramírez,3,2021,2023,1227,2356,1010,42.869269949066215,0.07176355698551717,0.007724023881186481,-2.661359223956796,-1.70872553370419,3.8521031821791554,95.35176212744545,92.7603172696488,10.47885780788759,9.227523614644124,36.76071622309467,-2.98670223099148,-2.9406817553755324,0.2245702910738574,564.0,359.0,205.0,72.48119255537235,67.0387129423807,66.37338649299477
405395,Albert Pujols,1,2022,2022,350,724,256,35.35911602209945,0.09386529239444648,0.016435074607396488,-5.045671781522817,-1.7252404780432475,7.173724562579406,95.15111800453646,85.81886562029115,20.16214221414406,14.241157676690822,35.58017043222186,-4.142669708085082,-4.3639119914185835,0.5010957053732576,498.0,360.0,138.0,24.0295148529783,21.086206313756655,21.612957523262
673962,Josh Jung,3,2023,2026,1421,2748,876,31.87772925764192,0.10703642299104782,0.007972833005520197,-2.3615707533628556,-1.7570155313236446,3.04640944210833,95.53184169434016,93.9944344327495,7.747136783100857,7.128404870555116,39.32303672181943,-5.102525199091956,-1.3436886970196533,0.15335320498470612,408.0,361.0,47.0,93.76390654015789,88.17091980594353,81.67942602697511
500743,Miguel Rojas,3,2021,2023,1467,2701,803,29.72972972972973,0.10548302530417214,0.0074660097289666,-2.213951286571633,-1.7813286927069656,2.567726839254934,95.14435599054087,93.96508946053096,6.999251455389122,6.588190455309395,36.68573497638658,-2.316059692697308,-2.827666498370526,0.1140094320918169,325.0,362.0,-37.0,84.70286931925023,79.28975842358258,79.04010337060531
666135,Alex Kirilloff,1,2023,2023,317,674,226,33.531157270029674,0.10582354983037806,0.015953906120025646,-5.015783943968838,-1.8051166549888542,6.970450531710464,95.24979897032952,86.80086298611403,18.3428817198535,13.141413664448953,38.000847621265336,-6.4338651878159006,-4.704167132554982,0.48672626517234713,466.0,363.0,103.0,23.916122261665443,21.266116411268573,20.516896820769375
686469,Vinnie Pasquantino,3,2024,2026,1663,3292,1007,30.589307411907654,0.11011594123614216,0.006501969144598286,-2.2231447983544603,-1.815487309245779,2.479972160069051,95.28799974594821,94.2299465265929,6.43663516058472,6.0819536937249445,38.529015521267546,-4.634469652008298,-1.7522677535550444,0.1071707044898856,355.0,364.0,-9.0,110.88675282479515,104.7249364920227,98.04154777264549
693304,Nick Gonzales,3,2024,2026,1351,2371,768,32.39139603542809,0.10524647679831421,0.007780800701707358,-2.364055204846561,-1.8645696839068666,2.7254908174902632,95.29666565785872,94.03672486598894,6.874988192574816,6.425002454599564,39.643570885457976,-5.134860207671302,-2.7883858555025194,0.12662112610634715,423.0,365.0,58.0,80.82929418110531,75.50622987819247,69.26730061349876
663647,Ke'Bryan Hayes,5,2021,2025,2442,4732,1315,27.78951817413356,0.1185366783527389,0.006184200375348803,-2.1839932228920316,-1.8859967366834043,2.098662086297509,94.8630228931026,94.05135599155665,5.716223619443926,5.485322800454701,36.71413552050063,-2.6676903537891032,-2.583605375383213,0.079156218031448,247.0,366.0,-119.0,155.87573203385165,146.98687961668108,145.01823229393
700932,Kyle Manzardo,2,2025,2026,882,1689,492,29.129662522202487,0.12379758989932632,0.009811134927895478,-2.7624545632840682,-1.9237084628874743,3.5018919945253937,95.17173186401526,93.0665838393256,8.78931182090249,7.895128963853119,39.84261869282296,-6.511321799955543,-2.7510948249576157,0.19312044332693987,304.0,367.0,-63.0,60.90841423046855,56.84760602244097,51.3367711845339
682928,CJ Abrams,4,2023,2026,2440,4535,1605,35.391400220507165,0.09530331453603486,0.006119356860563051,-2.384791734589728,-1.9643437285123124,2.465132000971318,94.93216637671242,93.84744759195213,6.359823211707498,6.01322038474392,38.76101455828792,-4.7389655620216145,-2.568442923773368,0.10602750866289012,499.0,368.0,131.0,152.96181983033594,143.26366677633771,133.69002654478138
608369,Corey Seager,6,2021,2026,2906,5379,1489,27.6817252277375,0.1182228816621875,0.004885114093510151,-2.178030874491516,-1.9910580746973499,1.6377326732841133,94.69561260689503,94.1974974716886,4.363091491826445,4.2531884968233715,37.53606075765644,-3.341396239559412,-2.089943514178098,0.0497439983968201,242.0,369.0,-127.0,176.0338707949972,165.4849412595433,159.85037500806445
621563,Joey Wendle,2,2021,2022,866,1575,565,35.87301587301587,0.08475022533827309,0.010582651708401919,-3.2760908122682806,-2.0549486676846307,4.14846030569027,94.32515704261691,90.95291227167468,11.456179475400239,9.911870291096381,36.21155128198039,-3.1997603636739216,-3.428185365568307,0.25143140557254207,507.0,370.0,137.0,47.8838773161243,43.155386243750414,43.26555652455494
571448,Nolan Arenado,6,2021,2026,3468,6972,2227,31.942053930005738,0.10561979506214006,0.0050099326005004444,-2.3369175547906353,-2.0573646622776485,1.9842279829536114,94.55439697768455,93.81445325050862,5.2520188078728065,5.061163092540346,37.780290885082934,-3.842976569284223,-2.3718663374274924,0.07135843261646858,410.0,371.0,39.0,235.21528360338593,221.70790013669605,213.00287903292312
657136,Connor Wong,2,2023,2024,886,1645,527,32.036474164133736,0.1048740472590528,0.008828117350734325,-2.8574082324469243,-2.072949752035031,3.316777198153775,94.39486352052799,92.2737330681997,8.968374100434303,8.137254704658355,36.98303796217819,-3.333803629952382,-3.3624011860966445,0.17675635186370897,413.0,372.0,41.0,55.26862290552083,51.04918341560754,50.34570621195781
669242,Tommy Edman,4,2021,2025,2220,3924,1144,29.153924566768602,0.10495154900319964,0.005910369675487434,-2.386430820605848,-2.1209498543213945,1.9169632093739128,94.22843524334928,93.50600393011148,5.216472834789606,5.0389057861571285,36.74826401068049,-2.608528485213995,-2.2811530327889322,0.0669206537442024,306.0,373.0,-67.0,120.06457205966039,111.23477802341876,110.41301666436861
671277,Luis García,5,2022,2026,2401,4545,1664,36.61166116611661,0.08700792350743487,0.006169988947708696,-2.6270873784690028,-2.1334960315152895,2.6094327147633316,94.4194656562371,93.1283906212847,6.825430498754084,6.412617842293334,38.2310348810915,-4.273357084436828,-2.132148543592699,0.11730509325339496,522.0,374.0,148.0,144.78118471637163,134.2684567235315,127.68063411681692
656811,Ryan O'Hearn,4,2023,2026,1799,3600,1036,28.77777777777778,0.12613280720308603,0.006885726292723866,-2.607776246178951,-2.1535692543861735,2.496426755825566,94.41146047374802,93.23278756988663,6.478259090535128,6.116921522216118,38.53545714886423,-5.019321477719775,-2.4983449593221576,0.10844284203365163,289.0,375.0,-86.0,130.67358826239712,122.8546058176039,115.62398936503399
650859,Luis Rengifo,4,2022,2026,1850,3491,1099,31.4809510169006,0.10918767672688788,0.006497419329600567,-2.5847854046968357,-2.155947686579605,2.4249352493951304,94.35549922926995,93.23275638838449,6.3487388721831515,6.013060192511041,38.1955424252827,-4.486688611957685,-3.0908492533575727,0.10295098570126182,395.0,376.0,19.0,119.99725672284978,112.02750172503454,106.16330016931359
595909,Jake Cave,1,2024,2024,347,649,218,33.590138674884436,0.10105334947142883,0.0152079177700697,-4.67883423697939,-2.1762207611042474,5.842188918192203,93.97861119515902,87.05412585074369,16.16476213098833,12.523151315642917,36.1415087388917,-4.67883423697939,-4.2977052552781645,0.39981018709552824,467.0,377.0,90.0,22.029630184771484,19.32370438438507,19.32370438438507
663616,Trevor Larnach,4,2021,2026,1691,3396,930,27.385159010600706,0.12972852924117764,0.0065830069307584345,-2.5890264746016,-2.17661058413505,2.3715040567269403,94.3503960772374,93.27993062532224,6.155468837369508,5.843132421103916,38.52678194599364,-4.894735866828239,-2.2143566854794625,0.09890789744955363,222.0,378.0,-156.0,120.6475321942952,113.35079258004302,106.85253494295094
516416,Jean Segura,3,2021,2023,1278,2413,805,33.360961458765026,0.09647587875853997,0.007817452915824535,-2.856867303433391,-2.1803059638640194,3.035961785183353,94.05682341772284,92.21262192653546,8.275561909858347,7.618627862181021,36.685868805678716,-3.2059121689121155,-2.7606011657184064,0.15246325279760584,460.0,379.0,81.0,77.66308240062467,71.57795504431155,70.83448948084187
596142,Gary Sánchez,2,2021,2022,904,1925,522,27.116883116883116,0.12147824742267468,0.009529302160558159,-3.098954180791069,-2.1833627850041255,3.530344958757167,93.95368325455115,91.4181652790879,9.776471408210812,8.76805656032158,36.11062530998854,-2.7711788797460555,-2.4698904853172245,0.19565490766720206,210.0,380.0,-170.0,63.41164515463618,58.74255418891097,59.236402309152126
605548,Bradley Zimmer,1,2021,2021,341,675,155,22.962962962962962,0.16050688570421734,0.01382752783026918,-3.6528145803458614,-2.2237973259353527,4.386971345472504,93.93772278700413,90.042089566586,11.959289685060506,10.196634149559886,36.682541028776065,-4.358016090214709,-4.998248516382244,0.2730527414386916,88.0,381.0,-293.0,24.87856728415369,22.802550997657125,22.401761472881663
614177,Franmil Reyes,2,2021,2022,937,2006,545,27.168494516450647,0.12400280671584266,0.009732940513066056,-3.1674902607334507,-2.230400145810753,3.5494429306870967,93.82566121976926,91.23154740211842,9.825798826421305,8.802958460423264,36.12370854919949,-3.021767659889117,-2.6603625422150494,0.19735857785891864,212.0,382.0,-170.0,67.58152966013425,62.63496570295551,62.86253583127408
642086,Dominic Smith,4,2021,2026,1670,3289,1025,31.164487686226817,0.10778908625638917,0.006392304489976205,-2.691220257247153,-2.2343922879393254,2.4769572836566476,94.16638933309743,92.973690750544,6.466905793309741,6.111352100397945,38.3020468029572,-4.190070471726229,-2.7542392124848134,0.10693813846548346,378.0,383.0,-5.0,110.4838134127989,102.99325036346099,98.82145059982756
672275,Patrick Bailey,4,2023,2026,1559,2998,826,27.55170113408939,0.13095482959033722,0.006607662764848516,-2.6978515569926134,-2.2995954288126006,2.293208309913593,94.00746128327246,92.96964165752854,5.97589445973734,5.690976243406612,38.374310747355246,-4.879034205899925,-3.4245398551775583,0.09308265541887939,232.0,384.0,-152.0,108.16868924161854,101.1587716126994,95.49133202995523
623993,Anthony Santander,4,2021,2024,2402,5295,1785,33.711048158640224,0.10339776896670241,0.005906379717288646,-2.916825521565872,-2.366870967297756,2.6717330867779454,93.53247133710678,92.0297080297016,7.300571326904416,6.839664514285536,36.59621921550093,-3.200575874516005,-2.9047405344410495,0.12228018402564345,471.0,385.0,86.0,184.5650176055638,172.88799276756177,171.7520455212514
694374,Tim Tawa,1,2026,2026,295,621,202,32.52818035426731,0.12656868129881976,0.016447219024516468,-6.149243550863496,-2.3861048875095925,6.971870687306681,94.57531727324208,86.02002139653945,15.850177705346317,11.354436588132026,43.986072692137995,-12.636767323807744,-7.998455978725073,0.48682805327161044,431.0,386.0,45.0,25.566873622361594,22.543495543187042,19.353796354822787
669065,Kyle Stowers,2,2025,2026,904,1765,546,30.93484419263456,0.12264373661904346,0.009488490602717614,-3.4420449883571855,-2.3988511239114425,3.664882835647192,94.07613865787494,91.5000155528046,9.050273081602697,8.055784149631387,40.494721016729635,-7.501685445175405,-3.5747123512494468,0.20769522272787488,364.0,387.0,-23.0,66.96348019399773,61.7774657448729,55.66094078993345
668901,Mark Vientos,2,2024,2025,914,1762,577,32.74687854710556,0.09894025047591701,0.009768862570501559,-3.5655979277408396,-2.4065223799006876,3.8593597819453427,93.42607837381384,90.25981992802934,10.542652312591665,9.279771454132243,36.607104811147934,-4.300174676685961,-2.2522999688382375,0.22522643818165936,444.0,388.0,56.0,57.08852452460411,51.65693034801223,50.5379251004525
681807,David Fry,1,2024,2024,388,756,215,28.43915343915344,0.11816169242984542,0.01211832742450898,-4.1095888248953445,-2.479397241961821,4.535714394114584,93.13975169140143,88.62917191812461,12.549875620531923,10.600833687157525,36.1415087388917,-4.1095888248953445,-4.312862862803074,0.28648813585808847,277.0,389.0,-112.0,25.404763872416765,22.74722976565111,22.74722976565111
677587,Brayan Rocchio,3,2024,2026,1353,2603,822,31.57894736842105,0.10951674355904664,0.007230720784702151,-3.1156709451770013,-2.506949878934245,2.762274946823106,93.6510313378668,92.10941656286437,6.995591424042013,6.526493011951837,39.48593877752624,-6.0623462439427644,-3.2130900231699036,0.12961603526187046,399.0,390.0,9.0,90.02276320553634,82.9969252241622,76.3521724254454
686894,Joey Wiemer,1,2023,2023,410,807,236,29.244114002478316,0.11453595993075738,0.013114766401269589,-4.578367094543885,-2.626983696697819,4.874659644084831,93.0870392079682,87.95193428269262,12.827765561094916,10.602654149474144,38.000847621265336,-5.730263455039479,-2.9633473988776435,0.31683255590859327,311.0,391.0,-80.0,27.030486543658743,23.90193569572042,23.114806516048432
503556,Marwin González,1,2021,2021,309,612,205,33.49673202614379,0.10512127700406955,0.01686141570999996,-6.337767957771256,-2.6459676945866724,6.689822221228248,92.78684731106547,82.72265830003566,18.237074187364325,13.323947462044842,36.682541028776065,-6.8845076726049115,-6.688481993566673,0.46622836234917087,465.0,392.0,73.0,21.549861785834256,18.28591128758206,18.004340334442727
682626,Francisco Álvarez,3,2023,2026,1139,2383,696,29.206882081409987,0.12717264652861981,0.009850790347127686,-3.7992345901174844,-2.671266970117622,3.686785721117369,93.22148582533121,90.35919441594812,9.355459244292664,8.317086744255912,39.40785401172591,-6.929492726311145,-3.6349108000858754,0.20966313533630754,309.0,393.0,-84.0,88.5121619839194,81.29994832034637,75.35767495847207
669127,Shea Langeliers,4,2023,2026,1959,3809,1204,31.609346285114203,0.10893106822086021,0.006634437681546384,-3.260950007101184,-2.732787309043606,2.5047483545995335,92.90332379490965,91.5317572484325,6.504490118569298,6.139466848959774,38.50798923421945,-5.282629987962763,-3.0782146646387547,0.10908801604977356,401.0,394.0,7.0,131.1530061379157,120.50600436473033,113.90521922721727
462101,Elvis Andrus,3,2021,2023,1522,2935,882,30.051107325383306,0.11201982349417451,0.007584693554499814,-3.3858994633461608,-2.739417772695866,2.769011877990566,92.51893559087716,90.75346147616628,7.561882826104249,7.052579176126576,36.61802148575625,-3.5376265412810026,-3.3176888254062984,0.13016665182003087,337.0,395.0,-58.0,98.80148432186192,90.21258601650716,89.82770499547911
666182,Bo Bichette,5,2021,2026,3234,6205,2321,37.40531829170024,0.0880012982049676,0.004963747529662881,-3.1379667530211504,-2.742861620115144,2.1638642177394765,92.81183513771535,91.77639069077892,5.670797470291995,5.4281917770144075,38.15802325996412,-4.736416432992866,-3.035341327973549,0.08373290236738304,531.0,396.0,135.0,204.2510131337298,187.3373723349458,178.72172855989825
575929,Willson Contreras,6,2021,2026,2867,5866,1835,31.28196385952949,0.11161380019653692,0.005028426798961984,-3.210153808420982,-2.8424530513731256,2.0638386446991377,92.52540613049521,91.55848995817198,5.427127696572905,5.214701466424781,38.028193919269675,-4.923775488338099,-3.1392058466613193,0.07675105324733003,387.0,397.0,-10.0,204.81132336064525,189.47213841274032,181.2838828188697
641820,Trey Mancini,2,2021,2022,1200,2525,777,30.77227722772277,0.11263123319105005,0.008994328046320324,-3.9408762728287883,-2.8436047049112023,3.5647494421456094,92.13281489650878,89.09707701117733,9.862321461379885,8.828152698321134,36.14513536295589,-3.705476936536968,-3.4660934573897317,0.19872542138912583,360.0,398.0,-38.0,87.51446818944589,79.63271564378832,80.10351431637196
694192,Jackson Chourio,3,2024,2026,1659,3129,1076,34.38798338127197,0.10347775179039033,0.006934491882646989,-3.5442199458961907,-2.877260604314093,2.768700741370838,92.59167697714695,90.87440109391932,7.128804882996545,6.648766893619337,38.83821744055132,-5.95499144552426,-3.6312359118694513,0.1301412081123603,482.0,399.0,83.0,111.34206092646,101.54229277605702,94.87650957958542
663898,Brendan Rodgers,3,2021,2024,1531,2819,820,29.08832919474991,0.11272873634893658,0.006672303411687891,-3.368124853748293,-2.9072069189820122,2.293951986150719,91.94116985826783,90.6634970096974,6.35887638027191,6.055515562492885,36.074800781905246,-3.106577384814337,-3.1968865641242026,0.09313741385753534,302.0,400.0,-98.0,92.437563806128,83.84323188764694,84.51061384587675
543063,Brandon Crawford,3,2021,2023,1317,2596,735,28.312788906009246,0.1188572407418506,0.00696279748291949,-3.4676551674904776,-2.9097904166711133,2.5229695739969222,92.05329881653753,90.5297579971888,6.890285013192845,6.498437726491928,36.61633109756979,-3.7556753224902093,-4.13385262716237,0.11050492105665814,267.0,401.0,-134.0,87.36007194526019,79.74856885261859,79.11636461239418
669304,José Miranda,2,2022,2024,908,1753,599,34.16999429549344,0.09258125199819554,0.009506586494962785,-4.206141297861958,-2.918290210171122,3.829743937021538,91.85839142884302,88.26547273372027,10.684432944440665,9.420802327026557,35.84414780771528,-3.7595057154689284,-4.546595656943464,0.22254935720057817,476.0,402.0,74.0,55.45616994691913,49.0908761161547,49.76678463084282
425877,Yadier Molina,1,2021,2021,472,842,328,38.95486935866983,0.0843250729700251,0.014473781459806155,-6.248587338236485,-2.936141966261698,6.129871146328293,91.99580540519696,82.96577291814462,16.71059576139952,12.692513993712936,36.682541028776065,-6.492794740223612,-5.145269955707256,0.42308552625269474,545.0,403.0,142.0,27.658623934168233,22.7430685614222,22.550958738525658
519058,Mike Moustakas,1,2023,2023,383,710,235,33.098591549295776,0.1057077162863611,0.01300097054984257,-5.142067728883905,-2.9361472560098947,5.002322122115407,92.27346904134102,86.46854464897147,13.163711957088292,10.790002443042928,38.000847621265336,-6.409761993098065,-4.608108139615706,0.3281283059028791,453.0,404.0,49.0,24.841313327294856,21.55896009369063,20.749748588367257
657757,Gavin Sheets,5,2022,2026,2209,4922,1561,31.714750101584723,0.11294899858955929,0.005639957441104561,-3.4699509774788324,-2.9395287876374123,2.4520259590194318,92.26765831070293,90.87239876138737,6.449980223327982,6.101895420848751,38.016022904241794,-5.374129792362524,-3.1495018026839627,0.10502118736166342,404.0,405.0,-1.0,176.31338679830205,163.5381839495508,156.5276322794207
543281,Josh Harrison,2,2021,2022,977,1631,592,36.29675045984059,0.08608224369524288,0.009405576280562494,-4.068490353135187,-2.982919559679897,3.4911521377018375,91.76160154446465,88.76340981678156,9.642064361389687,8.66625296674572,36.20751746567543,-3.8835437441846103,-4.372420513931331,0.19216498843769894,515.0,406.0,109.0,50.960688267583784,44.335829809228656,44.63698453746984
683146,Brett Baty,3,2023,2026,1249,2419,660,27.284001653575856,0.13379665994253312,0.007942576370945057,-3.6705475929135867,-2.9937697149433253,2.753259279155291,92.46629476087466,90.76320951034957,6.928470066521245,6.466604360797427,39.73834414698843,-6.794010326177048,-3.76523890665076,0.12888018695656295,217.0,407.0,-190.0,88.30579556207186,80.66493898949008,74.16293073307997
666139,Josh Lowe,4,2023,2026,1619,3501,1240,35.41845187089403,0.1043243383887164,0.006614109303331411,-3.898873721449924,-3.0252875416331753,3.117352408464217,92.12509052212485,89.85112086056142,8.114556943582057,7.439651250177841,38.41679133116176,-6.330669424944423,-3.3986224601628185,0.1594268168692628,501.0,408.0,93.0,129.36217960200833,118.84171867696261,112.27992327036662
666152,David Hamilton,1,2026,2026,352,708,203,28.672316384180792,0.1462819350719282,0.01369906049508486,-5.371841641614599,-3.0335793458185365,5.095526591128851,93.10331848207773,87.78740334648073,11.584409062370367,9.437425768684205,43.986072692137995,-11.741083166746936,-6.041725381430003,0.3363190868548922,286.0,409.0,-123.0,29.695232819601422,26.54375238985419,22.807130695109887
805779,Jacob Wilson,2,2025,2026,859,1412,518,36.685552407932015,0.0880640863890781,0.010085630670715263,-4.33600060046298,-3.0463284661534558,3.7790528790634905,92.34361518668346,89.10226211100776,9.497952500347447,8.399258996772746,39.788079366845096,-6.882210973646724,-4.235045678361174,0.21797261793376008,523.0,410.0,113.0,45.61719674954246,39.40948922321296,35.7641647056049
578428,Jose Iglesias,3,2021,2025,1315,2508,1009,40.23125996810207,0.08008902084669126,0.00742250298539589,-4.163180496202106,-3.095274034628525,3.420778416403058,91.49426192466233,88.5596808344308,9.400216232287406,8.481466099157748,36.39042264425295,-4.38451598755591,-4.581214792491588,0.18592170904377184,555.0,411.0,144.0,80.80982203431148,71.68551811346853,71.20042449491811
542583,Jesús Aguilar,2,2021,2022,1012,2175,696,32.0,0.10402773178653846,0.009240001198497601,-4.516164790474091,-3.1318138722591407,3.879637481835147,91.3326666475923,87.50145848060586,10.736944375721956,9.439596401005359,36.13353432851587,-4.262315048799606,-4.086739184421873,0.2270606000703478,411.0,412.0,-1.0,72.40330132343077,64.78603671016447,65.21419660778876
663586,Austin Riley,6,2021,2026,3541,7187,2152,29.942952553221094,0.11782931303281921,0.004770312176950493,-3.450666956039732,-3.14318925340375,1.826212568582919,91.70178556932845,90.89002537819118,4.8213143620537595,4.671670694403063,37.87789866921264,-5.073681697260641,-3.5179018039064194,0.06111252698804117,333.0,413.0,-80.0,253.56868164662694,233.20399549439912,223.62550349662706
665019,Kody Clemens,2,2025,2026,903,1742,534,30.65442020665901,0.1264358087068147,0.010948879374864185,-4.598545966711,-3.1539999003855876,3.9537921385773203,92.31245508205859,88.79152511324199,9.636954857798472,8.435639038746906,41.027401258166215,-8.740855105892603,-4.130075786433588,0.23377498429607976,358.0,414.0,-56.0,67.51672184943905,60.595910169538996,54.361734915070684
669016,Brandon Marsh,5,2022,2026,2357,4874,1415,29.03159622486664,0.1242225442769653,0.005568332837912194,-3.660943840385979,-3.233792437791866,2.132111954422661,91.55892770216305,90.44394709014782,5.565388472073136,5.333801797990927,38.31020898399997,-5.436189223955099,-3.934638632579889,0.08149234811476508,300.0,415.0,-115.0,175.7749001519059,161.39349243225632,154.41973681713563
666969,Adolis García,5,2021,2025,3085,6589,2273,34.49688875398391,0.09824807900395412,0.005451761941290216,-3.8158026316782423,-3.24896749829219,2.4522463742787166,91.14108441367918,89.59550274791383,6.6865069096615235,6.325597799443474,36.67455081419861,-4.383344527050079,-3.3171566207875607,0.10503808583950244,485.0,416.0,69.0,223.3178835759877,203.69829837810875,200.78018713273855
444482,David Peralta,3,2021,2023,1439,2742,857,31.2545587162655,0.10168842079438707,0.007377005308273141,-3.9984749394588013,-3.2707346577394762,2.7723460889485225,91.08770668580533,89.10471646313778,7.554254349157826,7.044359807099822,36.69913615309489,-4.248987581401596,-4.315884517208133,0.13043939834846205,386.0,417.0,-31.0,87.14697662078972,77.55730089098769,76.95648807139489
607208,Trea Turner,6,2021,2026,3846,7629,2489,32.62550793026609,0.10560820092210792,0.004398605401107017,-3.5580833767870303,-3.271225993871141,1.740484911621115,91.36601360377666,90.60888989957759,4.593789324835203,4.463730103774128,37.88778258096442,-4.955287477582804,-3.5073502960560305,0.05582237045525929,436.0,418.0,18.0,262.8588120951266,240.05149764992174,231.09541936382084
592669,Hunter Renfroe,4,2021,2024,2064,4166,1302,31.253000480076814,0.10619747738600933,0.006398535619422608,-3.8652944989708495,-3.275874038903389,2.4936869125059515,91.05905025614467,89.45032579089404,6.806100935764039,6.4272419220988715,36.63899398556327,-4.107823575625866,-3.0633086336815643,0.10823068769217921,385.0,419.0,-34.0,138.26911555658415,124.97250248012443,124.13820245643117
676609,José Caballero,3,2024,2026,1268,2607,859,32.94975067126966,0.10820082920001349,0.007426363337056791,-4.321000770201029,-3.371800761909872,3.133725087664298,91.35123860694074,88.91651456311851,8.038090761715264,7.363365784983057,38.98593808606842,-6.819680126860815,-3.6161945534727047,0.16083581737068953,448.0,420.0,28.0,92.94451228281159,83.81279732178675,78.53225494804573
543228,Yan Gomes,2,2021,2023,787,1474,522,35.41383989145183,0.09573770608746876,0.010375822595392041,-5.112776632794895,-3.4126592343902775,4.176739049541208,90.87102831734173,86.32316035829443,11.172909420570114,9.650203554301312,37.382734365066426,-6.040941513962435,-5.4773799912058845,0.2539973118766681,500.0,421.0,79.0,49.975082577658696,43.26882389430939,42.0513809585113
693307,Dillon Dingler,2,2025,2026,1023,1956,639,32.668711656441715,0.11819920425012385,0.00995139726848578,-4.817277187618341,-3.4166898424347423,3.789463912057194,91.63256744640282,88.20254579190745,9.280351790970242,8.201899118044924,40.8331925061756,-9.412904708356638,-5.106507145270275,0.21891199633799974,440.0,422.0,18.0,75.52929151582914,67.31583391093987,59.48028898808108
602074,Yonathan Daza,2,2021,2022,740,1402,488,34.8074179743224,0.09778375056660521,0.009938380201021325,-5.180091324864378,-3.5357774198308456,4.057897703638065,90.19834183702753,85.640079000864,11.249046936125902,9.785931742713597,36.07325782068057,-4.904629311974597,-5.535513161476581,0.2432143182202705,487.0,423.0,64.0,47.71847027650334,41.32969097583727,41.66942745840134
691176,Jasson Domínguez,1,2025,2025,429,900,279,31.0,0.12617385209203924,0.011313431523692104,-5.872149817143407,-3.5557730923985513,4.8069139013632,90.4065575622718,84.15699489460921,12.969008600246909,10.766578347744966,37.06462112510037,-7.799727565666349,-6.602424002414372,0.31080541956761537,366.0,424.0,-58.0,35.20250473367895,31.003917614421415,29.62569952422751
592743,Andrelton Simmons,1,2021,2021,450,827,238,28.778718258766627,0.12302106978793867,0.014374769606074724,-5.826474464929277,-3.5601503700963226,4.752671322224311,90.2947007752175,84.11649165645687,12.956221649138264,10.793670929400013,36.682541028776065,-6.255074471787404,-5.899664007617299,0.30596462240309696,290.0,425.0,-135.0,29.279014609529405,24.909158760832447,24.58770875568885
642715,Willy Adames,6,2021,2026,3684,7672,2245,29.262252346193954,0.12435325394061782,0.004422202582882261,-3.9317112881400957,-3.6347593077992846,1.7080125946873002,90.35778304534938,89.5700347580239,4.530981725230687,4.40725030749446,37.69630288235912,-5.403329311346955,-3.7300202506504876,0.05387000212225649,312.0,426.0,-114.0,279.173055096687,255.0323477875068,245.9966131250167
686527,Dominic Canzone,1,2026,2026,457,937,328,35.005336179295625,0.11534853622931526,0.011781677226628505,-6.669798026838669,-3.6682679667123748,5.412882700676465,91.66038761317276,84.83656844401384,12.305901321451588,9.815441802059587,43.986072692137995,-12.938586529103423,-6.4372949396112125,0.36380119612758743,490.0,427.0,63.0,37.83431988321541,32.75415705277329,27.979429810214967
650391,Eloy Jiménez,3,2022,2024,1162,2251,775,34.42914260328743,0.09417271629916324,0.008438361939571615,-5.031848202195164,-3.748814884919537,3.512119924676772,89.80300471250357,86.31307920495445,9.553171180875756,8.576433713087727,36.763917009124604,-5.338489885948145,-4.329381546321523,0.19403097563201963,484.0,428.0,56.0,72.98385513185151,63.238842446933546,62.644979719398606
647304,Josh Naylor,5,2022,2026,2794,5175,1860,35.94202898550725,0.09138845325979573,0.005560226575195704,-4.286149068952704,-3.751920381026723,2.2656221277306985,90.17303157817004,88.7737885470992,5.934080375905026,5.657456048389382,38.17983552986778,-5.613943877825483,-4.078896004585438,0.09105934593050777,510.0,429.0,81.0,169.98252306322007,150.02335556546365,143.84025773881274
669256,Nick Solak,1,2021,2021,510,1077,329,30.54781801299907,0.11126963169473689,0.011419549264743565,-6.061314349712653,-3.790620529197452,4.654070464320178,89.66641780288924,83.47629640771673,12.687426589857107,10.636770519310693,36.682541028776065,-6.504657177648061,-6.652859277626758,0.2971340661283054,354.0,430.0,-76.0,36.60770882756844,31.455591630312682,31.078750226567585
691781,Brady House,1,2026,2026,312,609,207,33.99014778325123,0.11115268428940678,0.012957105970210249,-7.1521240733461,-3.807504544550161,5.639563874000157,91.3438406488363,83.74002579542761,12.821248929114246,10.07104524977828,43.986072692137995,-12.500837104842184,-5.617575313721083,0.38299535994995537,474.0,431.0,43.0,23.008605647907203,19.28950112976723,16.508170353389268
553869,Elías Díaz,4,2021,2024,1626,3150,1049,33.301587301587304,0.10373387058899346,0.006439665970141953,-4.600380370136359,-3.878427339523344,2.6030771497781244,89.44179145885275,87.4764250907768,7.086333967373065,6.659642141379333,36.73376335017832,-4.8602702335585635,-4.152593748384968,0.11680103089115257,457.0,432.0,25.0,108.81683024785414,96.34979944478461,95.64549791491044
595281,Kevin Kiermaier,2,2021,2023,795,1517,438,28.87277521423863,0.1256670166465295,0.010013079858875626,-5.241701228271438,-3.904721819818338,3.533877729069011,89.54813900519888,85.96941468759476,9.459213870085925,8.48186189665371,37.35910592152528,-6.062284225486271,-5.339339477129525,0.19596990621120933,295.0,433.0,-138.0,55.042153291179915,48.09689916372026,47.009626692410606
683734,Andrew Vaughn,6,2021,2026,3008,5911,1798,30.41786499746236,0.11392704868869812,0.005500158152068524,-4.369257958701482,-3.925665489708267,2.0316726530761384,89.5182341942144,88.33381530131922,5.424689648008125,5.218556343169419,37.452329716634424,-5.5169833556956185,-4.37348672126196,0.07455426146000221,348.0,434.0,-86.0,204.8408335422792,182.9362869759891,177.18235698572516
650559,Bryan De La Cruz,3,2022,2024,1603,3291,1090,33.12063202673959,0.10451108488636765,0.00707264655142744,-4.877193543014489,-3.9426999994734473,2.944279744369871,89.26960827441692,86.72630500798459,8.013106503413304,7.410688357590942,36.743299781622895,-5.240803057386971,-4.725275931468845,0.14470630539110124,454.0,435.0,19.0,113.91708252614073,100.88684711038702,99.9154036911552
592273,Brandon Drury,3,2022,2024,1453,2811,877,31.1988616150836,0.11253146036601733,0.007453821604533677,-4.798494945100811,-3.9485440436065176,2.8064557898924765,89.20846758269943,86.88551699501603,7.670158493833843,7.140919255133633,36.589280288648915,-4.861844392623958,-4.747524256077152,0.13323858794705865,381.0,436.0,-55.0,98.69009074099719,87.06973548227806,86.91632423685951
669720,Austin Hays,4,2021,2025,2088,3988,1310,32.848545636910735,0.10213106175438089,0.00604145097417336,-4.610785041663038,-4.004578975199759,2.358206636121618,89.12041603863493,87.47348390449038,6.406742695005443,6.085022501197295,36.80819955451035,-5.091610789013231,-4.461979374555226,0.09791011692937,445.0,437.0,8.0,133.79169089823895,117.74615895325158,116.07288535247291
592348,Niko Goodrum,1,2021,2021,325,666,189,28.37837837837838,0.14380778609864425,0.014680686702436154,-7.472980831206421,-4.037746209821361,5.5971150580298525,88.99273033824483,79.62796299922584,15.25825338446191,12.019873669289185,36.682541028776065,-8.187276184091123,-8.858211165792106,0.3794308799150351,274.0,438.0,-164.0,27.179671572643766,23.131806955740288,22.74489697292774
664034,Ty France,6,2021,2026,3357,6405,2031,31.7096018735363,0.10899180537644483,0.004389062097996849,-4.346832511290537,-4.044027576325345,1.660828821621067,89.26233156989748,88.45832642174035,4.409818891969442,4.295705187566662,37.66206418693387,-5.485463778156042,-4.0916015480272305,0.05108474355794358,403.0,439.0,-36.0,221.36235671955944,197.0418288188889,190.6711868807764
660688,Keibert Ruiz,3,2022,2024,1474,2615,939,35.90822179732314,0.09092981922990938,0.008087815148607512,-5.130455638601776,-4.058587728905344,3.1207045166616414,88.93578974822574,86.01374574987912,8.507425048396984,7.798506121051213,36.6821276579999,-5.415791036317154,-4.712568403934123,0.1597150762879252,509.0,440.0,69.0,85.3831002568849,72.77928090471987,72.07830694433243
642708,Amed Rosario,4,2021,2024,2146,3973,1527,38.434432418827086,0.08389930675508737,0.00619135632748582,-4.8511304456908775,-4.063291770415024,2.6743583709739203,88.89402956836003,86.74067373597235,7.309675669343214,6.8473709766137505,36.58655311055977,-5.104081783441886,-5.1125242802121935,0.12249116056011965,537.0,441.0,96.0,128.11424141501843,110.76336485426405,109.85864223624128
592663,J. T. Realmuto,6,2021,2026,2994,5917,1840,31.096839614669594,0.11466115626271871,0.005136256994544362,-4.502059583397394,-4.068953830210413,1.9818929696391632,89.20862147905073,88.05997042099736,5.256230007967046,5.065646408176109,37.70559824503762,-5.943065217245024,-4.6284195575462395,0.07120253535040236,373.0,442.0,-69.0,210.9765275234024,188.5112502022494,181.32063208934974
572233,Christian Walker,6,2021,2026,3527,7145,1929,26.997900629811056,0.1368317385705656,0.004320693267053077,-4.354015207742877,-4.086239230152124,1.5559859290632905,89.21347185706784,88.50661820616784,4.10736745171496,4.013634686158807,37.882803215320216,-6.039118451990616,-4.542171895252038,0.04512050390607458,207.0,443.0,-236.0,263.948423702621,238.35407097310582,228.4484724023362
570256,Gregory Polanco,1,2021,2021,381,822,243,29.562043795620436,0.13257854779726816,0.013909519690847139,-7.6028659540181645,-4.104559463794611,5.6149761455126175,88.8105912276504,79.27388413999455,15.306944361100507,12.043633590261287,36.682541028776065,-7.9511254115763474,-7.487956302098642,0.3809324194949493,321.0,444.0,-123.0,32.216587114736164,27.38876723393463,27.167622478385184
701538,Jackson Merrill,3,2024,2026,1669,3205,1167,36.41185647425897,0.10194248882704109,0.00723526652343805,-5.234046718567241,-4.160366883813684,3.0955314190238346,89.38569451520456,86.64642510046194,7.897600629197953,7.248805249065524,39.195846490128275,-8.092785530330184,-4.976869187715326,0.15755311809563904,518.0,445.0,73.0,118.96688446115695,104.40751117234241,96.45545271095516
640461,Chad Pinder,1,2022,2022,379,715,217,30.34965034965035,0.12540757360604246,0.016507399867911766,-8.013250162826768,-4.186565601668178,5.8306969820623245,88.23343016401975,77.47832552378708,16.387490310563464,12.705689603358326,35.58017043222186,-7.012957125715854,-8.83807323057653,0.3988655919843416,342.0,446.0,-104.0,27.213443472511212,22.151740452992303,22.78359222143403
572287,Mike Zunino,1,2021,2021,372,757,215,28.401585204755616,0.13194410115148714,0.015988125841280242,-8.10741686020665,-4.263204418846607,5.805588357383432,88.37811040543161,77.89843169848379,15.826570882396526,12.291878235415444,36.682541028776065,-8.615143320950606,-7.148361431209258,0.39679790039374385,275.0,447.0,-172.0,28.367981747569736,23.341383294241613,23.02659288858036
680718,Addison Barger,1,2025,2025,501,941,293,31.137088204038257,0.12605568584715135,0.012886368023314554,-6.788856243111075,-4.264043447444953,4.704635333577867,88.49565079040477,81.68372955925449,12.693061984092052,10.607122208626032,37.06462112510037,-8.629947370982032,-7.113687668130698,0.3016673567758042,376.0,448.0,-72.0,36.934315953215346,31.2656209902176,29.72830989844535
595978,Austin Hedges,1,2022,2022,336,653,184,28.177641653905052,0.12439341461634983,0.01343844049927079,-7.26134361467309,-4.392875359611036,4.960231287444799,87.65358539251743,79.59159968470212,13.94099923409234,11.458674797483779,35.58017043222186,-6.3410240445103065,-5.875805824280077,0.3244134705530485,262.0,449.0,-187.0,22.88838828940837,18.822035865191438,19.337414824482597
593934,Miguel Sanó,1,2021,2021,530,1180,314,26.610169491525422,0.14375406084709266,0.011943268475337384,-6.7717027766927655,-4.398147484322337,4.510087990736285,88.01024312663576,81.53971184444224,12.294917048408102,10.402274600658332,36.682541028776065,-7.286292285619175,-6.238696249460877,0.28417737279012956,192.0,450.0,-258.0,45.138775105987094,39.157104319908484,38.702550253690156
669477,Casey Schmitt,2,2025,2026,752,1383,475,34.34562545191613,0.11043534476712266,0.010470988249595914,-6.40420075742834,-4.408611447373753,4.131818252234585,89.19740559219758,84.3075344437869,10.124357131140318,8.768410425096754,40.81067270460079,-9.918674771739283,-6.2747908936200645,0.2499213103549017,481.0,451.0,30.0,52.45678876438326,44.43019048173974,40.025383050470026
596748,Maikel Franco,2,2021,2022,789,1449,538,37.12905452035887,0.09016314876662376,0.010513084796138565,-6.671622656156129,-4.437164822036795,4.361731588923184,87.72291202507684,81.54044269928178,12.068373519564354,10.305796488810035,36.141834538451,-6.3946382478698816,-6.020763899069468,0.27076813490141455,528.0,452.0,76.0,48.507774036443585,39.73459024359828,40.09882474049469
664040,Brandon Lowe,5,2021,2026,2612,5261,1660,31.55293670404866,0.1158853362853132,0.005139728534316171,-4.943100811323409,-4.444486811037583,2.059164504787458,88.47029958073283,87.17681615000895,5.341797796593183,5.1336029231031395,38.548155194131894,-7.218019840940256,-4.921882516031927,0.07643033926385648,398.0,453.0,-55.0,192.3696582336199,170.85069270165866,160.94721185939332
623520,David Bote,1,2021,2021,324,618,171,27.66990291262136,0.128806308435584,0.013120748074408575,-7.198969419211599,-4.471967444442809,4.804667986592083,87.80900308695976,80.37494345453256,13.097969365925339,10.875217671034058,36.682541028776065,-7.626229102728073,-7.549634241673727,0.3106052435642893,240.0,454.0,-214.0,22.025878742484863,18.1384352561106,17.907715027011704
665923,Esteury Ruiz,1,2023,2023,493,857,295,34.42240373395566,0.10257296423194225,0.01238102913724827,-7.017543222901231,-4.473896116828033,4.639593194546075,88.22685177599978,81.53319290969131,12.209183439239263,10.245284537551461,38.000847621265336,-8.017764803259803,-6.8590610259669065,0.29583439052525323,483.0,455.0,28.0,30.259024448422963,24.492943100272452,23.671094368411158
676391,Ernie Clement,3,2024,2026,1604,2586,1075,41.56999226604795,0.08177639586352622,0.007897871766303842,-5.697241540007692,-4.4781478806138715,3.2108319306832005,88.58995756770474,85.48378270402007,8.181000169883122,7.464435390980041,39.24742530263353,-7.5110238214243825,-5.708151397836582,0.1675059786017562,561.0,456.0,105.0,87.9096255532907,72.6789998363368,67.83015520401618
516782,Starling Marte,4,2021,2024,1736,3295,1075,32.62518968133536,0.10152961135654706,0.0060132944139402655,-5.1582922209041415,-4.500501727454939,2.3541988795143354,87.67210019342927,85.8702621344664,6.448687206216471,6.125879282150684,36.50663777342016,-5.21237070022642,-4.6017474851058315,0.09761006108246383,435.0,457.0,-22.0,109.14433220828809,94.21967338247211,94.06320631563298
656896,Emmanuel Rivera,2,2022,2024,663,1269,363,28.60520094562648,0.12138001296062316,0.00943992833232314,-5.993771156435198,-4.5857642232785025,3.420411288671372,87.20342182350595,83.27437752120122,9.544660021782317,8.611964200184053,35.835862994234375,-5.484132348916453,-5.589251716965917,0.1858892218240877,285.0,458.0,-173.0,44.06094470470621,37.437827576845315,38.00097845915353
681624,Andy Pages,3,2024,2026,1620,3126,1005,32.14971209213052,0.12203586999431698,0.006850553266511035,-5.509279761079279,-4.651077988562963,2.6563344122977837,88.12757051666276,85.93690846977177,6.780609370928112,6.356998175815279,39.17545263242604,-8.788771631106126,-5.916582947036298,0.12104483486338023,417.0,459.0,-42.0,122.64604934428857,107.77099398937452,98.91636594030203
676356,Jonny DeLuca,2,2024,2026,679,1274,470,36.891679748822604,0.10133311311924459,0.010304500024594897,-7.08631132203868,-4.698609142947295,4.413957720329865,88.1955899878847,82.19691790188608,11.089274532469858,9.438958961353258,39.80384566551773,-9.560850627966158,-7.161975321934897,0.2754941020888419,524.0,460.0,64.0,47.62656316604496,39.60722085327119,36.80686720539659
607680,Kevin Pillar,2,2021,2024,659,1294,484,37.403400309119014,0.09297338043367456,0.009696888338949782,-7.092350043862398,-4.70144496654367,4.415920163732537,87.09271872182488,80.52876135085154,12.123405476585523,10.317925640611277,36.424750226008705,-7.433322366164326,-6.852931632591066,0.2756715796007537,530.0,461.0,69.0,44.99911612989849,37.20935166505629,36.834850397728005
452678,Asdrúbal Cabrera,1,2021,2021,350,678,189,27.876106194690266,0.13420922572057145,0.013821709448241506,-7.755293371001773,-4.748692750500323,4.933451508969174,87.05462430540143,78.85835290167593,13.449045160473121,11.073677552851034,36.682541028776065,-8.263860497792242,-7.622018529457776,0.322045039046803,249.0,462.0,-213.0,25.365543661188003,20.841622528103635,20.544958370809194
681297,Colton Cowser,3,2024,2026,1271,2642,691,26.15442846328539,0.14275022795036305,0.007283095308881295,-5.61816825802974,-4.754293913136761,2.6432984516326643,87.67489067060737,85.43536868433652,6.852530155228057,6.428236095908332,38.574050631736235,-8.173967550100862,-4.663160960714234,0.12000191408840817,177.0,463.0,-286.0,98.64040751370086,86.7392544204412,81.3252195867372
691723,Coby Mayo,1,2026,2026,386,843,275,32.62158956109134,0.13149258947434922,0.01305964853079177,-9.098318915492234,-4.821852415947636,5.850055268595423,89.03777463904049,79.31545519152826,13.2997899347378,10.298056366318665,43.986072692138,-15.9960410924123,-9.34384124305538,0.4004561309838586,434.0,464.0,-30.0,36.16046210544604,30.3072102698127,25.869675669327457
663728,Cal Raleigh,5,2022,2026,2759,6071,1985,32.69642563004447,0.11896836738507345,0.005399459420313797,-5.570165086522713,-4.844765212365052,2.405085108196846,87.24316382169306,85.33310070144613,6.3328717440932945,6.00307245488292,37.97779594131339,-7.715659897005789,-5.2257038604514605,0.10144268281308878,443.0,465.0,-22.0,236.1522092593708,210.53873346984386,200.67303316630586
645277,Ozzie Albies,5,2021,2026,3064,6139,2165,35.26633002117609,0.10395214228522022,0.0050378635870824175,-5.451496432906668,-4.851302283557991,2.186587104231611,87.3808840250911,85.81967032711927,5.687709123188689,5.439573997165881,38.44407400014418,-7.434359449620049,-5.58749653082116,0.08534982399202479,495.0,466.0,29.0,225.05638804750177,197.21741293012505,187.09159245810872
669224,Austin Wells,3,2024,2026,1205,2412,676,28.026533996683252,0.1395836454658067,0.006373097395629073,-5.674499401574516,-4.886448908856966,2.4987026941479527,87.38114223988633,85.34606579462448,6.452696931940597,6.092182594640469,38.72338528374814,-8.500231318169096,-5.628978731052759,0.10861917509903027,255.0,467.0,-212.0,94.35854433488534,82.96225803672318,77.2872464375624
649557,Aledmys Díaz,1,2022,2022,327,613,202,32.95269168026101,0.10572183861963783,0.014289386456446711,-8.788667972819402,-4.88761391341765,5.5589073144724805,86.26309583668727,75.29897168547492,15.623610699285077,12.339581433605897,35.58017043222186,-7.801501714322596,-7.564554078034897,0.3762105304014545,449.0,468.0,-19.0,21.35581140116684,16.565987355980266,17.103992966861025
605119,Brian Anderson,2,2022,2023,743,1494,430,28.781793842034805,0.1308762326551692,0.008692574794604406,-6.445604744589129,-4.982169168574308,3.3801339350643946,86.44540083537363,82.46394577735293,9.196066825980507,8.315550149597327,36.75630026431432,-6.535734322170652,-6.814502774096227,0.18233061550964286,291.0,469.0,-178.0,56.27678004172276,48.294972833006554,48.1833623727681
621439,Byron Buxton,5,2022,2026,2054,3975,1218,30.641509433962263,0.11946173474663467,0.006486210062194223,-5.7704483359063135,-5.015652137176678,2.421346316359171,86.85105035378966,84.8722892796946,6.347760952928726,6.0130495712260394,38.14488816315636,-7.418803366551329,-5.622674027427181,0.10267774042981219,357.0,470.0,-113.0,145.50439292140103,125.75022478481509,120.10735606324032
624431,Jose Trevino,1,2022,2022,353,635,256,40.31496062992126,0.08802000995846222,0.014318056729224038,-10.291896102040456,-5.024694598363544,6.391967452830963,85.87782313202999,71.07406744538812,17.96497142982293,13.399933001093782,35.58017043222186,-9.367032746310361,-10.961000661701394,0.4436447480586449,556.0,471.0,85.0,22.53312254936633,16.478057009332527,17.022184950287066
598265,Jackie Bradley,2,2021,2022,798,1491,423,28.37022132796781,0.12197634856858393,0.010097459850365378,-6.524745159207829,-5.031508575915112,3.4016138348924465,86.08875912779756,81.96022123981601,9.40486708855477,8.494490129078665,36.168653983765836,-6.175809285295972,-6.606756786575877,0.1842270374530494,273.0,472.0,-199.0,51.595995444511004,42.91808438276459,43.38216909506736
643265,Garrett Cooper,2,2022,2023,925,1911,672,35.16483516483517,0.10115733153360901,0.008521370433849557,-7.0514308212346295,-5.0741390788414895,3.9017600856626804,86.20164184598013,80.82469430619064,10.610249789472654,9.316121734366066,36.773498862712486,-7.32602415077415,-6.566346653248964,0.22906263858628287,492.0,473.0,19.0,67.97772679058525,57.106770941181864,56.68343955814177
545341,Randal Grichuk,3,2021,2023,1551,2931,981,33.469805527123846,0.10674543362694125,0.007763160055451148,-6.393184915258871,-5.1897708763419725,3.017811069906342,85.85781565899688,82.57849879079062,8.223569300812246,7.577652160991056,36.69709537935397,-6.588160976294925,-7.098713767331371,0.15091998581660612,463.0,474.0,-11.0,104.71727038802936,88.19088738208518,87.68687426430698
671218,Heliot Ramos,3,2024,2026,1593,3150,982,31.174603174603174,0.12376109771563082,0.006675025150419646,-6.121295761137818,-5.222943214572793,2.601037292816564,86.418724069879,84.08272819242346,6.7635055038916585,6.356833891585434,38.45694058088592,-8.585485931366756,-6.56553527378086,0.11663938778758023,380.0,475.0,-95.0,121.53339795674947,105.28135771092856,98.73893280897073
682622,Noelvi Marte,1,2025,2025,361,627,210,33.49282296650718,0.11955662646341389,0.01562982801255953,-9.735508651142377,-5.327629314963515,5.717711799515344,85.62610609998758,73.73368901227096,15.426332782997955,12.053089147253893,37.06462112510037,-11.053359374326416,-9.856291060623569,0.3895201334421041,464.0,476.0,-12.0,25.106891557316917,19.249360518879588,18.45645366709719
663853,Romy Gonzalez,1,2025,2025,339,624,220,35.256410256410255,0.11249997658958164,0.01402123197030075,-9.585119841500443,-5.3588331903066235,5.586094397492219,85.54191833711315,74.13943660951293,15.071230267370206,11.881415069959942,37.06462112510037,-11.164208533617604,-10.110527326629754,0.37850315928689504,494.0,477.0,17.0,24.74999484970796,19.33440213926021,18.442217028214014
676572,Eric Wagaman,1,2025,2025,515,973,250,25.693730729701954,0.14828254818590522,0.010966803187647384,-7.229670255288471,-5.372392728531539,3.699502399873259,85.50533483021812,80.49441749077398,9.981222760612368,8.866974919024445,37.06462112510037,-9.015176939111994,-6.444762351987397,0.2108065656212722,160.0,478.0,-318.0,37.07063704647631,30.865170077353703,29.332610173738512
623205,Andrew Velazquez,1,2022,2022,347,632,184,29.11392405063291,0.12243453017166353,0.013150589884689336,-8.29114836470927,-5.3794844001045306,4.629714114453648,84.88066713915232,76.69727754535796,13.01206278163558,10.925894609380011,35.58017043222186,-7.424148569630993,-9.522783774523349,0.2949470826121205,303.0,479.0,-176.0,22.52795355158609,17.732906080662563,18.2343209621495
596115,Trevor Story,3,2021,2025,1641,3266,1080,33.06797305572566,0.10907840477864704,0.00659552632963244,-6.3798389125116195,-5.389521818853131,2.6980982355160745,85.26241230908818,82.55440119044934,7.377919726665865,6.9037629904634015,36.569905006751334,-6.897904313783538,-6.107623505845969,0.12440374488029021,452.0,480.0,-28.0,117.80467716093881,100.35581773521953,98.93890886274083
686797,Brooks Lee,2,2025,2026,1089,2102,700,33.30161750713606,0.1151880003747729,0.007736554607350825,-6.938843724657599,-5.564061376591555,3.1399085987550572,86.3056076623787,82.92196259108985,7.728013288372996,7.0770686469727835,40.63021738690763,-10.695007706601764,-6.872259035848898,0.1613686445608012,458.0,481.0,-23.0,80.63160026234104,68.0375989020875,61.22016127485884
665833,Oneil Cruz,4,2022,2026,1849,4131,1258,30.45267489711934,0.12370864761291564,0.00628198932020222,-6.588307008912177,-5.580280884547288,2.685613623669192,85.23879342489275,82.5723179978118,7.104104309458862,6.651365897088159,37.80369074949242,-8.4476567800753,-5.448554038076469,0.12339686465807119,349.0,482.0,-133.0,155.62547869704787,135.32251259791684,129.59261638644915
668472,Nick Pratto,1,2023,2023,344,719,202,28.094575799721834,0.13837773569038783,0.012411666906809227,-9.063118808794245,-5.584436802150206,4.987570141180801,85.30444147507609,76.15021933425899,13.124891820543889,10.768592432163077,38.000847621265336,-10.463333947449225,-7.656895153530272,0.3268274237675392,259.0,483.0,-224.0,27.95230260945834,22.756114492416305,21.95332447958745
645302,Víctor Robles,2,2021,2022,770,1352,405,29.95562130177515,0.12398191551422624,0.00895479927562274,-6.944538604867178,-5.609508555255479,3.0843856071704203,84.46236701447913,80.76450173248857,8.543360096159846,7.845959126548446,36.102722727991065,-6.62702210374137,-7.7037278412941355,0.15659793730366361,334.0,484.0,-150.0,50.21267578326163,41.30051790701542,41.70799741679354
606132,Raimel Tapia,2,2021,2022,965,1785,667,37.36694677871149,0.09320820782511925,0.008820680768116637,-7.567071121504746,-5.616130556581281,3.7268788110891684,84.48015080630623,79.08884035715896,10.299012198620622,9.134996220640573,36.18675984856412,-7.431486949094275,-7.522380778902453,0.21327020342448105,529.0,485.0,44.0,62.169874619354545,49.99950189893441,50.21756644289459
544725,Leury García,1,2021,2021,472,826,268,32.445520581113804,0.1075095335322289,0.011893576921318797,-8.247593264651085,-5.6239968589368745,4.3195106253746225,84.66846433968394,77.51629785357247,11.77538552191935,10.081930386199424,36.682541028776065,-8.239426686776769,-7.499326381962152,0.2669440562701847,427.0,486.0,-59.0,28.812554986637345,22.324448285111824,22.330872659706287
663624,Ryan Mountcastle,5,2021,2025,2528,5152,1981,38.45108695652174,0.09257063235825912,0.005234970703403936,-6.584083508675749,-5.678826884686756,2.5277002944750033,84.48723160743855,82.0143553199713,6.9048819466105344,6.5108543431298935,36.60743679645095,-6.877415474091637,-5.548471830164327,0.11087372648632893,538.0,487.0,51.0,183.3824227017113,155.64148418515748,154.40557883753854
691718,Pete Crow-Armstrong,3,2024,2026,1703,3297,1265,38.3682135274492,0.1014790386511845,0.006769305242763019,-7.051244815164897,-5.700984101242386,3.082384261226492,85.55856243294268,82.13815194712625,7.808136117496236,7.171480539245077,39.47656924575864,-10.16354515083195,-6.325131255448102,0.15642656071027897,535.0,488.0,47.0,128.3709838937484,108.35720069337202,99.5234549073037
681393,Connor Norby,2,2025,2026,660,1270,380,29.921259842519685,0.13878325218043155,0.008740472608974065,-7.517913763372279,-5.759812762572494,3.5031003949870962,85.76503307344767,81.42001169314398,8.657663073193712,7.77635524460972,40.462424621646115,-11.537483911641354,-8.18196248536126,0.1932279887985306,330.0,489.0,-159.0,52.73763582856399,44.46793068885448,40.0464035257585
501571,Juan Lagares,1,2021,2021,327,613,209,34.09461663947798,0.11796640511437619,0.016180824562786956,-11.582916510734055,-5.770138063363368,6.3652773039871535,84.27006989827419,68.42389816548506,17.352334722378785,12.96696502123427,36.682541028776065,-12.099345306387074,-12.385954372250094,0.4415801526178433,475.0,490.0,-15.0,24.654978668904622,18.34228917055456,18.060835476923668
663698,Joey Bart,1,2025,2025,331,692,160,23.121387283236995,0.16788944015228535,0.01261016436148177,-8.848563978342929,-5.79635466628007,4.604256645230467,84.3614895004154,76.12665741684695,12.422241224833236,10.44754785231591,37.06462112510037,-10.445731687519336,-7.53710073774504,0.2926590179165538,92.0,491.0,-399.0,26.862310424365656,21.980852629646474,21.09974844341749
572122,Kyle Seager,1,2021,2021,669,1341,396,29.530201342281877,0.12614413501924218,0.009975301971447558,-7.972180268411314,-5.84256485644143,3.8339546798831243,84.07262776082453,78.26709915717824,10.451715100313066,9.21335227240715,36.682541028776065,-8.519487171496454,-8.439335518631047,0.22292984806655017,320.0,492.0,-172.0,49.9530774676199,41.06409646834128,40.45384927140135
502110,J. D. Martinez,4,2021,2024,2198,4527,1453,32.096311022752374,0.11279441003599833,0.005232023358113524,-6.56584203087537,-5.846837838030298,2.2270867644533134,84.00255593827109,82.0352995043108,6.0934982159452336,5.818384204326671,36.548574981536184,-6.6521258303516,-5.84664321296424,0.0882591480520179,416.0,493.0,-77.0,163.89027778230556,139.8374098091988,139.52132349045087
443558,Nelson Cruz,2,2021,2022,1084,2197,686,31.22439690487028,0.1199419526273017,0.008470476001316564,-7.513196226266465,-5.854162182265988,3.3813104659452202,83.81350275865242,79.22634764739429,9.34917257587437,8.45345956720926,36.16694887706667,-7.318621975771803,-7.19156952341347,0.18243440591264187,384.0,494.0,-110.0,82.28017950232896,68.70633832020755,69.0578691327679
658668,Edward Olivares,1,2023,2023,381,708,222,31.35593220338983,0.11679365873027156,0.011729848907389718,-8.992250188838158,-5.855982992533804,4.648477723952685,84.5898621765037,76.33671154270232,12.232563258276874,10.259087880343868,38.000847621265336,-10.050716784659844,-8.076455532667191,0.2966320754140699,391.0,495.0,-104.0,25.928192238120285,20.218113368208055,19.545987079861284
606192,Teoscar Hernández,6,2021,2026,3423,6888,2141,31.083042973286876,0.11686853981258151,0.004831532617816013,-6.363469652723237,-5.858354596322556,1.8652203477329572,84.4333512531592,83.09117427659552,4.956209036381202,4.796055245168263,37.63401289254047,-7.607745494807077,-5.990212990907167,0.06358335727696296,371.0,496.0,-125.0,250.215543738737,213.91194936995095,206.81335569086264
545121,Ildemaro Vargas,1,2026,2026,457,818,328,40.09779951100244,0.0970229489547081,0.011663157384885176,-9.753121976471018,-5.880602007235288,5.156836728339521,86.63076367741652,77.82679521144365,11.723794402907098,9.512332214773924,43.986072692137995,-14.225104786580275,-9.898398984379282,0.3416791175684339,554.0,497.0,57.0,31.823527257144256,24.394899351732164,20.988739111365614
672820,Lenyn Sosa,2,2024,2025,911,1725,685,39.710144927536234,0.09293497366917186,0.0091364971000769,-8.479025959626748,-5.896225404138532,4.2070509122711055,83.9303688423938,76.8911786087192,11.465938255008904,9.885026144641847,36.691728306083036,-9.42994146742469,-8.536347239753384,0.25674738281838555,552.0,498.0,54.0,63.66045696338273,50.78646921468278,49.342662502009574
681481,Kerry Carpenter,2,2023,2025,916,1739,591,33.9850488786659,0.10979401645540884,0.009440416485096052,-8.204201000852208,-6.032266060212862,3.8233169269015352,83.92579805854326,78.1382348955367,10.18800692074189,8.986441859323946,37.5276239665444,-9.498132063002455,-8.598553492598851,0.22196868892980054,473.0,499.0,-26.0,64.88826372514663,52.36318353051226,50.38778210896288
572191,Michael Taylor,4,2021,2025,1692,3371,1029,30.52506674577277,0.12119072429574462,0.006173580410788025,-6.9247276403649245,-6.057010044310674,2.4126896230846215,83.52278517513442,81.16228566582099,6.563371190482084,6.219570359130142,36.759914273679954,-7.545042111723086,-6.552276079942694,0.10201964143698174,352.0,500.0,-148.0,124.70525530032121,105.17752335449212,103.42823654526211
694212,Samuel Basallo,1,2026,2026,369,759,302,39.78919631093544,0.1083900537101112,0.013572059348948319,-13.046104025881926,-6.065441561922863,6.8394470081249,86.2105407673575,70.34037542475629,15.549119504245652,11.24221373532606,43.986072692137995,-18.923134232364163,-13.325167978286455,0.4772523696722289,553.0,501.0,52.0,32.733796220453584,24.7104422445362,21.096068667549623
667670,Brent Rooker,3,2023,2025,1826,3700,1053,28.45945945945946,0.1321826251684887,0.006293121781222111,-6.9018530574057655,-6.078576985063127,2.3467817063144554,83.58132890565416,81.35760136467636,6.33882519887253,6.023366481287591,37.02234456207865,-7.892180490200251,-6.494211317467314,0.09705556792712836,279.0,502.0,-223.0,139.1883043024186,118.18366483104705,115.16976834390917
666915,Bobby Dalbec,2,2021,2022,801,1672,484,28.94736842105263,0.12257458833898945,0.008838312558632011,-8.047340045343072,-6.192312534475287,3.4968283623687775,82.89326806245671,77.76861419711813,9.660252949701933,8.679887090277376,36.1981035131867,-7.800739638930265,-7.019394327407516,0.19266988118266992,298.0,503.0,-205.0,59.32610075607089,48.58290179553789,48.91211333809899
695506,Jac Caglianone,1,2026,2026,507,988,388,39.27125506072875,0.1066820281495944,0.010821137680007748,-10.258907048915793,-6.241950418430335,5.1293865339555245,85.80925725713627,76.67691971338587,11.661387843958035,9.478907217324627,43.986072692137995,-15.839125881712123,-8.851099153828708,0.3392821116306146,547.0,504.0,43.0,41.39262692204263,32.723850465708786,28.008565551995886
650489,Willi Castro,6,2021,2026,2814,5515,1979,35.88395285584769,0.10402442043810724,0.004577806207613884,-6.984663431638733,-6.346079770411622,2.031675349685604,83.25646770500869,81.571625008158,5.360383584997424,5.156693342165953,37.90167844278592,-8.537278269788214,-7.0440455628181,0.07455444461465255,508.0,505.0,3.0,205.86432804701423,173.10625655262857,165.8244929617075
677950,Alek Thomas,3,2022,2025,1284,2213,757,34.2069588793493,0.10787077193349488,0.007862482495902698,-7.694940470832319,-6.401943060757378,2.8808408902366343,82.6418204250356,79.13599711154467,7.81109001205516,7.246243599429048,36.881419696745525,-8.335313542723783,-7.759221940642408,0.1393975570137195,478.0,506.0,-28.0,81.65817435365562,65.19100174607446,63.82060337222673
665926,Andrés Giménez,5,2022,2026,2622,4953,1948,39.32969917221886,0.09288407998943661,0.00488936829034834,-7.319092235127651,-6.540137217166329,2.216917714166235,82.7691564145419,80.71689793296608,5.840758550809198,5.5792991915882,37.95598970375339,-8.537824033277262,-7.624065790802275,0.08752537605192015,550.0,507.0,43.0,180.93818781942252,148.9537547519147,143.6278967940009
669357,Nolan Gorman,5,2022,2026,1855,3894,1154,29.635336414997433,0.13631276414462953,0.006399517379442729,-7.751460426793927,-6.674203054797196,2.585815426880179,82.37593998546708,79.53130843630825,6.8281659841148015,6.421978815701212,37.86983844411337,-9.464893358336116,-8.044319300382492,0.11543531295116406,324.0,508.0,-184.0,157.30492982290247,133.3399980033979,128.04263452337997
519317,Giancarlo Stanton,4,2021,2024,1896,4139,1172,28.31601836192317,0.1318194885511737,0.006878233752923537,-7.859167033091021,-6.688833796602103,2.69282436465511,81.71275367934085,78.51306703384529,7.362171635919013,6.8907011412133,36.5764953307689,-8.149180683343324,-6.909759594296702,0.12397812149802617,268.0,509.0,-241.0,154.4924405819756,129.65747275740796,128.74102962261068
621438,Tyrone Taylor,2,2022,2024,744,1386,453,32.683982683982684,0.1129878923973149,0.01061714554747798,-9.40870229370118,-6.722600087257122,4.071267783268625,81.24180580003689,73.74672559662929,11.360133092457337,9.874646498203782,35.83820497641687,-8.996223128170712,-9.216446239914712,0.24442726901540598,441.0,510.0,-69.0,51.18351525598365,39.516724411794186,40.02819857705197
592696,Eddie Rosario,3,2021,2024,1249,2460,949,38.577235772357724,0.0964396322299524,0.007953543267105,-8.960404892620694,-6.757536355935552,3.6791793131886426,81.77853458204362,75.83857499510694,9.920781049567282,8.823476508576444,37.085581213881525,-9.650600903271542,-8.785109376444291,0.20897950191565295,540.0,511.0,29.0,91.52121098622483,72.86863480141942,71.43187677258123
686668,Brenton Doyle,3,2023,2025,1573,2901,888,30.610134436401243,0.12174427072544959,0.006344104626905034,-7.719150098668085,-6.800505493962571,2.3698141115967837,81.60427765008922,79.11929604079427,6.4104708769866745,6.085624119522547,36.96786331413373,-8.628542995015179,-7.60125923257943,0.09878090283159734,356.0,512.0,-156.0,108.10891240419923,87.8718738955244,85.48774885226777
571657,Kyle Farmer,3,2021,2023,1468,2728,968,35.483870967741936,0.10164377442471227,0.00721251222478646,-8.458584958429896,-7.0268227308706805,2.9193764615979565,80.7894472111028,76.875168324738,7.9812509542619905,7.390240233771387,36.57793093248131,-8.50437076943914,-8.723880012046234,0.14261638573140495,502.0,513.0,-11.0,98.39117364312148,77.695835778163,77.58381316056038
624503,Nick Gordon,1,2022,2022,441,750,297,39.6,0.09566455827327251,0.01190964676317909,-11.255652006356444,-7.108473970148094,4.9451654608816655,80.02124811715188,68.36537917153095,13.89865591088698,11.435127111363538,35.58017043222186,-10.351678485774015,-11.355370733180482,0.32308149501277794,551.0,514.0,37.0,28.412373807161934,20.139469582489948,20.803890120118034
594777,Kole Calhoun,1,2022,2022,424,930,303,32.58064516129032,0.11656650551535513,0.011099493318572963,-11.481733686138295,-7.133164347049632,5.056634155567796,79.95185447287867,67.72996434064214,14.21194472691014,11.607711544022504,35.58017043222186,-10.462705047189225,-11.62147714316086,0.3329072897849768,433.0,515.0,-82.0,35.31965117115261,27.20589269961488,27.92600627113889
572228,Luke Voit,1,2022,2022,567,1227,377,30.725346373268135,0.12445361081423208,0.009587774821273588,-10.149545807119189,-7.137694683179431,4.20719090237374,79.93912171731634,71.47415067487246,11.824538362985619,10.19409573574581,35.58017043222186,-9.201285810838199,-8.767265408020391,0.256760082470874,359.0,516.0,-157.0,46.91901127696549,37.32769048923786,38.223796185723394
543105,Alex Dickerson,1,2021,2021,309,623,195,31.30016051364366,0.1281597176210599,0.014004120852850438,-12.873744536285573,-7.153848717288845,5.792520151895822,80.49794666166414,64.90498156551749,15.790945745420986,12.275166070832123,36.682541028776065,-13.545951780595377,-12.664468534131078,0.39571965284465926,388.0,517.0,-129.0,24.99114493610668,18.36116649991961,18.01497976910006
666176,Jo Adell,3,2024,2026,1607,3323,1110,33.40355100812519,0.1225092864702033,0.006941665143737582,-8.676024522419244,-7.157761492467127,2.9836628680768187,81.80278235000142,77.94289363548347,7.585383036547472,7.001491206864852,39.334373145048836,-11.766839284329283,-8.143763802287454,0.14802654576691293,461.0,518.0,-57.0,135.98530798192567,112.7480223027128,104.46979009873041
691777,Max Muncy,1,2026,2026,272,553,184,33.273056057866185,0.14831468813264378,0.012539578762075775,-12.76955724099212,-7.162247337980597,5.7324737853353644,83.7170110909657,70.96908985176454,13.032474677740389,10.172452829760674,43.986072692137995,-19.650785886559856,-14.079771371438978,0.3907471213641337,456.0,519.0,-63.0,27.289902616406454,21.501036667156693,18.381546347832654
683357,Owen Caissie,1,2026,2026,323,701,211,30.099857346647646,0.15896992820658523,0.012467984724423216,-12.708842243222312,-7.1649607583131445,5.6990751522611856,83.7108422739596,71.10712217439256,12.956544659373124,10.136220758981604,43.986072692137995,-19.933247534184513,-12.369627855149709,0.38796856549674047,338.0,520.0,-182.0,33.54265485158948,26.701061443988138,22.811923262353485
677594,Julio Rodríguez,5,2022,2026,3161,6175,2281,36.93927125506073,0.10463341850102345,0.004659189549731973,-7.920047878384625,-7.177124760982981,2.0848150738538522,81.164418882074,79.21469819193449,5.4713697681452675,5.253094779144809,38.1040792744772,-9.72460428543896,-7.894330619928177,0.07819652613485972,526.0,521.0,5.0,238.6688276008345,196.94337536154484,187.43637069038024
660757,Oscar González,1,2022,2022,381,761,357,46.911957950065705,0.08413690822538894,0.011520615721114728,-14.437939685850019,-7.18738101313602,6.509193552266131,79.79947559040629,59.42138693980275,18.294441744358036,13.535000726508246,35.58017043222186,-13.581116843429252,-13.884695284512592,0.45263346259601034,573.0,522.0,51.0,30.03687623646385,20.86878453594909,21.412867040886276
660821,Jesús Sánchez,5,2022,2026,2073,4312,1451,33.650278293135436,0.11398896937755343,0.005686231562587583,-8.342359403151898,-7.246547624803429,2.5220230358636693,80.80393749425322,77.90113846762276,6.680824351676776,6.301150183966971,37.75017727012511,-9.718584964833328,-8.345621440963635,0.1104311755105124,469.0,523.0,-54.0,165.39799456683002,136.57514282894022,131.82028351333088
606992,Eric Haase,2,2021,2022,731,1548,500,32.299741602067186,0.11786564187263422,0.008764053317318818,-9.926705839344157,-7.370725972635533,3.8249548546015624,79.61253374263869,72.54268017862346,10.57984496013439,9.331179373505048,36.153222178720625,-9.727216998945474,-9.606688763820946,0.2221166623208614,422.0,524.0,-102.0,58.932820936317114,46.838784322049484,47.08182822593521
691023,Jordan Walker,3,2023,2026,1468,2865,995,34.72949389179756,0.11343611689410614,0.006538241049651754,-9.074042471821414,-7.669153495616962,2.7896342285379125,80.93600308169233,77.44372728772983,6.934478279310281,6.461147375205979,40.22846587984952,-12.233686333891926,-8.090300663793364,0.13185611603325853,486.0,525.0,-39.0,112.86893630963561,90.66777906191255,82.9371837460467
656308,Michael Chavis,1,2022,2022,428,766,301,39.29503916449086,0.10265314442992486,0.012726889159214666,-13.367076202634015,-7.7735350414004305,5.5351954430506325,78.15205788232926,62.43110687708056,15.5569671977678,12.306668975752839,35.58017043222186,-12.501721610315105,-13.300922519503603,0.37420632945254506,548.0,526.0,22.0,30.898596473407384,21.363415448861787,21.980701724715942
668904,Royce Lewis,3,2024,2026,1176,2315,756,32.65658747300216,0.12814758845799393,0.007106071517333695,-9.412892714930091,-7.850511000066225,2.913422818847705,80.09603081515951,76.13481128341867,7.386611904405542,6.841622251296941,39.44193706874019,-12.440746433606106,-9.238129582008277,0.14211787255146538,438.0,527.0,-89.0,96.87957687424341,78.43030715298043,72.49571386437545
687263,Zach Neto,4,2023,2026,2094,4320,1401,32.43055555555556,0.12348650467059269,0.0059625038482815145,-9.30594470656252,-8.12015317317196,2.502608191674615,79.1782990658948,76.13769180739803,6.417189209490685,6.0576295630955705,38.998510250771304,-12.045756371147975,-8.628390428398264,0.10892197329485305,426.0,528.0,-102.0,173.00459304350036,140.52684601759717,130.96490330819393
696100,Hunter Goodman,2,2025,2026,1087,2225,861,38.69662921348315,0.10771250871038036,0.007992387094176332,-11.16002389512983,-8.21839800225849,3.9218801463699338,79.6130417716097,72.31590135749994,9.72880684274778,8.532089939283669,40.31203630374728,-14.875173915259131,-10.241525856320612,0.23088428037983663,541.0,529.0,12.0,92.7404699996375,72.52222670962729,65.79161325649304
701358,Cam Smith,2,2025,2026,1001,2036,608,29.862475442043223,0.14427958712880415,0.006607518383703247,-9.696571145564333,-8.22471440347893,2.7732782272020695,79.7237926432938,76.09525661908047,6.83690176145236,6.37514720777565,40.56337686228423,-14.131229570907433,-9.720728268791703,0.1305156776010723,328.0,530.0,-202.0,87.72198897431292,71.54487611312976,64.14638764018235
673357,Luis Robert,4,2022,2025,1837,3534,1359,38.455008488964346,0.09940232294783877,0.005889283972117554,-9.640959538765088,-8.233623441615226,2.710580922753065,77.6439515591641,73.8227330903429,7.359806875013642,6.882844750342339,36.8295115454105,-10.20966328124685,-9.272478230996112,0.12541281270351243,539.0,531.0,8.0,135.08775688611289,105.57035243159378,103.82917114002878
594807,Adam Duvall,4,2021,2024,1546,3050,1043,34.19672131147541,0.11224461024144937,0.007065253236669647,-10.054029156317085,-8.303457801899158,3.0124074708298787,77.33980287571656,72.56248083499261,8.220882039294091,7.577222025282627,36.64336085144153,-10.38282940168584,-10.09317570489472,0.15046125066056773,477.0,532.0,-55.0,117.07112848183169,91.16524668905467,90.31803805682118
665161,Jeremy Peña,5,2022,2026,2787,5176,1920,37.09428129829985,0.101804198851773,0.00462898639378368,-9.322068809799301,-8.528249524471061,2.0058637801486183,77.43124138940138,75.33051535182426,5.308223607906777,5.1113282746777555,37.78785387188318,-10.58207916637662,-8.863096705528674,0.07280916424000504,527.0,533.0,-6.0,195.46406179540415,152.1630521738864,146.31030406758475
455117,Martín Maldonado,3,2021,2023,1211,2390,689,28.828451882845187,0.13530736867175372,0.0060639691017210255,-9.97861948473655,-8.767267824343481,2.4490699934073716,76.16333814297542,72.86988566755763,6.6585913042309075,6.300045616593464,36.78060240536491,-10.155457397493883,-9.499588278446565,0.10479464884688625,292.0,534.0,-242.0,93.22677701483832,73.08659668814505,72.72967883422983
672284,Jarred Kelenic,3,2021,2024,1240,2480,729,29.39516129032258,0.1377209578368081,0.007152587602234923,-10.312099671357265,-8.787543908673,2.7448123916942504,76.20278811180707,72.07419690395481,7.433121559030645,6.940355315276858,36.926779279689356,-11.058607422854738,-10.226582075590311,0.1281918200572765,317.0,535.0,-218.0,100.3985782630331,79.08690560889475,77.54412292246664
665804,Miguel Amaya,1,2024,2024,364,636,214,33.64779874213836,0.12071865632948177,0.010496663374064684,-12.417776207103207,-8.803202461900604,4.223202005870652,75.64240462261742,65.64123457928446,11.685184579264908,10.064109006561537,36.1415087388917,-12.417776207103207,-12.151556372049264,0.25821250059680156,468.0,536.0,-68.0,25.833792454509098,18.30034155553315,18.30034155553315
694208,Moisés Ballesteros,1,2026,2026,300,658,243,36.93009118541033,0.13833352285982448,0.012523932634426124,-17.35195049098082,-8.833871258903368,6.473568507412024,79.91666289297449,60.551262186036716,14.717314166056703,10.915490762713162,43.986072692137995,-24.559860680903633,-18.170898147923012,0.4499154953710159,525.0,537.0,-12.0,33.615046054937345,24.939070809446935,21.33511571448553
664056,Harrison Bader,5,2021,2025,1985,3942,1315,33.35870116692035,0.11420824505632939,0.005835761540539946,-10.18983848888876,-8.97805943907794,2.424928133583931,75.54681687795745,72.24634251492273,6.604680233038268,6.255470982647643,36.71529957580432,-10.747308397747467,-10.008259692943493,0.10295044369965586,459.0,538.0,-79.0,150.18384224907314,116.47245991499949,114.62816363319193
671221,Drew Waters,1,2023,2023,335,681,218,32.011747430249635,0.1386610273218501,0.011326470593274782,-14.235945545696332,-8.981207724225314,5.048913630817583,76.36577001193149,62.53782103078703,13.286318455676243,10.857215167761835,38.000847621265336,-15.56852504176265,-14.954050562761976,0.33222896998965323,412.0,539.0,-127.0,30.228103956163324,22.279701026482872,21.53567747451251
678882,Ceddanne Rafaela,3,2024,2026,1719,3166,1420,44.85154769425142,0.0868524234274059,0.005726293873057825,-10.730134033455366,-9.000893374265177,2.8936485572234356,76.93851256474264,72.50796772033085,7.413912938381719,6.8735198433128355,39.029977574231545,-12.856661732695736,-10.324565714252413,0.14046529244440864,570.0,540.0,30.0,123.33044126691638,92.58860726106676,86.4961054027431
680776,Jarren Duran,4,2023,2026,2359,4506,1399,31.047492232578783,0.12861351300635995,0.005165594898789776,-9.915889068157833,-9.077821935589942,2.007171616046403,76.46845051631941,74.29601109851693,5.202994566357465,5.009764546715978,38.577238366243236,-11.838382719575089,-9.739757901969101,0.07289721585025923,369.0,541.0,-172.0,179.93030469589758,140.94433417625703,133.38572997010152
681460,Brooks Baldwin,1,2025,2025,327,618,204,33.00970873786408,0.1353355015669722,0.01351598005983045,-15.26048035176798,-9.132363863930308,5.413775596834774,75.36096798856573,58.82736720750265,14.606315760148249,11.649600859937234,37.06462112510037,-16.97706159701801,-14.991160524229356,0.3638775520972925,450.0,542.0,-92.0,27.608442319662327,19.291480527948778,18.355943749287512
641313,Tim Anderson,2,2021,2023,1071,1964,714,36.354378818737274,0.10962208706642278,0.007904014607055473,-11.41856754191946,-9.151930327794217,3.2895122791498843,75.48290396671617,69.41081204064955,8.812270806482642,8.007212838637527,37.328769750584534,-12.064290537672363,-11.085971627200113,0.17436693833416056,516.0,543.0,-27.0,78.27017016542587,57.88802710309963,56.7354115556807
686823,Will Brennan,1,2023,2023,456,759,294,38.73517786561265,0.10950659131333157,0.012802784525462723,-14.702823583244736,-9.242531283764437,5.08420509135937,75.67809177342586,61.30922202109773,13.379188648713827,10.907716705524702,38.000847621265336,-15.546084414613034,-15.332027879605217,0.3353268352529396,544.0,544.0,0.0,32.19493784611948,21.02079192285348,20.379913691013574
681351,Logan O'Hoppe,2,2024,2025,976,1939,641,33.058277462609595,0.12331945362526177,0.006969472220636461,-11.169606479220446,-9.274017132573853,2.9912757997112713,74.64099796786434,69.45767197153157,8.17938634349965,7.546917029950814,36.57090732837811,-11.926294722408953,-11.017322767029835,0.14867045283759817,451.0,545.0,-94.0,79.0477697737928,60.87854323426087,59.64766369200756
686780,Pedro Pagés,1,2025,2025,388,725,260,35.86206896551724,0.12359363540416561,0.013110375354567627,-15.823634723364348,-9.397023450153096,5.476819764712954,74.64691890836737,57.307981997289346,14.77640833350923,11.735351241860398,37.06462112510037,-17.20282325647968,-15.053142372665794,0.3692541272494953,506.0,546.0,-40.0,32.13434520508306,21.901728083974113,21.00985283255953
682657,Angel Martínez,2,2025,2026,852,1577,641,40.646797717184526,0.10900027093826763,0.008709841422473968,-13.666630760452186,-9.885792429213868,4.110288539439257,75.32394697534671,65.88654802050164,10.259743836629728,8.897228804752897,40.06229205026103,-16.738814624971234,-14.224744525188312,0.24796771854135213,557.0,547.0,10.0,69.86917367142955,50.462557991587445,46.1000569039704
671739,Michael Harris,5,2022,2026,2645,4838,1993,41.19470855725506,0.09506205992854252,0.005035556818760478,-11.274568326196999,-10.038341348018374,2.3348420333077238,73.79120909878996,70.56358281529899,6.095965908790114,5.795448499329999,38.30142865367709,-12.762486933421952,-11.532491812787159,0.09616523374137975,559.0,548.0,11.0,189.45868543758525,139.7566300662668,133.19738887275014
669911,Michael Toglia,2,2024,2025,794,1735,498,28.703170028818445,0.1445099439399822,0.0077505532963199255,-12.6387085626783,-10.047276738138624,3.3791802608948753,72.49831127311433,65.40497113200868,9.24958733687514,8.364376349099917,36.5333083285042,-13.37801928499071,-11.591884984176751,0.18224649210334107,288.0,549.0,-261.0,71.96595208211114,55.24072775083353,54.26237322830677
642350,José Siri,3,2022,2024,1137,2270,830,36.563876651982376,0.10552913327068113,0.00724937818268673,-12.66211244781569,-10.072159011068575,3.3746075497135983,72.4629844237696,65.38212042519274,9.226087530787437,8.345182457330152,36.57679962879757,-12.74485150457925,-12.194250225239408,0.18184322372046377,520.0,550.0,-30.0,87.58918061466534,63.594477526054604,63.43768701348766
543510,James McCann,1,2021,2021,412,861,276,32.055749128919864,0.13455236937785545,0.013092549347879233,-17.062842287886177,-10.28885447852797,5.407524897127777,71.95163096674041,53.48511360076985,14.741413068646956,11.762290680209809,36.682541028776065,-17.252591328667464,-16.24065040151369,0.363342903488907,415.0,551.0,-136.0,37.1364539482881,25.419968910606258,25.289674569269774
657557,Paul DeJong,3,2021,2024,1277,2426,793,32.68755152514427,0.129485637837212,0.005921128818541832,-12.010067018662712,-10.571387704035095,2.462918668091114,71.3454594889775,67.44581113083132,6.675926068176691,6.312696721349129,36.892539595840354,-12.628478385504476,-13.133987802779824,0.10585734496630583,442.0,552.0,-110.0,102.68211080490912,77.12068483352198,75.80449930776042
672356,Gabriel Arias,2,2023,2025,815,1575,575,36.507936507936506,0.1216725204587053,0.00794977824221055,-14.193006212340816,-10.908798939765992,3.670593366543734,70.87953595893268,62.11251767282259,9.798455607259541,8.718929255290238,37.46093786274076,-15.764845622169464,-14.309823626173984,0.2082081102865016,519.0,553.0,-34.0,69.96169926375555,50.68286582532594,48.54778396030869
570731,Jonathan Schoop,2,2021,2022,1181,2223,799,35.94242015294647,0.11050884507902985,0.0072526881137619376,-13.322139677183827,-10.968960236381394,3.099595630949429,69.70522247267412,63.2060606465114,8.56066190784751,7.855769503366493,36.20742956929589,-13.343672680273551,-13.685705586586604,0.1579017329647436,511.0,554.0,-43.0,88.29656721814484,62.07415562022135,62.03177149247307
686676,Korey Lee,1,2024,2024,395,676,238,35.20710059171598,0.12300462997809568,0.010504571555359828,-15.591937798050967,-11.116528471777407,4.249671980701056,69.24165907934284,56.85864165025142,11.758424396179134,10.110786935760421,36.1415087388917,-15.591937798050967,-15.637906927519195,0.26061326467204665,493.0,555.0,-62.0,29.275101934786772,19.010409551069884,19.010409551069884
592206,Nick Castellanos,5,2021,2025,3057,5961,2344,39.322261365542694,0.10180579858074289,0.004405548658431638,-12.382167072620287,-11.274244237231207,2.1014213839570566,69.3042154350923,66.28773291493033,5.721428126332435,5.489745392736935,36.728965872793644,-12.91203822746993,-11.853115858092991,0.07934797536810015,549.0,556.0,-7.0,238.63279187326134,175.54565063826098,172.84595710430204
660707,Elehuris Montero,1,2023,2023,306,650,284,43.69230769230769,0.11631445893666544,0.013260107151075983,-25.705799092403826,-11.340166628037522,7.5476202346092665,70.15812188965083,32.354669167908725,19.8617154802242,13.667478569424063,38.000847621265336,-27.1761319357961,-25.087533951716573,0.526474588069349,566.0,557.0,9.0,33.033306338012984,19.923348800887034,19.173479050756974
542194,Christian Bethancourt,1,2023,2023,333,656,297,45.27439024390244,0.10614346413323288,0.011662890581098071,-21.91043524174079,-11.354549412174281,6.466263892414761,70.12027330195588,42.342245993798116,17.016104369198935,12.626858500909552,38.000847621265336,-23.321338892396714,-22.47011696625178,0.44935671674936367,571.0,558.0,13.0,31.524608847570164,19.364317288404028,18.581265762289988
622761,Jorge Mateo,2,2022,2023,884,1701,606,35.62610229276896,0.11676474041401447,0.007943209024220375,-14.452369945817248,-11.445767656650286,3.4388888690679433,68.67954009690654,60.452204957206355,9.410254005309643,8.482155714659072,36.54405999165999,-14.392659288102697,-14.530721267684864,0.1875254062135267,504.0,559.0,-55.0,70.75943269089277,49.466274304055354,49.55424800642146
686681,Michael Massey,3,2023,2026,1205,2332,831,35.63464837049743,0.12223709573368248,0.0074102761884951044,-14.226177827729583,-11.527533026185374,3.247837302397175,70.73871438449169,63.888522228597004,8.2442526707377,7.50758462951081,39.39516936356291,-16.428123987944886,-14.07420676490903,0.1707263122240426,505.0,560.0,-55.0,101.57902655469015,73.00811941733323,68.5858775455675
642731,Thairo Estrada,3,2022,2024,1450,2619,924,35.28064146620848,0.11972845800658878,0.006744276826478432,-13.60909328560667,-11.677113194661253,2.732491685370767,68.105065271252,62.82804364178647,7.463543642926506,6.972765016132208,36.61118385715419,-13.685342162282499,-13.711898659437018,0.12718961325578676,496.0,561.0,-65.0,110.62909519808804,77.74045309120525,77.556184972572
541645,Avisaíl García,2,2021,2022,896,1680,659,39.226190476190474,0.10273390532003525,0.0078013156974841924,-15.232346880454163,-11.757122206074184,3.6537804868185226,67.53302407807524,57.93628485492748,10.089816284145462,8.986744757720105,36.212557136048716,-14.950738770625303,-14.551582414572525,0.2066984612362937,546.0,562.0,-16.0,67.70164360590323,44.954672264425014,45.37520704176944
673237,Yainer Diaz,3,2023,2025,1565,2883,1263,43.80853277835588,0.09343433687613992,0.006417891868939199,-14.550518298519867,-11.883875326530747,3.1855143983141474,67.81466309167372,60.592540668689196,8.627392270530972,7.882104899498363,36.92325906166424,-15.288142705087823,-14.145326533870511,0.16530976872071224,567.0,563.0,4.0,118.00756747456472,80.05496557925873,78.13099525212732
664913,Seth Brown,4,2021,2024,1637,3334,979,29.364127174565088,0.1424756339669024,0.006387505836601528,-13.74345153012565,-12.091568240932961,2.4880714806448103,66.85670517731037,62.32885124013049,6.8198669502421945,6.4418100795599855,36.48269825200111,-13.828261854862198,-13.467843810997033,0.10779628108907112,315.0,564.0,-249.0,139.48364565359745,101.98692872890463,101.75553789291509
641531,Hunter Dozier,2,2021,2022,1041,2143,674,31.45123658422772,0.13340762529692785,0.00677001986374613,-15.056586921782396,-12.674440426269506,2.9261185806103636,64.94227894750152,58.353220611420156,8.09369451553487,7.491887364248309,36.15306427730911,-14.795694853489783,-14.29219254469758,0.14318144733109536,393.0,565.0,-172.0,89.91673945012937,63.793561140836914,64.2462088793246
669394,Jake Burger,4,2023,2026,2039,3920,1482,37.80612244897959,0.1149781978420985,0.005350321650364602,-14.460451639066202,-12.800431812685195,2.431943824307429,67.10663458716888,62.840869217630114,6.249384243205573,5.917195825289631,38.914935130632685,-16.732162587216642,-14.153267738192673,0.10348527275934101,533.0,566.0,-33.0,170.39768920198998,121.25625438189667,113.53622334309875
695657,Colson Montgomery,1,2026,2026,571,1129,371,32.86093888396811,0.15043082464313506,0.008353651916994624,-17.032378111577486,-13.083684717243965,3.7143960581157036,70.25493771899639,61.27779301692049,8.444482152596471,7.495416150294115,43.986072692137995,-23.24330300654855,-16.043342687216473,0.21214652298539916,446.0,567.0,-121.0,55.80983594260311,39.60068943975187,33.68995924803774
672724,Oswald Peraza,1,2026,2026,344,674,261,38.724035608308604,0.143176442715782,0.01111396295672617,-22.09938710047954,-13.455432035970952,5.427272151293109,69.40978993476733,49.75821720853576,12.338614973150744,9.832018127982353,43.986072692137995,-28.53331597709556,-21.86604870930087,0.365031009204901,543.0,568.0,-25.0,37.3690515488191,24.698736277877497,21.009950388617646
670042,Luke Raley,3,2023,2026,1142,2202,693,31.47138964577657,0.14257373557001446,0.0059105917141539345,-16.10086906802916,-14.172915812439705,2.504099145752859,63.423305705646236,58.44774825672631,6.462443589523324,6.099952368940377,38.748487488732785,-18.09065965006699,-16.029510246413267,0.10903763926573826,394.0,569.0,-175.0,98.80359875002002,68.15827795720452,64.37104321605918
678662,Ezequiel Tovar,4,2023,2026,2164,4206,1804,42.891107941036616,0.10610630690488522,0.004730704645867762,-17.820008250614244,-15.807902907670995,2.4349293699056407,58.956615363679674,53.732417441819955,6.3220114189096,5.985201682779661,38.51510553464975,-19.78881045408305,-17.481621265534343,0.10371314542732966,565.0,570.0,-5.0,191.41577765641293,127.14494789919756,120.04413461868673
521692,Salvador Pérez,6,2021,2026,3550,7212,3220,44.647809206877426,0.10006397527670373,0.004290029436720419,-19.2530377129583,-17.1718534837771,2.38461562454648,54.68581274847235,49.19385045359611,6.292676503191878,5.9701051622022945,37.8950931823194,-20.66363805336149,-18.206774750557013,0.09989504887475335,568.0,571.0,-3.0,322.206000390986,208.29219392264937,199.94614190859718
666160,Mickey Moniak,4,2023,2026,1589,2910,1204,41.3745704467354,0.11418499253282015,0.005786236318541735,-20.070629384348294,-17.279069175635133,2.7539030025591007,55.37111847171786,48.16099571757089,7.112860628794431,6.638503021972472,38.717235529833005,-21.92495631161009,-19.814229162421746,0.1289326883492394,560.0,572.0,-12.0,137.47873100951546,84.3250141899664,79.4141383776014
595879,Javier Báez,4,2021,2025,2114,4355,1994,45.78645235361653,0.10084449757692523,0.005304196147090297,-23.352653043528186,-19.495386226418425,3.0622323995295875,47.01116029761072,36.527033915738876,8.323207340732248,7.652358459752501,36.7914948429025,-23.700773472781623,-22.149232923649663,0.1547032797421572,572.0,573.0,-1.0,201.08392816838892,118.80474727835795,117.578202965955
