batter,game_year,plate_appearances,total_run_value,mean_run_value,run_value_spread,total_neutral_value,runs_per_600_pa,neutral_runs_per_600_pa,context_bonus_per_600_pa,standard_error_per_600_pa,minimum_plate_appearances,runs_per_600_shrunk,shrinkage_factor,player,chase_rate,chases,cost_per_chase,cost_per_chase_se,runs_saved_shrunk,chase_plus,runs_saved_vs_anchor_shrunk
665742,2021,651,67.81188415325758,0.10416572066552623,0.5172439200021756,57.13828438681611,62.499432399315744,52.66201325973835,9.837419139577392,12.16343253106687,300,39.16278020883195,0.4179370609835563,Juan Soto,12.20414201183432,165.0,0.1144491502248303,0.0186968170117258,20.911500673936523,157.00668516265608,20.61638797890605
547180,2021,596,55.2199692901286,0.09265095518477953,0.5129116051251035,58.138373520266036,55.590573110867716,58.52856394657655,-2.937990835708831,12.605806779694268,300,34.28632783685847,0.43541266604587936,Bryce Harper,25.0381679389313,328.0,0.0898850986671303,0.0145989237433803,8.040975450200614,121.92044287197218,7.557409304292907
660271,2021,639,56.769580592311094,0.08884128418202049,0.5524863361042945,50.06847012079972,53.30477050921229,47.01264800075091,6.292122508461382,13.113613001826025,300,32.08594881240662,0.45491918819727717,Shohei Ohtani,27.36768802228412,393.0,0.1030256319454966,0.0132094574894333,4.259007120834177,111.6104473719341,3.620017317681218
665489,2021,696,57.97437888165413,0.08329652138168697,0.5678423692517374,55.63726172753906,49.97791282901218,47.963156661671604,2.014756167340579,12.91440567572854,300,30.60089879789721,0.44733873851485173,Vladimir Guerrero,24.646314221891288,331.0,0.1071991465772117,0.0126780816701463,4.789723669831546,113.05722977607846,4.445825756329156
665487,2021,546,43.64477157248734,0.07993547907048965,0.5540389925011369,43.834122141301144,47.96128744229379,48.16936499044082,-0.20807754814703117,14.226408006062192,300,27.496476832114226,0.49552110551181017,Fernando Tatís,29.13188647746244,349.0,0.1180072195217243,0.0120679311354308,-3.058802132853609,91.66142244493342,-3.731192135608296
608070,2021,632,44.233604460593206,0.06998988047562216,0.545460005008048,35.07336759014091,41.99392828537329,33.29750087671606,8.696427408657236,13.018340406320483,300,26.048308120485004,0.45130542184089784,José Ramírez,23.98286937901499,336.0,0.1436391069575617,0.0124228155860698,0.0053556059217325,100.0145998771392,-0.3697719020638954
608369,2021,408,32.158401870683974,0.078819612428147,0.5125775170577547,26.82744090482352,47.2917674568882,39.45211897768165,7.839648479206552,15.225821072994606,300,25.78086345799624,0.5294333092342121,Corey Seager,27.132867132867133,194.0,0.0985782269691602,0.0156573283426409,2.8853537455657,107.86574120724693,2.5174606692711268
606192,2021,594,44.64564874226831,0.07516102481863352,0.5874655062788126,32.615941385859244,45.09661489118011,32.94539533925176,12.15121955192835,14.462401013357518,300,25.735146181257456,0.5037470615190467,Teoscar Hernández,30.87748344370861,373.0,0.1194789240648214,0.0113848274331749,-4.893842834124115,86.65893175097908,-5.328685472227999
518692,2021,692,42.85185452432554,0.06192464526636639,0.49423621953204105,42.080596211895234,37.15478715981983,36.48606607967795,0.6687210801418857,11.272825184753229,300,25.522684432523686,0.3814670439840864,Freddie Freeman,25.958702064896755,352.0,0.0644370933168043,0.0152338922376518,12.649419482120512,134.48348758663562,12.21432756786661
458015,2021,533,39.03850014399335,0.07324296462287684,0.5729646371312695,35.99904422900573,43.945778773726104,40.52425241539107,3.4215263583350364,14.890712011590836,300,24.620268778879254,0.5183316190568882,Joey Votto,22.079037800687285,257.0,0.1073734608862042,0.0162611598152568,8.599475285547001,123.44296508467347,7.9972569162269185
668804,2021,638,39.32515396761142,0.06163817236302731,0.5297024991699572,39.83224889218758,36.98290341781639,37.45979519641465,-0.47689177859826515,12.582673658801317,300,23.808049043061718,0.4345098047385577,Bryan Reynolds,25.174825174825177,324.0,0.1049463820959645,0.0129344714246215,5.722827869552149,115.60095813717705,5.2176553946253295
571970,2021,591,37.40798319362059,0.06329607985384195,0.5460202912409577,30.055839363111033,37.977647912305166,30.513542500620336,7.46410541168483,13.476164145228918,300,23.306942470411123,0.4684741377856985,Max Muncy,15.849673202614378,194.0,0.1175819154072741,0.0184823808786997,12.77038367756847,134.81324717268248,12.298280589885072
543068,2021,542,37.44510983608127,0.06908691851675511,0.5826567155434703,30.511505902465064,41.452151110053066,33.776574799776824,7.6755763102762415,15.016349351976357,300,23.273259114930674,0.522525531922507,C. J. Cron,31.502145922746784,367.0,0.1041667906373169,0.0117103720018722,-0.6897731091715331,98.11961470000011,-1.0351745502017775
664040,2021,615,37.78984706120405,0.06144690579057569,0.5504923527341993,29.002508562088494,36.868143474345416,28.295130304476576,8.57301316986884,13.318796483067315,300,22.893773375731264,0.46262898469661656,Brandon Lowe,30.2907915993538,375.0,0.0959341825582107,0.0129918351170096,1.251635792514258,103.41207494740452,1.024441548286243
665120,2021,585,36.06806384486729,0.061654809991226134,0.549443559708265,22.156574644952496,36.99288599473568,22.72469194354102,14.268194051194659,13.630017220032911,300,22.611925237660227,0.4741313804997371,Jared Walsh,31.48308759757155,363.0,0.092618385322829,0.012796760745326,2.0006111644731464,105.45385109200517,1.3820675618722806
543063,2021,546,35.092127144468876,0.06427129513638988,0.5819314135100206,32.28831153098104,38.56277708183393,35.48166102305609,3.0811160587778375,14.942619259999208,300,21.972024004954115,0.5200689612611328,Brandon Crawford,28.10810810810811,312.0,0.1112264049441129,0.0117040617755746,0.6569848331470995,101.7910014266234,0.2083251416946023
518735,2021,371,28.796879771218844,0.07761962202484864,0.5849889002411317,23.714154092028753,46.57177321490918,38.35173168522171,8.220041529687471,18.222666258495572,300,21.943659656054223,0.6170903687870568,Yasmani Grandal,16.315205327413985,147.0,0.1556402435938625,0.0163834614320363,9.353470061831365,125.49842458976306,9.115766513879189
592450,2021,627,36.31425100392366,0.057917465715986695,0.5556732916093307,34.896755324134936,34.75047942959202,33.39402423362195,1.3564551959700708,13.3148722188957,300,21.75991754856375,0.4624824688040431,Aaron Judge,23.83599722029187,343.0,0.1351769667638818,0.0123510896122818,-0.2932061496335378,99.2006929143662,-0.7155218347017296
608385,2021,483,30.937054902637364,0.06405187350442518,0.5544418079116278,34.54592251334206,38.431124102655104,42.91418945756778,-4.483065354912675,15.136785476258543,300,21.704209194772893,0.5265100772371151,Jesse Winker,24.263959390862944,239.0,0.0784916530575191,0.0163813394854963,11.513801335750054,131.38768747431624,11.385848061272016
663656,2021,564,33.55128741804043,0.05948809825893694,0.5702880604067528,35.316920514235555,35.69285895536216,37.571192036420804,-1.878333081058642,14.408075568985378,300,21.123130719105482,0.5018654253444873,Kyle Tucker,26.12931798051373,295.0,0.0887942819224593,0.0140209111293881,7.13979426302897,119.46373959597857,7.042154340505522
592206,2021,582,33.84754963116133,0.05815730177175486,0.563305118800999,31.329543644008393,34.89438106305292,32.29849860207051,2.595882460982409,14.009849043700022,300,21.120969929087146,0.48785369045306504,Nick Castellanos,36.6303436714166,437.0,0.1094032945939775,0.0101454246697597,-7.925329510484298,78.39481865700859,-8.63167325859041
547989,2021,656,35.590416261935424,0.05425368332612107,0.5757756050956826,16.447600184865543,32.55220999567264,15.043536754450193,17.508673241222446,13.488156337722183,300,20.41171242262159,0.4689171374476714,José Abreu,32.63629574309186,437.0,0.1138310512149222,0.0117041127129939,-4.03204781228057,89.00826469704599,-4.694840645715002
646240,2021,662,36.26243330421225,0.054777089583402196,0.5864802681854886,31.752972924148704,32.86625375004132,28.77912953850336,4.087124211537958,13.676521758700627,300,20.39734280293176,0.4758301713333217,Rafael Devers,32.677760968229954,432.0,0.0981065649331011,0.0119295867992891,-0.4148914660405514,98.86896748588086,-0.9418848266717508
606466,2021,373,23.981487273835473,0.06429353156524255,0.5386725092960588,21.55723731613285,38.57611893914553,34.67652115195632,3.899597787189208,16.734843169826632,300,20.189557449560688,0.5761210698291812,Ketel Marte,24.611032531824613,174.0,0.0709275517859517,0.0202511387595482,9.26258606299698,125.25066640211983,8.847976994757891
660670,2021,357,22.404450004501705,0.0627575630378199,0.5140403364975501,30.322580446683247,37.65453782269194,50.96232007845924,-13.3077822557673,16.32353976523087,300,20.176959126933525,0.563923391768459,Ronald Acuña,20.989304812834224,157.0,0.0859176810087951,0.0257658730481178,11.510773908032638,131.3794344263198,11.240231051858617
516782,2021,523,26.418371009065456,0.05051313768463758,0.47729734299225557,23.382654946528923,30.30788261078255,26.825225560071424,3.4826570507111256,12.522453356310473,300,20.089102466684547,0.43215372572390337,Starling Marte,30.56379821958457,309.0,0.1205814625090534,0.011322273625082,-6.182754878700415,83.14523829237926,-6.590252024650589
656941,2021,470,26.575213477560684,0.05654300739906529,0.532119136086203,30.831490690024985,33.92580443943917,39.35934981705317,-5.433545377614003,14.726895282866746,300,19.94461704488704,0.5128059229970238,Kyle Schwarber,20.945945945945947,217.0,0.1082302890692101,0.0192499982446015,10.228951181907057,127.88506710558256,9.576124732638933
663586,2021,661,32.15388039688852,0.04864429712086009,0.534355443164739,36.69367662941182,29.186578272516055,33.30742205392904,-4.120843781412983,12.470410744261542,300,19.498387664818445,0.4301109303903294,Austin Riley,31.486880466472307,432.0,0.0914723246332161,0.0123130412871666,2.939352936678561,108.01294799717596,2.2690011462327546
592518,2021,638,30.161103575595153,0.04727445701503943,0.5372025971524756,22.32057053217156,28.364674209023658,20.991132161916823,7.3735420471068345,12.76083269235495,300,18.78430629865968,0.44143137766616525,Manny Machado,29.180602006688964,349.0,0.0822456372332288,0.0144968766627303,4.083520833249026,111.13205551939726,3.703892305771104
502671,2021,675,29.135208035444464,0.043163271163621425,0.5079815644237295,30.68135366174224,25.897962698172854,27.272314365993104,-1.3743516678202496,11.7313317185363,300,18.194802657824532,0.40045020741272475,Paul Goldschmidt,25.37102473498233,359.0,0.0805366374913711,0.0133333026048891,9.756761204578826,126.59783354954884,9.28390779189905
573131,2021,311,19.161632740054177,0.0616129670098205,0.5388083612081412,19.262386707759298,36.9677802058923,37.162160850982566,-0.19438064509026276,18.33181147682612,300,18.18079231421182,0.6199084817741694,Darin Ruf,19.943422913719942,141.0,0.1253365001646614,0.0206707753484187,7.958519642834967,121.69566071388516,7.181953241832725
572041,2021,421,22.892813958210727,0.054377230304538546,0.5582928547173635,24.207973710564886,32.626338182723124,34.50067512194521,-1.8743369392220828,16.32571730653917,300,17.98257550599012,0.5639889955060782,AJ Pollock,33.288590604026844,248.0,0.0898901347105259,0.0144482803383344,-1.3718787273151682,96.26013168978947,-1.6220747628112604
474832,2021,380,21.723480845174198,0.05716705485572157,0.5613340885078422,27.240833764555823,34.30023291343294,43.011842786140775,-8.711609872707832,17.27749869289494,300,17.948547604116726,0.5916266706406345,Brandon Belt,18.995098039215684,155.0,0.0501780709412442,0.0298253137860949,16.55197123090696,145.12220464204637,15.865860801022698
607208,2021,646,27.66667088915101,0.04282766391509445,0.5066633915320733,31.774030821582713,25.696598349056668,29.511483735216142,-3.8148853861594745,11.960642710474175,300,17.89647433737487,0.40978046429286835,Trea Turner,26.6560255387071,334.0,0.0798734043425867,0.014912952776976,8.612619295791777,123.47879687242904,8.02561012274807
600869,2021,624,27.46963580558022,0.044021852252532405,0.5309772747246655,12.544012813263262,26.413111351519444,12.061550781983906,14.351560569535538,12.753661607117587,300,17.699699304284852,0.4411541931175357,Jeimer Candelario,29.070631970260223,391.0,0.09214476003089,0.0134883607527761,6.148084645631203,116.76024744525812,5.439526162707901
493329,2021,602,25.472084935103908,0.042312433447016455,0.4907236457756794,21.38327901591114,25.387460068209872,21.312238221838346,4.075221846371527,12.000241605293064,300,17.684057624360978,0.41138025419058927,Yuli Gurriel,26.019575856443723,319.0,0.0534614416524531,0.0167402679391559,13.80667269499486,137.63826689150036,13.215933164170751
666182,2021,687,28.81300822127279,0.04194033219981483,0.5167130943783207,19.56360866874497,25.164199319888898,17.08612110807421,8.078078211814688,11.828300499215775,300,17.681620818453457,0.4044093596175474,Bo Bichette,38.42762674504041,523.0,0.0840432677820104,0.0100469340832465,-2.098680888634718,94.27880176842606,-2.581755845127383
666971,2021,541,24.83607155741183,0.04590771082700893,0.5355792332923088,13.828357530171166,27.544626496205357,15.336440883738817,12.20818561246654,13.815809841189049,300,17.50230267036403,0.48088711362722064,Lourdes Gurriel,34.71307619943556,369.0,0.0673249132360683,0.0150122500061798,5.081449272691849,113.85250075425704,5.133767000509823
593871,2021,636,27.029730047413214,0.04249957554624719,0.5262026811821996,20.917462720955545,25.499745327748315,19.733455397127873,5.766289930620442,12.519176121620472,300,17.36123950574982,0.43202526849188333,Jorge Polanco,29.85781990521327,378.0,0.1167898217141462,0.0108678318988635,-3.372355410018586,90.80664720752824,-3.744504453931148
640457,2021,587,26.87438693544167,0.04578260125288189,0.5679276525035701,11.951910911187873,27.469560751729134,12.216603997807026,15.252956753922108,14.064529711308115,300,17.277868251967252,0.48980042501185667,Austin Meadows,24.9597423510467,310.0,0.136480050052868,0.0128595380683144,-0.7495655030413432,97.95661510348114,-1.2446716211567943
621043,2021,637,27.21846511644567,0.04272914460980482,0.5387007787246999,26.307353967151336,25.637486765882894,24.779297300299532,0.8581894655833615,12.806461185654634,300,17.22757078561449,0.44319226400032746,Carlos Correa,24.120234604105573,329.0,0.1306380165970245,0.0126012360536368,1.425612560293121,103.88635170931802,0.9341227178766264
543807,2021,342,19.144584051615876,0.055978315940397295,0.5636700996667919,17.782152396028174,33.58698956423838,31.19675858952311,2.3902309747152692,18.28787292337311,300,16.926248537689204,0.6187769772715737,George Springer,24.167872648335745,167.0,0.1352213766029898,0.0168285991056296,-0.1658811741606773,99.54779257513664,-0.4784412228254431
621566,2021,670,27.723813023348004,0.041378825407982094,0.5452061665340151,32.90658141967922,24.827295244789255,29.468580375832136,-4.641285131042881,12.63789108668185,300,16.89506049029166,0.4366628496404553,Matt Olson,23.826208829712684,340.0,0.1159497350492291,0.0124041584551539,4.726042773459912,112.88362976205086,4.336978723902214
502110,2021,630,27.233605644631638,0.04322794546766927,0.5648045761653703,23.458896731033754,25.93676728060156,22.34180641050834,3.594960870093221,13.501411762316742,300,16.88893359482963,0.4694064005986955,J. D. Martinez,33.81526104417671,421.0,0.1128956689207314,0.009650566366185,-5.937565291132817,83.81364778826249,-6.196907410141154
641933,2021,535,23.540171662535574,0.044000320864552474,0.533750482540139,34.30780896190522,26.400192518731483,38.47604743391239,-12.075854915180908,13.845627397094585,300,16.886964579775302,0.4819635727150845,Tyler O'Neill,27.882797731569,295.0,0.1098223259962716,0.0148561136611048,0.8615574237232152,102.34868523161292,0.4859788334414954
605141,2021,547,21.098672166687738,0.03857161273617502,0.48206102507976434,27.741519459473803,23.142967641705013,30.42945461733872,-7.286486975633707,12.366864635873423,300,16.121488004823405,0.42602823265993045,Mookie Betts,18.41409691629956,209.0,0.0845942353042521,0.0177948782317927,15.056456200058609,141.04529233197718,15.027828733283844
663697,2021,632,23.674127382922418,0.037459062314750664,0.5011378276612793,26.94481018831728,22.4754373888504,25.580516001567037,-3.105078612716639,11.960515475157973,300,15.995363584619803,0.4097753185336766,Jonathan India,22.289156626506024,296.0,0.113919244200829,0.0125547969104557,6.812239997283111,118.5707963686026,6.238530514270891
457759,2021,611,24.342555536253077,0.03984051642594612,0.5443805303907493,24.03247598166167,23.90430985556767,23.599812747949265,0.3044971076184062,13.213967358183929,300,15.995087644713518,0.45870250512512994,Justin Turner,22.77867528271405,282.0,0.1039348543604827,0.0129806299618666,7.473213286022499,120.37267069410498,7.084746130153166
593428,2021,600,23.4365309211228,0.039060884868537996,0.5264853301823047,28.362171370174607,23.4365309211228,28.362171370174607,-4.925640449051809,12.896204160073701,300,15.944201744140607,0.4466414699473256,Xander Bogaerts,31.245283018867926,414.0,0.0690820071829021,0.0134649082191818,10.322967290593134,128.1413637144034,9.475768357236705
457763,2021,452,18.814347849615054,0.0416246633841041,0.5035315763813506,20.35783440678229,24.974798030462463,27.023673991303923,-2.0488759608414604,14.210479853760773,300,15.910534714468778,0.49496103334592323,Buster Posey,22.15973003374578,197.0,0.0711876403242414,0.024426372086841,12.253581472772035,133.40439655791448,11.49934536144245
607043,2021,385,15.646673050242722,0.040640709221409665,0.4510643054377657,16.007816043468107,24.3844255328458,24.94724578202822,-0.562820249182419,13.793019385447234,300,15.876409010603004,0.4800628953192165,Brandon Nimmo,15.117891816920942,109.0,,,16.489689972321358,144.9524201700908,16.162467969523153
571980,2021,452,20.203900000577047,0.044698893806586384,0.5574657187737362,12.63288089900364,26.81933628395183,16.769310927880937,10.050025356070893,15.732589051767459,300,15.819116448421777,0.5457101699389656,Tyler Naquin,38.30897703549061,367.0,0.085599012511172,0.0139589030516101,0.5574312832177214,101.51960924075688,0.0474669758781647
571745,2021,689,25.487213281378626,0.03699160127921426,0.5293331567949476,18.012831879418474,22.194960767528556,15.686065497316523,6.508895270212033,12.0995923306741,300,15.742776107654887,0.415378992392746,Mitch Haniger,29.4826364280652,416.0,0.1176914089729356,0.0099592016058251,-4.0259475140397045,89.02489467433158,-4.477910952239571
541645,2021,516,20.878992301876785,0.0404631633757302,0.5356528507696968,14.821471007609247,24.27789802543812,17.234268613499125,7.043629411938994,14.148481138082511,300,15.597079987233435,0.4927751496328421,Avisaíl García,37.66233766233766,348.0,0.1005744333212415,0.0113477370922201,-7.446971847337418,79.6988658950983,-7.763509144152694
592178,2021,585,21.569005922659507,0.036870095594289755,0.5040064139103491,22.073418107070573,22.12205735657385,22.63940318673905,-0.5173458301651976,12.502860356125778,300,15.452691017167194,0.4313853778166998,Kris Bryant,27.02472293265132,317.0,0.1186915355344388,0.0112564465900213,0.1613904337107253,100.4399652510008,-0.3962574470723674
443558,2021,579,22.215585074074017,0.038368886138297094,0.5375820308170486,17.562894610231876,23.021331682978257,18.199890787805053,4.821440895173204,13.404688063789157,300,15.400585987551706,0.46582661902284195,Nelson Cruz,31.23382226056945,362.0,0.122645558532306,0.0126353118946692,-4.202655567547112,88.54317217487663,-4.708424148910136
649966,2021,567,21.420256178961882,0.037778229592525366,0.5198410306554004,15.642446446477152,22.66693775551522,16.552853382515504,6.1140843729997165,13.098762746682796,300,15.394846966673175,0.45435731519248074,Luis Urías,25.197541703248465,287.0,0.107842547519313,0.0133783868364195,4.265880338727393,111.6291843996875,4.101408444927231
521692,2021,662,25.172158430766217,0.03802440850568915,0.5751568300873794,19.99818739195432,22.814645103413493,18.125245370351347,4.689399733062146,13.412463006969341,300,15.285518083309508,0.46611520039651105,Salvador Pérez,45.27616279069768,623.0,0.1097639495044853,0.0099403534192968,-15.261827971083523,58.39484522320523,-15.783119933502144
656775,2021,670,21.76690039029941,0.03248791103029763,0.4648780311052357,39.436531847887146,19.492746618178575,35.31629717721237,-15.823550559033794,10.775883117845337,300,14.868046863349319,0.36043081325118925,Cedric Mullins,27.63779527559055,351.0,0.1072343958230702,0.0138183647167773,0.9051391517391568,102.4674930535186,0.4691253001705323
668227,2021,602,20.611557476448656,0.034238467568851585,0.5024455762129009,17.60704332013613,20.54308054131095,17.548548159604113,2.9945323817068363,12.286891736253734,300,14.673226920633304,0.42285846493395646,Randy Arozarena,25.09563886763581,328.0,0.1210197521367866,0.0134108518720114,2.713484701234862,107.39721029441836,2.465958404345651
677551,2021,307,13.350321084910291,0.04348638789873059,0.5118002365306751,13.508378283739292,26.091832739238356,26.400739316754315,-0.30890657751595896,17.525989408810712,300,14.462743732992868,0.5985083660441507,Wander Franco,,,,,,,
542583,2021,507,19.38899171690508,0.03824258721283053,0.5673374677811388,8.373463652227905,22.94555232769832,9.909424440506397,13.036127887191922,15.117804911298514,300,14.382134820200513,0.5258844379694654,Jesús Aguilar,27.27272727272727,291.0,0.1008280257416047,0.0163334383472813,1.5671895630661865,104.2723037148293,1.1769311893250736
519317,2021,576,21.652440378907336,0.037591042324491904,0.5932187911024435,18.87438661226563,22.554625394695144,19.6608193877767,2.8938060069184424,14.830469777561087,300,14.349001454551042,0.5163071385733979,Giancarlo Stanton,28.20710973724884,365.0,0.1094756505141042,0.014983011305562,1.894953965691176,105.16581979477554,1.3794658272236735
643393,2021,396,14.424039101004254,0.036424341164152156,0.4720999860631638,15.527589181496605,21.854604698491293,23.526650274994857,-1.6720455765035638,14.2343501573048,300,14.321967031458403,0.49580014070082545,Tony Kemp,20.93959731543624,156.0,0.1165491818981713,0.0131330914507076,6.468807379697697,117.63456728535562,6.181825401607544
592885,2021,475,16.155576419152247,0.034011739829794205,0.4655027709864741,6.8912945013266995,20.407043897876523,8.70479305430741,11.702250843569113,12.81523917895704,300,14.310571011013543,0.44353046779799626,Christian Yelich,18.009478672985782,190.0,0.1623929406605333,0.0139191870290884,5.668554051343522,115.4530026883818,5.180672582535689
500871,2021,599,20.620221559360107,0.03442440994884826,0.5405025811660837,14.948639110923393,20.654645969308955,14.973595102761328,5.681050866547627,13.25060205826501,300,14.216810194399901,0.46007766571678593,Eduardo Escobar,29.15011914217633,367.0,0.0889809725297322,0.013585096160212,4.383501694670802,111.94983109603042,3.7623845252705737
592669,2021,570,19.950499055783435,0.03500087553646217,0.5668340520117817,16.773297762253755,21.0005253218773,17.656102907635532,3.3444224142417696,14.245239482277178,300,13.885858160119344,0.49618247152653355,Hunter Renfroe,31.810344827586206,369.0,0.1137246905378606,0.0115402353930506,-4.496514526455724,87.74208547077374,-5.032264880309893
621035,2021,582,18.515814987837615,0.031814115099377344,0.5365992772833871,15.972963977658486,19.088469059626405,16.4669731728438,2.621495886782604,13.345653395978783,300,13.327043292055816,0.46363072577591447,Chris Taylor,21.10249784668389,245.0,0.1379497481243315,0.0139181249422629,5.199307827956907,114.17379407789184,4.68235639493012
668731,2021,457,14.642079878319052,0.03203956209697823,0.5057165585398901,4.301144258494496,19.22373725818694,5.647016531940258,13.576720726246682,14.193853689490947,300,13.013377131349081,0.49437576089856244,Akil Baddoo,24.083769633507853,230.0,0.1183427482904984,0.0144863556221121,3.218734096441876,108.77456688160426,2.618251379498811
642715,2021,554,16.82320636507324,0.030366798492911986,0.5477928874200259,18.02410414844027,18.22007909574719,19.520690413473215,-1.3006113177260232,13.964093789005386,300,12.600180310432908,0.4862191515751531,Willy Adames,27.54749568221071,319.0,0.111799909343104,0.0119284918945903,1.2087336104610245,103.2951196306516,0.8269358007353944
571448,2021,651,18.795339691611908,0.028871489541646554,0.5465049281274018,10.15515573283792,17.32289372498793,9.359590537177807,7.963303187810125,12.85153012749815,300,12.579448821406649,0.44492680339486507,Nolan Arenado,29.118773946360157,380.0,0.0860358480361211,0.0142851819983755,3.8653714168729296,110.53736003141302,3.484821719226491
664774,2021,379,12.740785157249585,0.03361684738060577,0.5319896575146303,7.781431270028459,20.17010842836346,12.318888554134764,7.851219874228695,16.395883907572234,300,12.523045705430654,0.5660970588988014,LaMonte Wade,22.52252252252252,175.0,0.1379649141741975,0.0111003147064137,0.9379067573904282,102.5568205775458,0.3929576340529616
663993,2021,640,17.477096881477248,0.0273079638773082,0.499068917309129,9.49897103099516,16.384778326384918,8.905285341557962,7.4794929848269565,11.836458660683089,300,12.44945001686276,0.40474154189660877,Nathaniel Lowe,22.887060583395662,306.0,0.1172694079166074,0.0123923256446342,6.549849729829775,117.85549622827835,6.436112614036316
670541,2021,596,18.288075369310366,0.0306846902169637,0.595307291764796,19.84658857843454,18.41081413017822,19.979787159497864,-1.5689730293196433,14.630842077943878,300,12.424227405438188,0.509535737073144,Yordan Álvarez,26.503164556962027,335.0,0.1210710499823631,0.0139196621912268,0.4417257322391794,101.20418520596122,0.146153142519833
664034,2021,646,17.12841058664412,0.026514567471585322,0.4835137118304262,23.97072725598065,15.908740482951194,22.26383336468791,-6.355092881736715,11.414155531015522,300,12.326777772903588,0.3873637072202575,Ty France,30.68651778329198,371.0,0.1071914729867654,0.0105020052042816,-3.5158444090207794,90.41548292343562,-3.779253203685383
514888,2021,673,17.664790464537223,0.026247831299460955,0.48848164018376455,24.35638133842908,15.748698779676573,21.714455873785212,-5.965757094108639,11.297750082181876,300,12.272837477768833,0.3825098356032435,José Altuve,29.992348890589135,392.0,0.0835762793049044,0.013965830699466,4.202349749440273,111.45599413667578,3.760940124082663
649557,2021,316,10.816336131478478,0.034228911808476196,0.5267061279924004,0.28255904117956077,20.537347085085717,0.5365045085687863,20.00084257651693,17.7777207584353,300,12.137836344777213,0.6053424947746006,Aledmys Díaz,,,,,,,
643217,2021,540,14.683636468073972,0.027191919385322172,0.49559748923639707,12.558749195061244,16.315151631193302,13.95416577229027,2.3609858589030317,12.796272148231836,300,12.040614278212612,0.44279946994443403,Andrew Benintendi,30.12170385395537,297.0,0.086370844709984,0.0137097636387279,4.724208605253276,112.87862964985798,4.560906976477702
542364,2021,329,10.29310481562833,0.03128603287425025,0.4921514252033179,10.938805382470136,18.77161972455015,19.949189147361952,-1.1775694228118034,16.27991183133677,300,11.958505545240747,0.5626066767114726,Rafael Ortega,24.78134110787172,170.0,0.1085081904015073,0.0148489378926785,4.801956226273112,113.09057685645648,4.297720024217431
641313,2021,550,14.563748914932422,0.026479543481695313,0.4942498475371708,15.182207212078742,15.887726089017187,16.562407867722264,-0.674681778705077,12.644930586429126,300,11.856541318383742,0.43693683129703526,Tim Anderson,36.967294350842415,373.0,0.1163718624778977,0.0100067009346732,-11.056010551690136,69.86029254893462,-11.210558420923132
656555,2021,444,13.657709101558282,0.030760606084590726,0.5833173487441214,17.517755560603046,18.456363650754437,23.672642649463572,-5.216278998709136,16.609809768648955,300,11.70446754065975,0.5724541160029138,Rhys Hoskins,25.55205047318612,243.0,0.1180142264987635,0.0157964704918093,4.17550301926362,111.38280746687668,3.677485882061625
594807,2021,555,16.351855529271777,0.029462802755444644,0.6198367866860346,5.239656923139401,17.677681653266788,5.664493970961514,12.013187682305274,15.78636377957721,300,11.647524235576205,0.5474014860072561,Adam Duvall,34.0867992766727,377.0,0.1098241186323058,0.0119635875894507,-5.531460903620221,84.92072591350474,-6.189698179426991
624585,2021,600,15.171234039434667,0.025285390065724445,0.5071129030459679,9.88404176756904,15.171234039434667,9.88404176756904,5.287192271865628,12.421678544440987,300,11.527521107605917,0.42819249941895815,Jorge Soler,23.13084112149533,297.0,0.1420867914756617,0.0135228548918085,-0.4693310005083445,98.72056027923428,-1.1685997946389484
608336,2021,617,15.5097650671466,0.025137382604775688,0.5119070492447828,15.981523478915863,15.082429562865412,15.541189768799866,-0.4587602059344533,12.365161085128136,300,11.495534033260352,0.4259608612812657,Joey Gallo,18.99482631189948,257.0,0.1408417481781788,0.0133091047690737,6.854533903306158,118.6860934686314,6.309775033075083
624413,2021,632,16.419585413048996,0.025980356666216765,0.5567757009547916,22.9684844003344,15.588213999730058,21.80552316487443,-6.217309165144371,13.288408936398971,300,11.468692147237583,0.4614934805091134,Pete Alonso,31.14215283483977,379.0,0.0925666084290218,0.0131007590018025,0.2862429894770881,100.78032486695112,-0.1438614725697102
666185,2021,618,14.802345652132551,0.02395201561833746,0.4663411223230416,16.308845242409852,14.371209371002477,15.833830332436749,-1.462620961434272,11.25539462553028,300,11.43591841167302,0.38073707441519594,Dylan Carlson,23.92829306313328,307.0,0.1086839774122986,0.0151898016152176,6.239954401847879,117.0106928987086,5.684142713295698
595879,2021,548,14.78754524254764,0.026984571610488395,0.5591558862637579,12.20817444836687,16.190742966293037,13.366614359525771,2.8241286067672657,14.331573398605313,300,11.433817793709437,0.49920352494862136,Javier Báez,44.74327628361858,549.0,0.0976716212640388,0.0108907490563236,-10.48549836076394,71.41556155409609,-10.667974717360224
663886,2021,404,10.93833513879134,0.027075086977206286,0.48984981323846166,11.164159089870449,16.245052186323772,16.580434291886803,-0.3353821055630313,14.622563453690605,300,11.364709668152102,0.5092528400339692,Tyler Stephenson,21.03960396039604,170.0,0.0891026117229333,0.0197305497830901,10.330723244817772,128.1625071630499,9.631363352851649
645277,2021,685,16.609396039614712,0.02424729348848863,0.5273837041385557,15.70696001194524,14.548376093093179,13.757921178346196,0.7904549147469826,12.090177330555187,300,11.275403355745416,0.41500097632801014,Ozzie Albies,34.27947598253275,471.0,0.1015101616391491,0.0110078088780593,-2.8830575066226745,92.14051855251516,-3.374149780396438
572287,2021,373,11.007547839833824,0.029510852117516955,0.563475214616147,13.828914869714088,17.706511270510173,22.244903275679498,-4.5383920051693245,17.50538441066611,300,11.102353005163948,0.5979428790210163,Mike Zunino,28.40158520475561,215.0,0.1319441011514871,0.0159881258412802,-4.178296455168787,88.60957736845147,-4.686022915912742
614177,2021,467,12.524128054440324,0.02681826135854459,0.5632829074282322,10.47075160239077,16.090956815126752,13.452785784656236,2.6381710304705166,15.639374632774125,300,10.97312024499659,0.5427621622427385,Franmil Reyes,25.78496669838249,271.0,0.1318903734954528,0.0149746519016139,-0.3828859026417159,98.9562176122386,-1.00565921598093
543939,2021,490,11.297014893969846,0.023055132436673155,0.4784956641132663,15.770262875584985,13.833079462003893,19.310525970104063,-5.47744650810017,12.969738420966982,300,10.609882601473151,0.4494536760889512,Kolten Wong,28.45804988662132,251.0,0.0904610867053447,0.0152840696754148,2.885107547359956,107.8650700481646,2.481338897774512
444482,2021,537,12.398692509196087,0.023088812866286938,0.5071357545826356,3.717578676868446,13.853287719772164,4.153719192031783,9.69956852774038,13.130713883491726,300,10.577054044656915,0.4555655698966221,David Peralta,27.437858508604208,287.0,0.1155927468059634,0.011147912267024,-2.5054461731064634,93.16992197693985,-3.0913588448171616
666915,2021,453,11.961679899120234,0.026405474390993895,0.5931364410397675,6.050233833552526,15.843284634596337,8.013554746427188,7.829729888169149,16.720788608006295,300,10.557356183865455,0.5757106586967334,Bobby Dalbec,28.683914510686165,255.0,0.1166986822080687,0.0126792261389932,-3.637911624788654,90.08271640196668,-4.0634204630524575
519203,2021,574,12.576821428510778,0.02191083872562853,0.4700995182844762,9.36256283328553,13.14650323537712,9.786651045246199,3.359852190130921,11.772944870691417,300,10.538634154032325,0.40215167004869706,Anthony Rizzo,29.7029702970297,330.0,0.0800311270313306,0.0147260565690408,4.266232274922854,111.6301438103106,3.9182190090101994
592192,2021,621,13.133756318498353,0.02114936605233229,0.45284267782265514,15.89785375508167,12.689619631399374,15.36024517399195,-2.6706255425925765,10.903170416664896,300,10.484235497262873,0.3658623794182641,Mark Canha,21.18003025718608,280.0,0.1133086985054215,0.0137984674819373,9.361669056685711,125.52077580814765,8.833272499406588
596115,2021,592,12.980019953313027,0.02192570938059633,0.5103556879896762,14.923313790768029,13.155425628357799,15.124980193345976,-1.9695545649881776,12.58529374065475,300,10.333179534579537,0.43461212536893523,Trevor Story,30.73836276083467,383.0,0.1144887871954836,0.0107445456418958,-2.809422390607896,92.34125469006084,-3.4997760263015225
630105,2021,640,13.558205573194073,0.02118469620811574,0.49510311473483937,16.46695313698686,12.710817724869443,15.43776856592518,-2.7269508410557375,11.742401394043233,300,10.285712570774125,0.4009031758720722,Jake Cronenworth,23.825503355704697,284.0,0.1092160109691928,0.0128656425737465,5.178259311763009,114.11641387574775,4.79137347227621
572122,2021,668,14.108259961515683,0.02112014964298755,0.536355490822877,-0.9015875924489534,12.67208978579253,-0.809809214774509,13.481899000567038,12.451330190879768,300,10.09147196828015,0.429360431267654,Kyle Seager,29.53020134228188,396.0,0.1261441350192421,0.0099753019714475,-5.800085183202903,84.18843127946629,-6.347392086288042
676801,2021,318,7.9846082656549955,0.02510883102407231,0.5166473898524222,3.7345355602352788,15.065298614443387,7.046293509877884,8.019005104565503,17.3832881828145,300,10.068753809440107,0.5945729886962746,Chas McCormick,25.63291139240506,162.0,0.103725223734258,0.0185437711473248,3.1090456130129853,108.47554592953104,2.6170400378614027
621550,2021,372,9.636557078518452,0.025904723329350676,0.5877392421881601,7.449815036919421,15.542833997610405,12.015830704708744,3.527003292901661,18.283716097397654,300,10.04835354838876,0.6186697229700626,Patrick Wisdom,29.532497149372865,259.0,0.1273715725804629,0.012150641886602,-2.836255341658818,92.26810558343306,-3.2746945657316573
596847,2021,307,7.9916844743947895,0.02603154551920127,0.5399526703154393,4.144120841319677,15.61892731152076,8.099258973263213,7.5196683382575475,18.490035966679876,300,10.030073897299925,0.6239499737018609,Ji Man Choi,19.43620178041543,131.0,0.1430773614161749,0.0175354631923888,6.7423323714740935,118.38022171415275,6.055053072935685
605137,2021,570,12.927604323843457,0.022680007585690276,0.5909621918474318,13.829362932878036,13.608004551414165,14.557224139871618,-0.9492195884574528,14.851609422475414,300,10.016643148565999,0.5170185498946374,Josh Bell,23.708721422523286,280.0,0.1180519045986742,0.0129309615912051,2.805552736112002,107.64819627383817,2.482688366981769
592696,2021,414,9.172204021738507,0.022155082178112337,0.50873420151318,1.535729920910761,13.293049306867402,2.2256955375518275,11.067353769315575,15.00175316680058,300,9.831225017004272,0.5220402515639554,Eddie Rosario,35.15151515151515,290.0,0.0703349524209289,0.0173224039466498,3.58477300384052,109.77242280197656,3.122716634185026
518626,2021,541,11.092431281761527,0.020503569836897464,0.5083682037960018,11.3317487828165,12.302141902138478,12.567558724010906,-0.265416821872428,13.113873720938505,300,9.736147111206762,0.45492904808824614,Josh Donaldson,22.792792792792792,253.0,0.0910539982709875,0.0163240719135343,9.78275170776042,126.66868606535796,9.266597073780124
543760,2021,722,14.202132442113154,0.019670543548633176,0.5308722327115365,26.500347254639003,11.802326129179905,22.022449242082274,-10.22012311290237,11.85421123244117,300,9.717993237054932,0.40546389752391154,Marcus Semien,21.28813559322034,314.0,0.1222794936149707,0.012713240478545,7.268383705669663,119.81428631121244,6.895181392718365
669257,2021,502,10.613542820770615,0.021142515579224332,0.5371629682451419,21.285976830533976,12.6855093475346,25.44140657035933,-12.75589722282473,14.384853948315675,300,9.66723258391882,0.5010589279692208,Will Smith,21.16716122650841,214.0,0.0871739343818485,0.0207898134841706,11.662384948349182,131.7927401463287,11.4747404255888
662139,2021,313,7.239149071415843,0.02312827179366084,0.5195414653260857,1.8945883507843773,13.876963076196505,3.6317987554972087,10.245164320699296,17.619731923773248,300,9.540097414059579,0.6010693777995719,Daulton Varsho,30.833333333333336,185.0,0.093369216438974,0.0160939066660965,1.327871159774564,103.61989961037024,1.1456692552529493
669221,2021,445,9.261328298635279,0.02081197370479838,0.5116757378651144,-5.523754176181732,12.487184222879028,-7.447758439795593,19.934942662674622,14.553453728025465,300,9.534341935455753,0.5068847399784948,Sean Murphy,29.66507177033493,248.0,0.1131315074654685,0.0139738142594386,-1.8401391229727455,94.9836105368785,-2.053279709550801
592626,2021,480,9.476651995142067,0.019743024989879305,0.49709032821341625,1.8402840658660247,11.845814993927583,2.3003550823325307,9.545459911595053,13.613379294006739,300,9.391027054615606,0.47352233985127673,Joc Pederson,32.72727272727273,324.0,0.0858321571401267,0.0142699071922771,1.996183033463553,105.44177959726842,1.5730631656747642
669720,2021,527,9.632992664976454,0.018278923462953425,0.50104667176798,4.0875963917845946,10.967354077772054,4.653809933720601,6.313544144051453,13.095561499070358,300,9.011576519948402,0.4542361247907443,Austin Hays,29.909365558912388,297.0,0.1128201469857384,0.0102862626771196,-3.93923751396753,89.26127415525181,-4.553145121843759
608324,2021,399,7.475057105594066,0.018734478961388638,0.5016166439047919,5.911209314771894,11.240687376833183,8.889036563566759,2.3516508132664242,15.06734528485056,300,8.84031151743731,0.5242169635817477,Alex Bregman,17.17948717948718,134.0,0.1241454267489185,0.0198419639055158,10.235917373744783,127.90405758890884,9.832214029450103
488726,2021,507,8.91214895620763,0.01757820306944306,0.48999579446965813,12.573197425208802,10.546921841665835,14.87952358012876,-4.332601738462925,13.056886331023462,300,8.787815690677977,0.452770078068781,Michael Brantley,24.22222222222222,218.0,0.0862486598709124,0.0168441501079946,6.238565356014886,117.00690623128034,6.185816162611474
596019,2021,522,9.187502868775088,0.017600580208381393,0.511095671544586,2.7091329803720106,10.560348125028836,3.1139459544505868,7.446402170578249,13.422029896112798,300,8.741751593244109,0.4664700947530147,Francisco Lindor,26.12282309807516,285.0,0.1322012290184192,0.0130507082306003,0.1140382657317243,100.31087886098804,-0.6315471943339762
457705,2021,572,9.618008088366517,0.016814699455186218,0.5107576181183745,8.952341835325733,10.08881967311173,9.390568358733287,0.6982513143784441,12.813509316052308,300,8.569021968786599,0.4434638327823498,Andrew McCutchen,19.13197519929141,216.0,0.1066288103537873,0.0166542046806351,10.938458538572808,129.8192497896806,10.470988469362378
608348,2021,359,6.501505441551436,0.018110043012678094,0.5209111061342251,4.868267109464071,10.866025807606857,8.136379570134938,2.7296462374719184,16.49558200140255,300,8.473465944433856,0.5690728005296437,Carson Kelly,22.476446837146703,167.0,0.1164370249525205,0.0173882116927575,4.902721341968278,113.36527188267104,4.468114001971848
592663,2021,533,8.863223543134014,0.01662893722914449,0.5048886252282234,8.838634155803787,9.977362337486696,9.949681976514583,0.027680360972112794,13.121492373148042,300,8.468022222643832,0.45521709977209207,J. T. Realmuto,30.68288119738073,328.0,0.1193708059586226,0.0117944169892994,-4.132456897216569,88.73454024361395,-4.650692957966044
663898,2021,411,7.123630160494172,0.0173324334805211,0.5019912262356778,7.289866145046478,10.39946008831266,10.642140357732085,-0.24268026941942544,14.856840678122774,300,8.466318294881532,0.5171944302350192,Brendan Rodgers,30.968622100954978,227.0,0.1216982174252661,0.0121261612024003,-5.632385048138307,84.64559736000864,-5.827026931867918
621020,2021,648,10.623622487100103,0.01639447914675942,0.5359092172086324,8.680185494023764,9.836687488055652,8.037208790762744,1.7994786972929084,12.631501386286613,300,8.451084135459563,0.43641405989598664,Dansby Swanson,24.04965089216447,310.0,0.1177964487387707,0.0120413048412331,2.957756568787821,108.06311800065208,2.434255233067406
641857,2021,591,9.334586085047066,0.015794561903632938,0.5325007425542251,6.028553038155592,9.476737142179763,6.12035841437116,3.356378727808603,13.142492191650508,300,8.193057113938393,0.4560103658493067,Ryan McMahon,24.404761904761905,287.0,0.140727485410067,0.0110479395927887,-1.543277139595585,95.79288376346408,-2.0920407187290557
660162,2021,613,9.174210092497502,0.014966084979604407,0.48342733774411595,15.024024910200339,8.979650987762644,14.705407742447314,-5.725756754684669,11.715267761403835,300,8.052957098892097,0.3997924166475073,Yoán Moncada,24.01486988847584,323.0,0.1182236690399213,0.0123246131813009,7.013724059370436,119.12006055924108,6.56615685107753
657077,2021,598,8.891050924838106,0.01486797813518078,0.4915982056955624,9.18174876422432,8.920786881108468,9.212456954071225,-0.2916700729627575,12.061767350236392,300,7.985848682823359,0.4138591269445055,Alex Verdugo,26.596675415573053,304.0,0.0971413476003688,0.0126845326319121,3.525556921260671,109.61099428334316,3.3732222753335988
592567,2021,356,5.684184311437013,0.015966809863587117,0.5187893816288701,2.3223252099833394,9.580085918152271,3.914031252780909,5.666054665371362,16.497469340892383,300,7.919155714723081,0.5691289120977197,Colin Moran,31.343283582089555,231.0,0.0875956141294345,0.0169082919535154,2.814083996750236,107.67145327948435,2.517568995581893
595281,2021,391,5.531334272746282,0.014146634968660567,0.4741314712993408,0.28090680828607184,8.48798098119634,0.4310590408481921,8.056921940348149,14.38671548597894,300,7.5727951208989435,0.501123628256078,Kevin Kiermaier,30.40103492884864,235.0,0.1033676330747231,0.0151375625801322,1.1831927210292863,103.22549280351411,0.727908027440993
607054,2021,300,4.292373994268897,0.014307913314229656,0.47232170075737223,1.2951315099731882,8.584747988537794,2.5902630199463763,5.994484968591418,16.36170366458224,300,7.498095765331306,0.5650715815509418,Jace Peterson,20.760697305863708,131.0,0.1160091440317848,0.0171710555505042,8.605654710296317,123.45981076814036,7.970277527726841
453568,2021,576,7.737780998185583,0.013433647566294414,0.48313617326646685,6.1179219008673416,8.060188539776648,6.37283531340348,1.687353226373168,12.078404331661671,300,7.480481400194729,0.41452801224096647,Charlie Blackmon,26.49325626204239,275.0,0.1203585496733731,0.0126180465689576,-1.255206144894556,96.57819194174718,-1.4020308331189228
573262,2021,534,6.93124302838093,0.012979855858391254,0.5284194598216232,7.995607869665959,7.787913515034752,8.983829067040404,-1.1959155520056513,13.720167854924723,300,7.250243252826869,0.47741980516243093,Mike Yastrzemski,23.489278752436647,241.0,0.1245723586756972,0.0145496250509784,2.137134896096268,105.82602741293132,1.6099581788295425
650490,2021,539,6.8719541707463865,0.012749451151663054,0.4907810645075869,7.990690114255164,7.649670690997833,8.895016824773837,-1.2453461337760041,12.683662170256172,300,7.216508455330726,0.4384422472047911,Yandy Díaz,18.83629191321499,191.0,0.1118534566077712,0.0191611178270377,7.695035755589332,120.97737926484665,7.196495400349265
444876,2021,347,4.3847571207643785,0.012636187667908872,0.4709947361716523,4.065176361625921,7.581712600745323,7.029123391860383,0.5525892088849407,15.170593325438439,300,7.096300474522793,0.5276223074180112,Alcides Escobar,36.05839416058394,247.0,0.0701601323556618,0.0151679497888355,4.047889242061836,111.03492050587886,3.5966724290991703
571976,2021,501,6.130121572759185,0.012235771602313742,0.5215259154462027,7.707191062848544,7.341462961388245,9.230168937543166,-1.8887059761549203,13.980035734887888,300,7.010568172986192,0.486789229501553,Wil Myers,27.3972602739726,280.0,0.1053355875673395,0.01339293591539,5.422587093887502,114.7824740102756,5.0956620135493775
663624,2021,588,6.4464444439427915,0.01096334089105917,0.5380199280975873,8.125776448149471,6.578004534635502,8.291608620560686,-1.7136040859251835,13.312540727851076,300,6.616711107181985,0.4623954031298003,Ryan Mountcastle,38.11410459587955,481.0,0.08960781699036,0.0107979257714466,-1.5458669563644016,95.7858236833928,-1.910945542976485
476704,2021,510,5.550974991848555,0.010884264689899129,0.5110589158653556,-1.6437147731892363,6.530558813939477,-1.9337820861049837,8.46434090004446,13.578041498350263,300,6.592493471948273,0.47222657122506106,Jed Lowrie,20.94943240454076,203.0,0.1349315478777686,0.0127068477698379,2.7681714398715944,107.546291402496,2.526622551835615
571771,2021,583,6.234795879912771,0.01069433255559652,0.4674589450837301,16.824931956390802,6.416599533357911,17.31553889165434,-10.898939358296431,11.616102823499636,300,6.5135959402234045,0.39571986285946265,Enrique Hernández,25.042301184433164,296.0,0.1172769913981863,0.0135317634943775,3.252567951665274,108.86680110059376,2.722553421917373
666158,2021,381,3.838150588928212,0.010073886060179034,0.5362296843095514,1.9302307645671728,6.044331636107421,3.039733487507359,3.0045981486000617,16.4831273598297,300,6.395438045670948,0.5687023121752403,Gavin Lux,21.57968970380818,153.0,0.1344876524866453,0.0174412753351657,1.824929131759515,104.97492562014156,1.6525822253846725
650333,2021,477,4.592585127299009,0.009628061063519936,0.4535019113863138,4.109330189162263,5.776836638111962,5.168968791399072,0.6078678467128897,12.458655659966492,300,6.157022735400833,0.42964866307367683,Luis Arráez,23.014256619144604,226.0,0.097847607295212,0.0187617122258347,9.696665332566544,126.4340066435416,9.171053508726144
500743,2021,537,5.158128184752762,0.009605452858012592,0.4544837939599583,-1.8551018639169305,5.763271714807555,-2.072739512756347,7.836011227563902,11.767453998748982,300,6.124379999615348,0.4019273703366107,Miguel Rojas,26.387536514118796,271.0,0.1308790587152742,0.009619960192808,-4.000614065358152,89.09395599879566,-4.381001028934286
502054,2021,561,5.316172817815274,0.009476243882023661,0.4682150886360514,3.696108392523734,5.685746329214196,3.953057104303459,1.7326892249107373,11.860833921853727,300,6.081728556466197,0.4057332039252536,Tommy Pham,16.170212765957448,190.0,0.1392440655836613,0.0147996055268891,11.571984090012084,131.5462990443718,11.192602890765642
516416,2021,559,4.64539229447269,0.008310182995478872,0.47746766341712976,7.757377714165213,4.986109797287323,8.326344594810605,-3.340234797523282,12.116838256606089,300,5.683279707746248,0.4160709186382525,Jean Segura,30.0,315.0,0.1017165475501443,0.0124853283045637,-0.1419525053208543,99.61302433980924,-0.6825166313937979
543257,2021,666,5.644992868775065,0.008475965268431028,0.4511154656274111,14.97650373543839,5.085579161058616,13.492345707602153,-8.406766546543537,10.488221536001022,300,5.634156776669569,0.34805260784044617,Robbie Grossman,15.728021978021978,229.0,0.0982129106912912,0.0159475867914135,19.327873032761637,152.68956972637105,18.93220794424805
663757,2021,525,4.167752362516957,0.007938575928603728,0.5018025244311582,1.7232517560115426,4.763145557162237,1.9694305782989057,2.7937149788633313,13.140274583575486,300,5.628753202738569,0.4559266451990624,Trent Grisham,16.98292220113852,179.0,0.1012423755941698,0.0187959023112053,13.75205934064972,137.4893858357897,13.623519899846189
664023,2021,535,4.148192872312918,0.007753631537033491,0.5169778424400271,2.3870882853470854,4.652178922220094,2.6771083573986,1.9750705648214941,13.410540717291436,300,5.588710113953098,0.4660438645175772,Ian Happ,23.23144104803493,266.0,0.1285769813642146,0.0125609288871539,2.987007339540273,108.1428583074359,2.3311121103612
571657,2021,529,3.960315965782599,0.007486419595052172,0.5192415957737873,-4.0151176304940535,4.491851757031303,-4.554008654624635,9.045860411655937,13.545432933229234,300,5.513917792679132,0.47102821572507375,Kyle Farmer,36.06889564336373,356.0,0.0891344640565692,0.0120346643465856,-3.6377616740286793,90.08312518160888,-3.957273209724473
670032,2021,564,4.429020157748845,0.007852872620122065,0.4454780257653882,3.949631295841615,4.711723572073239,4.2017354211081015,0.5099881509651372,11.254805255737258,300,5.4541088262518755,0.38071238201329666,Nicky Lopez,24.20135527589545,250.0,0.0783416657105792,0.0151063287125451,8.442772711725242,123.01577937335968,8.376985771893201
607732,2021,421,2.676713848884712,0.006357990139868675,0.5178515880994983,-2.566913332496704,3.8147940839212047,-3.658308787406229,7.473102871327434,15.143125265922977,300,5.314320146474141,0.5267188568160345,Jacob Stallings,23.399558498896248,212.0,0.1267452319966641,0.012678171023375,3.091685928767555,108.4282218244975,2.313140595935559
543333,2021,565,3.908986018687216,0.006918559325110116,0.48965053136597153,0.5509429365311755,4.151135595066069,0.585072144988859,3.5660634500772104,12.359851606643652,300,5.2200161894985975,0.4257508421319373,Eric Hosmer,31.986242476354253,372.0,0.1089409971366168,0.0118265221740278,-2.0554477262309367,94.39665936823047,-2.716596151940294
575929,2021,485,3.015083658422916,0.006216667336954466,0.49293083105682295,7.638808018860155,3.730000402172679,9.45007177590947,-5.72007137373679,13.429701619785932,300,5.098390695477278,0.4667545276517081,Willson Contreras,27.39463601532567,286.0,0.1438068196547748,0.0122532283675756,-5.028419552265905,86.29206316890289,-5.527714580604192
620443,2021,373,1.856983075486578,0.004978506904789753,0.5223234708466998,-5.667444728585845,2.987104142873852,-9.116533075473209,12.10363721834706,16.226930496159603,300,5.048566257512208,0.5610017275527232,Luis Torrens,26.11637347767253,193.0,0.1323963809074601,0.0135095104747426,-1.041928543352475,97.15960641184827,-1.244445477051236
456781,2021,342,1.8873996607550654,0.005518712458348144,0.4586214968242719,5.51535866991941,3.3112274750088866,9.676067841963876,-6.36484036695499,14.879646195190176,300,5.0466464895880065,0.5179604027814556,Donovan Solano,29.701492537313435,199.0,0.0877332450227079,0.0160505478202541,3.68866423399327,110.05563990536984,3.431645041681883
543543,2021,374,1.4783455516792796,0.0039527955927253465,0.5169458040752746,0.554470029309548,2.371677355635208,0.8895241111917882,1.4821532444434198,16.03837870091409,300,4.753663621579491,0.5552368949182903,Brad Miller,24.20634920634921,183.0,0.1226342943498529,0.0141767179467943,1.6910290996185195,104.60990174669736,1.0994646111196615
425877,2021,473,2.11730092860936,0.004476323316298858,0.5302685993788568,-12.321727312885356,2.685793989779315,-15.630098071313348,18.31589206109266,14.629065705478807,300,4.711425701468946,0.5094750488960155,Yadier Molina,38.95486935866984,328.0,0.0843250729700251,0.0144737814598061,-2.8374125873426026,92.26495082465318,-3.081619989329728
664056,2021,402,1.5798945562045503,0.003930085960707837,0.5125290780502477,7.893769582253337,2.3580515764247023,11.781745645154233,-9.423694068729532,15.337576211452793,300,4.652228334029136,0.5330755242893442,Harrison Bader,30.94059405940594,250.0,0.1053059382178522,0.01413013525702,-1.0412396114560385,97.16148450392456,-1.5453647086747262
607680,2021,343,0.56278883836682,0.0016407837853260059,0.5572055242619828,-2.8682186105831176,0.9844702711956035,-5.017292030174549,6.001762301370153,18.051762200186612,300,4.462505946765827,0.6126275774716583,Kevin Pillar,36.44314868804665,250.0,0.0963324832067455,0.0123059825485488,-4.714717264685471,87.14724462248415,-5.366023816560753
641820,2021,616,2.706358080604508,0.0043934384425397864,0.5086748191381291,-1.8992373442857158,2.6360630655238717,-1.8499065041743983,4.48596956969827,12.297055514488841,300,4.339968287357845,0.4232621068399736,Trey Mancini,30.97949886104784,408.0,0.1190330731397937,0.0123337162050983,-3.696195950811158,89.92382793789658,-4.115506296426959
570731,2021,668,3.155539782611625,0.004723861950017403,0.48515276909410043,4.885001263166467,2.8343171700104417,4.387725685478863,-1.553408515468421,11.262674521598534,300,4.292715939634973,0.38104201919989145,Jonathan Schoop,35.17816527672479,464.0,0.1108654723072721,0.0103223261439995,-7.776144197982045,78.80151161861455,-8.391797029255553
657656,2021,375,0.90194994670176,0.00240519985787136,0.4830375046805168,4.853012629895361,1.443119914722816,7.764820207832577,-6.321700293109761,14.96636968976983,300,4.161285473514312,0.5208617209293953,Ramón Laureano,30.3475935828877,227.0,0.1120715125572993,0.0151009834462686,-1.6914895514899828,95.388843018909,-1.9895768313036344
591720,2021,344,0.01048709484271132,3.0485740821835233e-05,0.5293088072124178,-10.755799155908342,0.01829144449310114,-18.760114806816876,18.778406251309978,17.123050968815747,300,3.91984485309091,0.5872806909855579,Ronald Torreyes,,,,,,,
642708,2021,584,1.6509296036984284,0.002826934252908268,0.46789179461076963,-2.4453676038576844,1.6961605517449607,-2.512363976566114,4.208524528311075,11.616900133458078,300,3.6612914228804483,0.3957526885761952,Amed Rosario,34.93087557603687,379.0,0.1003922727538885,0.0118657956998082,-5.57958376908978,84.78953853084276,-6.223865509498033
665862,2021,504,1.2124790553226499,0.002405712411354464,0.4608288082173707,2.339421548995955,1.4434274468126784,2.785025653566613,-1.3415982067539345,12.316167959319694,300,3.6560876864304612,0.42402050781441214,Jazz Chisholm,31.024667931688803,327.0,0.1062051188946812,0.0145168219560454,0.1913691846531537,100.52169009912107,-0.4049981131397724
546318,2021,486,0.6556016822321135,0.0013489746547985873,0.48950979559036817,4.0714734862595865,0.8093847928791523,5.026510476863686,-4.217125683984534,13.32276914767219,300,3.517709428379814,0.4627772702685791,Odúbel Herrera,32.560483870967744,323.0,0.0963077922727951,0.0123273174570261,-1.3431043137501677,96.33857340281702,-1.7612803383405091
527038,2021,434,-0.26319795766706366,-0.000606446907066967,0.5307987485774476,7.957199326792584,-0.36386814424018016,11.000736396487444,-11.364604540727624,15.287493166639269,300,3.3698558654754716,0.5314469715409129,Wilmer Flores,25.72383073496659,231.0,0.1021363272333696,0.019405192444151,5.958828112498431,116.24431662960303,5.25772848780921
553882,2021,447,0.24137575075997386,0.0005399904938701877,0.4865263015319793,-1.2934466077529425,0.3239942963221126,-1.7361699432925402,2.060164239614653,13.807142653506226,300,3.36973610279893,0.48057381204753347,Omar Narváez,31.490384615384613,262.0,0.0980881490852977,0.014987245132999,1.254063510513758,103.41869313123644,0.7787315684579963
606992,2021,380,-1.4436344778541335,-0.0037990380996161407,0.5829865148178498,0.05251918289523411,-2.2794228597696846,0.08292502562405386,-2.3623478853937385,17.943946312820543,300,3.1727076203768108,0.6097804966567318,Eric Haase,29.36802973977695,237.0,0.1227590972344672,0.0147142381431773,-3.375138481233512,90.79906029796072,-3.899713444845899
545358,2021,320,-0.8852882564424733,-0.002766525801382729,0.4994789940117982,0.6995862853499069,-1.6599154808296375,1.3117242850310753,-2.9716397658607128,16.753034759153866,300,3.13876526872939,0.576651620219313,Max Stassi,,,,,,,
606132,2021,528,0.6172480783076248,0.0011690304513401987,0.4397644219347439,1.45134093973457,0.7014182708041192,1.6492510678801933,-0.947832797076074,11.482973961466904,300,3.0272480363531242,0.3902205735956933,Raimel Tapia,32.916666666666664,316.0,0.1043695554759961,0.0132108653852339,-2.6498803950814587,92.7761809275897,-3.168386772321803
668942,2021,549,0.4214844500407423,0.0007677312386898767,0.4572922800813583,9.117613371476702,0.460638743213926,9.964604777570166,-9.50396603435624,11.710055351803422,300,2.9384570751219714,0.39957886141672866,Josh Rojas,21.34733158355205,244.0,0.1222410271475074,0.0150349655527552,6.257661860607354,117.05896506923676,5.554067227438022
543105,2021,311,-1.533050726000631,-0.004929423556272125,0.5263832613516717,-2.756287917560982,-2.957654133763275,-5.317597268606396,2.359943134843121,17.909073812475828,300,2.899139497918955,0.6088543389253634,Alex Dickerson,31.30016051364366,195.0,0.1281597176210599,0.0140041208528504,-7.085794358517287,80.68346913874164,-7.7580016028270915
593160,2021,717,0.9381038025267143,0.001308373504221359,0.475897532560073,-0.5972446940024605,0.7850241025328154,-0.4997863548137745,1.28481045734659,10.663631419977794,300,2.8748760902260004,0.3556172359687301,Whit Merrifield,29.285165257494235,381.0,0.0946762792342688,0.0123356839673738,1.370019200876924,103.73479906913263,1.0411968065621866
543281,2021,558,-0.13579136168451478,-0.0002433536947751161,0.4948746174079691,5.847138653937407,-0.14601221686506966,6.287245864448825,-6.433258081313895,12.569827851996553,300,2.808594576533495,0.43400791693597035,Josh Harrison,36.32385120350109,332.0,0.0931842836177544,0.0119875408568866,-4.864177310464998,86.73980271255135,-5.222392380267914
664913,2021,303,-1.8404141907978788,-0.006073974227055706,0.5307256167455926,-1.7129716158385322,-3.6443845362334235,-3.3920230016604593,-0.2523615345729642,18.293634025675,300,2.7343229288151987,0.6189255656177397,Seth Brown,26.365054602184085,169.0,0.1658442896981821,0.0157110787138241,-9.86357974645028,73.1109692245347,-10.351979477573945
543228,2021,375,-2.00250678077139,-0.00534001808205704,0.5516610860683827,-8.151625318545669,-3.204010849234224,-13.04260050967307,9.838589660438846,17.092593592748344,300,2.581421374442231,0.586417388670209,Yan Gomes,32.87671232876712,216.0,0.084517188680892,0.0179376315166702,0.7902813080710047,102.15437994726445,0.4368553349561968
623912,2021,359,-1.1914023784770473,-0.003318669577930494,0.4683450307129025,-2.6030662046509767,-1.9912017467582965,-4.350528475739794,2.3593267289814976,14.83098319098497,300,2.4765097032163306,0.5163244292547394,Harold Ramírez,42.04379562043796,288.0,0.0751115895621385,0.0151264895670663,-0.4051331594219585,98.89556953237197,-0.946764365520544
622110,2021,319,-1.9438375341183265,-0.006093534589712622,0.500471368203344,-3.7069067754936413,-3.6561207538275733,-6.972238449204341,3.316117695376768,16.81261026029293,300,2.3115479002252943,0.5783838538785475,Matt Duffy,21.34646962233169,130.0,0.1300016677287583,0.0224700328841061,2.5004790327233097,106.81653713891242,2.434924127981402
594838,2021,373,-1.7113118729429149,-0.004587967487782614,0.4851872182612842,-3.753778955152487,-2.7527804926695683,-6.038250330004,3.2854698373344315,15.073225133054773,300,2.184289128915356,0.5244115831206698,Philip Gosselin,31.21621621621621,231.0,0.0721043871691408,0.0154104796920549,4.9972465569981,113.62295636247758,4.818447896961715
647351,2021,374,-2.0407951202160697,-0.005456671444427994,0.5028339559167205,-1.4944477407369507,-3.2740028666567964,-2.397509744497782,-0.8764931221590144,15.60055492296206,300,2.106469241490756,0.5415283598594702,Abraham Toro,30.49267643142477,229.0,0.0645815886349545,0.0154729077791202,8.033110822117187,121.89900316833426,7.4799143726639485
624641,2021,324,-1.9536638432011115,-0.00602982667654664,0.46680950851234404,4.426477796877963,-3.6178960059279843,8.19718110532956,-11.815077111257544,15.560316950411469,300,1.9356187141530077,0.540245696746178,Edmundo Sosa,,,,,,,
621466,2021,317,-2.1951170854552067,-0.006924659575568475,0.48105343547064716,1.084929296337593,-4.154795745341085,2.0534939362856646,-6.208289681626749,16.211191639889947,300,1.9081139212434168,0.5605236968586886,DJ Stewart,22.322775263951737,148.0,0.1387593975889247,0.0178744914436977,2.614049969867618,107.126142018943,2.122015919706871
642165,2021,308,-2.3913039074321616,-0.007763973725429096,0.4932183284631956,-6.919560681903893,-4.658384235257458,-13.479663666046545,8.821279430789087,16.862233509637445,300,1.9052412184139316,0.5798205715836205,Josh VanMeter,18.06853582554517,116.0,,,5.76467943961616,115.71504938846518,5.065429936697501
572816,2021,364,-1.8117855303220303,-0.004977432775609973,0.4541942101907873,-0.8046987689908354,-2.986459665365984,-1.3264265422925858,-1.6600331230733982,14.283747104096705,300,1.8138169857851287,0.49753219001155957,Corey Dickerson,35.55555555555556,272.0,0.077285680822321,0.0181673891968549,4.575862533151685,112.47422453521445,4.079469357716697
621563,2021,500,-2.2365684527439895,-0.004473136905487979,0.5129541834078243,2.673525749874382,-2.683882143292787,3.208230899849258,-5.892113043142045,13.764005081313478,300,1.7927681570479876,0.47901177644515486,Joey Wendle,33.33333333333333,315.0,0.1022246294125604,0.013985395528427,-3.6585211589543594,90.02653290543753,-4.227132836039322
545341,2021,544,-3.0492575675107254,-0.005605252881453539,0.5600220269111542,-9.983521113408898,-3.3631517288721238,-11.011236522142166,7.648084793270042,14.406447789585442,300,1.6674151358474658,0.5018089344769078,Randal Grichuk,32.36151603498542,333.0,0.1369455538041088,0.0105500015284777,-11.371570095985154,69.0000480417521,-11.779004428310069
596146,2021,486,-2.130250583296951,-0.004383231652874384,0.4829567091105765,-0.43814003029152776,-2.6299389917246305,-0.5409136176438614,-2.0890253740807694,13.144416724163069,300,1.6078258021424512,0.45608301267708706,Max Kepler,20.696937697993665,196.0,0.1197906680134106,0.0182730017423957,5.659325947008552,115.42784602235986,5.362328913082357
642133,2021,324,-3.2177419356269974,-0.009931302270453695,0.5220032164188334,-1.1703219976720571,-5.958781362272218,-2.1672629586519574,-3.7915184036202603,17.400107213961114,300,1.5509069646918396,0.5950391404403252,Rowdy Tellez,32.56814921090388,227.0,0.1024006477458819,0.0166584998585754,-0.3761730831661696,98.97451737906847,-0.6824622783395999
458731,2021,458,-1.9914357904957187,-0.0043481130796849754,0.45315988165459564,-2.00796522251297,-2.6088678478109855,-2.630522125562843,0.021654277751857354,12.704862408824022,300,1.4633720667884416,0.4392647911326787,Brett Gardner,17.404426559356136,173.0,0.1498447624718611,0.017395083373472,9.40895662262011,125.64968608701108,8.978611195704557
596103,2021,305,-3.023221657940657,-0.009912202157182482,0.49646382952502716,0.17197517615464714,-5.947321294309489,0.3383118219435681,-6.285633116253058,17.056461709986888,300,1.4338885169796374,0.5853905566991009,Austin Slater,,,,,,,
624428,2021,636,-1.4912506814339643,-0.0023447337758395665,0.43434271710311817,8.892114397424761,-1.40684026550374,8.38878716738185,-9.79562743288559,10.333685416312655,300,1.3473350205628531,0.3413468406465408,Adam Frazier,26.436781609195403,299.0,0.0695026158695679,0.0128342005912572,9.796341814043506,126.7057339521781,9.442984793050808
572233,2021,445,-2.9027566880387217,-0.006523048737165667,0.48558852804605657,-3.803600749618564,-3.9138292422994003,-5.128450448923906,1.2146212066245057,13.81146232038316,300,1.170151159819849,0.4807299820868039,Christian Walker,28.17982456140351,257.0,0.131286358434949,0.0111843302502886,-2.9657576837540067,91.9150702198425,-3.561101411352842
624424,2021,476,-3.358427608147058,-0.007055520185182895,0.5032150673191719,-2.992144778257227,-4.233312111109737,-3.771611065030118,-0.46170104607961937,13.838894876803051,300,1.0150472501223984,0.48172070628004066,Michael Conforto,23.226433430515065,239.0,0.1172178472556252,0.0145944908073077,6.407993576868053,117.46878323353124,6.112524878836707
408234,2021,524,-3.608022012546181,-0.006885538191882025,0.5222327893820393,-10.87717104639328,-4.131322915129215,-12.454776007320548,8.323453092191333,13.688307198134915,300,1.0089670387291951,0.4762598611209962,Miguel Cabrera,30.46875,312.0,0.097278513422607,0.0138056754687339,0.990358470047042,102.69980879806047,0.6180794303117051
596142,2021,437,-4.059048274187336,-0.009288439986698708,0.5282677083759242,-7.091630787088945,-5.573063992019224,-9.73679284268505,4.163728850665826,15.162282921081669,300,0.8789355856936236,0.5273491618254587,Gary Sánchez,25.236593059936908,240.0,0.1082885597742853,0.0166488866794709,3.3530816231151026,109.1408106665368,2.9428785725185427
669242,2021,691,-2.1594033613564356,-0.003125041043931166,0.429900277785582,0.6808938299763105,-1.8750246263586996,0.5912247438289238,-2.466249370187623,9.812506387026295,300,0.843691607479548,0.31847249389586685,Tommy Edman,28.26603325415677,357.0,0.0900278674626697,0.0116227662626462,1.967172896211323,105.36269527966492,1.6922709842469428
602074,2021,329,-3.2237821427364426,-0.009798729917132045,0.45877504341376985,-4.706322424393759,-5.879237950279227,-8.582958828681628,2.703720878402401,15.175852135566505,300,0.7398142913038512,0.527795067680131,Yonathan Daza,33.38735818476499,206.0,0.1161636702939649,0.0155679644870378,-4.991880830759929,86.39167110358034,-5.5422855913588895
656976,2021,544,-3.233280342954706,-0.005943530042196151,0.46501485610901566,1.0047901682673224,-3.5661180253176905,1.1082244502948408,-4.674342475612532,11.962408483941527,300,0.6257778276898769,0.4098518735976119,Pavin Smith,23.8,238.0,0.1193818895719141,0.0136088703612588,2.9092561161977364,107.93090128057251,2.575678014839432
518934,2021,677,-3.252504460161252,-0.0048042901922618194,0.47227802432593957,-5.49309953724251,-2.882574115357092,-4.86833046136707,1.9857563460099783,10.890671384780648,300,0.6042433630908128,0.36533030781173803,DJ LeMahieu,20.52469135802469,266.0,0.1024350801527184,0.013155756927592,9.507958268342076,125.91957373095676,8.996932110008743
571466,2021,387,-4.170219836270622,-0.01077576185082848,0.5074821286379362,-7.183517148433954,-6.465457110497089,-11.13723588904489,4.671778778547801,15.478059817326448,300,0.5918618280671568,0.5376115864800189,Tucker Barnhart,28.9405684754522,224.0,0.0991668793941587,0.0146060864012872,-0.1809397681758078,99.50674145492302,-0.4558554036803606
605548,2021,345,-3.2997180107950124,-0.009564400031289891,0.4398003410122708,-1.6268286734202222,-5.738640018773935,-2.8292672581221257,-2.909372760651809,14.20683264720097,300,0.39746034797296925,0.49483270218730063,Bradley Zimmer,22.96296296296296,155.0,0.1605068857042173,0.0138275278302691,-2.157396281788704,94.1187381754816,-2.862597791657553
592325,2021,399,-3.7859901689329623,-0.00948869716524552,0.45982737945163593,2.2804020541938446,-5.693218299147311,3.4291760213441274,-9.122394320491438,13.812097309396336,300,0.24645135666326556,0.48075293520992707,Ben Gamel,23.203026481715007,184.0,0.1263150681905891,0.0162358920317752,4.082323852720203,111.1287924397543,3.32846332058731
641487,2021,684,-3.4267776274110537,-0.005009908812004465,0.4391238208643605,1.3785175517119328,-3.005945287202679,1.2092259225543271,-4.215171209757006,10.074191362364237,300,0.1844307438455326,0.33000503534242065,J. P. Crawford,21.732405259087397,281.0,0.0947113197640483,0.0142615320829982,10.810614019207216,129.47073380420048,10.34101633701509
622534,2021,462,-4.336780193321392,-0.009386970115414268,0.4825585667791274,-3.619250241991404,-5.632182069248561,-4.700324989599225,-0.931857079649336,13.470393809414825,300,0.12456791066821182,0.4682608548766987,Manuel Margot,30.023640661938533,254.0,0.1125796022545351,0.0140050205564334,-1.6334060719574397,95.54718395686903,-2.145998233989914
657557,2021,398,-4.661627830321667,-0.011712632739501676,0.49768833886023983,-5.776469395828629,-7.027579643701006,-8.708245320344668,1.6806656766436623,14.968117351858698,300,0.1034468899476515,0.5209200019071556,Paul DeJong,27.38537794299876,221.0,0.1459006368923661,0.0111868129557326,-4.134327051588884,88.72944202980469,-4.75915695256839
666969,2021,620,-4.9084913782300745,-0.007916921577790443,0.5104190742193069,-4.4610710552730355,-4.750152946674265,-4.317165537361002,-0.43298740931326307,12.299353987603991,300,0.08109894725521372,0.4233533558232759,Adolis García,35.81749049429658,471.0,0.113350174735672,0.0110046074046445,-7.94453118181386,78.34247312479886,-8.649992356227536
650402,2021,511,-4.607862278304733,-0.009017343010381082,0.4701134175708989,-7.0331495117666085,-5.410405806228649,-8.258101187984277,2.847695381755628,12.477955915513098,300,-0.21447544476177605,0.43040747802286505,Gleyber Torres,22.45885769603098,232.0,0.1256230694617221,0.0159704466651761,3.851669872031956,110.50000835277596,3.4280970916424773
593934,2021,529,-6.38879080192198,-0.012077109266393157,0.5497652260964143,4.413443424549434,-7.246265559835894,5.005795944668545,-12.25206150450444,14.341701550341243,300,-0.29844080703923037,0.49955675059821436,Miguel Sanó,26.610169491525426,314.0,0.1437540608470926,0.0119432684753373,-4.337994059930525,88.17422692575323,-4.852583568856936
656305,2021,620,-5.099509528241876,-0.008225015368132058,0.475010815049259,0.5427259762010118,-4.935009220879235,0.5252186866461405,-5.4602279075253755,11.446136042558845,300,-0.4274500969175037,0.3886925030300248,Matt Chapman,22.699849170437407,301.0,0.1212800262151162,0.0144074115064688,7.078479217432491,119.29658911000656,6.567147602552851
467793,2021,658,-4.763849523895576,-0.0072398928934583225,0.4491217116767547,-8.755198866301804,-4.343935736074993,-7.983464011825353,3.6395282757503598,10.505152324232455,300,-0.5053307651450307,0.3487849685250826,Carlos Santana,22.67969295184927,325.0,0.1301648135229346,0.0118424743697388,4.734190345043379,112.90584079584232,4.408033234095453
605612,2021,338,-4.883153517961375,-0.014447199757282175,0.4643547226362421,-6.929878459985824,-8.668319854369305,-12.301559396424539,3.633239542055234,15.154540303942396,300,-0.5879432261153035,0.5270945287107196,Harold Castro,42.8341384863124,266.0,0.0706106356340149,0.0153592967126293,-0.6187337199332612,98.31327464624688,-1.1218568772485402
570482,2021,440,-6.09977352668011,-0.013863121651545705,0.5178757569946059,-6.876979787078671,-8.317872990927423,-9.377699709652733,1.0598267187253096,14.813254805147942,300,-0.5924957832448294,0.5157270054464377,Gio Urshela,36.13053613053613,310.0,0.1015685319635388,0.0145958419101128,-3.31425948098945,90.96502208396758,-3.804526294485111
516770,2021,347,-5.3502667151109,-0.015418636066602017,0.47987652125433294,-0.2839477920989283,-9.25118163996121,-0.49097600939295954,-8.760205630568251,15.456672848510197,300,-0.7071653021492796,0.536924069561252,Starlin Castro,27.401574803149607,174.0,0.1040372864791797,0.0165316881473263,1.0384191658335684,102.83082670041578,0.5455227272012422
520471,2021,392,-5.4108002324212805,-0.013803061817401225,0.4601092977458232,-3.106322271975692,-8.281837090440735,-4.754574906085244,-3.527262184355491,13.943417336702224,300,-1.027059361516109,0.4854788530117361,Freddy Galvis,32.645161290322584,253.0,0.1060771454737972,0.0166774910856263,-0.6455363243908998,98.24020826723944,-1.076391111479011
452678,2021,351,-6.480795580607095,-0.018463805072954687,0.5107514821689477,-5.685036396202004,-11.078283043772812,-9.718010933678638,-1.360272110094174,16.3571383785851,300,-1.0563486632256769,0.564934409045095,Asdrúbal Cabrera,27.876106194690266,189.0,0.1342092257205714,0.0138217094482415,-4.682124840956522,87.23609458438669,-5.190691967746991
643396,2021,677,-5.417392642802289,-0.008002057079471624,0.4272680074138484,-8.118215696607091,-4.801234247682975,-7.194873586357836,2.393639338674862,9.852746099324843,300,-1.1302063403079492,0.32025165214407925,Isiah Kiner-Falefa,31.103678929765888,372.0,0.0958992394945255,0.0117973665252248,-2.1005020519381583,94.27383710880228,-2.456998426288966
544725,2021,472,-6.6232346662964,-0.01403227683537373,0.48893931040311667,-5.406244009512814,-8.419366101224238,-6.87234407988917,-1.547022021335068,13.503153565494564,300,-1.3392417774027452,0.4694706599472962,Leury García,32.445520581113804,268.0,0.1075095335322289,0.0118935769213187,-5.57225150777937,84.80952695341321,-5.56408492990505
600474,2021,419,-6.744446483697521,-0.01609653098734492,0.49495707513481574,-4.615027520669059,-9.65791859240695,-6.608631294514166,-3.0492872978927847,14.508141261623338,300,-1.4111877646192088,0.5053257852668778,Pedro Severino,28.354725787631278,243.0,0.117055950560177,0.0131978230824366,-0.4319401019050075,98.822491327506,-1.2083670463900495
663647,2021,390,-6.446066150175549,-0.01652837474403987,0.48066050696481605,-7.191326823772944,-9.917024846423923,-11.063579728881454,1.1465548824575311,14.603514528169864,300,-1.4850575529566026,0.5086012694291566,Ke'Bryan Hayes,26.01010101010101,206.0,0.1369425815739021,0.0148294934491042,-2.8359117064863435,92.26904236469966,-3.257380421694964
623993,2021,437,-7.392547997280715,-0.01691658580613436,0.5119723060914331,-5.478201569791157,-10.149951483680615,-7.521558219392893,-2.6283932642877224,14.694574038193693,300,-1.5472877017159643,0.5117080233178344,Anthony Santander,33.051742344244985,313.0,0.1096197088668703,0.0139932172901182,-2.726897933857744,92.56622399272014,-3.4586211980723847
608596,2021,323,-6.281989477710703,-0.01944888383192168,0.47733411986952956,-6.160457483717863,-11.669330299153009,-11.443574273160117,-0.2257560259928919,15.935748538324969,300,-1.5494198544720703,0.5520640634015808,Tom Murphy,23.73371924746744,164.0,0.1430737910311182,0.0113768411018761,-0.1732016985068183,99.52783614861646,-0.8056729017157556
596059,2021,358,-7.002190567828293,-0.019559191530246628,0.49450648845414374,-6.964504940831622,-11.735514918147977,-11.672354649438473,-0.06316026870950431,15.681288013273068,300,-1.7257620224381611,0.5440902699305921,Rougned Odor,29.03703703703704,196.0,0.1060738784689881,0.0189913280544519,0.195214233503179,100.53217205795542,-0.1271145413896548
457708,2021,364,-8.20859936469344,-0.022551097155751206,0.5259820104335856,-4.578064837208058,-13.530658293450724,-7.546260720672623,-5.984397572778101,16.54136897778113,300,-2.0122881889606568,0.5704317603942124,Justin Upton,24.538258575197887,186.0,0.1382238774042205,0.0143764578002484,-1.4383556256514265,96.07890951577455,-1.7395479012689932
514917,2021,633,-8.154616959765775,-0.012882491247655253,0.4869679880301291,-6.482168745207599,-7.729494748593152,-6.144235777447962,-1.5852589711451897,11.6131439187418,300,-2.036361152309044,0.3955980315427461,César Hernández,25.88623248145095,314.0,0.1205025045580507,0.0117327823286047,0.1527807075198843,100.41649434100007,-0.3293426762308445
595777,2021,413,-7.414303464008732,-0.017952308629561094,0.47416292993766523,-5.922640060645909,-10.771385177736656,-8.604319700696236,-2.1670654770404205,13.99921947718259,300,-2.27319563533057,0.4874744169949998,Jurickson Profar,22.54335260115607,195.0,0.1016608303327192,0.0173134663204858,6.936064643929312,118.90835380920922,6.866286383652454
664761,2021,413,-7.837300312071489,-0.018976514072812322,0.4756881420613762,-12.848978258366916,-11.385908443687393,-18.666796501259444,7.280888057572051,14.044249946502276,300,-2.5591907063230153,0.48907927244278704,Alec Bohm,26.08187134502924,223.0,0.0943252772176398,0.0175602919748052,5.173498203982945,114.10343465553416,4.796728799809095
592348,2021,323,-7.255285145058297,-0.022462183111635593,0.4597067160271969,-8.975368349741071,-13.477309866981356,-16.67251086639208,3.1952009994107247,15.347259546396849,300,-2.735362230008656,0.5333897041551888,Niko Goodrum,28.37837837837838,189.0,0.1438077860986442,0.0146806867024361,-3.955332221697795,89.21739849320966,-4.669627574582496
664702,2021,634,-9.112557326046915,-0.01437311881079955,0.44356791032848847,-2.8864976279872856,-8.62387128647973,-2.7317012252245605,-5.89217006125517,10.569799307068802,300,-3.249810708757324,0.35157703841075294,Myles Straw,18.971061093247588,236.0,0.0827319026735273,0.016890134916642,15.574018481994012,142.45621498733357,15.031697245636472
628338,2021,342,-8.368383108289137,-0.024468956456985783,0.47276607894269224,-3.451405057398147,-14.68137387419147,-6.055096591926573,-8.626277282264898,15.338557037700362,300,-3.3032170347900287,0.5331073578340129,Guillermo Heredia,25.292397660818715,173.0,0.1116444064797487,0.0170308147222232,1.865620249802844,105.08585337187884,1.4928531622290693
542340,2021,497,-9.869925491602945,-0.019859005013285604,0.4628918883830522,2.888021586269917,-11.915403007971362,3.486545174571328,-15.40194818254269,12.458123344298963,300,-3.9341588173026514,0.4296277223996015,Jonathan Villar,28.000000000000004,287.0,0.1109687893647699,0.0114043538209876,0.9668232665654884,102.63564965635028,0.3038924007765559
669256,2021,510,-9.772397907397288,-0.019161564524308408,0.45471771694873603,-4.563990395289208,-11.496938714585045,-5.369400465046127,-6.127538249538919,12.08114336545825,300,-3.9676701538216683,0.41463807627235705,Nick Solak,30.547818012999077,329.0,0.1112696316947368,0.0114195492647435,-3.725093361894133,89.84505092225771,-4.168436189829544
664238,2021,377,-12.321567984604698,-0.03268320420319549,0.5235611283434136,-17.58805992027938,-19.609922521917294,-27.991607300179385,8.381684778262091,16.178861986353695,300,-4.909892697223219,0.5595399500436731,Dylan Moore,21.079691516709516,164.0,0.130111507575851,0.0144751123995258,5.844201074705083,115.93183272151327,5.48277441927797
578428,2021,510,-11.942113860956784,-0.02341590953128781,0.4517238115988154,-10.4361064988899,-14.049545718772686,-12.277772351635177,-1.7717733671375093,12.001599951144614,300,-5.528207374894109,0.4114350708755114,Jose Iglesias,43.04840370751803,418.0,0.0803812246522886,0.0119246546383,-4.862080623443187,86.74551847531754,-5.356684873514948
663616,2021,299,-10.214717889028575,-0.03416293608370761,0.44778785823716544,-2.236569843883567,-20.497761650224565,-4.488100021171037,-16.00966162905353,15.537744286304084,300,-5.84456053356795,0.5395244611771051,Trevor Larnach,25.08090614886732,155.0,0.1283655070209727,0.0162772714410896,0.9554484450389016,102.60464084069146,0.3071514440452327
641658,2021,489,-12.203238756423683,-0.024955498479394034,0.4393723903329774,-10.565628462984233,-14.97329908763642,-12.963961304275132,-2.0093377833612873,11.921463781337962,300,-6.142010201010317,0.4081943059239465,Garrett Hampson,25.083986562150056,224.0,0.099737572364244,0.0162583151967719,4.129395674458771,111.25711457998348,3.79775857804394
553869,2021,366,-13.089496986844857,-0.03576365296952147,0.4906975929175636,-4.223919878858928,-21.45819178171288,-6.924458817801522,-14.533732963911358,15.389504440143751,300,-6.420855128362236,0.5347577305691579,Elías Díaz,27.97527047913447,181.0,0.0994465339752912,0.0168590818567698,2.579951022273136,107.03318513362872,2.3027355248732047
572191,2021,526,-14.411706674430665,-0.027398681890552595,0.4785668747541304,-12.090598194053808,-16.439209134331556,-13.791556875346549,-2.6476522589850067,12.519904403561894,300,-6.4583673987166765,0.4320538169563366,Michael Taylor,30.05514705882353,327.0,0.114483172123947,0.0104929041709185,-3.0914078544329437,91.57253623186068,-3.541448818129009
518792,2021,351,-11.403692905081284,-0.03248915357573015,0.4359875090481779,-9.972739719062437,-19.49349214543809,-17.047418323183653,-2.446073822254437,13.962774981192691,300,-6.777564520966644,0.4861719639523079,Jason Heyward,29.95391705069124,195.0,0.1280973635798345,0.0153930728797254,-5.870038201919486,83.99773287975154,-6.090594051950329
553993,2021,574,-17.70740467623456,-0.030849137066610733,0.5307425367115363,-7.512858842350531,-18.509482239966438,-7.853162552979649,-10.656319686986789,13.291659281077312,300,-6.890079715240194,0.46161504256235175,Eugenio Suárez,23.45876701361089,293.0,0.1491223260023557,0.0115347712397078,-0.9159783763548086,97.5029582175448,-1.4752675535507422
501571,2021,326,-12.578423866316852,-0.038584122289315494,0.46705556928271835,-14.384428203469517,-23.150473373589296,-26.474407736446963,3.323934362857667,15.520689311672093,300,-7.082339134437856,0.5389787199048782,Juan Lagares,34.09461663947798,209.0,0.1179664051143761,0.0161808245627869,-5.685261637313689,84.50145088680247,-6.201690432966702
623520,2021,323,-14.787825931160372,-0.04578274282092994,0.5143857071752493,-14.031091586380892,-27.469645692557965,-26.06394721928339,-1.405698473274576,17.172711817654616,300,-7.377065085933928,0.5886838722168761,David Bote,27.66990291262136,171.0,0.128806308435584,0.0131207480744085,-4.406527429847236,87.98739861998524,-4.833787113363712
543877,2021,497,-15.455628671623359,-0.031097844409704947,0.467933835164008,-15.016780815067149,-18.658706645822967,-18.12891044072493,-0.5297962050980374,12.59382067766973,300,-7.6457162078211045,0.4349450142914163,Christian Vázquez,29.92922143579373,296.0,0.1031739271971164,0.0153875285154731,2.434970629819888,106.6379551730338,1.8223748191519875
643446,2021,420,-14.544244203910266,-0.03462915286645301,0.4679759405781527,-7.340201298521078,-20.777491719871804,-10.486001855030112,-10.291489864841692,13.70093263645133,300,-7.6966792170635845,0.4767198054150526,Jeff McNeil,28.296703296703296,206.0,0.0795097291591366,0.0158425529248543,5.052641823787269,113.77396898383802,4.761176873974297
543510,2021,407,-14.560886225317356,-0.03577613323173798,0.47234710754526177,-13.082258114222165,-21.465679939042786,-19.285884197870516,-2.1797957411722706,14.048026119119964,300,-7.705375780803884,0.48921362941989494,James McCann,32.05574912891986,276.0,0.1345523693778554,0.0130925493478792,-10.242941515183132,72.07679395179322,-10.432690555964422
596748,2021,401,-16.420251576499094,-0.040948258295508966,0.505561198133017,-19.213259040973583,-24.56895497730538,-28.748018515172443,4.179063537867062,15.147912872437084,300,-8.114251117447129,0.526876456377174,Maikel Franco,35.78104138851803,268.0,0.0992368583583794,0.0160466911961144,-3.3757779670762824,90.79731700040053,-3.770987061144068
641856,2021,300,-13.39429049866259,-0.04464763499554197,0.4633472541516992,-8.864974116604776,-26.78858099732518,-17.72994823320955,-9.058632764115629,16.050819714765446,300,-8.202934091680312,0.5556198313628486,Billy McKinney,,,,,,,
642086,2021,489,-17.230141908319585,-0.035235464025193425,0.4881775103394281,-14.4515675535266,-21.141278415116055,-17.731984728253497,-3.409293686862558,13.245690071614911,300,-8.354864079654618,0.4598934691046415,Dominic Smith,34.090909090909086,330.0,0.1090727116049963,0.0109689104764454,-6.680450117316919,81.78847503482281,-6.766903079822633
595751,2021,306,-14.051749618208978,-0.04592075038630385,0.46814517908678943,-13.18830339550545,-27.552450231782313,-25.859418422559706,-1.6930318092226067,16.05724717093416,300,-8.53561842571116,0.5558175274186735,Jorge Alfaro,,,,,,,
605170,2021,356,-15.878612106045752,-0.04460284299451054,0.4870942998494008,-13.511809886260211,-26.761705796706323,-22.772713291449797,-3.988992505256526,15.489567756106412,300,-8.780538836300789,0.5379810748917293,Víctor Caratini,26.19760479041916,175.0,0.1178257075304788,0.0169999676800685,-0.4485156594863291,98.77730482429098,-0.8149815059107404
672284,2021,375,-16.718654438234186,-0.04458307850195783,0.4896651457093348,-16.950945493876375,-26.749847101174698,-27.1215127902022,0.37166568902750186,15.171719636403854,300,-9.11992602859356,0.5276593141187049,Jarred Kelenic,29.712041884816752,227.0,0.1452392526869557,0.0117804214853508,-8.735360064737886,76.1866004378341,-9.568316200720403
624431,2021,301,-14.93639179086729,-0.0496225640892601,0.4721228345270032,-15.602591954318912,-29.77353845355606,-31.101512201300157,1.327973747744096,16.327624668043608,300,-9.222364003315821,0.5640464503903232,Jose Trevino,,,,,,,
683734,2021,468,-18.946222066194853,-0.04048338048332233,0.4995213579752494,-4.546824909059415,-24.2900282899934,-5.829262703922327,-18.460765586071076,13.854229764378186,300,-9.362816339311555,0.4822737318996425,Andrew Vaughn,29.21108742004264,274.0,0.1298267295617463,0.0127914828022461,-5.405355185668862,85.26450176548957,-5.832167059007668
664058,2021,665,-19.33202724243277,-0.02907071765779364,0.43589502414994064,-19.732672434862312,-17.442430594676182,-17.803914978823137,0.36148438414695505,10.141970411713196,300,-9.416306448066852,0.33297694223134416,David Fletcher,29.16256157635468,296.0,0.078352073992458,0.0151530339115016,3.103284840522456,108.4598415308472,2.754928260890682
544369,2021,406,-19.955216319467404,-0.04915077911198868,0.5240265403443002,-12.023397233922045,-29.49046746719321,-17.768567340771494,-11.721900126421716,15.60420031512593,300,-9.90884213977878,0.5416443734091219,Didi Gregorius,31.909547738693465,254.0,0.1075415080631708,0.0153684258877907,-0.9252643397436572,97.47764382239,-1.5947214895518156
503556,2021,310,-15.796096644764585,-0.050955150466982534,0.4678494172683709,-17.272942374745195,-30.573090280189522,-33.43150137047457,2.858411090285049,15.94323679098986,300,-10.008442229795698,0.552296401326578,Marwin González,33.49673202614379,205.0,0.1051212770040695,0.0168614157099999,-2.5351345679629125,93.08898866636802,-3.08187428279657
605113,2021,474,-18.506276569274156,-0.03904277757230835,0.45622840346471316,-15.417120062602022,-23.42566654338501,-19.515341851394965,-3.910324691990045,12.573158756249118,300,-10.363588836147256,0.4341380921991665,Nick Ahmed,31.41304347826087,289.0,0.0950978560655754,0.012758908791807,-1.045688928022029,97.1493552554014,-1.5221262126698771
645302,2021,369,-15.981096562851674,-0.04330920477737581,0.425223354819726,-13.671229055194837,-25.985522866425484,-22.229640740154206,-3.7558821262712776,13.281746193018028,300,-10.927173959780976,0.46124421698981793,Víctor Robles,26.68621700879765,182.0,0.1356869436307792,0.0138593382398466,-3.1848045645262206,91.3179281608985,-3.491778659807736
570256,2021,379,-17.484475792901506,-0.04613318151161347,0.44222554922694196,-11.608441183390127,-27.67990890696808,-18.3774794460002,-9.302429460967879,13.629360390127337,300,-11.398293400052484,0.474107349499574,Gregory Polanco,29.56204379562044,243.0,0.1325785477972681,0.0139095196908471,-4.022187278659445,89.03514542380205,-4.370446736217629
641531,2021,542,-23.975766785360438,-0.04423573207631077,0.47512591141689264,-11.923116428261222,-26.541439245786464,-13.199021876303936,-13.342417369482527,12.245043233316919,300,-12.55646817469048,0.4211940727535024,Hunter Dozier,29.92700729927008,328.0,0.131688936228937,0.0097891084262342,-8.144978562850566,77.79603502259798,-8.736515115159207
455117,2021,425,-22.24243089972022,-0.05233513152875346,0.4748922648530295,-19.4315206664873,-31.401078917252075,-27.43273505857031,-3.9683438586817665,13.821395073725913,300,-13.089491576855952,0.48108891251746105,Martín Maldonado,23.382519863791146,206.0,0.128011819718634,0.0117975139864356,1.5723771134611908,104.2864454570574,1.2290671850370531
641355,2021,348,-21.523997930958988,-0.061850568767123526,0.48833474656993153,-21.265795773316754,-37.11034126027412,-36.6651651264082,-0.44517613386592103,15.706494089833841,300,-13.259519228735957,0.544886965955204,Cody Bellinger,31.18279569892473,232.0,0.1214488457030618,0.0134060013085728,-4.216902589439545,88.50433347534036,-4.503064637892974
650489,2021,448,-23.89534479999155,-0.05333782321426685,0.4738388952710722,-17.506973114161404,-32.002693928560106,-23.446838992180453,-8.555854936379653,13.432070125680392,300,-13.95251261386634,0.4668423127120208,Willi Castro,40.26128266033254,339.0,0.0901577759524428,0.0126030555534305,-4.324785392916422,88.21023497384276,-4.784352067507316
641343,2021,312,-17.635961317735493,-0.05652551704402402,0.41284387834708686,-12.517543815118566,-33.91531022641441,-24.072199644458784,-9.843110581955628,14.023609264187753,300,-14.099753581363796,0.488344262278151,Jake Bauers,,,,,,,
595978,2021,313,-21.245103169166647,-0.06787572897497332,0.4569535509033124,-23.950265120588618,-40.72543738498399,-45.91105134937115,5.185613964387159,15.497125072546897,300,-15.220557000344161,0.5382235476864485,Austin Hedges,,,,,,,
462101,2021,538,-27.493254435220713,-0.051102703411190914,0.4458047636148203,-24.11087852833292,-30.661622046714548,-26.88945560780623,-3.772166438908318,11.532004875893016,300,-16.021537889158648,0.39225015666456486,Elvis Andrus,32.21343873517787,326.0,0.1251022192524616,0.0101196626185977,-7.854805676017079,78.58707315326035,-8.293376171200796
592743,2021,449,-25.598460514924504,-0.05701216150317261,0.415592728428256,-29.901276585187016,-34.20729690190357,-39.957162474637435,5.749865572733867,11.76782008715887,300,-17.780311823510953,0.40194232686742115,Andrelton Simmons,28.778718258766627,238.0,0.1230210697879386,0.0143747696060747,-3.491643833216819,90.481455931644,-3.920243840074948
621028,2021,553,-31.028483375556597,-0.05610937319268824,0.44250437304877827,-25.58788518732621,-33.66562391561294,-27.76262407304833,-5.902999842564611,11.29032001175598,300,-18.25255156737693,0.38219910840611215,Kevin Newman,26.260504201680675,250.0,0.107021416182983,0.0146700397101492,-1.2605326671953796,96.56367134924884,-1.3575893594359811
598265,2021,426,-37.669408591861995,-0.08842584176493426,0.43962169573664334,-33.5302955545475,-53.055505058960556,-47.225768386686624,-5.829736672273931,12.779844453274196,300,-26.650601556126766,0.44216566352662307,Jackie Bradley,28.151774785801717,230.0,0.1216910484950174,0.0143601023540592,-3.49128070132996,90.48244586275749,-3.623875012746894
592450,2022,689,76.48939443272283,0.11101508625939453,0.5679381370503973,76.3999744430163,66.60905175563671,66.53118238869345,0.0778693669432613,12.982031900212741,300,36.067752009798994,0.47830359963314595,Aaron Judge,23.02758178319436,359.0,0.1098324181173606,0.0124667162959037,8.387007990890398,123.57214113649948,9.1348732582081
518692,2022,707,62.01346164787816,0.08771352425442455,0.5036840243320485,52.100507271948985,52.62811455265473,44.21542342739659,8.412691125258142,11.36579241357396,300,32.04505092522459,0.4127141962383118,Freddie Freeman,27.441540577716644,399.0,0.0692063696692003,0.0132162101387823,9.648377477795306,127.11728853625054,10.390172424661968
502671,2022,645,62.31936682405007,0.09661917337062026,0.5465915336575343,59.26996555949707,57.97150402237216,55.13485168325309,2.8366523391190697,12.913212372106447,300,31.708005618843845,0.47565162150991996,Paul Goldschmidt,25.43227665706052,353.0,0.0721415761908631,0.0139177002220257,14.201433668609178,139.9139000631323,15.096263955916568
545361,2022,499,42.524394920899475,0.08521922829839575,0.5383568843268458,45.29210589233237,51.13153697903745,54.459445962724295,-3.3279089836868465,14.46009840981594,300,25.3878915806114,0.5321589026732264,Mike Trout,22.735849056603776,241.0,0.0946300287321876,0.0174336832590518,9.159735569249086,125.7439339328007,10.205051653568995
592626,2022,432,36.59491252621322,0.08471044566253061,0.5392979782205107,23.497445202349276,50.826267397518365,32.63534055881844,18.190926838699923,15.56819164495164,300,23.48925387164263,0.5686847697587487,Joc Pederson,29.78723404255319,266.0,0.0820676548450399,0.0149891329370824,3.258939121386246,109.15942526918002,4.252613334286597
608070,2022,682,45.39799420486631,0.0665659739074286,0.5398037802440463,33.72444479003316,39.93958434445716,29.669599522023308,10.269984822433852,12.402093027622332,300,23.00019162015321,0.45555707343045215,José Ramírez,28.80771881461061,418.0,0.1019976419485227,0.0138793700048958,2.5548739480451683,107.18061188861378,3.319972791879782
670541,2022,557,40.86316904806341,0.07336296058898278,0.5496088308257641,46.83328013998864,44.01777635338967,50.448775734278605,-6.4309993808889345,13.9726041321234,300,22.76566607856204,0.5150515799883147,Yordan Álvarez,24.893435635123616,292.0,0.1151002094724743,0.0145561287115909,1.6301552224807203,104.58163972425616,2.3947773225228675
592518,2022,641,40.489527521241826,0.06316618958072048,0.5331801019090742,39.22931586826021,37.89971374843229,36.72010845702984,1.1796052914024528,12.635608722108229,300,21.563903390582002,0.4648245090474532,Manny Machado,30.877742946708462,394.0,0.0938313400068321,0.01271471404873,1.8488480116798185,105.19628767715366,2.826044757012514
605141,2022,637,38.41262597280995,0.06030239556171107,0.5398650773806023,34.18822020155782,36.181437337026644,32.20240521339826,3.979032123628386,12.834139901064368,300,20.384798036218502,0.47258875786278765,Mookie Betts,22.46732026143791,275.0,0.1010914099002193,0.0136317109415182,8.777472990042265,124.66956420785796,9.620461879033767
646240,2022,611,36.573276013499814,0.05985806221522064,0.5334377322952714,30.087185707640764,35.91483732913239,29.545517879843633,6.369319449288756,12.948348422956668,300,20.09767844815135,0.4770071972428418,Rafael Devers,36.44703919933278,437.0,0.0651232125255888,0.0130964112054585,4.054552701348804,111.39554041505365,4.858825510698109
660271,2022,665,34.55015556084109,0.051955121144121943,0.4951037377692689,34.011807197626474,31.173072686473166,30.687344839963735,0.48572784650943035,11.519579671680953,300,19.2592401475829,0.4192443252588615,Shohei Ohtani,28.560663149962323,379.0,0.1063166272619667,0.0110536588354273,0.2591930590448592,100.72847615932196,1.0818385906179846
514888,2022,602,30.286470692269223,0.050309751980513656,0.4581798438451651,40.93313692067205,30.185851188308195,40.7971464325635,-10.611295244255306,11.204409797955424,300,19.05470049699722,0.4057994665771686,José Altuve,28.627450980392155,365.0,0.0800311228873319,0.0135617137854143,6.192305926949728,117.40381187534138,7.076906126194914
624413,2022,682,39.204184585366974,0.05748414162077269,0.580945535380967,30.581435816360333,34.49048497246361,26.904488988000296,7.585995984463317,13.347332563175542,300,18.87169811532299,0.4921657662911007,Pete Alonso,33.739255014326645,471.0,0.0866340433460536,0.0122291781946688,-0.1266645049074327,99.64400253464576,0.8325815162594812
547180,2022,426,27.857282564940405,0.06539268207732489,0.5288085498391262,21.18990777829758,39.23560924639494,29.844940532813492,9.390668713581444,15.372514773597482,300,18.71676617155542,0.5624693064811508,Bryce Harper,35.49488054607509,312.0,0.1092310029850383,0.0101842019969303,-7.8254257191197185,78.00621631639821,-6.960126391360904
571448,2022,618,35.25256796542492,0.05704299023531541,0.5675570099511092,30.21192444506495,34.22579414118925,29.33196548064558,4.893828660543669,13.698294689655595,300,18.32890472622696,0.5051423402709683,Nolan Arenado,32.93269230769231,411.0,0.0890540642411953,0.01094946563186,0.2936011919618044,100.82518208427668,0.9933814846304596
665742,2022,664,30.447080666860458,0.04585403714888623,0.46327551299775305,36.504529553741996,27.512422289331738,32.986020681092164,-5.473598391760426,10.787145988802312,300,17.91582779443139,0.3876355221054664,Juan Soto,17.109747784594408,251.0,0.1011079242342625,0.0168696372866143,14.033598035470508,139.4421889074525,14.920563734474603
592192,2022,541,28.374618172978522,0.05244846242694736,0.5096741309616643,23.23327174959495,31.469077456168417,25.767029666833587,5.702047789334831,13.1475614374624,300,17.553706010402294,0.4846298405365201,Mark Canha,24.835988753514528,265.0,0.0911576735157481,0.014570832758674,8.389240221899467,123.5784149428977,9.556429328997767
677594,2022,560,29.01522007922596,0.051812892998617785,0.5307014133261578,28.030386033888174,31.08773579917067,30.032556464880187,1.0551793342904823,13.45573672389118,300,17.029092964461725,0.49620968792760917,Julio Rodríguez,33.71579876434245,382.0,0.0954970333996793,0.0114315292851869,-1.634436947360184,95.40632625559316,-0.5706210694560916
596019,2022,704,33.964089770608346,0.04824444569688686,0.5488729217131311,24.092296863795035,28.946667418132115,20.53320755437077,8.413459863761346,12.41185594710388,300,17.004951748187867,0.4559474369976357,Francisco Lindor,29.93288590604027,446.0,0.088457208763228,0.0124514135388505,2.8926256877846006,108.1298814835496,3.8072834302398335
607043,2022,670,27.683134993025288,0.04131811192988849,0.47497292489396187,23.956157658528785,24.790867157933093,21.4532755151004,3.3375916428326917,11.009882980767987,300,16.03448127249804,0.397381878637035,Brandon Nimmo,21.595184349134687,287.0,0.0923251678734848,0.0139983451181856,11.881257790504636,133.39291983757565,12.981991908701197
650490,2022,556,23.853931625539396,0.04290275472219316,0.4629862491859306,26.649466889300133,25.741652833315896,28.75841750643899,-3.0167646731230953,11.780994334606763,300,15.85287260238736,0.4302092557091836,Yandy Díaz,19.8339483394834,215.0,0.1076611441812006,0.0136461193236899,9.32599371646418,126.21121147867926,10.244903166215268
592273,2022,569,28.390115593650993,0.04989475499762916,0.5621669998154655,16.58059681803308,29.936852998577496,17.483933375781806,12.45291962279569,14.140359968704754,300,15.775159815394392,0.5210110248847045,Brandon Drury,30.40421792618629,346.0,0.1051633484249569,0.0129030279712352,0.0933442863744535,100.26234918281877,0.9371621034233992
680977,2022,468,20.64312550937173,0.04410924254139258,0.45904817420957056,16.863370852850657,26.46554552483555,21.61970622160341,4.845839303232143,12.731705615544096,300,15.35519681791745,0.4685959333363722,Brendan Donovan,21.668362156663274,213.0,0.0815760972048078,0.0147319527960922,14.626506192016668,141.10858945962417,15.596140125605308
663656,2022,610,29.857454280731133,0.048946646361854314,0.5891061519456525,18.100751238371842,29.36798781711259,17.804017611513288,11.5639702055993,14.311326534251203,300,15.343134642072021,0.527006183093655,Kyle Tucker,26.17801047120419,300.0,0.1101271834417042,0.0131901850572761,2.583861913398418,107.26208413846842,3.4171493535128934
457759,2022,530,24.603186075149846,0.04642110580216952,0.5324966565075266,14.81078298815406,27.852663481301715,16.7669241375329,11.085739343768815,13.878106017060608,300,15.011514039377602,0.5116609776073723,Justin Turner,26.919518963922297,291.0,0.1116209843403546,0.012923142214898,2.477320779878539,106.96264450053069,3.5403148772154154
672386,2022,539,21.87365730466433,0.04058192449844959,0.46258223852967684,19.869450047701118,24.349154699069757,22.118126212654307,2.2310284864154504,11.954896518589255,300,14.904007111530671,0.43740739828620145,Alejandro Kirk,23.44028520499109,263.0,0.1048379679033854,0.0141465008787876,7.747975298815219,121.77610507396152,8.651961766317633
665926,2022,554,23.808245927981055,0.04297517315520046,0.5088002061930222,21.718302071520448,25.785103893120276,23.521626792260413,2.2634771008598626,12.970109620457448,300,14.78060461771928,0.47784508818655863,Andrés Giménez,38.89418493803623,408.0,0.0968615066215085,0.011402415229648,-6.633546035215951,81.35605885347721,-5.72750801969145
664983,2022,355,17.030172030305316,0.047972315578324834,0.46096372159373794,11.122295933898014,28.783389346994902,18.798246648841715,9.985142698153187,14.6792484500023,300,14.737770654093856,0.5396408895943355,Jake McCarthy,30.0,180.0,0.0854783151785595,0.0152197744006734,1.7264283664838314,104.85222062039466,2.498857406946991
607208,2022,708,27.40541415177943,0.038708212078784505,0.5064526935146485,24.652598632832945,23.224927247270703,20.892032739688936,2.3328945075817664,11.420194663548589,300,14.729555558304547,0.4150308845834817,Trea Turner,33.2421340629275,486.0,0.0857086515393573,0.0099510046605835,1.4165346943870598,103.98124763647628,2.2639228524407944
608324,2022,655,26.22286569202741,0.04003490945347696,0.5104424376015251,21.55709549453066,24.020945672086174,19.746957704913584,4.273987967172591,11.966781857581783,300,14.708957906702933,0.43789651666147306,Alex Bregman,18.202247191011235,243.0,0.0872681363456199,0.0161851973617947,14.317530308660682,140.2401959707718,15.265124116756756
630105,2022,684,25.93793229661878,0.037920953650027456,0.49164958654849517,16.46948332654931,22.752572190016473,14.446915198727465,8.305656991289007,11.279215070518129,300,14.57359217523947,0.4090124639066748,Jake Cronenworth,21.982414068745005,275.0,0.1012848061783598,0.0137424697405845,9.263305667521896,126.0350233149331,10.181080822113792
650391,2022,329,18.799530367491613,0.05714142968842435,0.536078033039574,13.13804318994799,34.284857813054614,23.95995718531548,10.324900627739133,17.732963201305928,300,14.387237599431646,0.6310858293484849,Eloy Jiménez,32.25308641975309,209.0,0.0877192743783022,0.0179856172914549,0.1151344543566434,100.32359163252455,0.8299022708128166
663993,2022,645,24.41621062946982,0.03785459012320902,0.4863017690650611,26.724873863954194,22.71275407392541,24.860347780422508,-2.147593706497098,11.488868074569817,300,14.371794622486059,0.4179449106641945,Nathaniel Lowe,29.306122448979597,359.0,0.1148701881046686,0.0094491967478059,-2.172857944492768,93.8930648220701,-1.3044746390176898
671739,2022,440,20.50021464806919,0.04659139692742997,0.513725805062112,17.523247956332472,27.954838156457985,23.895338122271554,4.059500034186431,14.69455008770393,300,14.3432962042861,0.5401585004748086,Michael Harris,39.18604651162791,337.0,0.0830240903607343,0.0129067763673926,-2.9325448407138595,91.75792357065802,-1.9302205635149647
669257,2022,576,25.026310242527057,0.04344845528216503,0.5471022279416037,16.862467783492466,26.06907316929902,17.565070607804653,8.504002561494367,13.677555698540091,300,14.31014869036662,0.5043848438498729,Will Smith,21.63793103448276,251.0,0.0904902249313056,0.0160679150554595,10.665552532559287,129.97611423159577,11.438889146559305
650333,2022,601,21.115670681507893,0.03513422742347403,0.4387060900892488,23.732055938922663,21.080536454084417,23.692568325047585,-2.6120318709631682,10.73711680542541,300,14.017568657059478,0.3854309065315257,Luis Arráez,24.317817014446227,303.0,0.081778068927168,0.0147820330360826,9.908248340452037,127.84766969940932,10.839089968256976
518934,2022,539,19.90850138402562,0.03693599514661525,0.4544243895400645,12.681818818400613,22.16159708796915,14.117052488015524,8.044544599953625,11.744066459927508,300,13.842845287343826,0.42867079166585614,DJ LeMahieu,24.832855778414515,260.0,0.106638190464938,0.0140887549948113,3.789145398105572,110.64959878515386,4.705090250592114
621020,2022,694,25.43336395499392,0.03664749849422755,0.5158115715133074,10.486690496761602,21.98849909653653,9.066303023136832,12.922196073399697,11.74796369813241,300,13.740823483284279,0.4288333193167162,Dansby Swanson,26.48569332355099,361.0,0.0939647103467726,0.0106989478017613,4.683390628940006,113.16292353872107,5.769677861295698
656941,2022,669,24.64190661495081,0.036833941128476544,0.5248722723369396,24.341200396182316,22.100364677085928,21.830673001060376,0.2696916760255519,12.17564065812439,300,13.464278903041581,0.44643186888238784,Kyle Schwarber,21.530128639133377,318.0,0.112978561410642,0.0132277933650822,9.869682636030934,127.73927869410322,10.940768806595646
623912,2022,433,17.48922308501864,0.040390815438842126,0.48218763841515033,11.018740813106737,24.234489263305274,15.268463020471229,8.966026242834046,13.903475458189654,300,13.225015986162544,0.5125736161219353,Harold Ramírez,42.44256348246675,351.0,0.0587723749046593,0.0130753922519349,1.8705026785744516,105.257149293699,2.808042236150486
516782,2022,502,19.69581250691812,0.0392346862687612,0.5116413651876808,13.284986873471771,23.54081176125672,15.878470366699329,7.662341394557391,13.701403014034362,300,13.039001662639281,0.5052557717525146,Starling Marte,32.98538622129436,316.0,0.0857717451238735,0.0107647270954884,0.0431612129585803,100.12130693145724,1.036255510843797
621493,2022,563,19.684118423426163,0.03496291016594345,0.4715332774864828,28.351608312841414,20.977746099566073,30.21485788224662,-9.237111782680547,11.923654970284668,300,13.030737113658297,0.4361199739321535,Taylor Ward,20.65026362038665,235.0,0.0988081535483031,0.0142192826636308,10.505991871243154,129.5276603333209,11.40929346853093
663586,2022,690,23.39462384612995,0.03390525195091297,0.5133072713438422,32.43791301093167,20.34315117054778,28.206880879071022,-7.863729708523241,11.72476431166386,300,12.818081279599065,0.427865260567357,Austin Riley,30.57790782735918,418.0,0.1127498867954527,0.0097136799232278,-3.6917694095945617,89.62408171532746,-2.8253852771089027
656555,2022,673,22.264954539427126,0.03308314196051579,0.4974997988857371,17.0634723312999,19.849885176309474,15.212605347369895,4.63727982893958,11.506324765107545,300,12.69281658137606,0.4186837941421701,Rhys Hoskins,23.167358229598893,335.0,0.1089367237744526,0.0122639950929925,8.736301145237192,124.55384850356278,9.356092836509292
621043,2022,594,20.06605501241878,0.03378123739464441,0.49488280702302256,19.079279028030296,20.26874243678665,19.271999018212423,0.9967434185742263,12.183172515300248,300,12.444997883179013,0.4467375446035059,Carlos Correa,26.904761904761905,339.0,0.0875530261586903,0.0136357490602307,6.503098298820575,118.27731070374888,7.32065823498119
518595,2022,423,17.971085034061456,0.04248483459588997,0.5430511748688078,8.18864475629068,25.490900757533982,11.615098945093164,13.875801812440818,15.842431001032061,300,12.367454543077152,0.57722965243246,Travis d'Arnaud,36.069651741293534,290.0,0.0557484696685766,0.0172323279157057,5.570860022361257,115.65720443350158,6.632096024226659
453568,2022,573,19.422791633434297,0.033896669517337344,0.49745513775180267,5.3857112461529395,20.338001710402406,5.639488215866953,14.698513494535453,12.46889190697603,300,12.281376771451926,0.45822292283348776,Charlie Blackmon,32.43781094527363,326.0,0.0746019335243769,0.0129969822823669,2.2778068492323347,106.40189977046744,3.0891183461265155
643446,2022,588,18.43201988249201,0.031346972589272125,0.47146852817560103,28.348494511741652,18.808183553563275,28.92703521606291,-10.118851662499637,11.665820642426567,300,11.97945390321982,0.42539954487394677,Jeff McNeil,29.17082917082917,292.0,0.0758952617589461,0.0135242309579329,4.868409856043172,113.6829301178228,5.750765343145604
543807,2022,583,19.872311179715542,0.03408629704925479,0.5239286024551167,26.44749085832472,20.451778229552872,27.21868698969954,-6.766908760146666,13.019343371856941,300,11.962319704337974,0.4797360537977865,George Springer,25.86520947176685,284.0,0.1195242827856736,0.0099190469692072,-1.0797656338722694,96.96526008516692,-0.2663757435324362
405395,2022,349,17.546448161542813,0.05027635576373299,0.5975199185230371,19.048152601786754,30.165813458239793,32.747540289604736,-2.581726831364943,19.190704761918973,300,11.881839616541832,0.6670515056175735,Albert Pujols,35.35911602209944,256.0,0.0938652923944464,0.0164350746073964,-1.7250223292898306,95.15173112344726,-0.8220202558520939
664034,2022,609,18.745010080388074,0.030779983711638873,0.5112525013900304,13.209492292799741,18.467990226983325,13.014278120984965,5.45371210599836,12.4301980971948,300,11.29248792840523,0.45668015125467704,Ty France,32.40660295395308,373.0,0.1093943238400622,0.0096780647768415,-6.577443811233977,81.51373719874776,-5.448164917101558
592885,2022,670,18.114558127814533,0.027036653922111242,0.4471055312432034,11.468155393068862,16.221992353266746,10.269989904240774,5.952002449025972,10.363916175097232,300,11.25543907998468,0.36881303931533327,Christian Yelich,23.125,333.0,0.1238563303623616,0.0097986370216667,3.4884750548311243,109.80454846745737,4.498104205538624
660670,2022,532,15.050632113325081,0.028290661867152407,0.4419026775866122,14.569508006359634,16.974397120291446,16.431775947022143,0.5426211732693034,11.49534651884263,300,11.027854571120514,0.41821920973003335,Ronald Acuña,24.66367713004484,275.0,0.1112483498686089,0.0129421361326568,4.766048263942652,113.39523730787543,5.792018818518298
592663,2022,560,17.497310316330314,0.031245196993446987,0.5215101092966503,23.353899770440655,18.747118196068193,25.022035468329275,-6.2749172722610815,13.222694632679932,300,10.951661037702445,0.48747678816950024,J. T. Realmuto,31.550317316409792,348.0,0.0921901829467779,0.0136997207323795,1.5716001178958958,104.41706742492902,2.530283921339916
673357,2022,400,15.37638788515076,0.038440969712876895,0.5558819860500355,6.216443455363856,23.064581827726137,9.324665183045784,13.739916644680353,16.676459581501064,300,10.8375585267719,0.6020522750365156,Luis Robert,43.67346938775511,321.0,0.0787771691094642,0.0128967919905268,-3.829190709113292,89.23785169492744,-2.8893961181068795
593428,2022,627,17.474790363529976,0.027870479048692148,0.495278627002096,23.308943180994675,16.72228742921529,22.30520878564084,-5.582921356425551,11.86771387227185,300,10.66345331831614,0.4338084362002386,Xander Bogaerts,29.4392523364486,378.0,0.0740693590385226,0.0135300028074137,7.137755880190316,120.06105028020404,8.236336080886462
661388,2022,372,12.172385159369531,0.03272146548217616,0.4662953550539211,19.21430608647048,19.632879289305695,30.990816268500772,-11.357936979195077,14.505772760042667,300,10.62502799633387,0.533728890605592,William Contreras,28.918590522478738,238.0,0.1074643300176915,0.0156207623494535,-0.2128565702107021,99.40175505731152,0.6791806260971894
521692,2022,472,15.31915695141005,0.03245584099875011,0.5235064215232865,8.427213639887338,19.473504599250067,10.712559711721193,8.760944887528874,14.457801718833542,300,10.578285241862615,0.5320798093289891,Salvador Pérez,43.58452138492871,428.0,0.0898509273069433,0.0123889747638797,-6.565700474513135,81.54674248393383,-5.617953580320555
665489,2022,700,18.19347318537306,0.02599067597910437,0.49981449033553504,15.81285293626381,15.59440558746262,13.55387394536898,2.04053164209364,11.334727226522759,300,10.312705320754313,0.41138805796617295,Vladimir Guerrero,30.842490842490843,421.0,0.1092021672015236,0.0114560279101014,-2.5872514187087465,92.72838947290232,-1.6967687502777036
547989,2022,680,17.708757636278065,0.02604229064158539,0.4989532350827247,24.145820669473242,15.625374384951234,21.305135884829333,-5.679761499878099,11.48038987141744,300,10.2511710528489,0.41758578428515175,José Abreu,30.0,420.0,0.0865873705932456,0.0119058156706187,4.70594415318717,113.2263114426383,5.603357922271272
553993,2022,626,17.377325668744188,0.027759306180102538,0.5242969398319911,12.056338563187644,16.655583708061524,11.555596066953013,5.099987641108511,12.57307211844062,300,10.228865111777733,0.46235690676390645,Eugenio Suárez,21.807318894697534,292.0,0.1144363720367571,0.0147799474049516,6.9182632727720135,119.44415439479386,7.836125165839753
572233,2022,665,17.839214034493754,0.02682588576615602,0.5250858048403158,18.56235319629557,16.095531459693614,16.74798784628172,-0.6524563865881063,12.21717248708313,300,10.11773439277999,0.4481155608491391,Christian Walker,23.407521105141974,305.0,0.1181094639906596,0.0126868747198678,1.8102283208987189,105.08774494025288,2.594373198518368
593871,2022,444,13.162882504868644,0.029646131767722173,0.4996562012748379,7.396729202573548,17.787679060633305,9.995580003477768,7.7920990571555375,14.227580357019972,300,9.909715842869197,0.5240793849397998,Jorge Polanco,25.15274949083503,247.0,0.1074305794170247,0.0134975266144581,5.914787913984114,116.62383243849672,6.767633268880071
666182,2022,694,17.754341250458452,0.0255826242801995,0.5244191963418035,13.984300264379131,15.349574568119701,12.090173139232679,3.2594014288870223,11.944008280295696,300,9.84655707447584,0.43695899361932944,Bo Bichette,35.30326594090202,454.0,0.0971725313573088,0.0113651217829452,-3.885331151968936,89.08006593343822,-3.0912038340723096
608369,2022,664,15.658323787048893,0.02358181293230255,0.4780935224499611,10.695333278558762,14.14908775938153,9.664457781830206,4.484629977551323,11.132176163589893,300,9.561140510673031,0.40268421045458985,Corey Seager,30.73005093378608,362.0,0.0997606433586318,0.008969560923738,-2.516633201056353,92.92686580619284,-1.772429394277026
571970,2022,563,14.53039285470889,0.025808868303212947,0.5006706619551052,8.635620220543368,15.485320981927767,9.203147659548883,6.282173322378885,12.660451577710417,300,9.555828322797147,0.4658018665485475,Max Muncy,16.44518272425249,198.0,0.1185912218350263,0.0178384170305283,13.610541743216384,138.25316623804167,14.2570522540082
668939,2022,468,11.514360267949009,0.02460333390587395,0.42907347989019934,19.688599923605796,14.76200034352437,25.241794773853584,-10.479794430329214,11.900357174506771,300,9.537348825711248,0.4351582649093759,Adley Rutschman,23.30547818012999,251.0,0.1155474614294826,0.0125086681889845,4.421432436056511,112.4266758206768,5.439093338208806
543068,2022,631,16.563212409869365,0.026249148034658266,0.5477841143316841,12.13849108514849,15.749488820794959,11.542146832153872,4.207341988641087,13.084164763483843,300,9.483667957348992,0.48221570330727237,C. J. Cron,33.464257659073056,426.0,0.0931350482943218,0.0121836614807228,-0.7831494705388087,97.7989159101116,0.2759475427611282
683734,2022,553,14.318867659185052,0.0258930699081104,0.5064106311084331,7.214077130446037,15.53584194486624,7.827208459796784,7.708633485069456,12.920862325442512,300,9.453159437481556,0.47594704652369757,Andrew Vaughn,33.04514889529299,344.0,0.0931470602144492,0.0142501265004745,-0.7763272495462854,97.81809013246536,0.0464212055070356
642715,2022,614,16.06824556634289,0.026169781052675714,0.5509462241738747,8.148610469214002,15.701868631605429,7.962811533433879,7.73905709817155,13.340628052410864,300,9.33344703304471,0.4919146114086566,Willy Adames,29.79053529868115,384.0,0.1120064169375256,0.0102844225877953,-2.1468976583239776,93.9660276152592,-1.1349847029382052
668804,2022,608,14.316844397418823,0.023547441443123065,0.47706194858727574,15.682465073897768,14.12846486587384,15.476116849241219,-1.3476519833673795,11.608450090085796,300,9.317874717067951,0.4229912261577677,Bryan Reynolds,31.71127331711273,391.0,0.1132649240133846,0.0099539921876094,-4.371682794286004,87.7131482475223,-3.530317798593892
621566,2022,696,15.893473862349163,0.022835450951651095,0.5166551243204075,17.414395682909703,13.701270570990657,15.012410071473882,-1.3111395004832254,11.75025716856948,300,9.006387977270109,0.4289289465531265,Matt Olson,28.67360208062419,441.0,0.1251377005891988,0.0095667126337723,-2.3072827181475133,93.5152567002377,-1.3290042450091053
657077,2022,642,14.628365401484837,0.022785615890163296,0.5011272229282447,6.4349748263296105,13.671369534097977,6.013995164794029,7.657374369303948,11.866748333677045,300,8.936485617218388,0.4337684687039725,Alex Verdugo,25.10566356720203,297.0,0.124166824021151,0.0129953950345641,-2.38699659097274,93.29121653444626,-1.6246076434151928
519203,2022,544,13.862225938498955,0.025482032975181902,0.5347552056666335,14.48671925008569,15.289219785109141,15.97799917288863,-0.6887793877794888,13.756464175412844,300,8.931444625108558,0.5072607539637813,Anthony Rizzo,30.30869971936389,324.0,0.082885991401153,0.0136356289536716,2.7753710313848003,107.80033090811555,3.675251654126095
647304,2022,498,13.222467537605572,0.02655113963374613,0.5469437474818435,8.6140881328855,15.930683780247678,10.378419437211447,5.5522643430362315,14.705481223232884,300,8.809224356996477,0.5405278868372971,Josh Naylor,33.2982086406744,316.0,0.1021949579000711,0.0120021250853611,-5.113813490713573,85.62734964843665,-4.286444538662558
668942,2022,509,11.990474247600815,0.02355692386562046,0.48596684237799853,5.634168188163553,14.134154319372277,6.641455624554286,7.492698694817991,12.92406094985498,300,8.7171959141533,0.4760705237784762,Josh Rojas,19.705882352941178,201.0,0.1298171510008481,0.0143126657425847,5.888201152223475,116.54910890165677,6.706518431168933
662139,2022,593,12.995947882403364,0.02191559507993822,0.49380111095856627,8.661637503927999,13.149357047962932,8.763882803299829,4.3854742446631025,12.166788717660221,300,8.51302224760595,0.44607242844786466,Daulton Varsho,30.24523160762943,333.0,0.0890682116427539,0.0128283830464533,3.585879261487854,110.07830827656866,4.545666142077248
666969,2022,657,14.388354048055495,0.02190008226492465,0.5230665495244649,5.357289406979137,13.140049358954789,4.892501741533458,8.247547617421331,12.244061803253002,300,8.475355013938842,0.4492032332818253,Adolis García,37.6521116678597,526.0,0.0854757747455697,0.0119504922470469,-2.013389112323887,94.34126062954286,-1.0936475460935462
527038,2022,600,12.683967633641764,0.021139946056069607,0.47740682196100837,2.5622907988342605,12.683967633641764,2.56229079883426,10.121676834807504,11.69403113528205,300,8.448749456808681,0.42658073407467806,Wilmer Flores,26.86804451510334,338.0,0.0817104094257722,0.0143326299315829,6.311031772478069,117.73749730766528,7.358968698244427
596129,2022,461,10.89332446105138,0.023629771065187374,0.49319871810399074,12.485310897775436,14.177862639112425,16.24986233983788,-2.0719997007254545,13.782332618073346,300,8.373108528319406,0.5081998748516019,Dan Vogelbach,20.43010752688172,228.0,0.1312269709441579,0.0160041933477796,7.577689204025308,121.29750676281994,8.624629007559363
643217,2022,523,10.454941475816147,0.019990327869629343,0.4238123941938749,13.661740021314577,11.994196721777605,15.67312430743546,-3.6789275856578545,11.1192132452436,300,8.279167068159303,0.4021238394998845,Andrew Benintendi,22.73684210526316,216.0,0.0995769156210909,0.0154522188287001,5.530395869352871,115.54347773540869,6.324873737540294
673548,2022,448,9.991475985461227,0.022302401753261668,0.4617128848406933,10.804800808303707,13.381441051957001,14.470715368263894,-1.0892743163068932,13.088330040028698,300,8.255841069407525,0.4823746508578608,Seiya Suzuki,21.36659436008677,197.0,0.0888405162657982,0.0151522868540787,11.403088259207326,132.04899841873873,12.52060541383984
668227,2022,644,12.836344558046369,0.01993221204665585,0.5293298988649456,10.307835861444227,11.95932722799351,9.603573783954248,2.3557534440392622,12.51511204886863,300,7.725090039210034,0.46006055869823365,Randy Arozarena,31.2960235640648,425.0,0.1015584282813158,0.0122364707030159,-0.7724995587897656,97.82884806507228,0.1485031321194596
664913,2022,552,11.37753477392479,0.020611476039718822,0.521148506209399,7.479556987976526,12.366885623831294,8.129953247800572,4.2369323760307225,13.308932082177515,300,7.650418657428963,0.49072560798423304,Seth Brown,29.105125977410943,335.0,0.133127175193999,0.0112163966774797,-7.386499306914605,79.23984281923143,-6.46091855323315
663457,2022,344,7.790868456370549,0.02264787341968183,0.46645413665007535,11.949452042463617,13.588724051809098,20.842067515924914,-7.253343464115815,15.089712938157973,300,7.59468910487957,0.5533100750807489,Lars Nootbaar,20.59659090909091,145.0,0.0919989545720184,0.0224679104956817,10.578891805027574,129.73254955363336,11.541338550555713
543760,2022,726,12.415908348544916,0.01710180213298198,0.46748765885811966,13.468751970135129,10.261081279789188,11.131199975318289,-0.8701186955291007,10.41005659318805,300,7.477449245228552,0.37088361240423323,Marcus Semien,24.825174825174827,355.0,0.1092885388185603,0.0124128769510344,3.1677455994777413,108.9031209266187,4.151001408175949
643265,2022,468,9.033799759014794,0.0193029909380658,0.4616025203743833,9.467663466292649,11.58179456283948,12.138030084990575,-0.5562355221510948,12.802550431486535,300,7.4215112401958425,0.47136043140599554,Garrett Cooper,30.687830687830687,290.0,0.1117949479542573,0.0114930837092519,-3.3090050059695337,90.69986184503249,-2.370850611637473
605137,2022,646,11.356006334202938,0.017578957173688757,0.48200829672901857,16.543881060133046,10.547374304213255,15.365833801981157,-4.818459497767902,11.378617672034943,300,7.327368993778524,0.4132610053259614,Josh Bell,25.01883948756593,332.0,0.096618487313376,0.0117946782985915,5.740091909663571,116.13283983728552,6.711887068019489
596103,2022,323,7.574318848011944,0.023449903554216545,0.5040897583468757,5.4257558470234795,14.069942132529928,10.078803431003367,3.9911387015265607,16.82898266722793,300,7.208895635677849,0.6064066436239552,Austin Slater,26.24113475177305,185.0,0.1119100895065931,0.014123409643107,2.646649060854231,107.43855082396512,3.7332065815986426
642133,2022,599,11.150908424805673,0.018615873831061225,0.5241251958158234,6.688875633938868,11.169524298636734,6.700042371224241,4.469481927412493,12.849104963537025,300,7.188345771594845,0.4731697215684757,Rowdy Tellez,27.19155844155844,335.0,0.0923332869155387,0.0151741381383152,4.392524678244073,112.34542899846862,5.1467848853398594
592325,2022,420,8.238418875143608,0.01961528303605621,0.4809918895740229,0.5210632045535757,11.769169821633726,0.7443760065051082,11.024793815128618,14.082000603688252,300,7.091648588561936,0.5189464850403008,Ben Gamel,23.745819397993312,213.0,0.1194782676171225,0.0141455472478419,3.8450436088629902,110.80670374018464,4.853109630632224
596115,2022,396,9.505705511040938,0.024004306846062976,0.5866159748670484,4.662214562276024,14.402584107637786,7.063961457993975,7.338622649643811,17.687137133295938,300,7.066427481141719,0.6298801535080013,Trevor Story,33.053892215568865,276.0,0.1009307223636551,0.0142539594190514,-2.128899276243685,94.01661304490064,-0.969024054935737
665833,2022,359,7.211454665230356,0.02008761745189514,0.5317076961221817,3.8497144075449823,12.052570471137084,6.43406307667685,5.618507394460234,16.83747533672332,300,6.412632780907693,0.6066474521406099,Oneil Cruz,30.721393034825876,247.0,0.1439767004836702,0.0155795707596515,-8.65670434546388,75.6698626220625,-7.985984102320181
663538,2022,517,8.04294107156376,0.015556945979813849,0.4629170692512961,3.9697996814788095,9.33416758788831,4.6071176187374965,4.727049969150813,12.215441656275198,300,6.386703886504929,0.4480454836946855,Nico Hoerner,33.734939759036145,308.0,0.0768853103582001,0.0135472733220486,2.166769489571559,106.08982324494237,2.893475945732155
680757,2022,633,8.97650776879119,0.014180896949117205,0.45127918216529117,15.654203020415554,8.508538169470324,14.838107128355976,-6.329568958885652,10.76204230840195,300,6.284884202806822,0.3865299880975604,Steven Kwan,20.300157977883096,257.0,0.0763496142305555,0.0160104656985213,13.823501803711457,138.85170204579097,14.712971859322238
682985,2022,417,6.370698222245962,0.01527745377037401,0.4704797821822236,-4.80801903818081,9.166472262224406,-6.918013004576705,16.08448526680111,13.823696434586388,300,5.898903498334338,0.5096977565835661,Riley Greene,27.695800227014757,244.0,0.1144534764389306,0.013462464445183,0.7156033121925589,102.011241946004,1.625917710023639
624503,2022,441,6.672565360541914,0.015130533697373955,0.48210351222228365,5.050522996480527,9.078320218424373,6.87145985915718,2.2068603592671936,13.77438606349382,300,5.866975720839674,0.5079115788497106,Nick Gordon,39.6,297.0,0.0956645582732725,0.011909646763179,-7.037401082902701,80.22100232400928,-6.133427562320273
663624,2022,608,8.53331303205785,0.014035054329042515,0.5135673003340071,-0.3576802805146084,8.421032597425508,-0.35297396103415296,8.77400655845966,12.496742595970767,300,5.818758984844434,0.4593309009729896,Ryan Mountcastle,37.95507358636716,490.0,0.091892333496403,0.0103198818374306,-2.975276655374813,91.6378234864205,-1.9301879580289123
596847,2022,422,6.258607537763681,0.014830823549203035,0.4753373639845467,6.63105199932608,8.898494129521822,9.428036017999165,-0.5295418884773433,13.88343650315911,300,5.754274679082779,0.5118528811682233,Ji Man Choi,19.939271255060728,197.0,0.1229990482683817,0.0162706758127684,8.294446481366444,123.31199199050178,9.43438961298021
543939,2022,492,6.541709910371788,0.013296158354414203,0.45141065217597104,12.08304408891304,7.977695012648522,14.735419620625658,-6.757724607977136,12.210698334974854,300,5.638995798825073,0.4478533977685515,Kolten Wong,22.04246713852376,218.0,0.1110535370281517,0.0157684598827028,4.970514241084311,113.96990003337068,5.931240242132432
467793,2022,502,6.951177182690641,0.013846966499383747,0.5007724343657823,-2.330223563249709,8.308179899630248,-2.7851277648402895,11.093307664470538,13.410340540092555,300,5.5623547679238765,0.49452011180724037,Carlos Santana,21.663442940038685,224.0,0.0943721228059227,0.0172162951451927,9.248452841774183,125.99327864207945,9.933452103648907
519317,2022,450,6.946342075335429,0.01543631572296762,0.5570608599509511,6.783879037993124,9.261789433780573,9.045172050657499,0.216617383123074,15.756060464197086,300,5.523641423447991,0.5745592541865691,Giancarlo Stanton,26.76200204290092,262.0,0.1388578070776622,0.0122235082957954,-6.01343770149621,83.09890697979804,-5.310079598359256
602074,2022,408,5.529240019312087,0.013552058870862957,0.44566243292178215,5.371411221627471,8.131235322517774,7.899134149452163,0.23210117306561173,13.238146888635287,300,5.507637380371982,0.48806040562034425,Yonathan Daza,35.92356687898089,282.0,0.0843572843827892,0.0128665002543563,-0.3030726405378108,99.1481978954678,0.640755880970006
606192,2022,534,7.5866221399823415,0.014207157565510003,0.5567404805394978,12.212415390222628,8.524294539306002,13.721815045193964,-5.197520505887962,14.455510111629666,300,5.455384113868453,0.5320008769288609,Teoscar Hernández,30.3422756706753,328.0,0.1262058415911532,0.0117985680079299,-7.628111980279634,78.56077728798196,-6.715411911292691
575929,2022,487,6.239395288238904,0.012811899975849906,0.49925093748772076,15.947505899784492,7.687139985509943,19.64785121123346,-11.960711225723514,13.573931675408193,300,5.218535480293989,0.5005824287789129,Willson Contreras,32.633788037775446,311.0,0.0835073289810602,0.0139313976036928,2.3880791938548387,106.7118261797087,3.267692429984198
669221,2022,609,7.075240520839211,0.011617800526829574,0.4862494671221992,8.163618903919161,6.970680316097744,8.042974289575529,-1.0722939734777848,11.82229365049755,300,5.1501112692489475,0.43192572619587016,Sean Murphy,29.99178307313065,365.0,0.0797852651787571,0.0112292609602942,5.162679664569896,114.50999138524224,6.10174978865673
676801,2022,406,4.961988198095436,0.012221645808116837,0.44697239932990557,6.212973430627341,7.332987484870102,9.18173413393203,-1.848746649061928,13.309720629595908,300,5.086647692062764,0.49075522169109376,Chas McCormick,29.34131736526946,245.0,0.0938400901270286,0.0137540225282773,1.024615948422709,102.87973873080384,2.032089391169161
623993,2022,646,7.10482976916688,0.010998188497162354,0.5086224828179351,10.916570985902553,6.5989130982974125,10.139230017866149,-3.5403169195687365,12.006890359897872,300,4.909639466459421,0.43954440946027024,Anthony Santander,32.75985663082437,457.0,0.1134813293611686,0.0092089270679057,-4.7355040285008965,86.69060892352454,-3.648509297010367
543333,2022,416,4.803058465260642,0.011545813618415003,0.47622858474173946,2.3977917244764533,6.927488171049002,3.4583534487641154,3.4691347222848865,14.009416422281566,300,4.773306534819029,0.5163658508527158,Eric Hosmer,33.5632183908046,292.0,0.0855976186763993,0.0147444343938952,0.1481566653712348,100.4164023487562,0.9918175681950672
669357,2022,313,3.8781819639018944,0.012390357712146628,0.5126321698497486,1.6632089855543861,7.434214627287976,3.188260036206491,4.245954591081485,17.385410041498094,300,4.524994711144121,0.6218222810033758,Nolan Gorman,31.08298171589311,221.0,0.1377960656595605,0.0136363346884732,-6.780638148480668,80.94264848619153,-5.737634828568741
642731,2022,539,5.389279238089634,0.009998662779387078,0.48269287645117426,3.348523257521234,5.999197667632247,3.727484145663711,2.271713521968536,12.474632416877304,300,4.512200144775943,0.4584514652222931,Thairo Estrada,32.379979570990805,317.0,0.1209259839043418,0.0115606857829342,-6.914218467173741,80.567213750859,-6.0487737324101625
663697,2022,430,4.347961868748556,0.010111539229647805,0.46635388906134306,2.189264678066157,6.066923537788683,3.05478792288301,3.012135614905673,13.493748935465362,300,4.419179814012272,0.497620132820124,Jonathan India,24.815724815724817,202.0,0.1000493728108834,0.0141104231653156,3.6781374954415296,110.3376050501168,4.641352871014922
458015,2022,374,4.066728509257318,0.010873605639725451,0.49560447901086374,-1.5437620178612088,6.524163383835271,-2.4766235580661102,9.000786941901382,15.376258512174749,300,4.404052930463875,0.562589154772274,Joey Votto,23.56948228882834,173.0,0.1198341189763682,0.0143912027521869,2.178451965637895,106.12265747795593,3.1212217440702714
669016,2022,461,4.3435908358676025,0.009422105934636882,0.47677178230602696,-3.6945283510064875,5.653263560782129,-4.80849676920584,10.46176032998797,13.323285413057016,300,4.229781725636172,0.49126437931359423,Brandon Marsh,31.65938864628821,290.0,0.1112743824393291,0.0120778526567944,-5.199281953321545,85.38713589574881,-4.269300055025504
666971,2022,495,4.434714434206204,0.008959019059002432,0.4756575527183911,6.634763175558733,5.3754114354014595,8.042137182495434,-2.6667257470939747,12.827530264893666,300,4.138026364387979,0.4723319708220063,Lourdes Gurriel,29.75557917109458,280.0,0.0832339095951713,0.0140750013688992,3.656699470265073,110.27735231687794,4.712855337587531
641857,2022,598,4.813602653809995,0.008049502765568553,0.49188653477980293,7.8999066895746,4.829701659341132,7.926327782181873,-3.096626122840741,12.068841742075344,300,3.9128129482566836,0.4420815405319312,Ryan McMahon,25.735294117647054,315.0,0.1094015925859829,0.0126205415608577,4.34160790343774,112.2023246395299,5.207684308301361
660757,2022,381,2.9806245744256343,0.007823161612665707,0.47013061219148833,10.634893352570442,4.693896967599424,16.747863547355028,-12.053966579755603,14.451312531280127,300,3.663041712148736,0.5318562583457026,Oscar González,46.911957950065705,357.0,0.0841369082253889,0.0115206157211147,-7.086883086697299,80.08193046686665,-6.230060244276534
657757,2022,409,3.3120969403229035,0.008098036528906855,0.5480522993202819,-0.9644453433711278,4.858821917344113,-1.4148342445542217,6.2736561618983355,16.259665262126525,300,3.6182519081058118,0.5898638140605723,Gavin Sheets,33.29571106094808,295.0,0.0861284875320913,0.0142832675605241,1.484574965920414,104.17247851228944,2.4935895555367407
571657,2022,582,4.052821825211863,0.006963611383525538,0.5041522101117992,-3.8278263965534243,4.178166830115323,-3.946212779951984,8.124379610067308,12.538668872294148,300,3.5224054790299273,0.46099494907074146,Kyle Farmer,36.78804855275444,394.0,0.0879464476170629,0.0120279620585462,-2.677159968960447,92.47569661292016,-1.7992114865752282
443558,2022,509,3.598657171183186,0.007070053381499383,0.4990207443928384,-8.171340530537568,4.24203202889963,-9.632228523226996,13.874260552126625,13.271223370335507,300,3.514746605065746,0.4893074944490037,Nelson Cruz,31.213872832369944,324.0,0.1169212571408461,0.0110794298937803,-5.231425242060848,85.29679543827254,-4.239813883120662
573131,2022,385,2.7170589730331023,0.007057296033852214,0.5094357136241304,-9.155474712322649,4.234377620311328,-14.268272278944389,18.502649899255715,15.577948839993637,300,3.393007750491341,0.5689921031236781,Darin Ruf,24.502487562189053,197.0,0.0894324399074388,0.0159921504312107,5.929114451172209,116.66409794879095,6.802311065586915
663728,2022,411,2.859209834645579,0.006956714926144961,0.5266795208493674,6.990136658741733,4.1740289556869765,10.204579063856544,-6.030550108169567,15.587510937921182,300,3.3665701460305932,0.5692930530868793,Cal Raleigh,31.09339407744875,273.0,0.107306161213619,0.0126853865938308,-0.8105052359465992,97.72203104678611,0.0602579703191501
457705,2022,577,3.6885205913862666,0.00639258334728989,0.49599375132488954,-2.97982477741393,3.835550008373934,-3.098604621227657,6.934154629601591,12.389094024896018,300,3.3441672002728953,0.45503692504014415,Andrew McCutchen,21.070811744386877,244.0,0.115433738781054,0.0137651318252232,8.77829883032805,124.671885276801,9.64434695255184
664761,2022,630,3.7428852570773654,0.005941087709646612,0.4685596959847081,1.7436044126410772,3.564652625787967,1.6605756310867403,1.9040769947012266,11.200719076438979,300,3.236498632842437,0.40564059677177144,Alec Bohm,31.56544054747648,369.0,0.0910489773566138,0.0124074289356281,0.7349905269903101,102.06573076537232,1.6351417447733394
641820,2022,586,3.4015469451854727,0.005804687619770431,0.4754066185816179,3.009994314982319,3.482812571862259,3.081905441961419,0.40090712990084,11.783319838270579,300,3.1699210795530894,0.43030602316342,Trey Mancini,30.54635761589404,369.0,0.1055527760119513,0.0131500951936945,-0.3908785764438891,98.90141454721672,0.5328052972380091
624415,2022,303,1.8447658904284407,0.006088336272041059,0.466571927273696,-0.41793742475986123,3.653001763224635,-0.8275988609106162,4.480600624135251,16.08231412784868,300,3.1284723413965283,0.5845470056182646,Cavan Biggio,16.53027823240589,101.0,,,11.21137223278975,131.5101701217164,12.392131393829928
594807,2022,313,1.8695905204418255,0.005973132653168772,0.4836958408092983,-4.341159082079905,3.583879591901263,-8.32171070047266,11.905590292373924,16.404063229784374,300,3.091814604056227,0.594134888220145,Adam Duvall,34.796747967479675,214.0,0.1197575950858541,0.0128757551835159,-8.423260175608565,76.32597013087843,-7.490313146243118
602104,2022,440,2.4343364928111253,0.005532582938207103,0.5028058197237498,1.5184655340279982,3.3195497629242614,2.070634819129088,1.2489149437951732,14.382196162846771,300,3.0209962408940445,0.5294681881806612,Ramón Urías,29.166666666666668,238.0,0.0947415108164925,0.0148332611827954,1.628627772172804,104.57734674226826,2.4657173301048663
621439,2022,382,1.9489419488022484,0.005101942274351436,0.48359240051487096,14.47657091612784,3.0611653646108614,22.738069501771477,-19.676904137160616,14.84564381087367,300,2.8946012378165817,0.5452360529419763,Byron Buxton,27.284946236559136,203.0,0.1328875518849531,0.0158876422117243,-3.07815354860922,91.34868239467002,-1.9533532243100669
664023,2022,643,3.1451294573251345,0.0048913366365865235,0.4880184233006366,15.14810450516518,2.934801981951914,14.135089740434072,-11.200287758482158,11.547340744887606,300,2.8594941542095507,0.4204168864594985,Ian Happ,26.78018575851393,346.0,0.083872106801182,0.0119194555206316,7.226132216881156,120.30943677081736,8.222573832682823
656305,2022,619,2.7583412426692386,0.004456124786218479,0.5169433863912798,8.931911381056604,2.6736748717310874,8.657749319279423,-5.984074447548336,12.466625384278318,300,2.7112420053602158,0.4581326634176032,Matt Chapman,19.372128637059724,253.0,0.1133822620062662,0.0154700736815537,10.335095313962,129.0473462842168,11.258560510399304
543257,2022,476,1.9784655957385733,0.004156440327181877,0.4294918210784026,-6.0091150782360625,2.493864196309126,-7.5745148044992385,10.068379000808365,11.811435206054435,300,2.6068291591848434,0.4314748522611546,Robbie Grossman,18.938605619146724,182.0,0.1240908989120466,0.0155458524025813,7.473830621287762,121.0056065794428,8.605516811795585
571980,2022,335,1.1120360539343372,0.0033195106087592157,0.5250376418188449,-2.9265035578071474,1.9917063652555294,-5.241498909505339,7.233205274760868,17.211522443662147,300,2.4631387308705155,0.6170830575315303,Tyler Naquin,38.117283950617285,247.0,0.0740014294673571,0.016400375487851,0.0381582908829285,100.10724594744596,1.2536271840306303
624431,2022,347,1.1280425958150095,0.003250843215605215,0.49244722770114435,-3.1689063553812833,1.9505059293631288,-5.479376983368214,7.429882912731342,15.86157137639638,300,2.4157480516987877,0.5778188600525409,Jose Trevino,40.31496062992126,256.0,0.0880200099584622,0.014318056729224,-4.965095140717498,86.04533064231462,-4.040231784987405
606992,2022,349,1.0066044651817585,0.002884253481896156,0.5048451004936808,1.0171193399168632,1.7305520891376935,1.748629237679421,-0.018077148541727484,16.214243197152953,300,2.3338470081061864,0.5885095925577611,Eric Haase,35.49257759784076,263.0,0.113455950158739,0.0101101195817152,-8.415645165469506,76.34737253015464,-7.432269585685626
666624,2022,425,1.316109997138231,0.003096729405031132,0.49386458499543495,4.550344535089557,1.8580376430186791,6.42401581424408,-4.565978171225401,14.37357069662124,300,2.333039969017391,0.5291692634854264,Christopher Morel,28.76376988984088,235.0,0.1027883525772815,0.0114046079226907,1.8008194813361358,105.06130088602748,2.8116315845982305
608385,2022,546,1.8194500578877664,0.0033323261133475575,0.45363711585106603,2.0368400950054015,1.9993956680085345,2.2382858186872543,-0.23889015067871977,11.648325811251135,300,2.320561982912823,0.42466601850092117,Jesse Winker,18.64864864864865,207.0,0.1145228010343645,0.0134871801885987,10.512726184455316,129.54658748608708,11.541427190397272
670768,2022,350,1.0469530340266335,0.0029912943829332387,0.4592896491316963,-2.6333084022477955,1.7947766297599432,-4.514242975281935,6.309019605041878,14.730038642935055,300,2.314965509078078,0.541356571386312,Luis González,25.38354253835425,182.0,0.1167345207558744,0.0182353878829858,2.07696181579856,105.83741390377836,2.8835020618317477
605612,2022,443,1.3790408408276487,0.0031129590086402905,0.4523663295539344,-2.2402782062214786,1.8677754051841744,-3.0342368481555013,4.9020122533396755,12.89554375592177,300,2.2895001189863504,0.4749686930592835,Harold Castro,39.74799541809851,347.0,0.0721299125872962,0.0124639988836696,-0.2745842062064663,99.22826618627492,0.7847832262502215
642708,2022,667,2.1641167908882943,0.0032445529098775027,0.4866694235093595,-5.855244197170765,1.9467317459265017,-5.26708623433652,7.213817980263022,11.306349200095768,300,2.2785398804378056,0.4101745789238028,Amed Rosario,40.21294021294021,491.0,0.0491256384927028,0.0119784380060816,5.316072213878429,114.94110946996511,6.137419010517252
543877,2022,424,1.0783958478194529,0.0025433864335364454,0.4914533665651373,-2.3867406203695607,1.5260318601218672,-3.377463142032397,4.903495002154264,14.320251208578,300,2.174443781734383,0.5273169706319923,Christian Vázquez,32.059186189889026,260.0,0.0781772293493556,0.0167928174814875,3.080547280589996,108.6580453189741,4.211299226206156
673490,2022,581,1.5806960348376742,0.00272064722003042,0.4734466474552862,3.069088207847445,1.6323883320182522,3.1694542593949517,-1.5370659273766996,11.785125990912292,300,2.1158299472116844,0.4303811701942827,Ha-Seong Kim,24.84361036639857,278.0,0.0909450437703072,0.0129879634082898,7.201775477680155,120.24098083340864,8.296698388573708
578428,2022,466,1.111644863326646,0.0023855039985550344,0.45178608919427454,-1.230788665396739,1.4313023991330207,-1.5847064361331404,3.0160088352661614,12.557151865045364,300,2.042801248104298,0.4617270476336151,Jose Iglesias,41.60090191657272,369.0,0.0588802764018083,0.0128711046032264,2.2730307198915467,106.38847619974597,3.353713336341244
641933,2022,380,0.4448283531643961,0.0011706009293799898,0.5220433048359288,-3.712865518338251,0.7023605576279939,-5.862419239481449,6.564779797109443,16.06815388837962,300,1.9017409896995567,0.5841190987745396,Tyler O'Neill,26.20519159456119,212.0,0.1079030131185066,0.0156441118790777,3.0574074146702483,108.59300946996426,4.092414389383903
665161,2022,554,1.0606318042227694,0.0019144978415573453,0.4577521515234135,2.1782234733481074,1.1486987049344073,2.3590867942398277,-1.2103880893054204,11.668815208786649,300,1.8325075144194072,0.4255250242977467,Jeremy Peña,38.0188679245283,403.0,0.1049353189935317,0.0085722482848247,-10.048630440704027,71.75777878904184,-9.198750076256127
677551,2022,343,0.11363353218625372,0.0003312930967529263,0.4573794111830095,3.7115107055018446,0.19877585805175577,6.49243855189827,-6.293662693846515,14.8177001239763,300,1.5905003282773873,0.544301577632032,Wander Franco,30.40650406504065,187.0,0.0963280952843074,0.0192538014159586,0.0790138863557352,100.2220728158294,0.7637533579826447
444482,2022,487,0.3583047854238194,0.0007357387791043519,0.47851805844138834,-0.1501664519345585,0.44144326746261114,-0.18501000238343962,0.6264532698460508,13.01023381832337,300,1.5508553151888071,0.4793866692557074,David Peralta,33.12034078807242,311.0,0.0848160928696444,0.0138267049199308,0.2508371143482456,100.70499132325988,1.1471252347308063
592669,2022,521,0.20518937704317913,0.00039383757589861636,0.5202002542484918,10.526783640588157,0.23630254553916982,12.12297540182897,-11.8866728562898,13.674232154104953,300,1.5067299351354182,0.5042633418887786,Hunter Renfroe,32.02979515828678,344.0,0.0898977286787645,0.0127147637998844,0.2851357822860814,100.80138959094997,1.2527676728488788
545341,2022,538,0.19662594145791223,0.0003654757276169372,0.5221954783028177,-3.4195322251480342,0.21928543657016233,-3.8136047120610046,4.032890148631167,13.508067417512862,300,1.4827891303681449,0.4981504018111372,Randal Grichuk,33.100697906281155,332.0,0.0937222792829345,0.0134285229993253,-2.4360323384654,93.1533989048594,-1.4657252726901628
624585,2022,306,-0.3846772700853977,-0.001257115261716986,0.494530174986148,-1.9630917675098858,-0.7542691570301916,-3.849199544137031,3.0949303871068397,16.96224506408034,300,1.387377465451287,0.6101653658875994,Jorge Soler,25.991189427312776,177.0,0.1255113352619284,0.015866462870093,0.7507899305300143,102.11013584648288,1.760560915619996
622534,2022,362,-0.1746351633104513,-0.0004824175782056666,0.4734070054912869,-1.1532273207109143,-0.2894505469234,-1.91142649841588,1.6219759514924799,14.929031880458288,300,1.3793160581053483,0.548012337851303,Manuel Margot,32.40997229916898,234.0,0.0876883853763118,0.0146741326669715,1.05219705211516,102.95725691960789,2.197838152681757
669004,2022,536,0.29197726771707094,0.0005447337084273712,0.4485064305825964,2.5744800403360655,0.3268402250564227,2.881880642167238,-2.555040417110815,11.623516321515094,300,1.3557542794423483,0.4236244817202693,MJ Melendez,24.08563782337199,270.0,0.1186679900978513,0.0117129705146459,3.741443667971193,110.51553048375196,4.736517913292184
666158,2022,470,0.012234993703776731,2.60319014973973e-05,0.46261602792247863,7.201381623372634,0.01561914089843838,9.193253136220383,-9.177633995321944,12.80333169278546,300,1.307256582742105,0.4713908424176669,Gavin Lux,23.734177215189877,225.0,0.1154551314643093,0.0141442379924153,3.49839285543045,109.83242298429874,4.310960001963963
542932,2022,403,-0.12741692561673706,-0.0003161710313070399,0.4260214770688209,-2.166154758739809,-0.18970261878422393,-3.225044305816093,3.035341687031869,12.732984813645462,300,1.1906369324038042,0.4686459696752177,Jon Berti,22.266139657444008,169.0,0.103505119621524,0.016160224594759,7.316713813117403,120.56402126306652,8.391651560204712
572228,2022,566,-0.16560852178440455,-0.0002925945614565451,0.5020838050446091,-0.15651514569617264,-0.1755567368739271,-0.1659171155789816,-0.0096396212949455,12.6624938667419,300,1.190051977010359,0.4658821398927303,Luke Voit,30.72534637326813,377.0,0.124453610814232,0.0095877748212735,-7.080751466296788,80.09916371877644,-6.132491470015796
502110,2022,596,-0.2857796765810889,-0.0004794961016461223,0.5027529472199547,8.79648173921447,-0.28769766098767335,8.85551852941054,-9.143216190398213,12.356137874928338,300,1.0931299990533039,0.4537161955782624,J. D. Martinez,32.145684877276324,406.0,0.1094640867398338,0.0095278327935935,-5.217194241960289,85.33679243639729,-4.2284688293927335
570482,2022,547,-0.5430694972720944,-0.0009928144374261325,0.5116522435250775,0.49153259645089875,-0.5956886624556795,0.5391582410795964,-1.134846903535276,13.126002118235116,300,1.0257350902919398,0.48381008705076634,Gio Urshela,36.44314868804665,375.0,0.059986070017071,0.0134139199858392,5.05036319800182,114.19431986033474,6.092508218382705
641313,2022,352,-0.8399674771849971,-0.002386271242002833,0.449013732873629,1.8575737433014783,-1.4317627452016997,3.1663188806275198,-4.598081625829219,14.359507425324662,300,0.7820581662785184,0.5286814561716838,Tim Anderson,,,,,,,
650402,2022,568,-1.9121528984463374,-0.003366466370504115,0.5629308085757254,5.484875390125823,-2.019879822302469,5.793882454358264,-7.813762276660733,14.172031217028922,300,0.4735692781912504,0.5221275787560485,Gleyber Torres,28.22362488728584,313.0,0.1049143553830812,0.0150036793771223,0.25293930243414,100.71089963696484,1.3003766599321191
596142,2022,470,-1.8369523208074865,-0.003908409193207418,0.532568731699182,-11.199085031353013,-2.3450455159244505,-14.296704295344272,11.951658779419821,14.739338262385724,300,0.41786181950469636,0.5416699649617486,Gary Sánchez,28.95277207392197,282.0,0.1327035135064103,0.0104898655858564,-6.891009521051792,80.63244375352625,-5.878755365072692
605204,2022,364,-1.7434512612306547,-0.004789701267117184,0.467193541911457,2.879576845425168,-2.87382076027031,4.746555239711816,-7.620375999982126,14.692557174005591,300,0.16662014880312315,0.5400911212900233,J. D. Davis,25.65157750342936,187.0,0.1079085805735527,0.0158747785259466,3.6004592628443994,110.11928616166428,4.794052480995608
649966,2022,470,-1.9097799326520177,-0.00406336155883408,0.4769045400360049,5.5942371341335475,-2.4380169353004484,7.141579320170486,-9.579596255470934,13.198779643016262,300,0.08908971251670872,0.48657226316798846,Luis Urías,23.29192546583851,225.0,0.1103158020862324,0.0142268121823717,5.394591974161003,115.1617935176488,6.444106031301886
669304,2022,480,-2.3210622683567284,-0.004835546392409851,0.5226960405537642,-0.5543581254675186,-2.9013278354459104,-0.6929476568343983,-2.2083801786115123,14.314620606496586,300,0.08059692350934711,0.5271209189115981,José Miranda,32.804232804232804,310.0,0.0983446695038387,0.0135174302865923,-1.4985038273956917,95.78837366658978,-0.65537470304461
656896,2022,362,-2.170060522773311,-0.0059946423281030696,0.5024019894384303,-2.446570522376761,-3.5967853968618417,-4.055089263607891,0.45830386674604906,15.843397394063361,300,0.07023247865407223,0.5772594237307885,Emmanuel Rivera,28.335832083958024,189.0,0.1383484525795167,0.0114901550434945,-10.441788482074749,70.65278677637102,-9.505803636133123
649557,2022,325,-2.2260914692705702,-0.006849512213140216,0.5075200274437175,-4.043974251075364,-4.10970732788413,-7.465798617369901,3.3560912894857715,16.891287528675825,300,0.06560747582891668,0.6081692677112341,Aledmys Díaz,32.95269168026101,202.0,0.1057218386196378,0.0142893864564467,-4.8390336024035845,86.3996334373337,-3.851867343906778
643393,2022,556,-1.6676196123346103,-0.0029993158495226803,0.4352103561351477,-6.708592705313933,-1.799589509713608,-7.239488530914317,5.439899021200708,11.074218184677298,300,0.02331672320639666,0.40017567748751104,Tony Kemp,29.534192269573836,298.0,0.0723056225670545,0.012747823216432,6.325856517071321,117.77916305691032,7.2301393904129885
593160,2022,552,-2.037517889986616,-0.003691155597801841,0.46593183496500307,-8.019671651280465,-2.2146933586811044,-8.717034403565723,6.502341044884618,11.89882552207099,300,-0.05211079600428947,0.4350949909606666,Whit Merrifield,29.536290322580644,293.0,0.0738739976897378,0.0155078211049197,5.57270418473828,115.66238755194824,6.591006082398234
664056,2022,312,-1.9220227050062781,-0.00616032918271243,0.449121956617248,-2.027200684663197,-3.696197509627458,-3.8984628551215326,0.20226534549407438,15.25591431023386,300,-0.09141814721362884,0.558718281775585,Harrison Bader,34.26791277258567,220.0,0.1011668509723541,0.0155724168636269,-2.779163716743968,92.1890095438466,-1.83734461879322
671277,2022,376,-2.4695334704919425,-0.006567908166201975,0.4910212877613974,-3.434439135681697,-3.9407448997211847,-5.480487982470793,1.5397430827496081,15.193493656873743,300,-0.21287710578722407,0.5566956091503358,Luis García,40.7514450867052,282.0,0.0613769063193218,0.0147733781835406,1.4603911404883592,104.10450855841266,2.354454605546965
628450,2022,327,-2.931749107851951,-0.008965593601993734,0.5184975095881281,-0.9845712068307847,-5.37935616119624,-1.8065526730840087,-3.572803488112231,17.203786678831566,300,-0.36109447595124333,0.6168705836855711,Yadiel Hernández,31.343283582089555,210.0,0.0674305378694964,0.0179073588931614,5.271070129430857,114.81462866928064,6.320151240570532
543592,2022,396,-2.3062769281740945,-0.005823931636803269,0.44363804237832705,-1.9454578219232608,-3.4943589820819616,-2.947663366550395,-0.5466956155315668,13.376190266333627,300,-0.41155827187524974,0.4932453979486064,Austin Nola,20.920502092050206,150.0,0.0797900547081564,0.0174403732238367,11.074871580430568,131.1265276301235,11.885706225018918
670623,2022,380,-3.154334033068418,-0.008300879034390574,0.49300770742033445,1.961767546440012,-4.980527420634345,3.097527704905282,-8.078055125539628,15.174457056731837,300,-0.6786051415978429,0.5560767165418763,Isaac Paredes,20.45728038507822,170.0,0.1261199388286615,0.0177109732892512,5.849758703878743,116.44106431424264,6.718369805796408
621550,2022,535,-3.8611436227734277,-0.00721709088368865,0.5282329654860527,0.23416759385415642,-4.33025453021319,0.26261786226634365,-4.592872392479533,13.702501558735742,300,-0.7497634969877587,0.5052958544491243,Patrick Wisdom,26.666666666666668,296.0,0.1166293068823613,0.0113485834217328,0.4324535340789296,101.21543412756476,1.70923893961775
518626,2022,540,-3.5896075046903433,-0.006647421304982117,0.49219304674965114,-4.824602294562647,-3.9884527829892704,-5.360669216180718,1.372216433191448,12.70836982120325,300,-0.8343428961280797,0.4676823731390179,Josh Donaldson,29.24187725631769,324.0,0.1193563632186455,0.0101862759443408,-2.6182748558963294,92.64119641898851,-1.6798021306315332
643396,2022,526,-3.2019215500849327,-0.006087303327157667,0.4568093409756205,-12.188354164939073,-3.6523819962946003,-13.903065587382972,10.250683591088372,11.950700270692975,300,-0.8505574262974065,0.4372346226187581,Isiah Kiner-Falefa,30.71965628356606,286.0,0.0914407199955258,0.013513834818692,1.0222867003347544,102.87319225264014,1.86349548361806
669242,2022,626,-3.2106339035213574,-0.005128808152590028,0.44278455528095034,0.8905829142335215,-3.0772848915540165,0.8535938475081676,-3.930878739062184,10.618338051454241,300,-0.8597420659218833,0.38017450896753047,Tommy Edman,30.664395229982965,360.0,0.1140673873991686,0.0096860105476539,-6.001440640795642,83.13262536999919,-4.957726187801547
596146,2022,444,-3.3265429846888788,-0.007492213929479457,0.47212744672676143,-1.4597967716734688,-4.495328357687674,-1.9726983400992821,-2.5226300175883916,13.443706232247528,300,-0.9005527574488954,0.49576247731642775,Max Kepler,23.943661971830984,204.0,0.1094233155918581,0.013635864085102,4.066836547161462,111.43006483037664,5.174534640601526
660162,2022,434,-3.719155490637334,-0.008569482697321046,0.4965217878794623,-11.402410373444289,-5.141689618392627,-15.76370097711192,10.622011358719293,14.300285107373929,300,-0.9827682935837077,0.5266213857326144,Yoán Moncada,27.985948477751755,239.0,0.108501938236153,0.0153151894006073,0.903360603441394,102.53894400298684,1.7975007887189207
456781,2022,303,-2.9359014239716426,-0.009689443643470767,0.4431875413400733,2.0243443242537045,-5.81366618608246,4.008602622284563,-9.822268808367024,15.27627540522584,300,-1.020183397935547,0.5593758544764693,Donovan Solano,,,,,,,
656775,2022,669,-3.5583567757395222,-0.005318918947293755,0.43867254233629643,9.19274333679313,-3.191351368376253,8.24461285811043,-11.435964226486684,10.176036196943349,300,-1.0484171834207974,0.3603370655668232,Cedric Mullins,30.0,351.0,0.0825680515013387,0.012295899985755,3.247428253543489,109.12707335039232,4.31671258445506
621563,2022,372,-3.2967645933071332,-0.00886227041211595,0.4408571098354897,-5.932063006036184,-5.317362247269569,-9.567843558122878,4.250481310853308,13.714425815336048,300,-1.234579052595584,0.5057307247254784,Joey Wendle,39.68253968253968,250.0,0.062732476204671,0.0160942101589394,1.3703399942661865,103.85141492471658,2.3112415086360523
606466,2022,558,-3.772071237985187,-0.006759984297464493,0.44529356838076317,1.345519252032184,-4.055990578478696,1.4467948946582623,-5.502785473136958,11.310467947344987,300,-1.2608178270704289,0.410350822897929,Ketel Marte,28.060768543342267,314.0,0.0939344290756845,0.0147073020836974,3.9855162943903792,111.20150984656624,4.863135909455566
621438,2022,405,-4.711800307346843,-0.011634074832955168,0.5196635675043414,-2.4098247206474834,-6.980444899773101,-3.570110697255531,-3.4103342025175696,15.493374164930108,300,-1.4666853531561914,0.5663199878922878,Tyrone Taylor,32.61163734776725,241.0,0.1147166554062432,0.0150720678698477,-5.34193637540933,84.98619790035744,-4.578542098905182
666185,2022,487,-4.052524472612605,-0.008321405487910893,0.4538829591627427,1.5036176315146956,-4.992843292746536,1.852506322194697,-6.845349614941233,12.340440074704292,300,-1.4820972420384435,0.45308608998109906,Dylan Carlson,24.94887525562372,244.0,0.1057531665338424,0.0149661738285662,4.61793396941655,112.97895404467904,5.55400235717599
669720,2022,581,-4.761279665951688,-0.008194973607489995,0.48160093503324064,2.6781919048435663,-4.916984164493997,2.765774772643958,-7.682758937137955,11.988104102572487,300,-1.5504276988587646,0.43877307792476056,Austin Hays,36.54024051803885,395.0,0.1011731247683831,0.0102249765563387,-7.484325661008079,78.96489654183844,-6.625420676583088
665750,2022,341,-4.316655921248391,-0.012658815018323728,0.48081158897740917,-3.0001961045931536,-7.595289010994237,-5.278937427436634,-2.316351583557603,15.622444403246611,300,-1.6911970326603845,0.5703905189369513,Leody Taveras,31.19266055045872,204.0,0.0960067688510217,0.0162983557940244,0.330537599989418,100.928993863644,1.2134788357558686
656582,2022,468,-4.256711269488615,-0.009095536900616699,0.4257984484766708,2.9942624919279774,-5.457322140370019,3.8387980665743298,-9.296120206944348,11.809524146120369,300,-1.9142722071573006,0.4313954683849206,Connor Joe,21.898597626752967,203.0,0.1122817445262563,0.0138551984129783,7.596528588865276,121.35045587636016,8.58673270050283
669289,2022,492,-5.160562354382626,-0.010488947874761435,0.47669697446863757,-5.61343991904438,-6.293368724856861,-6.845658437859,0.5522897130021391,12.8946956044862,300,-1.9956528945655592,0.4749358890614395,Santiago Espinal,25.59833506763788,246.0,0.0961151279644746,0.0146515143272511,5.260348976007745,114.7844962857286,6.254368192106156
680911,2022,470,-4.818943416249066,-0.010253071098402268,0.44826277226517697,-5.7085460647441115,-6.15184265904136,-7.287505614566951,1.1356629555255902,12.40609190436512,300,-2.0925352714376233,0.45571699631206,Owen Miller,34.98419388830348,332.0,0.0780041492759868,0.0137268490864038,2.140610556059136,106.01630214261304,3.314516582235297
669261,2022,370,-4.920488983037771,-0.013298618873075057,0.47653227188662156,-2.086412185394734,-7.979171323845034,-3.38337111145092,-4.595800212394114,14.864239893275606,300,-2.119482425328985,0.5458567815187007,Jack Suwinski,24.50592885375494,186.0,0.1444078979187344,0.0117205227961295,-2.1596849755153302,93.93008816630206,-1.1418864365969603
605170,2022,310,-5.236738684870075,-0.01689270543506476,0.5059743764664633,-10.289479098885502,-10.135623261038855,-19.915120836552585,9.77949757551373,17.242448096394444,300,-2.16968920047987,0.6179310752309521,Víctor Caratini,24.58745874587459,149.0,0.1126733061784167,0.0178203585406149,4.095796142492629,111.51145734474454,5.195370986586057
595777,2022,657,-5.693874879068853,-0.008666476223849091,0.4539624489545149,4.651835908298358,-5.199885734309455,4.248251971048728,-9.448137705358183,10.626457161920257,300,-2.1725178954131104,0.38053479532280027,Jurickson Profar,23.772241992882563,334.0,0.1055520194862404,0.0127096700145629,7.332012337856612,120.60701859712466,8.456579167084922
606132,2022,431,-6.000720300635783,-0.013922784920268638,0.511693638939188,-10.468375736482427,-8.353670952161183,-14.57314487677368,6.2194739246124975,14.788449186565002,300,-2.3177279765266734,0.5433211611763265,Raimel Tapia,42.54545454545455,351.0,0.0831598150682044,0.0118033023792501,-6.05288000067744,82.98805225734424,-5.117014533648111
660821,2022,342,-5.607267436426124,-0.016395518819959428,0.49466931812034937,-5.239897860399923,-9.837311291975658,-9.192803263859513,-0.6445080281161442,16.04919195505367,300,-2.4887330756913,0.5835453001898772,Jesús Sánchez,32.810457516339866,251.0,0.110195269762863,0.0134778837233815,-4.145770216936503,88.34808780684749,-3.044495199069563
607054,2022,328,-5.504749488256483,-0.016782772830050252,0.48205039205181094,-3.9778192857999577,-10.069663698030151,-7.276498693536508,-2.793165004493643,15.970068131777868,300,-2.616330860990166,0.5811411895866193,Jace Peterson,23.40116279069768,161.0,0.1149205135051503,0.0163796706840036,4.4940309914874135,112.63071800077034,5.4295369802006
677951,2022,633,-6.8175509842001185,-0.010770222723854847,0.47876458128666044,0.49807638336474314,-6.4621336343129085,0.4721103159855385,-6.934243950298447,11.41751023135867,300,-2.637510349492169,0.41491673982595656,Bobby Witt,34.87986743993372,421.0,0.0738012512668778,0.0120063502171733,3.185246660203972,108.952308607604,4.178315097892309
663898,2022,578,-7.19932858194101,-0.012455585781904862,0.5088140015857923,-4.3764442624456175,-7.4733514691429175,-4.543021725722094,-2.930329743420823,12.698323442963876,300,-2.693443577526053,0.4672886227877988,Brendan Rodgers,27.547169811320757,292.0,0.1043698590996333,0.0116655062077383,1.084717162983311,103.0486564561281,1.9137107369802413
595879,2022,590,-6.898627924316039,-0.011692589702230576,0.4865189033553677,-8.26492422098192,-7.0155538213383455,-8.405007682354494,1.3894538610161487,12.017799764499003,300,-2.71629198791011,0.43999191128901555,Javier Báez,47.73462783171521,590.0,0.0879950847585545,0.0099950021705217,-11.129735647052966,68.71927393306207,-10.339746553848313
592206,2022,559,-6.645398349505529,-0.011888011358686099,0.47887853961761845,-6.771016140513882,-7.1328068152116595,-7.267638075685741,0.13483126047408156,12.152642479658741,300,-2.7275118781543872,0.4454975827769852,Nick Castellanos,39.72727272727273,437.0,0.0957232997118135,0.0093850405743696,-7.671546034179859,78.43870352225068,-6.898250981343023
462101,2022,576,-6.91657104059779,-0.012007935834371163,0.47959608031870515,-2.2633782508740268,-7.204761500622698,-2.3576856779937776,-4.847075822628921,11.989902007967629,300,-2.8336542691538282,0.43884693637686933,Elvis Andrus,29.46817785527463,338.0,0.0878308270175058,0.0143082414000866,3.132814626777118,108.80494553207647,4.015403283211962
502054,2022,618,-7.375941505523346,-0.011935180429649427,0.4782379036110383,-12.233494087846962,-7.161108257789657,-11.877178726065011,4.716070468275355,11.542529861434419,300,-2.9939386664741816,0.4202138236548114,Tommy Pham,21.978021978021975,260.0,0.1217248297681171,0.0127478692934413,4.87816871196583,113.71035791202422,5.849344186665507
608336,2022,408,-6.712107063190507,-0.016451242801937518,0.49267517686539514,-4.117358413810093,-9.87074568116251,-6.054938843838372,-3.8158068373241383,14.634633475766083,300,-3.076113423523423,0.5381281202681826,Joey Gallo,27.302631578947366,249.0,0.1264599633373415,0.0119692607066833,-1.632040476105519,95.41306166811522,-0.4833768379605483
542194,2022,334,-5.667553575561496,-0.01696872328012424,0.4539125588165717,-2.7152265935342954,-10.181233968074546,-4.877652563235261,-5.303581404839284,14.90219410547339,300,-3.103181409853166,0.5471208262392698,Christian Bethancourt,,,,,,,
542364,2022,373,-6.094552058752917,-0.016339281658855006,0.45581473439220477,-4.002955767155006,-9.803568995313004,-6.439070939123334,-3.36449805618967,14.160715393696329,300,-3.251047505321986,0.5217289566712092,Rafael Ortega,25.53191489361702,204.0,0.0950108645813867,0.0131047041606881,7.400200920884964,120.79866631044364,8.618832263812095
573262,2022,553,-7.214018975111433,-0.013045242269640928,0.45897993537995946,0.17991401450794556,-7.827145361784557,0.195205079032129,-8.022350440816686,11.710687317532106,300,-3.30534739016539,0.4272771939619278,Mike Yastrzemski,21.62162162162162,248.0,0.1338444901198903,0.0125390574251432,3.603664556582367,110.12829481367194,4.63845941475744
572191,2022,456,-6.5095368651795935,-0.014275300142937705,0.442117802075323,-2.6850098048351163,-8.565180085762623,-3.5329076379409425,-5.032272447821681,12.422437814142933,300,-3.3986783106814915,0.45637026004066833,Michael Taylor,31.34160090191657,278.0,0.1035068722336381,0.0124875940276366,-1.9959447666715333,94.39028890973502,-1.1971545483209354
650559,2022,355,-7.794547755996364,-0.021956472552102434,0.5348096811101163,-1.5746691311793053,-13.173883531261461,-2.6614126160776994,-10.512470915183762,17.03085040041586,300,-3.423657113362113,0.612083890227081,Bryan De La Cruz,31.29973474801061,236.0,0.1095992674356457,0.0158445265731543,-2.217484509020447,93.76763944050064,-1.4827888920033852
600869,2022,466,-7.209167095743559,-0.015470315656102058,0.4693207284292402,-11.372959306123942,-9.282189393661234,-14.643295243936405,5.361105850275171,13.044517751332236,300,-3.495582778596427,0.4807004149315088,Jeimer Candelario,33.69330453563715,312.0,0.1177933979881466,0.0118473177745965,-7.450286766519715,79.06056470215039,-6.458041500193783
500871,2022,540,-9.217634831241885,-0.017069694131929415,0.526419604721385,0.045488767277132525,-10.241816479157649,0.05054307475236947,-10.292359553910018,13.592095748020105,300,-3.7268099032855746,0.5012510584341456,Eduardo Escobar,34.11341134113412,379.0,0.0943160829896386,0.01192398834693,-1.660260320763753,95.3337482631612,-0.7077935893587242
516416,2022,386,-6.808869041516361,-0.01763955710237399,0.45044035673526844,-1.9988547746524215,-10.583734261424395,-3.1070281471281165,-7.476706114296278,13.756086301710983,300,-3.8173584173205963,0.5072470222608993,Jean Segura,35.172413793103445,255.0,0.0753192141325197,0.0155955098307972,1.6002573821984696,104.497610221533,2.4710059600269627
605119,2022,382,-6.253691763369476,-0.016370920846516954,0.4183275094592777,-5.117602889090326,-9.822552507910173,-8.038119721084282,-1.7844327868258905,12.842098418234654,300,-3.8743362733995426,0.47289779326803966,Brian Anderson,29.187817258883246,230.0,0.1175887483975648,0.013150850525958,-1.398876038581419,96.0683829740327,-0.2568140861095245
657656,2022,381,-6.999513120290837,-0.018371425512574376,0.4495144020392866,-3.309145361453397,-11.022855307544626,-5.211252537721886,-5.81160276982274,13.817592266328168,300,-4.003010767410656,0.5094770026239334,Ramón Laureano,29.49061662198391,220.0,0.1225671151383401,0.012985041702779,-4.734011114496097,86.69480483935817,-3.8700003897809134
553869,2022,379,-8.250413848462967,-0.021768901974836326,0.5000703423763444,-9.384216531633445,-13.061341184901796,-14.856279469604399,1.794938284702603,15.412132855227467,300,-4.144723442096655,0.5637357512199559,Elías Díaz,33.42140026420079,253.0,0.0992767806601021,0.0135578749199797,-1.1771347570325592,96.6915988801264,-0.1207976147497973
640461,2022,378,-8.9064201573769,-0.023561958088298675,0.5279057402680155,-11.020450739319205,-14.137174852979205,-17.492778951300327,3.3556040983211215,16.291524837514558,300,-4.156699548931956,0.5908106173645441,Chad Pinder,30.349650349650343,217.0,0.1254075736060424,0.0165073998679117,-4.146476116304468,88.34610383836339,-3.1461830791935537
572041,2022,526,-9.245983814483198,-0.017577915997116347,0.49534706569387016,-6.944608695437926,-10.546749598269809,-7.921606876925391,-2.6251427213444183,12.958895059877152,300,-4.195993056193009,0.4774134437243702,AJ Pollock,34.04255319148936,320.0,0.080020610446468,0.0123842083971663,-0.4896213569996287,98.62389260351542,0.2163576931018509
657041,2022,546,-8.795871366076366,-0.01610965451662338,0.4615589587469517,0.25683572376929475,-9.665792709974028,0.2822370590871371,-9.948029769061165,11.851739958490173,300,-4.285472231423136,0.4331469048927937,Lane Thomas,26.168224299065415,280.0,0.0927650047912667,0.0147245122826958,4.665206824254335,113.111816968784,5.723044523337949
543063,2022,456,-9.616498459211511,-0.02108881241055156,0.5017353655050716,-9.322345065424065,-12.653287446330935,-12.266243507136927,-0.38704393919400815,14.09754673502416,300,-4.648372050001216,0.5194973510663315,Brandon Crawford,26.26728110599078,228.0,0.1284122838360933,0.0111861940424111,-4.294001196582523,87.93147659378883,-3.687054693768951
641487,2022,600,-9.096591284901548,-0.015160985474835914,0.4177916317343623,-1.014038564336855,-9.096591284901548,-1.014038564336855,-8.082552720564692,10.233763165539674,300,-4.794824277257919,0.3629488866173477,J. P. Crawford,20.46396023198012,247.0,0.1216812636460678,0.0138017329721428,6.79745357383046,119.10461217935764,7.788019118206806
622682,2022,335,-7.639499631007858,-0.022804476510471218,0.4392168657129276,-11.697131649439816,-13.68268590628273,-20.950086536310117,7.267400630027387,14.398188510189335,300,-4.969994564113758,0.5300218899285419,Víctor Reyes,42.70986745213549,290.0,0.0703236943350557,0.0147683164479648,-0.6571390926280047,98.15307491604118,0.492931025094919
598265,2022,372,-9.84628521745122,-0.02646850864906242,0.5049883054995623,-17.14843191848313,-15.881105189437452,-27.65876115884376,11.777655969406307,15.709454376204507,300,-5.200172889554446,0.5731103734412767,Jackie Bradley,28.635014836795254,193.0,0.1223163434749067,0.0140730646780788,-4.531795992078753,87.26314141549277,-3.631430389806499
596059,2022,468,-10.19174772366591,-0.02177723872578186,0.4818891970220183,-14.792257110461478,-13.066343235469116,-18.96443219289933,5.898088957430215,13.365201607346581,300,-5.268705718169385,0.49283455434737955,Rougned Odor,31.106243154435926,284.0,0.1023058626705289,0.0123853326527464,-1.7421956033645116,95.10346470463573,-0.8244490448096002
656308,2022,426,-10.150918895253144,-0.023828448110922874,0.4877508680771673,-10.682038701337191,-14.297068866553724,-15.045124931460833,0.7480560649071091,14.178964064844026,300,-5.389199018642685,0.5223716308417443,Michael Chavis,39.29503916449087,301.0,0.1026531444299248,0.0127268891592146,-7.681258153061206,78.41140708504038,-6.815903560742301
641355,2022,548,-11.91443495939381,-0.021741669633930313,0.506649258756713,-9.624422306720527,-13.045001780358188,-10.537688656993279,-2.5073131233649093,12.985790219859553,300,-5.485198441852986,0.4784480588025235,Cody Bellinger,31.818181818181817,364.0,0.1023003962228555,0.0113807300514374,-0.6009958274870436,98.31086860971644,0.4235066491232174
621028,2022,308,-7.902121134048167,-0.025656237448208337,0.43151770078369106,-2.0035373362911035,-15.393742468925002,-3.902994810956695,-11.490747657968306,14.752801780154098,300,-5.554520658457886,0.5421232717154985,Kevin Newman,,,,,,,
666915,2022,353,-9.49581994468884,-0.02690033978665394,0.4703633594917487,-4.516585574332769,-16.140203871992362,-7.676915990367313,-8.46328788162505,15.020949335231425,300,-5.727605935697689,0.5510512514671433,Bobby Dalbec,29.246487867177525,229.0,0.1291176279170889,0.0122460932477681,-6.330400391917849,82.20806613622919,-5.226478818289697
543305,2022,451,-11.05768946824332,-0.02451815846617144,0.4805807369451156,-7.429113621718585,-14.710895079702864,-9.883521447962641,-4.8273736317402225,13.577797850062153,300,-5.964949705715817,0.5007248200046147,Aaron Hicks,20.530451866404714,209.0,0.0960949696988676,0.0157870330499969,12.606321558036202,135.43075090674594,13.470237000802056
641680,2022,451,-11.007407675760895,-0.024406668904126152,0.4681597230673417,-2.0252278772424748,-14.644001342475692,-2.694316466397971,-11.94968487607772,13.226868229792144,300,-6.159318921224889,0.48763448498303286,Jonah Heim,29.36596218020022,264.0,0.1009593557862798,0.0118996445388991,1.9420988734095437,105.45837428493807,3.0635749558128165
542583,2022,503,-11.491587488496073,-0.022846098386672113,0.4649449344576319,-5.487539359850876,-13.707659032003267,-6.54577259624359,-7.161886435759677,12.43852199098043,300,-6.183711509264763,0.45701237137801687,Jesús Aguilar,36.55234657039711,405.0,0.1063267798336389,0.0107134782692668,-6.1547944668348045,82.70161611912644,-5.2517246405747695
677950,2022,411,-9.998019868618046,-0.024326082405396705,0.4382163373021275,-8.30250757987503,-14.595649443238022,-12.120449021715372,-2.4752004215226506,12.969370709263405,300,-6.304897377189427,0.4778166582190577,Alek Thomas,33.66058906030855,240.0,0.1041479686015764,0.0131408667486903,-4.634940752793103,86.97324746765226,-3.853479234194703
663757,2022,520,-11.793625360958057,-0.022680048771073186,0.4513888931958409,-13.186569459553676,-13.608029262643912,-15.215272453331165,1.607243190687253,11.876827458106092,300,-6.503144877838703,0.43418556609027725,Trent Grisham,20.318352059925093,217.0,0.1149307865708339,0.0158378805341881,8.001678750259314,122.4891523931906,8.72564745947135
408234,2022,434,-11.05554164370785,-0.02547359825739136,0.43898228211335216,-16.231305840745524,-15.284158954434815,-22.43959332821962,7.155434373784804,12.643094310355945,300,-6.893486014203457,0.4651191780347762,Miguel Cabrera,31.712962962962965,274.0,0.1129624339896178,0.0118328489985939,-5.29428072002562,85.12013670617202,-4.20259719070488
650489,2022,391,-10.141730896576702,-0.025937930681781844,0.42007752673695575,-5.926247102333374,-15.562758409069106,-9.093985323273719,-6.468773085795387,12.74654020045578,300,-6.968190290091973,0.4691759238277249,Willi Castro,40.05563282336578,288.0,0.0957330395224781,0.00976266088903,-7.591640823957832,78.66328145218004,-6.555367599321963
641531,2022,498,-13.385737300050058,-0.026878990562349516,0.48709113962400075,-6.157338572841641,-16.127394337409708,-7.418480208242941,-8.708914129166768,13.096245529311279,300,-7.0129788498037,0.48267657750740495,Hunter Dozier,33.046800382043934,346.0,0.1350369027949076,0.0093833259641172,-13.5843280325969,61.82050881831989,-12.401108196813738
650859,2022,513,-13.493381097318451,-0.026302887129275733,0.4800703811497956,-4.989605290050696,-15.781732277565439,-5.8357956608780075,-9.945936616687431,12.717375070029055,300,-7.10557503124271,0.46803508795491855,Luis Rengifo,35.14689880304679,323.0,0.0920250716619666,0.0131202134020083,-2.884115751362552,91.8940361546142,-1.9921474410089668
672695,2022,500,-11.51969054007043,-0.02303938108014086,0.4144095902257502,-19.778424015154883,-13.823628648084517,-23.73410881818586,9.910480170101343,11.119776171271319,300,-7.1562916487283905,0.4021481823616882,Geraldo Perdomo,21.193415637860085,206.0,0.1286816523079843,0.0152658076696814,5.7356212843655605,116.12027490225654,6.835603210097029
594777,2022,425,-12.038416325193646,-0.028325685471043874,0.45915515979893706,-17.8907808508124,-16.995411282626325,-25.257572965852802,8.262161683226477,13.363378040459105,300,-7.262740510858613,0.49276634313586737,Kole Calhoun,32.58064516129032,303.0,0.1165665055153551,0.0110994933185729,-7.059624185424186,80.15854308828465,-6.040595546475124
669222,2022,421,-10.367984438619061,-0.02462704142189801,0.40097489632508815,-8.360699929978171,-14.776224853138805,-11.915486836073404,-2.860738017065401,11.725392415663757,300,-7.274473955369754,0.42789148792279025,Nick Senzel,27.60487144790257,204.0,0.1077505040758906,0.0136925521805178,0.7706960470140043,102.1660830672021,1.5005185161756498
641645,2022,335,-10.294772720260127,-0.030730664836597393,0.4332564180158244,-5.012842948636452,-18.438398901958436,-8.978226176662302,-9.460172725296134,14.202796082786266,300,-7.3494561494325055,0.5232095811050793,Luis Guillorme,20.97026604068857,134.0,0.083216307043989,0.0218554755054441,10.955963989066362,130.7923313912642,12.12365666670102
514917,2022,616,-13.153491233888563,-0.02135307018488403,0.40082922690219647,-11.099145630643006,-12.811842110930417,-10.810856133743188,-2.000985977187229,9.68992187070989,300,-7.548558876921127,0.33809393312477865,César Hernández,25.60553633217993,296.0,0.1067658964390783,0.0131853039762527,3.201427678167229,108.99778623676286,4.0488252942657095
571771,2022,400,-11.971962455360796,-0.02992990613840199,0.45192303168482917,-11.454380579491742,-17.957943683041194,-17.181570869237614,-0.7763728138035795,13.557690950544876,300,-7.601468885752935,0.49998383871743796,Enrique Hernández,27.40076824583867,214.0,0.1321352513174596,0.0131910314335829,-6.578962480992636,81.5094688949701,-5.710815362025442
621035,2022,453,-12.63060837016566,-0.027882137682484903,0.4474280289408571,-2.5181634408693268,-16.72928260949094,-3.3353158157209624,-13.393966793769978,12.613201569780802,300,-7.6894008109289995,0.4639415584462405,Chris Taylor,23.20675105485232,220.0,0.1114334517725449,0.0104309165818033,5.358945606556788,115.06160746690423,6.489363361759621
663837,2022,354,-11.453627656090537,-0.03235488038443655,0.4466100252265553,-8.587913681232198,-19.41292823066193,-14.555785900393557,-4.857142330268372,14.242233017387303,300,-7.783437494692084,0.5245928392511198,Matt Vierling,28.251121076233183,189.0,0.0949155208013823,0.0191068459423716,1.9518913138502585,105.48589647025018,2.8059171020445843
660688,2022,432,-12.776336680833298,-0.029574853427854857,0.4521878157715761,-4.277197823675448,-17.744912056712913,-5.940552532882567,-11.804359523830346,13.053537857999418,300,-7.883196025783068,0.48104553285999735,Keibert Ruiz,31.691919191919197,251.0,0.0801566884673066,0.0155806228968759,1.700926604559812,104.78054653448042,2.2976601633021945
608348,2022,353,-12.52948576387905,-0.035494293948665864,0.47404707929298456,-13.141251740569738,-21.296576369199517,-22.336405224764427,1.0398288555649096,15.13858810828412,300,-7.9497892466212186,0.554908007559911,Carson Kelly,24.393723252496432,171.0,0.114104504954764,0.0174322876796217,2.289291297527812,106.43417743568368,3.218561805237996
455117,2022,379,-14.5895045775186,-0.03849473503303061,0.5164765313393813,-14.672426939960427,-23.096841019818363,-23.228116527641838,0.1312755078234744,15.917770447620413,300,-8.114183566473951,0.5795434840202217,Martín Maldonado,31.317204301075268,233.0,0.1320085026449722,0.0104037782730743,-9.411206510638836,73.54929333864033,-8.296088276548787
663647,2022,559,-14.263694745446141,-0.02551644856072655,0.4271032214308364,-9.213937806825026,-15.30986913643593,-9.889736465286251,-5.420132671149679,10.838724901107504,300,-8.266067376090373,0.38990254264935537,Ke'Bryan Hayes,27.21791559000861,316.0,0.1173043434387428,0.0124291158931196,-0.8266386583208329,97.67668718761333,0.1822273562036964
500743,2022,506,-13.51893662517974,-0.026717266057667468,0.4236804553320788,-14.08490050038388,-16.03035963460048,-16.701463043933455,0.6711034093329751,11.300936174706449,300,-8.329158141162818,0.4099428893553908,Miguel Rojas,30.7027027027027,284.0,0.0883738835421523,0.013814265702813,1.923850495963232,105.40708622975276,2.8699523315831565
665120,2022,456,-14.365665396120312,-0.031503652184474366,0.46180348961005,-10.865444955665575,-18.90219131068462,-14.296638099559967,-4.605553211124654,12.975557883230612,300,-8.548547034743727,0.4780546671776731,Jared Walsh,30.815347721822544,257.0,0.1147895188124666,0.0158586860109108,-3.667880477985704,89.69122285410971,-2.7411666901854987
681082,2022,467,-15.799624589137105,-0.03383217256774541,0.46729967562654456,-9.071056986170387,-20.299303540647244,-11.65446293726388,-8.644840603383365,12.974430071497428,300,-9.278763300381998,0.47801129009276616,Bryson Stott,28.28729281767956,256.0,0.0898575788303241,0.014542861655458,4.501849690610468,112.65269287899063,5.427471905642883
571466,2022,307,-11.257509729299876,-0.036669412799022395,0.4028419211474406,-12.371947958613696,-22.001647679413438,-24.179702850710807,2.1780551712973697,13.794841697053116,300,-9.408752376768613,0.5086533486509166,Tucker Barnhart,,,,,,,
682928,2022,301,-12.742686129122353,-0.04233450541236662,0.44768656780985605,-11.028380576384581,-25.400703247419973,-21.983482876514117,-3.4172203709058557,15.482534869229895,300,-9.464863439180881,0.5659761857683957,CJ Abrams,,,,,,,
623205,2022,349,-13.197228249908429,-0.03781440759286083,0.4323386327863612,-15.609866023196181,-22.6886445557165,-26.83644588515103,4.147801329434529,13.885533857152708,300,-9.662975372919625,0.5119283671445671,Andrew Velazquez,29.11392405063291,184.0,0.1224345301716635,0.0131505898846893,-5.335347858042285,85.00471528598827,-4.468348062964005
542303,2022,505,-17.867361470161367,-0.035380913802299734,0.48759227412905143,-7.687641644609736,-21.22854828137984,-9.133831656962064,-12.094716624417776,13.01854285199205,300,-9.723187613435169,0.4797053599463845,Marcell Ozuna,33.48666053357866,364.0,0.122709702291338,0.0105825773453292,-10.03701009118654,71.79043841201813,-9.073970845888253
543281,2022,420,-14.782126224266827,-0.035195538629206734,0.4351840998134989,-5.079259707024603,-21.11732317752404,-7.256085295749433,-13.861237881774606,12.740885842621061,300,-9.921962927955846,0.46895492410344597,Josh Harrison,36.26220362622036,260.0,0.0770134850249588,0.0149852146384313,0.7666241144803339,102.15463867982508,1.66890538705785
614177,2022,474,-17.082896413230063,-0.03603986585069634,0.47154444641668847,-16.539311599961035,-21.623919510417803,-20.93583746830511,-0.6880820421126934,12.99525224733885,300,-9.950687059758074,0.4788115832008178,Franmil Reyes,28.691099476439792,274.0,0.1162016001564471,0.0124767630396568,-2.814071297664566,92.09089989317164,-1.9208853023932804
493329,2022,581,-19.099305978024322,-0.03287316003102293,0.4577469166823355,-11.19680243795364,-19.72389601861376,-11.562962930761074,-8.160933087852687,11.394325240337539,300,-10.418923537580426,0.41393015444198417,Yuli Gurriel,35.27777777777778,381.0,0.081431036533285,0.0120802311774986,-0.4385703686850282,98.76737417680312,0.5987067119446563
518735,2022,376,-14.557051168915285,-0.038715561619455545,0.4312841031661144,-15.177450862944204,-23.229336971673327,-24.2193364834216,0.9899995117482732,13.34506761537599,300,-10.442607807662736,0.49208093369079803,Yasmani Grandal,20.89171974522293,164.0,0.1167938857635114,0.0170548090156629,5.32273169531065,114.95982630395248,6.084753848281843
645302,2022,407,-15.077320138451325,-0.03704501262518753,0.42067891176000755,-10.980858006352546,-22.227007575112516,-16.187997060961987,-6.0390105141505295,12.511367690763855,300,-10.737174341524522,0.4599119010464606,Víctor Robles,33.28358208955224,223.0,0.1144289329258287,0.011674703832316,-5.894817990057646,83.43229411650253,-5.0144889761203
607732,2022,384,-16.488275773240996,-0.04293821815948176,0.450936052314125,-18.63119309032752,-25.762930895689056,-29.11123920363675,3.3483083079476934,13.807040434932349,300,-11.244246373213201,0.5090951625496943,Jacob Stallings,26.24495289367429,195.0,0.1070193489627188,0.0178598465584816,0.6159901269208299,101.73127368260997,1.6794106386077263
622761,2022,531,-19.905107812868764,-0.03748607874363232,0.46562461188625465,-11.534027965762204,-22.491647246179394,-13.032799961313225,-9.458847284866168,12.123832229468052,300,-11.273624718078723,0.44432523291671877,Jorge Mateo,36.8369351669941,375.0,0.115589336124412,0.0102923241494091,-10.353882814383413,70.89985042621718,-9.47742354812921
679529,2022,401,-18.471777059392753,-0.046064281943622824,0.45265988819626024,-14.861383273335637,-27.638569166173696,-22.236483700751574,-5.402085465422122,13.562853661565956,300,-12.436152180908518,0.5001742003405535,Spencer Torkelson,24.59016393442623,195.0,0.0999682344418525,0.0170553166804867,5.255889790099465,114.77196350172528,6.247524834534363
596748,2022,388,-20.058226901681774,-0.0516964610868087,0.485982777902751,-18.928380826858923,-31.01787665208522,-29.270692000297306,-1.747184651787915,14.803222495936247,300,-12.651258078243618,0.5438166092164128,Maikel Franco,38.57142857142858,270.0,0.0811566518385107,0.0136143203294083,-2.780140680993015,92.18626373280304,-1.80490875863359
647351,2022,350,-17.07532737223541,-0.048786649634958316,0.4370503986369273,-16.1526795480481,-29.27198978097499,-27.690307796653883,-1.5816819843211078,14.01679587816304,300,-12.72557330430321,0.5166288697061219,Abraham Toro,30.97744360902256,206.0,0.119439439234371,0.0131142834521444,-5.952269429780094,83.27082372716899,-4.986811142845393
665482,2022,346,-17.29674657379716,-0.04999059703409584,0.4404178764783525,-10.31873402066147,-29.994358220457507,-17.893758417332027,-12.10059980312548,14.206207034252179,300,-12.855303189162399,0.5233293869199972,Gilberto Celestino,22.0211161387632,146.0,0.1291765343722932,0.0165565144042161,2.8304698353140094,107.95518908687042,3.866234420868904
621512,2022,312,-18.12251295421193,-0.05808497741734593,0.4521214511161085,-16.509043901352626,-34.85098645040756,-31.74816134875505,-3.1028251016525097,15.357802072286944,300,-13.716119367986003,0.5619979553166747,Tomás Nido,,,,,,,
624428,2022,600,-24.149750184348047,-0.04024958364058008,0.43362239227550314,-18.225663447139528,-24.149750184348047,-18.225663447139528,-5.924086737208519,10.621536021199486,300,-13.917174596919974,0.3803164363403786,Adam Frazier,28.65116279069768,308.0,0.0938136400779981,0.013125138854688,1.6226507937272154,104.5605481199655,2.563751767558794
642350,2022,325,-16.872559869302364,-0.05191556882862266,0.40634706230576684,-12.055045171362497,-31.149341297173596,-22.255468008669226,-8.89387328850437,13.524047711793257,300,-14.23950050929713,0.49874155569737244,José Siri,36.49851632047478,246.0,0.0978216215653954,0.0127103767467924,-5.696673451108235,83.98919009688258,-4.577528771163435
669397,2022,326,-16.582580130195815,-0.05086681021532458,0.3971562395437929,-15.854099957612622,-30.52008612919475,-29.17932507536065,-1.3407610538340968,13.197869820111167,300,-14.330169617718472,0.48653782072699187,Nick Allen,,,,,,,
541645,2022,380,-21.94975875057216,-0.05776252302782147,0.48012844619890904,-19.16947753506741,-34.657513816692884,-30.267596108001175,-4.3899177086917085,14.778041760610868,300,-14.34320779577046,0.542971781625086,Avisaíl García,41.13756613756614,311.0,0.1051502919939266,0.0106022060985795,-11.81565363087243,66.79146421352715,-10.729211125716112
545358,2022,374,-21.122511460391323,-0.05647730337003028,0.45324460981473536,-20.12545870562517,-33.88638202201817,-32.28683214806177,-1.5995498739563985,14.062032497507717,300,-14.897076585713513,0.5182379690816445,Max Stassi,21.45922746781116,150.0,0.1515078246380479,0.0141647091150869,-1.1622171647010764,96.73352558297876,-0.4433139188450854
595978,2022,337,-22.160626239722006,-0.06575853483597034,0.4369696898101848,-24.894041334119457,-39.455120901582205,-44.32173531297232,4.866614411390117,14.281953453879732,300,-17.253010469215035,0.525981795239591,Austin Hedges,28.177641653905056,184.0,0.1243934146163498,0.0134384404992707,-4.357440501164362,87.7531769852957,-3.4371209310015765
670764,2022,464,-25.476397612359065,-0.054906029336980744,0.4070787068923426,-21.830384222923005,-32.943617602188446,-28.228945115848713,-4.714672486339733,11.33889272115758,300,-18.251001837445045,0.41156601482202915,Taylor Walls,19.956140350877195,182.0,0.1278447655574882,0.0176391196397354,5.352893244511195,115.04459697490248,6.331823586817462
664702,2022,596,-30.02415887724036,-0.05037610549872543,0.38218274484440257,-22.33552810451565,-30.22566329923526,-22.48543097770032,-7.74023232153494,9.39288912144355,300,-19.529718182512784,0.32430294006283705,Myles Straw,19.646182495344505,211.0,0.0885980562570283,0.0164865208531424,10.400029876481426,129.22984839629387,11.305528412536429
544725,2022,313,-23.66546923956834,-0.07560852792194357,0.3848228859682381,-23.244682302310586,-45.36511675316614,-44.55849642615448,-0.8066203270116645,13.05088533142857,300,-22.221707228963048,0.480944067518034,Leury García,,,,,,,
570731,2022,511,-35.366950679742935,-0.06921125377640495,0.43064730623023184,-30.167125225819962,-41.52675226584297,-35.42128206554203,-6.1054702003009425,11.43042912929601,300,-23.128913507796597,0.4154659018447681,Jonathan Schoop,37.05752212389381,335.0,0.1100148897539419,0.0097553558485467,-11.378391395212844,68.02041345786128,-10.615546157556995
670032,2022,481,-34.01579850429315,-0.07071891580934127,0.3892554059198608,-17.747141308347175,-42.43134948560476,-22.13780620583847,-20.293543279766293,10.649111269919594,300,-25.190723039486254,0.3815393130829469,Nicky Lopez,29.86111111111111,258.0,0.1120199830020492,0.0124321831709626,-2.198496468134361,93.82100635992632,-1.3458920422963927
660670,2023,734,67.82741812747157,0.0924079266041847,0.5219802420370726,66.91598105499213,55.444755962510825,54.69971203405352,0.7450439284573065,11.55998538059881,300,33.815690173983164,0.4062395140329341,Ronald Acuña,22.749822820694543,321.0,0.0887570124525356,0.0156424680737841,11.881811555522043,131.2672277048709,10.532803549811788
660271,2023,596,61.02049504071872,0.10238338094080322,0.5498895014115588,58.74056813907615,61.43002856448194,59.13480014000955,2.295228424472384,13.51461096943947,300,32.809328643803454,0.48323391250768,Shohei Ohtani,29.727564102564106,371.0,0.0888753954158186,0.0151827549328779,6.206829674564299,116.33339797160455,4.812128915993297
621566,2023,722,71.02049283900612,0.09836633357203065,0.5824145486338077,55.682332564404355,59.01980014321839,46.27340656321691,12.746393580001481,13.00513505686319,300,32.65229889535651,0.4640760757298924,Matt Olson,26.11806797853309,438.0,0.1005873688650726,0.0142860125123844,9.486101123488876,124.9628671918898,7.99714819653218
518692,2023,729,66.36637733652566,0.09103755464543986,0.5505039914145696,57.903358076347395,54.622532787263914,47.65708483649991,6.965447950764002,12.23342203143488,300,31.88180326241597,0.4338184009780714,Freddie Freeman,27.259580621836587,377.0,0.0938312519830256,0.0140052400130949,5.453485380772306,114.35095720791377,4.372631288350888
605141,2023,689,62.42617293991223,0.09060402458622965,0.5335083074148386,61.94523619807737,54.362414751737795,53.94360191414575,0.4188128375920428,12.19502867311998,300,31.81503705533314,0.43227491687376934,Mookie Betts,16.764275256222547,229.0,0.1092525745010718,0.0169836216048803,16.21194182282299,142.66205318470517,14.830929102269303
665742,2023,710,58.983496950448526,0.08307534781753313,0.5576358737716777,42.25317352426967,49.84520869051988,35.706907203608175,14.138301486911708,12.55662085487886,300,28.564705699239283,0.44666959951735224,Juan Soto,16.591056383668178,256.0,0.1147602436592848,0.0180018036348863,18.26832278590439,148.07346132900838,16.895143825283675
592450,2023,457,45.48523678927295,0.09953005861985328,0.5512827969829941,41.69990750665209,59.71803517191197,54.7482374266767,4.969797745235269,15.472752928047047,300,28.0438671682569,0.5507073069381444,Aaron Judge,19.39571150097466,199.0,0.1631438258944777,0.0130292075561067,5.25013430511933,113.81583473464772,3.756390328998415
608369,2023,535,48.434742234478804,0.09053222847566132,0.5446193919011294,44.87990382604554,54.319337085396796,50.33260242173332,3.9867346636634764,14.127569754334045,300,27.979237493133688,0.5054058115404618,Corey Seager,28.283898305084747,267.0,0.116929661031133,0.0134961832928743,-1.5680568319699366,95.87362669486232,-2.54045800587165
670541,2023,496,49.63594428726736,0.10007246832110354,0.5985893421248264,42.4725133547843,60.043480992662126,51.37804034852939,8.665440644132737,16.12647293735069,300,27.01124234075931,0.571088140106749,Yordan Álvarez,26.46484375,271.0,0.0835116976921211,0.0185014777399386,9.89433535907001,126.0371438492154,8.508117912043243
650490,2023,595,41.106979925048165,0.06908736121856834,0.5191990938668015,34.01500560778474,41.45241673114101,34.30084599104343,7.151570740097576,12.77105259219207,300,23.591627654445485,0.4550541264477,Yandy Díaz,19.93097497842968,231.0,0.1001903912523647,0.0163817721224203,11.870531890194108,131.23754503715685,10.531674475143088
547180,2023,542,31.81041314974493,0.05869079916927109,0.4991410514245681,27.2923678685138,35.21447950156266,30.21295335997838,5.001526141584279,12.863966387331391,300,20.073529404048173,0.4586516227180964,Bryce Harper,33.41708542713568,399.0,0.1039351471029015,0.0103586386893099,-4.3948138321940045,88.43495840936279,-5.6367538555312855
641355,2023,555,33.966855794654975,0.06120154197235131,0.5388379796300846,30.83692152842134,36.720925183410785,33.3372124631582,3.383712720252582,13.723439052676968,300,19.776034793475656,0.49089555897325027,Cody Bellinger,31.166347992351817,326.0,0.0627239821564548,0.0141818060485843,10.702023115313734,128.16259053475656,9.44603499386033
666134,2023,421,27.612715495206245,0.06558839785084619,0.5048237635833956,27.49629793724549,39.35303871050772,39.187122950943696,0.16591575956402238,14.762162876073358,300,19.761821143203466,0.5273482777714914,Nolan Jones,26.182618261826185,238.0,0.0756600958308287,0.0190888930914153,11.71509886206658,130.82851987625347,10.298391861856828
663656,2023,671,36.47082431706372,0.05435294235031851,0.5485407689140407,35.27939018706381,32.611765410191104,31.54639957114499,1.065365839046116,12.705708907196485,300,18.851279270436198,0.4525112061495087,Kyle Tucker,21.61520190023753,273.0,0.1104664928801634,0.0135951340887974,10.404060893727475,127.37849691517236,9.10490678445233
543760,2023,753,34.87930412902908,0.04632045701066279,0.5082571881153239,32.061613904218625,27.792274206397675,25.5471027125248,2.245171493872874,11.113152953852794,300,17.879559591440355,0.3873717276851013,Marcus Semien,21.760916249105225,304.0,0.0862799683111644,0.0142944658270578,11.280883492834596,129.68587333962992,10.13387646982
650333,2023,613,28.664326167054945,0.04676072784185146,0.4731564148484699,21.639439964591176,28.056436705110876,21.18052851346608,6.875908191644797,11.466364560271845,300,17.654852827892267,0.4023227095647947,Luis Arráez,31.8359375,326.0,0.0585960391006466,0.0165603733194645,9.03220187839207,123.7684221373463,7.977685943207263
592885,2023,630,29.592204942071064,0.04697175387630328,0.5083211941018163,16.832872424282105,28.18305232578197,16.031307070744862,12.151745255037106,12.151200678430246,300,16.9982456515769,0.43050861531532614,Christian Yelich,24.98168498168498,341.0,0.1040852030461381,0.0119609848462171,8.876738252671501,123.35931645825728,7.407672967360325
542303,2023,591,29.843330628505853,0.050496329320652886,0.5722475220367688,32.94882700112562,30.29779759239173,33.450585787944796,-3.1527881955530646,14.12347061524283,300,16.10239972438397,0.5052607311236881,Marcell Ozuna,29.89690721649485,377.0,0.1140975930318609,0.012768718470458,0.0529209401941144,100.13926252572456,-1.3443134161913617
680574,2023,404,22.762952623010506,0.056343942136164615,0.5300433330919342,18.39294743760535,33.80636528169877,27.316258570701017,6.49010671099775,15.822384865480068,300,16.05332820338432,0.5617381149219158,Matt McLain,25.707257072570727,209.0,0.1125501885897682,0.0179685731626386,4.960178979200614,113.05281142314544,3.367775117324656
676801,2023,455,25.03179880232119,0.055014942422683934,0.5576899810948573,20.20417042780595,33.00896545361036,26.64286210260125,6.366103351009109,15.686945745553317,300,15.834393003423234,0.5575008487446927,Chas McCormick,30.55555555555556,286.0,0.1060518460465436,0.0138357862385026,-0.3475457371852281,99.08542635509336,-1.767604366634413
682998,2023,646,27.25175167596366,0.04218537411139885,0.49860996329498497,29.39951016026665,25.311224466839313,27.306046588482957,-1.9948221216436437,11.7705279728631,300,15.72171604484384,0.4149753807151465,Corbin Carroll,27.951807228915666,348.0,0.1110338924719174,0.0125198162017509,-1.4763116127715166,96.11505609694514,-2.618435239930669
457759,2023,624,26.812549283968185,0.04296882898071824,0.5103699180410207,19.094727252135787,25.781297388430946,18.36031466551518,7.420982722915767,12.258688910034342,300,15.52852158412806,0.43483223590061465,Justin Turner,26.060138781804167,338.0,0.0814484194327572,0.014367447306448,13.002990780535754,134.2176335384142,11.467653377528132
608324,2023,723,29.42532027241699,0.04069892153861271,0.5251234828107588,14.873976838814515,24.419352923167626,12.343549243829473,12.075803679338152,11.71773147715062,300,15.248406305431374,0.4127942752864345,Alex Bregman,18.660287081339717,273.0,0.0990011929333469,0.0150003453894768,14.776025071496912,138.88340917750537,13.531534053311333
643565,2023,402,18.62616637334553,0.04633374719737694,0.48874586774346856,7.821901431102092,27.800248318426167,11.674479747913571,16.125768570512598,14.625856981744088,300,14.419802797021008,0.5227217609942463,Mike Tauchman,18.912529550827426,160.0,0.1210670230973426,0.0161787325668232,12.891099864421587,133.92319032696446,11.5918430105601
514888,2023,410,19.296800948374543,0.04706536816676718,0.5180280834214405,22.427166877767327,28.239220900060307,32.82024421136682,-4.581023311306513,15.35015009673058,300,14.003246554234316,0.5467674469160917,José Altuve,32.28803716608595,278.0,0.0798324836893139,0.0139059251404301,5.551517160879488,114.60892982232546,4.145334143851924
646240,2023,655,25.3319392161902,0.038674716360595725,0.5417959128190878,21.573425376227704,23.204829816357435,19.761916375170415,3.44291344118702,12.701830847960926,300,13.704264096407847,0.4523599532226608,Rafael Devers,32.57142857142858,456.0,0.0856473376735287,0.0126227063092056,4.509776764796207,111.86756887568087,3.0304553294106205
502110,2023,479,24.40575689504592,0.05095147577253845,0.6183594191757834,21.195347833034806,30.570885463523073,26.54949624179725,4.021389221725823,16.9521378100201,300,13.681633602485626,0.595356898997999,J. D. Martinez,32.11678832116788,308.0,0.1135274681541617,0.0120562578585509,-3.968908472940312,89.55573698645789,-5.257662865285527
641598,2023,345,18.268140770110765,0.05295113266698773,0.5566337362999065,15.950230219818144,31.770679600192636,27.739530817075032,4.0311487831176045,17.98089178193322,300,13.338064994211734,0.623395823475794,Mitch Garver,17.53155680224404,125.0,0.1536670318798575,0.0212671429820011,6.7425818061683405,117.74324055444274,5.530182662608373
641487,2023,638,22.1094995895965,0.03465438807146787,0.48386842310926537,21.810265096168393,20.79263284288072,20.511221093575294,0.2814117493054269,11.493920589997462,300,13.291972625622723,0.40347760783037484,J. P. Crawford,18.6010760953113,242.0,0.1355501489076848,0.0144583365561537,8.242843409670547,121.69120934307225,7.103988910626232
668227,2023,651,22.56247248650414,0.034658175862525564,0.496354209036708,17.84437002256137,20.79490551751534,16.44642398392753,4.348481533587808,11.672193136854402,300,13.15518272142725,0.41090786643138777,Randy Arozarena,27.65205091937765,391.0,0.0964223646764212,0.0142509864678852,7.15846921843216,118.83765670117911,5.661483517214812
680776,2023,362,16.124878633403945,0.04454386362818769,0.49733650958850006,11.779352197275713,26.726318176912617,19.523788172280188,7.202530004632429,15.68365596799184,300,13.056864721505525,0.5573973650032981,Jarren Duran,29.98565279770445,209.0,0.1047989573144796,0.0178576460082897,0.7719031448433608,102.03127875603332,-0.4442945237851167
606466,2023,648,23.24503770625087,0.035871971768905664,0.5290637399015561,22.412273802522304,21.5231830613434,20.752105372705838,0.7710776886375612,12.470151938810204,300,12.959212791685252,0.4432564058767497,Ketel Marte,24.4,305.0,0.1048371624788633,0.0133438142178627,6.78895306682748,117.8652674658456,5.683744914144725
677594,2023,714,25.11993158281657,0.0351819770067459,0.5442530408530986,19.847019639401,21.10918620404754,16.678167764202524,4.431018439845015,12.220894886937238,300,12.916677349152202,0.4333151770806014,Julio Rodríguez,37.82542113323124,494.0,0.1095895541692102,0.0101094019046171,-9.065626517230635,76.14362024872966,-10.211813330934673
670770,2023,554,20.338314603502276,0.036711759212097975,0.5093095911217421,21.953189904835362,22.027055527258785,23.776017947475122,-1.748962420216337,12.983094635565715,300,12.843726157934276,0.46323246464814927,TJ Friedl,24.573055028463,259.0,0.1141693798647281,0.0150771796391482,4.928785690979568,112.97019934950454,3.5485148835415776
664023,2023,693,22.92005691662478,0.033073675204364765,0.5033307469758584,13.41591040655539,19.84420512261886,11.615506845502502,8.228698277116358,11.4719724150458,300,12.742439773421637,0.40255787721646297,Ian Happ,23.00824175824176,335.0,0.1146036603031191,0.0110583496336996,9.38570714920409,124.69867841566732,7.990019317445471
647304,2023,494,21.083885913365858,0.04267993099871631,0.5735543873693806,16.458242116455366,25.607958599229786,19.989767752779795,5.618190846449991,15.483259125672205,300,12.71059767454472,0.5510431843510257,Josh Naylor,39.59276018099548,350.0,0.0765147892716668,0.0124381803158739,-1.3838288724167818,96.35842630088496,-2.3970852690901654
669016,2023,469,18.909644189863222,0.04031907076729898,0.5300626970259406,16.098641497236386,24.19144246037939,20.59527696874591,3.596165491633478,14.685612717759202,300,12.65267186311895,0.5247558124924846,Brandon Marsh,25.41062801932367,263.0,0.1282259798717635,0.0133280438122242,2.808154791591252,107.38971619680348,1.3873856143354169
656941,2023,719,24.015047436933113,0.03340062230449668,0.5324562513129992,20.000785396769672,20.04037338269801,16.69050241733213,3.3498709653658807,11.91436046610591,300,12.532732595984132,0.4208845165484874,Kyle Schwarber,21.583178726035868,349.0,0.1390900311264857,0.0122478179516885,7.443421032090564,119.58751316885156,5.909878046101212
670623,2023,571,22.423986744503058,0.039271430375662095,0.5775070684323221,19.585214525916708,23.562858225397257,20.57991018485118,2.982948040546077,14.500751177604275,300,12.488980752635358,0.5184337952321935,Isaac Paredes,28.776978417266186,360.0,0.1051751354917061,0.0125531466433677,3.953328980375921,110.40326526338752,2.5523231631498406
669221,2023,436,18.333994614991028,0.04205044636465832,0.5502914065711498,10.008555593295926,25.230267818794992,13.773241642150357,11.457026176644636,15.812507212355001,300,12.301832623426202,0.5614306125666041,Sean Murphy,23.24510932105869,202.0,0.1138314439938724,0.0128069610001682,6.530277389047432,117.18455718180633,5.164926080185059
668939,2023,684,21.171989320836133,0.030953200761456336,0.48535833708623616,17.677987278294,18.5719204568738,15.507006384468422,3.0649140724053794,11.134883909283436,300,12.21572595381971,0.3882993321029128,Adley Rutschman,23.405654174884944,356.0,0.0997166725296495,0.011227904165458,12.308534371250468,132.39015743523203,10.880319892953707
623993,2023,654,21.582868689443348,0.0330013282713201,0.5324659389446259,7.906391062320326,19.80079696279206,7.253569781945253,12.547227180846807,12.492639509320078,300,11.984633137169304,0.4441458283250537,Anthony Santander,34.61538461538461,522.0,0.1069857783744443,0.0112289287044402,-2.6448951517645733,93.0399048512684,-4.268211418334159
545361,2023,361,14.619015950488718,0.04049588905952554,0.5032892492703517,14.910301997925526,24.297533435715323,24.78166537051334,-0.4841319347980182,15.893344713800579,300,11.837315907632352,0.5639401462522111,Mike Trout,19.922380336351875,154.0,0.1225156993592663,0.0240064539884205,9.16201405803042,124.11002551665015,7.730251783473887
680977,2023,371,13.690863746742107,0.0369025977001135,0.4661717590614133,11.886693281346828,22.1415586200681,19.22376271915929,2.9177959009088106,14.52145909266032,300,11.79032415381062,0.5191463071257995,Brendan Donovan,23.044692737430168,165.0,0.1034532263544358,0.0162553016171214,6.524896541567266,117.17039737270473,5.196517538945172
666182,2023,603,19.00882565160844,0.03152375729951649,0.5073047936381186,13.448808211858593,18.91425437970989,13.381898718267257,5.532355661442635,12.395428951611809,300,11.556247222597406,0.44029208087528315,Bo Bichette,36.743772241992886,413.0,0.0812732086851097,0.0112332435872089,-1.192299338215264,96.8624401484454,-2.327364633752974
641680,2023,501,19.884082971637866,0.039688788366542646,0.5980876951437089,0.49511471744569324,23.81327301992559,0.592951757419992,23.220321262505596,16.03235256977039,300,11.533697729198275,0.56821820232959,Jonah Heim,30.33932135728543,304.0,0.0964728303104529,0.0139181199887636,2.1145430673078858,105.56446289930804,0.7855223461545369
575929,2023,494,17.310949233127474,0.03504240735450906,0.52519497285073,15.658667408702568,21.025444412705436,19.01862438303956,2.006820029665878,14.177783371938945,300,11.47888528916816,0.5071795277694228,Willson Contreras,31.594202898550726,327.0,0.1207292943617761,0.0105707169626292,-5.534161957563681,85.43674074662809,-6.8747291282934535
623912,2023,432,15.792694461736033,0.03655716310587045,0.514157868934936,11.37834145512581,21.934297863522268,15.80325202100807,6.131045842514197,14.84245920177748,300,11.475481534316614,0.5300516315676481,Harold Ramírez,43.95734597156398,371.0,0.0814553939890593,0.0123055767680575,-4.364491815492607,88.51475141030741,-5.76698972586777
656811,2023,369,14.356576165820242,0.03890671047647762,0.5062614765555344,8.290317288151934,23.34402628588657,13.48019071244217,9.863835573444401,15.812951858591632,300,11.474292074416967,0.5614444600443821,Ryan O'Hearn,30.933333333333334,232.0,0.1162617165817261,0.0159133671261988,-2.9905045434309967,92.13042673880383,-4.195456296397545
666969,2023,629,21.571495330959596,0.034294905136660725,0.5790786233872471,18.03295211107153,20.576943081996436,17.20154414410639,3.375398937890047,13.85362606238579,300,11.470335214737315,0.4956155435352476,Adolis García,29.645697758496027,410.0,0.0984812482062886,0.013686337168895,4.111199287390823,110.81870417303584,2.689440231373324
453568,2023,412,13.985011464995049,0.03394420258493944,0.470072192057299,10.685488786269733,20.36652155096366,15.561391436315144,4.805130114648517,13.895276810547763,300,11.33693949808515,0.4971164514519645,Charlie Blackmon,29.088471849865957,217.0,0.0931183219147504,0.017779899988822,3.202519760075598,108.42749559692312,1.9960603238058137
661388,2023,610,18.48828203640491,0.030308659076073625,0.5194658595924446,11.52714044843825,18.185195445644176,11.338170932890081,6.8470245127540945,12.619534723020177,300,11.006751810914519,0.4491414190156868,William Contreras,24.818108326596604,307.0,0.1131971574861218,0.0138198784023647,4.894754462450131,112.88064548252608,3.571702598274901
645277,2023,660,19.801774809988704,0.03000268910604349,0.5461106340767982,19.768134124185405,18.001613463626093,17.971031021986732,0.030582441639360525,12.754396560725016,300,10.82243394590818,0.45440694892397565,Ozzie Albies,35.45586107091172,490.0,0.1117660403704621,0.0114024440428391,-5.875355592350458,84.53888278780761,-7.254466877152306
664774,2023,517,13.93653737832106,0.026956551989015587,0.4285699162847981,17.678470960933943,16.173931193409352,20.516600728356607,-4.342669534947255,11.309090020117116,300,10.645491263111433,0.39569899127290536,LaMonte Wade,17.518939393939394,185.0,0.1481512726855587,0.0141091002790734,8.545370830750509,122.48731637756548,7.108386560013171
668715,2023,664,18.145728011632375,0.02732790363197647,0.49714765785175374,18.33763632066967,16.396742179185882,16.570153301809942,-0.17341112262406,11.575842479859322,300,10.621133679388437,0.40690097404452635,Spencer Steer,24.214559386973185,316.0,0.104935764047714,0.0145524311173199,7.179021906465344,118.8917415159128,5.852533245557725
600869,2023,576,16.62237215756136,0.028858284995766252,0.5023306875413164,14.374348706458406,17.314970997459753,14.97327990256084,2.3416910948989127,12.55826718853291,300,10.56375685780808,0.44673440676817777,Jeimer Candelario,28.654970760233915,343.0,0.1094052673570328,0.0133252700402109,3.061738118556052,108.05702585655668,1.5346519563695478
681481,2023,460,15.856801834166129,0.03447130833514376,0.5510108453061624,8.768449262009508,20.682785001086256,11.437107733055878,9.245677268030377,15.414607879216687,300,10.540058420998436,0.5488434763282122,Kerry Carpenter,33.63533408833522,297.0,0.1020619827933634,0.0136844549484175,-2.8018963433542106,92.62675303646051,-4.08356697946672
669357,2023,463,16.377580405765528,0.035372743856944985,0.5783867771577018,8.2347546535507,21.22364631416699,10.671388319936112,10.55225799423088,16.12794785529582,300,10.36010265409081,0.5711329428031093,Nolan Gorman,27.69385699899295,275.0,0.138715113018793,0.0124772101856884,-3.532890678022849,90.70312664277036,-4.996924404620436
641584,2023,378,13.607926969495441,0.03599980679760699,0.5368595025451869,4.873780608903089,21.599884078564195,7.73615969667157,13.863724381892624,16.567843940340907,300,10.266786590379269,0.5842622088845812,Jake Fraley,30.567081604426004,221.0,0.1052579979756036,0.0132705882327842,-0.7214490310400615,98.10149226609268,-2.021397297399852
673357,2023,595,16.561224293282653,0.027833990408878406,0.5238434091588426,21.562635175419384,16.700394245327043,21.743833790338876,-5.043439545011832,12.885291610614924,300,10.03903298664881,0.45947425893926747,Luis Robert,40.90513489991297,470.0,0.1059205966947147,0.0105700284673701,-10.880503037411309,71.36773593617801,-12.20840031945361
665489,2023,680,18.141739152034706,0.02667902816475692,0.5330904084284788,7.1657631206247965,16.007416898854153,6.3227321652571735,9.68468473359698,12.265850374649652,300,10.000676405249015,0.4351193094122888,Vladimir Guerrero,29.04761904761905,366.0,0.1196529701301803,0.0115765329150654,-2.300029145651459,93.94742672959651,-3.573554381260606
666139,2023,500,15.724658103972,0.031449316207944,0.5573187608011675,11.798661022902458,18.8695897247664,14.15839322748295,4.711196497283449,14.954431611448266,300,9.972850132453818,0.5337941687457782,Josh Lowe,35.80018501387604,387.0,0.1066032245589319,0.0117612759747326,-5.241947916610309,86.20570791248113,-6.752615738451712
596129,2023,318,11.872436385789538,0.03733470561569037,0.5405565542468973,0.6732638569110347,22.400823369414223,1.2703091639830846,21.130514205431137,18.18774380001634,300,9.701166881325259,0.6287513017461038,Dan Vogelbach,21.52974504249292,152.0,0.1070378215745918,0.0220487359265133,8.92060115922868,123.4747425850488,7.354592230737946
572233,2023,664,17.315436074983303,0.026077463968348348,0.537041674576753,15.372831301937905,15.64647838100901,13.891112622233047,1.7553657587759623,12.504755341468686,300,9.669002411724609,0.4446245155910262,Christian Walker,26.38680659670165,352.0,0.1377471814039979,0.0085218040909596,-2.978077002504614,92.16313006439869,-4.271823913171373
571970,2023,576,16.265401685741534,0.028238544593301274,0.5690535378946905,13.988470168452292,16.943126755980764,14.571323092137803,2.371803663842961,14.226338447367262,300,9.441844075447115,0.5088885240777729,Max Muncy,23.694171082513247,313.0,0.1507063793318508,0.011697575407324,-0.254855091689895,99.32934366562056,-1.8243125256426016
666160,2023,323,11.837712070153046,0.03664926337508683,0.5516022180468532,3.4049198253643853,21.989558025052098,6.324928468169137,15.66462955688296,18.415181052591816,300,9.434059263754078,0.6345341976805391,Mickey Moniak,46.86468646864687,284.0,0.1019569733637791,0.01253622351273,-13.240876438556691,65.15636553552275,-14.521708217901732
596019,2023,685,17.084056011869972,0.024940227754554702,0.53640112950527,15.177018921311674,14.96413665273282,13.293739201148911,1.6703974515839093,12.296900198351608,300,9.395482109373951,0.4363625323748221,Francisco Lindor,27.3371104815864,386.0,0.1223849942675115,0.0121632410525976,-0.4289143161347615,98.87130329194358,-1.7962905728121483
663586,2023,714,17.259126325245077,0.02417244583367658,0.5245787934162026,24.350159613551234,14.503467500205948,20.46231900298423,-5.958851502778282,11.779120763766471,300,9.394553051461864,0.4153297532992771,Austin Riley,27.548209366391184,400.0,0.1186244313603773,0.0125866141084041,0.7108270108275567,101.8705556726313,-0.7226537338049159
607043,2023,682,15.61229036094074,0.022891921350352992,0.4731053081720957,23.7971204838201,13.735152810211796,20.935883123595396,-7.2007303133836,10.869683130339615,300,9.388400079496723,0.37691172542625045,Brandon Nimmo,20.045045045045047,267.0,0.1291288252079334,0.0112401348376752,8.474811785499446,122.30163882122704,7.151874022582115
593871,2023,342,11.25264650053803,0.03290247514777202,0.5191347639030703,5.120859602052712,19.74148508866321,8.983964214127564,10.757520874535647,16.84295583174779,300,9.354260268466225,0.5922398919017794,Jorge Polanco,28.6493860845839,210.0,0.1139715107156513,0.0153987722725944,2.273143674937708,105.98182360981248,0.998658418389916
671213,2023,500,13.695710550049847,0.027391421100099695,0.5191077684322774,17.66885704582114,16.434852660059818,21.20262845498537,-4.7677757949255515,13.929123094353498,300,9.342455796468883,0.49833285083533924,Triston Casas,22.15909090909091,234.0,0.094932298942842,0.0168480058930834,12.079884033278496,131.78845944088513,10.805163866010808
683002,2023,623,16.20228646009412,0.026006880353281088,0.5449794016215146,12.851258370752582,15.604128211968654,12.376813840211154,3.2273143717574992,13.100483207550507,300,9.336081652026117,0.4677114807547451,Gunnar Henderson,26.677852348993287,318.0,0.1241159983644383,0.0150556074905531,-0.5139868737288892,98.64743313398814,-1.633830442593251
624413,2023,656,17.424816942886395,0.026562220949521945,0.5763550384591613,10.922179844663745,15.937332569713167,9.989798638411962,5.947533931301205,13.501730180942916,300,9.306786963268618,0.4827576862537045,Pete Alonso,27.95216741405082,374.0,0.1338727326255924,0.0119615346024015,-5.3488617263624025,85.92436205720534,-6.6395875163999865
670042,2023,408,11.320405265822814,0.027746091337801013,0.4908900870632929,13.152991305060915,16.64765480268061,19.342634272148405,-2.694979469467796,14.581608407319758,300,9.11875425562529,0.5212097100498835,Luke Raley,32.040050062578224,256.0,0.1377183633112151,0.0096854151603419,-11.899968646914475,68.68499154146437,-13.176924539309498
668804,2023,640,15.0577980710655,0.023527809486039844,0.5112855739556521,9.678093547502773,14.116685691623907,9.07321270078385,5.043472990840057,12.126202113647446,300,8.999598603183351,0.4294990902624139,Bryan Reynolds,26.02639296187683,355.0,0.1193038839812809,0.0120344625912709,0.4926946917164483,101.29653605789764,-0.7101098957944729
666397,2023,408,10.533602959686595,0.02581765431295734,0.46381106922745363,12.810162510010013,15.490592587774403,18.83847427942649,-3.347881691652086,13.777241718028423,300,8.94158827060129,0.4928514542929402,Edouard Julien,14.335260115606935,124.0,0.1562566039154611,0.0183316636661137,15.019228942952296,139.52340508991043,13.536075084769756
669257,2023,552,13.077533290583487,0.023691183497433852,0.5091786418767859,15.433533232205193,14.214710098460312,16.775579600223036,-2.560869501762724,13.00324932661452,300,8.641045640589146,0.464003946053831,Will Smith,25.55746140651801,298.0,0.0719763362735396,0.0148831681192679,16.31749580208375,142.9398206185076,14.931159248439515
502054,2023,480,12.094971434456014,0.025197857155116694,0.520858919044491,3.2841626614380557,15.118714293070017,4.10520332679757,11.013510966272447,14.264308961921243,300,8.528646697903618,0.5102207735163861,Tommy Pham,20.689655172413797,198.0,0.1300118364797631,0.0165285999103116,5.569472856463136,114.6561805988413,4.349264863197478
677551,2023,488,11.082409303825228,0.0227098551307894,0.49698030028908696,9.458784823463894,13.62591307847364,11.629653471472,1.9962596070016403,13.498344676532213,300,8.112653635727899,0.48263244774505887,Wander Franco,26.21359223300971,243.0,0.1039853044742814,0.0162190218209085,5.125888680786742,113.48887985834897,3.7562184177616063
543305,2023,313,8.904485218371951,0.02844883456348866,0.526118347629077,2.1425691971572722,17.069300738093197,4.1071614003014805,12.962139337791717,17.84278034398006,300,7.8553910054676415,0.6197684747995089,Aaron Hicks,20.600858369098717,144.0,0.143922630819963,0.0187701896438243,6.759260417761484,117.78713065857772,5.1684309271648345
676116,2023,494,10.36223026363541,0.020976174622743746,0.475654356957465,7.947466091278557,12.585704773646247,9.652792823415252,2.932911950230995,12.840420760802955,300,7.83292352717764,0.45774200982804597,Ryan Noda,19.32606541129832,195.0,0.1548748397187707,0.0113193041921586,7.6669809981676975,120.17581574648152,6.195915860193974
663538,2023,687,12.573072117924092,0.01830141501881236,0.4679550464989654,6.610022117710669,10.980849011287416,5.7729450809700165,5.2079039303174,10.712159165956074,300,7.732195679612232,0.3700800632548335,Nico Hoerner,30.533117932148627,378.0,0.1006270028458969,0.0118933906735671,0.7658080325029298,102.01523934448868,-0.2883683834741436
681546,2023,566,11.219748366457239,0.019822876972539292,0.521626284523237,10.01014896452891,11.893726183523576,10.61146533342287,1.2822608501007053,13.155352875641952,300,7.340903762605738,0.46979312705797044,James Outman,25.7001647446458,312.0,0.1132985914518319,0.0122579735637875,5.2070427705063045,113.70243848874684,3.7771329680052377
456781,2023,448,8.818906745949842,0.0196850597007809,0.46631608603339764,7.206158352074739,11.81103582046854,9.651104935814383,2.159930884654157,13.218818528500394,300,7.274017276557908,0.47219138397967625,Donovan Solano,30.51801801801802,271.0,0.1138109078511331,0.011934251909243,-0.7324963256658502,98.07242108658664,-1.9516880365959568
502671,2023,686,11.291204447071635,0.016459481701270606,0.48241409284602005,17.35011486887227,9.875689020762364,15.175027582104029,-5.299338561341665,11.051193391721393,300,6.92368862732099,0.3847214683868117,Paul Goldschmidt,26.61570535093815,383.0,0.0764015371527912,0.0151247894575949,13.700489725125587,136.05311613485898,12.398543623797394
596146,2023,491,9.722525113233427,0.019801476809029384,0.5304323257673795,11.742644301869746,11.88088608541763,14.349463505339811,-2.4685774199221804,14.362845453781066,300,6.9095314396369245,0.5136608741684391,Max Kepler,24.896265560165972,240.0,0.1199246823381756,0.0132360994657705,2.196413964067919,105.77990782194765,1.0961319847166977
673548,2023,588,10.030200959562933,0.01705816489721587,0.47921552454427563,19.987582932992847,10.234898938329524,20.39549278876821,-10.160593850438685,11.857509089806511,300,6.872944855233603,0.4185546303105087,Seiya Suzuki,19.812925170068027,233.0,0.1305052375287792,0.013319504353958,8.934758333798774,123.51199747660068,7.475758309503044
608070,2023,689,11.111695812054949,0.01612727984333084,0.4854011358816743,20.518532893885922,9.676367905998504,17.868098311076274,-8.19173040507777,11.095386309400485,300,6.786916737840829,0.3866126021647154,José Ramírez,28.19767441860465,388.0,0.1424334676069243,0.0101737229183676,-7.696560019112378,79.74634646095271,-9.102959820056569
665487,2023,636,10.805648836923403,0.016990013894533654,0.5226659163253449,2.20110160256569,10.194008336720191,2.076510945816689,8.117497390903502,12.435031012279246,300,6.662887975090381,0.44186483086814043,Fernando Tatís,32.388663967611336,400.0,0.1148360022416053,0.0117964666391704,-5.858320826479069,84.58371011913759,-7.152732521442118
650391,2023,489,8.498634700731532,0.01737962106489066,0.5001029588666058,1.8235861562624944,10.427772638934396,2.23752902608895,8.190243612845446,13.569262525917779,300,6.436511615814393,0.4852497715785368,Eloy Jiménez,36.69438669438669,353.0,0.094833801230865,0.0127698943318305,-4.494022622300013,88.17388846930575,-5.704599426231549
657041,2023,681,10.388010419053858,0.01525405347878687,0.505985905071175,14.122329863856343,9.152432087272121,12.442581377846999,-3.2901492905748775,11.633653207025604,300,6.307814384117378,0.4093076575942331,Lane Thomas,27.49063670411985,367.0,0.1213700166669956,0.0138245535882661,-0.4438808603127174,98.83191852787957,-1.714140053347497
608841,2023,658,9.779895048728367,0.014863062384085664,0.4878348794609341,-1.5338657720321596,8.917837430451398,-1.3986617982056166,10.316499228657014,11.41067016929063,300,6.2318560360769375,0.39998334691726034,Joey Meneses,31.67177914110429,413.0,0.1068462111126588,0.0108048973892772,-2.018670855540765,94.6878267672874,-3.1652580542836977
666181,2023,327,6.382453183194422,0.01951820545319395,0.4920618680032806,11.898942445649782,11.710923271916371,21.83292191862345,-10.12199864670708,16.326650086786923,300,6.223474291933913,0.5771208388436434,Will Benson,19.37869822485207,131.0,0.1263516148078657,0.019074454222474,9.181231875202071,124.16059759168172,7.834944885388852
650859,2023,445,7.392360997527826,0.016612047185455787,0.485437749249875,10.39271719447827,9.967228311273473,14.012652397049353,-4.045424085775879,13.807173760127105,300,6.131998133398661,0.4939363718665222,Luis Rengifo,28.734321550741164,252.0,0.1175747087728127,0.0135441502092121,0.1224974012825396,100.32235439194254,-1.3063966643571394
592206,2023,672,10.310322708651446,0.015342742125969413,0.5567548950399005,6.143801967161229,9.205645275581649,5.485537470679669,3.7201078049019793,12.886371811867427,300,5.987636644452537,0.45951589817348926,Nick Castellanos,41.04704097116844,541.0,0.0984617981889034,0.0100076306542238,-9.173666969296429,75.85930961139185,-10.410810777579314
650402,2023,670,9.259847226720382,0.013820667502567734,0.4769375318367605,9.96798005798543,8.29240050154064,8.926549305658595,-0.6341488041179542,11.055422613470727,300,5.9484219840609,0.3849026251956299,Gleyber Torres,25.95307917888563,354.0,0.0840004594931366,0.0144797611699534,10.243772444566128,126.95669461550035,9.00205687697362
624415,2023,338,5.947899987871249,0.017597337242222632,0.48650235356459426,0.7106426282237754,10.55840234533358,1.2614957897463468,9.296906555587233,15.87734368932646,300,5.850372448996567,0.5634446776840879,Cavan Biggio,16.00609756097561,105.0,,,14.142072079850609,137.2151490429826,12.637679310153525
518792,2023,376,6.298230556459312,0.01675061318207264,0.49139446194527275,12.099024815559673,10.050367909243583,19.30695449291437,-9.256586583670789,15.205040650327872,300,5.7964419863466405,0.5420558229446564,Jason Heyward,28.47222222222222,205.0,0.0943337359291364,0.0181643885530646,3.800775650370308,110.0018180864034,2.4606874171271005
592192,2023,507,7.656367654972481,0.01510131687371298,0.5053416781639135,3.0346568570555617,9.060790124227788,3.5913098900065816,5.469480234221207,13.465807104031047,300,5.759072212412862,0.481427309015429,Mark Canha,24.16173570019724,245.0,0.0974938080021735,0.0144683818307084,10.061335196478652,126.47660730296003,8.601517929983661
680869,2023,300,5.264683151258476,0.017548943837528252,0.48907355869314023,7.757603144372167,10.529366302516951,15.515206288744334,-4.985839986227383,16.942005045900764,300,5.574370185602261,0.5950687863754746,Zack Gelof,,,,,,,
807799,2023,580,7.878742858934661,0.013584039411956312,0.5231149194346414,5.6926823987551645,8.150423647173787,5.888981791815687,2.2614418553580995,13.032698850930096,300,5.38391818098302,0.4651293756283906,Masataka Yoshida,27.5797373358349,294.0,0.0621972131738992,0.0163487078630061,11.39790328532903,129.99381329312968,10.113649141244
666624,2023,429,6.383041228125139,0.01487888398164368,0.5558915866972787,8.420222666494269,8.927330388986208,11.776535197894082,-2.8492048089078743,16.10321922801716,300,5.091673898259426,0.5703810802958819,Christopher Morel,28.959810874704488,245.0,0.1219787780805795,0.0140773688233036,-1.878713770766488,95.05612666988208,-3.196572114473783
457705,2023,472,5.788415862232196,0.012263592928458043,0.45294024481429046,7.693645305104582,7.358155757074826,9.78005759123464,-2.4219018341598133,12.508958784020654,300,5.065015447053618,0.4447905060742223,Andrew McCutchen,18.655967903711137,186.0,0.125530012416682,0.0156714549101264,13.969077396027,136.7599100295065,12.50369393316566
677951,2023,691,7.949273380774805,0.011504013575650947,0.49678961275267164,11.740408414929396,6.902408145390568,10.194276481848968,-3.2918683364584,11.339260521658122,300,5.036708908168999,0.3969738582409822,Bobby Witt,30.837004405286343,420.0,0.0903908974373169,0.0125009749273194,4.251296794496677,111.1873735998395,2.929442255561023
664040,2023,433,6.305940686324529,0.014563373409525472,0.5550397543155512,-1.9941671615881278,8.738024045715283,-2.7632801315308932,11.501304177246176,16.004105015653202,300,5.030136200771619,0.567352676583949,Brandon Lowe,30.395480225988702,269.0,0.1272759335569838,0.0085154415301454,-6.289585166336419,83.4488292760692,-7.64599712032008
592696,2023,513,7.013934853372076,0.013672387628405606,0.5702382295934795,-2.9221999974711084,8.203432577043364,-3.41777777482001,11.621210351863374,15.10597972664098,300,4.970132060735917,0.5388090452500165,Eddie Rosario,43.609756097560975,447.0,0.1125060244078528,0.0097769465496412,-15.429048200268046,59.39814723597395,-16.73493445831316
663457,2023,505,5.248433068661019,0.010392936769625782,0.44616518046877707,10.694642586961464,6.235762061775469,12.706506043914612,-6.470743982139142,11.91245396858405,300,4.538583061539935,0.4208065070690122,Lars Nootbaar,17.042115572967678,174.0,0.0925847763487305,0.0202912880186589,18.325392520114768,148.22364149019626,17.038550627984833
592273,2023,522,6.1919495037833405,0.01186197222947,0.5716355640473986,5.540748877312601,7.117183337682,6.368676870474253,0.748506467207747,15.011885362163875,300,4.484432639928847,0.5357021864337207,Brandon Drury,35.15151515151515,348.0,0.118424487666624,0.0108124312407536,-9.4143661033719,75.2259049661208,-10.51211112821678
527038,2023,455,5.271010237287624,0.011584637884148624,0.5249514272349717,16.162193057719822,6.950782730489174,21.312782054136026,-14.361999323646852,14.766061498754288,300,4.4462140309207925,0.5274799112508219,Wilmer Flores,28.57142857142857,276.0,0.0784265858837949,0.0150098857709512,9.894839276970275,126.03846991937388,8.48530537407404
664761,2023,608,6.480571755597657,0.010658835124338252,0.5395672198358618,-2.854268524358472,6.395301074602951,-2.8167123595642813,9.212013434167233,13.12940417960221,300,4.4297244680957695,0.46880963388198815,Alec Bohm,30.09090909090909,331.0,0.098972096225956,0.0132887299819471,1.2530869903848374,103.29752378913676,0.1433564497334511
467793,2023,621,6.31546525704741,0.010169831331799372,0.5160196256014825,-0.10763987282967202,6.101898799079623,-0.1039998771301179,6.205898676209741,12.424292567406741,300,4.38059916070185,0.44143874493405494,Carlos Santana,24.07843137254902,307.0,0.1013047322162246,0.0136090404113753,9.410008892853908,124.76262894617132,8.030206208175354
663993,2023,721,6.684712351368028,0.009271445702313494,0.4862201995640521,8.353489382133612,5.562867421388096,6.9515861709849744,-1.3887187495968787,10.864671889496044,300,4.297072609618368,0.37669515536694337,Nathaniel Lowe,20.876963350785346,319.0,0.1253137326771191,0.0113208422444622,8.587477038250327,122.59811971521592,7.145109828018837
628451,2023,383,4.186845081919802,0.010931710396657447,0.49015946286133033,-0.07253880628845177,6.559026237994468,-0.11363781663987223,6.67266405463434,15.027587133991945,300,4.223016176787083,0.5362221870671777,Andy Ibáñez,35.09015256588072,253.0,0.0935942251996815,0.0142186369226665,-0.6090692366467647,98.39722197063328,-1.7578318122023855
656775,2023,455,5.047280536856212,0.011092924256826838,0.5561051554454663,-5.4025002199859795,6.655754554096103,-7.124176114267225,13.779930668363328,15.64236708210064,300,4.179374193888784,0.5560963045241263,Cedric Mullins,26.408450704225352,225.0,0.1016495789149104,0.0155924857382072,5.654384553010837,114.87962744769575,4.515069759475343
669394,2023,533,5.380753201419676,0.01009522176626581,0.538235255060682,12.313443182341317,6.057133059759486,13.861286884436755,-7.804153824677269,13.98813409798193,300,4.128147167444116,0.5004466299689674,Jake Burger,38.88354186717999,404.0,0.1230134964130993,0.0096156888440626,-15.439796740123477,59.369862235695656,-16.653973583305508
666135,2023,318,3.3993405367131055,0.010689750115450017,0.5117704297510666,5.55145002853382,6.41385006927001,10.474434016101547,-4.060583946831537,17.21919637752701,300,3.875037077774277,0.6028650839942055,Alex Kirilloff,33.531157270029674,226.0,0.105823549830378,0.0159539061200256,-2.5456038032268844,93.30119204551016,-3.9636850470739433
592626,2023,421,3.9530280654004954,0.009389615357245832,0.4959805531985937,2.4770567233594076,5.6337692143475,3.530247111676115,2.1035221026713846,14.50356785447378,300,3.854604649532103,0.5185307748653641,Joc Pederson,28.418803418803417,266.0,0.1055354347932411,0.0150369385003714,3.3979848959031687,108.94186605985507,1.872155458091877
666165,2023,341,3.4053233799982174,0.00998628557184228,0.5014961139269288,-2.1803685394165253,5.991771343105368,-3.836425582551071,9.828196925656439,16.294522299119915,300,3.808608299699193,0.5761591029334444,Blake Sabol,27.85388127853881,183.0,0.1117910138495807,0.0142167199027355,1.610124264205332,104.23707460489462,0.3413847801036465
669261,2023,535,4.571797376492185,0.008545415656994739,0.5047052557003869,14.288447593710906,5.127249394196843,16.024427207900082,-10.89717781370324,13.092186600988034,300,3.7602818288098256,0.4673960616183428,Jack Suwinski,18.251928020565558,213.0,0.1400177605061929,0.0148670369601935,10.488309363827792,127.60019847020077,8.856273468438022
673962,2023,513,4.5869865382858155,0.008941494226678002,0.5613649745387606,6.545178185073652,5.3648965360068015,7.655179163828834,-2.290282627822032,14.870921457991656,300,3.685700567954271,0.5310059540774961,Josh Jung,33.0078125,338.0,0.10206357861962,0.0136373002324266,-2.031508763653072,94.6540435521332,-3.351745214598248
624585,2023,579,4.6200449138505935,0.007979352182816224,0.5333086570142801,11.764870982858415,4.787611309689734,12.19157614803981,-7.403964838350075,13.29813085108058,300,3.559282957888067,0.4751741024388087,Jorge Soler,25.81155977830562,326.0,0.1081761288826187,0.0150002994050117,6.364232490306097,116.74760666850142,4.950457914081925
474832,2023,404,3.376104076141357,0.008356693257775636,0.48631853711050427,18.802831942700948,5.014015954665382,27.92499793470438,-22.910981980038997,14.517150921404056,300,3.554898507728809,0.5189981628839672,Brandon Belt,17.875920084121976,170.0,0.1390097237313471,0.0179482715661884,11.15208927659062,129.34694875161125,9.662721010125347
672515,2023,378,3.142064122882311,0.008312338949424103,0.4905630403620797,-1.2393671845933187,4.987403369654461,-1.9672494993544742,6.954652869008935,15.139104099091561,300,3.4838974655343042,0.5398974593667119,Gabriel Moreno,26.42276422764228,195.0,0.1244299078397168,0.0171967958321422,-0.5421449775293872,98.57333451365965,-1.8409372838034777
672284,2023,417,3.1837664907513674,0.007634931632497284,0.49351257114945063,2.389200394720199,4.58095897949837,3.437698409669351,1.1432605698290192,14.500448751653048,300,3.3479643414109876,0.5184233813485959,Jarred Kelenic,28.65429234338747,247.0,0.1280704837100134,0.0143555210687384,-4.270026172049384,88.76333966387668,-5.747429912608467
543228,2023,421,3.2533747368477246,0.007727730966384144,0.5222871350217124,-1.8068890068940644,4.636638579830486,-2.5751387271649375,7.211777306995424,15.2728304637239,300,3.3118826493720306,0.5442634806665846,Yan Gomes,37.45410036719706,306.0,0.1036580713156406,0.012373842510292,-6.424129415581561,83.09477335977472,-7.859659505054031
667670,2023,524,3.479141533323269,0.0066395830788612,0.5117801146446616,7.888244757716856,3.98374984731672,9.032341325629988,-5.048591478313268,13.414330868504756,300,3.1296635151012446,0.4795152016840255,Brent Rooker,27.52043596730245,303.0,0.1352007211407874,0.0117118972047175,-4.151200814346666,89.07603099878318,-5.472274190495324
594807,2023,351,2.465690285843599,0.007024758649127063,0.560883376280233,10.03902123409469,4.214855189476237,17.160720058281523,-12.945864868805286,17.962643908743544,300,2.961386035937652,0.6229189433768233,Adam Duvall,34.34343434343434,238.0,0.1012084541272218,0.0180608967751195,-1.946912903582044,94.87665927090389,-3.188719714829088
680777,2023,333,2.2116485116209033,0.006641587121984694,0.5112730179716916,11.198056247950468,3.9849522731908165,20.176677924235076,-16.19172565104426,16.810553278219967,300,2.9310330235634465,0.591309501608426,Ryan Jeffers,30.205278592375368,206.0,0.116912317305234,0.0124382060938329,-3.559429371381322,90.63328953381172,-4.91631970175729
658668,2023,384,2.072185751335501,0.005396317060769534,0.4578095060032145,3.973241668243088,3.2377902364617204,6.208190106629825,-2.9703998701681047,14.017496113793849,300,2.7186496402723077,0.5014950586202931,Edward Olivares,31.35593220338983,222.0,0.1167936587302715,0.0117298489073897,-6.704790864503391,82.3562070737828,-7.763257460325072
673237,2023,373,2.1104011342716293,0.005657911888127693,0.5464688623186932,9.165062542799472,3.3947471328766157,14.742727950883868,-11.347980818007253,16.97705108442931,300,2.6841534322564717,0.5960642663403414,Yainer Diaz,44.2090395480226,313.0,0.0776835639370728,0.0157188468780784,-2.6262625368441905,93.0889369547259,-3.9880702502033407
682985,2023,414,2.122186201012364,0.00512605362563373,0.4567574856013162,6.379141372699314,3.075632175380238,9.245132424201904,-6.169500248821666,13.469043433090064,300,2.6552279949622273,0.48154729826269327,Riley Greene,26.50056625141563,234.0,0.1087347609219029,0.0143767246369999,4.118003803676989,110.83661039542852,2.8139873261300847
602104,2023,397,1.9184557578823114,0.004832382261668291,0.48495663821006374,-3.1118008127993333,2.8994293570009746,-4.702973520603527,7.602402877604501,14.60356558543725,300,2.5357141358095006,0.5219606480758153,Ramón Urías,28.71287128712871,203.0,0.087611653511799,0.0174921182853646,3.9165020264869472,110.3063543885144,2.777710434159501
650489,2023,408,1.851383382966446,0.004537704370015798,0.44866090658531504,3.4091414420249553,2.722622622009479,5.013443297095523,-2.290820675086044,13.327214828554107,300,2.474956718349376,0.4762638681774079,Willi Castro,35.1010101010101,278.0,0.0956754950062033,0.0125500701952108,-1.6486961526690174,95.66142268956548,-2.979727206507655
553869,2023,525,2.3551280694522148,0.0044859582275280285,0.5172294632132819,-2.012978315775805,2.691574936516817,-2.30054664660092,4.992121583117737,13.544246667635665,300,2.4547528049443983,0.4843279910154326,Elías Díaz,36.40639698965193,387.0,0.1157048754452364,0.0099450613446596,-9.75061719273507,74.34105341566485,-11.126233230066232
573262,2023,378,1.6107777151530553,0.004261316706754115,0.48271737413053867,2.916263056617518,2.556790024052469,4.628988978757965,-2.072198954705496,14.896981582649312,300,2.368406490050604,0.5318779359840895,Mike Yastrzemski,20.20330368487929,159.0,0.1446326601332805,0.0147030931163835,5.100481599540802,113.42202060957862,3.977954768362872
663647,2023,526,1.9085916468185031,0.003628501229692972,0.5217145132512991,1.2194830192105623,2.177100737815783,1.391045269061478,0.7860554687543049,13.648700268301878,300,2.1895507518179604,0.4881662867997908,Ke'Bryan Hayes,30.65989847715736,302.0,0.1077057780210585,0.0153796071336085,-0.7687756494714704,97.9769513113669,-2.0989744746878767
571448,2023,612,2.181587113232084,0.003564684825542621,0.5436690822972963,2.6853518504522516,2.1388108953255727,2.6326978926002464,-0.4938869972746738,13.185912068790431,300,2.1688543804431135,0.47094917955771626,Nolan Arenado,34.27876823338736,423.0,0.1158525120146219,0.0107381085180432,-8.263857422450139,78.2534918567825,-9.470033930608302
673490,2023,627,2.148896863332943,0.0034272677246139443,0.46099417415295074,10.252964155569025,2.0563606347683665,9.811448952697631,-7.755088317929265,11.046200375628818,300,2.1125924550783477,0.38450754669895043,Ha-Seong Kim,20.48665620094192,261.0,0.0544310450458615,0.0178828017370638,20.89336093106941,154.98130236278587,19.505124394669416
592518,2023,603,1.7194414782204361,0.002851478405009015,0.5208904925867679,2.681236885759518,1.710887043005409,2.6678973987656898,-0.9570103557602807,12.727380409961512,300,1.9338099232688464,0.4533557543890851,Manny Machado,29.31483087597572,338.0,0.1047448222099442,0.012493102962174,0.6367705396413049,101.67567456912452,-0.5033600516521949
663624,2023,470,1.2385946700587704,0.0026353078086356818,0.5385140111743365,2.0682352202464243,1.581184685181409,2.640300281165648,-1.0591155959842389,14.903879438074235,300,1.911847353137427,0.5321084532774928,Ryan Mountcastle,38.871139510117146,365.0,0.0990838397841375,0.0122250983657402,-5.508191063597863,85.50508367998752,-6.7648017785085575
643446,2023,647,1.6962290968294174,0.0026216833026729788,0.44918015111243964,4.414017421633973,1.5730099816037872,4.09337009734217,-2.5203601157383826,10.595456357215276,300,1.8028040366458888,0.3649874567570988,Jeff McNeil,30.38210624417521,326.0,0.079319256543133,0.013172478987183,4.845852163327771,112.75195809215587,3.793230841933601
682829,2023,426,0.9672383750292972,0.0022705126174396646,0.5033955406683268,-7.032192682694577,1.3623075704637988,-9.904496736189545,11.266804306653343,14.633756183104706,300,1.8017753742998408,0.522991166286015,Elly De La Cruz,33.26315789473684,316.0,0.1200850205014773,0.0122480944290688,-7.522829935053309,80.20352069503966,-8.960678926413719
660707,2023,306,0.5945244939043992,0.001942890502955553,0.4994432333654278,-1.6558920433240218,1.1657343017733317,-3.246847143772592,4.412581445545923,17.130761576234146,300,1.7882679061766158,0.6003969279931048,Elehuris Montero,43.69230769230769,284.0,0.1163144589366654,0.0132601071510759,-14.101378156081331,62.89193784143336,-15.571710999473606
663728,2023,567,1.1366166260049104,0.002004614860678854,0.5364670410516701,4.34137486668465,1.2027689164073125,4.594047477973175,-3.391278561565862,13.517698830527596,300,1.686037397275201,0.48334801347380046,Cal Raleigh,31.38977635782748,393.0,0.1332993201473281,0.0111582451845574,-8.333733257853247,78.06961218099336,-9.84453806117577
643265,2023,456,0.8337698498999442,0.0018284426532893512,0.5296973663811166,-7.975420369632817,1.0970655919736108,-10.493974170569496,11.591039762543106,14.883211133542321,300,1.6845681196506788,0.5314173855535744,Garrett Cooper,39.54451345755693,382.0,0.0930816541462058,0.012186382597821,-5.286022788114437,86.08972399563959,-6.807937789793808
621035,2023,384,0.5647024017972961,0.0014705791713471254,0.5569099093301736,2.3283498184205924,0.8823475028082752,3.638046591282176,-2.7556990884739005,17.051813881982127,300,1.6720966594029378,0.5981784117246454,Chris Taylor,22.10796915167095,172.0,0.1135011034845702,0.0165894990435104,8.322387946647662,121.9005324028363,7.1681978696950654
624428,2023,456,0.7572688831435529,0.001660677375314809,0.49009046595863287,-3.4253658469891346,0.9964064251888853,-4.507060324985703,5.503466750174589,13.7703533042495,300,1.5905812850427212,0.49260145221248985,Adam Frazier,28.755868544600936,245.0,0.0945126422968461,0.0149810425373046,1.739005328651522,104.576227735716,0.46525839450744
624424,2023,470,0.5541259339085776,0.0011789913487416544,0.5096971235225317,-1.3810729749563198,0.7073948092449927,-1.7630718829229612,2.470466692167954,14.10634509276267,300,1.4619585110256732,0.5046541441329534,Michael Conforto,24.47552447552448,245.0,0.0995084023077537,0.013658282184888,10.211508923986614,126.8717925077867,8.770167228452745
553993,2023,693,1.055510460254894,0.0015231031172509293,0.5049416313023004,-4.195284171628979,0.9138618703505575,-3.632280668077038,4.5461425384275955,11.508687876336024,300,1.4346373274770658,0.4040958195985335,Eugenio Suárez,23.73702422145329,343.0,0.1323237408812927,0.0098212090119513,2.8537232105880044,107.50963041411492,1.5062561802078371
621020,2023,638,0.12159729834207542,0.00019059137671171696,0.5035362592039913,0.9234955034117531,0.11435482602703018,0.8684910690392663,-0.7541362430122361,11.961114842511885,300,0.9972561329574725,0.4227949236130621,Dansby Swanson,23.828125,305.0,0.1199521024771601,0.01259573270609,5.067642080297875,113.3356027497187,3.739078777753285
607208,2023,690,0.17091029745439348,0.00024769608326723696,0.4931100208964137,9.426937285185703,0.14861764996034219,8.197336769726698,-8.048719119766357,11.263426601368463,300,0.9574071576608335,0.39376569446267956,Trea Turner,35.38461538461539,506.0,0.1219813350550143,0.0092669528066598,-10.896104364722513,71.32668072744505,-12.22554016712946
547989,2023,594,-0.3737837981850233,-0.0006292656535101402,0.555299145386543,-11.884146468460505,-0.3775593921060841,-12.004188351980307,11.626628959874223,13.670519949035766,300,0.8840492535362843,0.4889645624790577,José Abreu,36.540016168148746,452.0,0.0933953479384054,0.0111915633577135,-3.2770673111074684,91.37633101301242,-4.489364277971293
665750,2023,554,-0.1917719483296194,-0.00034615875149750794,0.4889933379220556,2.2545088200935157,-0.20769525089850477,2.441706303350378,-2.649401554248883,12.465201702603856,300,0.860213181303265,0.4430604487579294,Leody Taveras,28.13688212927757,296.0,0.1085052445089396,0.0122054551779922,0.2053838313275109,100.54047171098514,-0.908131891846431
680757,2023,716,0.20366953438942376,0.00028445465696846895,0.4303314881326151,-1.091104967716247,0.17067279418108136,-0.9143337718292572,1.0850065660103385,9.649345672394393,300,0.8266165692340709,0.3228178460713219,Steven Kwan,21.300448430493272,285.0,0.1105658298216475,0.0134750364544242,8.961012980231946,123.5810871103237,7.71907740744863
668731,2023,356,-0.6845569834862024,-0.0019229128749612427,0.5052369905887047,-6.435229560090574,-1.1537477249767456,-10.845892517006584,9.692144792029838,16.066504167744608,300,0.756896127565277,0.5692620433733699,Akil Baddoo,25.24682651622003,179.0,0.1384766505864487,0.0133577427736342,-1.213544004334655,96.80653437936591,-2.4829513808333576
621493,2023,410,-0.6904068297782329,-0.0016839190970200802,0.49204227891180563,2.8106716279601116,-1.010351458212048,4.113177992136749,-5.123529450348797,14.580141650523078,300,0.6641110051843373,0.5211595030580197,Taylor Ward,23.24455205811138,192.0,0.1033013938939074,0.0171134057454628,8.320938586490737,121.89671838223504,6.854496968475447
571657,2023,365,-1.0509874749721735,-0.00287941773964979,0.48859140429239867,-1.9220557162896104,-1.7276506437898742,-3.159543643215798,1.431892999425924,15.344425762715298,300,0.42055827732316886,0.5465825787200992,Kyle Farmer,32.537313432835816,218.0,0.1468275416415596,0.0125189222163798,-12.896421218211612,66.06280642278423,-14.005837307439892
679529,2023,685,-1.168791080373131,-0.0017062643509096803,0.5112971885027187,6.758537543918486,-1.023758610545808,5.9198868997826155,-6.943645510328423,11.721396829485851,300,0.3085547680721441,0.4129459041533088,Spencer Torkelson,23.62962962962963,319.0,0.1323153070831307,0.0127555834965686,1.6987502563574428,104.47029569784338,0.487969943298471
666971,2023,591,-1.8283023554854887,-0.0030935742055592024,0.5410615425293297,-3.2829158801078027,-1.8561445233355214,-3.3329095229520838,1.4767649996165624,13.35377874551975,300,0.08092313460752054,0.4772573293602246,Lourdes Gurriel,30.39485766758494,331.0,0.110486668588004,0.0119621750681689,-3.53824582724017,90.6890344591678,-4.757479706882242
668942,2023,352,-1.3500840966169205,-0.003835466183570797,0.45911948324821467,-6.168028993125853,-2.3012797101424782,-10.51368578373725,8.21240607359477,14.682690408200557,300,0.06171257302533517,0.5246565498796958,Josh Rojas,25.80152671755725,169.0,0.1043026111363159,0.016865402409083,5.045086686973294,113.27624777545766,3.9279525012420846
606115,2023,531,-1.6618514841787158,-0.003129663812012647,0.5020171276454589,-1.8360744179420296,-1.8777982872075882,-2.0746603592565305,0.19686207204894224,13.071412628376708,300,0.026140105888792453,0.4666055172716711,Orlando Arcia,26.462128475551296,276.0,0.1303091799825452,0.0124900075904541,-0.746344652447322,98.03597893424444,-2.0832634341754237
660821,2023,399,-2.106962344903096,-0.005280607380709514,0.5580228808849939,1.699344469135707,-3.168364428425708,2.555405216745424,-5.723769645171132,16.76165160248766,300,-2.6062637104029562e-05,0.5899007207075445,Jesús Sánchez,31.435079726651484,276.0,0.1194327450096493,0.0132423117047724,-5.3187304672510365,86.00365307568912,-6.719381898804562
669004,2023,602,-1.3516263742666195,-0.00224522653532661,0.4378779790023994,-0.32574897939568415,-1.3471359211959661,-0.3246667568727749,-1.0224691643231911,10.707944454888258,300,-0.034099046800672106,0.3698966026368824,MJ Melendez,26.93877551020408,330.0,0.1257383942779016,0.011457551754143,0.0934224618512641,100.24584310008647,-1.35687364919388
664913,2023,378,-1.9832868653292282,-0.005246790649019122,0.5187368179570243,-6.923475452831828,-3.148074389411473,-10.989643575923536,7.8415691865120625,16.008565751888938,300,-0.11162045072647997,0.5674894858285248,Seth Brown,31.550802139037437,236.0,0.1406811927527359,0.0129786066990435,-10.151042885077914,73.2873250979871,-11.474600450956352
543257,2023,421,-1.7459622145045834,-0.004147178656780483,0.47841525837887766,2.9970489609090833,-2.4883071940682897,4.271328685381117,-6.759635879449407,13.989919801826074,300,-0.14045691183445275,0.5005104550732727,Robbie Grossman,15.807962529274006,135.0,0.1013641919015571,0.022881751160151,16.371275027151782,143.0813417382574,14.988996837791436
642715,2023,638,-2.190343561698114,-0.0034331403788371694,0.5011212097499695,-2.412071642497775,-2.0598842273023017,-2.2684059333834874,0.2085217060811857,11.90374720842022,300,-0.2677203073261256,0.42045013812161874,Willy Adames,32.0,448.0,0.1286273520259747,0.0093197707033465,-8.724331441021596,77.04174515270695,-10.154677567320608
621550,2023,303,-2.7883120451247434,-0.009202349983910044,0.5724236316449829,2.0919969371581395,-5.521409990346027,4.142568192392355,-9.663978182738383,19.73092704507762,300,-0.3779146606469066,0.6659096020477902,Patrick Wisdom,24.174174174174173,161.0,0.1309803608152588,0.0231473008621958,2.729179601112448,107.18189138387848,1.443105870490045
660162,2023,358,-2.2073033279066885,-0.006165651753929298,0.4978178469867457,-1.700172300131584,-3.6993910523575786,-2.849450782343437,-0.8499402700141414,15.786294455205237,300,-0.3906532166325336,0.5606134194083365,Yoán Moncada,28.449502133712663,200.0,0.102438245846247,0.0188143934495642,2.6702948510121263,107.0269349716237,1.4881384498349624
519203,2023,419,-2.1134116210384297,-0.005043941816320834,0.46970668326983306,-5.1437155071960925,-3.0263650897925007,-7.365702396939512,4.339337307147011,13.768003842658812,300,-0.4510131555218173,0.4925161551409828,Anthony Rizzo,34.53488372093023,297.0,0.1151368773828225,0.0122634139740862,-5.529754480424057,85.44833911196866,-6.720556153900052
681082,2023,636,-2.3042402160457556,-0.0036230192076191123,0.4610013202482777,4.2763460541289815,-2.1738115245714673,4.03428873031036,-6.208100254881828,10.967934841231639,300,-0.5057513105124425,0.38114755402385464,Bryson Stott,29.42583732057416,369.0,0.0862946821746387,0.0145242358876191,7.919783558995522,120.84107080433544,6.544858534267827
672695,2023,493,-2.2065461887917954,-0.004475752918441776,0.4595768695466967,0.9820348929040201,-2.6854517510650657,1.1951743118507343,-3.8806260629158,12.418980733151626,300,-0.5287051365791551,0.44122787475131037,Geraldo Perdomo,16.869918699186993,166.0,0.0816567599818851,0.0194648384841519,19.71774752100507,151.88765186903618,18.415876022249368
665862,2023,383,-2.783319566281787,-0.007267152914573856,0.5129924428233649,2.8613532720621477,-4.360291748744314,4.482537763021641,-8.842829511765956,15.727613598655422,300,-0.6930904390246413,0.5587778996810764,Jazz Chisholm,26.641414141414145,211.0,0.1199749420824115,0.0200566618609096,1.111797685513157,102.92571812237944,-0.4019758466492029
621439,2023,347,-2.775347358219833,-0.00799811918795341,0.5130508591044051,-0.5076953271963935,-4.798871512772045,-0.877859355382813,-3.9210121573892325,16.525207907850493,300,-0.716941832593518,0.583009889319368,Byron Buxton,28.01161103047896,193.0,0.135291521030533,0.0158863992464643,-6.113953391502766,83.91100784793709,-7.381490930353119
643217,2023,619,-2.708010486808182,-0.0043748150029211345,0.410890680747291,-8.066866451245582,-2.6248890017526807,-7.819256657103957,5.194367655351277,9.90905450309865,300,-1.0099126343709919,0.33453725207262897,Andrew Benintendi,26.765475152571927,307.0,0.1054740731022503,0.0135828597479087,3.292143334460878,108.66334184771866,2.181116392842268
606192,2023,679,-3.743448080072632,-0.005513178321167352,0.5089017447027824,1.1708915693969388,-3.307906992700411,1.0346611806158517,-4.342568173316263,11.717913911701665,300,-1.0331578560373202,0.41280182299793466,Teoscar Hernández,35.38461538461539,483.0,0.1157333316632144,0.0100032388981599,-8.734876035286554,77.0139968393797,-10.081532543668148
642350,2023,364,-3.6507147133928406,-0.010029436025804507,0.5459747479013409,-2.5686159391544248,-6.017661615482704,-4.233982317287513,-1.7836792981951914,17.170111483741433,300,-1.0731932844723593,0.6014973650523188,José Siri,37.911301859799714,265.0,0.098650750469319,0.0142742771452878,-6.288912243176005,83.45060008699195,-7.543519891094354
671739,2023,538,-3.2172077149865683,-0.005979939990681354,0.46806398515554803,9.453989657979912,-3.5879639944088124,10.543482889940423,-14.131446884349234,12.107802786305296,300,-1.1052282247557752,0.42875510880840195,Michael Harris,38.2741116751269,377.0,0.0855424203451473,0.0120264792184292,-3.309286673654025,91.29154510805664,-4.546332644928934
683734,2023,615,-3.6685237840317604,-0.005965079323628879,0.49326227791433425,-1.501304013355439,-3.5790475941773274,-1.4646868422979893,-2.114360751879338,11.934152871851635,300,-1.1409603917119382,0.4216938717639037,Andrew Vaughn,31.969949916527547,383.0,0.1228987465852114,0.0110037530193438,-9.26203588339569,75.62676502454477,-10.473518159483614
665161,2023,635,-3.5427963045006043,-0.0055792067787411095,0.46674884906947794,-0.2756747117530425,-3.347524067244666,-0.2604800426013,-3.0870440246433657,11.113417847360218,300,-1.197498435366481,0.38738304090241366,Jeremy Peña,36.11793611793612,441.0,0.100922899212439,0.0090221738070418,-7.014949794090679,81.54001757012098,-8.157102008375562
592663,2023,539,-3.8992276434133877,-0.007234188577761387,0.4986962155471946,5.894917441009851,-4.340513146656832,6.562060231179797,-10.902573377836628,12.888219984469446,300,-1.333380518388736,0.459587134124952,J. T. Realmuto,30.85004775549188,323.0,0.1131491784820972,0.0119252990651735,-3.144876949172833,91.72419262718508,-4.355245279322901
608336,2023,333,-4.05445724975413,-0.012175547296558948,0.5277795519990433,-0.6067460539077122,-7.305328377935369,-1.093236133167049,-6.21209224476832,17.353284773823574,300,-1.5380690337743594,0.6065734262470508,Joey Gallo,26.34338138925295,201.0,0.1424773699797061,0.0126720062478577,-2.999293425369757,92.10729861801464,-4.4931024709345095
664728,2023,314,-3.1101677653063318,-0.009904992883141185,0.44763385807799055,-8.742382565163405,-5.942995729884711,-16.70518961496192,10.76219388507721,15.156864027362625,300,-1.5404627128498287,0.5404798863691156,Kyle Isbel,,,,,,,
663697,2023,530,-4.258659070884185,-0.008035205794121104,0.4892141877717194,2.0996812193747747,-4.821123476472662,2.3769976068393674,-7.19812108331203,12.750063836034906,300,-1.6306759754328692,0.4542384856359972,Jonathan India,19.906103286384976,212.0,0.1444756217744804,0.0132603279429739,7.217084201242392,118.99190321534748,5.837742037066236
656582,2023,472,-3.9750070580829324,-0.00842162512305706,0.47012298027753696,7.010460123217208,-5.052975073834236,8.9116018515473,-13.964576925381536,12.983498488026438,300,-1.6918428906446041,0.46324793335376657,Connor Joe,19.877675840978597,195.0,0.1079133745493049,0.0169631336868122,14.235165659970434,137.46012668413326,13.003762764298752
660688,2023,558,-4.436283573973677,-0.007950328985615908,0.4823285334319534,-5.235208750877165,-4.770197391369544,-5.629256721373296,0.8590593300037517,12.251157000334743,300,-1.7403045935485486,0.43453017897221735,Keibert Ruiz,36.9022869022869,355.0,0.0874957949640148,0.0144680494014157,-2.388578988895355,93.71440602404168,-3.6021268844394925
687263,2023,329,-3.693639688045509,-0.011226868352721912,0.47152459914978456,-3.124360861508476,-6.736121011633147,-5.697922543784455,-1.0381984678486917,15.597595592237967,300,-1.7779821701825025,0.5546807435186012,Zach Neto,25.649350649350648,158.0,0.1251471030961077,0.0171583482134627,0.2272814026790185,100.59809561340371,-0.8835058882384047
642133,2023,352,-4.427395457290111,-0.012577828003665088,0.5248474897102909,-9.445182381853632,-7.546696802199053,-16.09974269634142,8.553045894142366,16.784679117551686,300,-1.7891026652145543,0.5905648040397425,Rowdy Tellez,24.20212765957447,182.0,0.1303402107923749,0.0179574629174571,2.747597141700221,107.23035751487464,1.1544433166857566
677649,2023,440,-4.425194723634179,-0.010057260735532224,0.4996136988070917,4.224173617931486,-6.034356441319335,5.7602367517247535,-11.794593193044088,14.290889126615314,300,-1.8240241786040947,0.511151182888134,Ezequiel Duran,37.88748564867968,330.0,0.0877537469340319,0.0128097432651005,-2.715636928449824,92.85374643346074,-3.8494045260888186
669720,2023,566,-4.6648149761417,-0.008241722572688515,0.47326125811724257,5.521654445483502,-4.945033543613109,5.853343935141522,-10.798377478754631,11.93559266016099,300,-1.930497868917624,0.42175271196292363,Austin Hays,30.9009009009009,343.0,0.0982594001032281,0.012593724790572,0.3352421898228394,100.88219661088624,-0.7464563963236157
642136,2023,307,-3.9323909599134614,-0.012809091074636682,0.4759823508773562,-5.846892244059038,-7.685454644782009,-11.427150965587698,3.741696320805689,16.29944858330948,300,-1.9868996822940685,0.5763067305004497,Matt Thaiss,18.945634266886326,115.0,,,6.843714573420886,118.0093734793198,5.402821400730231
668670,2023,365,-5.377773376885221,-0.014733625690096496,0.5501490046061334,-4.107413089484536,-8.840175414057898,-6.751911927919786,-2.0882634861381115,17.277669000002632,300,-2.1649561673110567,0.6044872193926022,Jake Rogers,22.34042553191489,147.0,0.142164943108026,0.0135814981078329,-1.7585081086822032,95.37245030371864,-3.0880719135395736
678662,2023,614,-5.62808739243641,-0.009166266111459952,0.4986618116975261,-13.499292013888432,-5.499759666875971,-13.191490567317686,7.691730900441715,12.074611753212725,300,-2.2076847334685263,0.4274109763105713,Ezequiel Tovar,42.00988467874794,510.0,0.0965077544366044,0.0084539988035697,-11.362568397413847,70.09917117992038,-12.673603623876536
672275,2023,351,-5.539854366520109,-0.015783060873276664,0.5459104238264261,-15.08872429060391,-9.469836523965999,-25.792691095049417,16.32285457108342,17.483125662055652,300,-2.3481819557270187,0.6101255626144957,Patrick Bailey,26.73559822747415,181.0,0.1288230882126613,0.0164708932038675,-1.4606369262056873,96.1563043520421,-2.8379294243179447
671277,2023,483,-4.869686099132017,-0.01008216583671225,0.4566157020913079,-7.498671995798822,-6.04929950202735,-9.315120491675556,3.2658209896482058,12.466040311211449,300,-2.39293329827806,0.44309364965076037,Luis García,30.952380952380956,286.0,0.0872141142165328,0.0167906321208222,2.3966479562431133,106.30682762692363,1.2244645124552695
595777,2023,522,-5.3310541096447785,-0.01021274733648425,0.47182249949678645,-6.5516917824811625,-6.12764840189055,-7.530680209748462,1.4030318078579125,12.390665870376253,300,-2.461481977684884,0.44010266243718393,Jurickson Profar,25.387596899224807,262.0,0.1207777174860577,0.0118081314752504,3.5848497453008434,109.43360469489832,2.227246858052962
655316,2023,313,-4.469040966093755,-0.01427808615365417,0.4606926795908454,-3.462213685665234,-8.566851692192502,-6.636831346323133,-1.9300203458693694,15.6239339020625,300,-2.5842670610147778,0.5555140943024556,Andruw Monasterio,22.40853658536585,147.0,0.1215135948991067,0.0201030958146956,6.2935998890702685,116.56173554809962,4.8179836110518615
682626,2023,420,-7.260883668492585,-0.017287818258315678,0.5989492892180923,-9.540400090335138,-10.372690954989407,-13.629142986193054,3.256452031203647,17.53543965121225,300,-2.682318794827447,0.6115460480800458,Francisco Álvarez,26.33451957295373,222.0,0.1231857797525109,0.0182850790096947,-0.5918995469592155,98.4424043567176,-1.9952738625307156
672580,2023,513,-5.17726285819437,-0.010092130327864268,0.4302995273533191,-7.4268145609248215,-6.055278196718561,-8.686332819795112,2.631054623076551,11.398912944185321,300,-2.7563480619022225,0.39948862286297876,Maikel García,20.471596998928188,191.0,0.0989408425207225,0.0177600442195721,9.720585785245126,125.57991832741509,8.617377019554269
656305,2023,581,-6.149129842825479,-0.010583700245826987,0.47299027374553626,5.794036580882384,-6.350220147496192,5.983514541358744,-12.333734688854936,11.77376584780588,300,-2.799866287803548,0.41510893295396795,Matt Chapman,19.1722972972973,227.0,0.1245227068236995,0.0162723969624468,11.496142548846892,130.25233190433792,10.047248533830215
605204,2023,548,-6.968366521726053,-0.012715997302419804,0.5343976394838713,-5.919086182593096,-7.629598381451882,-6.480751294809959,-1.148847086641923,13.697001466764188,300,-2.8124900091560363,0.4899317572558731,J. D. Davis,26.70565302144249,274.0,0.1251752552590453,0.0122457809178003,-1.034402446642261,97.27794901589668,-2.3328536574209684
605137,2023,616,-6.527143174143818,-0.010596011646337368,0.4835318280526627,-0.20483045260832652,-6.357606987802421,-0.19951018111200636,-6.1580968066904145,11.689231526460215,300,-2.8341021630721013,0.41161423205171355,Josh Bell,27.824750192159875,362.0,0.1100667230614021,0.0130409605218524,0.4102880030221343,101.07968118793364,-0.8466727897836555
643396,2023,361,-5.484307537943999,-0.015191987639734068,0.48949280105330917,-15.416178094607934,-9.115192583840441,-25.622456666938394,16.50726408309795,15.457667401683446,300,-2.887862836818174,0.5502245509234611,Isiah Kiner-Falefa,26.61764705882353,181.0,0.1018117672347864,0.0161732767418866,4.486241462196608,111.80563525032032,3.106841473700081
592178,2023,333,-4.999510309255784,-0.015013544472239593,0.45344241460160556,-2.532707035388638,-9.008126683343756,-4.563436099799348,-4.444690583544408,14.909094752359982,300,-3.040848910792393,0.5322826623461208,Kris Bryant,25.83941605839416,177.0,0.1357240838091344,0.0156238123715206,-3.842925794659267,89.88726295539587,-5.091458690646168
642708,2023,546,-6.778682606486373,-0.012415169608949402,0.49820299537495616,-9.854786367556866,-7.449101765369641,-10.829435568743808,3.3803338033741666,12.792671956264698,300,-3.0489552984685293,0.45589312445347946,Amed Rosario,39.6370582617001,415.0,0.1108623425629981,0.0100804610175525,-12.8033987648697,66.30759689237854,-14.116357351249302
669222,2023,328,-5.701167502678598,-0.017381608239873773,0.4982795675892917,-3.1315412638615565,-10.428964943924264,-5.728429141210165,-4.700535802714099,16.507731918240037,300,-3.0711347616088736,0.582495333617321,Nick Senzel,,,,,,,
641857,2023,625,-7.300551063001322,-0.011680881700802115,0.5001688842594203,-3.993268004363044,-7.008529020481269,-3.8335372841885222,-3.174991736292747,12.004053222226089,300,-3.0979896181528623,0.4245448671784605,Ryan McMahon,25.306748466257662,330.0,0.1377217351623151,0.0103622350362031,1.1892288396596329,103.12947977243049,-0.5675853042078904
643289,2023,490,-5.9150309605246285,-0.012071491756172711,0.455044271460969,1.323750790198182,-7.242895053703627,1.6209193349365494,-8.863814388640176,12.334082863102438,300,-3.107199798563043,0.4378482353450537,Mauricio Dubón,40.97560975609756,336.0,0.0798434361093206,0.0135213899539345,-2.9549331220971258,92.22403365433476,-3.942550122517715
519317,2023,415,-6.934041109616251,-0.016708532794256027,0.5398678395090781,-8.183084040012245,-10.025119676553617,-11.830964877126137,1.80584520057252,15.900641973024038,300,-3.126654776095001,0.5641658965745078,Giancarlo Stanton,27.25298588490771,251.0,0.1613305970282639,0.0109902635553843,-12.631191621729958,66.76076347659802,-14.015921771889612
663837,2023,529,-6.2949304926179455,-0.011899679570166249,0.4576370761945154,-0.07059857090369426,-7.13980774209975,-0.08007399346354736,-7.059733748636202,11.938358509422141,300,-3.1985642270499146,0.42186573095454527,Matt Vierling,28.739002932551323,294.0,0.1116727976087185,0.0126424938215749,1.4993326726761156,103.94552428835055,0.2106813660694482
670764,2023,348,-5.959645083619521,-0.017125416906952646,0.4908530008601785,-7.768605249438703,-10.275250144171588,-13.394146981790866,3.1188968376192783,15.787489649548327,300,-3.279532066314898,0.56065071677559,Taylor Walls,17.991004497751124,120.0,0.1211780529626309,0.0219510547358365,10.372503435361802,127.29545282447155,9.05904621882942
519058,2023,385,-6.244305326971738,-0.016218974875251268,0.49369945537947635,-4.65115037903324,-9.731384925150762,-7.2485460452466075,-2.482838879904154,15.096752450906127,300,-3.3048677210167705,0.5385053601570378,Mike Moustakas,33.098591549295776,235.0,0.1057077162863611,0.0130009705498425,-3.540539347460437,90.68299901426634,-4.808233611674599
691023,2023,465,-7.244850772017538,-0.015580324240897931,0.49365537479347565,5.9884936846623775,-9.348194544538758,7.72708862537081,-17.075283169909568,13.735631903567905,300,-3.6728312876860167,0.49133945610693747,Jordan Walker,33.48519362186788,294.0,0.1091111342151443,0.0127041866317598,-5.38916232019176,85.81831022849086,-6.670712329468565
663757,2023,554,-7.714209635968163,-0.01392456612990643,0.4814513048750617,-7.98446526949597,-8.354739677943858,-8.647435309923432,0.2926956319795746,12.272943534879149,300,-3.7580348899747156,0.4354035225694916,Trent Grisham,21.688888888888886,244.0,0.1291931136578499,0.0137608359103473,6.837635115628271,117.99337526303472,5.540915391794732
650559,2023,625,-8.807313475309618,-0.01409170156049539,0.5140251525493509,-6.86707912192103,-8.455020936297235,-6.5923959570441895,-1.8626249792530452,12.336603661184421,300,-3.7875263279487816,0.43794883697696124,Bryan De La Cruz,34.55098934550989,454.0,0.0993503652015901,0.0114902268848297,-2.0395302751205477,94.6329347822778,-3.3872666897853376
521692,2023,582,-8.118797663654767,-0.01394982416435527,0.49016830673888806,-6.99123723361161,-8.369894498613162,-7.20746106557898,-1.162433433034182,12.1908780059282,300,-3.801434851579544,0.43210783971646416,Salvador Pérez,47.573656845753895,549.0,0.090008266316828,0.0109290016692261,-11.949342705940351,68.55506270535534,-13.210327259605068
677950,2023,401,-6.669232610433937,-0.01663150276916194,0.4679440037696981,-10.043167581667236,-9.978901661497163,-15.02718341396594,5.048281752468776,14.020805046865467,300,-3.868498996065294,0.5016130722291343,Alek Thomas,33.84615384615385,242.0,0.1061371200677233,0.0157049918781991,-2.728470393088748,92.81997491139674,-3.977725349468465
678246,2023,303,-6.393697649968227,-0.021101312376132764,0.48760790093663164,-2.202909618696967,-12.660787425679658,-4.362197264746469,-8.298590160933188,16.80740519453437,300,-3.873268109605018,0.5912189785596449,Miguel Vargas,20.96505823627288,126.0,0.1122584530292576,0.0186969575295893,8.047198246030582,121.17636513330656,6.883346763772348
669127,2023,489,-9.06374086640516,-0.018535257395511574,0.5384215837904747,-13.186536433800473,-11.121154437306945,-16.179799305276653,5.058644867969708,14.6089593963433,300,-4.164221336943326,0.5221449292469285,Shea Langeliers,31.23711340206185,303.0,0.1224667250329367,0.0097546427068385,-6.34117341103523,83.31307376552648,-7.703677739064898
605119,2023,360,-7.435092073507057,-0.020653033537519603,0.4988607128785581,-8.553069719663753,-12.391820122511762,-14.25511619943959,1.8632960769278277,15.775360878715365,300,-4.214971815862789,0.5602720621275621,Brian Anderson,28.328611898017,200.0,0.1461568395514142,0.0109158468733745,-7.802691914263805,79.46705822978168,-9.196691753563908
542932,2023,425,-6.9354205159156175,-0.016318636508036746,0.4464192375721807,1.0746136163163782,-9.791181904822047,1.5171015759760633,-11.30828348079811,12.992708257537448,300,-4.230855601063889,0.4636005824850241,Jon Berti,21.448467966573816,154.0,0.1199260246133224,0.0144725314495924,4.24813161234555,111.17904435891658,3.207337380918882
622534,2023,335,-6.846055433512463,-0.02043598636869392,0.4685315959566271,-5.081587563344552,-12.261591821216351,-9.101350859721586,-3.1602409614947646,15.359169394857833,300,-4.348829474212207,0.5470585604446222,Manuel Margot,31.281198003327788,188.0,0.0988046314333441,0.0162390359077998,-1.969645925060736,94.81683686455848,-3.105378362318022
408234,2023,367,-7.026676914702138,-0.01914625862316659,0.46255785548167117,-5.89735129699877,-11.487755173899954,-9.64144626212333,-1.8463089117766245,14.487194108405852,300,-4.396604334463124,0.5179667353573786,Miguel Cabrera,28.46715328467153,195.0,0.1002376216379641,0.0177778755800279,1.016463249024517,102.67484362231885,-0.1853099669694935
671221,2023,335,-7.129417017398098,-0.021281841842979397,0.4772985626794993,-8.13302720388511,-12.769105105787638,-14.566615887555422,1.7975107817677838,15.64656373098739,300,-4.44141003854115,0.5562287379443533,Drew Waters,32.011747430249635,218.0,0.1386610273218501,0.0113264705932747,-10.318736311110497,72.84603645173401,-11.651315807176813
664034,2023,664,-9.908247656843505,-0.014922059724161905,0.48881716908938355,-10.08206221785675,-8.953235834497143,-9.110297184810316,0.1570613503131728,11.381871082890193,300,-4.504610406970523,0.39877098860383464,Ty France,34.38538205980066,414.0,0.1036113239559376,0.0097965818630364,-4.207642723895686,88.92750297090457,-5.25359353234803
686823,2023,454,-8.065706099269446,-0.017765872465351204,0.4582404168683952,-7.561622530714677,-10.659523479210723,-9.993333741032615,-0.6661897381781081,12.903773026295049,300,-4.7405488248404035,0.4601862711376962,Will Brennan,38.73517786561265,294.0,0.1095065913133315,0.0128027845254627,-10.62569716907522,72.03826273830518,-11.468958000443518
545341,2023,469,-8.502394218846145,-0.018128772321633572,0.47155289592747496,4.353315234234744,-10.877263392980144,5.569273220769395,-16.446536613749537,13.064573765298949,300,-4.777532081263399,0.4663450289939282,Randal Grichuk,35.15016685205784,316.0,0.0886031780041989,0.0159595834168433,2.007241497133071,105.28209664462804,0.7182180996928114
657757,2023,341,-8.454802289391937,-0.02479414161112005,0.5164329163905153,-14.495768645741377,-14.87648496667203,-25.505751282829404,10.629266316157375,16.779846221003627,300,-4.792554549651603,0.5904255325058905,Gavin Sheets,30.104712041884817,230.0,0.1125388538926216,0.0145936711838143,-1.1350371571380646,97.0131267374602,-2.5861598166860755
665923,2023,492,-8.204106326503855,-0.016675012858747673,0.44521058932925284,-8.925956103594196,-10.005007715248604,-10.885312321456338,0.8803046062077335,12.042986082917388,300,-4.803004904523767,0.4261277941904368,Esteury Ruiz,34.42240373395566,295.0,0.1025729642319422,0.0123810291372482,-5.174559714429753,86.38304133107268,-6.174781294788328
664056,2023,344,-8.634762184836896,-0.025101052862897953,0.5205663103539373,-15.141058546738218,-15.060631717738772,-26.408823046636428,11.348191328897656,16.84023266452406,300,-4.838002856028243,0.5921617945240831,Harrison Bader,35.87786259541985,235.0,0.1181909026246632,0.0133466918846967,-11.001826083104056,71.0484718847497,-12.135285870716585
642731,2023,527,-8.817102691833588,-0.016730745145794285,0.45629528501788885,-0.6825509673541245,-10.038447087476571,-0.7770978755454928,-9.261349211931078,11.925920883982347,300,-4.880589968655705,0.4213573593934109,Thairo Estrada,38.2851445663011,384.0,0.1178469296378314,0.0103546542921754,-12.739268517420628,66.4763569371234,-13.830073022557723
668472,2023,345,-7.340635001694321,-0.0212772029034618,0.45626981571295905,-7.835816574091449,-12.76632174207708,-13.627507085376433,0.8611853432993524,14.738844674116294,300,-4.884281698152261,0.5265601543013215,Nick Pratto,28.09457579972184,202.0,0.1383777356903878,0.0124116669068092,-6.497856716940293,82.90075847333446,-7.898071855595274
572191,2023,384,-8.414780045712703,-0.02191348970237683,0.49020506658620006,-7.647969016771396,-13.148093821426098,-11.949951588705305,-1.1981422327207927,15.009403530790523,300,-4.925953808618539,0.5356199379103641,Michael Taylor,30.80808080808081,244.0,0.1359125884361721,0.0145732583337835,-7.393499737128707,80.54385572970406,-8.686837358697757
462101,2023,403,-8.396407875925922,-0.020834758997334793,0.480433958599454,-13.142214384071666,-12.500855398400876,-19.566572283977663,7.065716885576787,14.35927207448793,300,-4.95009133520827,0.5135365540844289,Elvis Andrus,28.09278350515464,218.0,0.1299602812552406,0.0146897051656919,-2.650493391143611,93.02517297098292,-3.887429448658516
630105,2023,523,-9.148675098102679,-0.01749268661205101,0.4685631306720841,-7.372552792409228,-10.495611967230607,-8.457995555345194,-2.0376164118854128,12.293301093073941,300,-4.9564145084685585,0.4362185452774237,Jake Cronenworth,26.61207778915046,260.0,0.1285578473630328,0.0116707073492888,-1.8869263456641487,95.03451511274127,-2.960750759481131
682928,2023,615,-10.576205995937851,-0.01719708292022415,0.4900255487916721,-3.6709377988611234,-10.31824975213449,-3.581402730596218,-6.736847021538272,11.855842362647579,300,-5.078444959458591,0.4184862103709563,CJ Abrams,35.20220588235294,383.0,0.0813006528575404,0.0117642205746285,0.8121146613166421,102.13709617588157,-0.3431295161332151
593160,2023,590,-10.562884081520362,-0.01790319335850909,0.4986371420556553,-8.077356068486134,-10.741916015105453,-8.214260408629967,-2.527655606475486,12.317139759705897,300,-5.082938572027934,0.43717165829261356,Whit Merrifield,32.5432999088423,357.0,0.0959801574052547,0.0119294159978609,0.1689057442204313,100.44447888611282,-1.0423656677291582
657077,2023,599,-9.765997710313751,-0.016303835910373543,0.44912066777351406,-0.32304109291840866,-9.782301546224126,-0.32358039357436597,-9.45872115264976,11.010343802558902,300,-5.192444817551336,0.3829697755078151,Alex Verdugo,22.181818181818183,244.0,0.1215358080724576,0.0146786936117941,4.173910816382069,110.98373083143107,3.1019249971963
672386,2023,423,-9.63775801407021,-0.022784297905603334,0.5118959620787098,-11.630475313560488,-13.670578743362,-16.49712810434112,2.8265493609791186,14.933540031283512,300,-5.208611805830172,0.53309830022539,Alejandro Kirk,26.89265536723164,238.0,0.1038146966351835,0.0175114694416873,6.497277619142761,117.09771761908507,5.113785409933914
444482,2023,422,-9.249199410252011,-0.021917534147516612,0.4905442133113528,-9.072203749535227,-13.150520488509967,-12.898867890334445,-0.25165259817552155,14.32759120892864,300,-5.2830737246592205,0.5124329304781418,David Peralta,34.21400264200793,259.0,0.1065407467375243,0.01291159254666,-5.872828667076648,84.54553244283372,-7.011495698372734
595281,2023,408,-8.998145557112675,-0.022054278326256557,0.47512769731868726,-0.6935242816469316,-13.232566995753935,-1.0198886494807817,-12.212678346273153,14.113395663007896,300,-5.439287746960615,0.5049039666307524,Kevin Kiermaier,27.284946236559136,203.0,0.1514815739833496,0.0124321720086853,-8.501659998531908,77.6277095625247,-9.668739180804268
657656,2023,405,-9.364381482682171,-0.02312192958686956,0.4897558400247852,-7.252651602212118,-13.873157752121736,-10.744669040314248,-3.1284887118074884,14.601698008972427,300,-5.4832685484772,0.521896824504536,Ramón Laureano,27.3972602739726,220.0,0.147132389186037,0.0121930325844798,-5.477095117914892,85.58691329071854,-6.752291935355623
665926,2023,610,-10.689564383769396,-0.017523876038966223,0.46451452437852797,-3.4695519059396513,-10.514325623379735,-3.4126740058422804,-7.101651617537454,11.28458600598147,300,-5.495435277478582,0.39466210382898254,Andrés Giménez,40.49382716049383,492.0,0.0985952420068487,0.0094360617532662,-8.82644786930987,76.77302370389609,-9.95223046901086
543807,2023,682,-11.956145028037527,-0.017531004439937724,0.48788431151627576,-2.0178739721128878,-10.518602663962636,-1.775255693940957,-8.743346970021678,11.209233502230667,300,-5.538690068922216,0.3914654152928253,George Springer,23.134328358208958,279.0,0.1186587109885463,0.012490325437634,5.769345910281608,115.18215058722288,4.654801184687131
676694,2023,340,-8.82949622486873,-0.025969106543731562,0.48320067478550716,-5.836933885872249,-15.581463926238937,-10.300471563303969,-5.280992362934969,15.723141539925548,300,-5.646613492253458,0.5586376675928578,Jake Meyers,26.666666666666668,172.0,0.105398186684952,0.0203796265460244,3.886428032089509,110.22721406328488,2.7260479246802936
680911,2023,313,-8.311827972928333,-0.026555360935873268,0.4690400216711215,-8.052385615349342,-15.933216561523961,-15.435882968720783,-0.49733359280317835,15.907025704250387,300,-5.698025193159186,0.5643632789682296,Owen Miller,,,,,,,
686681,2023,459,-11.262740169319768,-0.024537560281742414,0.4884085301994147,-9.655091139297587,-14.722536169045448,-12.621034169016454,-2.1015020000289937,13.678174754152666,300,-6.44200719107263,0.48924432611297236,Michael Massey,32.32432432432432,299.0,0.1337508485373671,0.0129766688495769,-10.003883627900471,73.67457766309855,-11.32566488285468
592669,2023,546,-12.97316454083276,-0.02376037461690982,0.5135523452033932,-6.448495285526909,-14.256224770145892,-7.086258555524076,-7.169966214621816,13.186806875002711,300,-6.504396137025584,0.47098299438893576,Hunter Renfroe,33.48457350272233,369.0,0.1150287031604598,0.0114767792037615,-7.096602438318023,81.32514698344056,-8.385517736969268
678225,2023,370,-9.220369282725201,-0.02491991698033838,0.4341545666421208,-14.79824847394306,-14.951950188203028,-23.997159687475232,9.045209499272204,13.542372699712995,300,-6.644704895841372,0.4842588750178302,Jihwan Bae,27.947019867549667,211.0,0.1249046134107819,0.0147774336772722,-2.032031510560028,94.65266793306236,-3.311163680872749
543063,2023,318,-9.594939312969261,-0.03017276513512346,0.47260485800692603,-16.553289731300232,-18.103659081074078,-31.23262213452874,13.128963053454662,15.901418655534519,300,-6.6470699973631255,0.5641899166060467,Brandon Crawford,31.55339805825243,195.0,0.1198945276311161,0.0129532459432538,-4.177883732675277,89.00581435889518,-5.4836629218217725
683011,2023,599,-13.472133123230186,-0.022491040272504485,0.48952111228475076,-14.337818111976583,-13.49462416350269,-14.361754369258682,0.8671302057559913,12.000774249792826,300,-6.832541626816965,0.4244113871415903,Anthony Volpe,28.559102674719583,331.0,0.1195093554502815,0.0121569416763695,-0.7348581185902221,98.06620598068189,-2.088676230732365
571771,2023,508,-13.259297363806926,-0.026100979062612058,0.49368049029968913,-19.64615320380991,-15.660587437567235,-23.2041179572558,7.543530519688565,13.142117899175034,300,-7.277539516268558,0.4692917151116811,Enrique Hernández,27.979797979797983,277.0,0.1042088504475788,0.0146457232877718,2.87002334726819,107.55252455385263,1.5868459267867134
593428,2023,665,-14.883267129801943,-0.02238085282676984,0.47592236615547606,5.287896461609906,-13.428511696061904,4.771034401452547,-18.19954609751445,11.073286659406868,300,-7.400099636276959,0.38566741068581867,Xander Bogaerts,25.429017160686428,326.0,0.1137139036503702,0.0129980833331982,2.367375130773237,106.22979559395,1.0366187339392974
676475,2023,347,-10.82550002178518,-0.031197406402839134,0.4678805572807042,-9.491590525982037,-18.71844384170348,-16.411972091035224,-2.306471750668255,15.070286596150451,300,-7.470595089541229,0.5376331356682459,Alec Burleson,33.95638629283489,218.0,0.073664868477144,0.0196352812888057,4.3711601316209885,111.50279639861212,3.1321015383321864
518934,2023,564,-13.244122041743964,-0.023482485889616957,0.4412717288744804,-5.440051535517762,-14.089491533770174,-5.787288867572087,-8.302202666198086,11.148535025519633,300,-7.753796350828329,0.38888153003165976,DJ LeMahieu,23.1897341888176,253.0,0.1333538982025563,0.0146899086483793,1.966401794535322,105.17462614027303,0.601185633345241
667452,2023,325,-11.860201694751055,-0.03649292829154171,0.49833817468241604,-9.87321068085215,-21.895756974925025,-18.22746587234243,-3.668291102582593,16.58569699697152,300,-7.803389108902282,0.5847853164628987,Corey Julks,30.4093567251462,208.0,0.1119184927268735,0.0160231799837559,-0.097043765065266,99.74462736717756,-1.5320043303234565
663886,2023,517,-14.691273401191923,-0.028416389557431185,0.4951831528844359,-8.312608561738184,-17.049833734458712,-9.647127924647796,-7.402705809810916,13.066878097654618,300,-8.069864874705997,0.46643281284565713,Tyler Stephenson,24.277456647398843,252.0,0.1528325802152541,0.012678188166702,-4.022490088729521,89.41473587952673,-5.385011923469041
669743,2023,436,-12.683677705744284,-0.02909100391225753,0.45833582021344377,-10.83815061926544,-17.45460234735452,-14.914886173301065,-2.5397161740534546,13.170182881764969,300,-8.208747877010813,0.4703544406247279,Alex Call,19.65065502183406,180.0,0.1232394843233996,0.0151568126906815,12.83597292651536,133.7781226735909,11.294812670288971
668709,2023,301,-10.775870376160018,-0.035800233807840594,0.45298746430317127,-5.182715145404464,-21.480140284704355,-10.330993645324513,-11.149146639379842,15.665858025869229,300,-8.292710678638274,0.5568370472966353,JJ Bleday,20.097244732576986,124.0,0.143180802684382,0.0167577608068694,5.666852477628352,114.91243704379156,4.425973614515709
686894,2023,409,-14.327538307324637,-0.0350306560081287,0.49650725243339816,-10.19216077794852,-21.018393604877218,-14.951825102124968,-6.066568502752251,14.730422141824317,300,-8.797759531971582,0.5262751448281008,Joey Wiemer,29.24411400247832,236.0,0.1145359599307573,0.0131147664012695,-3.173054748017515,91.650042178949,-4.32495110851311
686668,2023,430,-14.889730576736689,-0.03462728041101556,0.5034390652354975,-22.328079293329047,-20.776368246609334,-31.155459479063786,10.379091232454453,14.566792536600033,300,-8.811164079580832,0.5207023118937223,Brenton Doyle,31.925465838509314,257.0,0.1327053795130869,0.011379692988186,-10.881873302364973,71.36413005620575,-12.123639114648716
669242,2023,525,-16.123520168462978,-0.03071146698754853,0.4867316285277475,-6.15827555728699,-18.42688019252912,-7.038029208327988,-11.388850984201131,12.745625890614459,300,-9.059735074360939,0.4540658827047946,Tommy Edman,28.767123287671232,252.0,0.1066043741332531,0.0128616303277124,-0.8152737116581847,97.8545907191766,-1.824078570482528
542194,2023,331,-13.51687316795059,-0.04083647482764529,0.4806030433094186,-13.468664491451648,-24.501884896587175,-24.414497567586068,-0.0873873290011069,15.849799400770012,300,-9.478198090659614,0.5625903066439895,Christian Bethancourt,45.27439024390244,297.0,0.1061434641332328,0.011662890581098,-13.64525973429283,64.09222270437746,-15.056163384948752
662139,2023,581,-18.49859014639135,-0.031839225725286316,0.48779869282302263,-9.599098317929887,-19.10353543517179,-9.913010311115201,-9.190525124056588,12.142379894377807,300,-9.938644561990975,0.43015257369361914,Daulton Varsho,27.91327913279133,309.0,0.1456009982785349,0.0092571736735208,-7.329809622030679,80.71145755725485,-8.590134857385532
683146,2023,388,-14.619839323138251,-0.03767999825551096,0.45655737024006715,-16.955343515491123,-22.607998953306577,-26.219603374470807,3.6116044211642304,13.906913251102264,300,-10.263855837520694,0.497534983504413,Brett Baty,27.57697456492637,206.0,0.1269499852167318,0.0170136056257937,-3.846556388209967,89.87770897495079,-5.034531569906803
657136,2023,403,-15.618206084136514,-0.038754853806790356,0.4731502819320684,-9.219145292852556,-23.252912284074213,-13.725774629557154,-9.527137654517059,14.14157660750953,300,-10.374935092969665,0.5059012301933957,Connor Wong,34.87450462351387,264.0,0.1189879986291984,0.0116239627074328,-7.878548625665964,79.26743975769341,-8.93113297027902
622761,2023,351,-14.68232847782823,-0.04182999566332829,0.4642650057294571,-15.068318567334437,-25.097997397996973,-25.757809516811005,0.6598121188140311,14.868379648753235,300,-10.603539734677993,0.530920812144165,Jorge Mateo,33.821376281112734,231.0,0.1186728642607717,0.0124792685803328,-9.314496672505491,75.48871339571625,-10.489190161788368
518735,2023,402,-15.361539437995287,-0.038212784671630064,0.4549673990429858,-10.85767642054568,-22.92767080297804,-16.2054871948443,-6.72218360813374,13.615026845099557,300,-10.690936835276338,0.48693195290921926,Yasmani Grandal,27.58620689655172,224.0,0.1313023617296915,0.0145512216353523,-3.077478306549084,91.90155352001432,-4.313005757764309
500871,2023,309,-14.717447291314484,-0.047629279259917424,0.4671126835390111,-13.337547749480471,-28.577567555950456,-25.898150969864993,-2.6794165860854626,15.943867279698495,300,-11.171366147936109,0.5655004607907581,Eduardo Escobar,35.80060422960725,237.0,0.096625656919623,0.0182877063112259,-0.4919144781884901,98.70551708979984,-1.8608503369453036
595879,2023,546,-19.48213239829612,-0.03568156116904051,0.4667365209203944,-20.689235529121703,-21.408936701424306,-22.735423658375495,1.3264869569511895,11.98468748195532,300,-11.403400717310472,0.4237561603177373,Javier Báez,44.42379182156134,478.0,0.1152265851731703,0.0097706603236184,-20.66531524300193,45.61880448309372,-21.756502615057347
607054,2023,429,-16.44953352839167,-0.03834390099858198,0.43926500390089857,-15.277108756367491,-23.00634059914919,-21.366585673241246,-1.639754925907944,12.724748541416648,300,-11.580304321447331,0.453253251619518,Jace Peterson,22.40762812872467,188.0,0.1082449235865415,0.0189127130626055,10.386610852315378,127.332576777848,9.107286933730942
664983,2023,310,-12.741941530616506,-0.041103037195537116,0.38037973775040346,-5.7252572267869715,-24.66182231732227,-11.081143019587687,-13.580679297734582,12.962470413788196,300,-12.238584389920343,0.46244195237995706,Jake McCarthy,,,,,,,
516782,2023,340,-16.52315327143126,-0.04859750962185664,0.4635191375090933,-13.423185291261822,-29.158505773113983,-23.687974043403216,-5.470531729710768,15.082712806133438,300,-12.284883723804992,0.5380428808696339,Starling Marte,37.712519319938174,244.0,0.0977323743689951,0.0135036606439511,-6.765219203313125,82.19718867658284,-7.881309410124604
621043,2023,577,-23.124267313637255,-0.04007671978100044,0.5016131276739737,-17.14185044833661,-24.046031868600267,-17.82514777989942,-6.220884088700846,12.529456643909091,300,-12.349657229549022,0.4455993268451246,Carlos Correa,26.97872340425532,317.0,0.1310150126102799,0.0121221930247275,-2.437186077666992,93.58649548568717,-3.672829643118277
500743,2023,424,-17.199447629282588,-0.040564734974723085,0.4250790608849189,-13.49075590811876,-24.33884098483385,-19.09069232280957,-5.248148662024281,12.386198466648734,300,-12.662596905565907,0.4399249521887744,Miguel Rojas,33.11081441922563,248.0,0.0973244414574179,0.0148532200113426,-2.1485553467023197,94.34603309874598,-3.1414498656078327
643393,2023,418,-18.138296045594753,-0.04339305274065731,0.43889829540874714,-16.078180317639063,-26.035831644394385,-23.07872772866851,-2.957103915725874,12.880330404594257,300,-13.066398643684229,0.4592829784749556,Tony Kemp,23.34293948126801,162.0,0.0798782490007116,0.0184011645216567,8.943672654063933,123.5354556908858,7.850263931761216
493329,2023,326,-16.677354390636573,-0.05115752880563366,0.44981937154474,-11.322646931489764,-30.694517283380193,-20.839227481269504,-9.85528980211069,14.947914490858913,300,-13.14136285485598,0.5335772111870422,Yuli Gurriel,,,,,,,
543877,2023,351,-17.8602024784798,-0.05088376774495669,0.463034645880045,-21.23574634871814,-30.530260646974014,-36.3004211089199,5.770160461945885,14.828976598512781,300,-13.194972921552285,0.5295988516680186,Christian Vázquez,33.18452380952381,223.0,0.1079633841307186,0.0168585610716627,-4.241384468423125,88.83871088693917,-5.61432312420963
668930,2023,447,-21.222607900126064,-0.047477870022653385,0.47754604718915256,-21.756460951314914,-28.48672201359203,-29.20330329035559,0.7165812767635593,13.552291780314476,300,-13.613919171942975,0.4846246103670122,Brice Turang,26.81498829039813,229.0,0.1006874945005505,0.0125343244739009,4.9738050196575285,113.08866862452346,3.710143095977327
642086,2023,583,-23.310052112016173,-0.03998293672730047,0.44264759209146737,-6.898526309477312,-23.98976203638028,-7.099684023475793,-16.89007801290449,10.999554075038644,300,-13.971011195960083,0.3825065167661253,Dominic Smith,30.67978533094812,343.0,0.1080348098952668,0.0110945780972989,-0.2945758515982549,99.22481768161032,-1.571894459544605
656716,2023,519,-20.739413323293196,-0.039960333956248935,0.4122121544762969,-8.73171888295456,-23.97620037374936,-10.094472697057293,-13.881727676692067,10.856463202640278,300,-14.12406134172146,0.3763402923861136,Zach McKinstry,27.21280602636535,289.0,0.1260757144607226,0.0115410837671897,-2.1936146008075323,94.22745875915678,-3.609199824777227
672356,2023,342,-21.064246450607374,-0.06159136389066484,0.4497802761459328,-13.99613488691259,-36.9548183343989,-24.554622608618576,-12.400195725780325,14.592799118596007,300,-16.530596923388565,0.5215925870447383,Gabriel Arias,32.97709923664122,216.0,0.1259339284554757,0.012170438355209,-7.101970422570548,81.31102102418296,-8.437035988335925
665828,2023,331,-19.753492581059522,-0.05967822532042152,0.42671602901228606,-17.442934555888556,-35.80693519225291,-31.618612488015508,-4.1883227042374,14.072660494127472,300,-16.670696359354547,0.5034588435610894,Oswaldo Cabrera,,,,,,,
664702,2023,517,-24.470459612656278,-0.04733164335136611,0.4115998125300252,-22.521287792023323,-28.398986010819666,-26.13689105457252,-2.2620949562471466,10.861283434257926,300,-16.875997292557145,0.37654868830079863,Myles Straw,23.825887743413517,208.0,0.0954074358993832,0.0171986890810246,7.801316285480712,120.5293217752203,6.877135838944567
657557,2023,401,-25.556095450082655,-0.06373091134683954,0.4864057398299358,-21.96939370871407,-38.23854680810373,-32.871910786105836,-5.366636021997891,14.573966108962702,300,-17.17080777672703,0.5209480545688754,Paul DeJong,36.137931034482754,262.0,0.1225043912329483,0.0104590414870647,-12.625269635161263,66.7763473041687,-13.977842172328966
621563,2023,316,-20.090110032258735,-0.06357629757043903,0.4295444141165554,-19.71641114846243,-38.14577854226342,-37.43622369961221,-0.7095548426512082,14.498256696986822,300,-17.231279309776053,0.5183478920915058,Joey Wendle,,,,,,,
516416,2023,324,-23.926869116271703,-0.0738483614699744,0.43935033889897607,-23.921834566667986,-44.30901688198464,-44.29969364197775,-0.009323240006892775,14.645011296632536,300,-19.966008642899034,0.5233747520126756,Jean Segura,36.83385579937304,235.0,0.1124083843341985,0.0122106813152195,-7.901601584314426,79.2067754302073,-9.362426718566946
669397,2023,329,-21.57659424174055,-0.06558235331836033,0.3890868847598829,-20.86902206552575,-39.3494119910162,-38.05900680642994,-1.2904051845862554,12.87063260256445,300,-20.280821898246764,0.4589088993071162,Nick Allen,,,,,,,
649557,2023,344,-25.553630023565866,-0.07428380820804031,0.4436143000733645,-17.74216498740096,-44.570284924824186,-30.94563660593191,-13.624648318892277,14.350848062883955,300,-20.564410607851453,0.5132433484073977,Aledmys Díaz,,,,,,,
663743,2023,320,-26.19490603722767,-0.08185908136633648,0.4360823708176463,-21.176803660991865,-49.115448819801884,-39.706506864359746,-9.408941955442138,14.626647374062914,300,-22.289001956247024,0.5227487247755922,Nick Fortes,,,,,,,
455117,2023,407,-31.97477690738394,-0.07856210542354776,0.47198321998013315,-23.538486933512768,-47.137263254128655,-34.700472137856664,-12.43679111627199,14.037203776953172,300,-22.358904005434404,0.5021975218267785,Martín Maldonado,32.6797385620915,250.0,0.1443934441460846,0.0095423466932718,-14.469047026610951,61.92440976365472,-15.675125167861582
641313,2023,522,-32.788574151127904,-0.06281336044277376,0.3764197817389587,-30.50082166550255,-37.68801626566426,-35.0584157074742,-2.629600558190063,9.885267759595598,300,-24.385770446786104,0.33346800843178204,Tim Anderson,35.70680628272251,341.0,0.1022389016456599,0.0124164702965988,-4.867647824767478,87.19068618342203,-6.024192952101083
592450,2024,702,97.19543992499958,0.13845504262820452,0.6051887829460184,89.9378195870819,83.0730255769227,76.86993127101017,6.203094305912529,13.704827205033906,300,43.58737345181869,0.4895541620588714,Aaron Judge,18.87550200803213,282.0,0.104062306270485,0.0162014726170954,12.83402644288223,135.5104888830266,12.834026442882228
665742,2024,712,72.23915313560786,0.10145948474102229,0.5349385662595472,66.7969549574445,60.87569084461337,56.28956878436334,4.586122060250034,12.028602212326287,300,36.036753864562144,0.42489488777693085,Juan Soto,18.036966220522626,283.0,0.0927070243557721,0.0159777672779916,17.51462298006558,148.4612391436171,17.51462298006558
660271,2024,725,73.44158128639448,0.10129873280881997,0.5503913822221227,73.96547574483617,60.779239685291984,61.21280751296787,-0.433567827675887,12.26461366217665,300,35.425508752686866,0.4344176967897765,Shohei Ohtani,26.71232876712329,390.0,0.0980148231971562,0.0124882821665096,3.4956167926408,109.67202785554768,3.495616792640796
677951,2024,709,66.44506408035075,0.0937165924969686,0.520444973721146,63.26280936532713,56.22995549818116,53.53693317235018,2.693022325830981,11.727432755868174,300,34.0291613619329,0.4125523277453287,Bobby Witt,31.93215339233038,433.0,0.0564020813726624,0.0132845700204459,8.18104653387207,122.63615111637132,8.18104653387207
592626,2024,448,40.76093183695382,0.09098422285034335,0.5316014614122696,30.485842958843943,54.59053371020601,40.829253962737425,13.761279747468585,15.069484966021763,300,26.57593521363653,0.5369470302766762,Joc Pederson,30.2713987473904,290.0,0.0904946566115214,0.0150035019631014,2.7064304617517214,107.48842689801532,2.706430461751724
670541,2024,634,46.96452757683594,0.07407654191929959,0.5301707016499565,47.60969715511249,44.44592515157976,45.05649573039037,-0.6105705788106093,12.633461042702447,300,25.5735013198777,0.4490307050506888,Yordan Álvarez,30.88356729975227,374.0,0.080085446175565,0.0138696909030946,3.7233807118517097,110.30222821839476,3.723380711851712
665489,2024,696,48.626205432133304,0.0698652376898467,0.5270831664864487,48.686551934582475,41.91914261390802,41.97116546084696,-0.05202284693893944,11.987421519502504,300,25.20091902619203,0.423219727636409,Vladimir Guerrero,27.67441860465116,357.0,0.0878365757578305,0.0140452625100995,5.317599342951262,114.71327437204916,5.317599342951261
606466,2024,581,43.66569150755888,0.0751560955379671,0.5287843220695041,38.482193095066606,45.09365732278026,39.74064691401026,5.353010408769997,13.162602145570792,300,25.060797392738223,0.46940666458061003,Ketel Marte,26.21895124195032,285.0,0.0988204836484709,0.015617341198679,4.068418775929573,111.25691460564724,4.068418775929571
667670,2024,613,46.36961174564865,0.07564373857365195,0.5605395699335185,43.09248582470617,45.38624314419117,42.17861581537309,3.207627328818077,13.583987995542872,300,24.540466328733586,0.48512884145932345,Brent Rooker,31.137254901960787,397.0,0.1218694453832081,0.0110790934612576,-5.423734128868944,84.99306111415186,-5.423734128868947
621043,2024,366,31.803754271201875,0.08689550347322916,0.5254368727958814,26.315657380547353,52.1373020839375,43.14042193532353,8.996880148613968,16.47901518902689,300,23.249496495710854,0.5810024385870484,Carlos Correa,25.662482566248254,184.0,0.077358880917514,0.0199292100468937,8.2812462389346,122.91339384518608,8.281246238934598
608070,2024,679,45.24200559564162,0.06663034697443537,0.5632351241045673,33.579097379027644,39.97820818466123,29.672250997668023,10.305957186993204,12.96898814948755,300,22.6235665656463,0.4620323012431625,José Ramírez,31.652661064425768,452.0,0.0803314914513177,0.0133196661062764,5.340585538134995,114.77687491332652,5.340585538134999
608369,2024,529,36.19280047035504,0.06841739219348779,0.524872068144935,26.479130745639566,41.050435316092674,30.033040543258487,11.017394772834187,13.69231482117222,300,22.154753304612036,0.4890976662171077,Corey Seager,27.836134453781515,265.0,0.1175904462428465,0.0109137403624571,-2.521002554312946,93.02463388419612,-2.5210025543129437
656941,2024,689,40.80388395147817,0.05922189252754451,0.5215367301811332,34.871265095720666,35.533135516526706,30.366849139959943,5.166286376566763,11.921380211421356,300,21.606837534894787,0.42052495228198006,Kyle Schwarber,21.066846725185687,312.0,0.1421140837442684,0.012333254515397,3.813530149190528,110.5516628449072,3.81353014919053
605141,2024,515,34.89161698936385,0.0677507126007065,0.5291079449271907,24.19287361593847,40.6504275604239,28.185872173908898,12.464555386515002,13.989169059941526,300,21.54042276147306,0.4998202769916524,Mookie Betts,21.217887725975263,223.0,0.0821456225666696,0.0178127705785817,12.447654346962192,134.44143529505544,12.447654346962196
663656,2024,341,27.55460747991631,0.08080530052761381,0.5263059914991185,31.322366182342922,48.48318031656829,55.11266776951834,-6.629487452950052,17.10064041671192,300,20.893261019047788,0.5989149622574191,Kyle Tucker,17.41007194244604,121.0,0.1256196149899125,0.0203928216663284,11.325068830933455,131.33535158355636,11.32506883093346
595777,2024,667,37.50860532711497,0.05623479059537477,0.511533737303615,25.19885514705479,33.74087435722486,22.66763581444209,11.073238542782772,11.883999245071736,300,20.616187716859923,0.41899511899824005,Jurickson Profar,22.12121212121212,292.0,0.0767022559618012,0.0161110756604709,13.150388366595552,136.38583121031826,13.150388366595552
592885,2024,314,22.699149076713653,0.07229028368380144,0.4766767059689622,22.433481147065656,43.374170210280866,42.866524484838834,0.5076457254420319,16.140253662679573,300,19.993312020290052,0.5708566421272928,Christian Yelich,25.073746312684364,170.0,0.0968079210694216,0.0181841847046413,6.096370346555155,116.86805714337784,6.096370346555155
683002,2024,717,35.04611317747856,0.04887881893651124,0.4854367309244163,47.62139822273928,29.327291361906745,39.85054244580693,-10.523251083900185,10.877380154610224,300,19.192185182046686,0.3766211089600474,Gunnar Henderson,23.31081081081081,345.0,0.1032034266878239,0.0145244262629919,7.807879152743649,121.60363367548524,7.80787915274365
542303,2024,689,36.667587534479686,0.05321855955657429,0.5467596147130961,38.83928874519806,31.931135733944576,33.82231240510716,-1.8911766711625866,12.497929434387636,300,18.83557420869443,0.4436998405612987,Marcell Ozuna,26.529338327091136,425.0,0.1076127892868221,0.0124328691648388,4.354619218678983,112.04880308162952,4.35461921867898
547180,2024,625,32.38871255945072,0.051821940095121144,0.5389109815146939,28.419284598441106,31.093164057072688,27.282513214503464,3.810650842569224,12.933863556352652,300,17.882353249976696,0.46068438773411824,Bryce Harper,33.261339092872575,462.0,0.096993489838728,0.0109193789412974,0.8187579445829593,102.26542270412163,0.8187579445829646
673548,2024,582,28.186714404921556,0.04843078076447003,0.5146582973406373,29.6217148645893,29.058468458682018,30.537850375865258,-1.4793819171832396,12.79996366831741,300,16.92266096415306,0.45551766287486156,Seiya Suzuki,20.846394984326015,266.0,0.1266650564081317,0.0142067725118471,6.18970682800494,117.1263100074852,6.1897068280049385
607043,2024,663,29.97278841228437,0.0452078256595541,0.5212528345264973,7.202335869435851,27.12469539573246,6.517951013064119,20.60674438266834,12.14626957987177,300,16.50866560422201,0.4296592611726879,Brandon Nimmo,24.35614422369389,331.0,0.102856025321556,0.0120418623021951,7.16702292839577,119.83044753381692,7.1670229283957685
661388,2024,677,30.330130283594695,0.04480078328448256,0.5262781590268908,24.567242186835347,26.880469970689536,21.773035911523205,5.10743405916633,12.135907647046535,300,16.37960548934284,0.4292410270234347,William Contreras,25.771715721464467,359.0,0.1287986675215149,0.0103370957870881,0.559911179356901,101.54921916348884,0.5599111793569013
668804,2024,690,27.806682687305322,0.040299540126529455,0.4897269720506841,24.89405362030773,24.179724075917672,21.64700314809368,2.5327209278239913,11.186152320279122,300,15.695345914161884,0.389852457218608,Bryan Reynolds,30.3314121037464,421.0,0.1156170244378612,0.0105701757830088,-2.775138972280023,92.321463411145,-2.775138972280028
682985,2024,586,24.475796440706585,0.041767570717929324,0.49724724219886285,25.240766253755837,25.060542430757593,25.843787973128844,-0.783245542371251,12.324656545607775,300,15.169269910755267,0.4368190436971244,Riley Greene,23.164763458401303,284.0,0.1241949237009592,0.0144498054667983,4.124675411260862,111.41257118251492,4.124675411260858
807799,2024,421,19.373346376235496,0.0460174498247874,0.48619832012307423,11.349778654937364,27.61046989487244,16.175456515350163,11.435013379522278,14.217513733472252,300,14.814158443679068,0.5079152029600441,Masataka Yoshida,25.718015665796344,197.0,0.0968140212549801,0.0169935060584544,2.374522535030968,106.57007030942168,2.374522535030969
596019,2024,688,26.60593684695683,0.03867141983569307,0.5177084009013828,30.383920237464817,23.20285190141584,26.4976048582542,-3.2947529568383587,11.842468647995972,300,14.528954005868176,0.4172916421109541,Francisco Lindor,26.59984579799537,345.0,0.0874346232434339,0.0134215514829433,6.46320598691341,117.88305528030816,6.463205986913415
663993,2024,564,21.934432940712284,0.03889083854736221,0.48649952679386754,13.074757263789001,23.334503128417325,13.909316238073405,9.42518689034392,12.29119533262224,300,14.225168120658994,0.43548187453069526,Nathaniel Lowe,23.53923205342237,282.0,0.1062808306296811,0.0139429098199501,8.356695244627284,123.12215382318747,8.356695244627282
646240,2024,598,24.106558386874493,0.04031197054661286,0.5261021105793762,22.643371592034008,24.18718232796772,22.719101931806698,1.468080396161021,12.908349108594107,300,14.17920763656362,0.4597033287818849,Rafael Devers,30.466237942122188,379.0,0.0767981812747844,0.0156107309674544,6.857898172193995,118.97512973722164,6.857898172193995
694192,2024,571,23.805342204507603,0.041690616820503686,0.5392698272564196,13.25791465841966,25.01437009230221,13.931258835467244,11.083111256834968,13.5406439333502,300,14.087651185080789,0.483532451382483,Jackson Chourio,32.095238095238095,337.0,0.1191043970993057,0.011511351459958,-6.5380579764013245,81.90983662680979,-6.538057976401323
686469,2024,556,22.83088032881266,0.041062734404339316,0.5313983954597506,5.107820172670537,24.63764064260359,5.512036157558134,19.125604485045457,13.521787088359796,300,13.908548495116145,0.4828364489829145,Vinnie Pasquantino,30.92224231464738,342.0,0.0986528312276446,0.0118638786976579,-1.197943593568642,96.68540789975503,-1.1979435935686438
642715,2024,689,27.176805964489237,0.03944384029679134,0.584913481214001,16.109633709377494,23.666304178074807,14.02870860032873,9.637595577746076,13.370057364735187,300,13.525912321507283,0.47720323813609894,Willy Adames,28.11361981063365,386.0,0.126653154915081,0.0103428700409096,-2.155839665944129,94.03500368089438,-2.155839665944129
672515,2024,348,16.51820342076525,0.04746610178380819,0.5156421454133175,2.7598193100263533,28.479661070284912,4.758309155217851,23.72135191506706,16.58479222764812,300,13.255895707572442,0.58411439568946,Gabriel Moreno,21.823204419889503,158.0,0.1068435578513107,0.0176387662745477,8.908239515374376,124.6482225734762,8.908239515374378
680757,2024,543,18.589860051207584,0.03423546970756461,0.44992946029975,17.182874619763055,20.541281824538764,18.986601789793433,1.5546800347453313,11.584992747448096,300,13.171054912178938,0.4066420298461086,Steven Kwan,19.23444976076555,201.0,0.0941693315634374,0.0171825164481666,12.494809858435762,134.5719099573454,12.494809858435758
664983,2024,492,17.844532050484375,0.03626937408635036,0.4790224409513058,7.950139330480158,21.761624451810214,9.695291866439216,12.066332585370997,12.957599679901968,300,12.832080802859526,0.46159560497760366,Jake McCarthy,31.13983548766158,265.0,0.0952285655212388,0.01268467128693,0.5400105317828863,101.49415602897004,0.5400105317828865
606192,2024,649,23.704301048571747,0.036524346762052,0.5566938532435342,28.789313234614763,21.9146080572312,26.615697905653093,-4.701089848421894,13.111287121940865,300,12.80007758797495,0.4674613682884974,Teoscar Hernández,29.034690799396685,385.0,0.1095098346132733,0.0105150003031308,-1.3052025061230483,96.3886330381152,-1.3052025061230486
621439,2024,387,17.6161114768442,0.045519667898822225,0.5441416038735727,16.290229249397992,27.311800739293336,25.256169378911615,2.055631360381721,16.596163329842067,300,12.761910264477663,0.5844473582008503,Byron Buxton,33.33333333333333,244.0,0.0902984695329986,0.0147045758251726,-0.2642803858100472,99.2687621656324,-0.264280385810047
668715,2024,660,22.712928781234467,0.03441352845641586,0.5400532154865196,7.455798760017387,20.648117073849516,6.77799887274308,13.870118201106436,12.61292574141873,300,12.47631261565384,0.448225895774676,Spencer Steer,24.88653555219365,329.0,0.1239516492394349,0.0127932755716284,1.6487879225493762,104.56203401595997,1.648787922549377
680776,2024,737,21.296206990105752,0.028895803243020015,0.4574692311004017,33.99059561744818,17.33748194581201,27.672126689917107,-10.334644744105098,10.110657425494319,300,12.220156194789292,0.342965750245333,Jarren Duran,28.25464949928469,395.0,0.1365687169337333,0.0090050011193617,-7.986166849278663,77.90306180360204,-7.986166849278667
671218,2024,513,18.071585733930775,0.03522726263924127,0.5074805920714438,11.988081590718664,21.136357583544765,14.021148059320076,7.115209524224689,13.443489295623069,300,12.152092640691306,0.4799368204635809,Heliot Ramos,29.980657640232103,310.0,0.1312917136683229,0.0108458333877649,-5.922904502392608,83.61190578627118,-5.922904502392605
664774,2024,401,13.403891368029816,0.033426163012543184,0.4275259875046202,11.991173311622019,20.05569780752591,17.941905204421975,2.113792603103935,12.809777398538987,300,12.01410507439008,0.4558978588239345,LaMonte Wade,20.09512485136742,169.0,0.1540519434988918,0.0154002735535377,2.7169937801569755,107.5176545610926,2.716993780156974
608385,2024,507,17.51682280487593,0.03454994636070203,0.5016608749685958,7.26074929723781,20.72996781642122,8.592602718624628,12.137365097796591,13.367724978693323,300,11.992399348651357,0.4771161883206931,Jesse Winker,19.31106471816284,185.0,0.0975007054143381,0.0166653903573381,13.364336433472666,136.97780446860915,13.364336433472667
680977,2024,652,19.091933863865854,0.02928210715316849,0.4845521279666657,18.061265553329175,17.569264291901096,16.620796521468566,0.9484677704325293,11.385915533813785,300,11.53390793395798,0.39830528226387524,Brendan Donovan,23.61344537815126,281.0,0.1011254365504481,0.0117900452441672,6.0622782387162175,116.7737276341002,6.062278238716222
669364,2024,303,11.16986393751396,0.03686423741753782,0.439880418361833,14.99924699627768,22.11854245052269,29.701479200549862,-7.582936750027173,15.162281854635971,300,11.479566085294891,0.5399983726351316,Xavier Edwards,,,,,,,
664023,2024,659,19.99409612586609,0.030340054819220166,0.52480882236772,17.034622654760476,18.204032891532098,15.50951986776371,2.694513023768387,12.266189513392021,300,11.344728490857623,0.4344808323549133,Ian Happ,23.34834834834835,311.0,0.1184606661458601,0.0126832600165171,4.77856599006203,113.2218221009679,4.778565990062026
681807,2024,393,15.890475108443471,0.04043377890189179,0.5705157025086559,11.22480813792691,24.260267341135073,17.137111660957114,7.123155680177959,17.267226163080526,300,11.076275041200038,0.6035633740772369,David Fry,28.439153439153444,215.0,0.1181616924298454,0.0121183274245089,-2.6309078183321404,92.7205368283338,-2.630907818332145
664761,2024,603,19.19841060944503,0.03183816021466838,0.5608705247215189,9.044971977497553,19.102896128801028,8.99997211691299,10.102924011888039,13.704248072211463,300,10.93443953538207,0.48953304206355136,Alec Bohm,27.431906614785994,282.0,0.0804621800619473,0.0157012497444898,4.489253003230027,112.42132152164186,4.489253003230025
670623,2024,642,18.054337932455127,0.0281220217016435,0.49759375760547453,8.032026655058823,16.8732130209861,7.506566967344695,9.366646053641404,11.783075482128343,300,10.875939340128978,0.41484853905011204,Isaac Paredes,26.779661016949152,395.0,0.1004121359040256,0.0118602565535946,8.015107912681682,122.17701527234988,8.015107912681684
671732,2024,449,14.298696831823122,0.031845649959516976,0.4961149116718147,11.322422720961434,19.107389975710184,15.130186264091003,3.9772037116191807,14.047866152976928,300,10.730089354278913,0.5019138263302326,Lawrence Butler,27.184466019417474,252.0,0.1084439885081286,0.0158195461590148,1.8033109515613872,104.98958403919882,1.8033109515613872
518692,2024,639,17.958980871072253,0.02810482139447927,0.5094057537388321,27.4893055246178,16.862892836687564,25.811554483209203,-8.94866164652164,12.091068102313217,300,10.68817138333995,0.42742823899850113,Freddie Freeman,26.78983833718245,348.0,0.1015660061124339,0.0120582819993366,5.459101316246185,115.10479641479846,5.459101316246185
682829,2024,696,18.669666514921484,0.02682423349845041,0.5217678395094651,19.45165135985046,16.094540099070244,16.768664965388325,-0.6741248663180812,11.866535350035504,300,10.3733724719431,0.41827928426940897,Elly De La Cruz,27.01388888888889,389.0,0.125806444182513,0.010297853531151,-3.650389035373804,89.89973257135877,-3.650389035373804
687263,2024,604,17.65858874081581,0.02923607407419836,0.5447686550352806,3.805212975525407,17.541644444519015,3.7800128895947753,13.76163155492424,13.299793325039953,300,10.363715430232634,0.47457477762432393,Zach Neto,31.538461538461537,369.0,0.1066891243726562,0.01343234588659,-2.944699172406088,91.8523070144072,-2.944699172406088
695578,2024,338,12.255281677841655,0.03625822981609957,0.5247737657392175,9.163259020489512,21.754937889659743,16.266140273058305,5.488797616601438,17.126357923523145,300,10.15900532733611,0.5996367214555648,James Wood,21.060171919770774,147.0,0.1295998052945936,0.0172736061877313,4.1463733856497065,111.47260734355513,4.146373385649709
671277,2024,528,15.797173247037728,0.029918888725450243,0.5514808620359081,5.425827624531661,17.951333235270145,6.1657132096950695,11.785620025575074,14.400074365145771,300,9.96199252192444,0.514291372778834,Luis García,35.77235772357724,352.0,0.0867625701309637,0.0117364272484355,-2.4704403147164413,93.16453462813516,-2.4704403147164458
656811,2024,493,13.6438041931711,0.0276750592153572,0.4934008067171114,13.929677038304165,16.60503552921432,16.952953799153143,-0.34791826993882324,13.332992842710222,300,9.85395428350446,0.475818275707098,Ryan O'Hearn,26.370217166494317,255.0,0.117466728872259,0.0139176802927141,1.1548310530802004,103.19530394102638,1.1548310530802013
621566,2024,684,16.953284613109254,0.024785503820335168,0.5359975058827545,14.600651021544632,14.8713022922011,12.80758861539003,2.063713676811071,12.296626116488287,300,9.44483260847631,0.4356990822067295,Matt Olson,28.909329829172144,440.0,0.1009985564554198,0.0118165574208187,4.667742505154818,112.9151844182196,4.667742505154816
641355,2024,568,14.889545650757462,0.026213988821756094,0.5272172457482867,6.638097569371759,15.728393293053657,7.012074897223688,8.716318395829969,13.272926532134598,300,9.424410380326636,0.4735664299961265,Cody Bellinger,32.4298160696999,335.0,0.0788747078725651,0.0141000323971813,3.198648360565615,108.85034541218133,3.198648360565615
608701,2024,307,10.070731347620647,0.03280368517140276,0.5043522308155348,8.863825918025455,19.682211102841656,17.323438276271247,2.3587728265704087,17.270941325665707,300,9.259588428978343,0.6036663215800906,Rob Refsnyder,,,,,,,
663886,2024,516,13.314558305137579,0.025803407568096084,0.5123287305717501,10.02164434210792,15.48204454085765,11.65307481640456,3.8289697244530903,13.532408855056612,300,9.168484206780299,0.4832286075559843,Tyler Stephenson,23.97959183673469,235.0,0.1328345846730277,0.0135306132887527,1.3940381501635943,103.85716645155844,1.3940381501635908
650489,2024,636,14.80071172290502,0.02327155931274374,0.5043011622441432,10.33251200963255,13.962935587646244,9.74765283927599,4.215282748370255,11.998105091916624,300,9.071308005237777,0.4236547011979915,Willi Castro,32.02819107282694,409.0,0.115672062120872,0.0089439317220548,-5.676383515321008,84.29400511104652,-5.676383515321008
668901,2024,452,11.965565276259806,0.026472489549247358,0.5082845197661022,16.151250419898112,15.883493729548414,21.439712946767408,-5.5562192172189935,14.34461564460922,300,8.98358885277327,0.5123633882270618,Mark Vientos,32.39595050618673,288.0,0.0877279901452529,0.0146004338580763,0.5200865288134202,101.43902827236916,0.5200865288134184
647304,2024,633,15.524707373098355,0.02452560406492631,0.5541877037640601,6.80253473405322,14.715362438955786,6.447900221851393,8.267462217104393,13.216190221955381,300,8.917379458534679,0.4714310373073451,Josh Naylor,32.47172859450727,402.0,0.1052857745324371,0.0122701224936664,-3.8092166518669783,89.46027217793512,-3.809216651866981
575929,2024,357,9.455671460316891,0.0264864746787588,0.4751835679370711,14.534184714255526,15.891884807255279,24.427201200429455,-8.535316393174176,15.089628802003618,300,8.647460602612064,0.5376112360557253,Willson Contreras,30.354609929078013,214.0,0.1143574886341398,0.0101593849601421,-2.8857047621610423,92.01553874518872,-2.88570476216104
650490,2024,620,12.898336967808474,0.020803769302916893,0.46333527471622604,12.80885814797759,12.482261581750135,12.395669175462185,0.0865924062879504,11.16479545243266,300,8.567315210743331,0.38894368810772534,Yandy Díaz,22.807017543859647,273.0,0.064810210790303,0.0171330334858321,13.23427771471357,136.61794478566478,13.23427771471357
602104,2024,301,8.770422757592044,0.02913761713485729,0.49254983247776,9.599997275078897,17.482570280914373,19.1362071928483,-1.6536369119339263,17.034060220920423,300,8.487638026259216,0.597039344986512,Ramón Urías,,,,,,,
663697,2024,636,12.885116299870337,0.0202596168236955,0.4579968737553791,7.400921511094641,12.1557700942173,6.9820014255609815,5.173768668656318,10.896454409569682,300,8.47980570704728,0.37744414124327785,Jonathan India,18.53582554517134,238.0,0.1265935436645143,0.0145149435383782,10.224687791739871,128.2907054755496,10.224687791739871
656305,2024,646,14.17998316642047,0.021950438338112183,0.5246067170456359,15.406178952400328,13.17026300286731,14.309144537833122,-1.1388815349658117,12.384225130464097,300,8.447364590033,0.4391927985582832,Matt Chapman,24.418604651162788,315.0,0.0985328649930487,0.0137684227201408,8.339816080003425,123.07545083481529,8.339816080003427
701538,2024,591,13.075138002569355,0.02212375296543038,0.5109119775299216,20.172505577362433,13.274251779258229,20.479701093768966,-7.205449314510737,12.60966631351496,300,8.408992703570341,0.4480980582705009,Jackson Merrill,34.55357142857143,387.0,0.0874314098883515,0.0129846282449288,0.5983683806070582,101.65562645690868,0.5983683806070599
592518,2024,643,14.41549391551803,0.02241911961977921,0.5726071252490368,6.3690229939077225,13.451471771867524,5.943100771920114,7.50837099994741,13.548852404959069,300,8.11244930750506,0.4838351417875709,Manny Machado,29.80189491817399,346.0,0.1102900658747861,0.0107578828156267,-2.257080500514624,93.75488024913084,-2.2570805005146197
521692,2024,651,13.759441253372568,0.021135854459865697,0.5527230077276484,12.409306010707633,12.681512675919418,11.43714839696556,1.2443642789538583,12.997753579849382,300,7.927518599765813,0.4631338772958239,Salvador Pérez,43.40062111801242,559.0,0.0859498755781754,0.0098335699850293,-7.477551253476593,79.31035113254684,-7.477551253476593
607208,2024,536,11.457296862343497,0.021375553847655777,0.5129910150200009,15.021745137322148,12.825332308593467,16.815386347748674,-3.9900540391552077,13.29470221448136,300,7.887633465002711,0.47438384160620983,Trea Turner,34.4390243902439,353.0,0.1061811481362121,0.0111568416993269,-5.18496515803726,85.65371137243713,-5.184965158037261
514888,2024,682,12.567594167190192,0.018427557429897642,0.46902210297761054,19.13187463524899,11.056534457938586,16.831561262682396,-5.77502680474381,10.7758707256729,300,7.840529412721336,0.3722288606737764,José Altuve,37.16216216216216,495.0,0.0721997850543456,0.0113108640346333,1.7881531262435684,104.94764382738497,1.7881531262435684
665487,2024,435,9.311383803929953,0.021405480009034375,0.4810864067496223,14.424076662217669,12.843288005420625,19.895278154782993,-7.051990149362368,13.839796612794856,300,7.687818588611701,0.49445293600133544,Fernando Tatís,28.47854356306892,219.0,0.104022387566625,0.016759193446256,1.3010270193363125,103.59981380062388,1.301027019336309
670770,2024,341,8.404942920827112,0.024647926454038453,0.5154509400373144,2.7085977101241485,14.788755872423073,4.765861073532227,10.022894798890846,16.74794002045674,300,7.503301823764384,0.5888624653639886,TJ Friedl,24.227642276422763,149.0,0.1161972305080762,0.0170294472556308,0.5463312836573333,101.51164492773216,0.546331283657336
676059,2024,443,9.751978428740205,0.02201349532446999,0.5207042749469153,7.60122045862798,13.208097194681994,10.295106715974692,2.912990478707302,14.843644017658663,300,7.494790190527525,0.5294304028784276,Jordan Westburg,30.434782608695656,245.0,0.110039537982083,0.013753931178468,-2.8189931909139663,92.20012310144524,-2.818993190913964
663586,2024,469,9.813140665808119,0.020923540865262512,0.5129476408107931,12.070270668677011,12.554124519157508,15.441710876772296,-2.887586357614788,14.211432797858082,300,7.407327651216394,0.5077013556897046,Austin Riley,28.28729281767956,256.0,0.1186161265088263,0.0099851637878812,-1.854134597125088,94.86979193226136,-1.8541345971250929
677594,2024,611,11.262651895991816,0.01843314549262163,0.4979757728848957,7.51441426818397,11.059887295572977,7.3791302142559445,3.680757081317033,12.087566032797348,300,7.366759752562519,0.42728645479177035,Julio Rodríguez,37.46105919003115,481.0,0.1070770069518251,0.0092013974659974,-7.698369753197526,78.69936806231516,-7.698369753197526
687462,2024,381,7.804378982866052,0.02048393433823111,0.4660833226813335,10.0874614395965,12.290360602938666,15.885766046608662,-3.5954054436699963,14.32690317758334,300,7.237541732150437,0.5117459751224985,Spencer Horwitz,26.04712041884817,199.0,0.068412181333232,0.01996838226969,10.935848410036126,130.25841696051862,10.935848410036126
682998,2024,680,11.741406791946137,0.017266774694038436,0.493894217703319,13.014607433187388,10.360064816423062,11.483477146930047,-1.1234123305069854,11.363987195178202,300,7.203507608461713,0.3973816315092853,Corbin Carroll,25.0,346.0,0.1032711014347791,0.0133400691924656,3.361104836125425,109.29984650172769,3.361104836125425
669701,2024,588,9.98691079321276,0.016984542165327823,0.44972925385053314,7.618366709753189,10.190725299196693,7.773843581380804,2.4168817178158886,11.127913104559495,300,7.179275800836207,0.38737201066865273,Josh Smith,26.162260711030083,287.0,0.107283515841655,0.0121226705155288,3.3339997478493992,109.22484938837567,3.3339997478493983
670042,2024,452,9.302849355438102,0.020581525122650667,0.5206440339626495,12.181997995095228,12.348915073590401,16.170793798798975,-3.821878725208574,14.693421232442482,300,7.140853503077331,0.5243592108095189,Luke Raley,28.449328449328448,233.0,0.1486630326111246,0.0118464762407529,-9.427737434330854,73.91437777973637,-9.42773743433085
668939,2024,637,11.160611330943318,0.01752058293711667,0.5000609378700105,1.921575881490967,10.512349762270002,1.809961583821947,8.702388178448055,11.887881444045725,300,7.11901407312072,0.4191541515233364,Adley Rutschman,29.121725731895225,378.0,0.0929235423290744,0.0123119756368188,4.264976902789583,111.80077161028991,4.264976902789588
669016,2024,478,9.15636059688505,0.019155566102269976,0.5043816066596323,9.064064308634526,11.493339661361986,11.377486579875974,0.11585308148601214,13.84192662669564,300,7.004657833202043,0.49452987324055575,Brandon Marsh,23.66197183098592,252.0,0.1463263179907329,0.0121107627063982,-1.4741570672547926,95.92115238490732,-1.4741570672547917
624424,2024,483,9.507807622438905,0.019684901909811398,0.5445132508489181,2.249087967702071,11.810941145886838,2.793898096524312,9.017043049362526,14.865726482866432,300,6.830373239246809,0.5301710453266589,Michael Conforto,24.63917525773196,239.0,0.114424290557268,0.0146205455164148,2.3660849747088304,106.54672440988249,2.3660849747088286
663728,2024,622,10.746590571485477,0.017277476803031315,0.5433256300963805,5.673209078975033,10.366486081818788,5.472548950779775,4.893937131039014,13.071223795166318,300,6.662367006366787,0.46593799950911796,Cal Raleigh,33.10291858678956,431.0,0.1072500770573271,0.0115623082463245,-1.4327029025242406,96.03585198151256,-1.4327029025242446
624413,2024,694,11.103666022655633,0.015999518764633475,0.5228749840138223,12.92028971238885,9.599711258780085,11.170279290249727,-1.5705680314696426,11.908837781273917,300,6.582749749309476,0.42001201130166727,Pete Alonso,26.12359550561798,372.0,0.1285717434874347,0.0132200856818956,-1.352871507258973,96.2567376004335,-1.3528715072589763
623993,2024,662,11.017363889431147,0.01664254363962409,0.5492166701498248,19.14340356886796,9.985526183774454,17.350516829789694,-7.36499064601524,12.807547239030947,300,6.535556914600399,0.4558114807610801,Anthony Santander,34.11764705882353,493.0,0.0863012269791467,0.0128087709235741,2.840237546639335,107.8586579413686,2.840237546639334
673237,2024,621,10.287125021347775,0.016565418713925563,0.5330833545516185,5.84805474605924,9.939251228355337,5.650294440636946,4.288956787718391,12.835138880704033,300,6.502341992741428,0.45687928281980345,Yainer Diaz,42.79475982532751,490.0,0.0937113332405735,0.0095992121974634,-10.265295336953743,71.59693744077897,-10.265295336953749
676475,2024,594,9.531830062435354,0.016046851956961875,0.5069565250665281,7.157616374178218,9.628111174177125,7.229915529472947,2.3981956447041775,12.480406906428083,300,6.43339204538887,0.44300733561048133,Alec Burleson,34.67666354264292,370.0,0.0981333606699155,0.0104821748625615,-4.422246355427534,87.76407928242139,-4.422246355427532
453568,2024,498,8.229157959833884,0.01652441357396362,0.4944250684890945,8.576940756875343,9.914648144378173,10.333663562500414,-0.41901541812224075,13.293430255738272,300,6.358088591159302,0.4743361280652535,Charlie Blackmon,29.41798941798941,278.0,0.0914323777731679,0.0151269928565252,4.680232470607531,112.9497429241828,4.680232470607534
687401,2024,513,8.294347756048504,0.016168319212570184,0.49031494082029337,3.637165787610779,9.70099152754211,4.253995073228981,5.446996454313129,12.988760085378214,300,6.3298849129860635,0.46278969321550584,Joey Ortiz,24.759152215799617,257.0,0.1160777322735125,0.0159254893704685,2.530461965429508,107.00153937598762,2.5304619654295126
666149,2024,339,6.128967943880388,0.0180795514568743,0.4823856816077165,14.722097688770418,10.847730874124581,26.05681006862021,-15.209079194495628,15.719756325212037,300,6.144237646284442,0.5578771264069228,Tyler Fitzgerald,26.86335403726708,173.0,0.1175601713588321,0.0172931510375154,-0.338457314076836,99.0635219007539,-0.3384573140768315
645277,2024,433,6.866370113262958,0.015857667698066878,0.5047377872512228,0.13804119702579754,9.514600618840127,0.1912811044237379,9.32331951441639,14.553690055045246,300,5.826583527425212,0.5195908333706948,Ozzie Albies,33.71824480369515,292.0,0.0919548410977908,0.012857395355667,0.5134833533428905,101.4207579352943,0.5134833533428913
572138,2024,404,6.183489154345485,0.015305666223627437,0.46626684389184,3.751174683150384,9.183399734176461,5.571051509629283,3.612348224547178,13.918585507026483,300,5.818367577449019,0.4972911246088375,Jon Singleton,22.73809523809524,191.0,0.0793600130986851,0.0187492906635853,11.446987266473542,131.6726879034673,11.446987266473542
624585,2024,573,8.12969683595161,0.014187952593283785,0.49829162653102466,14.294057940285816,8.512771555970271,14.967599937472059,-6.4548283815017875,12.489858799019109,300,5.809878313956773,0.4433809756544247,Jorge Soler,26.938449240607515,337.0,0.1222635021880586,0.0102502330253299,-1.6658749246183198,95.39068792989906,-1.6658749246183242
553993,2024,639,9.080445892272948,0.014210400457391154,0.5499815875120523,13.352575102845162,8.526240274434693,12.537629204549448,-4.011388930114755,13.054161208072825,300,5.683532956096532,0.4652879848463776,Eugenio Suárez,27.455716586151368,341.0,0.1231654695622711,0.0128746999966425,-0.6985988321817949,98.06704574170132,-0.6985988321817942
663457,2024,405,6.172176699782203,0.015239942468598033,0.49871610945191164,5.6656964558769625,9.14396548115882,8.393624379076982,0.7503411020818369,14.868841629449332,300,5.576648640058776,0.5302754276914176,Lars Nootbaar,17.037037037037038,138.0,0.0880670015520699,0.0205371839349166,14.127779086508005,139.09017520152713,14.127779086508005
630105,2024,656,8.469088540015784,0.012910195945146013,0.5014740531855157,0.5448714445335278,7.746117567087608,0.4983580285367632,7.247759538550845,11.747563406326336,300,5.543011907928843,0.41338388176778995,Jake Cronenworth,22.872340425531917,301.0,0.135329059342123,0.0100627694768971,1.295362595284432,103.584140896394,1.295362595284434
502054,2024,478,6.515085401016583,0.013629885776185319,0.4730035854115878,-1.232076521162961,8.177931465711191,-1.5465395663133403,9.724471032024532,12.980808255066707,300,5.513435584850014,0.4624852049602973,Tommy Pham,18.75693673695893,169.0,0.1273399217543576,0.0166878345790197,5.747366155400947,115.90239687259164,5.747366155400948
657656,2024,307,5.190784299824493,0.016908092181838738,0.49987493415473633,5.630430018928576,10.144855309103242,11.004097756863665,-0.8592424477604226,17.117621635176356,300,5.51264810665751,0.5993917083519552,Ramón Laureano,,,,,,,
664040,2024,423,6.295676684378094,0.014883396416969489,0.5069829003745087,5.9845513723201345,8.930037850181693,8.488725350808702,0.4413124993729909,14.790211290541125,300,5.493371513593036,0.5276331768486638,Brandon Lowe,31.072749691738597,252.0,0.1152032562696321,0.0125745405135889,-3.362683518394848,90.69578543970336,-3.362683518394844
621493,2024,665,8.20721021946789,0.012341669502959235,0.4795944386532151,8.512547185074698,7.405001701775541,7.680493700819277,-0.27549199904373545,11.158724777665643,300,5.466112964354279,0.3886851945362381,Taylor Ward,21.023622047244096,267.0,0.1090616161650691,0.0118540073961796,7.915081987454461,121.9002533752474,7.915081987454459
456781,2024,307,4.804373562976618,0.015649425286568788,0.47862962868362463,3.8100196839805953,9.389655171941273,7.44629254198162,1.943362629959653,16.390101458168125,300,5.356720103366433,0.5783660593846551,Donovan Solano,29.756097560975608,183.0,0.1152914476238807,0.0127316531791015,-1.6558962351287012,95.41829798226767,-1.655896235128703
683737,2024,566,7.080623080453586,0.01250993477111941,0.4944593170492843,9.138426063956905,7.505960862671646,9.687377452957849,-2.1814165902862026,12.470205186031972,300,5.253423550787291,0.4426038091253759,Michael Busch,23.37448559670782,284.0,0.1077056238760564,0.0137351127720999,7.407576471313338,120.4960355275431,7.407576471313333
666158,2024,487,6.249830063347949,0.01283332661878429,0.4853671761973452,1.1071356922046833,7.699995971270575,1.3640275468640861,6.335968424406488,13.196451708917657,300,5.213209548305876,0.47068622802542104,Gavin Lux,23.30905306971904,224.0,0.1294325551334434,0.0112347310469494,0.9808423266683576,102.71389424762135,0.980842326668354
573262,2024,471,5.918191055330136,0.012565161476284791,0.5005728070739223,5.508073515789997,7.539096885770875,7.016654160242035,0.5224427255288404,13.83910646157943,300,5.006428048869472,0.4944280048872744,Mike Yastrzemski,23.91991570073762,227.0,0.1044988306264696,0.0171051228078661,5.481118246378751,115.1657150950108,5.481118246378751
686668,2024,599,6.711929382081502,0.011205224344042574,0.48470909734787854,4.839118692960907,6.723134606425544,4.847197355219607,1.8759372512059374,11.88280608969753,300,4.918959565528658,0.4189462348713049,Brenton Doyle,30.243024302430243,336.0,0.110535293812952,0.0105857948049714,-3.006513965938758,91.68127156046626,-3.006513965938763
669257,2024,543,5.997692442876398,0.01104547411211123,0.495450146160242,5.761681890716552,6.627284467266738,6.366499326758622,0.26078514050811563,12.757080512497597,300,4.7162845946647085,0.45385350601506347,Will Smith,26.63139329805996,302.0,0.0847408691574973,0.0135484798930113,7.845917196392138,121.70888120104732,7.845917196392135
693304,2024,386,4.6901780316469255,0.01215072028924074,0.48648158431889976,-0.8018940588644401,7.290432173544444,-1.246467449012083,8.536899622556527,14.856756411852604,300,4.707972803067807,0.5298703391499597,Nick Gonzales,34.31085043988269,234.0,0.0896207398176529,0.0154037643484177,-0.0466731539233742,99.87085997360936,-0.0466731539233733
516782,2024,368,4.504714037241451,0.012241070753373507,0.48876466487051673,-1.0713396884849056,7.344642452024105,-1.7467494920949547,9.09139194411906,15.287171656091749,300,4.663478619199809,0.5440709288004428,Starling Marte,30.338733431516932,206.0,0.1016217936301539,0.01288128794205,-0.4089624021346923,98.86844125659144,-0.4089624021346884
677800,2024,450,5.18134943140751,0.011514109847572243,0.5039504607029957,7.627569458815348,6.908465908543346,10.170092611753796,-3.2616267032104505,14.253871525806918,300,4.621282701678746,0.5091918233937056,Wilyer Abreu,28.16281628162816,256.0,0.101432953606799,0.0143769429707203,1.790732780693502,104.95478147752726,1.7907327806935025
691718,2024,410,4.681388547451445,0.01141802084744255,0.47625301739385056,-4.593930748255074,6.85081250846553,-6.722825485251328,13.573637993716858,14.11227602320734,300,4.615115887404215,0.5042010115812785,Pete Crow-Armstrong,41.26984126984127,286.0,0.091050386968176,0.0136328901415242,-4.821743499165072,86.65870997804689,-4.821743499165072
642133,2024,419,4.92936877695719,0.01176460328629401,0.5236450152043977,-5.757294724617335,7.058761971776406,-8.244336121170408,15.303098092946813,15.349039812110998,300,4.523839134185753,0.5460739639055726,Rowdy Tellez,27.4818401937046,227.0,0.121029194909122,0.0134922742922732,-3.2341345702354896,91.05146773589102,-3.2341345702354896
665862,2024,617,6.066268795930453,0.00983187811333947,0.48290339333600724,13.301841684303426,5.899126868003682,12.93534037371484,-7.036213505711158,11.66457515278215,300,4.471496251498692,0.4099498478443249,Jazz Chisholm,29.062500000000004,372.0,0.106260711280845,0.0138161098479259,1.3222728968868809,103.65859905417835,1.322272896886885
656775,2024,495,5.040923343299736,0.010183683521817647,0.47217743242893684,5.533003900779765,6.110210113090588,6.706671394884564,-0.5964612817939763,12.73367840007344,300,4.437247689351919,0.4529434184593061,Cedric Mullins,27.6273022751896,255.0,0.0988853365466077,0.0147382319674196,3.868495325754437,110.70374608238636,3.868495325754434
690993,2024,557,5.172303824854142,0.009286003276219285,0.46227273096487,-0.4488949708523253,5.5716019657315705,-0.483549340235898,6.055151305967469,11.75227454250163,300,4.2667924599175,0.41357835438591445,Colt Keith,29.9412915851272,306.0,0.1022642256774546,0.013706006433868,-0.7356260163853376,97.9645951648008,-0.7356260163853374
666971,2024,552,5.365927872845351,0.009720883827618388,0.5058417920028674,2.4389380507118266,5.832530296571033,2.651019620338942,3.181510676232091,12.918033869194483,300,4.2609775577354805,0.46007591040036416,Lourdes Gurriel,32.97872340425532,341.0,0.0725873971267199,0.0139014571364394,4.489840806563417,112.42294791565224,4.489840806563417
572233,2024,550,5.385700213424702,0.00979218220622673,0.5388589864169918,10.455053973759014,5.875309323736038,11.405513425918924,-5.5302041021828865,13.786214630251296,300,4.171884472831698,0.49251371719168235,Christian Walker,24.51063829787234,288.0,0.1379276007353488,0.0104845103281443,-1.3546150066795382,96.25191350901784,-1.354615006679536
467793,2024,593,5.428866159328578,0.009154917637990857,0.5224467408751939,6.752501913417735,5.4929505827945135,6.832211042243914,-1.3392604594494006,12.87258973581374,300,4.083014721654701,0.45832560176630427,Carlos Santana,23.63782051282051,295.0,0.1010707587583979,0.0178423672001329,6.765215859921062,118.71868689488618,6.765215859921058
663616,2024,400,4.179845144747656,0.010449612861869139,0.5359406531969545,2.957346610644672,6.269767717121484,4.436019915967008,1.8337478011544759,16.078219595908635,300,4.077477914063097,0.5689688672753278,Trevor Larnach,25.81047381546135,207.0,0.1331044209599883,0.014859774879988,-2.049173625688553,94.33013812319504,-2.049173625688552
457705,2024,514,4.478742452442309,0.00871350671681383,0.46133950101302257,6.619069332460092,5.228104030088298,7.726540076801664,-2.4984360467133655,12.209287836522591,300,4.0130119582434665,0.432197311609602,Andrew McCutchen,17.38712776176753,181.0,0.1305056532706161,0.0174659335119657,10.489285518412062,129.02282136087084,10.489285518412064
650402,2024,667,5.418561717028866,0.008123780685200699,0.4626003302053744,5.747860203751671,4.874268411120419,5.1704889389070505,-0.2962205277866312,10.747173791330214,300,3.962541883559984,0.3709834672558601,Gleyber Torres,21.459537572254337,297.0,0.123252486569185,0.0128376909214576,8.710220485650936,124.1003233942968,8.710220485650938
650859,2024,309,2.834197809797934,0.009172161196757069,0.4749521804010655,2.789442083494634,5.503296718054242,5.416392395135212,0.08690432291902983,16.211451316512107,300,3.7346259559069273,0.5730118295612867,Luis Rengifo,,,,,,,
605137,2024,600,4.662406615000264,0.0077706776916671065,0.4956350474005525,-1.2030493378354061,4.662406615000264,-1.2030493378354061,5.86545595283567,12.140529647715075,300,3.698027441608728,0.4294276144626625,Josh Bell,27.60372565622354,326.0,0.1300917805224716,0.0125973895354629,-3.789917773572299,89.5136702760447,-3.7899177735723
592669,2024,424,3.3253622408084236,0.007842835473604773,0.4754410088849468,-4.460008875343901,4.705701284162863,-6.311333314165898,11.017034598328761,13.853673909444696,300,3.5727386031362243,0.4949539833301724,Hunter Renfroe,26.506024096385545,220.0,0.1042467937109492,0.0171452308792657,2.6395364909839945,107.30333786022496,2.639536490983994
543760,2024,714,4.994556441239817,0.006995177088571173,0.47562881583992767,2.0007138065661225,4.197106253142704,1.6812721063580862,2.5158341467846177,10.679976641870686,300,3.541799024584173,0.36806095412335615,Marcus Semien,25.39444027047333,338.0,0.1134660157768096,0.0113109827668206,2.835995609928864,107.84692091970432,2.835995609928865
621020,2024,594,4.205174509590733,0.007079418366314365,0.49044595359902815,-5.0888003581605865,4.247651019788619,-5.14020238198039,9.387853401769009,12.073944734657003,300,3.4663099989998587,0.42673470822445975,Dansby Swanson,23.98921832884097,267.0,0.1155972421854236,0.0126111277898114,3.758880907517281,110.40045376819693,3.758880907517285
608348,2024,313,2.2369267516476254,0.007146730835934906,0.5212252077570826,-3.83358242030907,4.288038501560943,-7.348720294522179,11.636758796083122,17.67683437322688,300,3.1376616183551542,0.614726576429532,Carson Kelly,,,,,,,
669394,2024,577,3.455464257875895,0.005988672890599471,0.4877510673859555,4.03029713349344,3.5932037343596828,4.190950225469782,-0.5977464911100996,12.183205571535114,300,3.085945713815735,0.43114800555079896,Jake Burger,36.94852941176471,402.0,0.1073040416702917,0.0097032963943017,-10.105453314462276,72.0392045958285,-10.105453314462276
592663,2024,412,2.4682151005269337,0.005990813350793528,0.493414658281626,5.006088666689558,3.594488010476117,7.290420388382851,-3.6959323779067343,14.58527727240948,300,2.9812324601498363,0.5206730957672545,J. T. Realmuto,30.526315789473685,232.0,0.1131122457660107,0.0147571559171349,-4.781589695138052,86.76981160448179,-4.781589695138052
682928,2024,606,3.3311971680224746,0.005497025029740057,0.4835249760326838,8.950841484527608,3.298215017844034,8.862219291611492,-5.564004273767457,11.785115695187507,300,2.932435325558645,0.414932597218554,CJ Abrams,35.916134913400185,394.0,0.1102163199455729,0.0098583204563036,-7.851659361839374,78.27523079192807,-7.851659361839372
657757,2024,502,2.6985511029530205,0.005375599806679324,0.4568026675163356,-5.278884557686126,3.2253598840075943,-6.309423774126844,9.534783658134439,12.232860498351974,300,2.8750826727662795,0.4331442505006754,Gavin Sheets,32.38434163701068,364.0,0.1039567572498661,0.01119263954581,0.360697761498592,100.9980152298137,0.3606977614985908
665833,2024,595,3.0255673652300232,0.00508498716845382,0.5101259408989468,8.155797342931605,3.0509923010722924,8.22433345505708,-5.173341153984787,12.547874787958069,300,2.7682963635509643,0.4456695941957732,Oneil Cruz,31.80741910023678,403.0,0.1140116536623521,0.0106540541891808,-4.402251088053616,87.81940422062023,-4.402251088053614
643565,2024,350,1.8302772489085444,0.005229363568310127,0.4615906388309719,0.20416892141780657,3.1376181409860764,0.3500038652876684,2.787614275698408,14.803834486693786,300,2.7568937718989757,0.5280920830783952,Mike Tauchman,22.886866059817944,176.0,0.1130264600431368,0.0160672692556233,7.366906475946948,120.38350565044192,7.366906475946951
609280,2024,319,1.271868565742145,0.0039870487954299216,0.48282543662200195,-1.5146477610600397,2.392229277257953,-2.848867262181893,5.241096539439846,16.219820763818962,300,2.406243134902739,0.5732643749590525,Miguel Andújar,36.24382207578254,220.0,0.0819184798366589,0.013824323836584,-0.9181316176862536,97.45962011625085,-0.9181316176862506
666023,2024,367,1.3154605967113335,0.0035843612989409634,0.4443999395655444,-4.135989329464313,2.150616779364578,-6.761835416017951,8.91245219538253,13.918492811122482,300,2.2829242814325625,0.49728779476298285,Freddy Fermin,30.706521739130437,226.0,0.0913166359747559,0.0137060065673793,3.4393700388341744,109.51639861988684,3.439370038834171
608841,2024,315,1.0727977079645492,0.0034057070094112673,0.4613801485488009,-11.254502952380403,2.0434242056467604,-21.437148480724574,23.480572686371335,15.597495823731762,300,2.250213381230248,0.5540220754788862,Joey Meneses,,,,,,,
669911,2024,457,1.4740008584197883,0.003225384810546583,0.5305013691360021,6.1262934047241115,1.9352308863279497,8.043273616705617,-6.108042730377668,14.88948441263487,300,2.190861581634742,0.5309665069148252,Michael Toglia,27.30732635585157,287.0,0.1326107535786812,0.011271459953289,-3.8574928711196863,89.32669662744695,-3.857492871119685
673490,2024,468,1.4714179616702923,0.0031440554736544704,0.5002032138926128,1.6663078847113422,1.8864332841926823,2.1362921598863363,-0.24985887569365395,13.873141044936128,300,2.149250782357514,0.49565602642700707,Ha-Seong Kim,18.790496760259177,174.0,0.1013275978734841,0.0213641095502682,11.11398526865778,130.75130412776065,11.113985268657778
694671,2024,554,1.6854988338243488,0.003042416667552976,0.5093789952472559,2.724213062200941,1.8254500005317855,2.95041125870138,-1.1249612581695947,12.984863854809477,300,2.0989746383251893,0.4626405201547627,Wyatt Langford,23.11033883579496,266.0,0.1205954974733602,0.0131122041414364,4.765086575260651,113.18452588597376,4.765086575260652
669224,2024,415,1.1448640001069823,0.0027587084339927284,0.5203683414126565,1.4305269617073009,1.655225060395637,2.068231751865977,-0.41300669147033986,15.326326343912278,300,2.0704739416407594,0.5453397048972609,Austin Wells,25.52147239263804,208.0,0.1322817013118767,0.0100227372657508,-2.140136615425723,94.0784524772129,-2.140136615425724
656555,2024,519,1.3342516353720173,0.002570812399560727,0.5847764910079315,-1.1668341708073595,1.542487439736436,-1.3489412379275834,2.8914286776640195,15.40130340033865,300,2.0213311980353974,0.5477586094745988,Rhys Hoskins,25.48298068077277,277.0,0.107705523494133,0.0116419174362823,5.790821791527077,116.02263434369468,5.790821791527077
657136,2024,488,1.1747733919506587,0.0024073225244890546,0.4658954242221211,7.372568893871743,1.4443935146934328,9.064633885907881,-7.620240371214448,12.654056942923617,300,1.881761546004673,0.44983684387021367,Connor Wong,29.617117117117115,263.0,0.090706430674572,0.0132608504595577,2.940317925779171,108.1355705070915,2.9403179257791723
519317,2024,460,0.8164137201064894,0.0017748124350141074,0.5920758795331442,-0.25335651796955855,1.0648874610084644,-0.3304650234385546,1.395352484447019,16.563408135233093,300,1.8536384683197822,0.5834874112689323,Giancarlo Stanton,31.11111111111111,294.0,0.1280921865166182,0.0140020115339804,-6.030385026279603,83.31451774787051,-6.030385026279609
694384,2024,607,1.3132754078336593,0.002163550919001086,0.42277656118887064,-0.6460649364204347,1.2981305514006516,-0.6386144346824725,1.936744986083124,10.295982762012702,300,1.6909609525769478,0.35119784852252517,Nolan Schanuel,21.77625960717336,255.0,0.0994002631739776,0.0145471718314594,8.422268813108843,123.30358943771952,8.422268813108845
686681,2024,356,0.4051884180037977,0.0011381697134938138,0.49217428572300276,2.3859497027207053,0.6829018280962883,4.021263543911301,-3.338361715815013,15.651110983800823,300,1.646389352437596,0.5557171746257924,Michael Massey,37.42603550295858,253.0,0.1225713599132158,0.0096337957558994,-12.408292727155043,65.66747443555798,-12.40829272715504
666176,2024,451,0.5251659833351983,0.0011644478566190648,0.5360089669135704,-5.059639296863992,0.6986687139714389,-6.731227445938791,7.42989615991023,15.14380589791361,300,1.6253485360076545,0.5393925701205011,Jo Adell,29.98955067920585,287.0,0.1325823987974739,0.01474415748287,-4.474624221670917,87.6191548781255,-4.4746242216709184
641857,2024,644,1.183686194919022,0.0018380220417997238,0.4307404597269126,-1.225932540879328,1.1028132250798341,-1.1421731747322932,2.2449863998121273,10.184131160969823,300,1.5577199473396768,0.3462363648555614,Ryan McMahon,26.47058823529412,342.0,0.1177910846404391,0.0130997516316864,2.9726401251349683,108.2250028536748,2.9726401251349626
571448,2024,633,0.8793683938399994,0.0013892075732069502,0.4670440731981864,0.28814568047088374,0.8335245439241701,0.2731238677449135,0.5604006761792566,11.138001206991742,300,1.4474737440502625,0.38780218310555287,Nolan Arenado,30.130293159609124,370.0,0.097041102481281,0.0116754087387878,1.6028750847142477,104.43499770940498,1.6028750847142532
680777,2024,463,0.18830573498850622,0.0004067078509470977,0.5475699319978077,1.1072302526056914,0.2440247105682586,1.434855618927462,-1.1908309083592032,15.268639704708582,300,1.4247929634238554,0.5434690813785213,Ryan Jeffers,34.871244635193136,325.0,0.0891493965250274,0.0149803190479988,0.0598662537769878,100.16564403608466,0.0598662537769869
672695,2024,385,0.12917006440746764,0.0003355066607986173,0.43721382138431397,4.602291262400335,0.20130399647917036,7.172401967377146,-6.971097970897976,13.369487767573638,300,1.2584391165061255,0.477181980781375,Geraldo Perdomo,19.00826446280992,138.0,0.0987533182668719,0.0196302750213221,10.336372019391186,128.5997247488129,10.336372019391185
663538,2024,638,0.5013396183208885,0.0007857987747976309,0.4356363499164123,7.973388854299234,0.47147926487857855,7.4984848159553925,-7.027005551076814,10.348204951834376,300,1.1591193701474622,0.35350689677097386,Nico Hoerner,32.27561196736174,356.0,0.0715423527725791,0.0126037576526058,4.54493275223804,112.5753819107924,4.544932752238041
672761,2024,421,-0.19625083533208465,-0.00046615400316409657,0.47446413893167294,-2.7794725052615945,-0.27969240189845795,-3.9612434754322012,3.6815510735337433,13.87438033433264,300,1.0568987656156612,0.4957006861570313,Wenceel Pérez,28.55555555555556,257.0,0.1054268220908527,0.0132687702300336,1.6628528718238769,104.60095034725124,1.6628528718238795
641933,2024,472,-0.5348765462454986,-0.0011332130217065648,0.5079215614947916,13.084649701056138,-0.6799278130239389,16.633029281003566,-17.312957094027503,14.027390921861626,300,0.8720416248959658,0.5011845352501338,Tyler O'Neill,26.49325626204239,275.0,0.1361638275962522,0.0114285302986767,-2.842815426683595,92.13420931809507,-2.8428154266835985
608324,2024,635,-0.3333398461114733,-0.0005249446395456272,0.49872713189293233,8.808193097794858,-0.31496678372737635,8.322702139648685,-8.637668923376062,11.874829513969834,300,0.8285513092587922,0.4186193456826154,Alex Bregman,23.82978723404256,280.0,0.0920732409916906,0.0156451997125956,8.272641103014646,122.88958428044953,8.272641103014651
663624,2024,504,-0.5119984087871992,-0.0010158698587047603,0.4950115878682467,4.15651751694713,-0.6095219152228561,4.948235139222774,-5.557757054445631,13.229741173470881,300,0.818666889489472,0.4719417963475024,Ryan Mountcastle,38.23529411764706,377.0,0.0884022993736321,0.0120524415838146,-3.916788639526852,89.16263106827077,-3.916788639526849
662139,2024,512,-0.7122156046100122,-0.00139104610275393,0.5239412733287411,0.1222617204393997,-0.834627661652358,0.14327545363992153,-0.9779031152922796,13.893091024285019,300,0.7792359983456472,0.49637447869011875,Daulton Varsho,25.965250965250963,269.0,0.1164357307090133,0.0153827197303737,1.945595013750856,105.38327004499736,1.945595013750855
671739,2024,468,-0.5137391607922285,-0.0010977332495560438,0.44335484984489276,5.536861615000474,-0.6586399497336263,7.098540532051889,-7.757180481785515,12.296451110318449,300,0.6812504258750657,0.4356920838337496,Michael Harris,39.95098039215687,326.0,0.109424104562852,0.0108251974182512,-9.772317269614476,72.96095926648869,-9.77231726961447
664238,2024,440,-0.7434446632785352,-0.0016896469619966709,0.47024860750755015,-0.5743573223370525,-1.0137881771980024,-0.783214530459617,-0.23057364673838543,13.450933647098493,300,0.6335654503016312,0.48021317997845026,Dylan Moore,18.0327868852459,154.0,0.105724765602068,0.0150963965797541,12.182967773535584,133.7090735795032,12.182967773535584
668904,2024,324,-1.4187190995057406,-0.004378762652795496,0.5487396632374207,1.0401668859911246,-2.6272575916772976,1.926234974057638,-4.553492565734936,18.291322107914024,300,0.5543581266526871,0.6307807777480828,Royce Lewis,33.0246913580247,214.0,0.1379638736987618,0.0119488123679224,-9.188329369890273,74.57679634717972,-9.188329369890267
686217,2024,522,-0.84006565559355,-0.0016093211792979885,0.4446446113907628,-7.422849349740342,-0.9655927075787931,-8.53201074682798,7.5664180392491875,11.676939562403724,300,0.4227012842086404,0.4104624810662342,Sal Frelick,26.043737574552683,262.0,0.068810702654505,0.0153951934557654,10.019006000063577,127.72160418771388,10.019006000063571
691026,2024,637,-0.8187772330432932,-0.0012853645730663942,0.44812984555483115,10.74040968911315,-0.7712187438398366,10.116555437155242,-10.887774180995079,10.65333056844199,300,0.3984183767101419,0.3668996576743397,Masyn Winn,30.501618122977348,377.0,0.0774890667545433,0.0137937751123309,5.767338819578924,115.95765926997043,5.767338819578923
596146,2024,396,-1.2044350370471149,-0.0030415026188058457,0.47584199570945485,1.7921110307575558,-1.8249015712835075,2.715319743572054,-4.540221314855562,14.347175993292415,300,0.34870523774957385,0.5124525695501189,Max Kepler,30.42895442359249,227.0,0.1061281214838462,0.013464402164169,-1.9906741016159093,94.4920005526118,-1.9906741016159128
668709,2024,641,-1.0948068117531495,-0.0017079669450127137,0.47476622088082526,8.577429811285661,-1.0247801670076282,8.028795455181585,-9.053575622189214,11.251282971822436,300,0.3263966164739036,0.39261786682444993,JJ Bleday,24.72783825816485,318.0,0.1293893029073036,0.010071201195567,-1.3662132964852316,96.21982218186965,-1.3662132964852354
519203,2024,376,-1.2950839946574535,-0.0034443723262166316,0.47331193946945077,-5.413118184629073,-2.066623395729979,-8.637954549940009,6.57133115421003,14.645519714302424,300,0.2769317848760071,0.5227301369858182,Anthony Rizzo,33.96739130434783,250.0,0.1133527534884877,0.0136647693511856,-6.59892694970691,81.7414181644115,-6.598926949706912
665828,2024,327,-1.623187669656892,-0.004963876665617407,0.4833266645345141,-3.7871930167878523,-2.9783259993704445,-6.948978012454775,3.970652013084331,16.036815373420172,300,0.0844360379171798,0.567703702358247,Oswaldo Cabrera,29.367469879518072,195.0,0.0845316952688996,0.0199282002542232,2.9748564358071525,108.23113516732056,2.974856435807149
678662,2024,692,-1.5832163272373487,-0.002287884865949926,0.4844213869956084,1.991658333039386,-1.3727309195699555,1.7268713870283694,-3.099602306598325,11.04896281484114,300,0.08239365151796751,0.38399807380599543,Ezequiel Tovar,43.81245196003075,570.0,0.0936187571901316,0.0095510445083549,-9.9876733486563,72.36509017702237,-9.9876733486563
681351,2024,520,-1.6150583404222125,-0.00310588142388887,0.477419202053451,-0.7331813988128884,-1.8635288543333222,-0.8459785370917943,-1.017550317241528,12.561730191964264,300,0.04636205364514945,0.4462149412369864,Logan O'Hoppe,34.25837320574163,358.0,0.1132460009351045,0.0095300923573717,-6.519085697440701,81.96233105668458,-6.519085697440698
502110,2024,492,-1.9748397790866128,-0.00401390199001344,0.5240235304023477,-4.899962334009149,-2.4083411940080643,-5.975563821962377,3.567222627954312,14.174883156450688,300,0.03511471048819459,0.506414032630575,J. D. Martinez,30.0,318.0,0.1162022696818342,0.0111824314197439,-2.295954108345588,93.64732079965736,-2.295954108345589
457759,2024,537,-1.6233529507121978,-0.003023003632611169,0.4714378863229389,2.654858262449438,-1.8138021795667014,2.966322080949093,-4.7801242605157945,12.206427851333686,300,0.014112263302588302,0.4320823322146182,Justin Turner,25.176056338028168,286.0,0.093550449211873,0.0127476659100124,10.268213975671005,128.41113814549038,10.268213975671008
592192,2024,462,-1.6377397917412784,-0.003544891324115321,0.45665079287511623,1.102959230440089,-2.1269347944691925,1.4324145849871286,-3.559349379456321,12.747190573087146,300,-0.06654833151275374,0.4534690608520984,Mark Canha,24.0041928721174,229.0,0.0773976192573704,0.016021420027121,12.591658407222909,134.83988036634753,12.591658407222912
664728,2024,425,-1.6616903882683984,-0.003909859737102114,0.4570709919842861,-6.337022360910836,-2.345915842261268,-8.946384509521181,6.600468667259912,13.302719847226266,300,-0.08518777589125026,0.4746845036296526,Kyle Isbel,30.967741935483872,240.0,0.1075102895086087,0.0156302671116474,-0.46597383430151,98.71069623111757,-0.4659738343015078
682626,2024,340,-2.140525916655866,-0.0062956644607525475,0.5192051739923148,0.6121582610707349,-3.7773986764515284,1.0802792842424733,-4.8576779606940015,16.894712414395183,300,-0.10381293604401298,0.5930807311586338,Francisco Álvarez,29.098966026587885,197.0,0.1081373654130263,0.0187662840130812,0.3941596277383494,101.09060092257354,0.3941596277383461
650333,2024,667,-1.6100108323256637,-0.002413809343816587,0.42785606247480235,3.160074499021642,-1.4482856062899523,2.84264572625635,-4.290931332546302,9.939991739844887,300,-0.15222919364055754,0.3353349612591473,Luis Arráez,35.35087719298245,403.0,0.0393352565056572,0.0136147214203213,9.672398122749536,126.76257428163512,9.672398122749538
641343,2024,346,-2.3256544694192027,-0.006721544709304054,0.514989539247067,-4.256771802333362,-4.032926825582432,-7.381685206358432,3.3487583807759993,16.61160549049051,300,-0.26056092113399876,0.5848990388672358,Jake Bauers,20.0,140.0,0.1690478333555748,0.0127867054773602,-0.2503426832844026,99.3073264176849,-0.2503426832844045
641584,2024,382,-1.9689856428722163,-0.005154412677675959,0.43608531696861913,1.2363178499925211,-3.0926476066055755,1.941860497370452,-5.0345081039760275,13.38723950164511,300,-0.46005037248976777,0.47784408823021224,Jake Fraley,31.72302737520129,197.0,0.0946296033107173,0.0169024827801693,0.7007181057703716,101.93881807987816,0.700718105770371
672640,2024,433,-2.1986244034833513,-0.005077654511508894,0.4526029443748778,-2.7442112519391926,-3.0465927069053365,-3.802602196682484,0.7560094897771474,13.050425660233541,300,-0.5053778946564336,0.46514557808413426,Otto Lopez,32.19448094612352,245.0,0.1022930695023004,0.0125278402115734,-2.151593322527304,94.04675289548167,-2.151593322527303
666152,2024,320,-2.3901257808963785,-0.007469143065301183,0.47298195222905404,0.6925385723771532,-4.48148583918071,1.2985098232071624,-5.779995662387872,15.864296959720845,300,-0.6020476937224468,0.5623873145527216,David Hamilton,,,,,,,
663898,2024,539,-2.9369459482176246,-0.00544887931023678,0.4818803167726068,-1.8101419073419378,-3.269327586142068,-2.0150002679131034,-1.2543273182289645,12.453632763057199,300,-0.7564115465643351,0.44194774885175525,Brendan Rodgers,29.33723196881092,301.0,0.1140733209086367,0.0109120683194275,-3.068835462941752,91.5088341078595,-3.068835462941749
681297,2024,562,-3.905274190603232,-0.0069488864601481,0.5135913308087208,6.111571567789993,-4.16933187608886,6.52480950297864,-10.6941413790675,12.998725630767638,300,-1.118884055019588,0.46317106586045204,Colton Cowser,25.153374233128837,287.0,0.1312830222082225,0.0118390991710439,-1.8818472950972365,94.79311362264136,-1.8818472950972356
678882,2024,569,-4.166652649144846,-0.007322763882504124,0.5159216290424153,-4.35199932164793,-4.3936583295024745,-4.589102975375673,0.19544464587319865,12.977135891461154,300,-1.2449379653438033,0.4623445307743163,Ceddanne Rafaela,46.70433145009416,496.0,0.0970255872659824,0.0097625202750698,-11.983674203308,66.84235212789436,-11.983674203308002
672386,2024,384,-3.534123255351246,-0.009203445977477203,0.4861787951527805,-3.6945274385782616,-5.522067586486322,-5.772699122778533,0.2506315362922118,14.886124648567748,300,-1.3077535234546254,0.5308541020348739,Alejandro Kirk,28.30930537352556,216.0,0.1067401674426334,0.0141080360950756,0.4805039578129324,101.32950719153531,0.4805039578129292
518595,2024,339,-4.313501307164809,-0.012724192646503861,0.5369829300408056,-0.5364349487420665,-7.6345155879023165,-0.9494423871541001,-6.685073200748216,17.498945621492126,300,-1.5040464922463617,0.6099246697833455,Travis d'Arnaud,27.63744427934621,186.0,0.0813321444625908,0.0159544893162698,6.078837184949787,116.8195446096814,6.078837184949785
669127,2024,533,-5.329422189160763,-0.009998915927130887,0.5626589040336871,-3.645106802896444,-5.999349556278532,-4.103309721834647,-1.8960398344438856,14.62287750021023,300,-1.6065375778774493,0.5219580756879296,Shea Langeliers,30.7843137254902,314.0,0.1026492069708881,0.0130308715085905,-0.8861098652759146,97.54822115568636,-0.8861098652759171
621438,2024,342,-4.2506200199645745,-0.012428713508668346,0.5184625017067059,0.7579393937464232,-7.457228105201008,1.3297182346428478,-8.786946339843855,16.82114476597445,300,-1.622021344251932,0.5909726582522699,Tyrone Taylor,32.766615146831526,212.0,0.1110226476560331,0.0149067705409173,-4.923196905661739,86.37799838067106,-4.923196905661739
669289,2024,392,-3.837709841517204,-0.009790076126319398,0.4662413385843884,-7.718973939520288,-5.874045675791638,-11.814756029877993,5.940710354086354,14.129246236393463,300,-1.6888744723663516,0.5048018587157024,Santiago Espinal,27.884615384615387,203.0,0.1221301702652185,0.0134644485992042,-2.7389866606289184,92.42149330174058,-2.7389866606289184
657041,2024,528,-4.590727564614991,-0.008694559781467787,0.49436786200587607,0.9376046716151715,-5.216735868880672,1.0654598541081495,-6.2821957229888215,12.908759789671919,300,-1.7075108472295542,0.4597191328223018,Lane Thomas,22.98624754420432,234.0,0.1072741492551596,0.0153432876037703,8.255134177631133,122.84114433979848,8.255134177631131
676391,2024,450,-4.835638281396896,-0.010745862847548658,0.5176283836057413,-2.0434945193837897,-6.447517708529195,-2.724659359178386,-3.7228583493508087,14.640741607290046,300,-1.8153802854804155,0.5225673199244323,Ernie Clement,43.44729344729345,305.0,0.0780073827136324,0.0147001730788064,-4.123625071317012,88.59033500480405,-4.123625071317009
642086,2024,307,-3.785264927065615,-0.012329853182624154,0.46800071355324346,0.03461934840275127,-7.397911909574492,0.06765996430505135,-7.465571873879544,16.026126921413407,300,-1.8293466645087708,0.5673764266035825,Dominic Smith,27.12680577849117,169.0,0.0969762772701742,0.0185740840909243,3.535644775467583,109.7827813470966,3.53564477546759
669304,2024,430,-4.490068073804992,-0.01044201877629068,0.48930271013265597,1.262648413001906,-6.265211265774408,1.7618349948863803,-8.027046260660788,14.157763189800187,300,-1.8738274700978224,0.5058098741517573,José Miranda,35.76732673267327,289.0,0.0863990394488897,0.0133565581362032,-2.9555938427632054,91.82216253306906,-2.955593842763207
592206,2024,657,-5.313924577339771,-0.008088165262313197,0.4976206022852036,1.8680967678040128,-4.852899157387918,1.7060244454831168,-6.558923602871035,11.648417231977932,300,-1.8776121379743458,0.4092794100568448,Nick Castellanos,37.933954276037255,448.0,0.0992646998512639,0.0100262237171741,-7.419358052014273,79.47136599742905,-7.419358052014275
643289,2024,427,-4.377495564296019,-0.010251746052215502,0.46797410697528147,-5.642008859308633,-6.151047631329301,-7.927881301136252,1.7768336698069511,13.588112600588005,300,-1.9932988771585194,0.48528050413619783,Mauricio Dubón,41.289437585733886,301.0,0.0722008767253769,0.0132314443559008,-1.155434991328868,96.8030250212396,-1.1554349913288666
595909,2024,341,-4.359679023500788,-0.012784982473609348,0.4756714438178003,-8.292216040898388,-7.6709894841656086,-14.590409456126196,6.919419971960587,15.4554317233913,300,-2.127856194489632,0.5494961992957854,Jake Cave,33.59013867488444,218.0,0.1010533494714288,0.0152079177700697,-2.39273744829128,93.37953081710596,-2.3927374482912818
668227,2024,647,-5.539837281741791,-0.008562345103155782,0.4810574325088567,5.861851227707932,-5.137407061893469,5.436028959234559,-10.573436021128028,11.347391506143662,300,-2.1408394401641107,0.3966818999540875,Randy Arozarena,24.738675958188157,355.0,0.1058964022826707,0.0120489330854352,6.617812151532037,118.31083533159378,6.617812151532037
680700,2024,317,-3.737322308568059,-0.011789660279394508,0.42809189114926743,-4.00514819429914,-7.073796167636705,-7.580722134320138,0.5069259666834327,14.426421630507484,300,-2.184262032477685,0.5152045723207322,Richie Palacios,23.565891472868216,152.0,0.1238089002931984,0.0140546338746856,3.015008434251612,108.34223179788611,3.015008434251611
660821,2024,536,-5.0847015744980775,-0.009486383534511339,0.4697104402965655,1.621269301713239,-5.691830120706803,1.8148536959476556,-7.5066838166544585,12.173040556143645,300,-2.1991838244439323,0.43073861920517614,Jesús Sánchez,36.26168224299066,388.0,0.1112209058633668,0.0107136585922915,-7.929093887937035,78.06097707425099,-7.929093887937033
642708,2024,344,-5.072978412406163,-0.014747030268622568,0.5157356321222083,-7.16408923994274,-8.848218161173541,-12.495504488272221,3.64728632709868,16.68396103546981,300,-2.2356363605126175,0.5870079467668072,Amed Rosario,39.03225806451613,242.0,0.0823843362716253,0.0166531395808083,-0.886185020087227,97.54801320971526,-0.8861850200872261
665804,2024,364,-5.3819250421346645,-0.014785508357512814,0.5172750169525809,-9.261064041707588,-8.871305014507689,-15.265490178638881,6.394185164131192,16.267546700593915,300,-2.3840885362200526,0.5747012728835665,Miguel Amaya,33.64779874213836,214.0,0.1207186563294817,0.0104966633740646,-8.85411380925481,75.50153793184914,-8.85411380925481
500743,2024,337,-4.731558296110349,-0.014040232332671659,0.47701820688574337,0.9624423072605237,-8.424139399602996,1.7135471345884696,-10.137686534191467,15.590902495673667,300,-2.420354043535606,0.5538131305397054,Miguel Rojas,,,,,,,
656582,2024,414,-4.989317202737929,-0.012051490827869394,0.466223262574286,0.19550406670005233,-7.230894496721636,0.2833392271015251,-7.514233723823161,13.748173967774193,300,-2.4926594056064753,0.4911325175143043,Connor Joe,22.04234122042341,177.0,0.1451756351986478,0.0117388405834377,-0.324315835553581,99.10264998094952,-0.3243158355535826
643446,2024,468,-5.415438413610831,-0.011571449601732545,0.4648146768861263,-1.7943795683077357,-6.942869761039527,-2.3004866260355588,-4.642383135003969,12.891639623855035,300,-2.646277631421108,0.4590599481895401,Jeff McNeil,31.119311193111933,253.0,0.1025712722213323,0.0124642706537,-1.7250767125582174,95.22688240543242,-1.725076712558221
593428,2024,463,-5.225160392337815,-0.011285443611960724,0.44576579120532767,-3.958081668148227,-6.771266167176434,-5.129263500840035,-1.6420026663363991,12.429895910766977,300,-2.719320728913286,0.4410068989192579,Xander Bogaerts,25.696969696969692,212.0,0.1060555590859788,0.0153494228591581,4.307387540348834,111.91811767313874,4.307387540348831
686823,2024,350,-4.7080991854564305,-0.013451711958446945,0.43217269701678984,-5.5102462126576395,-8.071027175068167,-9.446136364555954,1.3751091894877874,13.8603614070419,300,-2.8775667361380037,0.495195263554573,Will Brennan,,,,,,,
621028,2024,310,-5.291782587296668,-0.017070266410634412,0.4618353872708225,-2.9807915114046404,-10.242159846380648,-5.769273893041239,-4.472885953339409,15.738292420472392,300,-3.172727399413178,0.5584583839641784,Kevin Newman,,,,,,,
681082,2024,569,-6.605219580299784,-0.011608470264147248,0.4426878484223162,-3.628470121653259,-6.965082158488349,-3.8261547855746145,-3.138927372913735,11.135064015706652,300,-3.3279910777874733,0.3876769588236315,Bryson Stott,28.383128295254835,323.0,0.0990226655279982,0.0129608529008135,3.7954513970503054,110.50164071586208,3.795451397050303
672284,2024,449,-6.513983486746363,-0.014507758322374973,0.4698722427156304,-5.062759003394497,-8.704654993424985,-6.765379514558347,-1.9392754788666373,13.30478528134768,300,-3.4246708913577697,0.4747619312410717,Jarred Kelenic,29.859484777517565,255.0,0.1403759153989051,0.0107405539429857,-8.164476559691524,77.4096963724545,-8.164476559691524
666397,2024,302,-4.840151579033149,-0.016026991983553472,0.3999919186940419,-6.498540377701479,-9.616195190132084,-12.911007372916846,3.294812182784762,13.810169087421105,300,-3.6793987675109685,0.4933815733515244,Edouard Julien,17.868852459016395,109.0,,,6.314752537804855,117.47229918769158,6.314752537804859
643376,2024,324,-5.045151945503986,-0.015571456621925883,0.40194138651684347,-1.8531804738197555,-9.34287397315553,-3.431815692258806,-5.911058280896724,13.398046217228115,300,-3.7189076927424978,0.47824676752978196,Danny Jansen,20.348837209302324,140.0,0.13906595701599,0.0180021485435393,6.491081019001455,117.96018275246055,6.4910810190014585
668670,2024,336,-6.7887933231529916,-0.02020474203319343,0.4932683675870567,-10.93614494420189,-12.122845219916057,-19.528830257503373,7.405985037587316,16.145997374249923,300,-3.820329031483718,0.5710309602490298,Jake Rogers,25.98039215686275,159.0,0.1200828645736396,0.0196650118594395,0.094035804843681,100.2601878231566,0.0940358048436804
553869,2024,351,-6.7324166687681934,-0.019180674269994855,0.48098980394243995,-7.096491279762542,-11.508404561996914,-12.130754324380414,0.6223497623835001,15.404001860874748,300,-3.879613698637841,0.5478454060909314,Elías Díaz,33.38213762811127,228.0,0.09176401444743,0.0137174334385816,-0.8360587043885361,97.68670779510414,-0.836058704388531
679529,2024,382,-7.190138491233096,-0.018822352071290828,0.48238850446649995,-6.3453283793891355,-11.293411242774496,-9.966484365532674,-1.3269268772418226,14.808685802641106,300,-4.05098429937666,0.5282553894362745,Spencer Torkelson,23.404255319148938,176.0,0.135928309972255,0.0116819711774426,1.4984527400536891,104.14607135213814,1.4984527400536876
543807,2024,615,-8.948552225207928,-0.014550491423102323,0.48614622211293623,-5.459977753060789,-8.730294853861393,-5.326807563961745,-3.4034872898996475,11.761984632801214,300,-4.115683204963151,0.41397901963660455,George Springer,23.646209386281587,262.0,0.1207677348896959,0.0098291799065261,1.830557061044296,105.0649713443602,1.830557061044296
666163,2024,326,-7.444936328043881,-0.022837228000134605,0.4857970963002831,-8.593076173510946,-13.702336800080763,-15.815477619958797,2.1131408198780335,16.143487619189663,300,-4.4991096375320545,0.570954800517519,Ben Rortvedt,27.94117647058824,190.0,0.1076016653986007,0.017176427705221,0.4749033045750356,101.3140107348756,0.4749033045750356
600869,2024,464,-8.683950358860253,-0.018715410256164338,0.48559175411400707,-6.435304563972744,-11.229246153698602,-8.321514522378548,-2.907731631320054,13.525818749428254,300,-4.638466387215898,0.4829853328251744,Jeimer Candelario,34.96199782844734,322.0,0.1109368988480398,0.0125445442462934,-5.564742085224397,84.60290596768527,-5.564742085224401
663837,2024,568,-9.129461515994615,-0.01607299562675108,0.46431314683121105,-0.6058486765585058,-9.64379737605065,-0.6399809963646188,-9.00381637968603,11.689288116984773,300,-4.687255486481006,0.41097410931528905,Matt Vierling,22.06016408386509,242.0,0.1168549611672559,0.0137265454818984,4.43919051946193,112.28280355292677,4.439190519461929
650559,2024,619,-10.426211509974243,-0.01684363733436873,0.4959913095990179,-13.757238325555067,-10.106182400621238,-13.334964451265009,3.2287820506437708,11.961344343321052,300,-4.819571902288114,0.4221568873933373,Bryan De La Cruz,32.70645952575634,400.0,0.107366474024516,0.0107020989424417,-4.437021562821508,87.7231977367706,-4.437021562821507
683734,2024,620,-9.829055712234526,-0.015853315664894396,0.46282454375651877,-3.5747729023947152,-9.511989398936638,-3.4594576474787564,-6.052531751457882,11.152488583071486,300,-4.878662684222491,0.3884195717717148,Andrew Vaughn,33.166666666666664,398.0,0.1116999673168615,0.0114568071219727,-5.085385303782546,85.9292390350318,-5.0853853037825445
663368,2024,434,-8.500741755476598,-0.019586962570222577,0.46741397239423055,-3.6711082358103257,-11.752177542133547,-5.075264842134091,-6.6769126999994555,13.4619531943488,300,-4.942315237353013,0.480622004368731,Blake Perkins,24.03733955659277,206.0,0.0958411053805044,0.0157936558709953,6.395789295609179,117.69651992620524,6.395789295609179
643396,2024,497,-8.291820509430556,-0.016683743479739548,0.4267825877055917,-4.19461921332238,-10.01024608784373,-5.06392661568094,-4.946319472162789,11.486289244359156,300,-5.008166240815819,0.4025196438204398,Isiah Kiner-Falefa,30.32581453634085,242.0,0.1156406746617273,0.0125080287940646,-5.141125533019931,85.77501130303509,-5.141125533019935
593871,2024,467,-9.372864871464005,-0.02007037445709637,0.4890276108223874,-12.77412334677153,-12.042224674257822,-16.412149910198966,4.369925235941144,13.57769943054099,300,-5.031139995606354,0.48489752610917625,Jorge Polanco,24.02862985685072,235.0,0.1488991059163394,0.0120051485616609,-2.628386215142358,92.72751385634888,-2.6283862151423607
641598,2024,429,-9.328932871180733,-0.021745764268486557,0.49685748279143943,-12.23707421729879,-13.047458561091934,-17.114789115103203,4.067330554011269,14.393103191231445,300,-5.098129132130699,0.5140494552400067,Mitch Garver,20.17738359201774,182.0,0.1303085468694156,0.0150895034361561,7.392794229759641,120.4551345190642,7.392794229759641
672820,2024,369,-8.54168597854605,-0.023148200483864637,0.4811401575817211,-9.00969440108387,-13.888920290318781,-14.649909595258325,0.7609893049395442,15.028293681042822,300,-5.1558774721894025,0.5355856481580711,Lenyn Sosa,37.5366568914956,256.0,0.0989739266467088,0.0138159407856715,-5.181550348476874,85.66315981462878,-5.181550348476879
666182,2024,336,-8.15735135390782,-0.024277831410439942,0.47383764637210773,-15.208940938668551,-14.566698846263966,-27.15882310476527,12.592124258501302,15.509977725856437,300,-5.204786605342706,0.5512398378451738,Bo Bichette,,,,,,,
668930,2024,617,-10.92776139810592,-0.017711120580398573,0.487620461657829,-6.340340944230387,-10.626672348239143,-6.165647595685951,-4.461024752553192,11.778516364834088,300,-5.2181092579443495,0.4146606656267706,Brice Turang,28.155339805825243,319.0,0.0812069186425107,0.0137370298349674,7.2508449017405425,120.06237468979248,7.250844901740544
607680,2024,314,-9.593340690870654,-0.030552040416785525,0.5412577397435994,-10.46535679959918,-18.331224250071315,-19.997497069297793,1.666272819226478,18.32696481065119,300,-5.225044326814949,0.6316870816680527,Kevin Pillar,38.48684210526316,234.0,0.0893845954197098,0.0151709727388181,-2.2273302124212124,93.8371963702102,-2.2273302124212098
683011,2024,692,-11.10016526011854,-0.01604070124294587,0.4637733525738968,-11.421049657164847,-9.624420745767521,-9.902644211414609,0.27822346564708766,10.578010518659552,300,-5.246161331942436,0.36360971700654987,Anthony Volpe,29.235382308845576,390.0,0.1102311121760328,0.0104991784691568,-1.433198450860402,96.0344808480058,-1.4331984508604028
669707,2024,446,-9.471055009566426,-0.021235549348803645,0.4823716754999654,-8.027908663448525,-12.741329609282188,-10.799877125715504,-1.9414524835666835,13.704576499598407,300,-5.320803953059699,0.4895450193602932,Jared Triolo,25.37485582468281,220.0,0.1198724897316604,0.0135627247220578,2.7117945382534456,107.50326877011445,2.7117945382534443
666969,2024,634,-11.849727653186859,-0.01869042216590987,0.5102532831032268,-7.438408214445733,-11.214253299545922,-7.039503042062209,-4.174750257483713,12.158847997322502,300,-5.350683032381524,0.4301666138617933,Adolis García,33.765298776097914,469.0,0.1026296774414261,0.0105234010607917,-4.37807888701528,87.88628632344822,-4.37807888701528
666181,2024,387,-8.879174487621412,-0.02294360332718711,0.4768023411552457,-10.188599743147854,-13.766161996312267,-15.79627867154706,2.030116675234794,14.542335071482762,300,-5.364014231943148,0.5192011617122154,Will Benson,21.89873417721519,173.0,0.1513340384034444,0.0133314588753268,-0.9094246300297024,97.48371149472496,-0.9094246300297014
666160,2024,416,-9.724772658967769,-0.023376857353287907,0.49435047753562894,-10.379584911646692,-14.026114411972744,-14.970555161028884,0.94444074905614,14.542515758700484,300,-5.488897052633069,0.5192073649644272,Mickey Moniak,39.1025641025641,305.0,0.1181295020109235,0.0103774142491121,-13.659142210558816,62.20649694167228,-13.659142210558812
670032,2024,447,-7.8450926840593596,-0.017550542917358747,0.38368584840824255,-5.762895423365574,-10.530325750415248,-7.735430098477281,-2.794895651937967,10.888630740872616,300,-5.6479257046845595,0.37710664753132883,Nicky Lopez,27.875,223.0,0.1065634963006581,0.0131127260131548,-0.4615019114157533,98.72306960190863,-0.4615019114157527
681624,2024,442,-10.486246470975793,-0.023724539527094555,0.5021827819435055,-3.238376049934612,-14.234723716256733,-4.395985588146532,-9.8387381281102,14.331839434205332,300,-5.710570972635676,0.5119181212782831,Andy Pages,30.677764565992867,258.0,0.1159710053079626,0.0138782509794767,-2.304632902173778,93.6233074307333,-2.3046329021737755
641487,2024,449,-9.865127445834982,-0.02197133061433181,0.4718351840047837,-7.754245372493494,-13.182798368599085,-10.362020542307564,-2.820777826291522,13.360367437512375,300,-5.7443221205861095,0.4768414981612395,J. P. Crawford,18.666666666666668,168.0,0.1003054519882812,0.0203085712727749,12.05863415109052,133.36505467497068,12.058634151090516
666310,2024,390,-10.58805519912478,-0.027148859484935332,0.5127771210259341,-11.61663063379408,-16.2893156909612,-17.871739436606276,1.5824237456450767,15.579287310083677,300,-5.9365827956306845,0.5534447798323173,Bo Naylor,27.203065134099617,213.0,0.1101212954711896,0.0157527221522765,0.5668283059545497,101.5683581724539,0.5668283059545534
665161,2024,649,-12.340424828870708,-0.019014522078383216,0.4788831887449493,-5.160867387119317,-11.40871324702993,-4.771217923376872,-6.637495323653058,11.278685670629967,300,-5.964570529938638,0.3937786500303585,Jeremy Peña,37.05932932072227,431.0,0.1094279736660347,0.0093202167557954,-9.878522598963604,72.66709956595317,-9.8785225989636
656896,2024,300,-8.33340467024513,-0.027778015567483768,0.4289916116760187,-5.356825109248205,-16.66680934049026,-10.71365021849641,-5.953159121993851,14.860705348874445,300,-6.552510250140049,0.5300027455094957,Emmanuel Rivera,28.903654485049834,174.0,0.1029487768228594,0.0151458384716612,3.0195843182081914,108.35489281873512,3.0195843182081905
545121,2024,306,-9.500333947508945,-0.03104684296571551,0.45890152428939235,-12.310571150523993,-18.628105779429305,-24.138374804949006,5.510269025519701,15.74019242707429,300,-6.874218660209056,0.5585179169422138,Ildemaro Vargas,,,,,,,
671289,2024,381,-10.024766852211373,-0.02631172402155216,0.444844268337603,-12.887305918086135,-15.787034412931297,-20.294969949741944,4.507935536810647,13.674037347895403,300,-6.895794402554355,0.48843012225543836,Tyler Freeman,29.260935143288087,194.0,0.0908476311060846,0.0192218133434301,2.3218799884641945,106.42441356070348,2.3218799884641936
669357,2024,404,-11.580974327578978,-0.028665778038561827,0.49157550848290543,-9.502082150488269,-17.199466823137097,-14.112003193794457,-3.08746362934264,14.674077382106306,300,-6.926453140609871,0.5237020500310543,Nolan Gorman,30.318471337579616,238.0,0.1339683376864835,0.0128196474013853,-6.537370196556786,81.91173964599338,-6.537370196556784
502671,2024,655,-14.248996760201544,-0.02175419352702526,0.4703206244321995,-3.4816727408918444,-13.052516116215156,-3.189318541274972,-9.863197574940184,11.026168478756919,300,-7.127482679829786,0.38302154228757496,Paul Goldschmidt,29.518072289156628,392.0,0.099034425852326,0.0108699172053208,2.120883569528868,105.86827623841448,2.1208835695288637
669004,2024,450,-12.634536557731902,-0.028076747906070895,0.49198347262270636,-4.298269162408313,-16.846048743642537,-5.731025549877751,-11.115023193764786,13.915393988928873,300,-7.269075841406011,0.4971764654594517,MJ Melendez,28.26780021253985,266.0,0.1257649171666967,0.0129602574356046,-2.2779019645593586,93.69726930600405,-2.277901964559355
657557,2024,482,-13.053752431373006,-0.027082473924010385,0.4908566531169016,-3.208815513469837,-16.24948435440623,-3.9943761578462698,-12.255108196559961,13.414744737178665,300,-7.310850418590615,0.4788684040306913,Paul DeJong,34.675615212527966,310.0,0.1236836114473024,0.0093486540457528,-9.620501273667502,73.38101919548552,-9.620501273667507
679032,2024,363,-11.194544396449738,-0.030838965279475862,0.467807713866523,-11.729789202682577,-18.503379167685516,-19.38808132674806,0.8847021590625452,14.732122337990207,300,-7.506310444505576,0.5256711401890707,Johan Rojas,34.93044822256569,226.0,0.086776847580517,0.0149042325842878,-0.8598000142421178,97.62101792580428,-0.8598000142421187
664913,2024,398,-12.187128003739877,-0.030620924632512255,0.48378414728967273,-8.420787658470898,-18.372554779507354,-12.694654761513917,-5.677900017993437,14.549944863454431,300,-7.573332732116139,0.5194623449664294,Seth Brown,30.10075566750629,239.0,0.1408267594768588,0.0122349867887438,-9.546753711973825,73.58507144528637,-9.546753711973825
676694,2024,512,-14.977155132641924,-0.029252256118441258,0.5193836760671776,-16.878447363755782,-17.551353671064753,-19.779430504401308,2.228076833336555,13.772239476926192,300,-7.726949199277687,0.4920067292237988,Jake Meyers,31.453362255965292,290.0,0.1039981834083854,0.0121062778196117,-2.2484713788960957,93.77870084190336,-2.2484713788960957
665926,2024,629,-14.371592906550243,-0.022848319406280196,0.4485303986776531,-15.212055034363962,-13.708991643768117,-14.510704325307437,0.8017126815393194,10.730446902954814,300,-7.738353788449865,0.37025680798244665,Andrés Giménez,37.68755516328332,427.0,0.0803281614079939,0.010092859920464,-0.8223148986506629,97.7247355538155,-0.8223148986506629
570482,2024,459,-13.22968856224983,-0.02882285089814778,0.4667885968146177,-11.45207087362635,-17.293710538888668,-14.97002728578608,-2.3236832531025886,13.072695511417793,300,-8.108788521528608,0.4659940315602927,Gio Urshela,36.51551312649165,306.0,0.0906392825417674,0.011313543235702,-2.8117014993569702,92.22029849481268,-2.811701499356966
666139,2024,388,-12.050235609314711,-0.03105730827142967,0.4589057745776621,-1.7788073706147423,-18.6343849628578,-2.750733047342385,-15.883651915515417,13.978446551253068,300,-8.120709109863265,0.49943688704090416,Josh Lowe,33.092659446450064,275.0,0.0915095794544474,0.0157311547559213,0.7058375984832312,101.95298321268942,0.7058375984832279
571771,2024,393,-12.866704605416114,-0.032739706375104614,0.47626218894683825,-10.806895453876574,-19.643823825062768,-16.499077028819197,-3.1447467962435702,14.414549666744845,300,-8.287226676455138,0.5147933073747124,Enrique Hernández,26.507713884992988,189.0,0.0781321571708091,0.0172121817429957,6.727336021651386,118.61387710804703,6.727336021651388
647351,2024,362,-10.481307714095527,-0.028953888712971068,0.40866452538116216,-7.993365078897439,-17.37233322778264,-13.248671401487469,-4.123661826295171,12.887358355621153,300,-8.29125649269022,0.45889499029081854,Abraham Toro,30.96960926193922,214.0,0.097775588086422,0.0130190028527474,-1.2320339121015966,96.59108334131106,-1.2320339121015944
643217,2024,521,-14.535359579567098,-0.027898962724696927,0.47015533304638046,-11.545664411632309,-16.739377634818155,-13.296350570018015,-3.4430270648001393,12.358727470932177,300,-8.345620765525311,0.438177793338325,Andrew Benintendi,25.07836990595611,240.0,0.0998074171661913,0.0147307977294077,4.922873340309654,113.62110634582385,4.922873340309653
642731,2024,379,-13.43884329902953,-0.035458689443349685,0.49128888635685297,-15.039672540580217,-21.27521366600981,-23.80950797981037,2.534294313800558,15.141488997022247,300,-8.497786211721404,0.5393165415591038,Thairo Estrada,35.00784929356358,223.0,0.1212660866344592,0.0139493082177813,-8.70769474139092,75.90666509165233,-8.707694741390922
664056,2024,434,-13.935661041241756,-0.03210981806737732,0.4805734776498315,-9.803500024293326,-19.26589084042639,-13.553225840036855,-5.712665000389535,13.840959074092314,300,-8.54397204995049,0.49449492615927215,Harrison Bader,33.616504854368934,277.0,0.1268052223813512,0.0119127806714066,-10.919560062060608,69.7866512962971,-10.919560062060617
664034,2024,536,-14.851995313328977,-0.027708946480091375,0.4545916563950315,-11.229816177647244,-16.625367888054825,-12.57068975109766,-4.054678136957165,11.781221354771956,300,-8.72725902367473,0.4147721394148674,Ty France,27.22672064777328,269.0,0.1209522533387799,0.0115853977628495,-0.3427557292887973,99.05162860863092,-0.342755729288794
676914,2024,455,-14.26823344139453,-0.031358754816251715,0.46747393057753583,-13.147050630837645,-18.81525288975103,-17.33677006264305,-1.4784828271079782,13.14930953579934,300,-8.859529854047716,0.4689033935559565,Davis Schneider,23.09197651663405,236.0,0.1527506903845381,0.0105268646629537,-1.5724965478733908,95.64905671416746,-1.572496547873397
696285,2024,523,-14.582936126776136,-0.027883243072229707,0.43624181643327214,-9.066876865926627,-16.729945843337823,-10.401770783089821,-6.328175060248002,11.44531365733256,300,-9.055943773961832,0.400801903123752,Jacob Young,26.755852842809364,240.0,0.1204716257302424,0.0137383200109881,-1.3554292643630377,96.24966053809352,-1.3554292643630403
668942,2024,472,-13.216111887036185,-0.028000237048805474,0.40753680325033925,-7.872969827237057,-16.800142229283285,-10.008012492250497,-6.792129737032788,11.255041107950557,300,-9.252215379191743,0.39277715778822736,Josh Rojas,21.95945945945946,195.0,0.1285384557408645,0.0145372763031527,4.521558391411876,112.51070735336027,4.521558391411876
650391,2024,349,-13.14330390961293,-0.0376598965891488,0.46527380304330324,-13.490413833080549,-22.59593795348928,-23.192688538247364,0.5967505847580838,14.943321403795208,300,-9.270123204726696,0.5327638011094533,Eloy Jiménez,33.229329173166924,213.0,0.099409365973197,0.0136172967426564,-3.320916475540323,90.81135073930464,-3.3209164755403187
673357,2024,424,-13.99872642994901,-0.03301586422157785,0.44750261456122875,-8.547693338393984,-19.80951853294671,-12.095792459991486,-7.713726072955225,13.039588886737004,300,-9.480289395736575,0.46473225950289615,Luis Robert,36.0233918128655,308.0,0.0979589341170784,0.0116225453529075,-4.131128946421393,88.56957252043021,-4.131128946421391
672580,2024,624,-18.91783392056633,-0.030317041539369118,0.4457204512862411,-17.915804570762514,-18.19022492362147,-17.226735164194725,-0.9634897594267464,10.70585894664541,300,-10.582411874033326,0.36918765464822156,Maikel García,20.77338129496403,231.0,0.1020093459353056,0.0187421639394894,7.800740402248111,121.58388145499242,7.800740402248115
622534,2024,344,-14.779985072805218,-0.04296507288606168,0.46235433918417235,-12.582218630945825,-25.77904373163701,-21.945730170254343,-3.833313561382667,14.957085179061748,300,-10.744462889698221,0.533222117480219,Manuel Margot,30.69767441860465,198.0,0.095871171913621,0.0157652401803558,0.4370293270908195,101.2092171642534,0.4370293270908175
641680,2024,487,-18.875514469310236,-0.0387587566104933,0.5003617343472256,-20.60606208365785,-23.25525396629598,-25.387345482946017,2.1320915166500356,13.604132681643758,300,-10.782055528155484,0.4858691553011265,Jonah Heim,32.126696832579185,284.0,0.1028996375132871,0.0132804968162781,-1.91172546940853,94.7104436529753,-1.91172546940853
663743,2024,334,-14.005561287020244,-0.04193281822461151,0.4416655880193887,-13.070468902309038,-25.159690934766903,-23.47988425564498,-1.6798066791219242,14.500119449289581,300,-10.88203952029801,0.5177495632364316,Nick Fortes,,,,,,,
677587,2024,441,-16.140155135578524,-0.036598991237139514,0.44123367098154526,-15.001790204558247,-21.95939474228371,-20.410598917766322,-1.5487958245173878,12.606676313758436,300,-11.039384376391492,0.44798076493555644,Brayan Rocchio,29.50631458094145,257.0,0.1217816512028115,0.0129232898740871,-3.1532198229448625,91.27535088331358,-3.153219822944864
656716,2024,321,-12.910097347011197,-0.04021837179754267,0.40823431095614376,-9.805008379431328,-24.1310230785256,-18.327118466226782,-5.803904612298819,13.671250384473176,300,-11.167031877658506,0.48832825980631633,Zach McKinstry,27.980132450331123,169.0,0.1163114649852076,0.0169914792027465,-1.6113226373144427,95.5416287434052,-1.6113226373144396
571745,2024,423,-18.306546818863445,-0.043277888460670086,0.491682806544113,-16.462236838747355,-25.96673307640205,-23.35069055141469,-2.6160425249873605,14.343861679243595,300,-11.42485944149866,0.5123371231398164,Mitch Haniger,23.92065344224037,205.0,0.1291073065460869,0.0144410463744006,2.647398046934002,107.32509001231912,2.647398046933999
660688,2024,486,-19.232579705088945,-0.03957320926973034,0.4721454874295011,-17.260966948190152,-23.743925561838203,-21.30983573850636,-2.434089823331842,12.850172539554745,300,-11.77648964993108,0.45746028983809467,Keibert Ruiz,38.67595818815331,333.0,0.1027110037218187,0.0120286256862316,-8.124427278108314,77.52050879556764,-8.124427278108314
665750,2024,526,-19.36265017565991,-0.036811122006958,0.4449224244180839,-12.845846433937206,-22.086673204174797,-14.653056768749664,-7.433616435425133,11.639723755592689,300,-12.066802093149422,0.40891844782265885,Leody Taveras,28.79529872673849,294.0,0.1166798635843529,0.0123599871881274,-2.604907063577946,92.79247835944707,-2.604907063577945
676356,2024,361,-16.591906620902556,-0.04596096016870514,0.45163056850994904,-8.64389046241473,-27.576576101223086,-14.366576945841656,-13.20999915538143,14.262017952945758,300,-12.295692393574202,0.509477404097352,Jonny DeLuca,37.971014492753625,262.0,0.0999255409100287,0.0134690825659398,-4.860660778830601,86.55102969290247,-4.860660778830596
672275,2024,443,-19.07505344859338,-0.04305881139637332,0.46620603167317304,-12.95523428992176,-25.83528683782399,-17.546592717726988,-8.288694120097002,13.290070210672614,300,-12.437922130696062,0.47421006681269595,Patrick Bailey,24.797219003476243,214.0,0.115008290608367,0.0137733778715495,3.908908862897212,110.8155663648066,3.908908862897211
666624,2024,612,-23.721887001467096,-0.03876125327037107,0.485659812873599,-17.714381981185678,-23.25675196222264,-17.367041158025174,-5.889710804197467,11.778980627032686,300,-12.61050042611605,0.4146797992686939,Christopher Morel,26.532325776658272,316.0,0.1221152941737082,0.0115222541994607,0.0067401152342643,100.01864923593246,0.0067401152342648
657077,2024,620,-24.294078164694337,-0.039183997039829575,0.4861641073627182,-14.162740361104643,-23.510398223897745,-13.705877768810945,-9.8045204550868,11.714892241570947,300,-12.8275667796807,0.41203383640995694,Alex Verdugo,25.6198347107438,279.0,0.1205585457347286,0.0126184696836052,0.8788882358915692,102.431797306087,0.8788882358915692
592696,2024,322,-17.120932447350892,-0.05317059766258041,0.4592314311948027,-20.856133930210845,-31.902358597548243,-38.86236136064132,6.96000276309308,15.355180268079646,300,-13.15482304428767,0.546272245810549,Eddie Rosario,34.75409836065574,212.0,0.098273027706817,0.0166441320622873,-3.1661749255209344,91.2395053886784,-3.166174925520932
676609,2024,482,-20.279321793839223,-0.0420732817299569,0.45078990213741155,-10.06941820234867,-25.24396903797414,-12.534545480102079,-12.70942355787206,12.319750438079382,300,-13.166691334172134,0.43662315637027377,José Caballero,34.69387755102041,340.0,0.1031711952658071,0.0117561881299625,-3.809222156877965,89.46025694611116,-3.809222156877973
543877,2024,313,-17.338330242178163,-0.05539402633283758,0.4582472909286458,-15.32591193367875,-33.23641579970255,-29.378744920789934,-3.8576708789126144,15.54100097841155,300,-13.547771906332557,0.5522282488254556,Christian Vázquez,,,,,,,
680474,2024,460,-19.610279992647598,-0.04263104346227739,0.41093583789238997,-12.577219185520205,-25.578626077366433,-16.40506850285244,-9.173557574513993,11.495989341387475,300,-14.298598776913924,0.4029257364412086,Max Schuemann,21.524663677130047,192.0,0.1205075815976648,0.0149650437372904,5.839367478633859,116.1569554852317,5.839367478633863
642350,2024,447,-22.817207297798873,-0.05104520648277153,0.48434198732112066,-17.48346273050286,-30.627123889662915,-23.467735208728673,-7.159388680934242,13.745153943308155,300,-14.401868320576352,0.4910227067707226,José Siri,35.56298773690078,319.0,0.1171868740915627,0.0109208299467701,-9.840582884648503,72.7720750239209,-9.84058288464851
594807,2024,328,-19.573434942058654,-0.05967510653066663,0.4504893844891776,-14.841322796026954,-35.80506391839997,-27.148761212244427,-8.656302706155547,14.924469062897453,300,-15.465928692988104,0.5321352666043608,Adam Duvall,33.64779874213836,214.0,0.1212696183495363,0.0132026829826411,-7.200967119766316,80.07563222722523,-7.200967119766318
672279,2024,334,-18.17650240499943,-0.05442066588323182,0.4076591589429471,-13.413890634419134,-32.652399529939096,-24.096809522908625,-8.555590007030471,13.38367004270699,300,-15.89951623548722,0.4777110181151877,Michael Siani,,,,,,,
686676,2024,395,-22.39650883165878,-0.05670002235862983,0.45657378104976437,-19.50631761294875,-34.0200134151779,-29.62984953865633,-4.390163876521569,13.78363203913426,300,-16.07785697854264,0.4924200639725265,Korey Lee,35.20710059171598,238.0,0.1230046299780956,0.0105045715553598,-11.136214249655712,69.18719046813868,-11.136214249655714
680869,2024,546,-27.878479933139126,-0.051059487057031366,0.4597843718250887,-16.561242152722517,-30.63569223421882,-18.199167200793976,-12.436525033424843,11.806172772905141,300,-16.8925310981354,0.41579960194170473,Zack Gelof,29.76791120080727,295.0,0.1316478315020574,0.0116552415140331,-7.059229240583715,80.46780699836332,-7.05922924058372
593160,2024,336,-20.31400958808748,-0.060458361869307975,0.41598373245444165,-5.4263941519982675,-36.27501712158478,-9.689989557139764,-26.585027564445017,13.616263870305266,300,-17.458687151089002,0.48631447585789095,Whit Merrifield,25.588235294117645,174.0,0.1136790864901505,0.0148120278695673,2.914013435536198,108.06278856975452,2.9140134355361997
606115,2024,602,-29.057145983281167,-0.04826768435760991,0.4285980690933152,-19.42845343831163,-28.960610614565947,-19.36390708137372,-9.596703533192226,10.481011919757744,300,-17.68495744015314,0.3593571896444914,Orlando Arcia,27.47631352282515,319.0,0.1206973250539151,0.0118178218841458,-2.107301354075359,94.1693044158732,-2.10730135407536
663647,2024,394,-22.06015523266335,-0.05599024170726739,0.40873420955102374,-19.09976148718802,-33.59414502436043,-29.08593119876348,-4.50821382559695,12.35503919681737,300,-17.820295259075095,0.43803084067283626,Ke'Bryan Hayes,28.187919463087248,210.0,0.1053862531251149,0.0148133601740038,-0.613417737911595,98.30273345160188,-0.6134177379115957
572191,2024,301,-21.268016176750976,-0.07065786105232882,0.4260504537584088,-15.702337597132104,-42.394716631397294,-31.300340725180273,-11.09437590621702,14.734283940293285,300,-18.835382710424113,0.5257443044556378,Michael Taylor,,,,,,,
592273,2024,361,-30.51314653860692,-0.08452395163049009,0.3742734124311697,-26.573747922504936,-50.714370978294056,-44.16689405402483,-6.547476924269226,11.819160392563253,300,-28.594118390508378,0.41633384368081966,Brandon Drury,26.79355783308931,183.0,0.1152560135408576,0.0161252271610626,0.0016815977414916,100.00465281555798,0.0016815977414936
592450,2025,677,75.63332879947454,0.11171835864028735,0.538352876218673,81.25654386145634,67.03101518417242,72.01466221103959,-4.983647026867175,12.4143490951481,300,33.541978022884244,0.5226025721931702,Aaron Judge,22.67441860465116,312.0,0.1486192414198174,0.0102909421905556,-0.2016238850922685,99.45602064995688,-2.304383420044233
660271,2025,721,54.7288546151287,0.07590687186564313,0.5181495462096715,59.37756026859429,45.54412311938588,49.412671513393306,-3.8685483940074263,11.578138494260038,300,24.76857427889382,0.4877532965550512,Shohei Ohtani,26.098535286284957,392.0,0.1077901498631266,0.0127939898577988,5.120369715277013,113.81470944487673,3.214230803776866
665742,2025,714,49.856523885196935,0.0698270642649817,0.5172207701611902,47.52816166742763,41.89623855898902,39.93963165330053,1.9566069056884885,11.613900504024429,300,22.839933773188417,0.48929447929156006,Juan Soto,15.877251501000666,238.0,0.1298350628942937,0.0191251961040303,14.185734442002254,138.27297841281748,12.067795291159
663728,2025,705,50.42964265728153,0.07153140802451281,0.5809914023277242,47.106646891345214,42.91884481470769,40.090763311783164,2.828081502924526,13.128841265563977,300,20.918844340891457,0.5504252038139885,Cal Raleigh,32.018408941485866,487.0,0.1103972994493768,0.0130173984023942,-0.2358052583118099,99.36379962575114,-2.3379177619978746
701762,2025,487,39.46300207601627,0.08103285847231266,0.5603073842856717,41.026639566077115,48.6197150833876,50.54616784321616,-1.926452759828564,15.233970695763496,300,20.193929420106656,0.6224174216848193,Nick Kurtz,22.39422084623323,217.0,0.1003750657614289,0.0182536404051295,7.094073985153194,119.13974504476737,5.372852047749165
656941,2025,727,50.55283190632814,0.06953621995368382,0.6000804398133432,45.60703862943956,41.72173197221029,37.63992183997763,4.081810132232661,13.353450956465236,300,20.05573161374853,0.5588055057221983,Kyle Schwarber,21.648835745752045,344.0,0.1515435302242933,0.0131010418757978,2.5280017479097308,106.82052499438002,0.4636001160088829
543807,2025,582,39.30150259283359,0.06752835497050445,0.5385224156825847,45.26101861074068,40.517012982302674,46.66084392859864,-6.143830946295964,13.393483386801963,300,19.468786279317715,0.5602809909092271,George Springer,20.64343163538874,231.0,0.0921753447478465,0.0153010881651506,12.349149797168016,133.3178902746293,10.572200817717508
665489,2025,677,34.737405236969394,0.051310790601136476,0.4797798585467089,32.45120671806327,30.786474360681886,28.76030137494529,2.026172985736597,11.06366273113454,300,17.84012650808236,0.46508148317117987,Vladimir Guerrero,21.67889160554197,266.0,0.1116640385086139,0.0138945116526037,6.888275076585378,118.58450152056348,5.347285329411051
518692,2025,624,35.602628440406875,0.05705549429552384,0.5330422108162427,26.032529622920922,34.233296577314306,25.031278483577807,9.202018093736498,12.803259767728049,300,17.40374121103253,0.5379681643679438,Freddie Freeman,28.55953372189842,343.0,0.1035883951350079,0.0131206739059149,3.0456532243891763,108.21714382054384,1.4810830924151306
672695,2025,718,35.53262780449854,0.04948833956058292,0.4924847438337593,33.39515001576926,29.693003736349752,27.906810598135873,1.7861931382138785,11.027620441446768,300,17.298618078590017,0.4634582982840353,Geraldo Perdomo,19.04406273338312,255.0,0.0874227706788336,0.0167370116559106,15.135490850053197,140.83541228970867,13.594033044706949
608070,2025,669,33.670175618288475,0.05032911153705303,0.5017938942854859,31.708093913536217,30.19746692223182,28.43775238882172,1.7597145334100972,11.640283671412655,300,16.83440516367726,0.4904285685208214,José Ramírez,29.175784099197667,400.0,0.0955648185951918,0.0137583131774718,4.84222151774978,113.06426821794922,3.059837597864912
663656,2025,596,30.929408581770904,0.05189498084189749,0.49260414582416734,27.631943893100363,31.136988505138493,27.817393180973518,3.3195953241649754,12.106711213175224,300,16.75951777812695,0.5100701032917039,Kyle Tucker,17.59927797833935,195.0,0.1153974961433512,0.0145859005053685,13.137386791122752,135.4445462879048,11.21412548481842
663757,2025,580,32.25603706777405,0.05561385701340354,0.5494038625062325,26.483968534603715,33.36831420804212,27.397208828900396,5.971105379141726,13.687652218598478,300,16.000637418195563,0.5709563815462493,Trent Grisham,17.290552584670234,194.0,0.1141840712262455,0.0207520817868738,13.78140933498263,137.18211306805935,11.695199351151452
660670,2025,411,23.137167302072246,0.05629481095394707,0.47362097645486473,28.65536710546821,33.77688657236824,41.832652708712715,-8.055766136344474,14.017199945449484,300,15.81788982338417,0.5825709176426903,Ronald Acuña,23.24510932105869,202.0,0.1022786457398869,0.0198681444039249,9.516318045319952,125.67493678999313,7.1563792226155964
665487,2025,690,30.202248521040353,0.04377137466817443,0.4712005196546232,28.569245630441127,26.262824800904657,24.84282228734011,1.4200025135645475,10.762978326841633,300,15.739263683173787,0.4514015628425178,Fernando Tatís,24.40775305096913,340.0,0.1260319040025067,0.0116204057763062,2.754456338102029,107.43149735378437,0.7957623954521693
646240,2025,728,34.21448827042362,0.0469979234483841,0.5306573120011323,27.16539098670903,28.198754069030457,22.389058505529423,5.809695563501034,11.800481097061681,300,15.64338911845027,0.497261671081651,Rafael Devers,25.73623559539053,402.0,0.1071238496981961,0.0126184260361756,8.711721836296727,123.50414376796934,6.656763343765926
621439,2025,540,28.02089680398129,0.05189054963700239,0.5249606626919453,29.0905118165171,31.134329782201434,32.32279090724122,-1.1884611250397867,13.554426026799423,300,15.177404728618894,0.5661578695865859,Byron Buxton,29.751243781094526,299.0,0.1393570263426481,0.0112383164576996,-6.7395922430509225,81.81664336914851,-8.527325094060089
686948,2025,447,26.958995319672855,0.060310951498149565,0.5538021702165322,12.205788061221073,36.18657089888974,16.383608135867213,19.802962763022528,15.716366292888688,300,15.016215704399851,0.6369547624220298,Drake Baldwin,28.78612716763006,249.0,0.0875279370409069,0.0171494655539953,5.706216016885083,115.39531726933208,4.155169233971107
669257,2025,434,23.86043090251924,0.05497795138829318,0.5045364570596991,21.279086996927663,32.98677083297591,29.418092622480643,3.568678210495264,14.531114966438428,300,14.965381706252824,0.5999724677901096,Will Smith,19.41431670281996,179.0,0.1209330137350389,0.0154548460826766,13.381194746022365,136.10233786245436,11.23774633318238
677951,2025,685,28.844820352305117,0.0421092267916863,0.49109990045110447,29.497861755025866,25.26553607501178,25.83754314308835,-0.5720070680765694,11.258377604158849,300,14.692941892739722,0.47377185343602246,Bobby Witt,30.84935897435897,385.0,0.0753074916395131,0.0135601291009381,6.07701381388932,116.39572624627188,4.741414682379449
666182,2025,627,29.12556913338072,0.04645226337062316,0.5313332392644929,19.44374946404313,27.871358022373894,18.60645881726615,9.264899205107742,12.731643383415522,300,14.533845408418374,0.5351785237779719,Bo Bichette,35.22438611346317,416.0,0.0908941346725202,0.0124043500249653,-1.1555634970871769,96.8823005280779,-2.758184157743928
571970,2025,387,26.362431105006827,0.06811997701552151,0.592851713919123,17.737999681005252,40.87198620931291,27.50077469923295,13.37121151007996,18.08180775838012,300,14.364034362623816,0.6990080303169407,Max Muncy,20.12048192771084,167.0,0.124688856028055,0.0201784450984308,9.453240038266973,125.50475291885604,7.511773181441436
606466,2025,553,26.106042459442218,0.04720803338054651,0.5161541872411604,28.955364545449584,28.324820028327906,31.416308729240054,-3.091488700912148,13.169465217280763,300,14.318951668769122,0.5519537491147584,Ketel Marte,25.0,267.0,0.0769448272333159,0.0165681025806246,10.83082667487778,129.22146873786087,9.085310463871217
666018,2025,421,22.519343137473363,0.0534901262172764,0.5098432195592845,19.908073716011828,32.09407573036584,28.372551614268637,3.7215241160972,14.908942865468825,300,14.25109150196539,0.6122282844072258,Jonathan Aranda,28.276699029126213,233.0,0.0905645760417126,0.0150410480397603,7.1424011163250665,119.2701311911919,5.131634877866652
592885,2025,645,27.81844502830288,0.04312937213690369,0.5222665877534133,14.285301760083502,25.877623282142213,13.288652800077676,12.588970482064537,12.338536086328624,300,13.9655532250317,0.5195452182715123,Christian Yelich,25.72298325722983,338.0,0.1405784355638883,0.0111661598305776,-2.066366477613247,94.42496263312972,-3.784693619928392
665161,2025,545,24.616570953369973,0.04516802009792655,0.5093248657299319,22.17680036342408,27.10081205875593,24.4148260881733,2.6859859705826317,13.090248123628207,300,13.842653420812988,0.5489677969562131,Jeremy Peña,35.92233009708738,333.0,0.0836050080728944,0.0129941408956795,-0.7120224891386396,98.07897000556022,-1.9749484869899407
641355,2025,656,28.30959535674151,0.04315487097064255,0.5371496214206616,19.962397217772416,25.89292258238553,18.25829013820648,7.634632444179051,12.583301561145793,300,13.748110037169054,0.5293430677197752,Cody Bellinger,30.275229357798167,396.0,0.0751667554772688,0.0131301568406488,6.634729336405375,117.9004374927019,4.994344883029502
682998,2025,641,26.197714984748067,0.040870070179014145,0.5118039547145525,27.472007088085576,24.522042107408488,25.7148272275372,-1.1927851201287112,12.129024491059358,300,13.498805469145434,0.510990371660538,Corbin Carroll,31.774960380348656,401.0,0.1131380384264785,0.0114043852597501,-1.534011588021624,95.86125112990084,-3.3766339262088865
621566,2025,723,29.158192308941356,0.04032944994321073,0.5359417269871815,27.424630774550415,24.197669965926437,22.759029688423578,1.4386402775028593,11.959132375154741,300,13.490011127918269,0.5039390124260383,Matt Olson,25.03105590062112,403.0,0.110705528126946,0.0134443553263728,9.18521268671444,124.78161763939944,6.783668485221801
593871,2025,521,24.206927766575753,0.04646243333315883,0.5274448809633231,14.815837009709831,27.877459999895297,17.062384272218615,10.815075727676682,13.864667869503723,300,13.488185583535586,0.5772399847717786,Jorge Polanco,26.859903381642518,278.0,0.1147150604906486,0.0148308593514737,1.3702748979365562,103.69698881667132,-0.2634356254240764
696100,2025,577,26.29358126120988,0.045569464924107246,0.5447255893344393,18.114969168425116,27.34167895446435,18.837056327651766,8.504622626812584,13.60633380159402,300,13.486216275661318,0.5680345857218069,Hunter Goodman,36.9449378330373,416.0,0.114810350778315,0.0105555025259933,-8.85100648355097,76.12006756071489,-10.591521408809898
683737,2025,591,25.11955978435671,0.04250348525271863,0.514195834386717,31.456194849156674,25.502091151631177,31.935223197113377,-6.4331320454822,12.690714206315855,300,13.468696198236659,0.5335761666501718,Michael Busch,23.160762942779293,255.0,0.1148502511846998,0.0150246929721481,7.64678746951944,120.63096083920576,5.7444340028819845
695578,2025,689,27.263988433662206,0.03957037508514108,0.5182192356935004,17.691469661030595,23.74222505108465,15.406214508880055,8.336010542204594,11.845548326824023,300,13.36329305216779,0.4991675578724904,James Wood,24.52431289640592,348.0,0.1579334042807106,0.0089627936298104,-4.064422615739702,89.03422592120535,-6.137655219328574
650402,2025,628,24.01483486487951,0.038240182905859094,0.4784412638762404,10.29981611093031,22.944109743515455,9.84058864101622,13.103521102499235,11.455130930632206,300,13.298475429083878,0.48241761844216074,Gleyber Torres,17.20510894064613,229.0,0.1162430596811243,0.0157176706496315,17.55347545699475,147.35911207010136,15.309510195645316
647304,2025,602,25.36221659233387,0.04212992789424231,0.5282722229933382,18.33047726605126,25.277956736545384,18.269578670482986,7.008378066062399,12.918461060226125,300,13.166732728185695,0.5424179776416651,Josh Naylor,37.16730038022813,391.0,0.0799868986701152,0.0128941270500268,-0.3896316802299454,98.94877738284478,-1.8573598299258047
624413,2025,705,28.108185738131983,0.03986976700444253,0.5691211834182203,21.45231050109542,23.921860202665517,18.257285532847167,5.66457466981835,12.860606280973851,300,12.592952911523744,0.54018903816197,Pete Alonso,27.746077032810277,389.0,0.1125957048202871,0.0132016820016821,1.4221881025383123,103.8370501555598,-0.3586356386715712
673548,2025,651,25.798565181923216,0.03962913238390663,0.5471627173282773,13.827665201130321,23.77747943034398,12.744391890442692,11.033087539901288,12.86699860234166,300,12.521423796423898,0.5404358846479811,Seiya Suzuki,20.45977011494253,267.0,0.1032153134496655,0.016637632922503,12.880880265330743,134.75249408824453,10.89931736613087
701350,2025,300,15.54902599480028,0.051830086649334264,0.4800965920833998,16.828634823413957,31.09805198960056,33.65726964682791,-2.5592176572273537,16.631033800582365,300,12.444437400000517,0.6626904388890074,Roman Anthony,20.401854714064918,132.0,0.1236866346784989,0.0252413826299982,6.312049136611471,117.02984934152454,4.507296157781592
668930,2025,654,22.987016163742158,0.03514834275801553,0.4853796914640153,20.96506081126686,21.08900565480932,19.234000744281524,1.8550049105277964,11.387908722618862,300,12.39160872559085,0.4794791036486979,Brice Turang,23.740458015267176,311.0,0.1182202915742955,0.0129486549228378,6.1317305004578415,116.54335135320024,4.091919011444227
671056,2025,453,20.712497915713858,0.045722953456321984,0.5391822533303773,15.886652170513175,27.43377207379319,21.04192340465321,6.3918486691399785,15.199795283731822,300,12.220346697356332,0.6213612121938576,Iván Herrera,25.485714285714284,223.0,0.1122578056813116,0.0122922117440268,6.787204195692972,118.31181323231344,4.839744295978177
547180,2025,580,20.8702865569002,0.03598325268431069,0.5094866936460001,23.052597781107153,21.589951610586414,23.847514945972918,-2.2575633353865037,12.693170085878247,300,11.64218580087543,0.5336724786689631,Bryce Harper,35.662063363119415,439.0,0.1003077431332013,0.0100190727762981,-3.985832903550339,89.24626022724644,-5.516193361326178
680776,2025,696,23.18065764847801,0.033305542598387944,0.5119213461998946,16.74227834560816,19.983325559032767,14.432998573800138,5.55032698523263,11.642597130612558,300,11.627878632240375,0.49052789558559057,Jarren Duran,31.40929535232384,419.0,0.1194717578404233,0.0094738606624855,-5.669126389251401,84.70475019799343,-7.0779158869975145
683002,2025,650,20.489412113048243,0.03152217248161268,0.47346317144634437,14.873925943510484,18.91330348896761,13.729777794009676,5.183525694957934,11.142452077718938,300,11.432556381496758,0.4686139768983751,Gunnar Henderson,27.862289831865496,348.0,0.1188170305521366,0.0116816123515693,-0.3654264089357583,99.01408297766656,-2.09702837772303
661388,2025,656,20.916116647229604,0.0318843241573622,0.4831306787919373,10.296725121344757,19.13059449441732,9.417736391473865,9.712858102943455,11.317850338609896,300,11.422043448428507,0.4763996205633384,William Contreras,25.196850393700785,320.0,0.1193442752785944,0.0115874010192946,4.348745393622561,111.73287426558252,2.419825774769308
656811,2025,546,20.124766957125637,0.036858547540523146,0.5214362751997408,16.207247678867592,22.11512852431389,17.81016228446988,4.30496623984401,13.389247508852218,300,11.38011507653253,0.5601251267533341,Ryan O'Hearn,27.104532839963,293.0,0.1459594756304735,0.0102623361412769,-4.252555000779116,88.52664651170747,-6.439708199719311
650490,2025,651,21.711466508026355,0.03335094701693757,0.5122705437644363,27.149833501304276,20.010568210162543,25.02288801963528,-5.012319809472736,12.046479341324016,300,11.350883909038787,0.5075771360009127,Yandy Díaz,24.05891980360065,294.0,0.1165177971766601,0.0132020760441207,4.168495039262603,111.24656050089683,2.488443878204704
596019,2025,729,21.360900871301858,0.02930164728573643,0.4796323294845594,21.042703914279034,17.580988371441858,17.319097871834597,0.2618904996072615,10.658496210767987,300,11.047042089413278,0.4465748850012514,Francisco Lindor,26.91761363636364,379.0,0.1140782334975868,0.0106414317897428,1.725236734267538,104.65467252031128,0.0003050284168026
609280,2025,338,15.239152003039809,0.045086248529703575,0.5123067822028919,9.360926024575308,27.051749117822144,16.61702844599167,10.434720671830473,16.7194892189319,300,11.022521996363743,0.6650578252332614,Miguel Andújar,35.80645161290323,222.0,0.0766168436546516,0.0166109269565303,1.1815852084568454,103.18790580502298,-0.1149826593603782
669065,2025,456,18.167389725598003,0.03984076694210088,0.5399270522976749,23.224216469336387,23.90446016526053,30.5581795649163,-6.65371939965577,15.170640494133886,300,10.902951963988489,0.6204573751148774,Kyle Stowers,28.061831153388823,236.0,0.1114711285644844,0.0157294267511586,2.648781339210199,107.14638719837454,0.985715420339322
663853,2025,339,16.27662988015512,0.04801365746358442,0.56417689938507,14.047062929911855,28.808194478150654,24.86205828302983,3.9461361951208254,18.385129826177455,300,10.553122194549815,0.7059615688930599,Romy Gonzalez,35.256410256410255,220.0,0.1124999765895816,0.0140212319703007,-5.701145491726497,84.61836295996656,-7.280234183843658
687462,2025,411,15.492549634500538,0.0376947679671546,0.5241964833998193,10.280862697043842,22.616860780292757,15.008558681815828,7.60830209847693,15.514023414917284,300,10.20807574434036,0.6309407302176598,Spencer Horwitz,23.354037267080745,188.0,0.1265844795857436,0.0132520871313418,4.605372090900585,112.42525068678444,2.747490459935852
608369,2025,441,15.133153880590829,0.03431554167934428,0.5002047347125939,16.82806516992576,20.58932500760657,22.89532676180376,-2.3060017541971902,14.291563848931254,300,10.147266707938323,0.5919674782904193,Corey Seager,23.1042654028436,195.0,0.1497555134556076,0.0104837168289497,-0.3549984948047726,99.04221739214174,-2.411116918854712
682829,2025,698,19.71739392420597,0.028248415364191936,0.5185721658367923,6.78724790696815,16.94904921851516,5.834310521749127,11.114738696766032,11.77694756796851,300,10.001703954768153,0.49626357485820116,Elly De La Cruz,28.56109906001446,395.0,0.1056028109861574,0.0123169011218942,1.135291477828104,103.0630057541834,-0.5976310178130113
607208,2025,640,16.44865796449484,0.025701028069523187,0.46515170388507004,22.224962781607548,15.420616841713912,20.835902607757077,-5.415285766043166,11.032041313387607,300,9.638401374367398,0.4636576389599784,Trea Turner,31.377343113284432,385.0,0.111900339342173,0.0103466037562306,-2.7932447578045787,92.46385185382894,-4.4689493007905545
545361,2025,557,15.234232093797194,0.027350506452059595,0.47024724156828523,13.095842940583871,16.410303871235758,14.106832611041872,2.303471260193886,11.955009057595811,300,9.629323367558868,0.5037666009371105,Mike Trout,20.930232558139537,252.0,0.1272876662591889,0.0156738889476182,9.179999049973471,124.7675512963944,6.772427151989698
575929,2025,562,16.451423938151237,0.02927299633122996,0.5295549206362596,10.627019619506896,17.563797798737976,11.34557254751626,6.218225251221716,13.402755667496535,300,9.370838273463349,0.5606219620012625,Willson Contreras,30.732177263969174,319.0,0.1082672770404478,0.0124297126736023,-2.0645563594996714,94.42984631481492,-3.7112939824118985
805779,2025,521,15.284429357248241,0.029336716616599312,0.5140326126849953,11.120680428184656,17.602029969959588,12.806925637064863,4.795104332894725,13.512106584396424,300,9.32904047260504,0.5646210770385891,Jacob Wilson,32.52720677146312,269.0,0.0834775627832315,0.0148008382684303,-0.2414407015524333,99.34859525276806,-1.3830838180229423
630105,2025,514,13.57242811046423,0.026405502160436245,0.46001621228377226,11.841749747657051,15.843301296261746,13.823054180144418,2.0202471161173285,12.174267178307185,300,9.230828817581436,0.512850900330798,Jake Cronenworth,22.33940556088207,233.0,0.1368891012307356,0.0141901881129338,5.854798497587795,115.7961914080457,3.900748514176589
686555,2025,440,13.782223387592278,0.03132323497180063,0.51309058734059,7.88653035267019,18.79394098308038,10.754359571822986,8.039581411257393,14.676380397699019,300,9.212359212081962,0.6047376063592855,Isaac Collins,18.401937046004843,152.0,0.1250961063730267,0.0173566434520475,10.932628042505632,129.49612787246863,9.190076140134371
595777,2025,374,12.158128121688005,0.032508363961732636,0.4991787922598065,10.930458781965617,19.505018377039583,17.535495372137355,1.9695230049022285,15.487152515047613,300,9.072993016323153,0.6301330385609979,Jurickson Profar,24.08575031525851,191.0,0.1082548340464331,0.0170550420351502,5.7529662815580025,115.52144904473894,3.752394737451533
664023,2025,662,16.243128345957892,0.02453644765250437,0.4904184138881069,13.627736700240552,14.721868591502622,12.35142299115458,2.3704456003480416,11.436391763289167,300,9.052412541940242,0.48160007102614655,Ian Happ,20.62992125984252,262.0,0.1112099894855375,0.0164630107249183,10.866763134214503,129.31842496794192,8.845721236536267
657656,2025,488,14.787471478500795,0.03030219565266556,0.5454800901843431,18.65228292381711,18.181317391599336,22.93313474239809,-4.751817350798753,14.815634074853936,300,8.901585693844536,0.6092431455579215,Ramón Laureano,25.90618336886993,243.0,0.1012454821284145,0.0158288790200134,6.086545632347367,116.42144300302998,4.312053211271721
596115,2025,651,16.877350134596405,0.02592526902395761,0.5415426964537791,6.133769079706796,15.555161414374567,5.653243391434835,9.901918022939732,12.734839011698512,300,8.80743880308322,0.535303384106654,Trevor Story,35.527426160337555,421.0,0.1094978439256526,0.0101875845348594,-6.632052076964819,82.10678572814669,-8.00581333436227
666160,2025,461,13.541723016555842,0.029374670317908552,0.5265806760209635,10.893343745840095,17.624802190745132,14.177887738620514,3.4469144521246182,14.715184287321271,300,8.731728457368087,0.6059992134268661,Mickey Moniak,37.9746835443038,300.0,0.1001067260037316,0.0143325275304399,-5.102148146073449,86.23445217785257,-6.349848848134454
665862,2025,532,15.063556298495067,0.028314955448298998,0.5493827728029161,18.296016438948136,16.9889732689794,20.634605006332485,-3.645631737353085,14.291258381466394,300,8.678351072077367,0.591957152717016,Jazz Chisholm,26.79558011049724,291.0,0.1158091343940072,0.0136629840403911,2.390052713919657,106.44833979511826,0.4456104213823684
695734,2025,351,11.210853969409408,0.031939754898602304,0.5133829767732112,14.344875411287108,19.163852939161384,24.52115454920873,-5.357301610047347,16.441413653130848,300,8.502347465310104,0.6575449505104057,Daylen Lile,26.860841423948216,166.0,0.0964588581147448,0.0197804096209634,3.0547051260124136,108.24156576618492,1.4967961274986767
643565,2025,384,10.497721376614383,0.027337816084933287,0.47770060542453835,8.524692401787354,16.40268965095997,13.31983187779274,3.0828577731672304,14.626534163859013,300,8.28908323256045,0.6031100263227135,Mike Tauchman,23.89261744966443,178.0,0.1145509135472578,0.0166965813908427,7.47439277383374,120.16584156790972,5.6376951476756005
691406,2025,651,16.260580731142966,0.024977850585473065,0.5731098120683598,15.851246276865437,14.98671035128384,14.60944357314787,0.3772667781359704,13.477166695273263,300,8.205713115808692,0.5633476929060471,Junior Caminero,32.17665615141956,408.0,0.1201471745000797,0.0126442615272633,-5.370420857993596,85.51065491842647,-7.1395998447518
677594,2025,707,15.919417848654726,0.02251685692879028,0.5286646520188796,15.643748283291911,13.510114157274167,13.2761654455094,0.23394871176476606,11.929488331914474,300,8.20143571382202,0.5026981397223096,Julio Rodríguez,36.30522088353413,452.0,0.0860171622170702,0.0114469620706872,-0.545863906522359,98.52726430231148,-2.0442599800163825
664040,2025,554,13.787798029708167,0.0248877220752855,0.5344787632294395,9.48457913698104,14.932633245171301,10.272107368571524,4.6605258765997775,13.624696029039114,300,8.11800855377912,0.5686962918507874,Brandon Lowe,31.88405797101449,330.0,0.1196111521736914,0.0099209120878378,-6.168726012388772,83.35683510275713,-7.85781209426268
592518,2025,678,15.107079150552844,0.02228182765568266,0.5229431728031811,11.965180176654023,13.369096593409598,10.58865502358763,2.780441569821967,12.050106935554398,300,8.078903231719387,0.5077276446445189,Manny Machado,29.86322188449848,393.0,0.1244465512947181,0.0104118044813366,-3.138903334285463,91.5312682579675,-5.066464509861987
686469,2025,683,15.946777048877468,0.023348136235545342,0.5595955448160919,13.640865514252983,14.008881741327205,11.983190788509209,2.025690952817996,12.847397065622545,300,8.040502879308757,0.5396784984712686,Vinnie Pasquantino,30.62352012628256,388.0,0.1200071598679147,0.0101333813489326,-5.589023180854763,84.92086790259987,-6.999255947021164
686217,2025,593,12.763658117694126,0.021523875409264967,0.4750269681193679,14.528380415337427,12.914325245558981,14.699879003714091,-1.7855537581551104,11.704211732289957,300,8.000129615639059,0.4931662955430125,Sal Frelick,26.20817843866171,282.0,0.0874261707134517,0.0140940897691796,7.175991013949946,119.36075641979332,5.601887798730257
553993,2025,660,15.71341502838238,0.023808204588458153,0.5806982174832205,17.07838906571291,14.284922753074891,15.52580824155719,-1.2408854884822986,13.562188475614967,300,7.864234309506666,0.5664390982691431,Eugenio Suárez,31.665363565285386,405.0,0.1364452383189179,0.0114636958463076,-7.155865356120664,80.69354241618115,-9.105764318276178
672515,2025,307,9.424485953521568,0.0306986513144025,0.5262730571973282,5.386255518815717,18.4191907886415,10.526883750128437,7.892307038513064,18.02159391153387,300,7.627665062143144,0.6976025619543433,Gabriel Moreno,26.29032258064516,163.0,0.0777786913398717,0.0186641325308351,9.910620103392077,126.73876004274209,7.843865011584196
670770,2025,687,12.446452485841952,0.01811710696629105,0.44550482286664184,14.45395947511349,10.870264179774631,12.623545393112218,-1.753281213337587,10.198241492324808,300,7.505054492579049,0.42487230659675274,TJ Friedl,17.862969004893962,219.0,0.1373290033112437,0.0107127130357032,6.565129510332088,117.71265781504547,5.115046520928926
608324,2025,494,11.410383049313024,0.023097941395370494,0.5281571969021207,14.778251716043707,13.858764837222296,17.94929358223932,-4.090528745017025,14.257749428490863,300,7.413468432056676,0.5908226310011436,Alex Bregman,20.10928961748634,184.0,0.1166331061670807,0.0172392472468101,8.677658581643206,123.41224142654636,6.889808709403317
681481,2025,464,10.828893289879925,0.023338132090258458,0.5280315208333227,13.023392869234968,14.002879254155074,16.84059422745901,-2.837714973303937,14.70794877439303,300,7.3072841842766225,0.6057643286844253,Kerry Carpenter,34.345794392523366,294.0,0.1176049484201282,0.0130086109288213,-7.538270194335387,79.66181775097,-8.84419687850528
621493,2025,663,13.236611627893707,0.019964723420654158,0.5459006094953522,10.001681421256158,11.978834052392495,9.051295403851727,2.927538648540768,12.720613735885197,300,7.1505525489877915,0.5347472961394787,Taylor Ward,20.64896755162242,280.0,0.1631171360572776,0.0103923931620265,0.9056441937025406,102.44341953650576,-1.1118592482375396
701538,2025,485,10.278743900227415,0.021193286392221473,0.506634438690043,7.498149512766665,12.715971835332883,9.276061252907216,3.439910582425668,13.80305088104882,300,7.099759826846798,0.5750646094931746,Jackson Merrill,37.85046728971962,324.0,0.1069010337354507,0.0118749331764388,-6.987563994902882,81.14761790949251,-8.321088868945168
643217,2025,472,10.210493471354754,0.021632401422361766,0.5223262488881927,5.867833017187399,12.97944085341706,7.459109767611101,5.520331085805959,14.425208609655376,300,6.99716659354366,0.5964561376792471,Andrew Benintendi,28.929384965831435,254.0,0.1047029792484743,0.0155198490205162,0.1049612925482857,100.28318458239198,-1.404332535033271
670623,2025,438,9.819029301056947,0.022417875116568373,0.5251263595972643,11.079129615444849,13.450725069941024,15.176889884171025,-1.7261648142300015,15.054904817937503,300,6.973258604018099,0.6168439319868593,Isaac Paredes,21.49532710280374,207.0,0.0858994745164824,0.0182027563023236,15.583865155875534,142.0451219595013,13.462509886138834
676475,2025,547,10.676931663986778,0.019519070683705262,0.5195114539971393,11.733062042782361,11.711442410223157,12.86990352041941,-1.158461110196253,13.327623462828873,300,6.823723060994256,0.5578506710240408,Alec Burleson,28.870292887029287,276.0,0.1066957639494735,0.0144873116361016,-0.4445463731875868,98.80061805653656,-1.877465438252209
667670,2025,699,12.433547673395214,0.017787621850350807,0.5287803642186969,17.264629905001186,10.672573110210484,14.819424811159816,-4.146851700949332,12.00018612695262,300,6.767506548476282,0.5056523322389016,Brent Rooker,26.66163141993957,353.0,0.1411906968261371,0.0098060629431674,-5.531508067125941,85.0760431397477,-7.142269631059352
682985,2025,655,12.610131652282238,0.01925210939279731,0.5765043238505654,11.02569330111067,11.551265635678385,10.099871726208246,1.4513939094701396,13.515532752114154,300,6.693593087149602,0.5647457208569213,Riley Greene,31.484257871064468,420.0,0.127920452876342,0.0115872265623301,-3.939335249979428,89.37171046027046,-5.622849433479124
679529,2025,648,11.144358939103213,0.017198084782566687,0.5014658242095913,11.710465939337698,10.318850869540013,10.843024017905277,-0.5241731483652643,11.819662827730106,300,6.648492199940653,0.49807374544354427,Spencer Torkelson,22.5253312548714,289.0,0.1597258892146398,0.0099465459103066,0.000110941858397,100.00029932009294,-2.270055608505387
676059,2025,352,7.409677340527439,0.0210502197174075,0.49720363370529375,6.135580128684094,12.6301318304445,10.458375219347886,2.1717566110966136,15.900625632087173,300,6.412147277586486,0.6423280397654925,Jordan Westburg,26.794258373205743,168.0,0.1008492387506121,0.0199635232387744,3.253282118404459,108.77732462831332,1.4913600792449295
680977,2025,515,8.60122961400742,0.016701416726227998,0.4600735821085115,10.926531886403595,10.0208500357368,12.72994006182943,-2.70909002609263,12.16395856806593,300,6.397420026249799,0.5124276146274245,Brendan Donovan,24.945295404814004,228.0,0.0884994587239101,0.019011424143568,7.494784031945806,120.2208569909549,5.85654382477924
681624,2025,623,9.653305554484739,0.01549487247910873,0.5015991474459561,10.450720452228458,9.296923487465238,10.06489931193752,-0.7679758244722823,12.05768729696147,300,6.072289699224685,0.5080420025752393,Andy Pages,33.51698806244261,365.0,0.1188302174147106,0.0098496646587295,-6.369907043688201,82.81405056809156,-7.822466082818865
666176,2025,571,10.153512023125357,0.017781982527364897,0.5739753437896162,6.412037161080329,10.669189516418937,6.737692288350609,3.931497228068328,14.412072331801209,300,6.068265022807214,0.5960174822459006,Jo Adell,32.95553618134263,378.0,0.1240048788696356,0.0112503137343727,-6.896788906265632,81.39252824684861,-8.592347415864284
607043,2025,650,10.327504118904919,0.015888467875238337,0.5368315633336344,9.564084677819459,9.533080725143002,8.828385856448731,0.7046948686942702,12.633759770541795,300,6.035112597729469,0.5313366552918638,Brandon Nimmo,24.55395072217502,289.0,0.0964150993430946,0.0145744612578845,8.098328218169877,121.8492135420363,6.311371975999979
669127,2025,521,8.983423303707875,0.017242655093489205,0.5373704558577634,16.589502399598185,10.345593056093524,19.104993166523823,-8.759400110430299,14.125576268261828,300,6.009317785669734,0.5863120278901113,Shea Langeliers,32.12809917355372,311.0,0.1036450187727169,0.0140651676102115,-1.0273139098258597,97.22831671108015,-2.532898677828248
694671,2025,571,8.603781981861482,0.015067919407813454,0.49324278858470244,10.706012007753916,9.040751644688072,11.24974992058205,-2.2089982758939772,12.38494096155401,300,5.86478436959325,0.5214190244627185,Wyatt Langford,23.59832635983264,282.0,0.1261111052312967,0.0122483604564979,5.225319346956514,114.09786256635414,3.445036455344685
687263,2025,550,7.867067884632926,0.014303759790241682,0.45286306517250224,10.674863599687114,8.582255874145009,11.645305745113216,-3.0630498709682072,11.586087588692997,300,5.833047889649119,0.48809625893776015,Zach Neto,30.4424778761062,344.0,0.1377598934232202,0.0116718773644556,-8.778875365093569,76.31467664147128,-10.516699327441492
664056,2025,501,7.691676386144803,0.015352647477334938,0.48998874005439963,10.515979176920998,9.211588486400963,12.593987038228741,-3.3823985518277784,13.134649482936018,300,5.7635407750503695,0.5506440965142627,Harrison Bader,32.87265547877591,333.0,0.1162184437365227,0.0112458277604532,-5.690542305833569,84.64697025601079,-7.317806356256547
642715,2025,685,9.22747683940473,0.013470769108620044,0.47826366848945573,5.070164508957951,8.082461465172026,4.44102000784638,3.6414414573256453,10.964109276460007,300,5.718398502979487,0.46058700259878776,Willy Adames,26.955307262569832,386.0,0.1252365459400356,0.0123008255559202,0.3908050721480948,101.05438841753988,-1.5164298677475876
656305,2025,533,7.960161106181412,0.014934636221728729,0.5161458579708443,9.154460724858016,8.960781733037237,10.305209071134728,-1.344427338097491,13.414055299294938,300,5.588366608569458,0.5610370891684411,Matt Chapman,20.0750469043152,214.0,0.1542157237543581,0.0147411285789788,3.6715312183505366,109.90575677533138,1.7540781432772312
663886,2025,341,6.3495227790262145,0.018620301404768957,0.5361964641629032,1.9322989809063758,11.172180842861374,3.399939555846996,7.772241287014379,17.42199989068056,300,5.555116484477223,0.6831386426325043,Tyler Stephenson,25.4014598540146,174.0,0.1148560324172628,0.0169165656696471,3.944907587338093,110.64332365363524,2.0433213751378085
672640,2025,591,8.005186067000205,0.013545154089678857,0.4975042743243433,0.5311237395631898,8.127092453807315,0.5392119183382638,7.587880535469051,12.278754784937444,300,5.449781722490851,0.5171200556207037,Otto Lopez,29.512893982808023,309.0,0.0814718985106895,0.0141669549004268,5.037047259469291,113.58990624096296,3.461515706032028
691016,2025,622,8.727941256901394,0.014032059898555296,0.5645859661652436,11.49268789006136,8.419235939133177,11.086194106168515,-2.6669581670353377,13.582700882428444,300,5.317042542804737,0.5671812700116139,Tyler Soderstrom,28.9908256880734,316.0,0.1168846805045256,0.0122076792698508,-1.4389531298371518,96.11771795810242,-2.993591667013586
694384,2025,562,6.918150605120546,0.012309876521566808,0.4529152399957492,6.826555749671452,7.385925912940085,7.288137811037137,0.09778810190294784,11.46304578277756,300,5.244303399815905,0.4827625523395652,Nolan Schanuel,24.368932038834952,251.0,0.084560782502804,0.0170394281844927,8.776693125001126,123.67943569523634,6.889826754930088
666158,2025,503,6.120698929279346,0.01216838753335854,0.44920990538605965,3.78103128109285,7.3010325200151245,4.510176478440775,2.790856041574349,12.0175678292499,300,5.097644739294659,0.5063759297725776,Gavin Lux,19.58041958041958,196.0,0.1229032512431333,0.0134204230198,10.275194507545397,127.72237836416728,8.412402363721618
672386,2025,502,6.753802867054293,0.0134537905718213,0.5362895508951178,2.2061153262822017,8.072274343092781,2.6367912266321136,5.435483116460667,14.36146443385032,300,5.027839962218598,0.594322368911641,Alejandro Kirk,29.003021148036257,288.0,0.0624398700519457,0.0146992699889302,11.58064982806058,131.2444845691896,9.788137148609742
663538,2025,648,6.992617959255116,0.01079107709761592,0.4659302745373396,9.795838485474361,6.474646258569552,9.070220819883668,-2.5955745613141152,10.982081889515419,300,4.848252967779425,0.46140095859294783,Nico Hoerner,32.71547729379055,353.0,0.0722402846630868,0.0125985186680835,5.250967019967362,114.1670597474727,3.8733076505881927
676609,2025,371,4.873479532887775,0.013136063430964354,0.4936776103214922,1.3078392575659374,7.881638058578613,2.1151039205918125,5.766534137986801,15.378278679256976,300,4.790136488657748,0.6268385979036908,José Caballero,27.821522309711288,212.0,0.0998901346022064,0.0146844354718649,3.98658279762158,110.75576297992114,2.4260859192059963
682622,2025,359,5.125135278551849,0.014276142837191782,0.5478742320373838,1.990111915945615,8.565685702315069,3.326092338627769,5.2395933636873,17.349417615794483,300,4.7393844632510085,0.6813285157687107,Noelvi Marte,33.49282296650718,210.0,0.1195566264634138,0.0156298280125595,-5.679359854633298,84.6771404044187,-6.997210577817339
669221,2025,337,5.052123765391934,0.014991465179204551,0.5703154610655509,-3.807320855024774,8.994879107522731,-6.778612798263692,15.773491905786424,18.640237661574094,300,4.6928588263061535,0.7116499779865703,Sean Murphy,26.291079812206576,168.0,0.1517279631709173,0.0114203125660606,-3.7703020681478665,89.82776039873076,-5.60922960279173
677800,2025,415,5.512855349084796,0.013283988792975411,0.5718116855127995,4.759833986495118,7.970393275785247,6.881687691318243,1.0887055844670037,16.841479010119016,300,4.615149658315543,0.6682887847883099,Wilyer Abreu,28.793774319066145,222.0,0.1040549222395025,0.0148076403351228,3.423829674620587,109.23746033465306,1.4751748796970356
669720,2025,415,4.9906422312364604,0.012025643930690267,0.5178990632570559,2.3460326550423236,7.21538635841416,3.391854441025046,3.823531917389114,15.253599085478587,300,4.55779537583175,0.6230224538606363,Austin Hays,34.20398009950249,275.0,0.0967918135438402,0.0156110864035253,-0.1441910496856839,99.61097390096336,-1.5110844599701625
689414,2025,391,4.197052704622236,0.010734150139698815,0.49045432892010465,3.625506563819992,6.440490083819289,5.563437182332469,0.8770529014868202,14.882004920920945,300,4.306355221561535,0.6113692597822514,Liam Hicks,17.68802228412256,127.0,0.1305725598571012,0.0213548351153084,10.072437285348595,127.17534128125077,7.97638544837649
664770,2025,436,4.438964761188574,0.010181111837588472,0.5322753979677788,-4.4760458546226545,6.108667102553083,-6.159696130214662,12.268363232767744,15.294821014502626,300,4.136585143654275,0.6242893168646156,Nathan Lukes,31.681877444589308,243.0,0.0844699664663021,0.0157177667413199,2.9645695578017386,107.99838084893877,1.4574940057761254
808982,2025,613,5.19867049631546,0.00848070227783925,0.4634007526030227,9.626475181861572,5.08842136670355,9.422324810957493,-4.333903444253943,11.229948068129385,300,4.077872111684199,0.4725113103912181,Jung Hoo Lee,22.702205882352946,247.0,0.1165768827593359,0.015456947622747,4.643312040599722,112.52761231506356,3.0923140485462417
693307,2025,470,4.43108048145052,0.00942783081159685,0.5117987451882543,1.7033412016569929,5.65669848695811,2.1744781297748843,3.4822203571832255,14.164509439985633,300,4.065965890201031,0.587646593992067,Dillon Dingler,30.57247259439708,251.0,0.1066609990616498,0.0162634213944421,-0.0515797557947863,99.8608383028638,-1.617050401293791
656555,2025,328,3.16214904996941,0.009640698323077469,0.5132393564453908,4.06956245667103,5.784418993846481,7.444321567081152,-1.659902573234671,17.003341612180986,300,3.8780552858958623,0.6725157903085385,Rhys Hoskins,20.086083213773318,140.0,0.1284040842595946,0.0189156288428463,6.496487069622802,117.52746115411752,4.572737546435587
521692,2025,638,5.2361176712068165,0.008207080989352376,0.5407014152124647,-3.014056127547503,4.924248593611426,-2.834535543148122,7.758784136759548,12.843944412441886,300,3.858914595662231,0.5395449521904844,Salvador Pérez,42.643391521197,513.0,0.1068420096469334,0.011264319367599,-11.68424085303468,68.47602781747567,-13.114000149376974
542303,2025,590,4.3533329859415675,0.007378530484646724,0.4965161957286108,7.390946480479537,4.427118290788035,7.516216759809699,-3.089098469021664,12.264748972639085,300,3.6639805160575354,0.5165500500347895,Marcell Ozuna,22.465353756382203,308.0,0.126583804150969,0.0133753295244976,8.666003690523793,123.38079663966975,6.346952068497062
700250,2025,532,4.041157236241426,0.007596160218498921,0.5358755365808097,13.787416594690644,4.557696131099353,15.549717963936816,-10.992021832837462,13.939890605799217,300,3.625279075244677,0.5798786080631374,Ben Rice,21.456692913385822,218.0,0.1507621336368171,0.0114188310275201,0.8514572673577243,102.29722371768996,-1.1199580525177673
669016,2025,425,3.1733335626727026,0.007466667206288712,0.4776537387730603,6.963744346991653,4.480000323773227,9.83116848987057,-5.351168166097343,13.901765770111858,300,3.5946802626988514,0.5785436303108696,Brandon Marsh,28.757396449704142,243.0,0.1191732498606013,0.0148153038326485,0.5722699848353694,101.54397904919584,-1.0908929437881285
678246,2025,570,4.09984143486192,0.00719270427168758,0.5281459971195737,-0.9417232775288418,4.315622563012548,-0.9912876605566755,5.306910223569224,13.272960902528878,300,3.556436806289539,0.5558222857790107,Miguel Vargas,21.587867975022306,242.0,0.1008587282276995,0.0169122328591074,11.723918570858292,131.63102229289694,9.633093692840504
670242,2025,396,2.8183197055936136,0.007116968953519226,0.48696280177969015,7.688210261143899,4.270181372111535,11.648803425975606,-7.3786220538640706,14.682480912394936,300,3.4714009106421875,0.6049362624616077,Matt Wallner,28.68421052631579,218.0,0.1247601068735695,0.0148116637917303,-1.5837671020999118,95.72701121979802,-3.65680269438673
605170,2025,384,2.6812815954598026,0.006982504154843236,0.5098574488464173,3.0579013921634233,4.189502492905942,4.7779709252553495,-0.5884684323494076,15.611132390386228,300,3.403691550836454,0.633841940334559,Víctor Caratini,24.06015037593985,160.0,0.124478362918051,0.0181430873207117,1.5511092228734888,104.184878128494,-0.098676058371433
663993,2025,611,3.9509219699261084,0.006466320736376609,0.5165523091743984,-4.48877394972661,3.8797924418259657,-4.407961325427113,8.28775376725308,12.538481762611221,300,3.389131662052894,0.5275647445561215,Nathaniel Lowe,24.060751398880896,301.0,0.1320820843517982,0.013577193255904,2.8776205987597163,107.76379337332811,1.1461154766673955
680718,2025,500,3.3337519292050732,0.006667503858410147,0.5309386475067885,0.8282998960236292,4.000502315046088,0.993959875228355,3.006542439817733,14.24657889248374,300,3.3800887610184356,0.5904436183660332,Addison Barger,31.137088204038253,293.0,0.1260556858471513,0.0128863680233145,-4.513849356500446,87.82167679182443,-6.354940484371402
669743,2025,323,2.1632400477948868,0.006697337609272095,0.4485904532883765,3.6645381277070936,4.018402565563257,6.807191568496149,-2.7887890029328926,14.976144303806997,300,3.361859881516655,0.6143614922807766,Alex Call,,,,,,,
702332,2025,503,3.1557593426452053,0.006273875432694245,0.4798479916260452,1.70493385183096,3.764325259616547,2.033718312323213,1.7306069472933339,12.837218676510272,300,3.3250340495131976,0.5392846858843854,Caleb Durbin,24.69135802469136,200.0,0.1051913990448385,0.0166825614365287,3.3131560660274664,108.93886397717358,1.942430264119036
694192,2025,586,3.636880606645492,0.006206280898712444,0.5248489404784288,5.479587613314874,3.723768539227466,5.610499262779735,-1.8867307235522688,13.008785933368351,300,3.3012481911191185,0.545874601091091,Jackson Chourio,37.05440900562852,395.0,0.0873151684321981,0.0111553714323382,-0.9224482603703748,97.51124324930524,-2.2230678384586344
606192,2025,546,3.440929302341324,0.006302068319306455,0.5512490648784263,-2.897967435449164,3.7812409915838727,-3.1845795993946853,6.9658205909785575,14.15476927809309,300,3.2928918358048307,0.5873131813156043,Teoscar Hernández,30.149253731343283,303.0,0.1255071589295855,0.011677170457653,-5.772765405505556,84.42513310463545,-7.397986073814609
543309,2025,328,2.076717538660187,0.006331455910549351,0.5214106470087477,-2.7208191869752847,3.7988735463296104,-4.9771082688572275,8.775981815186839,17.274052038254737,300,3.2219451151066583,0.679435098418826,Kyle Higashioka,27.64227642276423,170.0,0.1173197032299423,0.0162359042666346,-1.1079185280778607,97.01084620738894,-2.7633216178707904
605141,2025,661,3.788154622920128,0.0057309449665962605,0.4863804057407528,2.995150941047755,3.438566979957756,2.718745180981321,0.7198217989764353,11.350803131386561,300,3.204982786606595,0.47785025017528987,Mookie Betts,21.464646464646464,255.0,0.1131643624358521,0.0129499117618131,6.786092297666376,118.30881334187116,5.310106402855491
690993,2025,468,2.6145932519514457,0.00558673771784497,0.4652081212285269,5.7249022228401625,3.3520426307069817,7.339618234410464,-3.9875756037034824,12.9025518065517,300,3.1340747219091782,0.5418062124094161,Colt Keith,25.363128491620117,227.0,0.1180397662724604,0.0137989214822309,3.7891929237117714,110.22320695231848,1.926146555866676
691176,2025,428,2.3685477232885757,0.005533990007683588,0.5014745402643372,1.2424908015308511,3.320394004610153,1.7418095348563332,1.5785844697538198,14.543812092028007,300,3.0978588279541306,0.6003916395912291,Jasson Domínguez,31.0,279.0,0.1261738520920392,0.0113134315236921,-3.798865303455136,89.75069705789458,-5.726443051978077
683146,2025,430,2.04994630419645,0.004767316986503373,0.48983921452158924,6.3245786618037885,2.860390191902024,8.82499348158668,-5.964603289684657,14.173286713237747,300,2.9129254633482393,0.5879467811774636,Brett Baty,24.818401937046005,205.0,0.147410547941463,0.0121775297952679,-2.5291023166315174,93.17650568153576,-4.307618031688382
680777,2025,463,2.1354777173571153,0.004612262888460292,0.46962847653860085,5.7959669891189725,2.7673577330761754,7.51097234011098,-4.743614607034805,13.095291732285608,300,2.8675166998792263,0.549158552803995,Ryan Jeffers,24.735729386892174,234.0,0.1120393698605492,0.0143418647556185,3.772605436486582,110.17845406743346,1.8756875922376175
691718,2025,649,2.745264448170085,0.004229991445562535,0.5138403422133496,9.998461211467838,2.5379948673375208,9.243569687027277,-6.705574819689756,12.101998652117915,300,2.7479356584109116,0.5098755168682295,Pete Crow-Armstrong,41.80929095354523,513.0,0.1025798647379471,0.0107400112683199,-9.773557015348658,73.63103488266889,-11.167019634973173
641487,2025,652,2.463754570111101,0.0037787646780845113,0.4661549002662343,1.6607382192730484,2.2672588068507067,1.5282867048524986,0.7389721019982081,10.953620908398662,300,2.581278068392951,0.4601114784713318,J. P. Crawford,21.949286846275758,277.0,0.1373915723906127,0.0114095217548467,3.406306882527317,109.19018400601036,1.683566195792221
672580,2025,668,2.5111785382184357,0.0037592493087102333,0.4758274901737513,14.508302978333962,2.25554958522614,13.031409860779007,-10.775860275552867,11.046190997245725,300,2.5778607105429887,0.46429520067894503,Maikel García,20.909090909090907,253.0,0.0574561116966528,0.0191003859171788,15.839602379733943,142.73509858976348,14.136807196384549
668715,2025,564,1.872991798324569,0.0033209074438378884,0.5229223489971195,-0.26139298444458836,1.992544466302733,-0.27807764302615784,2.2706221093288907,13.211401823296226,300,2.52237901811034,0.5535257225266509,Spencer Steer,24.78551000953289,260.0,0.1257350322183413,0.0119642169291708,2.872916981933792,107.75110305926812,1.0615561336201689
681082,2025,560,1.5519523981099481,0.0027713435680534787,0.49758654317889284,1.716513204067806,1.6628061408320873,1.8391212900726492,-0.1763151492405619,12.616121521898881,300,2.3457078528951376,0.5306407907728031,Bryson Stott,23.387790197764403,272.0,0.1005454319616266,0.0155438202033904,11.120320304029851,130.00251983285244,9.04680073016894
657757,2025,543,1.4694705325030546,0.0027062072421787375,0.5028082943353007,4.42891619132128,1.6237243453072425,4.893830045658873,-3.27010570035163,12.94654152975553,300,2.3444102072122055,0.543495619259557,Gavin Sheets,31.48614609571788,375.0,0.1142165071844059,0.0117960098703955,-2.885840381197604,92.21402973078472,-4.856563397827866
656775,2025,498,1.2559881728813187,0.0025220646041793546,0.515098980338141,-1.8529433807382205,1.5132387625076127,-2.23246190450388,3.7457006670114925,13.849282340905436,300,2.3416684270420376,0.5766979855597661,Cedric Mullins,26.50485436893204,273.0,0.1248192619184306,0.0130360567564529,5.00481586091319,113.50294623010164,2.1397454728727965
527038,2025,459,0.7332104884784765,0.0015974084716306677,0.5507560064515863,-7.961705879525765,0.9584450829784006,-10.40745866604675,11.36590374902515,15.424253339859167,300,2.209446852508658,0.6282340496939307,Wilmer Flores,29.617486338797814,271.0,0.1265580505498831,0.0107266529066858,-4.320726011723,88.3427217638629,-5.756892866020388
669394,2025,374,0.2149732779687335,0.0005747948608789665,0.5256154957855288,-5.1065793369295225,0.3448769165273799,-8.192373267801374,8.537250184328753,16.30735815247955,300,2.0480651561385415,0.6538484302019154,Jake Burger,40.23845007451565,270.0,0.0905399761601205,0.0144393828799696,-4.725051473372326,87.25185546231715,-5.951975401441406
682928,2025,635,1.374058386886181,0.0021638714754113088,0.4441249435492543,6.995155851977276,1.2983228852467852,6.60959608060845,-5.311273195361665,10.574736464670792,300,2.029371530223889,0.44267851960390403,CJ Abrams,32.97199638663053,365.0,0.0934373143949448,0.0149172223101922,1.2221908097631338,103.29745933632506,-0.3057510973474371
666971,2025,544,0.1104003513781088,0.00020294182238622942,0.5362097526372488,-1.0467299268859986,0.12176509343173765,-1.1544815370066162,1.2762466304383537,13.793882087535422,300,1.7471171854877443,0.5747398258215852,Lourdes Gurriel,34.69805527123849,339.0,0.0904760789837073,0.0139491203790156,-0.4903794978508859,98.67696071626968,-1.8318439148929453
664761,2025,503,0.032500497433222475,6.461331497658544e-05,0.5055672174072638,2.9830190467502287,0.03876798898595126,3.5582732167994773,-3.519505227813526,13.525276835147615,300,1.6837604997609312,0.5650999927445667,Alec Bohm,26.424242424242426,218.0,0.0850276979317015,0.020772429677947,7.715054936628612,120.81514582487917,5.946292218163191
663968,2025,428,-0.1874753271892376,-0.00043802646539541497,0.45704155238617694,-3.215962133156071,-0.262815879237249,-4.508358130592623,4.245542251355374,13.255162371053773,300,1.5206676274752402,0.5551596189561994,Jake Mangum,43.906020558002936,299.0,0.0583740767414278,0.0123197245279009,1.3648461924477373,103.6823422202027,0.4042338835902564
668901,2025,462,-1.1654678118138775,-0.002522657601328739,0.5479897961502241,-4.047677802417674,-1.5135945607972434,-5.256724418724251,3.7431298579270074,15.29687558331781,300,1.2731012372399972,0.624352325788815,Mark Vientos,33.10423825887743,289.0,0.110113714058032,0.0129806149707949,-4.5718402887866265,87.66521780067367,-6.028246250903411
671289,2025,428,-0.6247262320647816,-0.0014596407291233215,0.4260215747104,1.0406959218487093,-0.8757844374739929,1.4589195166103401,-2.334703954084333,12.355518041797108,300,1.1143771894754861,0.5202318242980138,Tyler Freeman,25.54557124518614,199.0,0.0912792016170669,0.0157875751251168,7.511152140763651,120.26501799495546,6.064066980594726
668904,2025,404,-1.363102162847024,-0.003374015254571841,0.5196441216589104,-5.2744734432968725,-2.0244091527431047,-7.83337640093595,5.808967248192845,15.511956801738599,300,1.1136780444521963,0.6308786871151968,Royce Lewis,31.428571428571427,231.0,0.1095117756958276,0.0137310462186836,-2.23078399754141,93.98136570717377,-3.809573902613303
643446,2025,460,-1.0362382808308988,-0.00225269191484978,0.4903188885753505,5.847164749680649,-1.351615148909868,7.626736630018238,-8.978351778928106,13.71674163502683,300,1.1087458275912268,0.5719961768825753,Jeff McNeil,27.07808564231738,215.0,0.1148842416297238,0.0128436996319312,2.191495262179209,105.91263365348448,0.5743299562607389
578428,2025,340,-1.1843162133310259,-0.0034832829803853704,0.47916216845838017,-9.781257942615424,-2.089969788231222,-17.261043428144866,15.171073639913644,15.59173028595847,300,1.1015020221135132,0.6332644983064379,Jose Iglesias,34.15384615384615,222.0,0.11479120782607,0.0130214521107325,-3.5545273223493177,90.40991863817496,-5.149454814969081
807713,2025,437,-1.1630906422238692,-0.00266153465039787,0.4700065486972905,0.7553895509487947,-1.596920790238722,1.037148124872487,-2.634068915111209,13.490077385230258,300,0.9665738535222661,0.563818705343354,Matt Shaw,30.46192259675406,244.0,0.116846763630046,0.0164377019338327,-1.3416239030080672,96.3803112987994,-2.8367452760678
672820,2025,544,-1.8721193058416092,-0.0034413957827970757,0.5414627034190553,-2.392394685474341,-2.0648374696782454,-2.638670608979053,0.5738331393008074,13.92901313157088,300,0.8411035218810721,0.5794982136322478,Lenyn Sosa,41.1313518696069,429.0,0.0893313094215041,0.0120443848586186,-4.391252491522528,88.15244198314832,-5.986619024863087
668227,2025,711,-1.358531629859756,-0.0019107336566241294,0.5015508078677743,9.794408789535163,-1.1464401939744777,8.265323873025455,-9.411764066999933,11.285774912634114,300,0.7991814851620496,0.474983935542978,Randy Arozarena,25.806451612903224,360.0,0.110907220412762,0.0141327496357905,4.402685613421992,111.87840447245384,2.43203907931819
669364,2025,617,-1.1486002976683822,-0.0018615888130767944,0.4197538374282845,-1.1309076172760288,-1.1169532878460766,-1.0997480881128319,-0.017205199733244747,10.139191916889438,300,0.5993428722794509,0.4220368637133838,Xavier Edwards,26.28083491461101,277.0,0.0870357621963998,0.0141462951294202,7.777077775920585,120.9824828632982,6.203870687662521
669224,2025,448,-2.727731679543142,-0.006088686784694514,0.558284010312213,-4.735830197406685,-3.653212070816708,-6.342629728669667,2.6894176578529594,15.825864131035017,300,0.5737339296267834,0.6401596449563786,Austin Wells,29.45205479452055,258.0,0.1392388207764801,0.0105729515831714,-7.261093772533609,80.40963713610887,-9.06262195410991
669357,2025,400,-2.373716108935754,-0.0059342902723393855,0.521440880243891,-6.758631470244172,-3.5605741634036314,-10.137947205366258,6.577373041962627,15.64322640731673,300,0.5721412963033639,0.6347947011772828,Nolan Gorman,27.75061124694376,227.0,0.1396025642120701,0.0147344866781283,-2.163813954759874,94.1620502541856,-4.34243889733364
668804,2025,651,-1.9545385988765651,-0.003002363439134509,0.4885349384702928,-3.113660714175037,-1.8014180634807053,-2.8697333771198497,1.0683153136391443,11.488316311436426,300,0.4974904763680128,0.4838623728988023,Bryan Reynolds,25.920245398773005,338.0,0.1315638974066758,0.0098089770184902,0.7530751965124085,102.03178981371651,-1.2447652633278063
671277,2025,528,-2.0770325387821655,-0.0039337737476934954,0.47796988120828676,-3.6089621527921594,-2.3602642486160974,-4.101093355445636,1.7408291068295387,12.480581480724288,300,0.42885450425649596,0.5252569550503278,Luis García,37.851929092805,363.0,0.1017122256171944,0.011987619487077,-6.118896087590642,83.49127577228386,-7.306822325151586
700337,2025,404,-2.2360370341891858,-0.005534745134131648,0.45532939362774116,-2.6916003609593755,-3.320847080478989,-3.997426278652538,0.676579198173549,13.592090413660971,300,0.23784204467279135,0.5675205242150323,Edgar Quero,19.203413940256045,135.0,0.1260841028876247,0.0206552511501975,7.270774480285407,119.61648132256664,5.800376177880084
676694,2025,381,-2.3854005368227282,-0.006260893797434983,0.4455915144571641,1.7281601817957948,-3.7565362784609895,2.7215120973162126,-6.4780483757772025,13.697006894935166,300,0.07470176052179944,0.5712910722427136,Jake Meyers,23.630672926447573,151.0,0.0876254740247981,0.0154323969788379,6.221890902916699,116.78660327301498,4.854818999443074
681393,2025,335,-3.1714566127907675,-0.009467034665047067,0.50687564001626,-0.004793672581212993,-5.68022079902824,-0.008585682235008345,-5.671635116793232,16.616144747380936,300,0.03531776293504585,0.6622899060477184,Connor Norby,31.85550082101806,194.0,0.1315799772076377,0.0133289385773029,-7.711151700435879,79.19538506974285,-9.10706935213286
673962,2025,510,-2.920878390927456,-0.005727212531230305,0.4843132648286389,-7.746230943376708,-3.436327518738183,-9.113212874560833,5.67688535582265,12.867451097902947,300,0.015046233766209838,0.5404533528610947,Josh Jung,32.92181069958848,320.0,0.1074651820103805,0.0137375573238661,-2.2348105529850644,93.97050209836992,-3.987786816250448
502054,2025,449,-2.9716906246141463,-0.006618464642793199,0.4872071287650152,-2.87149756817778,-3.9710787856759193,-3.8371905142687486,-0.13388827140717074,13.795635592978615,300,0.0070237143019835635,0.5748019614582355,Tommy Pham,19.81132075471698,147.0,0.0902049393403697,0.0187946140409647,10.918577188716762,129.45821880079234,9.235295642413613
691026,2025,535,-2.7423487770038193,-0.00512588556449312,0.4672206343216496,-9.694487972069934,-3.075531338695872,-10.872322959330768,7.796791620634896,12.11982569882785,300,0.0010417158262550075,0.5106111990504478,Masyn Winn,26.032660902977906,271.0,0.1006773590473842,0.0132831583226013,5.613800203223368,115.14598027125568,3.891226332316253
663616,2025,565,-2.8395914403338134,-0.005025825558112944,0.4726072167902818,0.5357780979427449,-3.0154953348677664,0.568967891620614,-3.5844632264883804,11.929641026756773,300,-0.016742453322016626,0.5027045393852229,Trevor Larnach,27.66726943942134,306.0,0.1453339755541316,0.0096995831207151,-6.819294922638132,81.60160628751154,-8.559367628482898
642133,2025,313,-4.236557768185985,-0.013535328332862574,0.5724546009794459,-3.321305370248251,-8.121196999717544,-6.366719559581312,-1.754477440136232,19.414228278117736,300,-0.060939461695291186,0.7280553255225892,Rowdy Tellez,30.345911949685533,193.0,0.118575655992819,0.0150759179836679,-3.101011136623382,91.6335010516987,-4.825437688219379
666310,2025,412,-3.1222131311795303,-0.007578187211600801,0.48111807890604336,-4.503626394898145,-4.546912326960481,-6.558679215871084,2.0117668889106035,14.221791882008494,300,-0.12687509766978167,0.5896011566971036,Bo Naylor,25.63131313131313,203.0,0.137775891721993,0.0157649011052743,-0.578063967997044,98.44038883860172,-2.183006568365884
624428,2025,457,-2.6979079798618253,-0.0059035185554963355,0.444145260180897,-5.749408618086029,-3.5421111332978015,-7.548457704270498,4.006346570972696,12.465743376269698,300,-0.13607082500765078,0.5246636361145989,Adam Frazier,29.65116279069768,255.0,0.0942859884328785,0.0143684880949244,3.282486096322492,108.85611668670091,1.5089789032317809
502671,2025,533,-2.8590360418711884,-0.005364045106700166,0.4523634028804031,4.311475282633218,-3.2184270640200996,4.853443094896681,-8.07187015891678,11.756420414707133,300,-0.16276830979564894,0.4953913782491822,Paul Goldschmidt,27.547931382441977,273.0,0.0868938988822812,0.0143980247405452,6.677047662804164,118.0146119402322,4.933799278561191
572233,2025,634,-3.889714387969958,-0.006135196195536211,0.5284017239554527,-3.840567937101544,-3.681117717321727,-3.6346068805377385,-0.046510836783988374,12.5913079951663,300,-0.16901553387457158,0.5296599965963843,Christian Walker,28.58312858312858,349.0,0.1436698358066074,0.0105319451211818,-6.016770146368021,83.76681060340468,-8.10175007054212
691594,2025,339,-3.029306261277548,-0.008936006670435245,0.46744029435999856,-1.8597457238087873,-5.3616040022611475,-3.29158535187396,-2.0700186503871874,15.2327231178062,300,-0.18879616676272803,0.6223789266469042,Javier Sanoja,,,,,,,
668709,2025,342,-3.633403001136839,-0.01062398538344105,0.5105020335495913,-4.069348134493149,-6.374391230064631,-7.139207253496752,0.7648160234321217,16.562873074511785,300,-0.212518021581368,0.6608519793411922,JJ Bleday,24.848484848484848,164.0,0.1246522082463568,0.0180600726538854,3.1348968014465504,108.45792215402838,1.434895516264786
605137,2025,536,-3.4084298097768606,-0.006359010839135934,0.48494434728731045,0.2859666144616735,-3.8154065034815607,0.3201118818600822,-4.135518385341643,12.567843293570075,300,-0.23846493271942837,0.5287305256671334,Josh Bell,26.85609532538955,293.0,0.1096652003297778,0.0137532559511993,4.584747825495502,112.36960661224911,2.850114770150741
543760,2025,530,-3.546107021277534,-0.006690767964674592,0.4801318451735521,-5.585578319168428,-4.0144607788047555,-6.323296210379352,2.3088354315745967,12.513356784600399,300,-0.3473559469613252,0.5265647635921517,Marcus Semien,23.63112391930836,246.0,0.1386621092418243,0.0119702768774672,1.28985062899306,103.48000489372212,-0.622240337975285
656716,2025,511,-3.6249131705764563,-0.007093763543202459,0.48550799143521856,7.521783414361046,-4.256258125921476,8.831839625472853,-13.08809775139433,12.886565427255274,300,-0.3564375670760449,0.5411905939135011,Zach McKinstry,26.72858617131063,259.0,0.0853706284617027,0.0152924292286183,8.1524087924496,121.99512242397844,6.398314800057401
595879,2025,433,-4.121875241768672,-0.009519342359742892,0.5232855835076249,-9.703525340654595,-5.711605415845735,-13.445993543632234,7.734388127786499,15.088500177722764,300,-0.35978329681552434,0.6178970360302443,Javier Báez,46.20098039215687,377.0,0.1073389930347719,0.0117056964799713,-12.94428295678952,65.07644604513823,-14.11849451936498
514888,2025,650,-4.044116405006978,-0.006221717546164581,0.5066744448705762,5.602960632423297,-3.733030527698749,5.171963660698428,-8.904994188397177,11.924044068156276,300,-0.37513743214402107,0.5024699086051088,José Altuve,38.61464968152866,485.0,0.0916041451197788,0.0117374416106197,-2.7624692238905637,92.54688395554702,-4.246690859581956
669477,2025,345,-4.381783150587877,-0.012700820726341672,0.5370235926841077,-5.230331897579619,-7.620492435805003,-9.09622938709499,1.4757369512899867,17.347426996762767,300,-0.4192156448840265,0.6812786874765514,Casey Schmitt,31.736526946107784,212.0,0.1096743005859356,0.0154505348651112,-1.9375213441005887,94.77258559432975,-3.3899782610894102
702616,2025,648,-3.341128515741701,-0.005156062524292748,0.4399268952760995,-3.3348651255110138,-3.093637514575649,-3.0878380791768643,-0.005799435398784691,10.369176362535804,300,-0.4767602457840394,0.4330154023241175,Jackson Holliday,22.321428571428573,250.0,0.1050211840267484,0.0141357242815318,8.608425523852969,123.22545128627604,7.073191237653875
681460,2025,327,-3.9663212951959688,-0.01212942292108859,0.4931095440151562,-5.17314645648681,-7.277653752653154,-9.492011846764788,2.214358094111634,16.361412056292146,300,-0.5751812837606494,0.6553448535809038,Brooks Baldwin,33.00970873786408,204.0,0.1353355015669722,0.0135159800598304,-9.551486086084306,74.23018016602364,-11.268067331334336
457705,2025,550,-4.440630868732024,-0.008073874306785498,0.49231677060034335,-5.329943054504765,-4.844324584071299,-5.814483332187017,0.9701587481157175,12.595474579904872,300,-0.7148334651053281,0.5298248386714787,Andrew McCutchen,20.860018298261664,228.0,0.1443289337250538,0.0138054584936469,3.854448082640753,110.39926475878772,1.9290730240642828
645277,2025,669,-4.617574207451155,-0.006902203598581697,0.4901278193916412,-4.170241069698189,-4.141322159149018,-3.74012651990869,-0.4011956392403282,11.36966176340865,300,-0.7469797670785785,0.4786787100830252,Ozzie Albies,33.62136684996072,428.0,0.1105660710635382,0.0104220465933834,-5.119208741426175,86.18842285167885,-6.626295279682407
670764,2025,316,-3.9514743914507515,-0.012504665795730226,0.47444255100998006,-9.908346150824311,-7.502799477438136,-18.813315476248693,11.310515998810558,16.013687214774194,300,-0.7548773256518269,0.6455770483020886,Taylor Walls,,,,,,,
673357,2025,430,-4.4463078511899665,-0.010340250816720853,0.4948404698448328,-7.098507591193654,-6.204150490032512,-9.90489431329347,3.700743823260958,14.317995882126294,300,-0.7771743969422076,0.5928598053554445,Luis Robert,32.70440251572327,260.0,0.1147932824899952,0.0117549523733063,-3.9255866016151306,89.40880418454702,-5.424401419029801
680757,2025,694,-3.4603958474766614,-0.004986161163511039,0.3987288871934981,2.347510054279238,-2.9916966981066233,2.029547597359572,-5.021244295466195,9.081324946633345,300,-0.7969314829540832,0.3693994999646445,Steven Kwan,22.727272727272727,295.0,0.0914095662817644,0.0134272017599343,11.109941798901293,129.97451872340218,9.187285849426504
621020,2025,642,-5.0935595590343326,-0.007933893394134474,0.4970393913238308,0.19815887862280046,-4.760336036480685,0.18519521366616865,-4.945531250146853,11.76994802696735,300,-0.9363959226162795,0.49596633319505656,Dansby Swanson,25.14474772539289,304.0,0.1500774889602696,0.010755635112199,-5.51259843617156,85.12706114662427,-7.042432922942876
664034,2025,488,-4.49995366994523,-0.009221216536773012,0.4714926725327287,-8.212671888525245,-5.532729922063807,-10.097547403924482,4.564817481860675,12.806082258399444,300,-0.9684995330380906,0.5380777403290247,Ty France,32.093517534537725,302.0,0.1099940402990925,0.0111144747347627,-3.022856190747679,91.84436236230516,-4.695487246487221
683734,2025,444,-5.876878973341483,-0.013236213903922258,0.5473585902597438,-3.2349133145575073,-7.941728342353355,-4.371504479131767,-3.570223863221588,15.585893474665552,300,-1.046439938872977,0.6330905684836332,Andrew Vaughn,28.439306358381504,246.0,0.1267177494987312,0.0147012040598509,-3.020603929294407,91.850438942572,-4.645201810183617
500743,2025,318,-4.69437538014884,-0.0147621867300278,0.48996305928628614,-1.5724306344897463,-8.85731203801668,-2.966850253754238,-5.890461784262442,16.485458410889922,300,-1.0794282565277333,0.6587487829608837,Miguel Rojas,,,,,,,
665833,2025,544,-5.160456939584151,-0.009486134080117925,0.47493543494779633,-3.132566052972014,-5.691680448070755,-3.4550360878367803,-2.2366443602339743,12.217613269138365,300,-1.2445733246187176,0.5146266290979499,Oneil Cruz,28.30494728304948,349.0,0.129005961577773,0.0116193584006967,-2.7877271260751444,92.47873837246031,-4.6960463639884775
665966,2025,445,-6.131026077727314,-0.013777586691522053,0.5380213811520388,-3.562097142195353,-8.266552014913232,-4.802827607454408,-3.463724407458824,15.302795688445705,300,-1.2615959324189419,0.6245338110160186,Carlos Narváez,29.504504504504503,262.0,0.0965537175564278,0.0163060303316309,2.381276030521796,106.42466038566675,0.5979200278144403
671218,2025,690,-5.7244320568711595,-0.008296278343291535,0.4810718760862717,0.452949785211192,-4.977767005974921,0.39386937844451475,-5.3716363844194355,10.988455996960157,300,-1.3177195077476602,0.4616893631827796,Heliot Ramos,30.303030303030305,400.0,0.1132901088836331,0.0112495605032827,-1.9244407247283084,94.8078769826543,-3.675523729641191
681297,2025,357,-5.606465092966604,-0.015704384013912057,0.5006346696715943,-10.276050495507391,-9.422630408347235,-17.270673101693095,7.84804269334586,15.897837889374346,300,-1.4765042554174599,0.6422474703906433,Colton Cowser,24.200278164116828,174.0,0.1725550785922531,0.0134388433144587,-8.421804655627575,77.27805006504092,-10.068071584475248
687597,2025,587,-5.589869973114718,-0.009522776785544664,0.46506979050868325,3.205574196445161,-5.713666071326799,3.276566469960982,-8.990232541287781,11.517290728153263,300,-1.5108672905186182,0.4851206114505104,Jordan Beck,27.296587926509183,312.0,0.1151431417298737,0.0125008351482382,0.9729559593533008,102.62502604861218,-0.5223841028751416
700932,2025,526,-6.379078183849103,-0.012127525064351906,0.5098624965285343,2.486829661135022,-7.2765150386111435,2.8366878263897592,-10.113202865000902,13.338636776267107,300,-1.567623020003352,0.5582581087411388,Kyle Manzardo,27.62312633832976,258.0,0.1260273513436647,0.0124781852577071,-2.072613835002943,94.40810732151432,-3.7769080327134175
701358,2025,493,-6.062121288983379,-0.012296392066903406,0.4959704359172838,-11.097796900143065,-7.377835240142043,-13.506446531614277,6.128611291472233,13.402431009952542,300,-1.5880907622355913,0.5606100282664798,Cam Smith,29.91718426501035,289.0,0.145815349222708,0.0080673622731777,-8.54587793556147,76.94330152001972,-10.510500165108382
665019,2025,385,-6.680661203306473,-0.017352366761834995,0.5341323946269968,-5.153475123451982,-10.411420057100997,-8.03138980278231,-2.3800302543186866,16.333144486650145,300,-1.6656924813219902,0.6545632964478194,Kody Clemens,28.000000000000004,203.0,0.1487465511172106,0.0142658337663658,-7.271475537461585,80.38162723175039,-8.665983807088372
516782,2025,327,-5.375818482140913,-0.016439811871990558,0.46840377975004444,2.4226764806058583,-9.863887123194335,4.445277946065795,-14.30916506926013,15.541672924869681,300,-1.7686244852750281,0.6317696032783262,Starling Marte,,,,,,,
669242,2025,372,-6.05965728550602,-0.01628940130512371,0.4929484324606199,-5.171787018974349,-9.773640783074226,-8.341591966087659,-1.4320488169865673,15.334911373642392,300,-1.8149535509368722,0.6255165100350263,Tommy Edman,28.641571194762683,175.0,0.1142632093154676,0.0137954246624905,-1.870256310358398,94.9540660241854,-3.0055680139445293
686797,2025,523,-6.726032493739277,-0.012860482779616208,0.4988190490751846,-13.411933023472889,-7.716289667769725,-15.386538841460293,7.670249173690569,13.08710045633859,300,-1.8622509290185505,0.548848703527567,Brooks Lee,31.827111984282908,324.0,0.108342181452365,0.0129691962601173,-2.876108844234361,92.24028532619576,-4.4113328855158525
608348,2025,420,-6.875031530055983,-0.016369122690609483,0.5173415499975655,3.5664751545716022,-9.82147361436569,5.09496450653086,-14.91643812089655,15.146209691457942,300,-1.9071755735279474,0.6196980031893378,Carson Kelly,21.8026796589525,179.0,0.1333618254864974,0.0149413294471008,3.9571581295938048,110.67637550168833,2.039342861537853
643376,2025,340,-5.864029847069427,-0.01724714660902773,0.48001721108314693,2.360833536268082,-10.348287965416638,4.166176828708379,-14.514464794125018,15.619553004165239,300,-1.916109494574819,0.634092210498206,Danny Jansen,19.876733436055467,129.0,0.1584890906827354,0.0151724063217948,2.619780911537092,107.06814431663774,0.8168415133620526
672356,2025,470,-6.609759899503232,-0.01406331893511326,0.4924864908996205,-14.575469366101835,-8.437991361067956,-18.606982169491705,10.168990808423748,13.630024721626002,300,-1.9596441793253518,0.5688881053470219,Gabriel Arias,39.02173913043478,359.0,0.1191085535302863,0.010427244345425,-11.282570223810623,69.55973140604962,-13.028211710664436
663586,2025,445,-6.8909699023034845,-0.015485325623153898,0.5097160366559648,-0.5194264856578235,-9.29119537389234,-0.7003503177408856,-8.590845056151453,14.497714479987025,300,-1.960496312317157,0.5988673622427759,Austin Riley,27.93427230046948,238.0,0.1218866534826358,0.0153074396021099,-1.6265175599034063,95.6116708857927,-3.404072805168776
686780,2025,388,-6.898001304349176,-0.017778353877188596,0.5182496353923718,-12.637704173747158,-10.667012326313158,-19.542841505794573,8.875829179481416,15.78608339632623,300,-1.9659145207940458,0.6389993042758374,Pedro Pagés,35.86206896551724,260.0,0.1235936354041656,0.0131103753545676,-9.82892200395139,73.48166066293555,-11.208110537066728
682663,2025,583,-7.163511825551523,-0.012287327316554927,0.49386327775794764,-8.92513100156262,-7.372396389932956,-9.18538353505587,1.8129871451229134,12.272236258436182,300,-2.0373480532810344,0.5168548523875324,Agustín Ramírez,32.25225225225225,358.0,0.1017473187258921,0.0116524345896547,-1.5629547047971544,95.78316287242792,-3.2431321569069147
663698,2025,330,-6.405644958533754,-0.019411045328890163,0.4825680839468309,-5.503784428183926,-11.646627197334098,-10.00688077851623,-1.639746418817868,15.938699238957497,300,-2.254939556038442,0.6434262001087652,Joey Bart,23.121387283236995,160.0,0.1678894401522853,0.0126101643614817,-6.067929126508428,83.62878415503567,-7.665096835684835
682177,2025,423,-7.215527728546496,-0.017057985173868785,0.5004261106673847,-12.912716667528814,-10.234791104321271,-18.315910166707535,8.081119062386264,14.598930075564503,300,-2.2949939316369283,0.6022053202917994,Daniel Schneemann,25.970873786407765,214.0,0.1138891864847391,0.0153802393233267,2.2203118147479337,105.99038044191506,0.641418457327458
650333,2025,675,-7.474309709168597,-0.011073051420990514,0.4580120005109905,-2.8886107408219543,-6.643830852594308,-2.567653991841737,-4.076176860752572,10.577334071483977,300,-2.395798649103315,0.4427997152374613,Luis Arráez,34.09490333919156,388.0,0.0466530155851439,0.015092296042747,10.043524424046602,127.09733465276156,8.64351354831219
624585,2025,313,-5.949841087784999,-0.01900907695777955,0.45419896558523387,-3.8822160575540288,-11.40544617466773,-7.441947714161078,-3.9634984605066528,15.403706051920233,300,-2.3959685884780324,0.6276111629183935,Jorge Soler,24.65753424657534,162.0,0.1518748654725681,0.0149769408106931,-1.8818971808362777,94.92265906486809,-4.027217715221845
593428,2025,556,-7.908707966707795,-0.014224294904150711,0.4986288596502188,-2.7235067678839213,-8.534576942490427,-2.939036080450275,-5.595540862040151,12.687944363227906,300,-2.408064780957395,0.5334675165796444,Xander Bogaerts,23.781094527363184,239.0,0.1097535992007111,0.0151831657476739,3.2347996146330957,108.72745900656858,1.768571424466982
671732,2025,628,-8.168150681609236,-0.013006609365619802,0.495781567396978,-0.6616668479207883,-7.803965619371882,-0.632165778268269,-7.171799841103613,11.870302995009856,300,-2.4248379150137263,0.5002113601084277,Lawrence Butler,26.0,325.0,0.12630498961586,0.0124598946011269,0.8422525656490891,102.27238951885228,-1.123411450049673
802415,2025,441,-6.268150300624304,-0.014213492745179827,0.4243051809973896,-7.870761226185854,-8.528095647107897,-10.708518675082795,2.180423027974898,12.12300517135399,300,-2.6658775489305198,0.5107422902911637,Chandler Simpson,29.72136222910217,192.0,0.0813623566240443,0.0168267851286172,3.732333215208725,110.06979999231982,2.528383381685141
573262,2025,554,-7.128720241040615,-0.012867726066860317,0.43588715185761595,5.105034789414112,-7.72063564011619,5.528918544491817,-13.249554184608007,11.111442316510198,300,-2.735154080221168,0.46722625978689075,Mike Yastrzemski,22.192749778956674,251.0,0.1089077186887712,0.0139916072866633,9.542239728000766,125.74487324663008,7.361400100730576
592206,2025,588,-9.220480548745128,-0.015681089368614162,0.5150720131600173,-11.655852229737176,-9.408653621168497,-11.893726765037934,2.485073143869437,12.744727090713361,300,-2.788389703774804,0.535689506976357,Nick Castellanos,41.14627887082977,481.0,0.1065572802662529,0.0094800461921916,-10.31187151285693,72.17866741966054,-11.686947048372078
686611,2025,321,-7.1812232410537105,-0.02237141196589941,0.4797586270132375,-10.401302865767798,-13.422847179539646,-19.441687599565977,6.018840420026331,16.066509203126884,300,-2.8284286314110734,0.6470825812243662,Dylan Crews,,,,,,,
669707,2025,379,-7.169510790201336,-0.01891691501372384,0.4618096313387874,-0.6660881922430792,-11.350149008234304,-1.0544931803320514,-10.295655827902252,14.232940426330105,300,-2.913493558213661,0.5899803206650868,Jared Triolo,24.034334763948497,168.0,0.1235437999533798,0.0142080423586111,3.2923004397670828,108.88259569322165,1.5457367788387386
672761,2025,383,-7.754442588044978,-0.020246586391762345,0.47031464823156266,-0.4068553453817626,-12.147951835057407,-0.637371298248192,-11.510580536809215,14.41917353882053,300,-3.1458800599455436,0.5962546792600649,Wenceel Pérez,32.78688524590164,260.0,0.1039018569119326,0.0140997449981649,-0.4967429895810786,98.65979207529338,-2.106636390134038
663624,2025,355,-7.978266666001943,-0.022473990608456177,0.46642418591665274,-8.25432337846752,-13.484394365073706,-13.950969090367638,0.4665747252939312,14.853135262984695,300,-3.4522381115615666,0.6104461361794687,Ryan Mountcastle,39.7626112759644,268.0,0.0961214586979147,0.0142729937190598,-5.55057818017352,85.02459215368955,-7.163899251494888
663457,2025,580,-9.292212640252677,-0.01602105627629772,0.4610632484195009,-0.5565959125082326,-9.612633765778632,-0.5757888750085165,-9.036844890770116,11.48676561237647,300,-3.535018869498675,0.4837949486798976,Lars Nootbaar,21.94055944055944,251.0,0.1020982281765778,0.0165191738166299,9.48224773953849,125.58301542469312,7.8390787798427315
666969,2025,546,-10.73256115104666,-0.019656705404847364,0.5076704098311267,-13.797959774616121,-11.794023242908418,-15.162593158918813,3.3685699160103955,13.035772717472756,300,-3.7306295310083577,0.5469018596534738,Adolis García,35.92760180995475,397.0,0.0918364314224413,0.0141117865663426,0.6595794134937883,101.77953906844908,-1.2021659123749795
666624,2025,302,-8.77223618552687,-0.029047139687175066,0.485961792141844,-5.834325999034842,-17.42828381230504,-11.591376157022866,-5.8369076552821735,16.778375276722862,300,-3.8438352542475815,0.6666223393770393,Christopher Morel,31.239669421487605,189.0,0.101656992219193,0.0186125235212095,1.7968023131683744,104.8477557806508,-0.3882766772205035
596146,2025,473,-10.499615650572226,-0.022197918922985678,0.4888991177427469,-6.407082680482495,-13.318751353791408,-8.127377607377372,-5.191373746414035,13.487763230157501,300,-4.147642181876105,0.5637343211139557,Max Kepler,26.797385620915037,246.0,0.1442094277393584,0.011083655019363,-4.72553991617243,87.25053764822577,-6.387028770039726
677587,2025,382,-9.566554146961437,-0.025043335463249834,0.4775723392314606,-12.725482262774657,-15.0260012779499,-19.98766847556229,4.961667197612391,14.660835932507531,300,-4.164500737984429,0.6042308891661644,Brayan Rocchio,30.849478390462,207.0,0.0946617246287153,0.0141426956316492,0.4623304823792914,101.24736330318564,-0.9802137993642938
700242,2025,324,-9.210155121113344,-0.02842640469479427,0.47714923301343987,-14.680794272221629,-17.055842816876563,-27.186656059669684,10.13081324279312,15.90497443378133,300,-4.203179929130766,0.642453681511852,Trey Sweeney,,,,,,,
467793,2025,477,-10.141910917333536,-0.021261867751223348,0.47183112951078426,-12.245219482046622,-12.75712065073401,-15.402791801316505,2.645671150582496,12.96219800762965,300,-4.211089799861288,0.5440952763261145,Carlos Santana,25.099601593625497,252.0,0.1194492086276947,0.0148015326977818,3.1966305608630736,108.62447925765602,1.3727107287667135
649966,2025,329,-8.050431676470202,-0.024469397192918546,0.42637358536257053,-5.5621915187072535,-14.681638315751128,-10.143814319830858,-4.53782399592027,14.10404201114725,300,-4.357199109039895,0.5855717398770612,Luis Urías,23.1023102310231,140.0,0.1235067397248084,0.0186308236238743,3.6283980598700185,109.78938391849051,2.2935875336124747
592663,2025,549,-11.070323847028108,-0.02016452431152661,0.4688547164187427,-7.332293886183057,-12.098714586915966,-8.013435941183669,-4.085278645732297,12.006139006415712,300,-4.4856953288270125,0.505900270436149,J. T. Realmuto,32.55395683453237,362.0,0.118288179290856,0.0099970112235822,-4.577972740493422,87.64867250351254,-6.569714779531544
673237,2025,567,-13.440019721269953,-0.023703738485484925,0.532655741263407,-7.19090092724341,-14.222243091290956,-7.609418970627947,-6.612824120663009,13.421663102797528,300,-4.583326148774791,0.5613163405680344,Yainer Diaz,44.66019417475729,460.0,0.1038566492921301,0.0095648393626069,-13.26102884657024,64.22186860669191,-14.391913522724842
687401,2025,507,-12.066310124439042,-0.023799428253331444,0.5035746067917111,-20.367594683495522,-14.279656951998867,-24.103662347331976,9.82400539533311,13.4187200671502,300,-4.610373505996325,0.561208337120234,Joey Ortiz,33.21256038647343,275.0,0.0958388250110125,0.0131665984854039,0.209446425425977,100.56508449046072,-1.1790062249880044
678662,2025,389,-9.2375962434443,-0.02374703404484396,0.43342581853546763,-3.69303701668893,-14.248220426906375,-5.696201054018916,-8.55201937288746,13.185336802181721,300,-4.745495518765765,0.5525493996799554,Ezequiel Tovar,40.88541666666667,314.0,0.1192759088273336,0.0103420647696349,-12.310909447472518,66.78528183002119,-14.221578302557807
571657,2025,300,-9.615923406424697,-0.03205307802141566,0.4671237140793783,-10.655795236897891,-19.231846812849398,-21.311590473795782,2.0797436609463844,16.18164012411521,300,-4.8063393029034,0.6503369233246107,Kyle Farmer,,,,,,,
664728,2025,408,-9.596626061407964,-0.02352114230737246,0.4375211483277839,-9.14667978501219,-14.112685384423475,-13.450999683841454,-0.6616857005820211,12.996314700512649,300,-4.806853001211961,0.5453990275980122,Kyle Isbel,27.300150829562597,181.0,0.1226021507023754,0.0142822328973606,-1.6600680056563109,95.52115209797168,-3.1823009432060974
676391,2025,583,-12.070644707649386,-0.02070436485017047,0.47243612937255497,-2.9196211524921694,-12.422618910102283,-3.0047559030794195,-9.417863007022863,11.739783170359061,300,-4.81816669636923,0.4946833657679177,Ernie Clement,36.42105263157895,346.0,0.0906468240207532,0.0137963278627956,-2.645545068507587,92.8623442296136,-3.715354174027016
641680,2025,434,-10.682201011525768,-0.024613366386004074,0.4606657352218836,-16.85913008633904,-14.768019831602444,-23.307553114754434,8.53953328315199,13.267597744311292,300,-4.923627684585183,0.5556227214851367,Jonah Heim,30.0,246.0,0.119628314344117,0.0135329877108854,-3.6801130486144857,90.07108952714401,-5.277379232534145
665926,2025,369,-10.436142681853585,-0.02828222949011812,0.46815077033281727,-15.169359305100347,-16.96933769407087,-24.665624886342027,7.696287192271157,14.622573386784984,300,-4.958522605496599,0.6029803625373804,Andrés Giménez,35.11904761904761,236.0,0.0944699891892622,0.0146934885147891,0.8483851319517812,102.28893512519208,-0.8559385475258658
621043,2025,587,-12.530514154039096,-0.021346702136352806,0.47030195436530775,-4.275429288378933,-12.808021281811683,-4.37011511588988,-8.437906165921802,11.646863436387372,300,-5.07551226158865,0.49071101722187943,Carlos Correa,28.84283246977548,334.0,0.1152477726685858,0.0115499139019997,0.6418842905615647,101.73179779281996,-1.2145261020714382
641857,2025,587,-12.178858268703026,-0.020747629077858647,0.4590409491838481,-6.083802887974043,-12.448577446715188,-6.218537875271594,-6.230039571443593,11.367988581015123,300,-5.078859849146228,0.47860525792854797,Ryan McMahon,24.958540630182423,301.0,0.1337183391766807,0.0120748558725073,2.8291072544069373,107.63290482548882,0.5996127899700139
676572,2025,514,-12.343189086956166,-0.024013986550498377,0.4792845626312184,-9.455781058779912,-14.408391930299027,-11.037876722311182,-3.370515207987845,12.684201478340794,300,-5.150939514711533,0.533320655168176,Eric Wagaman,25.69373072970195,250.0,0.1482825481859052,0.0109668031876473,-5.561146264754624,84.99607956065526,-7.346652948578149
602104,2025,391,-10.973142918224454,-0.028064304138681467,0.4626006990242567,-3.14992044316484,-16.83858248320888,-4.833637508692849,-12.004944974516032,14.036833754651058,300,-5.297010787872081,0.5832515305143199,Ramón Urías,27.7027027027027,205.0,0.1189829876321215,0.0138305335650326,0.3461910682038553,100.9340202535334,-1.408322716564829
663697,2025,565,-12.281383677591164,-0.0217369622612233,0.44519255021442,-9.761863899395932,-13.04217735673398,-10.366581132101874,-2.6755962246321054,11.237634812083618,300,-5.480358731262524,0.47285241508949105,Jonathan India,18.970448045757863,199.0,0.1281157256483822,0.0142836186796662,11.345170522166535,130.60916361150532,9.244482139886127
571448,2025,434,-13.391250906904741,-0.03085541683618604,0.49424723629548045,-10.311142667998393,-18.513250101711623,-14.255035946541557,-4.258214155170066,14.234775925427888,300,-5.849166961082968,0.590042707604989,Nolan Arenado,34.20074349442379,276.0,0.1010058227298801,0.0147395044141788,-0.4405329188611385,98.81144631864912,-2.126757745673712
668939,2025,367,-10.266855723385676,-0.027975083714947346,0.4165720963143638,-5.846495184570077,-16.78505022896841,-9.558302754065522,-7.226747474902886,13.046931854972815,300,-5.983686274851285,0.5473258976176928,Adley Rutschman,21.61422708618331,158.0,0.127069199181766,0.0148741450329958,5.0147003352154815,113.52961444901834,3.259176340060116
572191,2025,324,-13.506904732415075,-0.04168797756918233,0.5185233148271156,-14.337567974341257,-25.012786541509396,-26.55105180433566,1.5382652628262647,17.284110494237186,300,-6.006972777889704,0.6796886193741921,Michael Taylor,29.80132450331126,180.0,0.140731533091184,0.0107961952113614,-7.057872600348571,80.95792595174017,-9.152538911972483
666134,2025,405,-11.656291803450163,-0.02878096741592633,0.43552240063929654,-15.978686496522059,-17.2685804495558,-23.672128142995643,6.403547693439844,12.984769247378198,300,-6.250437215040153,0.5449582765134237,Nolan Jones,27.061855670103093,210.0,0.1270332944774476,0.0150906789070817,0.757439947122617,102.04356586990626,-1.4906506762976073
650489,2025,451,-12.78836746591278,-0.028355581964329888,0.45195790195263674,-9.249955965950988,-17.013349178597934,-12.305928114347214,-4.70742106425072,12.769119853740492,300,-6.3003435874759735,0.5366405649969663,Willi Castro,32.18116805721097,270.0,0.1075861496410707,0.0108669247590874,-0.4016203402177525,98.91643209069316,-2.209273233638029
666139,2025,435,-12.469821727388736,-0.028666256844571806,0.44566488785467034,-12.246165557598891,-17.199754106743082,-16.891262838067437,-0.30849126867564536,12.820797509214822,300,-6.346255745377896,0.538648571554412,Josh Lowe,37.06140350877193,338.0,0.1055644182245993,0.0121584476548086,-3.5061330594745868,90.54048590530388,-5.32404528296291
696285,2025,363,-12.67280996338704,-0.03491132221318744,0.46506701045544074,-14.097028096771004,-20.946793327912467,-23.3008728872248,2.354079559312332,14.645812564236175,300,-6.519487506204964,0.6037404347114318,Jacob Young,23.1404958677686,140.0,0.1382691022947837,0.0142862816990932,-0.5933379874270106,98.3991796775033,-1.8439963132996449
691023,2025,395,-13.639724195232185,-0.03453094732970174,0.47936372742988287,-18.931894401922705,-20.71856839782104,-28.75730795228765,8.03873955446661,14.47164402784921,300,-6.5648629332704935,0.5980023095553179,Jordan Walker,34.104750304506695,280.0,0.1257233784414005,0.0102300878265993,-10.385035637212564,71.98127129868391,-11.82754935427397
671739,2025,642,-18.760774911616707,-0.029222390828063407,0.5177119598052202,-12.89097412802507,-17.533434496838044,-12.047639371986048,-5.485795124851997,12.2594767461335,300,-6.957246348975211,0.5163353021795303,Michael Harris,43.15693430656935,473.0,0.1122985191149772,0.0086521328325256,-15.750510771133332,57.50526973425072,-16.865241877559953
682657,2025,483,-14.981113925887671,-0.031016799018400976,0.47053450180627054,-16.110395918428353,-18.610079411040587,-20.012914184383046,1.4028347733424589,12.846036701032723,300,-6.9758406239584225,0.5396258854567109,Angel Martínez,39.414414414414416,350.0,0.1167268178447979,0.010478239907656,-10.986847236004127,70.3575892522377,-12.421576482943191
678882,2025,585,-16.353182735319464,-0.027954158521913613,0.4730000208789731,-10.358955606308296,-16.772495113148167,-10.624569852623894,-6.147925260524273,11.733686410082697,300,-7.021353344622177,0.4944236667560728,Ceddanne Rafaela,42.27799227799228,438.0,0.086301855926467,0.0095990058587735,-6.176241453433281,83.33655851334011,-7.303868409599426
643396,2025,457,-15.133600046612784,-0.033115098570268675,0.4695040689280368,-14.01573723272137,-19.869059142161206,-18.40140555718342,-1.4676535849777856,13.177484400008185,300,-7.267265305521837,0.5522548123925552,Isiah Kiner-Falefa,32.11875843454791,238.0,0.0997109942007631,0.0118818681083994,-2.107336482878802,94.3144259433649,-3.448600941006001
687363,2025,463,-13.906642383737607,-0.030035944673299366,0.435996219004709,-15.66571181336113,-18.02156680397962,-20.301138419042502,2.2795716150628813,12.157477596167153,300,-7.280872923801374,0.5121613041446711,Victor Scott,23.629719853836782,194.0,0.1326842338708259,0.0134669607475916,2.971052821588592,108.01587263380004,1.216166904580423
669701,2025,562,-14.370443687886953,-0.02557018449801949,0.41503610957169124,-1.7812283877895583,-15.342110698811693,-1.9016673179247954,-13.440443380886897,10.5043449753884,300,-7.304933755992282,0.4393855672063972,Josh Smith,25.6120527306968,272.0,0.1119401484628236,0.0120281564934931,4.614272685297921,112.4492644069498,2.866887684006409
660821,2025,496,-15.328018644161915,-0.030903263395487733,0.4515526719355078,-6.864803489493665,-18.54195803729264,-8.30419776954879,-10.237760267743852,12.165188103596112,300,-7.5279309745613325,0.5124781208318224,Jesús Sánchez,30.76923076923077,308.0,0.1316707949822761,0.0111182730025305,-6.301978771762082,82.99732040834394,-7.942503978112056
621438,2025,339,-12.543054722356997,-0.037000161422882,0.42408829392712466,-12.954509832448357,-22.2000968537292,-22.928335986634263,0.7282391329050633,13.819988642056448,300,-7.722242556180218,0.575663853855118,Tyrone Taylor,,,,,,,
672275,2025,448,-16.11461329202755,-0.035970118955418635,0.46993440981891776,-20.142160008738298,-21.582071373251182,-26.97610715456022,5.394035781309039,13.321388366708211,300,-7.902644920787024,0.5576198196547084,Patrick Bailey,28.72727272727273,237.0,0.1392078761620117,0.0113831360397108,-5.729146846306456,84.54281556806028,-7.530513739236314
686668,2025,538,-18.101015735798335,-0.03364501066133519,0.4777566533588397,-18.68757963328756,-20.187006396801113,-20.841166877272368,0.6541604804712549,12.358531145675967,300,-8.147716385158871,0.5203535421418087,Brenton Doyle,29.949238578680205,295.0,0.124961936095539,0.0109987294553777,-4.757519384064587,87.16425734393177,-6.415434126397346
805367,2025,504,-14.640321386041366,-0.029048256718336045,0.39727280087964595,-12.827762319967377,-17.428954031001627,-15.271145619008783,-2.1578084119928445,10.617562214112146,300,-8.367083129999562,0.44467369292204295,Chase Meidroth,22.5,216.0,0.095825162946756,0.018473077170606,8.759320963610236,123.63256576681522,6.839195910034993
650859,2025,539,-17.773310508581446,-0.03297460205673738,0.4424012767274763,-13.963907295134275,-19.784761234042428,-15.54423817640179,-4.2405230576406385,11.433343181916058,300,-8.838848329915853,0.48146695085756835,Luis Rengifo,30.856553147574814,299.0,0.119732858965412,0.0120771189642656,-4.522260594105443,87.79898335169291,-5.973526334669218
693304,2025,409,-17.524914151262053,-0.042848200858831426,0.4665727773177511,-12.489305358909778,-25.708920515298857,-18.32171935292388,-7.3872011623749785,13.842323422447473,300,-9.188559451386599,0.5764525791933361,Nick Gonzales,31.67701863354037,204.0,0.1122743409394424,0.0130275546112155,-3.973170732052253,89.28042264713291,-5.393709209404746
592626,2025,305,-16.0031388889468,-0.05246930783261246,0.46503696263379757,-9.20138777423783,-31.481584699567474,-18.10109070341868,-13.380493996148793,15.976763411909586,300,-9.289905791997892,0.6445199694385738,Joc Pederson,26.86335403726708,173.0,0.1311340470252724,0.017279160287409,-1.7902235481680635,95.16999366558824,-3.826324301673389
683011,2025,596,-22.223150600645035,-0.03728716543732388,0.49215255308472367,-15.924185361191755,-22.37229926239433,-16.031059088448075,-6.341240173946254,12.095612437558417,300,-9.46788981252646,0.5096116978754841,Anthony Volpe,24.04614019520852,271.0,0.1218005697476792,0.0157660798689888,4.003477608411084,110.80134502089894,2.101473199675572
643289,2025,397,-17.85869972410757,-0.04498413028742461,0.4592448438142539,-15.997697843845087,-26.990478172454765,-24.177880872309956,-2.812597300144809,13.82930280358449,300,-9.745120574464227,0.5759929739604607,Mauricio Dubón,34.954407294832826,230.0,0.080688060452864,0.0163520554459849,2.2344295851289027,106.02847005392896,0.7815507605308842
669911,2025,339,-17.430449940128582,-0.05141725646055629,0.4678186647191726,-13.423968750385718,-30.850353876333774,-23.759236726346405,-7.091117149987369,15.24505327202445,300,-9.801032734936598,0.6227591775490486,Michael Toglia,30.84795321637427,211.0,0.1606950986020361,0.0099011906484087,-15.04819974490828,59.40009829287705,-16.79007723308647
663647,2025,567,-21.302548744668343,-0.03757063270664611,0.45398125227081854,-24.12754143560934,-22.542379623987667,-25.531789878951685,2.9894102549640174,11.439252318040598,300,-10.26218763349602,0.4817249508826678,Ke'Bryan Hayes,26.78741658722593,281.0,0.1278972583072998,0.011340980348017,-1.2025087865658637,96.75564257757507,-2.758642299886682
667472,2025,333,-19.227418420730306,-0.057739995257448364,0.4870226746057754,-15.959577681193943,-34.64399715446902,-28.75599582197107,-5.88800133249795,16.013206899987207,300,-10.37485673165341,0.6455633222754618,Dane Myers,,,,,,,
680574,2025,576,-21.834785657392764,-0.037907613988529106,0.4470212597953848,-15.499461793835728,-22.744568393117465,-16.145272701912216,-6.599295691205249,11.17553149488462,300,-10.665913808142056,0.4700905947626737,Matt McLain,26.18025751072961,305.0,0.1222598293751335,0.0125508064042322,1.6326774301016973,104.4049483862012,-0.261728378388562
624424,2025,485,-20.181281219849538,-0.04161088911309183,0.4445790487009923,-15.555925392484811,-24.9665334678551,-19.244443784517294,-5.722089683337806,12.112376816970382,300,-10.720747165609351,0.5103039375296867,Michael Conforto,23.59437751004016,235.0,0.1463541872838055,0.0116297931907725,3.620274226713448,109.767465892864,1.2900182065605943
666023,2025,344,-17.772552492527538,-0.051664396780603306,0.4201344633403611,-9.157606971049349,-30.998638068361984,-15.972570298341887,-15.026067770020097,13.59127929009884,300,-11.733229012310165,0.5674912291618533,Freddy Fermin,30.99688473520249,199.0,0.1203479548169922,0.0125753525441208,-1.7776748046258493,95.20385005791412,-3.641914563924606
669289,2025,329,-18.9632496175371,-0.057639056588258665,0.4370827095920135,-17.881067942563494,-34.5834339529552,-32.609850351179624,-1.973583601775573,14.458289889580477,300,-12.15516969142162,0.5975583602928434,Santiago Espinal,23.452768729641694,144.0,0.1219662037900548,0.015726857681055,3.6414848190034568,109.82469187183308,1.9740637631507785
677950,2025,467,-22.0125017932505,-0.04713597814400535,0.43536479575594783,-9.170502030952527,-28.28158688640321,-11.7822295900889,-16.49935729631431,12.087768069930245,300,-12.375862231432725,0.5092874435474565,Alek Thomas,35.03184713375796,275.0,0.112645377574139,0.0121251990732789,-7.459443786861618,79.87449065866738,-8.825402675173395
624431,2025,302,-17.71611860653935,-0.0586626443925144,0.41863050600781143,-12.677045330304324,-35.19758663550864,-25.186182775439057,-10.011403860069585,14.453687194472435,300,-12.408172401072527,0.597405214660909,Jose Trevino,,,,,,,
681351,2025,451,-32.67304669733881,-0.07244577981671577,0.46771410493290516,-21.092727573001266,-43.46746789002946,-28.06127836762918,-15.406189522400282,13.214278226734255,300,-17.769352712698065,0.5536333214045981,Logan O'Hoppe,31.655480984340045,283.0,0.1360625492545066,0.0101592747317417,-9.803011491861518,73.55156698142298,-11.429724543297608
669397,2025,414,-29.656895403790802,-0.07163501305263478,0.38759527135464916,-22.970031583754565,-42.98100783158087,-33.289900846021105,-9.691106985559763,11.429561000983528,300,-20.874456539709385,0.48130175145165666,Nick Allen,25.069637883008355,180.0,0.1136247579834845,0.0142356294566226,2.94771621198818,107.952910680077,1.1241874978148143
670541,2026,626,66.92854677174441,0.10691461145646071,0.5212479596932843,60.04889557885252,64.14876687387643,57.55485199251041,6.593914881366018,12.499955065375351,269,24.31307720359183,0.6529996699959801,Yordan Álvarez,29.17933130699088,384.0,0.108905103203543,0.0126747759461036,3.9241164304168894,108.92127027998632,-3.193495076159441
701762,2026,435,39.133883193218644,0.08996294986946815,0.539495678189391,24.992728858169603,53.97776992168089,34.472729459544276,19.505040462136613,15.520102740106907,269,16.175247475833487,0.7436588200413108,Nick Kurtz,23.51160443995964,233.0,0.1424710978352824,0.0132991049544684,6.240559913242568,114.18758150317429,-1.84797935345996
691718,2026,649,41.53523137864136,0.06399881568357683,0.5320931778947338,44.11627962299983,38.3992894101461,40.78546652357458,-2.3861771134284737,12.531890536164893,269,15.33726572128267,0.6541550999658319,Pete Crow-Armstrong,33.84168482207698,466.0,0.1066676021679896,0.0113225649469843,1.964297098901224,104.46572512315318,-4.825935338388207
695578,2026,564,37.20070023626067,0.06595868836216431,0.5267643522148983,37.406319258928896,39.57521301729859,39.79395665843499,-0.2187436411364061,13.30846833501411,269,14.772066480910695,0.6808328525054772,James Wood,21.968503937007878,279.0,0.1404209482953964,0.013062165724031,5.832740704320937,113.26042619250131,-1.6421046294393309
681198,2026,567,31.118016370767982,0.05488186308777422,0.46656115553550204,31.43330327783921,32.92911785266453,33.262754791364245,-0.333636938699712,11.756236085236809,269,14.322582233489488,0.6247053047526204,TJ Rumfield,30.40885860306644,357.0,0.1213415886204658,0.0099540275318723,-0.1430806748227874,99.67471368534258,-7.02808615478518
676475,2026,614,36.57223609031051,0.05956390242721581,0.5310706607009866,17.112834835056784,35.738341456329486,16.722639903964286,19.0157015523652,12.859360574770063,269,14.039651335559501,0.6657321478208709,Alec Burleson,38.064516129032256,472.0,0.0812272937706884,0.0119792468717486,3.0916168259740355,107.0286266464672,-3.0200273542333336
547180,2026,616,32.54344770347547,0.05283027224590174,0.486148549676417,29.597270234940407,31.698163347541044,28.828509969097798,2.869653378443246,11.752489957706706,269,13.864878861829325,0.624555854867599,Bryce Harper,32.10227272727273,452.0,0.1036481186602905,0.0103919768685573,3.491729084649277,107.93826061510006,-3.766883863476205
660271,2026,596,33.59898707874903,0.056374139393874215,0.5141566534577433,34.84501134249991,33.82448363632453,35.078870479026754,-1.2543868427022247,12.636406279794896,269,13.640095786014285,0.6579033786492386,Shohei Ohtani,30.08196721311475,367.0,0.0798088133126545,0.0153992421071857,9.560193197312255,121.7345914563112,3.0930905316156068
650490,2026,621,31.79491290799585,0.05119953769403519,0.49176439791049203,28.938030161989467,30.719722616421112,27.95944943187388,2.7602731845472306,11.840295311932849,269,13.401450779073784,0.6280400931724223,Yandy Díaz,29.012875536480685,338.0,0.0997981431057125,0.0145549100947526,6.941599540237781,115.78135786029952,0.9078203234666722
656941,2026,622,33.10207830720057,0.05321877541350574,0.5204754641218342,33.37566850625893,31.931265248103443,32.1951786234009,-0.26391337529745584,12.52149888497387,269,13.11114047562517,0.6537796507635707,Kyle Schwarber,25.985915492957744,369.0,0.1422212780573521,0.0129613599703414,3.6221617406910314,108.2347923308426,-4.652572721251222
665742,2026,400,28.528426884312037,0.07132106721078009,0.5291475184053022,28.66892022645737,42.79264032646805,43.00338033968606,-0.2107400132180075,15.874425552159066,269,12.970585397732666,0.7521700327630988,Juan Soto,20.023557126030624,170.0,0.1429560245457402,0.0181330634784138,10.475715059280994,123.81598178269144,3.196800879710035
700250,2026,597,33.917170812976764,0.0568126814287718,0.5477399329215203,29.044654928525283,34.08760885726308,29.19060796836712,4.897000888895956,13.45050186693736,269,12.878394849084348,0.6854286804269474,Ben Rice,25.304136253041364,312.0,0.1313241501918619,0.012421421350287,2.4975585341131707,105.67806667258924,-3.993609387997336
641343,2026,519,32.44690872363994,0.06251812856192668,0.555994987525707,30.362140125422698,37.51087713715601,35.1007400293904,2.410137107765607,14.64328273045226,269,12.737388625061786,0.7208665850109292,Jake Bauers,20.82239720034996,238.0,0.1602391298456512,0.0117738418713085,9.485662093381558,121.5651489501517,1.6139239737145878
805808,2026,631,27.567308062517842,0.043688285360567104,0.4661525214069245,21.33694335481327,26.21297121634026,20.28869415671626,5.924277059624,11.134343321443135,269,12.39741386219258,0.5988965352654694,Kevin McGonigle,19.7172034564022,251.0,0.13534883462861,0.0149872767142652,11.551820508050556,126.26245036446574,4.608946693937895
671277,2026,490,32.650449527080035,0.06663357046342865,0.5921417874248632,18.97587473010698,39.98014227805719,23.2357649756412,16.744377302415987,16.050143537364157,269,12.123225574353675,0.7562513787860897,Luis García,38.640973630831645,381.0,0.0920412017933166,0.0141272812106524,-0.5213567927514593,98.81472302289755,-6.841670178708887
672515,2026,484,25.345149940599853,0.05236601227396664,0.509770920143536,22.11582135861192,31.41960736437998,27.416307469353622,4.003299895026359,13.90284327664189,269,11.640838634008805,0.6995146079948061,Gabriel Moreno,29.40125111706881,329.0,0.0945874472022502,0.0126707969066384,9.058412644729035,120.5938200214636,2.144050691982508
682829,2026,561,25.19291659102325,0.04490715969879367,0.48768820043130673,28.137458743617497,26.944295819276203,30.09353876322727,-3.149242943951066,12.354127176494538,269,11.530131118182638,0.6476627219781556,Elly De La Cruz,25.88916459884202,313.0,0.1180545759488555,0.015048040504536,8.206902480610013,118.6579568902429,0.7117637442407698
668930,2026,613,27.85367157343749,0.04543828967934338,0.5279484213313205,13.785270218325286,27.262973807606027,13.492923541590818,13.77005026601521,12.794181539192753,269,11.261246011093636,0.6634667523561084,Brice Turang,25.0,324.0,0.1380436080056532,0.0117412672624805,5.210989136579076,111.84690702680189,-2.027119681752815
575929,2026,519,25.81114754776667,0.0497324615563905,0.5528417544450057,31.31798824192816,29.8394769338343,36.20576675367417,-6.366289819839867,14.560235788390417,269,10.657298110450323,0.7185720001255839,Willson Contreras,34.64711274060495,378.0,0.1037660064189426,0.0122135739416044,1.105124638497121,102.51244216830172,-5.811935366541606
689414,2026,504,24.373642077809397,0.04836040094803452,0.5349810028318474,20.551298447092304,29.01624056882071,24.465831484633696,4.550409084187013,14.297968721639373,269,10.617317221622244,0.7111623037438464,Liam Hicks,26.94300518134715,260.0,0.0976515355407262,0.0158388145961492,7.917157330843262,117.99923668170166,1.6859809737311051
680777,2026,326,24.164272999815932,0.07412353680925132,0.5934214401016559,19.85088599341543,44.474122085550796,36.53537299401613,7.9387490915346675,19.719944281678487,269,10.416360751229604,0.8240544218176814,Ryan Jeffers,25.594405594405597,183.0,0.0893693647873653,0.0186189141075042,13.8243111806839,131.4288372081803,6.015007244582115
808959,2026,476,23.16023982261436,0.04865596601389572,0.5327807028364929,15.141445405860358,29.193579608337433,19.085855553605494,10.10772405473194,14.651978086075415,269,10.409531489408785,0.721105422659526,Munetaka Murakami,22.36958443854996,253.0,0.1676932133890171,0.0120385375689166,3.676686732709949,108.35875200417044,-4.453713037215593
668804,2026,630,22.41514689064345,0.035579598239116585,0.4726143468866367,18.877509288921708,21.34775894346995,17.97858027516353,3.3691786683064215,11.29764377161595,269,10.319001692338063,0.6058710823867149,Bryan Reynolds,25.09928514694202,316.0,0.140112673221352,0.0097411847293233,2.097345397774175,104.76820336394582,-4.786485115257375
678246,2026,624,24.404121466797093,0.03910916901730303,0.5158293294252193,25.041403520377404,23.46550141038182,24.078272615747505,-0.6127712053656857,12.38981972990647,269,10.277689148691556,0.6489782659405242,Miguel Vargas,21.15232833464877,268.0,0.0871355894784271,0.0186965600622129,18.9216349860056,143.0173321415613,11.793445370134418
701398,2026,628,25.731867402971844,0.04097431115122905,0.5506955636711112,15.256580316136432,24.584586690737428,14.576350620512516,10.008236070224912,13.185087201012545,269,10.074628812379135,0.6767713833458554,Sal Stewart,31.03180760279286,400.0,0.1163550899698625,0.0107777662115339,-0.6811547977289718,98.45143074605356,-7.056192330067463
803011,2026,496,17.515517143716647,0.03531354262846098,0.4289997028766643,15.984878103625318,21.18812557707659,19.336546093095144,1.8515794839814461,11.557593180683998,269,10.061029302307945,0.6166814114518003,Sam Antonacci,21.855670103092784,212.0,0.13658792422771,0.0151814395294583,6.732848811690532,115.30677416648282,0.8310053681384222
641355,2026,499,19.009131358028476,0.03809445161929555,0.48267492863376366,9.814110316636125,22.856670971577326,11.800533446857063,11.056137524720263,12.964498404663692,269,9.662479368538092,0.6693463648918376,Cody Bellinger,30.14553014553015,290.0,0.1064176649040044,0.0139089612842921,2.7888627476235186,106.34033132974382,-3.172425458358272
691406,2026,632,22.831061968723052,0.03612509805177698,0.5312586665570835,26.854878837320186,21.67505883106619,25.49513813669638,-3.820079305630191,12.679401058829193,269,9.455516829580105,0.659430691360503,Junior Caminero,30.101302460202607,416.0,0.0965341982239159,0.0154685423498314,4.970131948208176,111.2993310018708,-1.8676532851807368
682928,2026,597,23.070306701708677,0.0386437298186075,0.5534952336445187,22.572838853448324,23.186237891164502,22.68627020447068,0.49996768669382163,13.5918311337421,269,9.359151196855711,0.6899185868675659,CJ Abrams,37.24859211584876,463.0,0.095666997782262,0.0121115353785666,0.044427234370906,100.10100295764492,-6.787557558372795
624413,2026,632,23.16383794066692,0.036651642311181835,0.5594602634224364,23.988386134330266,21.990985386709102,22.773784304743923,-0.7827989180348212,13.352480633177759,269,9.132748660412789,0.6822660223522274,Pete Alonso,27.789776817854573,386.0,0.1141321635574052,0.0143420420321946,7.264983396678442,116.5165538817858,-0.2099062145322516
691720,2026,410,17.115296170204335,0.041744624805376426,0.5060955980916467,11.236036158796217,25.046774883225854,16.44297974457983,8.603795138646024,14.996568029075851,269,9.050342011249244,0.7303587633142786,Kyle Karros,24.80270574971815,220.0,0.1198447304050978,0.014726659223537,7.055805253207079,116.04099848284072,-0.4131818106040494
800050,2026,499,17.73220293385659,0.035535476821355896,0.49404468705786897,17.560906733334054,21.321286092813537,21.115318717435738,0.2059673753777993,13.269886578372978,269,8.96897112520481,0.6795697810722346,Chase DeLauter,21.592039800995025,217.0,0.1222801107870253,0.0182880495675827,9.692529546488714,122.03545111728316,3.2387753312905323
571970,2026,494,20.312843310374085,0.041119116012903,0.5579005033948667,17.827079527847523,24.671469607741802,21.65232331317513,3.0191462945666707,15.060678203552067,269,8.913045980738007,0.7320356574112301,Max Muncy,25.85551330798479,272.0,0.1351390526893391,0.0106858766040798,1.0142570566066211,102.30585954719233,-5.773583990048512
665487,2026,624,18.055105526212238,0.028934463984314485,0.46041171990895663,14.961852046923799,17.360678390588692,14.38639619896519,2.9742821916235016,11.058731804886914,269,8.893329902932225,0.5956184568270839,Fernando Tatís,26.44770959377701,306.0,0.1287332908102339,0.0130239222110221,0.6862476051276731,101.56014748106924,-5.092647430379311
681624,2026,551,20.311890358066798,0.03686368486037531,0.5469801499865984,10.602206086542736,22.118210916225188,11.545051999865048,10.57315891636014,13.981282692283388,269,8.801130479837077,0.7018744348514097,Andy Pages,31.93979933110368,382.0,0.1291950277970282,0.0121993363673903,-2.0622751376187263,95.31152700980432,-10.027785860922204
695506,2026,509,18.557613338065345,0.036458965300717766,0.5215663251178984,17.946154375959022,21.87537918043066,21.15460240781024,0.7207767726204182,13.870812548096541,269,8.79111643200736,0.6985440684533725,Jac Caglianone,39.27125506072874,388.0,0.1066820281495944,0.0108211376800077,-6.792257188645473,84.55816404391223,-12.372476021441807
670623,2026,588,20.45907372650325,0.034794343072284434,0.5415631703385313,14.705854298421626,20.876605843370662,15.005973773899617,5.8706320694710445,13.400213236205923,269,8.751274564939619,0.6838111310795397,Isaac Paredes,27.703703703703702,374.0,0.109577525595656,0.0123201032642649,9.783199207412512,122.2415837755871,1.4323015108463937
664983,2026,517,17.741789921370906,0.034316808358551075,0.5039065805224893,13.607301283188665,20.590085015130644,15.791839013371758,4.798246001758885,13.297071642964422,269,8.719134775569218,0.6804604094182116,Jake McCarthy,37.89237668161435,338.0,0.098486572729844,0.0128612400880354,-3.5363976094783727,91.96018786621416,-8.436267624666769
664040,2026,588,20.257997276561426,0.034452376320682696,0.5412605130907294,14.289892741053443,20.671425792409618,14.581523205156573,6.089902587253045,13.392724411484897,269,8.690636596504225,0.6835693483410187,Brandon Lowe,33.591331269349844,434.0,0.1236272185488404,0.0110505566119763,-3.664731372457842,91.66842787236862,-10.907377254810031
671739,2026,556,18.243956852036014,0.032812872036035994,0.5125933615794145,15.390365536485291,19.687723221621596,16.608308132897793,3.0794150887238025,13.043280441573058,269,8.570383086185664,0.672022536406308,Michael Harris,44.40333024976873,480.0,0.0842512851812983,0.0117655520350299,-4.112946854724411,90.6494337798438,-9.496449694393666
665833,2026,358,17.1123096750892,0.04779974769577989,0.5593118521974574,14.586724496237366,28.679848617467933,24.44702429536989,4.232824322098043,17.736329953856345,269,8.476976620895936,0.7911763785375269,Oneil Cruz,31.3180169286578,259.0,0.1123299484981105,0.0137787276997674,1.7140661203214322,103.8968382840594,-5.768715308885254
668227,2026,593,17.864793870837342,0.030126127944076462,0.5070436219106622,20.171435798345698,18.075676766445877,20.4095471821373,-2.333870415691422,12.493071565693285,269,8.32942757053382,0.6527499999384772,Randy Arozarena,30.74484944532488,388.0,0.0917355207458048,0.0139519344808452,9.056895711017637,120.59037135324076,2.0991373522680146
686948,2026,539,16.345355307803164,0.030325334522825906,0.4927121927289645,12.073202120599346,18.195200713695545,13.439557091576265,4.75564362211928,12.73356991882014,269,8.241603986806322,0.6613429075454241,Drake Baldwin,34.12408759124087,374.0,0.0980033231193446,0.0138832360814584,3.541269930798999,108.050889097521,-3.316914412470108
671976,2026,434,14.909123141139712,0.034352818297556945,0.5027780446407515,11.940177361316914,20.611690978534167,16.507157642373613,4.104533336160554,14.48047106814206,269,8.099241901076386,0.7163448878131592,Tristan Peters,31.866666666666667,239.0,0.1021923927412002,0.0158798127013518,1.0572044122430415,102.40349807913633,-4.054412400212421
673548,2026,561,18.447570807709234,0.03288337042372413,0.5532168845546706,23.245459075788823,19.730022254234477,24.861453556993393,-5.131431302758916,14.014101103795666,269,8.07289248933982,0.7028546880203431,Seiya Suzuki,22.308892355694223,286.0,0.1390174053986758,0.0143724301119015,9.184798630906291,120.88115184820302,0.5504535400794239
691023,2026,608,19.443572858074003,0.03197956062183224,0.5749289968851712,20.439450891558547,19.187736373099344,20.170510748248567,-0.9827743751492228,13.989869838599434,269,7.923359762275842,0.7021313261808514,Jordan Walker,36.106346483704975,421.0,0.1082843631515226,0.0106729955845626,-4.2745106980047245,90.2821269634087,-9.98636017279802
663993,2026,389,15.351243188650969,0.03946335009935982,0.544856289202112,8.053278843771658,23.678010059615893,12.421509784737776,11.256500274878118,16.575186282606957,269,7.909966969608352,0.7679219465355404,Nathaniel Lowe,28.068043742405838,231.0,0.1407858612464873,0.0152317103125343,-1.4350563259015925,96.73747566429569,-8.729914124588735
663616,2026,426,13.399089654219082,0.03145326209910583,0.4794312480976051,5.809160591719791,18.8719572594635,8.181916326365902,10.690040933097597,13.937111921784986,269,7.854192466558263,0.7005485149852145,Trevor Larnach,30.114942528735632,262.0,0.109641476899857,0.0136479027008247,3.681300808441812,108.36924186027592,-2.6918242574946065
545361,2026,563,14.462662193891791,0.025688565175651493,0.4651237808312727,20.61656519862981,15.413139105390895,21.971472680600154,-6.558333575209259,11.761578123752644,269,7.74631519953932,0.6249182992788987,Mike Trout,21.156893819334396,267.0,0.1608810979076593,0.0121823357865929,8.466023665793214,119.24705514185725,0.1935477491341561
669003,2026,472,14.412214737638633,0.03053435325770897,0.5019470785141276,6.361031438613051,18.32061195462538,8.086056913491166,10.234555041134215,13.862392200249682,269,7.72339289114044,0.6982882615255901,Garrett Mitchell,22.56410256410257,220.0,0.1196409607545361,0.0151713488841161,10.411858522273755,123.67080733746609,3.9528666259828182
660670,2026,404,11.814389354398626,0.029243538005937195,0.4569849452337491,12.320510665291664,17.546122803562316,18.297788116769798,-0.7516653132074822,13.641510476209664,269,7.587806487199945,0.6914774414433079,Ronald Acuña,28.46153846153846,259.0,0.1235098420699308,0.0157302075750664,4.1616941017596405,109.46139049714137,-3.893434709589692
807712,2026,548,13.445625282685272,0.024535812559644658,0.45220900434584255,16.499920296978104,14.721487535786794,18.065606164574568,-3.3441186287877738,11.590446772540277,269,7.566721004063108,0.6180225106454522,Luke Keaschall,23.4375,240.0,0.1279015736294357,0.0142290914728316,5.73913662873628,113.04762229832372,-0.7189618774794146
678554,2026,331,12.990625199009756,0.03924660180969715,0.5497107097167214,11.578457052610197,23.54796108581829,20.98813967240519,2.5598214134131005,18.128899928449954,269,7.259602117280519,0.7983181080708985,Curtis Mead,25.204359673024523,185.0,0.1109708282920704,0.0163907032708724,10.228928101760824,123.2549247425518,2.0152293624944466
664034,2026,440,14.558419217118974,0.03308731640254312,0.565155852526852,18.197435573224904,19.852389841525873,24.814684872579416,-4.962295031053543,16.16564887432657,269,7.173106701102828,0.7588853006974059,Ty France,33.114035087719294,302.0,0.1064264669301664,0.0123737450399778,0.478802059429938,101.08853105113774,-6.017476615723678
671056,2026,648,14.235332663328338,0.021968105961926446,0.47270854577491045,8.669974594209648,13.180863577155868,8.027754253897823,5.153109323258045,11.141847274742357,269,7.166942224765168,0.5992201732475398,Iván Herrera,28.905660377358487,383.0,0.1297175894077266,0.011397346683947,1.289046849987209,102.93057954732478,-5.364044590044539
643217,2026,430,13.732209595589824,0.031935371152534475,0.5441845645409045,1.9515775480522177,19.161222691520685,2.7231314623984435,16.438091229122243,15.745746011146952,269,7.162812495097429,0.7491231602333042,Andrew Benintendi,33.21637426900585,284.0,0.0921459859907063,0.0148364646039196,3.6996463027548754,108.41094936719855,-2.2018130653500374
666018,2026,610,14.573030173292768,0.023890213398840603,0.5030337600711118,10.570887190517057,14.334128039304362,10.39759395788563,3.936534081418733,12.220344965594586,269,7.142878934051505,0.6426776956290279,Jonathan Aranda,28.687856560717197,352.0,0.0652885532184986,0.0159642399142187,15.531482931146352,135.3100015085512,8.804154554995955
646240,2026,621,16.140776451574997,0.025991588488848624,0.5603436882346355,19.915102374845706,15.594953093309174,19.24164480661421,-3.646691713305037,13.49149058587058,269,7.044817746649617,0.6867393258880168,Rafael Devers,30.105105105105107,401.0,0.1126410106300496,0.0126244586129482,3.4638122703884155,107.87479322064488,-3.545118172220403
686527,2026,458,12.650164621285489,0.027620446771365697,0.516652840355505,9.438057266799136,16.57226806281942,12.364267161745595,4.208000901073824,14.484961082340432,269,6.95174740082331,0.7164708621872833,Dominic Canzone,35.005336179295625,328.0,0.1153485362293152,0.0117816772266285,-4.03052472993189,90.83681610281089,-10.299313232196647
677649,2026,526,12.67820760947221,0.024103056291772264,0.5036955223347215,11.871036052910453,14.461833775063358,13.541105763776182,0.9207280112871761,13.177301064501771,269,6.805590750875555,0.6765128957472147,Ezequiel Duran,35.52511415525114,389.0,0.0774389373136799,0.0131225493898212,7.542417382446444,117.14728531286804,0.7331031449493048
672640,2026,617,12.75623717582381,0.020674614547526435,0.4795264487141828,15.330815361440493,12.404768728515862,14.908410400104206,-2.503641671588344,11.583004749940423,269,6.684595146759226,0.617719213642249,Otto Lopez,31.648936170212767,357.0,0.0888172267442106,0.0127062911946719,5.174259760559005,111.7634047412554,-0.6501447302863435
656811,2026,399,13.018794107263052,0.03262855665980715,0.5866773448306611,4.468043793142383,19.57713399588429,6.718862846830651,12.858271149053639,17.622362082229273,269,6.61124915856869,0.7890382781895817,Ryan O'Hearn,31.92019950124688,256.0,0.1210184679425072,0.0154328126488324,0.0929676736874968,100.2113570682661,-6.722811088296364
685133,2026,273,8.795538245203751,0.03221808881027015,0.4819913772893516,7.557247456678349,19.33085328616209,16.609335069622745,2.7215182165393443,17.502867122668327,269,6.596101549738222,0.7867642353967164,Wade Meckler,,,,,,,
605137,2026,567,13.374666071704748,0.02358847631693959,0.5385816534322332,-1.861477542299935,14.153085790163754,-1.969817505079296,16.12290329524305,13.570982054130152,269,6.56537341412185,0.6892613850360726,Josh Bell,30.247933884297524,366.0,0.1053248644299245,0.0129147722296408,2.450367426280577,105.57078019542888,-4.138425921090828
677951,2026,561,11.185897317254163,0.01993921090419637,0.45289760529114775,16.932469923825597,11.963526542517823,18.109593501417752,-6.1460669588999295,11.472811129628242,269,6.555818580275901,0.61319463567517,Bobby Witt,32.93103448275862,382.0,0.0994482914422108,0.0119675767562361,0.9035322100769024,102.0541324896196,-5.557555789126383
683737,2026,638,13.199210597674258,0.020688417864693193,0.5042560976797248,6.62341441284577,12.413050718815915,6.228916375717025,6.18413434309889,11.978214049408958,269,6.542104191521112,0.6334345984638616,Michael Busch,25.60975609756097,336.0,0.1403058319551036,0.0115279374405838,2.919283816313872,106.6368367022584,-4.2036135503135945
699013,2026,281,10.649063770191448,0.037897024093208,0.5577079234904093,10.512198666902057,22.738214455924798,22.445975801214356,0.29223865471044164,19.962039246115797,269,6.523243650766478,0.8275647657327916,Esmerlyn Valdez,20.909090909090907,138.0,0.1292700693626192,0.0244627003997568,10.692304227039738,124.30838575172652,2.511525228477828
682998,2026,608,12.30225248292417,0.020233967899546332,0.48996319391213555,16.182657405601518,12.1403807397278,15.969727702896234,-3.829346963168435,11.9223788427291,269,6.461695765396649,0.63126213651055,Corbin Carroll,29.35708752904725,379.0,0.1020124471893685,0.0130032225048874,6.942685290271964,115.78382625533398,-0.3403373841978858
694192,2026,502,10.430133635359907,0.020777158636175113,0.4935910777016759,15.032498726048576,12.466295181705068,17.96712995145248,-5.500834769747414,13.218028759737676,269,6.147482781290906,0.677862112968103,Jackson Chourio,33.95853899308983,344.0,0.1067278708525456,0.0133604805113845,1.254927855669969,102.85301182593253,-5.198974312771107
621566,2026,624,12.050866156085407,0.019312285506547126,0.5138817104760579,17.069700259748004,11.587371303928276,16.413173326680774,-4.825802022752498,12.343039435909718,269,6.122774825256748,0.6472528214272905,Matt Olson,27.95304475421864,381.0,0.118543388340493,0.0141804658032917,6.226934164906321,114.15660408804652,-1.1475785895144908
678882,2026,566,11.174292688334354,0.019742566587163172,0.5209344588963621,5.086530947171509,11.845539952297903,5.392082276153544,6.453457676144359,13.13790511558847,269,5.970668058689112,0.6752010095704194,Ceddanne Rafaela,45.50561797752809,486.0,0.07696612569382,0.0102856960694307,-2.321241642179173,94.72278041637014,-7.631014193031719
666160,2026,393,9.581397187969767,0.02438014551646251,0.5290600306856728,6.975310745243227,14.628087309877506,10.649329382050727,3.978757927826779,16.01252895148356,269,5.953642479389348,0.7553853210276283,Mickey Moniak,42.915531335149865,315.0,0.1347982052690507,0.0085382417949106,-22.510973215912674,48.82249803598344,-27.52117175382048
676724,2026,312,8.087196087046117,0.025920500278993962,0.5040783977578177,4.26067496717407,15.552300167396378,8.19360570610398,7.358694461292398,17.122691795687448,269,5.882953903691488,0.7793031311091878,Jared Young,28.217054263565892,182.0,0.1218064168629712,0.0152268298270781,0.6792821289114194,101.5443118408542,-5.769950330696128
592626,2026,419,8.50209075082835,0.020291386040163124,0.4963131764325731,8.507567373346507,12.174831624097875,12.182674042978293,-0.007842418880418478,14.547891191832086,269,5.689071296008911,0.718228820729274,Joc Pederson,29.953379953379955,257.0,0.1252055166902939,0.015736551040083,1.0864490209991295,102.46998414385224,-5.528037375165793
683734,2026,314,8.865112668733307,0.028232842894055116,0.5716785115441249,12.77137059043299,16.93970573643307,24.403892847961128,-7.464187111528059,19.357010892884002,269,5.647007021967257,0.8186028384910673,Andrew Vaughn,22.869955156950677,153.0,0.0949434484814077,0.02044138095282,13.362141357725632,130.37811866326035,6.187689236433592
650402,2026,377,7.477857296863368,0.01983516524366941,0.4693983943760106,5.4350709388894325,11.901099146201645,8.649980274094588,3.2511188721070567,14.505148354413802,269,5.622383235570701,0.7170363483860406,Gleyber Torres,19.27409261576971,154.0,0.1314785691609871,0.0148336993250689,16.788972991388302,138.1688383704898,9.001852462920827
702332,2026,527,9.171590605537553,0.017403397733467843,0.4867101245249551,-0.22817375593682365,10.442038640080705,-0.2597803672905013,10.701819007371206,12.720855614999943,269,5.619207182961285,0.6608952807615229,Caleb Durbin,28.16455696202532,267.0,0.0777317113087463,0.0167962605123419,10.822686454330071,124.60480282038117,4.717760252246359
650489,2026,481,8.523566611712871,0.017720512706263767,0.4938037510251063,1.3099775340078477,10.63230762375826,1.6340676099889992,8.99824001376926,13.509307796877854,269,5.485966417510124,0.6873068792552527,Willi Castro,37.76290630975143,395.0,0.1133514055554736,0.0118089687762207,-6.098385955280331,86.1356434388598,-12.806734210170834
693307,2026,558,10.323614436118552,0.018501101139997405,0.5611253155675168,5.696190876239046,11.100660683998443,6.124936426063491,4.975724257934952,14.25259726801932,269,5.453024714536646,0.7098548305216836,Dillon Dingler,34.18502202643172,388.0,0.1256633524519459,0.0125687159729405,-5.206446393191412,88.16342065900781,-12.337178229659536
691594,2026,418,8.638064555310988,0.020665226208877962,0.5461392175719106,6.579385803668224,12.399135725326778,9.444094455026159,2.955041270300619,16.02752538075272,269,5.405208189638043,0.7557310995150092,Javier Sanoja,38.430851063829785,289.0,0.067277516202874,0.0163948952550251,5.399683433592222,112.27589348879825,0.065061220176851
805811,2026,414,7.195957450294111,0.01738153973500993,0.4633473170744483,15.435351169676823,10.428923841005957,22.37007415895192,-11.941150317945961,13.663366961716008,269,5.387017416010317,0.6921600921995117,Bryce Eldridge,24.81283422459893,232.0,0.1232730375159251,0.0169151104027515,9.107490720594402,120.70539642022248,0.8602421168369023
694249,2026,296,7.358596549884142,0.024860123479338317,0.5467226291955884,4.50148986289661,14.91607408760299,9.124641613979614,5.7914324736233755,19.066564407539946,269,5.333289108113961,0.8140695744063078,Cole Carrigg,35.3035143769968,221.0,0.0911714970097349,0.0177693989995784,3.646228284448324,108.28950633981025,-2.757168976167664
669394,2026,547,8.670762352918624,0.01585148510588414,0.5187379669022333,0.4259017009415285,9.510891063530485,0.4671682277237973,9.043722835806687,13.307780310815671,269,5.176665645353318,0.6808103835095498,Jake Burger,36.185383244206776,406.0,0.1308330500896748,0.0102102382734281,-9.154917394053788,79.18678155667641,-15.561986304395738
669477,2026,410,7.150650818838915,0.017440611753265646,0.5071731819115582,4.68939590563497,10.464367051959387,6.862530593612151,3.601836458347236,15.02849887202977,269,5.112197496727367,0.7311956816631855,Casey Schmitt,36.78321678321678,263.0,0.1110488100386498,0.014257625520109,-5.075904465897291,88.4602007971388,-10.338279950911271
502671,2026,359,6.7841228377232925,0.018897278099507777,0.5213750998481946,5.870348994864875,11.338366859704665,9.811168236542965,1.5271986231617003,16.510275192365057,269,5.057690457380368,0.7665204072658406,Paul Goldschmidt,32.599724896836314,237.0,0.1137707543507701,0.0151939664072298,1.0187723783630291,102.3161248913798,-5.858705430927566
643289,2026,552,8.284835639190163,0.015008760215924209,0.5134129121510804,1.1446242849596227,9.005256129554525,1.2441568314778506,7.761099298076674,13.111382833334247,269,5.053344943933203,0.6743140408663248,Mauricio Dubón,37.569060773480665,408.0,0.0902155776096542,0.0118976872387344,0.0591557468735145,100.13448744853297,-5.588754334113935
686797,2026,561,8.892115756277258,0.015850473718854292,0.5568042992971767,2.5058049390336428,9.510284231312575,2.6800052823889224,6.830278948923652,14.104977565281828,269,5.019003828044816,0.7055474801145163,Brooks Lee,34.68634686346864,376.0,0.1210870571057839,0.0090921044832816,-6.957724490380993,84.18198292200657,-12.804184887066498
703607,2026,402,6.0573436031637495,0.015068018913342661,0.447844745576442,7.625806889073249,9.040811348005597,11.381801326974998,-2.3409899789694,13.401879445177453,269,5.0086110934730925,0.6838648940983175,Henry Bolte,29.14507772020725,225.0,0.1058307739505611,0.0139404666879539,4.26517016144412,109.69663782283176,-1.3749586745397169
687263,2026,623,8.258642602065073,0.013256248157407823,0.4785284037127172,7.173978401954184,7.9537488944446935,6.909128477002424,1.0446204174422693,11.503101398918849,269,4.998803505611443,0.6144446680921982,Zach Neto,37.74928774928775,530.0,0.1254220009872027,0.0087927015975251,-10.988872861723127,75.0173812091952,-18.11360597186572
665019,2026,517,7.968154032882757,0.01541229019899953,0.529313723142159,4.736815708596397,9.24737411939972,5.497271615392336,3.7501025040073834,13.967514555828279,269,4.96652225375523,0.7014619544103082,Kody Clemens,32.54670599803343,331.0,0.1127527854158467,0.0153125424720017,0.7277494792218083,101.6544997875018,-5.466109245352743
641487,2026,411,5.864970257194815,0.014270000625778139,0.43654857916472606,1.7095657918701876,8.562000375466884,2.495716484482026,6.066283890984858,12.920012043928118,269,4.94414668877159,0.6678230989361907,J. P. Crawford,18.94977168949772,166.0,0.1254548867440719,0.0195769519680952,16.465732651159424,137.43396862548832,8.753892366902873
687859,2026,415,6.237427973886996,0.015029946925028907,0.4719409907288845,5.333608285477976,9.017968155017345,7.711240894666953,1.3067272603503914,13.900003254126167,269,4.909977763091395,0.6994287169145393,Troy Johnston,36.19167717528373,287.0,0.1005777306972575,0.0142542003912978,-0.8056668308903121,98.16835925196314,-6.45734943953361
608348,2026,382,6.818616367804665,0.01784978106755148,0.5425082755637364,0.21771366856408714,10.709868640530889,0.34195864172369705,10.367909998807193,16.654282852451203,269,4.887541533675427,0.7696144769520622,Carson Kelly,24.808184143222505,194.0,0.1446342905631805,0.0156004977192242,2.0750835918874877,104.71759233067058,-4.632441537477629
621020,2026,456,7.4890556124519705,0.0164233675711666,0.5491465860663444,3.4740702618772064,9.854020542699962,4.571145081417377,5.282875461282584,15.42968702964791,269,4.879501948672539,0.7414248728688048,Dansby Swanson,26.304347826086957,242.0,0.151072978404844,0.0132887976349076,-3.345844426051954,92.39340040773864,-9.876575084247452
693304,2026,556,7.377284687907389,0.013268497640121203,0.4797819580207651,5.9460549097147055,7.9610985840727215,6.41660601767774,1.5444925663949816,12.208372363601807,269,4.867822328111775,0.642227374199329,Nick Gonzales,31.57894736842105,330.0,0.1119820470064493,0.0119925553433877,-0.4851270530339087,98.89708941184782,-6.183068172996178
669065,2026,451,7.19306409138459,0.0159491443267951,0.5347559649138621,9.758111209292483,9.56948659607706,12.98196613209643,-3.4124795360193705,15.108404962025276,269,4.858289694507488,0.7332751124271967,Kyle Stowers,33.549783549783555,310.0,0.1311493350089657,0.0116572949635792,-6.773731651939073,84.60028086765337,-13.272742620596556
608324,2026,649,8.165836206991122,0.012582182137120373,0.5114691329754726,13.683231118701382,7.549309282272224,12.650136627458904,-5.10082734518668,12.04615178949699,269,4.747673595161458,0.6360570890327437,Alex Bregman,23.60248447204969,304.0,0.0948406122233422,0.0155332518802061,13.366609762235903,130.38827734358068,6.838121203557767
606192,2026,425,6.545310692802845,0.015400731041889047,0.5278055284387928,1.5296558472536264,9.240438625133429,2.1595141372992375,7.080924487834191,15.361397248504154,269,4.73123469520667,0.7397204645568791,Teoscar Hernández,29.78959025470653,269.0,0.1047034734035431,0.017391493937266,3.633337657644748,108.26020018444194,-2.7144095568913063
669127,2026,417,5.904551878419188,0.014159596830741457,0.5123561711749702,13.604131703370612,8.495758098444874,19.57429022067714,-11.078532122232264,15.054113789668765,269,4.57944749850056,0.7318645876791326,Shea Langeliers,32.432432432432435,276.0,0.107174408064355,0.0159078005235824,-0.101360785416201,99.7695616380084,-6.162980691435849
691016,2026,453,5.851589269224306,0.012917415605351668,0.5008735145605792,12.171215755644164,7.7504493632110005,16.12081557038962,-8.37036620717862,14.119854348579967,269,4.4987995128841956,0.7059852953780416,Tyler Soderstrom,26.125137211855105,238.0,0.1315679873799078,0.0124681693215529,1.379257275489404,103.1356681582894,-4.731951307020072
691781,2026,312,5.191727917899869,0.0166401535830124,0.5544021861371884,-1.8613574938895638,9.98409214980744,-3.579533642095315,13.563625791902755,18.83210589128087,269,4.44210077054919,0.8102948456494218,Brady House,33.99014778325123,207.0,0.1111526842894067,0.0129571059702102,-4.203933442433698,90.44258060532624,-9.552646473929777
691723,2026,388,5.623594071494121,0.014493799153335362,0.55387277765579,-0.2720179091253251,8.696279492001217,-0.4206462512247295,9.116925743225947,16.87117802294136,269,4.398343915921033,0.7741709191100481,Coby Mayo,32.62158956109134,275.0,0.1314925894743492,0.0130596485307917,-5.339464002978742,87.86101218822132,-12.237186179898805
682985,2026,521,6.129671006738404,0.01176520346782803,0.5086240994778264,17.343583808725267,7.059122080696818,19.973417054194165,-12.914294973497348,13.369935824964148,269,4.386172203656418,0.6828321564753362,Riley Greene,26.74315975286849,303.0,0.1377166226302406,0.0137472146281309,2.474623209076739,105.6259244293002,-4.888073491555783
666182,2026,615,6.705497974892521,0.010903248739662636,0.502352294416866,-5.096925050782031,6.541949243797581,-4.972609805641006,11.514559049438587,12.15407977769078,269,4.367056806006793,0.6401765697813233,Bo Bichette,41.10135674381484,515.0,0.0869946789064104,0.0107247268341133,-0.314108786245868,99.28589035796776,-6.311582716151417
695734,2026,601,6.7593758152596,0.01124688155617238,0.5200460421104757,5.180335420681632,6.748128933703428,5.171715894191314,1.576413039512114,12.727872314704843,269,4.365694452221831,0.6611424054852271,Daylen Lile,38.11922753988245,454.0,0.098979750121119,0.0118132875724469,-1.8472533872753027,95.8003675385971,-7.887764250911617
596019,2026,385,4.759837640436179,0.012363214650483581,0.4873475411883594,5.109007265176258,7.417928790290149,7.962089244430532,-0.5441604541403828,14.902518337240794,269,4.307497620095738,0.7278736951846271,Francisco Lindor,29.96670366259712,270.0,0.1302897601292023,0.0141138977198814,0.8876636397009398,102.01805613770924,-6.972887098196825
665161,2026,413,4.693344374554759,0.011364029962602324,0.4787233202847816,8.252979541460865,6.818417977561394,11.989800786625954,-5.171382809064561,14.133860760463214,269,4.223257059346472,0.7063967278530757,Jeremy Peña,38.75776397515528,312.0,0.107898094070482,0.0129738105966443,-4.54794793966729,89.66048191776807,-10.81698280621896
802139,2026,583,5.467329204072702,0.009377923163074961,0.43966343925800083,7.601584382733119,5.626753897844977,7.823242932486915,-2.196489034641938,10.925399485594696,269,4.162884044001608,0.5897619565180965,JJ Wetherholt,21.217391304347828,244.0,0.1202526071585524,0.0153242223208646,11.04669631946638,125.114077350763,4.564617463257478
668939,2026,358,4.433262513380353,0.012383414841844562,0.5315347116018864,2.9550652333711644,7.430048905106737,4.952623296152789,2.477425608953948,16.855489455229154,269,4.1137869965536416,0.7738454512623759,Adley Rutschman,25.54278416347382,200.0,0.0921082385457743,0.0181753016283946,10.539120913357776,123.96013162421188,3.222917594949431
687093,2026,397,4.8271852736471335,0.012159156860572125,0.5538014038983555,-6.175769663380236,7.295494116343275,-9.333656921985243,16.62915103832852,16.676697432139676,269,4.09894075672937,0.7700910789573913,Vaughn Grissom,32.04272363150868,240.0,0.0888127146736999,0.0157458404724835,4.717811014934479,110.72569276178578,-0.6635855125311094
661388,2026,577,5.307111154913575,0.009197766299676906,0.49391852699155453,8.389531977810359,5.518659779806144,8.723950063580961,-3.2052902837748176,12.337258393257992,269,3.982561885009045,0.6470388709947511,William Contreras,28.24497257769653,309.0,0.1210834001742628,0.0131193495546475,0.6957112513253114,101.58166257804976,-5.421637587991212
805779,2026,338,3.749066892099313,0.01109191388195063,0.5123751724128689,-2.636203435489231,6.655148329170379,-4.679651068915795,11.334799398086172,16.72172118114305,269,3.948372871805234,0.7710444035920992,Jacob Wilson,42.56410256410256,249.0,0.0930190054652737,0.0136089092855929,-5.544669279099014,87.39448889218505,-10.255907879346648
669016,2026,523,4.707945555046695,0.009001807944639954,0.47446207500518,3.7955504191200355,5.401084766783972,4.354359945453195,1.046724821330777,12.44806678860362,269,3.931871210960595,0.6511121687633804,Brandon Marsh,36.22902270483712,367.0,0.119750857461678,0.0106368642631172,-7.188877171623945,83.65646957858806,-13.3758296025699
807799,2026,295,3.101880276236538,0.010514848394022162,0.46503526792754374,5.905954605872984,6.308909036413297,12.01211106279251,-5.703202026379213,16.24524004861161,269,3.901901504528361,0.7606780855777214,Masataka Yoshida,28.18181818181818,155.0,0.0918458599183017,0.0216329991289746,4.510340576427694,110.25401973937508,-0.6631757883543248
518692,2026,595,5.121335687344768,0.008607286869487005,0.480018870427355,14.178473167670635,5.164372121692203,14.297620001012405,-9.133247879320201,11.807313055606175,269,3.898519166303414,0.6267358873812837,Freddie Freeman,29.339477726574504,382.0,0.1015558053755178,0.0117579662003732,7.939160877848968,118.0492605771281,0.4409210237029555
668709,2026,487,4.189532885550124,0.008602736931314423,0.4996837173716499,7.5281334987252855,5.161642158788654,9.274907801304252,-4.113265642515598,13.585698352511509,269,3.7704486342368715,0.6897254543055592,JJ Bleday,22.675026123301983,217.0,0.1366706737158411,0.0105663430235186,8.430625082160013,119.16657834211894,1.0290898358270455
663886,2026,420,3.9201038066968055,0.00933358049213525,0.5380348986100093,2.882652893055623,5.6001482952811505,4.118075561508033,1.4820727337731174,15.752048904070943,269,3.760283695585306,0.7492735599282082,Tyler Stephenson,22.716627634660423,194.0,0.1468196449483808,0.0139425474279383,4.774697017268462,110.8550200666628,-2.0146273958342293
677942,2026,289,2.6904273223274933,0.009309437101479216,0.46273990037399737,4.1699447282912425,5.5856622608875295,8.657324695414344,-3.0716624345268144,16.331996483788142,269,3.7240920791720384,0.762611938549679,Blaze Alexander,29.92700729927008,164.0,0.1091770332892169,0.0168920776657127,5.410000557045151,112.29934892098728,-1.037830622946892
694374,2026,292,2.453027808374274,0.008400780165665322,0.5006298614876242,-1.3314059492751786,5.0404680993991935,-2.7357656491955726,7.776233748594766,17.578287992745448,269,3.5461518953366005,0.7882034005149856,Tim Tawa,32.52818035426731,202.0,0.1265686812988197,0.0164472190245164,-2.726969889771519,93.80037879522048,-9.214493662715768
606466,2026,547,3.7943721785680875,0.006936695024804548,0.4727715970407349,4.7663284521578895,4.1620170148827285,5.228148210776479,-1.0661311958937505,12.128552278875977,269,3.5116875005544945,0.6392073610856505,Ketel Marte,32.196969696969695,340.0,0.1278007851515802,0.0121979676415434,-4.823825935523482,89.03328794710585,-10.777518857772549
808982,2026,537,3.6428224697539893,0.00678365450605957,0.4687757588482808,4.78194503255965,4.070192703635742,5.342955343642068,-1.2727626400063254,12.137500283369393,269,3.478243183510807,0.6395474537494896,Jung Hoo Lee,31.83246073298429,304.0,0.0992488432091864,0.0132235720195717,3.2317851871005523,107.34729197062003,-2.496316727184519
592885,2026,449,3.148391704904573,0.007012008251457847,0.494337285107139,-2.7549016854170074,4.207204950874708,-3.6813830985527938,7.888588049427502,13.997531322349907,269,3.4608854455928197,0.7023602849806732,Christian Yelich,24.349635796045785,234.0,0.1618591608227425,0.0138294523829902,-0.5786890670499542,98.6843811424124,-8.156831399253855
660688,2026,323,2.501677073022093,0.007745130257034345,0.5358789866662259,1.790957389513962,4.6470781542206065,3.3268558319144805,1.320222322306126,17.890262654635972,269,3.454097867102949,0.7940174451137642,Keibert Ruiz,,,,,,,
543807,2026,464,3.24726300705975,0.0069984116531460125,0.5101701632568039,1.8295128003970187,4.199046991887608,2.3657493108582135,1.8332976810293942,14.210433149072093,269,3.4518432792795575,0.708632900903585,George Springer,25.344644750795336,239.0,0.1189664856215179,0.0136145791479966,4.923669950659438,111.193702118215,-1.9390881056236893
695600,2026,541,3.341933634364465,0.006177326496052615,0.48690762218573935,7.197602714128281,3.706395897631569,7.982553841916763,-4.276157944285194,12.560276239598368,269,3.3383307267996574,0.6551781107211375,Carter Jensen,24.0,282.0,0.152410984562631,0.0138841756365073,2.8299387386596324,106.43371541366425,-5.027322042177437
670042,2026,285,1.9665942380264114,0.006900330659741795,0.5805427866422521,1.6052593409033218,4.1401983958450765,3.379493349270151,0.7607050465749254,20.633032089520455,269,3.3070988606391674,0.8367970945709995,Luke Raley,34.93150684931507,204.0,0.141711819333122,0.0085518128369399,-16.457764061003495,62.58414754098942,-22.646945821750027
680700,2026,356,2.189917844701435,0.006151454619947851,0.518995113784607,-3.3831981275444094,3.6908727719687104,-5.7020193160860835,9.392892088054793,16.504011610360294,269,3.2722308580413793,0.766384562996585,Richie Palacios,32.375979112271544,248.0,0.1123036961440747,0.0127935336775257,0.6371495493299674,101.44852565899537,-6.458580003143421
680869,2026,370,2.0824523518749407,0.005628249599662002,0.5065636559483379,7.38124815267466,3.376949759797201,11.969591598931881,-8.59264183913468,15.800994281919932,269,3.202598639782129,0.7504374145041809,Zack Gelof,24.892703862660944,174.0,0.0966142170520971,0.0216137083798567,8.637610012363348,119.63714758718892,2.033654603821235
656305,2026,350,1.9180410188577433,0.005480117196736409,0.48229677546803185,-3.9290449640653815,3.288070318041845,-6.7355056526835115,10.023575970725357,15.467908221833266,269,3.181574614217294,0.7423723620898205,Matt Chapman,26.308345120226303,186.0,0.1396369959097452,0.0165641416612981,1.8102787123129025,104.11557250173978,-5.381872928744228
686469,2026,425,2.1948909351057377,0.005164449259072324,0.4711877410175453,6.475734295873313,3.0986695554433945,9.142213123585853,-6.043543568142458,13.713577593257774,269,3.1305443343961095,0.6937210419116571,Vinnie Pasquantino,30.141458106637646,277.0,0.1104141029465334,0.0119461316320183,4.604288304604943,110.46760490946924,-2.5545490612800625
553993,2026,447,2.2711560129678974,0.005080885935051224,0.5684614977165309,2.056856566095465,3.0485315610307344,2.7608812967724363,0.2876502642582981,16.132383731945154,269,3.1213769553042106,0.7581306671293154,Eugenio Suárez,28.732106339468302,281.0,0.132720668088417,0.0146032515461531,2.1164403923052126,104.81161481980524,-5.38887714213873
650333,2026,592,3.0401351474568186,0.00513536342475814,0.45593458818182364,6.550914134223816,3.081218054854884,6.639440000902516,-3.558221946047632,11.24327768618654,269,3.119483499482182,0.6035649926764581,Luis Arráez,34.07821229050279,366.0,0.0800533811976001,0.0129334671281812,6.7841326377332045,115.42336522111415,1.1518397903367037
696100,2026,512,2.5235478906751885,0.0049288044739749775,0.5237589705447364,15.441992589587429,2.9572826843849866,18.096085065922768,-15.138802381537781,13.88825699173006,269,3.0882431426886163,0.6990731382722334,Hunter Goodman,40.49135577797998,445.0,0.1010772226423785,0.0119093794911488,-4.9128116107377,88.83098374086985,-10.86200957153407
664761,2026,563,2.7076106432799056,0.004809255139040685,0.5273238776737095,-6.789685600188234,2.885553083424411,-7.235899396292967,10.121452479717378,13.334431046924689,269,3.0621516516660217,0.6816792625795282,Alec Bohm,26.640926640926644,276.0,0.1049060078140766,0.0162450519032822,8.15964905288922,118.55052873212676,2.1091692684939574
687637,2026,297,0.8976415031266121,0.0030223619633892662,0.49723423011246753,-2.0196030575497357,1.8134171780335597,-4.080006176868153,5.893423354901713,17.31147384778288,269,2.8558155784919546,0.7830517285401224,Dylan Beavers,24.077046548956663,150.0,0.1144295198259049,0.0191906587870813,9.99470654383125,122.72243447098585,2.8026027938755345
660821,2026,298,0.6975398314601946,0.0023407376894637403,0.5007722155879978,-1.5291272737416095,1.4044426136782442,-3.0787797457884754,4.483222359466719,17.40537333966676,269,2.770277789658563,0.7848840367358654,Jesús Sánchez,38.12709030100335,228.0,0.09240012238667,0.0165509808304916,1.045165351258896,102.37612791342862,-5.217978373943348
668885,2026,336,0.9288365908321121,0.0027643946155717623,0.43181684821162514,0.3464963784235092,1.6586367693430573,0.6187435328991236,1.0398932364439335,14.13452423776449,269,2.7083573464385644,0.7064161987616715,Austin Martin,17.901234567901234,116.0,,,11.114346219625046,125.26787580563338,3.837948304168141
642086,2026,288,0.47733527918464674,0.001657414163835579,0.5033984328456197,-3.8048291906531158,0.9944484983013474,-7.926727480527324,8.921175978828671,17.797822275190928,269,2.6980651632166692,0.7923177108218764,Dominic Smith,31.55172413793104,183.0,0.1149993875978914,0.012921958991166,-1.3448564344275793,96.94254032670672,-7.306867260260796
663968,2026,431,1.1791888940325683,0.0027359371091242885,0.44555802185027826,1.420992470074269,1.6415622654745732,1.9781797727252006,-0.33661750725062745,12.877064837974935,269,2.6431141310524873,0.6663441959142178,Jake Mangum,45.62268803945746,370.0,0.0774146454173242,0.0109044246289535,-1.3830686234443743,96.85566694456998,-6.566732272261072
681082,2026,537,1.326035724017549,0.0024693402681891046,0.5036361790628898,-1.763836447751672,1.4816041609134627,-1.970766980728125,3.4523711416415876,13.0401031851763,269,2.59900772377458,0.6719151343585001,Bryson Stott,30.66898349261512,353.0,0.096601121385871,0.0130939015020272,7.07568039457325,116.08618356109328,0.1241210949916569
696285,2026,435,0.8929816039928028,0.002052831273546673,0.48245563480539316,1.579738821901585,1.2316987641280037,2.1789500991746,-0.9472513350465963,13.879186289041238,269,2.5684426225566104,0.6987981833245359,Jacob Young,27.42138364779874,218.0,0.084478216562814,0.0174146157412489,9.940271931568295,122.59868027123278,4.054618867642102
605141,2026,453,0.6320407166647676,0.0013952333701208997,0.5331002851951616,-2.6566487108163312,0.8371400220725398,-3.5187400143262666,4.355880036398807,15.028341809500327,269,2.524347817697363,0.7311915733720988,Mookie Betts,20.603015075376884,164.0,0.1259704680623828,0.0158643864770917,8.031992626278624,118.26030862654,2.618028433874459
663457,2026,272,-0.006427582080460681,-2.3630816472281917e-05,0.5001065234725087,0.35011526730581655,-0.01417848988336915,0.7723130896451835,-0.7864915795285526,18.194047238272866,269,2.511186139640301,0.7994707340577554,Lars Nootbaar,19.378427787934186,106.0,,,8.05529245818321,118.31327955683344,0.5060220704030396
683357,2026,324,0.06729625075661017,0.00020770447764385854,0.5265101742832505,-5.130329859740208,0.12462268658631512,-9.500610851370755,9.62523353795707,17.55033914277502,269,2.503386631397654,0.7876716373091733,Owen Caissie,30.09985734664765,211.0,0.1589699282065852,0.0124679847244232,-7.890883343667071,82.06049583263324,-15.11528863462928
701807,2026,573,0.8896407250479705,0.001552601614394364,0.46500980713801654,8.708136442956969,0.9315609686366184,9.118467479536092,-8.186906510899473,11.655638028168475,269,2.305132172110185,0.6206671324722304,Carson Benge,28.424657534246577,332.0,0.1269018427436757,0.0124264556647691,1.4598054677551733,103.31879019518853,-5.944365178262653
608070,2026,480,0.521814736644577,0.0010871140346762021,0.460659619685322,5.3364613086811845,0.6522684208057213,6.67057663585148,-6.018308215045759,12.615683251670086,269,2.2901507375938785,0.6571641961720909,José Ramírez,29.293893129770996,307.0,0.1167884775776946,0.0140909725253504,3.31680002965964,107.54056869972044,-3.5702671817867406
701678,2026,290,-0.4566566296215626,-0.001574678033177802,0.49841263138938324,-1.0104937809044185,-0.9448068199066813,-2.0906767880781074,1.1458699681714262,17.560678488802477,269,2.2771217525864307,0.7878685690363146,Hao-Yu Lee,30.286738351254485,169.0,0.122947405255153,0.0175930090489336,-0.49727756972615,98.8694658575076,-6.435012808298849
681715,2026,426,-0.1189284148743574,-0.0002791746828036559,0.5095943493454534,7.207519043222156,-0.16750480968219353,10.151435272143882,-10.318940081826076,14.813956140153099,269,2.235459701609276,0.7255060581483544,Heriberto Hernandez,24.496644295302016,219.0,0.1323171045179504,0.015637462477126,5.140145834939086,111.68584854327726,-2.6143286052131547
657041,2026,372,-0.23167256178017948,-0.0006227757037101599,0.4833736351712967,-1.922579355896692,-0.37366542222609594,-3.1009344449946643,2.7272690227685685,15.037053305366472,269,2.199674372599203,0.7314193155534152,Lane Thomas,20.774193548387096,161.0,0.1285221718960518,0.0160391017564209,11.582299162172657,126.3317419657765,4.344226266723709
664023,2026,580,0.15265001114623009,0.0002631896743900519,0.5344753192487208,2.4699514179627435,0.15791380463403112,2.555122156513183,-2.397208351879152,13.315727807097266,269,2.1920672364689775,0.6810698051359789,Ian Happ,24.72783825816485,318.0,0.1254020992920089,0.0111383929805096,8.0265297465877,118.24788905971674,0.6780232098214505
673962,2026,393,-0.03270093871252988,-8.320849545172998e-05,0.46173653561217365,5.126175099429888,-0.04992509727103799,7.826221525847158,-7.8761466231181965,13.974916296106194,269,2.191633395011363,0.701683794855568,Josh Jung,28.98936170212766,218.0,0.1141172418504796,0.0132104698259589,1.2363481263454137,102.81077179815236,-4.645506311097243
667472,2026,296,-0.2900436340710998,-0.000979877142132094,0.4428459494866757,6.097136058765425,-0.5879262852792564,12.359059578578565,-12.94698586385782,15.443938786527218,269,2.1807949252851717,0.7417787080471201,Dane Myers,25.914149443561207,163.0,0.1107549957670611,0.0158713539148732,7.913795979888061,117.991594828839,1.157422103996506
683953,2026,451,-0.10819573152112444,-0.00023990184372754865,0.4782311019486842,1.0286633274812744,-0.1439411062365292,1.3685099700416068,-1.512451076278136,13.51141385555215,269,2.1165279068065193,0.687373879620222,Travis Bazzana,26.58772874058127,247.0,0.127399111422291,0.0144835861307929,6.55432879350088,114.9009183869975,-0.8855220050938799
607043,2026,586,0.4061785550942191,0.0006931374660310906,0.46823923778594406,1.7864200873527953,0.4158824796186544,1.8290990655489372,-1.4132165859302828,11.605670775306168,269,2.1039925061356546,0.6186420670919935,Brandon Nimmo,28.63595302619693,317.0,0.1158277702478487,0.0134754730574788,2.6762652157568168,106.08434682152284,-3.143611555498693
671732,2026,471,-0.130988081349009,-0.00027810632982804457,0.4779766115954919,-2.3523793151589727,-0.16686379789682673,-2.996661547973214,2.8297977500763873,13.21439982463565,269,2.077466495276535,0.6777421830033699,Lawrence Butler,24.652087475149106,248.0,0.1493569478793232,0.0154315786469769,3.085668218922959,107.01510280428944,-4.574979821610492
694671,2026,397,-0.3562102129520145,-0.0008972549444635126,0.46128390474737047,5.918687907877915,-0.5383529666781076,8.945120263795339,-9.483473230473447,13.890705324394139,269,2.036585604126374,0.6991472978909319,Wyatt Langford,27.38693467336684,218.0,0.114430828960105,0.0142282731531775,7.295957144645929,116.58697105265776,0.5965006644947266
680757,2026,568,0.5384063311440745,0.0009478984703240749,0.41332673948415916,3.1547256192209594,0.5687390821944449,3.3324566400221403,-2.7637175578276953,10.405682839819754,269,2.026657830984023,0.5659890485219699,Steven Kwan,20.124666073018695,226.0,0.0894209585891863,0.0157116048194771,18.86520437858018,142.8890401528212,12.581832770111884
672960,2026,571,-0.4716673522696818,-0.0008260373945178315,0.5404353507406999,5.989482704454162,-0.49562243671069894,6.293677097499995,-6.789299534210694,13.569909317206161,269,2.013330840438126,0.6892275223595093,Kazuma Okamoto,28.068739770867428,343.0,0.1302945359351347,0.0107069305343485,0.5528361162158438,101.2568435470136,-6.265559987528314
672695,2026,609,0.3764517140172905,0.0006181473136572914,0.44712182136249995,11.357022318389147,0.37088838819437486,11.18918455013709,-10.818296161942715,10.870974318958705,269,2.000019350728988,0.5873432953998162,Geraldo Perdomo,21.12676056338028,270.0,0.0939100835416449,0.0161840370940134,19.64155468431772,144.654031338034,11.81882041377171
608369,2026,359,-0.8482658702006693,-0.002362857577160639,0.496029009703123,-0.021828659463252797,-1.4177145462963834,-0.03648243921435008,-1.3812321070820333,15.70764590786822,269,1.995874235209412,0.7482114509957583,Corey Seager,27.61394101876676,206.0,0.1418074222992477,0.0131002637103624,-3.763864049444378,91.44305499654864,-10.198062445509205
690993,2026,400,-0.5843493080023607,-0.0014608732700059019,0.46206456952168484,-2.704207010187039,-0.8765239620035411,-4.0563105152805585,3.1797865532770175,13.861937085650545,269,1.9313360109575677,0.6982744273809137,Colt Keith,24.666666666666668,185.0,0.1226028424638052,0.0198345031417285,6.2603766088717565,114.2326337081481,0.1052822455241848
666176,2026,589,-0.5992045724565397,-0.0010173252503506616,0.531341459953191,-12.487407695994284,-0.6103951502103969,-12.720619045155468,12.11022389494507,13.136126067202078,269,1.9247698632922194,0.6751416091661279,Jo Adell,36.50533223954061,445.0,0.1147422816052322,0.0108779985855978,-4.929471964881276,88.79310731061842,-11.74458435315762
663656,2026,556,-0.1394964059467932,-0.00025089281645106687,0.4669912466777924,-1.7345303562828027,-0.15053568987064012,-1.8717953485066217,1.7212596586359816,11.882904170686562,269,1.9244775371718748,0.6297168474235392,Kyle Tucker,24.22360248447205,273.0,0.1386046855307047,0.0116386575949475,4.704780466434559,110.6960685018726,-2.334932320197722
673237,2026,297,-1.3254775450882579,-0.004462887357199521,0.49893071940956674,-0.6110814507673484,-2.677732414319713,-1.2345079813481787,-1.4432244329715342,17.370538023821474,269,1.888193354628552,0.7842067462950771,Yainer Diaz,,,,,,,
664770,2026,400,-0.6194252878828144,-0.001548563219707036,0.45337804538800225,-3.4928154224780235,-0.9291379318242216,-5.239223133717035,4.3100852018928135,13.601341361640067,269,1.882640216170155,0.6902177783301845,Nathan Lukes,34.61538461538461,270.0,0.0969190686870279,0.016549622618504,3.233625992796312,107.35147694459724,-3.203284959254199
687462,2026,410,-0.9816246231134819,-0.002394206397837761,0.4630180637770586,-1.130664590331743,-1.4365238387026564,-1.6546311078025506,0.2181072690998942,13.720099361279642,269,1.742435442857622,0.6939230474735785,Spencer Horwitz,24.8527679623086,211.0,0.1115267655290049,0.0152420061049183,7.302311766568016,116.60141794807978,0.7489000168554103
592518,2026,597,-1.0554346278810656,-0.0017678971991307631,0.5195949804549124,-1.7061710475347052,-1.0607383194784579,-1.7147447713916635,0.6540064519132056,12.759364133601395,269,1.724253162572736,0.6622487765726746,Manny Machado,30.215827338129497,378.0,0.1143869056537805,0.0132506595420392,2.657660579898616,106.04205017006132,-3.8978569629271167
694384,2026,443,-1.344891560040046,-0.003035872596027192,0.5003860823496328,2.2315698775132256,-1.8215235576163151,3.022442272026942,-4.843965829643257,14.264436139968327,269,1.705413302629757,0.7101967308066904,Nolan Schanuel,27.390791027154663,232.0,0.1000878321482673,0.015399198071085,6.005464923477475,113.6531055307215,0.3313959800523021
694212,2026,369,-2.426471222567268,-0.006575802771185008,0.5208914155095934,-1.4792979217034372,-3.9454816627110048,-2.405362474314532,-1.5401191883964729,16.26991437912284,269,1.451715908024671,0.7612302382310753,Samuel Basallo,39.789196310935445,302.0,0.1083900537101112,0.0135720593489483,-6.845269281938175,84.4376438654827,-12.722299488420417
805367,2026,576,-1.441773473394896,-0.0025030789468661386,0.4703908247489526,6.002621628854867,-1.5018473681196831,6.252730863390486,-7.754578231510169,11.759770618723817,269,1.401478520607162,0.624846247770567,Chase Meidroth,28.27181208053691,337.0,0.1081605640698145,0.013288855050606,7.114028369179377,116.17336564455532,0.0399045885595095
677800,2026,620,-1.826165431916718,-0.0029454281159947064,0.47195323701588443,13.360089150618856,-1.7672568695968238,12.929118532856958,-14.696375402453782,11.372458869277821,269,1.2241669798945514,0.6090188525998833,Wilyer Abreu,30.24132730015083,401.0,0.1014226166380331,0.0127403219163726,5.87335039548636,113.35275016843264,-0.7186807817004031
665877,2026,330,-2.582126902510671,-0.007824626977305063,0.480340656915265,-5.410401980953884,-4.694776186383038,-9.837094510825242,5.142318324442204,15.865129745420987,269,1.200068034016251,0.7519515866271872,José Fermín,21.87028657616893,145.0,0.1204484311801753,0.0188812259720562,10.451235899849973,123.76032971390512,3.525642559131457
665750,2026,445,-2.8106924122731187,-0.006316162724209255,0.497757100953851,-13.620710238774095,-3.7896976345255533,-18.365002569133612,14.57530493460806,14.157569727172842,269,1.1134971978831185,0.7070914747375501,Leody Taveras,30.934479054779807,288.0,0.1265157715668183,0.0122621239958098,-1.33804506032334,96.95802562395504,-8.513586113685518
679845,2026,385,-2.7335787109157157,-0.007100204443936924,0.4819151693771813,-2.3584104054702575,-4.260122666362155,-3.675444787745856,-0.5846778786162989,14.736402755056083,269,1.0965438875511166,0.7234105076531547,Nick Loftin,24.863387978142075,182.0,0.1374891275425328,0.0135780049132747,2.485246188913198,105.65007520973202,-4.389726230604264
691788,2026,294,-3.1872716727308323,-0.010841060111329362,0.4978509767751673,-9.060288581489207,-6.504636066797617,-18.490384860182054,11.985748793384438,17.421155157790835,269,1.0718602895682698,0.7851899234963094,Joe Mack,27.43055555555556,158.0,0.1414555284415106,0.019345470202942,-1.16105517131801,97.36040273601073,-8.218432713102077
571448,2026,531,-3.4479620513507925,-0.0064933371965175,0.5414749154954774,-1.8863869189403484,-3.8960023179105003,-2.1315106428704502,-1.7644916750400501,14.098805914357968,269,1.0702084568655805,0.7053656048593001,Nolan Arenado,31.91304347826087,367.0,0.1447738784000615,0.01165648869741,-6.2115302366066665,85.87841592478225,-13.671538734830806
645277,2026,614,-2.026517662927529,-0.0033005173663314805,0.45025766178168286,2.2625553272647023,-1.9803104197988883,2.210966117848243,-4.1912765376471315,10.902552245610748,269,1.0369835554488578,0.5887486141399301,Ozzie Albies,38.90675241157556,484.0,0.0998071283433611,0.010733168087085,-3.1781462008680523,92.77465341561148,-9.374727707623864
701538,2026,591,-2.805020597455371,-0.004746227745271355,0.4958392793848799,-6.176410032098043,-2.847736647162813,-6.270467037662987,3.4227303905001745,12.237661540849047,269,1.007311066249419,0.6433277933236107,Jackson Merrill,37.1033360455655,456.0,0.1107346357545588,0.0122558179224261,-3.6302352862897935,91.74685289205496,-10.590003520134534
678391,2026,326,-2.443721141864331,-0.007496077122283224,0.43321189640251334,-0.2913954053231282,-4.497646273369934,-0.5363105619444077,-3.9613357114255265,14.396032704437498,269,0.9586410042881699,0.7139622138890996,Jorbit Vivas,28.363047001620743,175.0,0.1217979012698198,0.0136049945057079,2.205091214452631,105.01315775537915,-3.5684177875867427
683146,2026,430,-3.6295066853953784,-0.008440713221849716,0.5177551718450724,-8.092832767294796,-5.06442793310983,-11.292324791574133,6.2278968584643035,14.981022915833666,269,0.9277651441212713,0.729950079767918,Brett Baty,29.43262411347517,249.0,0.1282527561422698,0.012043640398909,-0.7273220472175829,98.3464719564573,-6.9452995127017285
621439,2026,409,-3.266052637136601,-0.007985458770505136,0.49230489477947326,13.88834024411933,-4.791275262303082,20.374093267656722,-25.165368529959803,14.605746214272697,269,0.9212378836472892,0.7198324882276046,Byron Buxton,34.6583850931677,279.0,0.1029260892020043,0.0152754184551041,-0.9357507638230004,97.87262033968707,-6.885418315221809
686611,2026,383,-3.342951183797666,-0.008728332072578763,0.48980833274598023,-6.761151394141249,-5.236999243547258,-10.591882079594647,5.3548828360473895,15.016821987537382,269,0.8890405230052556,0.7308900234707083,Dylan Crews,32.46217331499312,236.0,0.1108073740889723,0.0126887404652956,0.0995819780192573,100.2263943378538,-5.711514061609205
663743,2026,296,-3.266436422207476,-0.011035258183133365,0.47392962443773545,-6.157382323911838,-6.621154909880019,-12.48118038630778,5.8600254764277615,16.527959931489544,269,0.8682486422820377,0.7669033788691637,Nick Fortes,,,,,,,
695657,2026,571,-4.138934077142389,-0.007248571063296654,0.5491946610734236,-2.747429071874927,-4.349142637977993,-2.886965749781009,-1.4621768881969839,13.789848754427318,269,0.8670599843626867,0.6960728398368597,Colson Montgomery,32.86093888396812,371.0,0.150430824643135,0.0083536519169946,-13.76310625031224,68.71030895019587,-19.974031145283305
665489,2026,554,-2.8799487273305995,-0.005198463406733934,0.4709830791101995,-8.678423750908125,-3.1190780440403607,-9.39901489268028,6.2799368486399185,12.006092157758339,269,0.8553210484314286,0.6345134941351221,Vladimir Guerrero,30.176415970287835,325.0,0.1064744071464736,0.0127592858338432,3.648602368156558,108.2949036930244,-2.383050864962212
700932,2026,356,-4.158409630662069,-0.011680925928826037,0.5261050103338583,-3.8889750843158315,-7.008555557295622,-6.554452389296346,-0.45410316799927664,16.730105868438418,269,0.821787958044272,0.7712213491406812,Kyle Manzardo,30.99337748344371,234.0,0.1213391349735172,0.0153976233285317,-0.7542325975736868,98.28529224954312,-7.552632502525968
665862,2026,521,-3.7622634092839444,-0.007221234950640968,0.48944959003792654,-3.9791524170861967,-4.332740970384581,-4.582517178986023,0.24977620860144167,12.865905518594827,269,0.6468697489632813,0.6659585741412698,Jazz Chisholm,28.75112309074573,320.0,0.1370888304203933,0.0135158066753589,-0.989763436586441,97.74982539697535,-8.088423374339241
666152,2026,354,-3.5176300213483684,-0.009936807969910645,0.4586882603164228,-2.543533212040252,-5.962084781946388,-4.31107324074619,-1.651011541200198,14.62740358874072,269,0.5986540736680368,0.7204297384691025,David Hamilton,28.67231638418079,203.0,0.1462819350719282,0.0136990604950848,-3.3138143953824435,92.46621898123053,-9.683055920514782
663757,2026,484,-4.115030174287608,-0.008502128459271919,0.4950549348282199,-3.037752084444325,-5.101277075563151,-3.7658083691458577,-1.3354687064172932,13.501498222587815,269,0.564132732608468,0.687058272527441,Trent Grisham,19.238683127572017,187.0,0.1484658490483298,0.015477723593554,11.82525941913838,126.88409920545602,4.517887032864603
687401,2026,365,-4.38268001447331,-0.012007342505406329,0.4982433645781794,-2.8261323239797695,-7.204405503243797,-4.645696970925648,-2.558708532318149,15.647549777523396,269,0.5238761836582455,0.7467644030436418,Joey Ortiz,31.79271708683473,227.0,0.114535055224004,0.0131446576305591,-0.5283260057676893,98.79887888726624,-6.399643742260486
668715,2026,384,-4.346053160926235,-0.011317846773245405,0.489823810758914,-0.4902429407511395,-6.790708063947243,-0.7660045949236555,-6.024703469023587,14.997730002811606,269,0.4659469207336242,0.7303892791067339,Spencer Steer,26.432291666666668,203.0,0.1478566177997815,0.0138178900891011,-0.5221655451594502,98.81288436725386,-7.58080797179823
682657,2026,370,-5.414970927589603,-0.01463505656105298,0.5345845659534451,-4.4792936479102705,-8.781033936631788,-7.2637194290436815,-1.5173145075881065,16.675036929010364,269,0.4023830199112979,0.7700558173145654,Angel Martínez,42.23512336719884,291.0,0.0997071732843652,0.0144677058122232,-5.104663503575221,88.39481865247856,-10.32018227403228
669364,2026,571,-4.017432308702187,-0.007035783377762148,0.437127369708202,3.914654815512821,-4.221470026657289,4.11347266078405,-8.33494268744134,10.97592664669194,269,0.13920037159873377,0.5919927802746647,Xavier Edwards,23.59550561797753,273.0,0.1038643482393883,0.014571073197937,12.86364230245219,129.24480753825384,6.158680764606393
691777,2026,270,-5.10249007861435,-0.01889811140227537,0.48568633550788576,-5.11742609769343,-11.338866841365222,-11.37205799487429,0.033191153509067206,17.73475745531276,269,0.11969918256887091,0.7911470796520539,Max Muncy,33.273056057866185,184.0,0.1483146881326437,0.0125395787620757,-7.893610467578924,82.05429586126743,-14.774839113146657
656555,2026,318,-5.183703208679975,-0.016300953486415016,0.48881256427985087,-2.7743332168654153,-9.78057209184901,-5.234590975217765,-4.5459811166312445,16.446748477108073,269,0.10897733359185047,0.7651376918458973,Rhys Hoskins,22.43125904486252,155.0,0.1780247599690244,0.0191542628884592,1.1502074895047083,102.61493563554788,-6.574551144580839
810938,2026,271,-4.5533019735790266,-0.016801852301029617,0.45326459564385674,-8.935801168294779,-10.08111138061777,-19.784061627220915,9.702950246603145,16.520317996714702,269,0.05955713150898312,0.7667379930314456,Ben Williamson,31.608133086876155,171.0,0.0954168971891543,0.022860404831047,3.5654779280703104,108.10592469353963,-3.145238035282853
695731,2026,307,-5.215401404092374,-0.016988278189225974,0.4784290128493049,-7.718395098503128,-10.192966913535585,-15.084811267432825,4.891844353897239,16.383231607909046,269,-0.006465223062226855,0.7637441443381805,Braden Montgomery,27.170418006430868,169.0,0.1302757779051257,0.0132968740594657,1.3491420748856362,103.0672028492482,-5.254530787743535
572233,2026,571,-6.715796899796796,-0.011761465673899818,0.5408404093409808,1.2131745406420342,-7.056879404339891,1.2747893596939064,-8.331668764033797,13.58008002211366,269,-0.02245393303811749,0.689548388105844,Christian Walker,31.5,378.0,0.1477077076856989,0.0101112489722356,-7.891859613170361,82.05827633577084,-14.962088846382802
545121,2026,456,-6.33723506753002,-0.013897445323530747,0.5232217480793209,-6.501953342602366,-8.338467194118449,-8.555201766582062,0.21673457246361316,14.701261966861901,269,-0.04246607973318284,0.7224540812737342,Ildemaro Vargas,40.09779951100245,328.0,0.0970229489547081,0.0116631573848851,-6.40477647389997,85.4390808683296,-10.87675928400923
666126,2026,342,-7.003927676216482,-0.020479320690691468,0.5386808070096467,-3.8960200416690887,-12.287592414414881,-6.835122880121208,-5.452469534293673,17.477113209794183,269,-0.15371292388602598,0.7862697482601305,Carlos Cortes,27.42857142857143,192.0,0.115686888572554,0.0167290465460833,4.857694713189131,111.04371092001898,-2.5144111017156536
624585,2026,360,-6.8212149758552965,-0.018947819377375823,0.5309048579207098,-9.37615945111488,-11.368691626425493,-15.6269324185248,4.258240792099308,16.78868571877528,269,-0.15785087329762604,0.7724524409924877,Jorge Soler,27.84471218206158,208.0,0.1343932331770644,0.0166919136387921,-0.3308562557113854,99.24781587565892,-6.893435989129364
681393,2026,325,-5.462486041820855,-0.016807649359448784,0.4652196579497295,-4.174580615847997,-10.08458961566927,-7.706918060027071,-2.3776715556421983,15.483446133152936,269,-0.2585139794883702,0.7427562246827418,Connor Norby,28.139183055975792,186.0,0.1462963454316251,0.0112176409492082,-1.7183305686790675,96.0934667191004,-8.458725528208086
702284,2026,576,-5.59916162178129,-0.009720766704481406,0.4623354747115958,-4.610064042458671,-5.832460022688844,-4.802150044227782,-1.0303099784610623,11.558386867789896,269,-0.296171993834081,0.6167138761061487,Cole Young,30.915684496826835,341.0,0.1106999812170426,0.0151737231403154,1.5492740264838107,103.5221922114468,-4.844026792294477
683002,2026,649,-6.091009918744405,-0.009385223295445924,0.4793550687515004,-1.331396199854788,-5.631133977267555,-1.230874761036784,-4.400259216230771,11.28979941693226,269,-0.3170716728602416,0.6055393159182436,Gunnar Henderson,30.68094873756695,401.0,0.1346950407325998,0.009518783958735,-5.272192108916782,88.01395126630815,-11.669055020293303
679529,2026,546,-6.474028652393659,-0.01185719533405432,0.4937078509347374,-8.078596930304112,-7.114317200432592,-8.877579044290233,1.7632618438576406,12.677247302552075,269,-0.3500438874365406,0.659354384623017,Spencer Torkelson,22.1750212404418,261.0,0.172180582924937,0.0123997362969897,0.0392669769886869,100.0892713865671,-7.342695117324974
702222,2026,411,-4.982017449451325,-0.012121696957302494,0.4290594037511539,-6.901032507321237,-7.273018174381496,-10.074500010687936,2.80148183630644,12.69836377576154,269,-0.3963202788826239,0.6601016174911425,Justin Crawford,37.58389261744966,280.0,0.0952809032304896,0.0140341274740161,0.0825261078749474,100.18761872298204,-5.433745176433633
663728,2026,454,-7.050551349546051,-0.015529848787546369,0.5118875181962558,-6.629993229418512,-9.317909272527821,-8.762105589539884,-0.5558036829879374,14.41444295755992,269,-0.4136345103188557,0.7144839252941294,Cal Raleigh,35.86762075134168,401.0,0.135867148096255,0.0107325227678405,-7.5095830119795375,82.92736188443169,-16.147853866616746
691026,2026,493,-6.517480650484492,-0.013220041887392479,0.4808712436115198,-11.342449419114347,-7.932025132435488,-13.804198076001233,5.8721729435657455,12.994410957689267,269,-0.5066242427322987,0.6703656878531057,Masyn Winn,24.35765673175745,237.0,0.1369762797776165,0.0154104300936374,2.5397442051537067,105.77397355506044,-3.755446992344961
621493,2026,591,-4.901033898917591,-0.008292781554852099,0.4080225158319895,-0.6017985261674484,-4.975668932911259,-0.6109629707283741,-4.364705962182885,10.070282160767984,269,-0.510903326406674,0.5498286129376255,Taylor Ward,15.233415233415236,186.0,0.1411818643619788,0.0132133419405152,19.820163907931946,145.06008992131405,12.043092448333164
805999,2026,424,-5.85846644108984,-0.013817137832759056,0.4561673499333761,-1.554283816995194,-8.290282699655434,-2.1994582315969726,-6.090824468058461,13.292066935778012,269,-0.5111583043961918,0.6802966821828306,A. J. Ewing,26.31578947368421,230.0,0.129901289437268,0.0139284109350448,3.3911949529275223,107.7097016063761,-3.698293962234223
643446,2026,463,-6.58874109013185,-0.014230542311299893,0.4784279827776463,-6.383127542092332,-8.538325386779936,-8.271871544828077,-0.2664538419518596,13.340660373790667,269,-0.5719381104933374,0.6818819218565453,Jeff McNeil,35.53921568627451,290.0,0.1127585973124564,0.0131217886843741,-3.435598314330401,92.1893497099038,-8.775371610257954
573262,2026,357,-6.222413646896958,-0.017429730103352824,0.46690837051444467,-3.729940100703105,-10.457838062011694,-6.268806891937992,-4.189031170073703,14.826846867197183,269,-0.5844639236054174,0.7258523568222303,Mike Yastrzemski,26.27450980392157,201.0,0.1132453203323096,0.0185277344640559,8.923811148419084,120.28781066879408,1.7575504452876922
671218,2026,390,-6.80729801329026,-0.017454610290487844,0.48664832379058404,-4.13418871675874,-10.472766174292707,-6.360290333474985,-4.112475840817721,14.7854374628401,269,-0.6037325828597986,0.7247378877536139,Heliot Ramos,34.17085427135678,272.0,0.1305769234048385,0.0124266787214825,-5.481568277801893,87.5379456671028,-12.466677963624027
642715,2026,503,-7.247833630338943,-0.014409211988745414,0.4931128580390864,0.7155959119765697,-8.645527193247249,0.8535935331728466,-9.499120726420095,13.192089372711104,269,-0.6635568012079114,0.6770036220975402,Willy Adames,31.56862745098039,322.0,0.1417513716599851,0.0110119449767186,-5.505573427768415,87.48337123365762,-12.671924231926951
668904,2026,445,-6.959308937244267,-0.015638896488189363,0.4828061788979902,-2.197968781137393,-9.383337892913618,-2.9635534127695187,-6.419784480144099,13.732324720952427,269,-0.6851629896020306,0.694301257289131,Royce Lewis,33.36909871244635,311.0,0.1352350087362449,0.0112401977499461,-7.295352560058061,83.414403438291,-13.827270393847336
682177,2026,280,-7.6853809279576195,-0.02744778902842007,0.5130508006552651,-13.013666084207902,-16.46867341705204,-27.886427323302648,11.417753906250606,18.39638984955269,269,-0.7193292978204493,0.8029934653236955,Daniel Schneemann,33.39160839160839,191.0,0.127800645305438,0.0139001801640025,-5.005514508922936,88.62022862564493,-12.027606243646815
676356,2026,316,-8.607127751268312,-0.027237746048317444,0.5426242617039329,-5.787457846323472,-16.342647628990466,-10.988844012006592,-5.353803616983875,18.31499974776034,269,-0.7219133898499237,0.8015868032705238,Jonny DeLuca,35.61643835616438,208.0,0.1031061127289299,0.0159831138091943,-2.1554795916397804,95.09963163402618,-7.455833499288862
650859,2026,352,-7.853303801965266,-0.02231052216467405,0.5070650106036828,-4.949855116232957,-13.386313298804431,-8.43725303903345,-4.949060259770981,16.215993524935556,269,-0.8224525071619126,0.7600213955311717,Luis Rengifo,30.991735537190085,225.0,0.1104186983761223,0.012827689586685,3.3533819139728944,107.62373567070532,-3.8994281680291847
666397,2026,276,-5.783311109301295,-0.020954025758338025,0.42932152079710534,-5.816015200667137,-12.572415455002815,-12.643511305798125,0.07109585079530945,15.505271258771797,269,-0.8900373889134645,0.7432941316818489,Edouard Julien,18.617021276595743,105.0,,,5.681799493509532,112.91726936677638,-1.5700763213885436
686217,2026,349,-7.025874563893109,-0.020131445741814066,0.46170239256898815,-5.514589002693305,-12.07886744508844,-9.480668772538634,-2.598198672549806,14.82861747197379,269,-1.0281418721144586,0.7258998778993653,Sal Frelick,23.78716744913928,152.0,0.1522965880791532,0.0180778218671742,1.6777374086892218,103.81424688771791,-4.548263940687731
663586,2026,566,-8.509210262198613,-0.015033940392577053,0.49792983151809017,-13.671780856693024,-9.020364235546232,-14.493053911688719,5.472689676142487,12.557731148299942,269,-1.0512487106751331,0.6550865393555328,Austin Riley,32.92978208232446,408.0,0.1473006379051483,0.0094982151919022,-11.42105947189316,74.03482790602821,-18.64093838432165
680779,2026,276,-9.145984904589016,-0.03313762646590223,0.5337530471506546,-12.167059199128811,-19.88257587954134,-26.450128693758284,6.5675528142169455,19.276894775508108,269,-1.0608886280056602,0.8173678514660733,Henry Davis,,,,,,,
694208,2026,299,-8.21255544177265,-0.027466740607935285,0.4981826476137608,-9.713689574415566,-16.48004436476117,-19.49235366103458,3.0123092962734113,17.28638783769081,269,-1.1225964348740476,0.7825586167146785,Moisés Ballesteros,36.93009118541033,243.0,0.1383335228598244,0.0125239326344261,-9.87847113807588,77.5418205502999,-17.086381327998698
687551,2026,358,-7.998331906638709,-0.022341709236420974,0.48358006304883977,-4.259333334775667,-13.405025541852584,-7.138547488450837,-6.266478053401747,15.334800297264051,269,-1.1739687914589823,0.7390526197201399,Drew Gilbert,26.05042016806723,186.0,0.1400685955337685,0.0131788170388327,0.5434472850089467,101.2354985379408,-6.126035475600622
663538,2026,621,-8.652140487981496,-0.013932593378392104,0.4797775871070518,-4.142410946541688,-8.359556027035262,-4.00232941694849,-4.357226610086772,11.551686823062875,269,-1.2679267944496155,0.6164397174711088,Nico Hoerner,33.18264014466546,367.0,0.112818722111168,0.0106698271409625,-3.149848673322789,92.83898634149762,-8.241425576553379
702616,2026,330,-7.800095904560596,-0.02363665425624423,0.4714708480394427,-8.857985314672502,-14.181992553746538,-16.105427844859094,1.9234352911125558,15.572169600144692,269,-1.2748180168324428,0.7449336479753199,Jackson Holliday,26.552795031055897,171.0,0.1105150115407702,0.0186110078326092,4.706944608350477,110.70098856357274,-1.0714246415377229
672580,2026,307,-7.155426351722625,-0.02330757769290757,0.4493765660122386,-4.59389316789852,-13.984546615744543,-8.978292836283753,-5.00625377946079,15.388365175220434,269,-1.302194036812537,0.7403953157837821,Maikel García,23.03664921465969,132.0,0.163932676639326,0.0193558193448833,-0.3422389192144028,99.22193799476084,-6.579550489885664
669357,2026,274,-8.3959122529678,-0.030642015521780294,0.4873957379492948,-11.567474621279045,-18.385209313068177,-25.330236396961414,6.945027083893237,17.66679200940806,269,-1.3793300990769524,0.7898753518576572,Nolan Gorman,32.87904599659284,193.0,0.1302129367173497,0.0189445765925713,-2.755639677382911,93.73519955584612,-9.883307120265233
686681,2026,389,-9.857261177219717,-0.025340003026271766,0.516056121034498,-1.5626159486711884,-15.204001815763059,-2.410204548078954,-12.793797267684106,15.699050388043517,269,-1.4791402564989475,0.7480051562336874,Michael Massey,38.16689466484268,279.0,0.1095948701934542,0.0147475153007866,-5.628671278540742,87.20351480811607,-10.86306393080534
682626,2026,376,-8.052352753493674,-0.02141583179120658,0.4572132764543549,-5.855705059106909,-12.849499074723948,-9.344210200702515,-3.505288874021433,14.147384622198507,269,-1.5449652434627037,0.706793279934262,Francisco Álvarez,32.0973348783314,277.0,0.1439056241606346,0.0148172373549705,-5.086929878842449,88.43513510640908,-13.032749883221689
664702,2026,293,-7.585987641117963,-0.02589074280245039,0.4488143959927585,-3.8864849687742513,-15.534445681470233,-7.958672291005293,-7.57577339046494,15.73201018620052,269,-1.5476572553467296,0.7487949791298733,Myles Straw,22.6691042047532,124.0,0.1342012080576452,0.0211586863735432,4.618984584327615,110.5010161208441,-1.6476023740349666
521692,2026,570,-10.121819369810137,-0.01775757784177217,0.5006333521745396,-15.346019247439122,-10.654546705063302,-16.153704470988547,5.499157765925245,12.581534170768723,269,-1.6030985109046565,0.6559417890519833,Salvador Pérez,45.32671629445823,548.0,0.1151394039366867,0.009055665954198,-15.81844862504248,64.03759722820209,-21.91280908978495
669707,2026,336,-8.302644611800222,-0.024710251820833994,0.46270321119977925,-6.578118865541232,-14.826151092500396,-11.746640831323628,-3.079510261176768,15.145517783015194,269,-1.631407332354689,0.7342337076694985,Jared Triolo,25.32467532467532,156.0,0.1306689640328769,0.0161367819113136,4.9904352190498855,111.34548940974643,-1.2769736992976457
676609,2026,416,-9.597284074844055,-0.023070394410682822,0.4946221680369767,-10.955870949072617,-13.842236646409694,-15.801736945777813,1.9595002993681199,14.550508192362194,269,-1.6405521011817807,0.7183016188221772,José Caballero,35.49132947976879,307.0,0.119510089109998,0.0126401234389369,-6.510645354820231,85.1983935906514,-12.731367916055817
814439,2026,269,-8.515726817053437,-0.03165697701506854,0.4671935542765312,-4.606566617950793,-18.994186209041125,-10.274869779815894,-8.71931642922523,17.091176246520952,269,-1.755391322115102,0.7786687765259133,Ryan Waldschmidt,,,,,,,
657757,2026,411,-9.114268202866,-0.022175835043469587,0.46790539219896515,-7.5693037615950844,-13.305501026081751,-11.050078484080414,-2.2554225420013374,13.848042557363144,269,-1.825758416042465,0.6978516823758044,Gavin Sheets,31.03448275862069,297.0,0.1493269250772008,0.0116079075750778,-7.813989723065459,82.23530939496192,-15.216171738094248
666139,2026,299,-8.328953656758474,-0.02785603229685108,0.45345955650998415,-7.160247776929256,-16.71361937811065,-14.368390187817905,-2.345229190292745,15.734545954350777,269,-1.842667633594754,0.748855607616563,Josh Lowe,35.450516986706056,240.0,0.1135867666158918,0.0138437829762992,1.2323761381254157,102.80174169390142,-6.750605810768239
593428,2026,541,-8.80329578048765,-0.016272265767999353,0.4443960434991977,-10.596314808384577,-9.763359460799611,-11.751920305047589,1.9885608442479779,11.463646925628215,269,-1.853151384934705,0.6128154973160285,Xander Bogaerts,23.23612417685795,247.0,0.1087295589085504,0.0149803917799554,11.184514307160333,125.4273992257541,4.857823762047227
677588,2026,275,-8.683658621893194,-0.03157694044324798,0.4526854404274237,-3.889167554821795,-18.946164265948788,-8.485456483247553,-10.460707782701235,16.378775497685954,269,-2.0766283020449308,0.7636459609070219,José Tena,29.845626072041163,174.0,0.1193544487021058,0.0192657126392642,0.5321363791905543,101.2097837943274,-5.981218768814515
677587,2026,535,-11.298778074128716,-0.021119211353511618,0.4891982192116619,-10.452216316994983,-12.67152681210697,-11.72211175737755,-0.9494150547294193,12.689930010541035,269,-2.235980926463803,0.6598034225781345,Brayan Rocchio,33.741753063147975,358.0,0.1093014018108092,0.0110772805561412,-2.4471847144253145,94.43645553092828,-8.9081664961655
655316,2026,326,-10.546797269052416,-0.03235213886212397,0.4857650482692217,-3.9084573849060686,-19.411283317274382,-7.193479849520371,-12.21780346775401,16.142422633423795,269,-2.305819164475217,0.7583587369975089,Andruw Monasterio,26.656848306332844,181.0,0.0988236307829011,0.0173528106920312,10.185893056223415,123.15708685227548,2.7688167312383367
656716,2026,395,-9.260341485748539,-0.02344390249556592,0.4409884610607003,-5.672468420813861,-14.066341497339552,-8.616407727818524,-5.449933769521028,13.313122507361543,269,-2.3459404271511985,0.6809847925343958,Zach McKinstry,28.954802259887007,205.0,0.1199228585296345,0.0138148208061236,1.856890892673137,104.22154281804076,-3.8523339687417386
681297,2026,348,-9.537618993216169,-0.02740695112993152,0.4516918741267103,-7.407192286600485,-16.444170677958912,-12.77102118379394,-3.6731494941649725,14.527935604068645,269,-2.385828521153135,0.71767290123681,Colton Cowser,29.411764705882355,230.0,0.1345112889777781,0.0124326306562063,-1.8722546425802025,95.743528512572,-9.426394812168072
805300,2026,555,-9.458832344367341,-0.017042941161022236,0.41942316556764797,-3.419283845490479,-10.225764696613341,-3.6965230762059234,-6.529241620407418,10.682113116636538,269,-2.4866848284316223,0.5788226533478761,Jakob Marsee,21.38888888888889,231.0,0.122268361515017,0.0152917739493807,11.411592030532011,125.9436483688886,5.083253068400534
542303,2026,281,-11.193762012028044,-0.0398354520000998,0.4945195475969275,-10.082725740397441,-23.90127120005988,-21.528951758855744,-2.3723194412041373,17.700337759807805,269,-2.5213786087814505,0.7905043588712873,Marcell Ozuna,26.75635276532137,179.0,0.1500406608262064,0.0162045381738036,0.3860206978734987,100.87759755360588,-7.654255556126947
677594,2026,580,-11.655433484529269,-0.020095574973326324,0.47372614380100825,-5.429190911642487,-12.057344983995794,-5.616404391354297,-6.440940592641497,11.802244479364965,269,-2.532784045623341,0.6265349752434592,Julio Rodríguez,39.105219552609775,472.0,0.1221778038487787,0.0100332834585489,-8.501173498905459,80.67303357950175,-16.138766846787558
641680,2026,351,-12.226543779444846,-0.034833458061096424,0.509118021018256,-9.81760747530761,-20.900074836657854,-16.78223500052583,-4.117839836132024,16.304825754910578,269,-2.5778139477135724,0.7620085521035448,Jonah Heim,33.582089552238806,225.0,0.1231891053223318,0.0145026576176433,-3.618562895821709,91.77338945181964,-9.33649532510423
592663,2026,407,-12.548024775621206,-0.03083052770422901,0.5004560452489437,-12.617143022991891,-18.498316622537406,-18.60021084470549,0.10189422216808453,14.884011107138974,269,-2.7556547940661122,0.727381141105912,J. T. Realmuto,29.90314769975787,247.0,0.1381828863675047,0.0139565003456118,-2.386751577415843,94.57384705808836,-9.316645465400256
665926,2026,462,-11.968325655372709,-0.025905466786521017,0.47197101841793154,-12.434200321436691,-15.54328007191261,-16.14831210576194,0.6050320338493282,13.174847412107136,269,-2.9021999177850475,0.6764313843008959,Andrés Giménez,43.55203619909502,385.0,0.0943241342353199,0.0107156055964185,-7.387095374138869,83.20583102328382,-12.584937940927862
670764,2026,410,-10.770348178825843,-0.026269141899575226,0.4453432017554531,-15.202015155193914,-15.761485139745135,-22.24685144662524,6.485366306880104,13.196359831216515,269,-2.9593095948225407,0.6771451556815854,Taylor Walls,24.57002457002457,200.0,0.1396078978889035,0.0135212815954678,3.372112845564214,107.66631944880804,-3.507837787697461
680574,2026,453,-12.687709286182413,-0.02800818826971835,0.48544445692113886,-11.413573568665935,-16.80491296183101,-15.117315984987993,-1.6875969768430181,13.684902129563417,269,-2.9832636738061318,0.6928308208121909,Matt McLain,26.399155227032733,250.0,0.127055105227256,0.0116141076786741,2.2167323203214613,105.03962319126909,-3.844152710259653
662139,2026,487,-12.005435485122357,-0.02465181824460443,0.4560600360302159,-5.490880484226341,-14.791090946762658,-6.764945155104321,-8.026145791658337,12.399631736516485,269,-3.144738819215126,0.6493388550227926,Daulton Varsho,35.83583583583583,358.0,0.1050737590986586,0.0125919729447863,-1.9724782197910653,95.51567553303384,-8.199359445458063
701675,2026,415,-12.327158179542176,-0.029703995613354642,0.4705477919266475,-8.452926341384249,-17.822397368012783,-12.221098324892889,-5.601299043119894,13.858969590458107,269,-3.183559054893406,0.698184204288107,Nathan Church,42.80442804428044,348.0,0.0887428079810645,0.0120704950350899,-1.5458834382862392,96.4855161107335,-7.317206424818334
656775,2026,467,-11.544647829423637,-0.024720873296410355,0.44305999205000063,-8.191873170977242,-14.832523977846213,-10.52489058369667,-4.307633394149542,12.301422800312348,269,-3.224520847015917,0.6457090746591557,Cedric Mullins,31.198347107438018,302.0,0.1446025668943853,0.0115455597087434,-5.904195901775918,86.57712421133877,-12.93257974868891
686555,2026,475,-12.671151564946959,-0.02667610855778307,0.4604210606115591,-6.508489520297478,-16.005665134669844,-8.221249920375762,-7.784415214294082,12.675340261159587,269,-3.380136818121793,0.6592868011754086,Isaac Collins,21.382289416846653,198.0,0.1372134647947439,0.0134968732001981,7.900589125052022,117.96156974583494,1.6666204733023964
671289,2026,289,-11.214935594619321,-0.03880600551771392,0.4497708034821531,-11.986062890625142,-23.28360331062835,-24.884559634515867,1.600956323887516,15.874263652311285,269,-3.405188387474208,0.7521662304076542,Tyler Freeman,,,,,,,
681351,2026,270,-12.364856128808862,-0.04579576344003282,0.46175274879010797,-15.030986746701613,-27.477458064019693,-33.402192770448025,5.924734706428332,16.860826433490562,269,-3.7773118776776258,0.7739562410082942,Logan O'Hoppe,,,,,,,
641857,2026,323,-12.704013481670087,-0.03933131108876188,0.45688997846870827,-10.661869094134245,-23.59878665325713,-19.805329586627078,-3.793457066630051,15.253223064272335,269,-3.889164572154961,0.7369900354663261,Ryan McMahon,28.70514820592824,184.0,0.1445710305452344,0.0145916739130876,-4.553050498872381,89.64888152043139,-11.202989335707963
630105,2026,360,-12.976866043128368,-0.03604685011980102,0.45384735380926966,-13.481894294440886,-21.628110071880613,-22.469823824068143,0.8417137521875304,14.351913480775877,269,-3.972416277410936,0.7127069083466951,Jake Cronenworth,28.64651773981603,218.0,0.1597589013772847,0.0113029452450666,-7.653765312543785,82.59957108216254,-14.079346422930431
802415,2026,554,-12.035067909180464,-0.021723949294549575,0.40278031759902727,-1.3960139005708174,-13.034369576729745,-1.5119284121705605,-11.522441164559185,10.267497553332742,269,-3.9836845062341197,0.5594098846211757,Chandler Simpson,30.105017502917157,258.0,0.0752297650555723,0.0165725102768325,6.988970598916488,115.88905344615068,2.6727598348481063
672275,2026,305,-12.779607381138485,-0.04190035206930651,0.4569171500970372,-12.735804269807664,-25.140211241583906,-25.05404118650688,-0.08617005507702657,15.697799943900195,269,-3.9838631845029084,0.7479751264910779,Patrick Bailey,30.647709320695103,194.0,0.1404519043017501,0.0114757002859496,-4.407263904730918,89.98031959893827,-11.246474288489104
680776,2026,568,-16.140697714009914,-0.02841672132748224,0.48223431481001217,-19.72108665972452,-17.050032796489344,-20.832133795483646,3.782100998994302,12.140461419586176,269,-4.132324788333353,0.6396599135877364,Jarren Duran,34.91179201485608,376.0,0.14368088535428,0.0083030848930629,-15.759314640641726,64.17203520090912,-21.273646808583567
514888,2026,500,-17.20831934991885,-0.0344166386998377,0.5103716709318492,-9.128821873045663,-20.64998321990262,-10.954586247654795,-9.695396972247824,13.694708999925219,269,-4.157097603599716,0.6931356439737489,José Altuve,36.8692070030896,358.0,0.094910231890634,0.0130561338316039,-0.2859576440269258,99.3498904845896,-6.021063295075142
663837,2026,288,-14.763618868520204,-0.051262565515695156,0.48572269673139284,-12.58210416977001,-30.757539309417094,-26.21271702035419,-4.544822289062903,17.17289063174924,269,-4.303399901775407,0.7803084584839332,Matt Vierling,32.15613382899628,173.0,0.1386982111305642,0.017449231631386,-3.1332129969673432,92.87680666810846,-9.162886809318476
676391,2026,565,-15.506569427284607,-0.027445255623512577,0.4468646648308155,-9.349436066144348,-16.467153374107546,-9.928604672011698,-6.538548702095849,11.279842646455396,269,-4.599723240206437,0.6051177352477916,Ernie Clement,45.39614561027837,424.0,0.0772489922510665,0.0127638609282068,-2.9376962462080343,93.32130361633055,-6.9683125614950825
605170,2026,343,-14.903296238512441,-0.04344984326096921,0.46570609449617223,-8.308124842407414,-26.06990595658153,-14.533162989633961,-11.536742966947568,15.087459307151237,269,-4.663487424700566,0.7327320897871866,Víctor Caratini,25.6838905775076,169.0,0.1241027787178928,0.0122310243801759,3.772256946515807,108.57602580916496,-2.20546892484306
701358,2026,507,-16.224173960872918,-0.032000343118092536,0.46385219687452395,-9.847906642048695,-19.200205870855523,-11.654327387039876,-7.545878483815647,12.360239572140264,269,-4.723253376563189,0.6478884398742432,Cam Smith,29.813084112149536,319.0,0.1428882540719445,0.0102676540173642,-6.412790913629924,85.42086046528055,-13.263789095730155
647304,2026,575,-17.932365169691813,-0.031186722034246633,0.4807171351430483,-10.709058237570028,-18.71203322054798,-11.174669465290464,-7.537363755257516,12.028374211385803,269,-4.824906562320885,0.6353730536989621,Josh Naylor,38.11787072243346,401.0,0.093039853814612,0.0121802945588488,-2.2398153743106866,94.90789871151414,-7.012513527652335
543760,2026,489,-17.442839305419202,-0.03567042802744213,0.4831227731763799,-12.915377746563887,-21.40225681646528,-15.847089259587593,-5.555167556877686,13.10854020207533,269,-4.852293047066933,0.6742187956504199,Marcus Semien,27.83842794759825,255.0,0.1298843582723972,0.0119557031305977,0.7425456198806261,101.688138027411,-4.900361609116206
607208,2026,623,-17.621063106708945,-0.02828421044415561,0.4402120103424509,-10.004465965427578,-16.970526266493366,-9.635119709882098,-7.335406556611268,10.582033067845147,269,-5.419880207146765,0.5742263849930229,Trea Turner,34.49675324675325,425.0,0.1229189621645133,0.0099410122737444,-6.860436769948063,84.4031613870945,-12.64627683649111
694497,2026,411,-15.724706402803143,-0.03825962628419256,0.44041445851009015,-10.001891226327212,-22.955775770515537,-14.601301060331695,-8.354474710183842,13.034425903201338,269,-5.423538621417432,0.6717231129669611,Evan Carter,20.437956204379564,168.0,0.1272366123063939,0.0152623902964672,11.762523511482197,126.74147245153944,4.960604883800072
683083,2026,464,-19.396964705645118,-0.041803803244924824,0.4703019380047265,-21.719435909525224,-25.082281946954893,-28.08547746921365,3.003195522258757,13.099931613466588,269,-6.059323853191742,0.6739301423674845,Nasim Nuñez,25.74585635359116,233.0,0.1247832481517014,0.0131828891023263,5.695593162683595,112.94862854101002,-0.7177160960169449
664728,2026,285,-17.441176019623338,-0.061197108840783644,0.46312686479129733,-14.323417105256695,-36.71826530447019,-30.154562326856198,-6.563702977613989,16.45996071715271,269,-6.206171713962281,0.7654261746653861,Kyle Isbel,,,,,,,
669224,2026,345,-18.4683050844376,-0.05353131908532637,0.44796217751998246,-18.48057812823439,-32.118791451195825,-32.140135875190246,0.021344423994420936,14.470483750999545,269,-6.86791938025479,0.7160644165692825,Austin Wells,29.126213592233007,210.0,0.1472396890556338,0.0124219586479564,-1.817967846201998,95.86694666076215,-9.375304655306236
672724,2026,344,-19.664521842356155,-0.057164307681267894,0.42550774005060243,-11.003991977308544,-34.298584608760734,-19.19300926274746,-15.105575346013275,13.765103888755274,269,-8.263862846204493,0.695312381793304,Oswald Peraza,38.72403560830861,261.0,0.143176442715782,0.0111139629567261,-14.702212302996902,66.57530121886796,-21.13614117961291
678662,2026,463,-35.367898611936134,-0.07638854991778862,0.429999221797082,-22.642500319511154,-45.833129950673175,-29.34233302744426,-16.490796923228917,11.990255138682457,269,-14.786083844847141,0.6339010668105074,Ezequiel Tovar,44.42036836403034,410.0,0.125320721764846,0.0090713700419336,-17.751971045565945,59.64183670178196,-23.59890361941821
