batter,player,seasons_qualified,first_season,last_season,plate_appearances,opportunities,chases,chase_rate,cost_per_chase,cost_per_chase_se,runs_saved_per_600_pa,runs_saved_shrunk,standard_error_per_600_pa,chase_plus,chase_plus_raw,chase_plus_se,chase_plus_posterior_sd,league_chase_cost_per_600_pa,runs_saved_vs_anchor_per_600_pa,runs_saved_count_only_per_600_pa,shrinkage_factor,chase_rate_rank,value_rank,rank_gap,total_cost,expected_cost,expected_cost_anchor
672695,Geraldo Perdomo,3,2024,2026,1715,3343,663,19.832485791205503,0.08349593482933367,0.012069494964131953,21.63018986208873,18.924783394318148,2.850297677794118,148.39596689433722,155.31444829102583,7.289008765878162,6.786975310927116,39.10405062396329,18.994292437910534,21.668512879163682,0.13300699475677819,16.0,1.0,15.0,55.357804791848224,117.18409748098517,109.64982401020916
665742,Juan Soto,3,2024,2026,1811,3917,691,17.641051825376564,0.10763649568668085,0.011712053094614304,21.310975042934714,18.800507426677754,2.7554146012881393,149.1811025587974,155.74834899016093,7.208014391444891,6.740973503925863,38.227096279920154,19.524389675638325,21.811577435667388,0.12539098390723574,1.0,2.0,-1.0,74.37681851949647,138.70044485742108,133.3079346904648
650402,Gleyber Torres,3,2024,2026,1668,3514,680,19.351166761525327,0.12075986752164045,0.009568208096575355,17.56728496525665,15.870413226778492,2.482551384802614,141.47225255519575,145.9064844990243,6.48735458494952,6.139906960591364,38.267545766067165,15.6113454707176,16.980648754509495,0.10424692424869585,13.0,3.0,10.0,82.1167099147155,130.953762118129,125.51625032331043
678246,Miguel Vargas,2,2025,2026,1189,2388,510,21.35678391959799,0.0971546632513022,0.014439516925022152,19.09153013938123,15.30239392038793,3.784186297450805,138.08262880570143,147.5125434238256,9.417595890368197,8.355414944786778,40.18208406373716,15.47734855870268,18.844960365856764,0.21285282091518049,35.0,4.0,31.0,49.54887825816412,87.38192715103793,80.2198239853266
680757,Steven Kwan,3,2024,2026,1803,3466,722,20.830929024812463,0.09763972166063589,0.008790385101922255,15.660387346699649,14.452309621880875,2.204650813662217,137.21824061065308,140.32933694162304,5.677516368810939,5.433634310776975,38.831254204273556,13.580745127381558,14.715524099567396,0.08406633195377701,28.0,5.0,23.0,70.49587903897911,117.55534301581156,111.30601814676069
666018,Jonathan Aranda,2,2025,2026,1022,2051,585,28.522671867381764,0.07049841995776432,0.01371107426615049,18.125657068172483,13.166777418277654,4.7021951270307065,132.43271442820824,144.64754289076234,11.582557135734469,9.728356820182817,40.59721071889651,14.363447974246906,18.90641178214769,0.294543758170362,203.0,6.0,197.0,41.241575675292125,72.11561154807926,65.70731539142602
595777,Jurickson Profar,2,2024,2025,1035,2113,483,22.85849503076195,0.08228468649512086,0.014503256987783309,16.791275291828082,13.012720385117657,4.131490924516174,135.31871551814754,145.57435014873823,11.21356244584178,9.751574374092893,36.84369659035712,16.19829863947538,17.429515614729574,0.24375544092573834,54.0,7.0,47.0,39.74350357714337,68.70845345554682,67.6855687302384
664238,Dylan Moore,1,2024,2024,438,854,154,18.0327868852459,0.09844393645044168,0.01975943979269274,17.111719201605286,12.896291561582052,4.385632052722736,135.21244182264365,146.722378599668,11.97466828154403,10.256143845076625,36.62424669819118,17.111719201605286,17.00812431216264,0.26643057205860166,3.0,8.0,-5.0,15.160366213368018,27.651921230539877,27.651921230539877
663457,Lars Nootbaar,3,2024,2026,1254,2501,495,19.792083166733306,0.11027961687635375,0.013149628825952376,14.859944660475835,12.67401244203533,3.1888105905003323,133.12076407860295,138.83322062146226,8.333260184361247,7.6326266943822265,38.266062980784724,13.004286891347112,14.457573396213817,0.16108461258959325,15.0,9.0,6.0,54.588410353795105,85.6456946941896,81.76736995671057
608385,Jesse Winker,1,2024,2024,504,958,185,19.31106471816284,0.09255545090026646,0.024379064043597083,18.94736762842716,12.433235772044426,5.563916619784336,133.94809966878714,151.73449104514398,15.191893680803352,12.068564513686812,36.62424669819118,18.94736762842716,19.316708428824267,0.36891565359259393,12.0,10.0,2.0,17.122758416549296,33.03854722442811,33.03854722442811
669364,Xavier Edwards,2,2025,2026,1186,2211,550,24.875621890547265,0.08638899376419222,0.012290076352307824,14.744102329813,12.229936474696787,3.488570553114729,130.60878382086744,136.90117620641058,8.73110846692113,7.8731757935175,39.95564327635608,11.619993576387705,14.133194339174244,0.18686785500555492,95.0,11.0,84.0,47.51394657030572,76.65812217556942,70.48280053963208
802139,Jj Wetherholt,1,2026,2026,583,1150,244,21.217391304347824,0.10476687027527418,0.017477611844549837,16.206878341481012,12.007385609685077,4.5552464525584,127.99182156947248,137.78175045589987,10.619268011359509,9.00120905925977,42.89604940458815,11.323886479155506,15.83042552381534,0.2815235563427424,33.0,12.0,21.0,25.5631163471669,41.31079980230595,36.56615937607967
663757,Trent Grisham,2,2025,2026,1068,2094,381,18.19484240687679,0.13888705164669612,0.015114437021730494,14.061648305991797,11.757783879876655,3.413963761870581,129.5340126547422,135.32101825127722,8.575429687773342,7.763549414976919,39.81099357316328,10.668948240771032,13.999948143736203,0.1803869541456118,4.0,13.0,-9.0,52.915966677391225,77.94570066205662,71.90669454596366
670623,Isaac Paredes,3,2024,2026,1667,3788,976,25.76557550158395,0.10209587214470955,0.009738521176625475,13.971572794563809,11.616830252265483,3.474929330545469,129.79456525483266,135.8339519731809,8.912414698895855,8.042533932697514,38.989762572156486,11.285589204596194,13.49722785180521,0.18568013115311793,117.0,14.0,103.0,99.64557121323652,138.4632576274663,131.00069988667295
672515,Gabriel Moreno,3,2024,2026,1146,2463,650,26.39058059277304,0.08809574432998665,0.01189390554846851,14.935776619450346,11.609880868169174,4.131186040867429,129.42628389937428,137.85606485132612,10.470861386096836,9.10586807222922,39.454118324522945,12.253806254676602,14.393645350857179,0.24372823437366115,137.0,15.0,122.0,57.262233814491324,85.78956715764149,80.66700376092363
572138,Jon Singleton,1,2024,2024,406,840,191,22.738095238095237,0.08146520505278847,0.019543975707983025,17.715575625574758,11.545124129308387,5.64476375647721,131.5231715875226,148.37116725311296,15.412641256471213,12.178347562200598,36.62424669819118,17.715575625574758,16.998946595589338,0.37565794586079093,51.0,16.0,35.0,15.559854165082596,27.547393671721515,27.547393671721515
687462,Spencer Horwitz,3,2024,2026,1200,2418,598,24.731182795698924,0.09360183888137097,0.01188974801333289,13.49032209004544,11.076785966868968,3.6138029827006553,128.42351787315988,134.61675726045254,9.273176711737548,8.305457459229054,38.97049624996873,11.299863567117455,13.169888642808708,0.19782329790047415,90.0,17.0,73.0,55.97389965105984,82.95454383115072,78.57362678529475
673548,Seiya Suzuki,3,2024,2026,1796,3863,819,21.201139011131247,0.1217231407243804,0.009992368379706195,12.53672526250185,11.0629735744781,2.8258975099158414,128.49916117754412,132.29567091427174,7.279752415942243,6.786054496182697,38.818593661609796,9.799663386234554,12.59219842013543,0.1310366344684456,32.0,18.0,14.0,99.69125225326755,137.21784987235642,129.02491132272965
805808,Kevin Mcgonigle,1,2026,2026,632,1273,251,19.7172034564022,0.12997448441730083,0.015177696450418342,13.820656376562308,11.057586406282404,3.8704362626075697,125.77763351116359,132.21894922352465,9.02282684846402,7.966178652481063,42.89604940458815,8.56225643667189,14.15263028310672,0.2205023013695818,14.0,19.0,-5.0,32.62359558874251,47.181353638721475,41.6425057020369
663656,Kyle Tucker,3,2024,2026,1488,2930,589,20.102389078498295,0.1261344419602307,0.010044330220165576,12.060685182660757,10.880906199789345,2.552278469935027,127.7441957652223,130.75240284462097,6.507813983233341,6.141064229086633,39.21867583355469,9.441023785354021,12.212224430853444,0.10953466414715703,20.0,20.0,0.0,74.29318631457588,104.20368556757455,97.70692530225385
664023,Ian Happ,3,2024,2026,1898,3888,891,22.916666666666668,0.10959737469371006,0.009346956257609998,12.211549247981669,10.86389149540369,2.7302543129175336,128.037668344015,131.51572048803797,7.046274804271121,6.597237235870892,38.74748556872323,9.958542521333522,12.030053823279212,0.12339276687787956,55.0,21.0,34.0,97.65126085209566,136.28046163987767,129.15345036124737
665877,José Fermín,1,2026,2026,330,663,145,21.87028657616893,0.10173530251703018,0.02341904201533082,18.006087375311076,10.810470423023904,6.326482941224061,125.20155252774308,141.97609715869348,14.748404641074902,11.130337424636789,42.89604940458815,12.782019539913913,17.62378252589172,0.43045692988230766,41.0,22.0,19.0,14.751618864969377,24.654966921390468,21.781729611922028
641487,J. P. Crawford,3,2024,2026,1520,3038,611,20.11191573403555,0.12637041345544642,0.010116676522931915,11.971143190248277,10.780458504247607,2.577580892547712,127.93511481927283,131.02050431396574,6.679216673475754,6.295940631412318,38.59106566768079,9.788753249194102,11.42413787710299,0.11147391153476727,21.0,23.0,-2.0,77.21232262127776,107.53921870324007,102.01049751923615
669257,Will Smith,2,2024,2025,979,2056,481,23.394941634241246,0.101699261538755,0.012034572581885655,13.230439808995278,10.733226846105088,3.7421835021950423,129.0893764852069,135.8573661199003,10.142130258952317,9.019447153258566,36.89741116164298,12.509760314919973,13.243852157808139,0.20913661639260564,67.0,24.0,43.0,48.91734480014115,70.50501242181845,69.32910371398557
694497,Evan Carter,1,2026,2026,412,822,168,20.437956204379564,0.12183163111185899,0.017377094923923225,14.538159697885057,10.642076028739488,4.696967896558843,124.8089886515312,133.8916051703588,10.949651452183511,9.199781325915364,42.89604940458815,9.466984395102031,14.491674402190492,0.2940817349745597,25.0,25.0,0.0,20.46771402679231,30.450583686006716,26.968376644762373
605141,Mookie Betts,3,2024,2026,1633,3035,642,21.15321252059308,0.10382885840463688,0.011503187450972448,11.772892190071627,10.437633072880642,2.7802625058208568,127.03186429585298,130.4899800394969,7.200452271067968,6.726265639722421,38.6123315752288,10.18224518047383,11.17344271408273,0.12737333875365803,31.0,26.0,5.0,66.65812709577688,98.70001533975515,94.37080439529981
657041,Lane Thomas,2,2024,2026,900,1793,395,22.03011712214166,0.1143440024998489,0.013412560762165892,12.719420102619663,10.388093185593972,3.683695937508044,126.47961526146477,132.42224965149381,9.389870635806822,8.377672803569556,39.23052915618281,10.424641286183808,11.917738807975521,0.203973416707433,44.0,27.0,17.0,45.16588098744032,64.24501114136982,60.80284291671603
669003,Garrett Mitchell,1,2026,2026,472,975,220,22.564102564102566,0.10611015529314678,0.01991213749777478,15.725343719229613,10.158218635447813,5.7657337308549685,123.68101206625637,136.65918875398262,13.441176543959939,10.535211563238452,42.89604940458815,10.881922373297327,14.200903759081948,0.3856555320837108,47.0,28.0,19.0,23.344234164492292,35.714837890286255,31.904679764819523
673490,Ha-Seong Kim,1,2024,2024,469,926,174,18.79049676025918,0.10247479561913958,0.027254361002155034,16.15813421486612,10.039563474825204,6.085398747700167,127.41234122180879,144.11868003189306,16.615764954424897,12.746376755975925,36.62424669819118,16.15813421486612,15.782040625481091,0.4115184896479291,7.0,29.0,-22.0,17.830614437730286,30.460889349017304,30.460889349017304
621493,Taylor Ward,3,2024,2026,1917,3847,733,19.053808162204316,0.13627208493594758,0.008238971225575473,10.682131717499926,9.959406271408744,2.1011120019332266,125.6908612876839,127.55517314309148,5.419939253459035,5.207236275454989,38.766338581973685,8.260892002809843,10.456776638929028,0.07694893018822976,8.0,30.0,-22.0,99.88743825804958,134.01684909546185,126.28098820702704
805300,Jakob Marsee,1,2026,2026,556,1080,231,21.38888888888889,0.11558369772196803,0.020422098849090395,14.405561081438917,9.851170697478253,5.3076919855890985,122.96521669061808,133.5824890203015,12.373381836466715,9.996841594443055,42.89604940458815,9.781704022683963,13.122846236465017,0.34724712915167166,36.0,31.0,5.0,26.699834173774615,40.04898744257468,35.764213234795086
805367,Chase Meidroth,2,2025,2026,1085,2152,553,25.697026022304833,0.09601696961891618,0.012524173696736219,12.005177036373814,9.671034188197053,3.8403605088627333,124.02079213831405,129.81830655984447,9.53863875614934,8.435995435703951,40.26109602260534,8.397729887600216,11.488422121315805,0.217832315687146,114.0,32.0,82.0,53.097384199260645,74.80674600670329,68.2832790793377
686555,Isaac Collins,2,2025,2026,919,1752,350,19.977168949771688,0.1298860088431605,0.013594143797358679,11.426118746901157,9.644920202515454,3.3600217353824897,124.00832351290096,128.44211767567353,8.363831648125288,7.593486780096734,40.17323490885452,8.38671892597768,11.114755646373798,0.1757253998233374,17.0,33.0,-16.0,45.46010309510618,62.96110830910978,58.30576091672866
689414,Liam Hicks,2,2025,2026,894,1683,387,22.994652406417114,0.10162522738893237,0.017294633292539822,12.745600456631163,9.553894201022377,4.522474393727984,123.63652246683377,131.5328666204207,11.188690743675272,9.503066269846977,40.42005000705237,9.401762722642939,11.914545726334534,0.2786118973657452,57.0,34.0,23.0,39.328962999516826,58.319907679897256,53.337589456254804
650490,Yandy Díaz,3,2024,2026,1882,3584,905,25.251116071428573,0.09430796800874752,0.009642698702723662,10.626176628929894,9.42340737763439,2.7984133832118796,124.23903922742258,127.33282153942191,7.198123677769412,6.718487711719257,38.87698389865767,8.727383748335628,10.399357756044072,0.12882692272742308,105.0,35.0,70.0,85.34871104791651,118.67948507399328,112.72360473852926
699013,Esmerlyn Valdez,1,2026,2026,281,660,138,20.90909090909091,0.1300503990566693,0.021866783195538357,16.212592797588126,9.310771902823292,6.750418208392944,121.70542982876044,137.79507209317518,15.736689746704089,11.537218153595111,42.89604940458815,10.042880470611694,16.761891908741067,0.46250374338767497,29.0,36.0,-7.0,17.946955069820362,25.5398526966908,22.650370756890172
663697,Jonathan India,2,2024,2025,1196,2333,437,18.731247321045863,0.14106659335530639,0.01123856612496204,10.3864892753962,9.299720808233724,2.6805057296441723,125.19453280034136,128.13877428424263,7.2619480648526755,6.814364859268301,36.91166207339921,9.535142448651204,9.223025256437882,0.11946932720073045,6.0,37.0,-31.0,61.646101296268895,82.34983658522532,80.65281857724696
694384,Nolan Schanuel,3,2024,2026,1607,3048,738,24.212598425196852,0.09226051089296416,0.01130780003566793,10.833459641984982,9.291487492273024,3.1945508846693618,124.09025981314946,128.08816754773915,8.282587783927033,7.584013835998077,38.569478139049984,9.149250821956647,10.881184653766688,0.16157129576727586,85.0,38.0,47.0,68.08825703900756,97.10387311345734,92.59300049048144
457759,Justin Turner,1,2024,2024,536,1136,286,25.176056338028168,0.09592180728842593,0.016461824583835778,13.42246295901647,9.151370928261262,5.363856644864417,124.9871922381771,136.64911682587422,14.64564360617779,11.789204563124773,36.62424669819118,13.42246295901647,12.091200502400685,0.35203420049513195,102.0,39.0,63.0,27.433636884489818,39.4243704612112,39.4243704612112
664761,Alec Bohm,3,2024,2026,1665,2889,776,26.860505365178263,0.08257675757739041,0.013010175358361053,11.073586540954858,9.101633403402484,3.65623569956642,123.38070456673299,128.44635066398388,9.39231047099168,8.392572844771445,38.92796890454985,9.083183179173192,10.568008933629052,0.20155435085951942,149.0,40.0,109.0,64.07956388005496,94.8087665312047,89.28539720226057
666158,Gavin Lux,2,2024,2025,993,1962,420,21.406727828746178,0.1135020079711033,0.010888783500552255,10.371343240998808,9.093217346772358,2.945145650199641,124.61967609739196,128.08017245721052,7.973913874751378,7.391522527018015,36.93475621206743,9.634433561611667,10.238863209686336,0.1407397361450002,37.0,41.0,-4.0,47.67084334786338,64.83541641171641,63.61583089233069
573262,Mike Yastrzemski,3,2024,2026,1386,2845,679,23.866432337434095,0.10989217440700898,0.010053533890623176,10.466209101977487,9.091503610784017,3.0547275968675978,123.61870502091749,127.19003544954107,7.935839121714886,7.317301586254329,38.49281153531613,8.315266639718953,10.364944767800164,0.14980959366097535,72.0,42.0,30.0,74.6167864223591,98.79372944792709,93.82505236010988
683737,Michael Busch,3,2024,2026,1797,3628,875,24.117971334068358,0.11198452845953016,0.009550553879905988,10.215715162465587,9.036415911089128,2.83934646377685,123.12964912840084,126.14818857701678,7.267603451113051,6.770498459208536,39.06853865756802,7.759777915767191,9.960600061460518,0.13212167479660142,82.0,43.0,39.0,97.98646240208889,128.58252931367332,121.22699725981163
672580,Maikel García,3,2024,2026,1605,2895,616,21.278065630397236,0.10743101084077185,0.01330706338076215,10.188296251884266,8.804867260737385,3.1222986391847662,123.11825350197356,126.75061514607569,8.197976109351977,7.533807422705401,38.086212957158445,8.67397478560576,10.570262445276287,0.1554687337659415,34.0,44.0,-10.0,66.17750267791546,93.43119515170586,89.38038522941086
646240,Rafael Devers,3,2024,2026,1931,4138,1182,28.564523924601257,0.0947041361969163,0.00936160612291011,10.507129496428025,8.790255099643856,3.481672338036323,122.61648376995672,127.0338370196362,8.958009185500899,8.080764390381598,38.86658593375444,8.19783549229019,10.57327926825119,0.18626708795677685,204.0,45.0,159.0,111.94028898475506,145.75573408075925,138.32365621077565
686217,Sal Frelick,3,2024,2026,1466,2721,696,25.57883131201764,0.0911128492713682,0.010660409441217005,10.024109991630946,8.713133814720258,3.0581611346825643,122.71131800991992,126.12845786916854,7.971284675786097,7.348746406700279,38.36472110916024,8.341929174291044,9.969932509708679,0.1500959803694527,110.0,46.0,64.0,63.41454309287227,87.90678517242388,83.79665670872339
643565,Mike Tauchman,2,2024,2025,735,1514,354,23.381770145310437,0.11512218871925696,0.012450979134827657,10.573313050402803,8.552539003872498,3.8385849504445853,123.15100720059009,128.62107339740086,10.390728155414578,9.190510819571577,36.94240570083926,9.860805922049884,10.508187886342668,0.2176747715658095,66.0,47.0,19.0,40.753254806616965,53.7055632933604,52.83274206112807
805811,Bryce Eldridge,1,2026,2026,416,935,232,24.81283422459893,0.12047636898047218,0.01567036224242924,12.487383589602787,8.456228500322126,5.457903940353711,119.71330371373932,129.11080102464433,12.723558500401055,10.178814324108515,42.89604940458815,6.196264725013473,12.252147796828137,0.3600040839091382,92.0,48.0,44.0,27.950517603469546,36.60843689226081,32.24659447947889
680977,Brendan Donovan,2,2024,2025,1159,2104,509,24.192015209125476,0.09304818912547165,0.011499082613556748,9.59639830174024,8.32447076404825,3.0943672069879455,122.5635503910337,126.01112104193956,8.387309221479061,7.718495695940342,36.893443716890516,8.98377907606025,9.45090923654718,0.15312361450330156,84.0,49.0,35.0,47.36152826486507,65.8985709843933,64.71519484678812
681082,Bryson Stott,3,2024,2026,1673,3452,948,27.46234067207416,0.09764899908198504,0.009911371668532029,9.792856614448896,8.276861050622838,3.389723400445769,121.3024208336248,125.20418688781037,8.724239049590864,7.908369846961026,38.85408665647161,7.548043033645688,9.091271598768158,0.17828951404009463,169.0,50.0,119.0,92.57125112972182,119.87699965634349,113.61771112187054
677951,Bobby Witt,3,2024,2026,1938,3764,1200,31.88097768331562,0.06967373146312718,0.008807292945663405,9.666341133264188,8.235398000972834,3.3030788525184107,121.31325368368815,125.01654209571805,8.54838558047034,7.784061427972132,38.63979720410169,7.892945183723978,10.679111161809281,0.17082862098655605,296.0,51.0,245.0,83.60847775575262,114.83075961619595,109.10269069918107
457705,Andrew Mccutchen,2,2024,2025,1063,2134,409,19.16588566073102,0.1367359882898122,0.01330016585224852,9.49340936627919,8.156589593062115,3.210865817962939,122.08089336334432,125.69982925825855,8.692209522317087,7.952510908616051,36.93958146912014,8.740576646272197,9.619965733597867,0.16295621820758158,9.0,52.0,-43.0,55.92501921053319,72.74417613779116,71.41040750217877
668885,Austin Martin,1,2026,2026,336,648,116,17.901234567901234,,,11.857660188153035,8.151314061627572,5.34842125946887,119.00248198790005,127.64277912008546,12.468330612508117,10.04671585923106,42.89604940458815,6.156497969901453,11.802841603609261,0.3507206055705233,2.0,53.0,-51.0,17.802885226137573,24.443174931503272,21.250524089282386
701762,Nick Kurtz,2,2025,2026,916,1960,450,22.959183673469386,0.1162461401083682,0.012511969224219896,10.069684591834376,8.15025244488984,3.849218826152124,120.43693194885296,125.2499490219795,9.651998356889896,8.53196010927393,39.88001949258965,6.41631117809734,11.072670579174256,0.2186184473450807,56.0,54.0,2.0,52.31076304876569,67.68381485896617,62.106331447327634
608324,Alex Bregman,3,2024,2026,1778,3378,768,22.735346358792185,0.11415111981660427,0.010172945970669159,8.962565365384156,8.033226617779409,2.7015271370131924,120.55099992168766,122.92848053290014,6.911181101043322,6.479125733349317,39.0892250907065,6.7497936520028405,8.77268266806705,0.12112265642021583,50.0,55.0,-5.0,87.66806001915208,114.2271287185738,107.66994854125383
691026,Masyn Winn,3,2024,2026,1661,3250,885,27.23076923076923,0.09119215606624585,0.010268474501520627,9.153666742195336,7.8171982224609184,3.2928504241590075,120.2108154516769,123.66616068415645,8.513432861588969,7.756331666008061,38.6782920320631,7.257135903570159,8.934077476481102,0.16995179994694343,162.0,56.0,106.0,80.70505811862758,106.04545888327166,100.79522934501097
702332,Caleb Durbin,2,2025,2026,1026,1758,467,26.564277588168373,0.08669157620926204,0.013976648567805613,9.60796984162841,7.815271940632838,3.814259912542278,119.46873487026708,123.93455005905257,9.501757012125246,8.41580334241072,40.14268000828562,6.613167562148718,9.123631251575658,0.2155173970869816,142.0,57.0,85.0,40.484966089725376,56.91459451890996,51.79348262099968
592192,Mark Canha,1,2024,2024,460,954,229,24.0041928721174,0.09994770155562346,0.0193401099643002,12.1252330129404,7.749727655624931,5.989119713365783,121.16010117419748,133.1071192067392,16.352881638003975,12.626535467808944,36.62424669819118,12.1252330129404,10.926322675624654,0.40381668256163,76.0,58.0,18.0,22.888023656237774,32.18403563282541,32.18403563282541
502054,Tommy Pham,2,2024,2025,926,1643,316,19.233110164333535,0.1179305887727876,0.014938484861626685,8.980847355196895,7.740677681785414,3.1907579794299146,120.96666177211017,124.32582735830073,8.642595144969022,7.915174932001216,36.91898007379532,8.305615277314025,9.024021692069175,0.16124968455136057,11.0,59.0,-48.0,37.266066052200884,51.12650713705476,50.0843989635222
641598,Mitch Garver,1,2024,2024,431,902,182,20.177383592017737,0.13151584558080165,0.016059480286593132,10.190650667766407,7.696012587194333,4.541149797536394,121.01343585470778,127.82487446566296,12.399298844174385,10.519170539213068,36.62424669819118,10.190650667766407,9.286960541178168,0.28027143862069037,23.0,60.0,-37.0,23.9358838957059,31.256167958718102,31.256167958718102
800050,Chase Delauter,1,2026,2026,498,1005,217,21.592039800995025,0.12286350467156953,0.020350963769321433,11.376972046716846,7.661898558451092,5.5565496618647465,117.8615482423227,126.52219074864263,12.953523084273632,10.295411476134822,42.89604940458814,6.544973101286638,11.69437943059208,0.36829893270943515,39.0,61.0,-22.0,26.661380513730588,36.10426731250557,32.0937081877985
660670,Ronald Acuña,2,2025,2026,810,1779,461,25.913434513771783,0.1136178652670559,0.012560938581529372,9.877715506716441,7.608650878620892,4.360809691435015,118.99719072740075,124.66256481281849,10.888018750717645,9.339497472838545,40.051452805843006,5.9106862830905715,10.56697834113858,0.2642177653947897,121.0,62.0,59.0,52.37783588811277,65.71275182217997,60.35726237028504
545361,Mike Trout,2,2025,2026,1108,2466,519,21.046228710462287,0.1512303821157287,0.01058653350817267,8.698887249980213,7.438519423749666,3.294724652220005,118.5635614464785,121.7089341012428,8.222311463681391,7.490375008946667,40.0705405867081,4.600050012087457,8.89285102347538,0.17011240124451787,30.0,63.0,-33.0,78.4885683180632,94.55251343969333,86.9833273403847
666397,Edouard Julien,2,2024,2026,577,1174,214,18.228279386712096,0.14993925380490317,0.01552067926604785,9.169490817381886,7.430659740178158,3.8723706482949134,118.75279571602209,123.14109300262216,9.772722509623817,8.627304337842086,39.624277108876726,6.582667732401279,10.245311355688322,0.22067411352569347,5.0,64.0,-59.0,32.08700031424928,40.90499398363153,38.417332450241844
657656,Ramón Laureano,1,2025,2025,485,938,243,25.906183368869936,0.09334824699105147,0.018088772219893717,10.882672632381475,7.351101415133001,5.554741874942416,119.74254961041022,129.2271446420737,14.918140948690699,11.858303131956916,37.23481293042705,9.337511455850164,10.420827447719171,0.3681475356198056,120.0,65.0,55.0,22.68362401882551,31.480451063333867,30.231445778971057
678554,Curtis Mead,1,2026,2026,331,734,185,25.204359673024523,0.1077342442603923,0.022939133803957037,14.171320298527629,7.299250804240326,7.781964326881353,117.0161376293538,133.03642292292741,18.14144760391151,12.390951572343363,42.89604940458815,7.687501074950006,14.658221940768643,0.5334851833337191,103.0,66.0,37.0,19.930835188172576,27.748680219526985,24.171773281186663
607043,Brandon Nimmo,3,2024,2026,1900,3643,937,25.720559978040075,0.10340410529028672,0.008649776608395325,8.057414481840539,7.277031747858746,2.627263642049945,118.76952635679315,120.78235449900478,6.776457199078583,6.37378907668321,38.77046021049439,6.174726715997704,7.822043597836355,0.11531232711237185,115.0,67.0,48.0,96.88964665699866,122.40479251616037,116.44294792432473
593428,Xander Bogaerts,3,2024,2026,1564,2893,698,24.127203594884204,0.10652794105424855,0.010746086607400198,8.167014754264601,7.178286283496066,2.981944700313834,118.39474071941692,120.92841005822669,7.64139203085636,7.070786377621136,39.02357958173822,6.10775116612363,8.12936755712277,0.14376993970823956,83.0,68.0,15.0,74.35650285586549,95.64518798198188,90.27737422889442
668939,Adley Rutschman,3,2024,2026,1363,2812,736,26.173541963015648,0.09943242982926068,0.011087884075992623,8.636125614823275,7.121412497505535,3.708803157807801,118.52577014000069,122.46617199838222,9.648147024220684,8.596124814990208,38.44057463570187,6.8114279561454625,9.080516972674062,0.20618810971034268,129.0,69.0,60.0,73.18226835433586,92.80066704267607,88.65556219471297
702616,Jackson Holliday,2,2025,2026,977,1764,421,23.866213151927436,0.10905204319392846,0.011709085714516447,8.130372582074632,7.0506275184387395,3.1505118944698083,118.00531495351846,120.76267944191737,8.045519179163243,7.383290228470738,39.158590319804205,5.848618089311455,7.682425444827899,0.15784558107082944,71.0,70.0,1.0,45.91091018464388,59.149866872455405,55.434409973406034
803011,Sam Antonacci,1,2026,2026,495,970,212,21.855670103092784,0.12749035962125424,0.01710906509651834,9.187143278891643,7.004850083920507,4.496861299478151,116.32982566261981,121.41722467782543,10.48315954941335,8.917869303245654,42.89604940458815,4.852591746007247,7.718420966200669,0.27633458901411767,40.0,71.0,-31.0,27.027956239705897,34.6073494447915,31.031344430161877
701350,Roman Anthony,1,2025,2025,303,647,132,20.401854714064914,0.11488142293064803,0.028506800179870815,12.820158466073108,6.974279679939948,7.379764775173322,118.73053503174927,134.4305703644261,19.81952961322071,13.91605646091321,37.23481293042705,11.450299839554328,13.686046517966291,0.5070014086643122,24.0,72.0,-48.0,15.164347826845539,21.63852785221246,20.946749245820474
668930,Brice Turang,3,2024,2026,1886,3739,954,25.514843541053757,0.11137307277385501,0.009503894149030558,7.8888062320296966,6.961581465560235,2.9423595899742203,117.90740078513439,120.29251767175191,7.568684312941788,7.016823569949041,38.87544344983503,5.508270385833577,7.555476595115783,0.1405109839260444,108.0,73.0,35.0,106.24991142625768,131.04705901560436,123.56424133906123
663368,Blake Perkins,1,2024,2024,432,857,206,24.037339556592766,0.08938121768891838,0.021963486076627285,11.284171152143848,6.953224194988262,6.3637757890621165,118.9853029668776,130.81065733619897,17.375854420990493,13.079978244331775,36.62424669819118,11.284171152143848,11.025062013164142,0.4333411124769265,77.0,74.0,3.0,18.412530843917185,26.537134073460756,26.537134073460756
621566,Matt Olson,3,2024,2026,2022,4495,1224,27.230255839822025,0.11188312912575199,0.008720468491647492,7.979211247827344,6.899716028866035,3.192237432672893,117.7943887124416,120.57841017927532,8.232790089003677,7.5392980908761755,38.774672962167244,5.582597816993898,7.847446541620811,0.16137511548855255,161.0,75.0,86.0,136.94495004992044,163.83489195509858,155.75830469318987
672386,Alejandro Kirk,2,2024,2025,890,1756,504,28.701594533029613,0.08304961733934313,0.013985507104932904,9.219135810185858,6.8368416172148,4.769029554316336,118.49259866266675,124.93633582575794,12.899486999421843,10.78907143379837,36.97069158277445,8.358431228970213,9.392906816980338,0.30044275494322487,211.0,76.0,135.0,41.85700713902894,55.532058590804624,54.25534679533475
660271,Shohei Ohtani,3,2024,2026,2011,4182,1149,27.474892395982785,0.09553451669360447,0.008524251759320858,7.741607180625469,6.812979924470799,2.983933617409574,117.6278344627892,120.03055511228534,7.720599273559941,7.143393783705831,38.64898969213944,5.833719635401236,8.657222872025486,0.14393417525162114,170.0,77.0,93.0,109.76915968095153,135.71644641468123,129.32184332560468
677649,Ezequiel Duran,1,2026,2026,529,1095,389,35.52511415525114,0.07405191627791127,0.014196411672045642,10.832787585082803,6.739578276780788,6.306750204187585,115.71141951375114,125.25357867553214,14.70240334885715,11.110525133664906,42.89604940458815,5.568556638661471,11.278051443781816,0.42892584465306377,362.0,78.0,284.0,28.806195432107483,38.35710315295549,33.71580620186068
641343,Jake Bauers,2,2024,2026,864,1843,378,20.510037981551818,0.15616785951421874,0.011027784970043081,7.794553433673314,6.700281447372793,3.272711867712493,116.59125144295841,119.30089010728888,8.103896220488261,7.390877744371033,40.38442470966529,4.248911937409453,7.210132538130799,0.168228002156942,26.0,79.0,-53.0,59.031450896374686,70.25560784086426,65.1498840862443
691720,Kyle Karros,1,2026,2026,408,887,220,24.80270574971815,0.11254665510285598,0.018173567940247274,10.226242867880012,6.591912653112393,6.0249139832665906,115.36717890017938,123.83959131394094,14.045381956833925,10.818691297305746,42.89604940458815,4.426012940725405,12.06150653140888,0.4066890696903762,91.0,80.0,11.0,24.760264122628318,31.714109272786725,27.769952922321593
518595,Travis D'Arnaud,1,2024,2024,339,673,186,27.637444279346212,0.07741064221481517,0.020386304351688027,10.93615811526248,6.457717524367104,6.774368500352675,117.63235590231551,129.86043154794118,18.49694972889982,13.538641531917282,36.62424669819118,10.93615811526248,10.754700193580705,0.46426509100518526,175.0,81.0,94.0,14.398379451955622,20.577308787078923,20.577308787078923
667472,Dane Myers,1,2026,2026,297,629,163,25.914149443561207,0.10991148860011866,0.017337668888198522,9.95905892769865,6.3688306023294246,6.118343522032964,114.84712622894409,123.21672756800172,14.263186486768983,10.917293057544548,42.89604940458815,4.795900493403565,10.225029985049115,0.41413599544058477,122.0,82.0,40.0,17.91557264181934,22.845306811030174,20.289543386054106
700337,Edgar Quero,1,2025,2025,404,703,135,19.203413940256045,0.1321724818959674,0.021534880563323377,8.437502556697948,6.32606875587356,4.711916052636423,116.98966171172599,122.6602523086751,12.654598430346892,10.62230697049683,37.23481293042705,7.22024041434912,7.094588290530944,0.29540272507535353,10.0,83.0,-73.0,17.843285055955597,23.52453677746555,22.70491360161734
650333,Luis Arráez,3,2024,2026,1939,3352,1157,34.51670644391408,0.0682709545395636,0.009528628037426908,7.400614786891576,6.314703644614917,3.3829574833227825,116.29368977173164,119.09564220967563,8.728970169680984,7.915473072461758,38.75551660232583,5.7115347775292475,7.212952424134706,0.17770484203740938,345.0,84.0,261.0,78.98949440227508,102.90581452191303,97.44727095832377
656555,Rhys Hoskins,3,2024,2026,1163,2475,572,23.11111111111111,0.12705227693696877,0.011320402470526085,7.421592203120876,6.23639163970614,3.5621007481072224,116.19364665169172,119.27118254811091,9.24948338480121,8.307613876307533,38.511348146864954,5.375928114058056,7.518727410539168,0.19328960536151887,61.0,85.0,-24.0,72.67390240794614,87.05942196166211,83.09424306902868
808982,Jung Hoo Lee,2,2025,2026,1153,2043,551,26.970141948115515,0.097047450236725,0.01140012330266308,7.2006121100630915,6.195437071122271,3.294097616618698,115.53660235163746,118.05732925024613,8.260770659011888,7.525654254251455,39.876395951327886,4.523253911283982,6.78754992148994,0.17005866774697226,153.0,86.0,67.0,53.47314508043547,67.31032135194005,62.165331346619524
656305,Matt Chapman,3,2024,2026,1527,3063,715,23.34312765262814,0.12446291318974205,0.01013905660931574,6.975883017694527,6.174826297358446,2.9468736572151384,116.13595633777801,118.2292648198249,7.70072263994107,7.137694827940461,38.26749507806828,5.213295064485199,7.653212379821634,0.14088166340837285,65.0,87.0,-22.0,88.99098293066557,106.74460521069814,102.2588188697804
655316,Andruw Monasterio,1,2026,2026,327,679,181,26.656848306332844,0.10628266693775362,0.020778893967481848,10.87917334668433,6.172795748927491,7.144363572766285,114.390126444295,125.3617139519629,16.65506188083168,11.884832162614483,42.89604940458815,5.231131908778013,10.679570660556125,0.49079389161046083,145.0,88.0,57.0,19.237162715733405,25.166312189676365,22.08812960601742
665489,Vladimir Guerrero,3,2024,2026,1906,3594,948,26.37729549248748,0.10005729282001616,0.00899504048546907,6.87831138774725,6.169084680142549,2.774455736039279,115.96440797654446,117.79975067244035,7.179759328894726,6.708718513828863,38.642740082854374,5.170140927206415,7.096826787174566,0.12690929072018511,136.0,89.0,47.0,94.85431359337532,116.70441610178575,111.27812793880103
592450,Aaron Judge,2,2024,2025,1331,2870,594,20.696864111498257,0.13392130331642038,0.011753849602117113,7.101361503557887,6.10681125659855,3.3066475429920854,116.54039695727676,119.23415237028223,8.95610829625619,8.153823447157619,36.92058462908853,6.344094379587982,9.386112968928467,0.1711347461644785,27.0,90.0,-63.0,79.54925416995371,95.30244110534629,93.62257020200639
542303,Marcell Ozuna,3,2024,2026,1554,3642,912,25.041186161449755,0.12193915056371073,0.0096134602620367,7.002345334446422,5.927868007625754,3.5026241952202772,115.60867270557766,118.4378795810231,9.222761809726556,8.310252348873728,37.978040282102064,5.266902345552934,7.78496506597094,0.1880927145968122,98.0,91.0,7.0,111.20850531410419,129.34457973032042,124.84978238908629
686948,Drake Baldwin,2,2025,2026,987,1961,623,31.769505354411013,0.08838465900192992,0.012436394112713814,7.804997947693358,5.847457880893642,4.76922693795833,114.49825627255564,119.35180428099733,11.824877712146682,9.890150197052355,40.332145955803945,4.3459619591453515,8.219018174750843,0.30046015274269156,292.0,92.0,200.0,55.06364255820234,67.90286418215791,62.21274998099644
656716,Zach Mckinstry,3,2024,2026,1231,2281,633,27.75098640946953,0.09665382983624346,0.010599993982280044,6.747313119697413,5.791839645350174,3.352495572841265,114.89104736005794,117.347607214785,8.619397878123673,7.8285928272558065,38.894776877048606,4.708944081327625,6.168868383196377,0.1750767311381598,179.0,93.0,86.0,61.18187428634211,75.02511170358797,70.84305789319929
571970,Max Muncy,2,2025,2026,879,1882,439,23.32624867162593,0.12786381971118252,0.013190511829754913,7.000987755449127,5.621779143049632,4.10615617968825,113.91185132315773,117.32488920157428,10.16123771993296,8.849645501837893,40.41000016792582,3.4567036653134577,7.092410864340616,0.24149486574732187,64.0,94.0,-30.0,56.13221685320913,66.3886639149421,61.196287722893345
670770,Tj Friedl,2,2024,2025,1020,1841,368,19.989136338946224,0.12420476189978988,0.010987977261585444,6.144899250505159,5.600991905952622,2.5848030661555974,115.12429131548583,116.59299779922532,6.979712740550596,6.577136352784817,37.03308663605108,5.436298130651209,6.314039334605163,0.1120293877303883,18.0,95.0,-77.0,45.707352379122675,56.153681104981445,54.94905920122973
680777,Ryan Jeffers,3,2024,2026,1248,2593,742,28.615503278056305,0.0969487273359721,0.011154253599855774,6.893712541781094,5.561907937569404,4.0631499503054345,114.45268726965396,117.91339817407939,10.558145913349486,9.218545381694824,38.48355557549245,4.790237469416952,7.644288840678935,0.23765865031121133,207.0,96.0,111.0,71.9359556832913,86.27487777019597,81.89964961967856
671289,Tyler Freeman,2,2024,2025,807,1442,393,27.25381414701803,0.09168550783224381,0.014026093611926117,6.912995495083635,5.55274528111652,4.11072317447811,115.0288216858494,118.71041644283771,11.125906639228726,9.687193829457533,36.94730962404584,6.274944976673422,6.2468460650862685,0.24190233942311495,163.0,97.0,66.0,36.03240457807182,45.33038351895931,44.47220557169757
608070,José Ramírez,3,2024,2026,1796,3847,1159,30.127371978164803,0.09547025413057458,0.008387215385619469,6.322625938178792,5.480233817698115,3.262807220642076,114.23652982057412,116.42489275229975,8.476107742966063,7.734273165415912,38.49416878106265,4.42111327516503,6.655313537008702,0.16738146131921985,255.0,98.0,157.0,110.65002453733594,129.57575151228446,123.88389027432993
453568,Charlie Blackmon,1,2024,2024,498,945,278,29.417989417989418,0.08590898417547917,0.020256236224207885,9.114704571955633,5.447948614817003,6.833682268111505,114.87525097706943,124.88707726077489,18.658901913876118,13.601761362779875,36.62424669819118,9.114704571955633,8.277696025594986,0.46860417410415134,229.0,99.0,130.0,23.882697600783207,31.447902395506382,31.447902395506382
621043,Carlos Correa,2,2024,2025,954,1875,518,27.626666666666665,0.09905409493492272,0.012945197335772783,6.776922151265333,5.372113003512979,4.268933129852037,114.51849819210925,118.31508978624804,11.537080081424676,9.95121155030544,37.001850552508955,5.850587050081062,7.292628798811445,0.2560219826554795,174.0,100.0,74.0,51.310021176289965,62.085327396801844,60.612454585918854
670541,Yordan Álvarez,2,2024,2026,1220,2527,758,29.99604273842501,0.08962524615670187,0.010473484506739112,6.531311962419018,5.346311903503995,3.9332057635487114,113.46904783517522,116.45443715893522,9.908987266549751,8.71719297216849,39.693317366813304,3.8987344842442555,7.559966510087626,0.2260822998499797,248.0,101.0,147.0,67.93593658678002,81.21627091036535,75.86336337141
543807,George Springer,3,2024,2026,1659,3170,732,23.09148264984227,0.11867554583475054,0.008731515202908113,5.717587758775066,5.25713351574472,2.479178583839714,113.62333981627272,114.81656129407237,6.424545279613215,6.081322350015079,38.589168196958695,3.743331807001035,6.146102801947255,0.10399329352796113,58.0,102.0,-44.0,86.8704995510374,102.67962970405046,97.22081199739526
680474,Max Schuemann,1,2024,2024,461,892,192,21.524663677130047,0.12615521266472707,0.016372190710946016,6.6911984320551365,5.212255791387681,4.4684880434167935,114.23170784737289,118.26985954740636,12.200900895628486,10.397213170661313,36.62424669819118,6.6911984320551365,6.4387740485065805,0.2738102786157,38.0,103.0,-65.0,24.221800831627597,29.362871626923294,29.362871626923294
668227,Randy Arozarena,3,2024,2026,1946,4092,1103,26.955034213098727,0.11052588437152094,0.008715992050922779,5.856767051769902,5.172315387887782,3.0554754272950833,113.34419170449239,115.11002644780483,7.882900943293364,7.268222941189959,38.76079947312581,3.6828639259015774,6.089027200879893,0.14987195820673432,152.0,104.0,48.0,121.9100504617876,140.90549826636132,133.85480579479506
691594,Javier Sanoja,1,2026,2026,422,752,289,38.430851063829785,0.05686661035239677,0.02224114476904641,11.165831728953087,5.137336575430934,9.109134303171366,111.97624640669461,126.0299768485412,21.235368826755074,13.254335657469712,42.89604940458815,7.220492162272493,10.852500743978883,0.6104203057981833,386.0,105.0,281.0,16.434450391842667,24.28775204120634,21.512863212640987
467793,Carlos Santana,2,2024,2025,1070,2252,547,24.289520426287744,0.11450767643502881,0.013193465004477045,6.315498925046917,5.098956747358095,4.112569227890167,113.81964660516626,117.11682754019766,11.146251318599804,9.703853349807618,36.89643370078605,5.689343772416786,6.897134161213426,0.24206705109985585,86.0,106.0,-20.0,62.63569900996076,73.89833875962776,72.78169540410403
663993,Nathaniel Lowe,3,2024,2026,1566,3272,814,24.877750611246945,0.12185400930285294,0.01031205836363906,5.841158928129572,5.075007687888052,3.273983429306373,113.20790327382586,115.2018414304876,8.520668167181135,7.77047217833344,38.42402221361819,3.8416199173438557,5.027590919239252,0.1683367422724123,96.0,107.0,-11.0,99.18916357252229,114.43458837494047,109.21579155678975
666126,Carlos Cortes,1,2026,2026,340,700,192,27.428571428571427,0.10363463228360563,0.022466315460158204,9.411968781105905,5.03843533281695,7.860383592976935,111.74568614768063,121.9413417126921,18.324259930883496,12.448735496800039,42.89604940458815,3.6583145816354445,8.847549056449688,0.5384724914206714,167.0,108.0,59.0,19.89784939845228,25.231298374412294,21.9708943280457
683953,Travis Bazzana,1,2026,2026,451,929,247,26.58772874058127,0.12971525573608117,0.014126708514053453,6.4659870920594855,4.825286382557274,4.957405121860992,111.24878968933946,115.0736190903582,11.556787141640017,9.551148441695602,42.89604940458815,0.671616213208484,4.94737966563843,0.3169744321648084,143.0,109.0,34.0,32.03966816681205,36.899935131010096,32.54449968707376
802415,Chandler Simpson,2,2025,2026,994,1503,450,29.940119760479043,0.0812393485485425,0.01315457772728,5.642391931242232,4.762718525831222,3.6625014902550315,111.79180572743381,113.96975049656886,9.06782666565137,8.099828121634063,40.390069476388064,3.3802623266917666,4.891315480843691,0.2021060229712417,246.0,110.0,136.0,36.55770684684413,45.90526947960209,42.15767476806349
571771,Enrique Hernández,1,2024,2024,395,713,189,26.507713884992988,0.09280195038180551,0.01554799895835678,6.021910032902907,4.667175610832624,4.608948757784263,112.74340370545595,116.4424133621848,12.584419266736461,10.63149607272042,36.62424669819118,6.021910032902907,5.34371530065033,0.2862889705089735,141.0,111.0,30.0,17.53956862216124,21.503992727155655,21.503992727155655
810938,Ben Williamson,1,2026,2026,270,541,171,31.608133086876155,0.0804462331069689,0.02481267342541968,10.007971510350124,4.628206961574494,9.237969352394753,110.78935479097863,123.33075341264335,21.535711284887373,13.326430634811297,42.89604940458815,4.82345147830635,10.006895514250903,0.6170789460155202,288.0,112.0,176.0,13.75630586129168,18.259893040949237,15.926859026529538
641355,Cody Bellinger,3,2024,2026,1718,3303,1021,30.9112927641538,0.08635093777603108,0.009274350994914107,5.2667279646025404,4.578498184205935,3.3290421912632713,111.83826836981991,113.61777084260517,8.607646719305842,7.827479213877235,38.675404553914355,3.5129624299381077,5.889058786515199,0.1730581376034961,269.0,113.0,156.0,88.16430746932772,103.244705207973,98.22308989371717
596019,Francisco Lindor,3,2024,2026,1799,3606,994,27.565169162506933,0.10596522988516935,0.008395815727102936,5.073807674662832,4.574841201183768,2.83615429871323,111.97188743027588,113.27763121225183,7.421923189443604,6.915289398203672,38.21319927895733,3.2491720242001096,5.0600040546888,0.13186391532883082,173.0,114.0,59.0,105.32943850585833,120.5424051837224,115.07153929175166
663538,Nico Hoerner,3,2024,2026,1912,3288,1076,32.72506082725061,0.07920276549753044,0.008500031936951907,4.931191636686401,4.4301516317303085,2.9067776973215174,111.39577179580488,112.68460749076245,7.477165129644416,6.94371470251938,38.875397920491714,3.3279802981804436,4.477286553466188,0.13759792390086742,310.0,115.0,195.0,85.22217567534275,100.93623969091675,95.82733955887777
687637,Dylan Beavers,1,2026,2026,298,623,150,24.077046548956663,0.13218337189257576,0.02319213812946584,7.549531373041113,4.4191907042908,7.278312179550644,110.30209253679693,117.59959594841762,16.967325151327707,11.996745060331902,42.89604940458815,2.295628178631437,6.303920990079215,0.5000804798463261,78.0,116.0,-38.0,19.827505783886362,23.577106365830115,20.96766777927331
606466,Ketel Marte,3,2024,2026,1673,3211,892,27.77950794145126,0.10104579991312054,0.010264727864586235,5.074058823132304,4.4110286602932085,3.354043045452533,111.34564597009486,113.05103173708888,8.626963888199658,7.834831397972194,38.87860305107271,3.1779067915751087,5.490508030587076,0.1752100700031844,181.0,117.0,64.0,90.13285352250352,104.28102087433743,98.99391695967878
808959,Munetaka Murakami,1,2026,2026,470,1131,253,22.369584438549957,0.15871926754001298,0.013266041691171852,5.693744829146602,4.316380848763163,4.90922716040574,110.06242045287621,113.27335479182285,11.444473858426345,9.487455330987283,42.89604940458814,-0.32919866941481823,7.022529821501401,0.31276095544897936,46.0,118.0,-72.0,40.155974687623285,44.61607480378812,39.89810239658168
670764,Taylor Walls,1,2026,2026,409,814,200,24.57002457002457,0.1281205340494435,0.018205823505052378,6.087859261912358,4.306234964250185,5.592757664652066,110.03876819432605,114.19212106106256,13.037931796241047,10.33763858243276,42.89604940458814,0.7351600417799476,6.3676850130766,0.37132631869533794,89.0,119.0,-30.0,25.624106809888705,29.773997540092296,26.12524090503537
696285,Jacob Young,3,2024,2026,1319,2297,598,26.033957335655202,0.10558049861515907,0.011203005291604319,4.867953929303233,4.299065007382431,3.164087259472602,111.06507255396536,112.52929725989358,8.143830119577283,7.46842033342431,38.85256952826564,3.1119717946726357,4.305690534275344,0.15899206395997784,125.0,120.0,5.0,63.137138171865125,73.8385235597834,69.97828950048714
668942,Josh Rojas,1,2024,2024,475,888,195,21.95945945945946,0.13246371520773356,0.014502958567636384,5.150801150942795,4.292468404264881,3.8908016747653584,111.72029131312311,114.06391015599287,10.623567787832535,9.368567474913917,36.62424669819118,5.150801150942795,4.391480919500574,0.22231165343060558,43.0,121.0,-78.0,25.830424465508045,29.908142043337758,29.908142043337758
664774,Lamonte Wade,1,2024,2024,395,841,169,20.09512485136742,0.14644900740942254,0.0204510353401552,6.056730903021715,4.282548911784874,5.603106749177332,111.69320681753813,116.5374893658109,15.298899647959344,12.122002047034249,36.62424669819118,6.056730903021715,5.208014668271318,0.3721898768851319,19.0,122.0,-103.0,24.74988225219241,28.737230096681706,28.737230096681706
662139,Daulton Varsho,2,2024,2026,997,2035,627,30.81081081081081,0.09283867967598723,0.012635699492926932,5.565470119302246,4.274486198520803,4.786036906618753,110.76686289512868,114.01867989238077,12.055391172492776,10.072268284582314,39.70038664144907,3.3014943111497423,5.449941829853662,0.30194128026051,267.0,123.0,144.0,58.20985215684399,67.45780833841789,63.69583520387115
665828,Oswaldo Cabrera,1,2024,2024,327,664,195,29.367469879518072,0.0765263251985056,0.024615232132511825,8.57341211055042,4.240701954384222,8.81794614169685,111.57894656327133,123.40911522686376,24.076798669369918,15.324990202844317,36.62424669819118,8.57341211055042,8.535039434193923,0.5948620476943022,228.0,124.0,104.0,14.92263341370859,19.59514301395857,19.59514301395857
518692,Freddie Freeman,3,2024,2026,1853,3802,1073,28.221988427143607,0.1079780385769714,0.008081558689994538,4.683427899716485,4.218056652327111,2.901083643260489,110.85629338192332,112.05405036093008,7.466712221458427,6.935875455547497,38.853561744660865,2.4776604590201123,4.863554796168841,0.13713322695984617,191.0,125.0,66.0,115.86043539309031,130.32442189004806,123.5122767773641
666971,Lourdes Gurriel,2,2024,2025,1095,2011,680,33.81402287419194,0.07593335633913391,0.012651194944746653,5.0145802360382445,3.9212410461829803,4.690791863413843,110.6185729615554,113.57929427974804,12.702487570259404,10.676622290065009,36.928135827477526,4.476576218626244,5.615212423857081,0.2935357324460598,332.0,126.0,206.0,51.634682310611055,60.78629124138085,59.80443390960395
687093,Vaughn Grissom,1,2026,2026,399,749,240,32.04272363150868,0.08523474655840639,0.020153037981278932,6.458518223922188,3.8589073737583264,7.320296732758864,108.99595050668134,115.05620753791698,17.065200255890904,12.031191515542057,42.89604940458815,2.4899999948082634,6.551479158567078,0.5029563816704995,297.0,127.0,170.0,20.456339174017533,24.751253792925787,22.112189170565028
502671,Paul Goldschmidt,3,2024,2026,1540,3046,902,29.612606697307946,0.09907564141288981,0.008673140216057331,4.243162486566135,3.7887741324843804,3.1031194641200126,109.8963351080774,111.08320433383727,8.10539478561957,7.45582843463815,38.28461840779804,2.5127457325247016,4.152454401716475,0.1538575833193191,234.0,128.0,106.0,89.36622855442661,100.25701226994636,95.81560926790668
677800,Wilyer Abreu,3,2024,2026,1483,3006,879,29.241516966067863,0.10357308049084496,0.009418679302262242,4.231340367356267,3.685439249715535,3.473859723706137,109.34902483439117,110.73383754195079,8.812301228578576,7.952646329309685,39.420573963589646,1.6602816597244565,4.478375611325587,0.1855870522087095,222.0,129.0,93.0,91.04073775145272,101.4992006927683,95.14440058707167
678391,Jorbit Vivas,1,2026,2026,326,617,175,28.363047001620746,0.11001344180105603,0.01596592272675301,5.019933735182354,3.678624487230836,5.453035799588967,108.5756719751385,111.70255490857726,12.712209807847042,10.173001049828313,42.89604940458815,0.7487596691266025,5.412303333516426,0.35959299381561305,198.0,130.0,68.0,19.252352315184805,21.979849644633884,19.659178402076925
657136,Connor Wong,1,2024,2024,485,888,263,29.617117117117118,0.08858613193411512,0.01596071954896624,4.9238580239479735,3.6547346770552904,5.330996599053128,109.97900300086116,113.44425747380944,14.555921499175623,11.742254907483947,36.62424669819118,4.9238580239479735,4.635081270835864,0.3492358821106071,235.0,131.0,104.0,23.298152698672276,27.27827126803022,27.27827126803022
681715,Heriberto Hernandez,1,2026,2026,428,894,219,24.496644295302012,0.13237190265889057,0.01866200456659573,5.20208480483387,3.647215024651903,5.9101032506203754,108.50244970172427,112.12718858039514,13.777733224048909,10.694942527713161,42.89604940458815,-0.8084808950166023,5.156636301465355,0.39743851649721124,88.0,132.0,-44.0,28.989446682297036,32.70026717641186,28.412730310518526
683083,Nasim Nuñez,1,2026,2026,464,905,233,25.74585635359116,0.12779669237986344,0.015981778935979147,4.776637711374143,3.6242633888113422,5.112924563003456,108.4489444578635,111.13537907960176,11.919336708094566,9.752770043219126,42.89604940458815,-0.10829057684109918,4.11196957156687,0.330498133717373,116.0,133.0,-17.0,29.776629324508182,33.47056248797085,29.692884611751065
677942,Blaze Alexander,1,2026,2026,288,548,164,29.927007299270073,0.1100939963202676,0.0213031222793838,6.060056927367833,3.611454390486912,7.4735427779300085,108.41908390309862,114.12730778587655,17.422450042988437,12.15442343733335,42.89604940458815,1.0001947832680862,4.986712388781966,0.5133124140249818,245.0,134.0,111.0,18.055415396523887,20.964242721660447,18.53550889249257
694671,Wyatt Langford,3,2024,2026,1528,3142,766,24.37937619350732,0.13090018615665164,0.008718409043740818,3.912792607333404,3.575371150305829,2.7961162436925617,109.2882600033857,110.16482864251154,7.2638765541544315,6.780576038124122,38.493443863571414,2.0694405784311867,4.022878365717579,0.12864270555271656,87.0,135.0,-48.0,100.26954259599516,110.2341211026709,105.53971793573325
690993,Colt Keith,3,2024,2026,1418,2667,718,26.921634795650544,0.11046563610726126,0.0103693646184761,3.904245224941062,3.466516046798198,3.2633855005405015,108.98291481652232,110.11721907673065,8.456534909713042,7.716184436920533,38.590102629295934,2.1511688839744645,3.6265470130534485,0.16743086312499825,151.0,136.0,15.0,79.31432672501359,88.5413596066243,84.3982558541399
624413,Pete Alonso,3,2024,2026,2018,4215,1147,27.212336892052196,0.11516877856287389,0.009373973748400105,3.697058715424383,3.2970963194372422,3.248410025176225,108.50150304443972,109.53279882645874,8.375966317944219,7.6485348063580805,38.78251060080085,1.461432717227261,4.074394797279472,0.16615246307446097,160.0,137.0,23.0,132.09858901161635,144.5330298244937,137.0138743838907
676724,Jared Young,1,2026,2026,311,645,182,28.217054263565892,0.10301407318012717,0.022094808659498165,5.571020325676095,3.273149265806274,7.833039357717386,107.63042124213932,112.98725734188524,18.260514584542523,12.428692353276665,42.89604940458815,0.6800204560224087,6.066575396457771,0.536739947094598,190.0,138.0,52.0,18.748561318783146,21.63620685425859,19.101038588488095
682998,Corbin Carroll,3,2024,2026,1928,3937,1126,28.600457200914402,0.10558087850901009,0.008314405809876711,3.6082061677974906,3.2731400231926,2.9911195208120582,108.43701619257713,109.30070013753053,7.710065457697626,7.131173125689483,38.79499515566064,1.3544547244441767,3.5887142977197173,0.14452794023995574,205.0,139.0,66.0,118.88406920114537,130.47843835366797,123.23638371569265
543760,Marcus Semien,3,2024,2026,1738,3288,839,25.517031630170315,0.12004664646844675,0.008724441309037595,3.516604110940007,3.2596694311533843,2.6282082072345294,108.44989167595466,109.11593167106693,6.812983685013962,6.407879401879534,38.57646412709916,1.8680539402559833,3.3813360439973272,0.11538568824615075,109.0,140.0,-31.0,100.71913638702682,110.90556629504971,106.13026596730165
676694,Jake Meyers,2,2024,2025,894,1561,441,28.251121076233183,0.09147161140678604,0.01138364865734333,3.680262566918941,3.2316521446336957,3.4977906747340053,108.76139380554554,109.97763008315351,9.482927053766515,8.54689378853978,36.88513741487362,3.184499061651719,4.159573974117544,0.18767130538543908,193.0,141.0,52.0,40.33898063039265,45.82257185510187,45.08388423225371
608348,Carson Kelly,2,2025,2026,806,1603,373,23.268870867124143,0.13679816547736245,0.01507288794235541,3.8372478747469727,3.1643546725210068,4.36004991826539,107.92436251496713,109.60946112752167,10.918692659745899,9.366239999726693,39.931977702235805,0.5518475581314327,3.9940224524073096,0.2641500230421026,63.0,142.0,-79.0,51.025715723056194,56.180418701466294,51.76703094281275
669701,Josh Smith,2,2024,2025,1149,2159,559,25.891616489115332,0.11552010980043916,0.008115089134556582,3.372379410693383,3.137315699556491,2.595770364378256,108.49706257772486,109.13370589148661,7.030348659729629,6.621698206514593,36.922356059622274,2.6653674254167217,2.530101650232519,0.11287454896324157,119.0,143.0,-24.0,64.57574137844549,71.03384794992331,69.6799199981185
671976,Tristan Peters,1,2026,2026,433,750,239,31.866666666666667,0.08795482955704861,0.01925560398174397,4.506696368597424,3.1225499127213596,6.324220705324029,107.27934146865135,110.50608722983098,14.743130878265896,11.128070115565313,42.89604940458815,0.702876968950041,4.818172914182212,0.43028157500154934,295.0,144.0,151.0,21.021204264134617,24.273536810139092,21.528447143393564
672640,Otto Lopez,3,2024,2026,1643,2936,911,31.02861035422343,0.0906080938914541,0.00912226053687884,3.3529899531515586,3.0371321659280612,3.094040476814665,107.74802990597043,108.55381491885065,7.893208736050389,7.263912780748992,39.198766690197324,1.2351543271975567,2.6945819510962083,0.15309623026294295,275.0,145.0,130.0,82.54397353511469,91.72557769016137,85.92623780109066
643376,Danny Jansen,2,2024,2025,662,1337,269,20.11967090501122,0.1613916041581421,0.01289689209061686,3.4830597398918313,3.0288419502096833,3.7191612408641723,108.20004189044982,109.42975442217282,10.0689565430485,8.965881055339628,36.9369082582032,2.7886935488394817,3.2799781307561737,0.20710256455443546,22.0,146.0,-124.0,43.414341518540226,47.25731743155421,46.491200067426455
571745,Mitch Haniger,1,2024,2024,425,857,205,23.920653442240372,0.12896356303748904,0.01909981232933025,4.050242168303161,2.9521870492769113,5.914449054657976,108.06074476727112,111.05890914748342,16.148998512917082,12.531970069779193,36.62424669819118,4.050242168303161,2.9497713137528025,0.3977906295879643,73.0,147.0,-74.0,26.437530422685256,29.30645195856666,29.30645195856666
669707,Jared Triolo,3,2024,2026,1159,2182,544,24.931255728689276,0.1282444779719449,0.008912314559284965,3.183060174533786,2.942848758423647,2.774101394273788,107.61788525287324,108.23969872497888,7.181064280290519,6.710046604087742,38.63078348828759,1.2981131404476645,2.424933315575912,0.1268809889456177,97.0,148.0,-51.0,69.76499601673802,75.91360725387912,72.27251789970276
807799,Masataka Yoshida,2,2024,2026,711,1316,352,26.747720364741642,0.09776931294437267,0.014417528611315773,3.4527182277888113,2.872466629481899,4.406381824497696,107.3227759809052,108.80201073453232,11.233184280002915,9.608938992356743,39.22647144979049,1.8698109230885482,3.562631538828372,0.2682796978959454,146.0,149.0,-3.0,34.41479815641918,38.50626925634892,36.63052410027911
665487,Fernando Tatís,3,2024,2026,1749,3319,865,26.06206688761675,0.11636009571461957,0.009339340932308983,3.0591001428573787,2.8189054690477535,2.884243480395926,107.20784163231556,107.82201092204713,7.37490861754766,6.856042444341209,39.10887076665919,0.9524760884764398,3.3099795057661185,0.13576130277779236,127.0,150.0,-23.0,100.65148279314593,109.56875970957519,103.42795059105475
668709,Jj Bleday,3,2024,2026,1469,2903,699,24.078539441956597,0.1316406844173081,0.007427008959057983,2.9826856535746793,2.816770622306998,2.398813538093657,107.25278862684155,107.67999652310067,6.176607853411143,5.866117464578971,38.83707036328798,0.7395806334980453,2.934799569543502,0.09801056286057462,79.0,151.0,-72.0,92.01683840769837,99.31944711620038,93.82757832537942
643217,Andrew Benintendi,3,2024,2026,1424,2690,778,28.92193308550186,0.10022762739317355,0.009269722077249298,3.0371556557270076,2.764107513706138,3.131805852497622,107.138694583731,107.84387963274838,8.088327015379136,7.429520076122815,38.72006963297614,1.282591097771767,3.025611493298184,0.1562687829211282,217.0,152.0,65.0,77.97709411188902,85.18527686814778,81.02111031726734
702222,Justin Crawford,1,2026,2026,416,745,280,37.58389261744966,0.0815079256266074,0.015516911219411596,3.7818976920964222,2.7072781233831527,6.336344596666359,106.31125280989998,108.81642422691706,14.771394299980981,11.140208973862864,42.89604940458815,-0.39241574311557575,3.4545541320405864,0.43122081707866966,379.0,153.0,226.0,22.822219175450073,25.444334908636925,22.550144260223274
630105,Jake Cronenworth,3,2024,2026,1531,3120,752,24.102564102564102,0.13496847926499275,0.00751060735500538,2.807799401264693,2.656835713792725,2.4183337729545675,106.93544436654861,107.32952227298273,6.312855271780828,5.990720436310947,38.30808198256645,1.1387552306925481,2.319413790481254,0.09945288180491085,80.0,154.0,-74.0,101.49629640727454,108.66086454616828,104.40202017092503
680700,Richie Palacios,2,2024,2026,674,1411,400,28.34868887313962,0.11243798154633239,0.012434863293826029,2.9993577141579095,2.5011860729235362,4.666801315219417,106.26575689405209,107.51373377561093,11.690870515614504,9.841090976439773,39.91833892083884,0.1442804757574277,2.4181428823272446,0.29141363279295707,197.0,155.0,42.0,44.97519261853296,48.34447111743701,45.13726768630047
669289,Santiago Espinal,2,2024,2025,721,1342,347,25.85692995529061,0.11274992618376542,0.014442191313380578,2.8160361471127904,2.429772177079785,4.236105033847303,106.5842390894623,107.63094394283617,11.479071418311644,9.920652552813397,36.902854590570655,2.166765760564459,2.2526247212894646,0.2530922534667736,118.0,156.0,-38.0,39.1242243857666,42.50816115588047,41.72795457471156
661388,William Contreras,3,2024,2026,1909,3757,988,26.29757785467128,0.12146332960589679,0.008009558462431997,2.535396050320452,2.391325896029702,2.631853940161363,106.17381920970715,106.5457731485586,6.794803853330518,6.389757196080578,38.73333207214425,0.5974186536054555,2.815656317765691,0.11566897286788386,133.0,157.0,-24.0,120.00576965062602,128.07255475072893,121.90655666684738
656941,Kyle Schwarber,3,2024,2026,2024,4490,1025,22.828507795100222,0.14949218363166367,0.0078041336756237345,2.450716290871424,2.3250698082356585,2.5352526693557045,106.00066743366581,106.32494275384609,6.543118866896042,6.17888090128888,38.746853311536896,-0.018963868666560416,3.006081053653323,0.10823581079948968,52.0,158.0,-106.0,153.22948822245525,161.49657117699485,153.16551677215338
807712,Luke Keaschall,1,2026,2026,543,1024,240,23.4375,0.13883068147010433,0.016478025348523596,2.721957567441178,2.310307754519877,4.621988246094451,105.3858287338525,106.34547377957384,10.774857615676105,9.095378377924483,42.89604940458815,-2.2887235202373715,2.859802049245746,0.2874448848609739,68.0,159.0,-91.0,33.31936355282504,35.782735151359304,31.248068767010217
687401,Joey Ortiz,3,2024,2026,1387,2580,759,29.41860465116279,0.10295644143605227,0.010433473855335341,2.5371723151260346,2.301334110024368,3.513904491659611,105.97704597835195,106.58956711954764,9.126344853057674,8.218390126458768,38.50286777715088,0.9692541094349085,2.2195199330222173,0.18907674260946059,230.0,160.0,70.0,78.14393904996368,84.00903571843003,80.38453146627404
683002,Gunnar Henderson,3,2024,2026,2005,4036,1094,27.106045589692766,0.11605289152267971,0.0072949487741511,2.386317540273546,2.2708460019251193,2.496699721153638,105.8465487707269,106.14384325041095,6.42803460613809,6.080142504256752,38.84079464615133,0.39070039903929416,2.69752891844782,0.10531304713340701,155.0,161.0,-6.0,126.9618633258116,134.9361411062257,128.26745382593458
666134,Nolan Jones,1,2025,2025,406,776,210,27.061855670103093,0.12055558089815355,0.019309211746928064,2.725107663645957,2.123738971573737,6.179865800032248,105.7036380860619,107.31870915730877,16.59701046861516,12.650806631683082,37.23481293042705,0.8541412628094701,2.5996191393366708,0.41899924160356755,154.0,162.0,-8.0,25.316671988612246,27.160661507679343,25.894640909779987
663886,Tyler Stephenson,3,2024,2026,1272,2519,603,23.938070662961493,0.13811293944390296,0.009536320021385918,2.1892493024451882,2.0620390993997373,2.9536705279603814,105.30716446822373,105.63457119382602,7.60199711120617,7.0438963770509435,38.85387595854713,0.03919407155184353,1.8282004463435788,0.14144026611033217,74.0,163.0,-89.0,83.28210248467349,87.92331100585729,83.3651939163634
656775,Cedric Mullins,3,2024,2026,1456,2921,830,28.414926395070182,0.1205491807213859,0.00898875824711311,2.1547194185840297,2.017089212968657,3.165783980906112,105.19569293098178,105.55020590036747,8.154543361223581,7.477607397628503,38.822333031669466,-0.3722752460139146,1.5875640675559375,0.15913548405005543,199.0,164.0,35.0,100.0558199987503,105.28460578784754,99.1524320684232
605170,Víctor Caratini,2,2025,2026,726,1323,329,24.867724867724867,0.1254926102543014,0.016178622309930887,2.2352365243226267,1.963358147867846,4.623588018550543,104.91856794128283,105.59967254148566,11.582925828605795,9.776520038861014,39.917272086227904,-0.6458244617749148,1.6289404333142763,0.28758666687804574,94.0,165.0,-71.0,41.287068773665155,43.99170496809553,40.50562117491751
664770,Nathan Lukes,2,2025,2026,836,1547,513,33.16095669036846,0.09484842300271411,0.012817321045482093,2.2422196232458718,1.9531399436279215,4.804191786301953,104.89058104826755,105.61442452256195,12.02949608346491,10.039119407457763,39.93676670218575,-0.8103219900365976,2.393926797415177,0.30353969366857886,317.0,166.0,151.0,48.65724100039234,51.78140034211492,47.52819236094135
687597,Jordan Beck,1,2025,2025,590,1143,312,27.296587926509186,0.11163454357772683,0.014096971667366938,2.211814793141436,1.9428034784789927,4.6709740368554975,105.21770710144054,105.94017968419553,12.544642148688045,10.557023586527468,37.23481293042705,1.029645130113567,2.3472669114770697,0.29178286579093027,165.0,167.0,-2.0,34.82997759625077,37.00492880950652,35.84246197419578
694249,Cole Carrigg,1,2026,2026,296,626,221,35.3035143769968,0.09387873805305248,0.019611452594608718,2.9154193016210446,1.9417556090131594,8.893555770591657,104.52665370346546,106.7964750649257,20.73280848478416,13.129440996686041,42.89604940458815,-1.7587042816233576,3.4583505930177436,0.5989706118639782,360.0,168.0,192.0,20.7472011097246,22.185474631857648,19.879573664123743
592885,Christian Yelich,3,2024,2026,1402,2953,742,25.126989502201152,0.13189413531842,0.009425775430910456,1.9780034963582418,1.870301909690954,3.1346679505985655,104.80854268662608,105.08544326306435,8.059225396044523,7.401731372643439,38.89539994919443,-0.4415586001443836,1.7306038234431498,0.156509812502062,101.0,169.0,-68.0,97.86544840626765,102.48738324275807,96.83367314393027
682829,Elly De La Cruz,3,2024,2026,1950,4032,1097,27.20734126984127,0.11567864520902947,0.0077020042319924905,1.9044537265747163,1.8308366243075982,2.684478424596259,104.73600575305267,104.9264383756205,6.944205230568739,6.515051480522621,38.65782095233952,-0.23040753167073438,2.9363711773826036,0.11978126442883176,158.0,170.0,-12.0,126.89947379430534,133.08894840567316,126.15064931637545
695600,Carter Jensen,1,2026,2026,543,1175,282,24.0,0.15166699389450128,0.017556267556953872,2.122501575883737,1.8054014184583018,5.707240953186372,104.20878249516656,104.94801177578071,13.304817185742813,10.469164715948574,42.89604940458815,-3.9446794546832273,2.235679020434605,0.38083522258163516,75.0,171.0,-96.0,42.77009227824936,44.69095620442414,39.20015737176104
703607,Henry Bolte,1,2026,2026,399,772,225,29.145077720207254,0.1120143253347962,0.013649973752204864,1.9500264240107708,1.7442209064275809,4.897648943120802,104.0661574448882,104.54593476806794,11.417482521355337,9.472060794780333,42.89604940458815,-2.1817962477717088,1.5457933614768622,0.31174679445824055,220.0,172.0,48.0,25.203223200329145,26.499990772296307,23.75232869556096
592626,Joc Pederson,3,2024,2026,1165,2460,720,29.26829268292683,0.109119943152071,0.01149721939230029,1.8735298197416004,1.7200210880154179,4.347209198374304,104.40636388891386,104.79962379533261,11.13671556862854,9.560693376153392,39.03493064526252,-0.38810330035247836,2.172720200074772,0.26300502934756176,224.0,173.0,51.0,78.56635906949113,82.2041294694894,77.8127918279734
647351,Abraham Toro,1,2024,2024,362,691,214,30.96960926193922,0.08728470077700223,0.016460451755837865,2.0027055780793197,1.7165936596337614,5.958666429734347,104.68704154867584,105.46825056794474,16.269731030477786,12.58814061414065,36.62424669819118,2.0027055780793197,1.939434344031266,0.40136455950567523,273.0,174.0,99.0,18.678925966278477,19.887224998386333,19.887224998386333
592669,Hunter Renfroe,1,2024,2024,424,830,220,26.50602409638554,0.1114865544242561,0.01813043571007749,1.9673699179464164,1.7086385024145532,5.719945866473381,104.66532053613253,105.37176896540396,15.617920864310586,12.278860240180386,36.62424669819118,1.9673699179464164,2.7369844300645214,0.3818844397808911,140.0,175.0,-35.0,24.527041973336342,25.91731671535181,25.91731671535181
624428,Adam Frazier,1,2025,2025,453,860,255,29.651162790697676,0.10147136757445685,0.01724461678897964,1.9449179179840876,1.6915653444351255,5.779208036616503,104.54296721617966,105.22338576433337,15.52098045292965,12.154402392031393,37.23481293042705,0.45101233826259857,0.8437547430715292,0.38676220036511516,237.0,176.0,61.0,25.875198731486496,27.34361175956448,26.215713046874757
805999,A. J. Ewing,1,2026,2026,426,874,230,26.31578947368421,0.13292534434130363,0.011776098282187555,1.7926721004756414,1.6601597736659812,4.353221638223758,103.87019270238068,104.1791076925697,10.148304327899572,8.708988512132217,42.89604940458815,-3.674086308254837,1.216361856461845,0.26354117519610376,134.0,177.0,-43.0,30.572829198499836,31.84562638983754,27.9642279196389
671056,Iván Herrera,2,2025,2026,1084,2200,606,27.545454545454547,0.1285286758421151,0.010176548541033267,1.728288260523617,1.6441979690286515,3.5450583030037373,104.05358534677795,104.2609005118804,8.739942915158183,7.857211702459148,40.56157274042762,-1.8360717923726149,0.9478534529195756,0.19179837836263605,172.0,178.0,-6.0,77.88837756032176,81.01081835100109,74.57120785543523
643289,Mauricio Dubón,3,2024,2026,1376,2473,939,37.970076829761425,0.0768251645778306,0.010371778299520627,1.757950064493564,1.6375313716086157,4.282740491226524,104.16500634853861,104.47128727178948,10.893007391717441,9.387888857718751,39.31641958200569,-0.3438112814491093,2.085954085514567,0.25725406758038544,383.0,179.0,204.0,72.13882953858294,76.17039501982151,71.35035566645965
553869,Elías Díaz,1,2024,2024,349,683,228,33.38213762811127,0.08331299363277393,0.017497608888517913,1.8533374427079619,1.5864326663221546,6.90353646824879,104.3316458612663,105.0604110931775,18.849634028349165,13.675117028944092,36.62424669819118,1.8533374427079619,2.604006879086429,0.47367226252857564,323.0,180.0,143.0,18.995362548272457,20.07338716078092,20.07338716078092
624424,Michael Conforto,2,2024,2025,974,1966,474,24.109867751780264,0.138481944930029,0.011266806164508458,1.6316592176483953,1.5653021928649762,3.5717996893974333,104.23854739222934,104.41822988142145,9.671769660880399,8.682324534432276,36.93015667902394,0.6591302278853325,1.0256311873798396,0.1941389962871831,81.0,181.0,-100.0,65.64044189683375,68.28916869348298,66.7104299667676
687363,Victor Scott,1,2025,2025,461,821,194,23.629719853836786,0.140825139903239,0.014562409878386508,1.5722142317280623,1.5035462849153247,4.125219232376524,104.03801218962666,104.22243085970575,11.07893099955803,9.638060026180586,37.23481293042705,0.05065015866533216,1.1262564968810997,0.24319579155215656,70.0,182.0,-112.0,27.320077141228367,28.528061742606095,27.358993346469564
663837,Matt Vierling,2,2024,2026,859,1635,415,25.382262996941897,0.1256914826554095,0.013529377618439984,1.5585749257865493,1.4946265476839558,4.066712619294147,103.85648158732282,104.02148316786744,10.493057520986513,9.159805896553134,38.75622154134358,-0.002083017775941902,0.48738128822372756,0.23797637798113097,106.0,183.0,-77.0,52.16196530199494,54.393325070746016,52.15898311487905
657077,Alex Verdugo,1,2024,2024,620,1089,279,25.619834710743802,0.1196721811246959,0.014800488162753521,1.5492296328430404,1.482419221703578,4.286452047918984,104.04764426670594,104.23006552355807,11.703864063723353,10.084458106457125,36.62424669819118,1.5492296328430404,0.11594386747838775,0.2575852454630829,112.0,184.0,-72.0,33.388538533790154,34.98940915439463,34.98940915439463
664702,Myles Straw,1,2026,2026,292,547,124,22.6691042047532,0.14743008472296174,0.024290472902774248,1.5681695158143254,1.4444477803909772,6.510177232681645,103.36732123456683,103.65574344859505,15.17663589781608,11.31098880251606,42.89604940458815,-3.110558338767326,1.4463116346912264,0.44454342147339304,49.0,185.0,-136.0,18.281330505647254,19.044506336676893,16.767525447447156
679845,Nick Loftin,1,2026,2026,388,732,182,24.863387978142075,0.13790048097818616,0.01764763318370134,1.5307082918284212,1.4418546790381999,5.5639175608461455,103.36127615258663,103.56841320605318,12.970699255701229,10.304028864114425,42.89604940458815,-3.734180288705549,1.014331252055584,0.3689157323482957,93.0,186.0,-93.0,25.09788753802988,26.087745566745593,22.683117618000292
686611,Dylan Crews,1,2026,2026,381,727,236,32.46217331499312,0.10267562291120542,0.016945592159904665,1.426600049531213,1.365599675233187,6.5306799185530995,103.1835091906788,103.3257143008107,15.224432107854156,11.330733788050706,42.89604940458815,-2.9588034605324154,-0.2546551195363328,0.44609680726273543,304.0,187.0,117.0,24.23144700704448,25.1373380384968,22.352606809606396
670032,Nicky Lopez,1,2024,2024,446,800,223,27.875,0.10043508122075671,0.014370986770865773,1.3851822354485945,1.3586047080570167,4.5247106980550615,103.70957720783406,103.78214532810311,12.354413007704348,10.491721750006937,36.62424669819118,1.3851822354485945,1.4107524339856372,0.2788106629095611,183.0,188.0,-5.0,22.397023112228748,23.42667524057887,23.42667524057887
701807,Carson Benge,1,2026,2026,574,1168,332,28.424657534246574,0.12336694865582423,0.017214721932826905,1.395088210925089,1.3522554114872456,6.029263910404792,103.15240081605886,103.25225336666054,14.055522580967336,10.823323600052081,42.89604940458815,-4.332765348545369,0.5867205875100794,0.4070374131571415,200.0,189.0,11.0,40.957826953733644,42.29246134218531,36.81281477029191
665966,Carlos Narváez,1,2025,2025,447,888,262,29.504504504504503,0.10309394484575421,0.017129965333853872,1.0776781393941077,1.1674832671361315,6.233991284210191,103.13546161576684,102.89427569142818,16.742373047122204,12.714828467598984,37.23481293042705,-0.46355834481008285,1.182171421330771,0.4232508246470905,232.0,190.0,42.0,27.010613549587603,27.813483763436214,26.66526258270409
695731,Braden Montgomery,1,2026,2026,308,622,169,27.170418006430868,0.12707452783808434,0.013353081557456677,1.0471562521297584,1.1242158244091898,4.963512797975797,102.62079105188867,102.44114846626822,11.571025460085611,9.559181108033282,42.89604940458815,-3.868619860550472,1.5005379648558375,0.31750781734728717,157.0,191.0,-34.0,21.475595204636253,22.013135414062862,19.489703676220344
578428,Jose Iglesias,1,2025,2025,342,650,222,34.15384615384615,0.09735337043558198,0.01771345306950238,0.9623793592048021,1.1191689322587863,6.974563483524221,103.00570580104684,102.58462251711322,18.731297231319886,13.52318438889133,37.23481293042705,-0.16312464320281214,0.4556848347115773,0.4787786117385586,337.0,192.0,145.0,21.6124482366992,22.16100447144594,21.5194671900736
641584,Jake Fraley,1,2024,2024,381,621,197,31.723027375201287,0.09451129502361594,0.017851475805076063,0.9754935484897573,1.09343041040162,5.6387750322345624,102.98553692970734,102.66351839678367,15.396289454638948,12.170275971473382,36.62424669819118,0.9754935484897573,1.565499031991568,0.37516015215812587,290.0,193.0,97.0,18.61872511965234,19.238163522943335,19.238163522943335
672761,Wenceel Pérez,2,2024,2025,804,1693,517,30.53750738334318,0.10391834590428117,0.010947100929246792,0.9776261059244112,1.059917695130266,4.353427689511541,102.87128971885122,102.64836392459351,11.793323410003447,10.120571237579957,36.91434159957688,0.29120776843499735,0.5228584889998869,0.2635595486558166,261.0,194.0,67.0,53.72578483251337,55.03580381445208,54.116003242216266
623993,Anthony Santander,1,2024,2024,663,1445,493,34.11764705882353,0.09474591430083272,0.013566379810372814,0.8963303405381459,1.0577086994975045,6.067364915854874,102.88800124194702,102.44736867333961,16.566524810337008,12.724107121126375,36.62424669819118,0.8963303405381459,1.5543908609507866,0.41008178948080604,336.0,195.0,141.0,46.70973575031053,47.70018077660518,47.70018077660518
681198,Tj Rumfield,1,2026,2026,569,1174,357,30.408858603066438,0.11400989699319122,0.01145578243337578,0.9607768210398568,1.055420569964742,4.623742564572131,102.46041438457466,102.23977926726532,10.77894731275085,9.097837883198736,42.89604940458815,-4.291073788339707,0.35677045477003605,0.28760036333984595,259.0,196.0,63.0,40.70153322656927,41.6126699118554,36.63216491729378
656896,Emmanuel Rivera,1,2024,2024,302,602,174,28.903654485049834,0.11445221807562554,0.01703615331217538,0.7839826391767551,0.9991474233605012,6.260604383301459,102.7281036838632,102.14061096092244,17.09415195592449,12.95854027679836,36.62424669819118,0.7839826391767551,0.22223969805386673,0.4253319590784357,216.0,197.0,19.0,19.914685945158844,20.309290540211144,20.309290540211144
682622,Noelvi Marte,1,2025,2025,361,627,210,33.49282296650718,0.09051941229766636,0.025053360688084274,0.5509213511399231,0.9892695237024072,8.787887888394387,102.65684032185376,101.47958673021753,23.601267729784183,15.052814725358598,37.23481293042705,-0.4303340103491825,0.48205089046888283,0.5932151504957377,326.0,198.0,128.0,19.009076582509934,19.340547595445788,18.750158952949842
683011,Anthony Volpe,2,2024,2025,1285,2461,661,26.859000406338886,0.11707649164440902,0.01129352269499638,0.8712291657090299,0.9535493802450603,3.6003546867724974,102.58362405856593,102.36057899012182,9.755093108786317,8.743509718804937,36.907435394232095,0.14101748665309286,0.32493313328766116,0.19664267789774675,148.0,199.0,-51.0,77.38756097695436,79.2534434401812,77.6895734275364
663968,Jake Mangum,2,2025,2026,858,1492,669,44.839142091152816,0.06496781168149171,0.010531113880944786,0.7456016192257018,0.9189776982273893,4.975522788007446,102.29293704656361,101.86034718578927,12.414404123897247,10.248042589474945,40.078627522925224,-1.633737104069791,0.039491031803904925,0.3185561355060613,408.0,200.0,208.0,43.463466014917955,44.52967633041071,41.127221956098154
682177,Daniel Schneemann,2,2025,2026,703,1396,405,29.011461318051577,0.11212291237156576,0.012405930322461555,0.6917003751809087,0.853522746960572,4.431697503659546,102.16138374875355,101.75159942162831,11.222429628163004,9.58493485257403,39.489643958542416,-2.205921916433241,-0.0715585026681684,0.2705348486633332,218.0,201.0,17.0,45.40977951048413,46.220221783404426,42.82517433172985
650859,Luis Rengifo,2,2025,2026,896,1695,524,30.914454277286136,0.10622119390578334,0.01130690231938299,0.7084227476732525,0.8484714133834188,4.099122516652261,102.14992363262685,101.79505730315621,10.38667918868485,9.049728605192113,39.46518846098382,-2.1583459417756745,0.36043790906151096,0.2408673428978757,270.0,202.0,68.0,55.659905606630474,56.71781690982253,52.43677566691213
695734,Daylen Lile,2,2025,2026,949,1809,620,34.27307904919845,0.0934630287693658,0.011455139502707176,0.6657085378164903,0.8397641883551631,4.525363975724296,102.0578353596335,101.63131339407546,11.08936786492087,9.41703004430834,40.80813289673105,-2.711558729540724,0.6626178247117938,0.2788687249177986,340.0,203.0,137.0,57.947077837006795,59.00000684098654,53.65829577978322
682985,Riley Greene,3,2024,2026,1757,3693,1007,27.2678039534254,0.12843306417566452,0.009076594919437709,0.7198324499126784,0.8130126101853768,3.216872841889669,102.10019556600507,101.85949012430258,8.309910565099784,7.600426301735716,38.71128114663459,-1.4553242039645753,0.58518263038167,0.16346675541817796,164.0,204.0,-40.0,129.33209562489418,131.44000498238847,125.07042124761792
668670,Jake Rogers,1,2024,2024,334,612,159,25.980392156862745,0.11843546208585597,0.021888221578221782,0.4250581737055566,0.8042837636713174,6.431051069155901,102.19604179247472,101.16059226339405,17.55954497071887,13.157797504357546,36.62424669819118,0.4250581737055566,0.3345665038359443,0.43851277245302356,124.0,205.0,-81.0,18.831238471651098,19.06785418834719,19.06785418834719
666182,Bo Bichette,2,2025,2026,1245,2434,931,38.249794576828265,0.08261735372901739,0.009968478724008542,0.5939895362479114,0.7866815830699212,4.503318957111356,101.96471852663811,101.48347472676467,11.246931893168364,9.56380203557975,40.04042168910769,-2.368866022531972,0.992058889250306,0.27690888464674723,384.0,206.0,178.0,76.9167563217152,78.14928460942961,72.00135932496136
695578,James Wood,3,2024,2026,1578,3387,774,22.852081488042515,0.1484467955329141,0.007100360872758508,0.5850751161413226,0.6553714957177587,2.4222345819761673,101.67619597065317,101.49640403742532,6.195173077887042,5.878099731531563,39.098739478676634,-2.0789030146707095,1.4633711649386123,0.09974195175553599,53.0,207.0,-154.0,114.89781974247552,116.4365672979272,109.43030481389155
593160,Whit Merrifield,1,2024,2024,336,680,174,25.58823529411765,0.1270566527454419,0.013413977729900333,0.3724777778123681,0.6482249371653117,4.770600728452099,101.76993384330093,101.01702508964031,13.025798913395022,10.893639738053269,36.62424669819118,0.3724777778123681,-0.05607824888771746,0.30058123742923026,111.0,208.0,-97.0,22.10785757770689,22.316445133281817,22.316445133281817
666023,Freddy Fermin,2,2024,2025,717,1378,425,30.84179970972424,0.10753520326393724,0.01057179612117479,0.42936095588486484,0.6207935537177671,3.8925560835298247,101.68142919568844,101.16293096535877,10.54304994873911,9.296629412937598,36.92058846781194,-0.3575713487199018,0.2978878132658349,0.22246757289424693,268.0,209.0,59.0,45.70246138717333,46.21554772945574,45.27516362545305
642086,Dominic Smith,2,2024,2026,595,1203,352,29.260182876142977,0.10944356908771495,0.011965283825697262,0.2871396592636617,0.5691843237237526,4.552505859032326,101.43515930370461,100.72400299213936,11.4788318413544,9.73144896160244,39.660010024985006,-1.8607812214153079,-0.13361295023927397,0.2812801642568214,223.0,210.0,13.0,38.52413631887566,38.80888314764546,36.678861607638815
641857,Ryan Mcmahon,3,2024,2026,1557,3139,827,26.345970054157377,0.13227427465922698,0.008498055221380443,0.4249993750714035,0.5443623522978078,2.911877896551051,101.42667886125099,101.11384929890879,7.631524524092466,7.085349595483361,38.1559135053337,-1.3354457612761683,0.07984085567528992,0.13801450349692604,135.0,211.0,-76.0,109.39082514318072,110.49369852149101,105.92534339266906
666969,Adolis García,2,2024,2025,1181,2494,866,34.723336006415394,0.08999841492598996,0.010493535462127185,0.19740863960431382,0.5151551884300765,4.6605132299424366,101.3958181921577,100.5348807051493,12.627707722346486,10.633871221063632,36.90704071092024,-0.4997422589552756,1.2168998543180498,0.290857113739342,349.0,212.0,137.0,77.9386273259073,78.32719333152846,76.95496797953034
702284,Cole Young,1,2026,2026,581,1103,341,30.915684496826835,0.11184625397369845,0.016965358815461996,-0.022023281041238615,0.5110131789597782,6.020241030662569,101.19128261472284,99.948658952638,14.034488290240187,10.813710451540846,42.89604940458815,-5.0421775467374985,-1.0075429100046152,0.40631468259006914,271.0,213.0,58.0,38.13957260503117,38.11824672788957,33.25706401394036
681807,David Fry,1,2024,2024,388,756,215,28.43915343915344,0.10895015350257974,0.02480786651171613,-0.6472635129281421,0.4656605701165888,8.456254118680626,101.27145432902402,98.23269125980383,23.08922334530438,15.060745113470356,36.62424669819118,-0.6472635129281421,-0.8106232156578753,0.5745247836881935,202.0,214.0,-12.0,23.424283003054644,23.005719264694445,23.005719264694445
592518,Manny Machado,3,2024,2026,1916,3728,1117,29.96244635193133,0.11089749419609464,0.008678815400062753,0.27680308617521765,0.4317796282624387,3.0926472330618306,101.11265251871274,100.71329361290088,7.969439751485239,7.334571725327178,38.8063318062661,-1.8897158062201074,0.10629262157607874,0.15297947089096137,247.0,215.0,32.0,123.8725010170377,124.75642553889057,117.83800854250816
668804,Bryan Reynolds,3,2024,2026,1970,3951,1075,27.208301695773223,0.12503526405946755,0.006867965659449454,0.3229521997157862,0.41699834759056115,2.3886866016590655,101.07385164354477,100.83166456762969,6.151331409167997,5.844525293638992,38.83202582938299,-1.8891725388813736,0.3148541667972929,0.09726509827213738,159.0,216.0,-57.0,134.4129088639276,135.47326858632778,128.21012569460044
680574,Matt Mclain,2,2025,2026,1028,2112,555,26.27840909090909,0.12908890384895383,0.009940082012102667,0.1270385626360623,0.34166851033912216,3.46225029143551,100.86010612148115,100.31980309007403,8.715765660721447,7.8704027105200645,39.723994726458976,-2.657614824841484,-0.40666539252055883,0.1845772579580389,131.0,217.0,-86.0,71.64434163616937,71.86200104015249,67.09096156960763
609280,Miguel Andújar,2,2024,2025,659,1227,442,36.02281988590057,0.07972550403664423,0.014398796296550784,-0.3066455453051623,0.32289219938784586,5.871731620857606,100.87411663343421,99.16986544664778,15.89564036103637,12.370823354828016,36.93925810784246,-0.8341895332127885,-0.08695639810627961,0.39432289889819766,369.0,218.0,151.0,35.23867278419675,34.901873760269915,34.32245461355137
666310,Bo Naylor,2,2024,2025,805,1575,416,26.41269841269841,0.12310071973289045,0.012342316462371302,0.006313433650128835,0.3067601067099849,4.022964337889476,100.83046730294639,100.01709185810367,10.891052227645641,9.531532345017355,36.93825218905534,-0.7012743877821537,0.2296569270355338,0.23407583713239608,138.0,219.0,-81.0,51.20989940888243,51.21836993236302,50.26902293860804
665862,Jazz Chisholm,3,2024,2026,1664,3479,983,28.25524576027594,0.12070433956382978,0.009050302357477218,0.08986777377149548,0.29427156845568764,3.297356142097512,100.75892308167404,100.23176798279144,8.50384458773928,7.745793766228157,38.77488714753315,-2.049915989954536,0.7244595960058561,0.17033794103846678,194.0,220.0,-26.0,118.65236579124468,118.90159908383762,112.96726544577076
649966,Luis Urías,1,2025,2025,330,606,140,23.102310231023104,0.1443146485764706,0.01891034650029954,-0.29206940426747835,0.2516822877223888,5.26654427311821,100.67593273046022,99.21560125785187,14.144140546532908,11.458260490417052,37.23481293042705,-1.3762183104820929,-0.5569952263107907,0.3437274246641777,60.0,221.0,-161.0,20.204050800705886,20.043412628358773,19.447130729940735
666163,Ben Rortvedt,1,2024,2024,328,680,190,27.941176470588236,0.11136578048751528,0.018516672257576576,-0.6185761987135875,0.25129378133781255,6.659955918531251,100.68614047794252,98.31102000865417,18.184554001653165,13.41469174955688,36.62424669819118,-0.6185761987135875,-0.7210482203062281,0.45580306996910336,185.0,222.0,-37.0,21.1594982926279,20.821343303997807,20.821343303997807
624585,Jorge Soler,3,2024,2026,1249,2655,707,26.629001883239173,0.12535599162157945,0.00957133784050792,-0.010045884902218888,0.22326678785589055,3.40354128196343,100.57839604877067,99.97397508071107,8.817230938020998,7.986850965852687,38.60102231514586,-1.8660661295450105,1.2368758146895245,0.17948461338521907,144.0,223.0,-79.0,88.62668607645668,88.60577389271856,84.74215841678715
679032,Johan Rojas,1,2024,2024,361,647,226,34.93044822256569,0.08497100413709535,0.019687646500387703,-0.9247267616555876,0.2150956592906077,7.494164738121982,100.58730398214915,97.47509684151058,20.46230411202453,14.254912601798601,36.62424669819118,-0.9247267616555876,-0.7762413891430332,0.514689097179512,351.0,224.0,127.0,19.20344693498355,18.64706966672077,18.64706966672077
676475,Alec Burleson,3,2024,2026,1751,3263,1118,34.26294820717131,0.08962153990040227,0.008510546752099247,-0.009848747837750572,0.2126059376472364,3.306914524152964,100.54509468152128,99.97474905863209,8.478509769337517,7.718901358751603,39.0034878076381,-1.9554746378597017,0.5170759029510058,0.17115765222303303,339.0,225.0,114.0,100.19688160864973,100.16813967954323,94.49015479049584
668715,Spencer Steer,3,2024,2026,1605,3139,792,25.230965275565467,0.13606466713967078,0.008555715538772143,0.025074033966666746,0.17639382503303863,2.682690661535622,100.46012342605634,100.06540563657279,6.997800620310334,6.565858264967705,38.33619742965257,-1.8538752421208595,-0.12021026174566925,0.11964085891199473,104.0,226.0,-122.0,107.76321637461925,107.83028941548008,102.80410010194595
676914,Davis Schneider,1,2024,2024,454,1022,236,23.091976516634052,0.14818124741424443,0.014262487244270617,-0.4138844667468607,0.10818525341750201,4.837004522659153,100.29539243307589,98.86991677901923,13.207109930531473,10.999030468049696,36.62424669819118,-0.4138844667468607,-0.6407675600523663,0.3064253288106743,59.0,227.0,-168.0,34.97077438976169,34.65760180992323,34.65760180992323
671732,Lawrence Butler,3,2024,2026,1554,3183,825,25.918944392082942,0.13433723413975218,0.009162703343271556,-0.16268643047475298,0.05597135711073353,3.063413985544764,100.14435477007102,99.58041820893507,7.900798628854987,7.281886421025297,38.77347252411527,-2.594563703470377,-0.3510855153111151,0.15053436205489457,123.0,228.0,-105.0,110.82821816529555,110.40686031036594,104.10829817330728
527038,Wilmer Flores,1,2025,2025,465,915,271,29.617486338797814,0.11203680039577692,0.016145723703232178,-0.7527192221932233,0.043056688029199375,5.81376690559484,100.11563556962042,97.97845305789592,15.613793780722942,12.198819192593657,37.23481293042705,-1.8818239650368647,-0.13314985899705056,0.3895941171935127,236.0,229.0,7.0,30.361972907255545,29.778615510055797,28.903559334351975
666181,Will Benson,1,2024,2024,388,790,173,21.89873417721519,0.14979444384262394,0.01641434548584937,-0.6425610728356315,-0.03787107876018536,4.911029015342634,99.89659561035543,98.24553095076392,13.409228743495719,11.114958721887199,36.62424669819118,-0.6425610728356315,0.072413920956451,0.31291873002633463,42.0,230.0,-188.0,25.914438784773942,25.498915957673567,25.498915957673567
656811,Ryan O'Hearn,3,2024,2026,1430,2850,804,28.210526315789473,0.12403735253680222,0.009642680184829182,-0.3939009586241502,-0.09598791689775776,3.374023662883078,99.75132914507464,98.97954147456579,8.740905896324747,7.930013870082462,38.60038882585087,-2.5021673979348864,-0.4222284763567224,0.17693335059498413,189.0,231.0,-42.0,99.72603143958898,98.78723415486809,93.76253247451083
666152,David Hamilton,1,2026,2026,352,708,203,28.672316384180792,0.13118324289943176,0.018623257973716795,-1.2471079697274134,-0.11282229101560781,6.543991337284219,99.73698675616608,97.09272068864686,15.255463913616893,11.343508926133893,42.89604940458815,-6.046680348098456,-1.928425941892222,0.4471033018346788,209.0,232.0,-23.0,26.63019830858465,25.898561633011234,23.08281250436689
519203,Anthony Rizzo,1,2024,2024,375,736,250,33.96739130434783,0.08963825073572208,0.017236820980374632,-1.3800755449839244,-0.12336798021344042,6.862338654757156,99.66315217011812,96.2317981408418,18.737146217115445,13.631981772012075,36.62424669819118,-1.3800755449839244,-0.5672112956604621,0.4706887779212205,334.0,233.0,101.0,22.40956268393052,21.547015468315568,21.547015468315568
673962,Josh Jung,2,2025,2026,906,1724,538,31.20649651972158,0.10607245931175825,0.011964145383249965,-0.6926406246154102,-0.16394982521521018,4.3884202636894845,99.58699447772028,98.25517104061605,11.05485657339892,9.466733465753766,39.69676345009534,-3.458249839557965,0.5193109327863673,0.2666790796146037,284.0,234.0,50.0,57.06698310972594,56.02109576655667,51.84502585199341
607680,Kevin Pillar,1,2024,2024,314,608,234,38.48684210526316,0.08461249263038624,0.02041618115727474,-2.567455202543814,-0.20132414819576372,9.166739395554234,99.45029818673183,92.98973921920798,25.029154786703003,15.562130167465181,36.62424669819118,-2.567455202543814,-2.5269301599925615,0.6134143589514233,387.0,235.0,152.0,19.799323275510382,18.45568838617912,18.45568838617912
701398,Sal Stewart,1,2026,2026,625,1289,400,31.031807602792863,0.11262099566930912,0.013650276347758925,-1.1282636164941027,-0.26745063515554446,5.410381512698466,99.37651453020068,97.36977266635323,12.612773408732071,10.12182558506312,42.89604940458815,-5.915639803690858,-0.22790240477974294,0.35598421566897126,276.0,236.0,40.0,45.04839826772365,43.87312366720896,38.88627347221234
700250,Ben Rice,2,2025,2026,1123,2249,530,23.566029346376165,0.1459795181477159,0.010301340705706305,-0.633636282603316,-0.3232088633215272,3.1923807462352585,99.19638140883565,98.42454228667071,7.937457195280142,7.26879000618604,40.21918692214866,-3.931784498144048,-0.5286433310212099,0.16138726698790495,69.0,237.0,-168.0,77.36914461828943,76.18318870935022,70.01015463259648
669242,Tommy Edman,1,2025,2025,376,611,175,28.641571194762683,0.10870353829883397,0.016560186036625922,-1.0234347265404264,-0.33388093287043397,4.742275758878776,99.10330976150118,97.25140360325508,12.736134240125446,10.67039305598995,37.23481293042705,-1.9526984805144127,-2.1367797069266112,0.29808329389604044,208.0,238.0,-30.0,19.023119202295945,18.381766773663944,17.799428154506913
643446,Jeff Mcneil,3,2024,2026,1385,2423,758,31.283532810565415,0.10589447457370531,0.00865862387615413,-0.6912842147378461,-0.41649125996781666,2.92031473808086,98.92956957463944,98.22332008579471,7.505544648192991,6.965596988833393,38.90876511918352,-2.433868325571482,-0.7998864001041838,0.13870433404342106,286.0,239.0,47.0,80.26801172686862,78.6722973311821,74.64983234200778
543309,Kyle Higashioka,1,2025,2025,328,615,170,27.642276422764226,0.11527818766379928,0.017115738118009614,-1.4496665437218113,-0.4195147008634976,5.649279567741344,98.87332668584274,96.1066904070916,15.172036927638063,11.984630688885906,37.23481293042705,-2.9269778299824387,-0.3875645676239978,0.3760331328756481,176.0,240.0,-64.0,19.59729190284588,18.804807525611288,17.997210689122145
682928,Cj Abrams,3,2024,2026,1829,3447,1222,35.451116913257906,0.09325094628840483,0.008319616150209222,-1.0351234833879648,-0.6252830346511038,3.3664165258686984,98.39164595288969,97.33745367856508,8.65910210831337,7.858931155682408,38.87720093561078,-3.158576844645043,-1.274220690382522,0.17627689674683342,361.0,241.0,120.0,113.95265636443071,110.79725494590306,104.3242612830044
657757,Gavin Sheets,3,2024,2026,1457,3272,1036,31.662591687041566,0.11109802233707955,0.008277622068772347,-1.1915099891975645,-0.7086671210257391,3.5769175092324987,98.16531670527166,96.91527459391854,9.260357375281396,8.310687587512664,38.62612817492701,-3.369516572662626,-1.1148628010743589,0.19458740094850663,289.0,242.0,47.0,115.09755114121441,112.20416771744632,106.91524173059867
622534,Manuel Margot,1,2024,2024,344,645,198,30.697674418604652,0.10608658734459038,0.01985789007631813,-2.8944906581708287,-0.8692182845722671,7.048042955678714,97.62665894063237,92.09679128140597,19.244199106016854,13.82355939525458,36.62424669819118,-2.8944906581708287,-3.5833890241340507,0.4840114285757485,264.0,243.0,21.0,21.005144294228895,19.34563631687762,19.34563631687762
663647,Ke'Bryan Hayes,2,2024,2025,961,1794,491,27.369007803790414,0.11864188694625821,0.011949694342496923,-1.4796949600397338,-0.8758035314602655,3.842775012210763,97.63197059239019,95.99914700752142,10.390234691758709,9.187890325560515,36.984487128657086,-2.2246167750065,-1.6010803041770887,0.21804656799752647,166.0,244.0,-78.0,58.253166490612784,55.88318839628248,54.69007195597737
621020,Dansby Swanson,3,2024,2026,1697,3242,813,25.077112893275757,0.13475754918375896,0.00868496796709141,-1.1584917431581607,-0.8819674385998506,2.5966595509737895,97.71248310376578,96.99527519878829,6.734832077304676,6.343113709824157,38.555668815026934,-2.974884357742523,-1.117829820529425,0.1129431575524341,100.0,245.0,-145.0,109.55788748639603,106.28128667283036,101.14392289458092
595909,Jake Cave,1,2024,2024,347,649,218,33.590138674884436,0.09692087940324413,0.01722229946434286,-2.7017007984204127,-0.8840663926117602,6.6541389567471185,97.58611719744826,92.62319080393851,18.168671185462927,13.408311744762246,36.62424669819118,-2.7017007984204127,-2.28643806504528,0.4553696147246579,329.0,246.0,83.0,21.12875170990722,19.566268081487415,19.566268081487415
677588,José Tena,1,2026,2026,275,583,174,29.845626072041167,0.12283293202571118,0.01837044297499753,-3.225931644136763,-0.8960611210432039,7.5129355796163155,97.91108707332997,92.4796532806312,17.514283212320095,12.185477160647578,42.89604940458815,-8.029410853650916,-2.8311109533121805,0.515938721213003,241.0,247.0,-6.0,21.372930172473744,19.89437816891106,17.692783531217074
516782,Starling Marte,1,2024,2024,368,679,206,30.338733431516935,0.10625973430752246,0.014689776349552396,-2.0811071648525314,-0.9325731004933762,5.231408126176764,97.45367295011303,94.31767926313331,14.284001987227592,11.598101602697788,36.62424669819118,-2.0811071648525314,-1.5017783048839364,0.34071375634064494,257.0,248.0,9.0,21.889505267349627,20.61309287290674,20.61309287290674
593871,Jorge Polanco,2,2024,2025,989,2013,513,25.484351713859912,0.13312836707935313,0.010868936255606015,-1.5102579914594587,-0.969723156135885,3.5592515797428024,97.37533198318282,95.91231185700309,9.633526564820848,8.65388765584683,36.946507136236804,-2.1504421538695713,-1.5097548490143144,0.19304018690008942,107.0,249.0,-142.0,68.29485231170815,65.80544372245248,64.75020682807981
664728,Kyle Isbel,2,2024,2025,835,1438,421,29.276773296244784,0.11403340756874775,0.011904265049268996,-1.5967692628307766,-0.9824104786648152,3.783920720944919,97.3393220712128,95.67544440206528,10.24805268789654,9.092342957608569,36.92331446943006,-2.270053281294047,-1.8758513800334948,0.21282930400674388,225.0,250.0,-25.0,48.0080645864428,45.7858940290033,44.84890710330858
666149,Tyler Fitzgerald,1,2024,2024,340,644,173,26.86335403726708,0.12324041053096911,0.01724796277772814,-2.350563010834917,-1.004539819605316,5.573817243528892,97.25717274710546,93.58194851021739,15.218926656597079,12.082103848409627,36.62424669819118,-2.350563010834917,-2.363373381568806,0.3697438671396644,150.0,251.0,-101.0,21.320591021857656,19.98860531571787,19.98860531571787
686469,Vinnie Pasquantino,3,2024,2026,1663,3292,1007,30.589307411907654,0.10812167927234824,0.00883303579545073,-1.5363994992714676,-1.0577930058266471,3.285741085170598,97.25112064342235,96.00736926436466,8.538632596673338,7.782143324599638,38.48088142884526,-3.421456122093298,-1.0866488873737155,0.16934287228915776,262.0,252.0,10.0,108.87853102725468,104.6201437484406,99.39539514218609
666624,Christopher Morel,2,2024,2025,916,1796,505,28.11804008908686,0.1229611321002397,0.010864665734953753,-1.7312021306086998,-1.0687345235804369,3.856707282607986,97.09805490883852,95.2992502685349,10.472154234632645,9.253004975286807,36.82821314695119,-2.3209982988336733,-1.4642258060412199,0.21928318806600833,188.0,253.0,-65.0,62.09537171062105,59.45240312455844,58.551980974401644
679529,Spencer Torkelson,3,2024,2026,1567,3212,726,22.602739726027398,0.16300355885340442,0.007731419474658874,-1.3527868733480384,-1.0807894059636018,2.464959344178264,97.23321055999722,96.53690495567294,6.310224217481179,5.976664356175446,39.062943870514154,-4.105512638114682,-1.3723222465207372,0.10292624342167563,48.0,254.0,-206.0,118.34058372757161,114.80755534334432,107.61835322102877
693307,Dillon Dingler,2,2025,2026,1023,1956,639,32.668711656441715,0.10932886264802541,0.011851333822899749,-2.0077038474771216,-1.1061130288718761,4.46400601863911,97.25647537120203,95.02023318674428,11.07220522276065,9.43796631631341,40.31722614265357,-5.629305284250288,-2.297825798298985,0.2734113785310673,308.0,255.0,53.0,69.86114323208824,66.43800817213975,60.2631777224415
701678,Hao-Yu Lee,1,2026,2026,292,558,169,30.28673835125448,0.12361898453890534,0.018721917906662455,-3.29203804387369,-1.1201039997330984,6.908424748526741,97.38879450373513,92.32554491714667,16.10503728063083,11.680036463542784,42.89604940458815,-7.718881283944193,-3.9472276938440887,0.47402521082054266,256.0,256.0,0.0,20.891608387075003,19.28948320572314,17.135086162222162
676059,Jordan Westburg,2,2024,2025,796,1432,413,28.84078212290503,0.11175610208407429,0.012739734224672951,-1.912174536368938,-1.1368572777697712,4.113307009165204,96.91860545728113,94.81714697499041,11.14891202124648,9.705748229367746,36.89424583606432,-2.557823718583479,-1.7702904146327227,0.24213287931835717,214.0,257.0,-43.0,46.15527016072268,43.61845194247322,42.7618906940686
691176,Jasson Domínguez,1,2025,2025,429,900,279,31.0,0.1187612746745668,0.014907540844138563,-2.8348554656976392,-1.159814824167841,6.017546347450731,96.88513320495272,92.386545701211,16.16107581551294,12.454531712820184,37.23481293042705,-4.3492362453960665,-3.5733483310976486,0.40609870762482125,274.0,258.0,16.0,33.13439563420414,31.107473976230327,30.024691718745952
687859,Troy Johnston,1,2026,2026,415,793,287,36.19167717528373,0.10029816496588212,0.01564629045074349,-3.147175375949169,-1.171291918125044,6.520372988544352,97.26946435771364,92.66325123261223,15.200404417305,11.320818130231173,42.89604940458815,-7.443025575739071,-3.4756977425375144,0.44531637981326005,370.0,259.0,111.0,28.785573345208167,26.608777043509992,23.637480655321976
691406,Junior Caminero,2,2025,2026,1275,2650,824,31.09433962264151,0.1102468646806676,0.011415290298485628,-2.2223623163720343,-1.2407446901451238,4.532314121089605,96.89787523715894,94.44362306896824,11.33174615187093,9.618734439680411,39.99660829272368,-5.392585921987341,-0.5121709457998269,0.27948637961079004,277.0,260.0,17.0,90.8434164968701,86.12089657457953,79.384171412647
807713,Matt Shaw,1,2025,2025,439,801,244,30.461922596754057,0.117180135980851,0.016175918181259307,-2.777366946138745,-1.2610978447762529,5.610447232015731,96.61312157756075,92.54094024501148,15.06774652661424,11.93302820601825,37.23481293042705,-3.928752562919441,-3.366374169300727,0.37280191630084186,260.0,261.0,-1.0,28.591953179327646,26.55984636373613,25.717415887458255
695506,Jac Caglianone,1,2026,2026,507,988,388,39.27125506072875,0.08962346017465254,0.014612684936594698,-3.454070025413329,-1.2629634404482855,6.741900564477178,97.0557581456133,91.94781320574505,15.71683327032924,11.529386642558329,42.89604940458815,-7.526867014155397,-2.022936899010254,0.46187605761915784,395.0,262.0,133.0,34.77390254776519,31.855213376290926,28.41369992080388
664034,Ty France,3,2024,2026,1452,2841,873,30.728616684266104,0.11170062713013777,0.007889362475129304,-1.7081453211699542,-1.290136607111654,2.9291666340446114,96.66763601214961,95.5879385772756,7.565903759258587,7.018659149881855,38.71535678021434,-3.7044596190977006,-1.6530224707349606,0.13942905538953457,265.0,263.0,2.0,97.51464748461028,93.38093580737899,88.54985520639384
592273,Brandon Drury,1,2024,2024,361,683,183,26.793557833089313,0.12442011767563778,0.01704493536890329,-2.8028322069004967,-1.2938370006041944,5.561399806455821,96.46726658635113,92.34705841188284,15.185021694194985,12.065118459298448,36.62424669819118,-2.8028322069004967,-2.9087527619188913,0.36870500353528923,147.0,264.0,-117.0,22.768881534641714,21.082510823489915,21.082510823489915
666139,Josh Lowe,3,2024,2026,1118,2420,853,35.247933884297524,0.10335345657766916,0.009326970350106071,-2.240388394556484,-1.3065000896820147,4.36441442916372,96.61029014808082,94.18732025115906,11.32345776722845,9.710885682555608,38.54312453740852,-4.527045930956708,-1.8099770304564862,0.2645391592462489,357.0,265.0,92.0,88.1604984607518,83.98590808556155,79.72510287606913
664983,Jake Mccarthy,2,2024,2026,1005,1743,603,34.59552495697074,0.09445998358966874,0.010163317538088482,-2.011099649663149,-1.315628641696585,3.7597234331687623,96.69808362303183,94.95261606620666,9.436015592395375,8.383263015316594,39.84439614744574,-3.935473703353231,-2.2060159646271225,0.21068767552052328,346.0,266.0,80.0,56.959370104570255,53.59077819138448,50.36745165145359
669720,Austin Hays,1,2025,2025,417,804,275,34.20398009950249,0.10418801600094289,0.01774766373257066,-3.8729310121915255,-1.3214343069708434,7.193339711639993,96.45107843178927,89.59862905870357,19.318855515886952,13.739373623114512,37.23481293042705,-4.880475557764104,-4.071696545256722,0.49420902180411114,338.0,267.0,71.0,28.651704400259295,25.960017346786184,25.259773887613242
665833,Oneil Cruz,3,2024,2026,1489,3327,1011,30.387736699729487,0.11408864947334753,0.008374162216147032,-1.9600524720332348,-1.3460184945039928,3.5123232795973736,96.48896074636458,94.88727592035816,9.161764831967,8.25098815337442,38.336754370099776,-3.835502662314444,-0.6260930798515104,0.18893876005024096,258.0,268.0,-10.0,115.34362461755435,110.47942773279188,105.82518551057734
547180,Bryce Harper,3,2024,2026,1811,4028,1353,33.58987090367428,0.10359280438220383,0.007175896145434353,-1.9161498975226727,-1.3585029010526615,3.339272868592916,96.5119742761216,95.08018707344156,8.573753987331203,7.792508808540765,38.94761703598109,-4.159552132850294,-0.8021227881740784,0.17393814534652297,328.0,269.0,59.0,140.16106432912179,134.37748522176585,127.60614947480198
669221,Sean Murphy,1,2025,2025,335,639,168,26.291079812206572,0.1436709147920173,0.015367037429003893,-2.8608661319705884,-1.449127373299602,5.2244805949962,96.10813843483709,92.31668992854591,14.03117186262786,11.397952812584455,37.23481293042705,-4.40149217610755,-3.6547401732403615,0.34011870049489734,132.0,270.0,-138.0,24.136713685058904,22.539396761375325,21.67921388673219
672960,Kazuma Okamoto,1,2026,2026,570,1222,343,28.06873977086743,0.1345469882984673,0.011294721648031353,-2.568186362226814,-1.50645584702154,4.484097017076097,96.48812450579561,94.01300026954901,10.45340323716729,8.899529414946548,42.89604940458815,-7.686471392598264,-2.803407357488465,0.275199175581567,187.0,271.0,-84.0,46.149616986374284,43.70983994225881,38.84746916340593
642708,Amed Rosario,1,2024,2024,346,620,242,39.03225806451613,0.09324205353325196,0.023482104637101608,-6.7598916317871645,-1.5362008810938557,9.893704453005011,95.8055085917447,81.54257837029853,27.01408314152069,16.006251200651526,36.62424669819118,-6.7598916317871645,-8.039577958418766,0.6489258989702721,394.0,272.0,122.0,22.564576955046974,18.666372780716376,18.666372780716376
669397,Nick Allen,1,2025,2025,415,718,180,25.069637883008358,0.13722546375671058,0.013131839396529005,-2.4067332028369126,-1.5496948087111677,3.9979372268714166,95.83804862506827,93.53633598929616,10.737094971690956,9.410464255431263,37.23481293042705,-4.066260972164334,-2.6514348847579456,0.23184562262671615,99.0,273.0,-174.0,24.700583476207903,23.035926344245706,21.88808630379424
691777,Max Muncy,1,2026,2026,272,553,184,33.273056057866185,0.12612451138329542,0.019019729183130295,-4.930013898974883,-1.5516870705813406,7.934770376268791,96.3826807080855,88.50706774305522,18.497671665354083,12.502694048265822,42.89604940458815,-10.155242026578607,-6.20572929131066,0.5431505834159062,320.0,274.0,46.0,23.206910094526357,20.97197046032441,18.603200375810722
691788,Joe Mack,1,2026,2026,295,576,158,27.430555555555557,0.14271744074762296,0.022435569262372158,-4.562042979550986,-1.5797905872063587,7.41854346780648,96.31716531211057,89.3648878093118,17.29423471573351,12.11064314177397,42.89604940458815,-10.082955450213804,-4.347210230591022,0.509621166070554,168.0,275.0,-107.0,22.54935563812443,20.306351173178527,17.591902541769308
606192,Teoscar Hernández,3,2024,2026,1617,3234,957,29.591836734693878,0.11282175968698978,0.008472467367664502,-2.1115951985377275,-1.5972924903769843,3.0713937834245963,95.84848891061893,94.511768548449,7.98283684958281,7.354611046593291,38.4749662469315,-3.8299988021696865,-1.779839244315983,0.15120089562516015,233.0,276.0,-43.0,107.97042402044922,102.27967496039004,97.64857724860191
680869,Zack Gelof,2,2024,2026,917,1690,469,27.75147928994083,0.12410245177316978,0.01291317274952446,-2.5548309667998863,-1.625816526436842,4.10773593146873,95.84700133182281,93.47391945523447,10.49283333956559,9.137590327779176,39.14801463566172,-4.608367212523213,-2.713795208623426,0.24163581170930643,180.0,277.0,-97.0,58.204049881616626,54.299416554024134,51.16092865847698
687551,Drew Gilbert,1,2026,2026,356,714,186,26.050420168067227,0.14820372991618475,0.016702297230829437,-3.489421399907943,-1.6318890556196084,5.802400349486706,96.19571247639168,91.86540148022415,13.526654388984554,10.576220075985871,42.89604940458815,-8.641979903367469,-3.7534678920505176,0.38866371850970527,126.0,278.0,-152.0,27.565893764410365,25.49550373379832,22.438319021745667
663616,Trevor Larnach,3,2024,2026,1391,2778,775,27.897768178545718,0.12640513090554156,0.00867941045027023,-2.2067935467728987,-1.6806450707244331,3.0626682822661198,95.66816418197524,94.3120248912662,7.893978565105404,7.275867194782625,38.797524682982534,-4.199133370366089,-1.6367968541762945,0.15047211041689176,184.0,279.0,-95.0,97.96397645179471,92.8478934125262,88.22898558816266
605137,Josh Bell,3,2024,2026,1702,3482,985,28.28834003446295,0.12315356033981845,0.008889717836931595,-2.274112754209516,-1.6898908716600936,3.2222548284400325,95.65671761077525,94.15517650156507,8.281696105151246,7.572548289020768,38.908151030026055,-4.328599134488683,-1.9055900415793037,0.1639244511061851,196.0,280.0,-84.0,121.30625693472118,114.85535708861352,109.02746405655495
683734,Andrew Vaughn,3,2024,2026,1378,2734,797,29.151426481346014,0.11849155759508435,0.009684276349624715,-2.3575591734792045,-1.6947830494506246,3.4292423520448376,95.56830655444703,93.83521121479363,8.96713644834723,8.111610849533731,38.242334905887326,-4.053503494065288,-2.0161211167274344,0.1817111031939247,221.0,281.0,-60.0,94.43777140328223,89.02324383485832,85.12822504524561
553993,Eugenio Suárez,3,2024,2026,1740,3499,1027,29.351243212346386,0.12683071750586689,0.008769454641930434,-2.3198404544573465,-1.7259422276374505,3.2293531047172617,95.51180811772318,93.96741737403048,8.397706572969968,7.675850613685946,38.455179121305676,-4.402320226221744,-3.119948440018163,0.16452850609353228,227.0,282.0,-55.0,130.2551468785253,123.52760956059899,117.48841822248224
670242,Matt Wallner,1,2025,2025,395,760,218,28.68421052631579,0.1269218356901231,0.013299908714393892,-3.562574069187893,-2.0769211807552983,4.834061386958178,94.42209852205781,90.432141888709,12.982639112463337,10.814104478915281,37.23481293042705,-5.226698101762076,-3.2061015429110427,0.30616667942198,210.0,283.0,-73.0,27.668960180446835,25.323598918231472,24.2280505967868
694192,Jackson Chourio,3,2024,2026,1659,3129,1076,34.38798338127197,0.10150813225216525,0.008644341961154246,-2.8765886797573734,-2.1229081768317988,3.4198036756763606,94.51941062134043,92.5736772145375,8.828709553506911,7.990382651770518,38.73503432127244,-4.739364571462134,-2.9496553787899615,0.18089288904745293,343.0,284.0,59.0,109.2227503033298,101.26898260380067,96.118407263237
650559,Bryan De La Cruz,1,2024,2024,622,1223,400,32.70645952575634,0.10228808580378229,0.01204538376759834,-3.952439371962328,-2.386854560496359,4.74864014671895,93.48285691671512,89.20813469684953,12.965837047382816,10.858493228929023,36.62424669819118,-3.952439371962328,-3.7122471360012703,0.2986448159297545,309.0,285.0,24.0,40.91523432151292,36.81787217257864,36.81787217257864
681624,Andy Pages,3,2024,2026,1620,3126,1005,32.14971209213052,0.1148829159770012,0.00796100307180362,-3.0527457578396717,-2.406574444431162,3.0425887109784076,93.82941256305595,92.17259425940499,7.801362521402847,7.197583979973001,39.000734841268304,-5.623770672577343,-3.4602276582030496,0.14879814285238024,299.0,286.0,13.0,115.4573305568862,107.21491701071909,100.27314974092738
691723,Coby Mayo,1,2026,2026,386,843,275,32.62158956109134,0.12077651099078712,0.015733282824372943,-5.679221899954994,-2.418711492060309,6.823392976486218,94.36145862933101,86.7605013077322,15.906809767326479,11.60375538209968,42.89604940458814,-10.856635270261766,-5.920982811809536,0.46785381229511885,306.0,287.0,19.0,33.21354052246646,29.559907766828747,26.229105165264723
669004,Mj Melendez,1,2024,2024,450,941,266,28.26780021253985,0.12900888462773893,0.01448073070977015,-4.417418048885334,-2.431411779632925,5.316251628995918,93.36119647819812,87.93854223053957,14.515661367196067,11.721088856967594,36.62424669819118,-4.417418048885334,-4.228370841925577,0.3479779836590673,195.0,288.0,-93.0,34.31636331097856,31.00329977431456,31.00329977431456
656582,Connor Joe,1,2024,2024,415,803,177,22.042341220423413,0.1604370476586681,0.01587838865904461,-4.078813370556033,-2.483352784213971,4.732038892688723,93.2193751186789,88.86307913943394,12.920508459010659,10.831827146640103,36.62424669819118,-4.078813370556033,-3.8504488017833856,0.2971798044345486,45.0,289.0,-244.0,28.397357435584254,25.576178187616332,25.576178187616332
545121,Ildemaro Vargas,1,2026,2026,457,818,328,40.09779951100244,0.08713917233077109,0.016746424432375052,-6.320837113757772,-2.490433183970185,7.32521640443876,94.19425980122121,85.26475700794559,17.076669078190815,12.035208409786456,42.89604940458815,-9.548315622033826,-6.479426582261989,0.5032922852022561,400.0,290.0,110.0,28.581648524492916,23.76727758951408,21.309014792377152
602104,Ramón Urías,1,2025,2025,389,740,205,27.7027027027027,0.13643066881705151,0.018174091038646412,-5.271394035741455,-2.5357999691565256,6.153660826191424,93.18970670298613,85.8428346461925,16.526632852136228,12.619556109641781,37.23481293042705,-6.786844078057939,-5.3999399913480906,0.4169317414313245,178.0,291.0,-113.0,27.968287107495563,24.550666640989853,23.568149863554666
672275,Patrick Bailey,3,2024,2026,1207,2321,645,27.789745799224473,0.13320790958044598,0.00918216669419331,-3.3061528605371664,-2.5783281794195543,3.156606913062017,93.29409599527048,91.40111647357656,8.209933517627263,7.5318696964537475,38.448629410756816,-5.209269457281358,-3.9654677651321997,0.1583601014049768,182.0,292.0,-110.0,85.91910167938767,79.2682241749404,75.43978795449
665750,Leody Taveras,2,2024,2026,977,1952,582,29.815573770491802,0.12207263787258889,0.01100129978820608,-3.836342761268295,-2.6029194354288556,4.096255992997436,93.41035728950212,90.28777926520888,10.370226245646927,9.036915213432769,39.50016032405181,-6.379504999110118,-3.6744667657381047,0.2406116111641592,240.0,293.0,-53.0,71.04627524184673,64.79943044558152,60.65831460162909
643396,Isiah Kiner-Falefa,2,2024,2025,954,1539,480,31.189083820662766,0.10321988201500482,0.010687428842826125,-3.4275482859949253,-2.603755759223402,3.347289599958359,92.94719357675787,90.71578258375216,9.066820306555616,8.237203548315886,36.918009696719764,-4.020782086525833,-4.258805589486662,0.1746282911207085,283.0,294.0,-11.0,49.54554336720231,44.09574159247038,43.15249984962624
682626,Francisco Álvarez,2,2024,2026,716,1540,474,30.77922077922078,0.12667367724242068,0.013243731986610172,-4.705853477009889,-2.6117301169313736,5.331399402186844,93.45435971024195,88.20596970677603,13.361802776447906,10.77867547272124,39.90030006717507,-7.853162187882364,-4.951348256868506,0.349270226071014,266.0,295.0,-29.0,60.04332301290741,54.42767119700894,50.67188280203445
691016,Tyler Soderstrom,2,2025,2026,1070,2001,554,27.68615692153923,0.13136945994232962,0.01003099127550154,-3.607760401544746,-2.7566186645148862,3.337514958953567,93.04160170562618,90.89310605497325,8.424726530652201,7.6577618622677175,39.61570677470041,-6.316401501251638,-3.7894020296830346,0.17378687728935321,177.0,296.0,-119.0,72.77868080805061,66.34484142529581,61.514431464151855
676356,Jonny Deluca,2,2024,2026,679,1274,470,36.891679748822604,0.0963733535945253,0.01333822986501403,-5.229788252102922,-2.7708720825753774,5.662791836156615,92.99441318493483,86.77754348354395,14.317218060447315,11.299225518396872,39.55231953755471,-7.0319453759507535,-5.312530633784174,0.3771548683489788,374.0,297.0,77.0,45.29547618942689,39.377099150797086,37.33765800564262
663898,Brendan Rodgers,1,2024,2024,538,1026,301,29.337231968810915,0.11618420647061502,0.013064077901378606,-4.501391179967644,-2.832497057897166,4.630229227944472,92.2660605657261,87.70925934105298,12.642524134627873,10.666461169851509,36.62424669819118,-4.501391179967644,-4.0244740902906,0.28817517398334846,226.0,298.0,-72.0,34.97144614765512,30.9351987229508,30.9351987229508
570482,Gio Urshela,1,2024,2024,458,838,306,36.51551312649165,0.09518449813531617,0.015045733743766427,-5.898942674029005,-2.865177239874941,6.218196477929173,92.17682956461614,83.89334059853756,16.978360071597816,12.907878400645568,36.62424669819118,-5.898942674029005,-7.053525204846983,0.4220127590740345,372.0,299.0,73.0,29.126456429406748,24.62359685489794,24.62359685489794
608369,Corey Seager,3,2024,2026,1317,2542,666,26.199842643587726,0.13470683045090784,0.007264211584703453,-3.381658062345731,-2.8964897580823123,2.4773613400347223,92.4835885355914,91.22457334516736,6.42877024707591,6.085785354944153,38.535540155001435,-5.290213688216282,-3.119863057026193,0.10385672237793031,130.0,300.0,-170.0,89.71474908030461,82.29200963345573,78.10273003466988
592696,Eddie Rosario,1,2024,2024,322,610,212,34.75409836065574,0.10432862357295361,0.021270132762734748,-8.925984585772909,-2.921463557961048,8.689419811524637,92.02314362385142,75.6282097504172,23.725866317828714,15.23330621573555,36.62424669819118,-8.925984585772909,-9.020564903954815,0.5877656412542497,350.0,301.0,49.0,22.117668197466166,17.327389803101372,17.327389803101372
669016,Brandon Marsh,3,2024,2026,1427,2923,862,29.4902497434143,0.1250830024390139,0.008262177080030068,-3.794328866821799,-2.9927560305785916,3.14831243038621,92.34690121014128,90.29711297469646,8.050888814491067,7.389031894376649,39.105153516956484,-5.917494740775649,-4.299556205881182,0.15765999987194912,231.0,302.0,-71.0,107.82154810242999,98.79736928083881,93.74777311061857
701538,Jackson Merrill,3,2024,2026,1669,3205,1167,36.41185647425897,0.09845564748641626,0.008112385656141079,-3.967479195814594,-2.9940771298917137,3.468849716872106,92.3286482230768,89.8346210674209,8.887802579878366,8.022928503365089,39.02932907989479,-6.201794216489787,-3.7048294106183475,0.18515117167652784,371.0,303.0,68.0,114.89774061664778,103.86153598695685,97.64641637111202
596146,Max Kepler,2,2024,2025,873,1664,473,28.42548076923077,0.12418218212420934,0.011204885194899348,-4.171375966515926,-3.0026822764245242,3.797116800023503,91.87492686004055,88.71251377865755,10.274763987982421,9.109271545769008,36.95575688614055,-4.890747409532581,-4.342378608079981,0.2139981155988775,201.0,304.0,-103.0,58.73817214475102,52.668820113470346,51.62213466388111
621439,Byron Buxton,3,2024,2026,1325,2542,822,32.33674272226593,0.11034730355650929,0.008647233728872796,-4.176703855536596,-3.2348318608185447,3.3201853488640465,91.66222119647085,89.23454622259733,8.557777410582869,7.785710618718139,38.79728566856835,-6.1626536516837795,-3.8782482704846295,0.1722969738801699,301.0,305.0,-4.0,90.70548352345064,81.48192917580732,77.09629004264896
673357,Luis Robert,2,2024,2025,848,1650,568,34.42424242424242,0.10259456280232063,0.010582480012162696,-4.973685109195241,-3.2532539978640087,4.478192075157647,91.19098682507735,86.5324817294979,12.125844774431592,10.327107201725065,36.93096982900778,-5.554497763629717,-4.464153540261395,0.27467380582519957,344.0,306.0,38.0,58.27371167171812,51.244236717388844,50.423354832454784
693304,Nick Gonzales,3,2024,2026,1351,2371,768,32.39139603542809,0.11006272664170941,0.009310579359923495,-4.192052816213168,-3.2830343908933033,3.244528901406822,91.66437634149592,89.35637874234479,8.237858228438489,7.523913921451732,39.38558799429391,-6.349055321190179,-4.638864872326839,0.16582146694190547,303.0,307.0,-4.0,84.52817406083282,75.08906846965951,70.23221782928627
669127,Shea Langeliers,3,2024,2026,1472,2839,901,31.736526946107784,0.1111101353680152,0.008977020507924375,-4.263390769565793,-3.2933088491946485,3.3479746897998206,91.46924437520507,88.95641239446275,8.672358173654196,7.878553205505914,38.60512472801978,-5.952000066222833,-3.879975947883228,0.17468729245223463,291.0,308.0,-17.0,100.1102319665817,89.65071327858028,85.50799180411501
456781,Donovan Solano,1,2024,2024,308,615,183,29.75609756097561,0.12333869383500608,0.01216669559673552,-5.399801065310683,-3.3182711419990585,4.890911485486614,90.93968766281016,85.25621261289349,13.354299204543555,11.083614824164872,36.62424669819118,-5.399801065310683,-4.765730569782899,0.31115637289485437,238.0,309.0,-71.0,22.57098097180611,19.799083091613294,19.799083091613294
701675,Nathan Church,1,2026,2026,412,813,348,42.80442804428044,0.0939495271167864,0.01302972305853613,-7.348028751543422,-3.3384895817015803,6.7732178102421035,92.21725630205822,82.87015039021873,15.789840566338126,11.558113800480413,42.89604940458815,-11.570312228029067,-8.367866391747066,0.46418058897455916,404.0,310.0,94.0,32.69443543664167,27.64878902724852,24.749487706728377
502110,J. D. Martinez,1,2024,2024,495,1060,318,30.0,0.12538775164948535,0.0152463224837711,-6.748382299733257,-3.3497412815000516,6.228352810760065,90.85376059989927,81.57400381407285,17.006091243557716,12.92005137234244,36.62424669819118,-6.748382299733257,-5.951048350754036,0.4228091055449188,249.0,311.0,-62.0,39.87330502453634,34.305889627256406,34.305889627256406
571448,Nolan Arenado,3,2024,2026,1593,3185,1013,31.805337519623233,0.11959478587260466,0.009293941238770616,-4.532833501554002,-3.3611972357261655,3.6524261953626884,91.35337394633899,88.33935841822839,9.395807887802837,8.397460751169772,38.872933961368915,-6.757572624713966,-4.93145307967469,0.20121903210437342,294.0,312.0,-18.0,121.14951808894853,109.11484514232265,103.20816277033295
805779,Jacob Wilson,2,2025,2026,859,1412,518,36.685552407932015,0.08961559276776343,0.012033200758613817,-5.140137386815491,-3.382135840785249,4.463949675978471,91.42947266922695,86.97459533517663,11.311905997331644,9.64232093317656,39.46240073981757,-7.027183645876693,-4.978311471124345,0.27340636379581945,373.0,313.0,60.0,46.42087705370146,39.061913694910615,36.36029246735466
575929,Willson Contreras,3,2024,2026,1418,2834,911,32.1453775582216,0.1134847384316678,0.008510621567016657,-4.482180718268089,-3.414341690990362,3.467135497474229,91.27100667195805,88.54100464283297,8.86396423203074,8.002141895973283,39.11495361122306,-6.9358974790939545,-4.257338811110629,0.18500206861361637,298.0,314.0,-16.0,103.38459671124937,92.79170961374246,86.992759002324
606115,Orlando Arcia,1,2024,2024,601,1161,319,27.47631352282515,0.12867614052543627,0.012821858494765661,-5.077448242302942,-3.4329220605548416,4.294200614592413,90.62664117341589,86.13637494268596,11.725020994915093,10.097982542944255,36.62424669819118,-5.077448242302942,-4.945402700748679,0.25827661257010653,171.0,315.0,-144.0,41.047688827614174,35.96177817157406,35.96177817157406
676609,José Caballero,3,2024,2026,1268,2607,859,32.94975067126966,0.10878061863918757,0.008958200840874083,-4.699023727083125,-3.4580401226573,3.72042985018462,91.10151486916656,87.90812388470758,9.573685824309216,8.524266031374069,38.8609979318291,-6.592883156344662,-3.9971829111919113,0.20721459293893857,314.0,316.0,-2.0,93.44255141106213,83.51194793449312,79.50959167398707
645277,Ozzie Albies,3,2024,2026,1717,3383,1204,35.58971327224357,0.10110031014251222,0.007672905894868421,-4.443319192426862,-3.4710427636103574,3.28860042118126,91.12601957408313,88.64032216685102,8.407552932557428,7.6615473398356,39.114834572690896,-6.612235288761057,-4.660607146843958,0.1695877286876142,365.0,317.0,48.0,121.72477341158472,109.00947498925652,102.80276009358016
641680,Jonah Heim,3,2024,2026,1278,2374,755,31.802864363942714,0.11360148138911592,0.009593560045846673,-4.6401724715449495,-3.5441528150600927,3.4651030632163393,90.80861634081026,87.96620584486361,8.98637652905917,8.113532021668421,38.55951341468127,-6.265049861022223,-5.299301644533228,0.18482531201002797,293.0,318.0,-25.0,85.76911844878252,75.88555108439178,72.42456224480519
663728,Cal Raleigh,3,2024,2026,1774,3941,1319,33.46866277594519,0.11723024235425608,0.00790980426369194,-4.750074797682979,-3.559844596913372,3.6051116825551817,90.75008620570499,87.65738750699458,9.367535962484249,8.393959424399737,38.4851651169868,-7.049561031713129,-4.32371431395418,0.19706018614664725,325.0,319.0,6.0,154.62668966526377,140.5823018467811,133.78348754816528
682663,Agustín Ramírez,1,2025,2025,583,1110,358,32.252252252252255,0.11000276739942189,0.011485304098494478,-5.405723406135728,-3.5866383523103558,4.444606781405655,90.36751343692269,85.48207180136428,11.936696955374444,10.186945152128008,37.23481293042705,-6.845771267670754,-5.442244260284988,0.27168442211104915,300.0,320.0,-20.0,39.380990728993034,34.12842948603115,32.72918298057295
671277,Luis García,3,2024,2026,1543,2929,1096,37.41891430522362,0.09238615453353563,0.008776404433303365,-4.947914741237983,-3.602799912402972,3.815645755473544,90.7201921852211,87.25555151577223,9.828039347445989,8.704113275758477,38.8240789498377,-6.800058502233722,-4.44524975008187,0.2156402570106708,378.0,321.0,57.0,101.25522536875505,88.5308379592047,83.76774158717733
681297,Colton Cowser,3,2024,2026,1271,2642,691,26.15442846328539,0.1390551378731781,0.008733865209453946,-4.49995869354451,-3.6331107340188047,3.05364621867967,90.57147500228656,88.32186075874705,7.924718461621587,7.307435171553526,38.533182389609095,-6.506302453902329,-3.528675149079426,0.14971942406589334,128.0,322.0,-194.0,96.08710027036607,86.55468777120761,82.3045829055163
665019,Kody Clemens,2,2025,2026,903,1742,534,30.65442020665901,0.1271934192212844,0.011789650828600088,-5.38210237495746,-3.683583681324085,4.252726406824536,90.89935543206988,86.70300311323618,10.506765916404763,9.071327317882986,40.476074566242424,-8.535497347359227,-4.946978912009273,0.25457567227231015,263.0,323.0,-60.0,67.92128586416588,59.8212217898549,55.075362356390244
683146,Brett Baty,2,2025,2026,861,1672,454,27.15311004784689,0.1427127854367499,0.009455979744141516,-4.879161416751941,-3.817399774543932,3.318030849344684,90.47130424382354,87.82101759539749,8.282209970212122,7.535846681280371,40.062143573736314,-7.870136036649891,-5.149968723233176,0.17211190967704304,156.0,324.0,-168.0,64.79160458828446,57.79000795524542,53.49795937569186
691718,Pete Crow-Armstrong,3,2024,2026,1703,3297,1265,38.3682135274492,0.09632917277460938,0.00782120390718915,-5.042864217420522,-3.8350902612398547,3.5327172608578374,90.22715351752085,87.14941905620097,9.002318356180314,8.098486963126694,39.242305382729995,-7.4261450227105845,-4.307987793420914,0.19071956621089622,385.0,325.0,60.0,121.85640355988086,107.54307395610228,100.77852860375398
686527,Dominic Canzone,1,2026,2026,457,937,328,35.005336179295625,0.11496447652518206,0.013474788775701692,-7.565536608025579,-3.882724438895399,6.140402881492279,90.94852674596159,82.36309237555015,14.314611640752874,10.940302086530593,42.89604940458815,-12.28915924458018,-7.340975373375396,0.41588348146676696,353.0,326.0,27.0,37.708348300259715,31.945931250480232,28.34810534230448
642715,Willy Adames,3,2024,2026,1877,3825,1094,28.601307189542485,0.13433792770462427,0.0069687171596038225,-4.562415605220807,-3.9061189084694945,2.586290446154888,89.86243445565802,88.15914509459284,6.712209620078802,6.324654471771492,38.531133449978945,-6.577300008597959,-4.480680255119899,0.11214389260019608,206.0,327.0,-121.0,146.96569290885895,132.69293609052653,126.38970604862834
519317,Giancarlo Stanton,1,2024,2024,457,945,294,31.11111111111111,0.12961055483435777,0.020930779215208962,-10.752035846050607,-3.935639311090883,8.311404165243454,89.25400611370047,70.64230171160999,22.693720457201767,14.94934306303896,36.62424669819118,-10.752035846050607,-10.211515040319775,0.5660568722649484,278.0,328.0,-50.0,38.10550312130118,29.916035818559305,29.916035818559305
677587,Brayan Rocchio,3,2024,2026,1353,2603,822,31.57894736842105,0.11423881647834856,0.008583819654499029,-4.987625573335599,-3.9527486571898924,3.2331920695990366,89.93244608269723,87.2966399501424,8.234860930627672,7.525530345507271,39.262254661446946,-7.317461375537765,-5.104427070261662,0.16485538696036894,287.0,329.0,-42.0,93.90430714520252,82.65721147733075,77.40343174336486
694374,Tim Tawa,1,2026,2026,295,621,202,32.52818035426731,0.13406368169731903,0.019147097159522928,-10.380510578075386,-3.978474938011181,8.022010564646006,90.72531155378228,75.80077717607932,18.70104747638596,12.564934928007004,42.89604940458815,-15.223906161940544,-12.196665017019633,0.5485718657264331,305.0,330.0,-25.0,27.08086370285844,21.977112668638043,19.595776506571006
663853,Romy Gonzalez,1,2025,2025,339,624,220,35.256410256410255,0.11133607267476871,0.01774388607091984,-9.003042267192077,-4.051175909197376,7.007007495879597,89.11992409692787,75.82090103684907,18.818430775984115,13.555863374885858,37.23481293042705,-10.231273141002545,-9.447757726764637,0.48109535955445293,358.0,331.0,27.0,24.493935988449117,19.407217107485593,18.71326666378268
683357,Owen Caissie,1,2026,2026,323,701,211,30.099857346647646,0.145036183310302,0.015379968824398984,-8.458810009696267,-4.05599883559433,6.604153515934301,90.54458652511599,80.28067822769825,15.39571500779725,11.400814444395836,42.89604940458815,-13.919958585506494,-8.153682280806127,0.4516320952331053,251.0,332.0,-81.0,30.60263467847372,26.048975289920563,23.109056973276058
680718,Addison Barger,1,2025,2025,501,941,293,31.137088204038257,0.12685029534025863,0.014052666222106968,-6.849058359532619,-4.130333239806479,5.153901768032026,88.90733452179826,81.60576669921767,13.841621220608925,11.295643241272627,37.23481293042705,-8.41082795394858,-7.237463182701582,0.33404020097364,279.0,333.0,-54.0,37.16713653469578,31.448172804486042,30.144095193148715
700932,Kyle Manzardo,2,2025,2026,882,1689,492,29.129662522202487,0.13166035246900057,0.010833059584761726,-5.781299649326304,-4.228791765470381,3.859768719322935,89.29609763423673,85.3663953144009,9.769832570950514,8.63094351044912,39.50700988264136,-8.708625409971486,-5.759744333287315,0.21955499378037602,219.0,334.0,-115.0,64.77689341474829,56.27838293023862,51.9752140620902
686668,Brenton Doyle,2,2024,2025,1142,2096,631,30.10496183206107,0.11832429982616324,0.008943482602659288,-5.301360924940941,-4.242602688290091,3.183464594255881,88.50646717596507,85.63821072120656,8.624247306782259,7.901280851405948,36.91295577473003,-5.9611164280508575,-4.931346761971287,0.160631639527204,253.0,335.0,-82.0,74.66263319030901,64.57237622983808,63.31664158891888
669065,Kyle Stowers,2,2025,2026,904,1765,546,30.93484419263456,0.12826450391905117,0.010118934275726623,-5.968921273186806,-4.342501511928852,3.910496742228857,89.15469494838894,85.0927462295787,9.766382338912601,8.602944228184269,40.04038144859538,-9.024068749520868,-6.101787220861984,0.22406244793427157,272.0,336.0,-64.0,70.03241913980195,61.03924442153382,56.4361555571905
600869,Jeimer Candelario,1,2024,2024,462,921,322,34.96199782844734,0.1113559073213512,0.015392091320364305,-8.880956755101186,-4.354091936887676,6.5173039766704495,88.11144984695967,75.75115516153454,17.795052633785176,13.256014610328782,36.62424669819118,-8.880956755101186,-8.672160953093412,0.4450838118069188,352.0,337.0,15.0,35.85660215747509,29.018265456047175,29.018265456047175
669477,Casey Schmitt,2,2025,2026,752,1383,475,34.34562545191613,0.10968793131439596,0.011502944064834757,-6.520502797975455,-4.37062484518859,4.484778049764562,89.15445589299298,83.81961316740421,11.128811067461841,9.474143450715262,40.2988066072669,-9.18746469643087,-6.357240034383379,0.27525976341651165,341.0,338.0,3.0,52.10176737433808,43.92940386754218,40.586811621478056
676391,Ernie Clement,3,2024,2026,1604,2586,1075,41.56999226604795,0.08272424103576233,0.009689019008298853,-6.204596592065988,-4.50770861006743,3.9369917443608142,88.45976579267378,84.11554427575376,10.079135705613847,8.864947058858066,39.06080699129787,-7.491263136559274,-6.203400178148337,0.22641915483301261,402.0,339.0,63.0,88.9285591134445,72.3416042239881,68.90191566170938
650391,Eloy Jiménez,1,2024,2024,346,641,213,33.229329173166924,0.10931821328162696,0.016132328702426615,-9.043242981624157,-4.5554160739343414,6.376412435022573,87.56174806413335,75.30804372265548,17.410357918262644,13.094677156178282,36.62424669819118,-9.043242981624157,-9.393435525079807,0.4343156128477191,319.0,340.0,-21.0,23.284779428986543,18.069842642916612,18.069842642916612
681393,Connor Norby,2,2025,2026,660,1270,380,29.921259842519685,0.1345509377782255,0.010058062658008293,-6.5224774971173485,-4.794973969477019,3.8774478596061726,88.01674884312156,83.6994973256195,9.690236452822555,8.552010459353623,40.01396538137887,-9.578666255099765,-7.175065222973919,0.22112511921465314,244.0,341.0,-97.0,51.12935635572569,43.954631108896606,40.59282347511595
665926,Andrés Giménez,3,2024,2026,1458,2689,1048,38.97359613239122,0.09297810694558353,0.007545077524167045,-6.059004935230828,-4.79503551397396,3.3166724433951567,87.62386463010267,84.36152035438293,8.560434436292168,7.789547329105841,38.74420706189915,-7.65041469032509,-6.608917094360318,0.17199524644738018,392.0,342.0,50.0,97.44105607897154,82.71767408636063,78.85054838148157
677950,Alek Thomas,1,2025,2025,470,785,275,35.031847133757964,0.10716514443544016,0.015389148896974958,-8.454902400530841,-4.802228303260957,5.634861278397214,87.10285368632339,77.29301764902442,15.133314323146747,11.965517547319266,37.23481293042705,-9.691906596910659,-8.557087431086124,0.3748346907008123,355.0,343.0,12.0,29.470414719746046,22.84740783933022,21.878421218832695
641933,Tyler O'Neill,1,2024,2024,470,1038,275,26.49325626204239,0.14912280987735624,0.014177064832855035,-8.320567675950416,-4.847343522167671,5.474469041131859,86.76466013864231,77.28125920372484,14.947663186755005,11.94502816294586,36.62424669819118,-8.320567675950416,-8.032268336342364,0.36140171297437124,139.0,344.0,-205.0,41.008772716272965,34.49099470344514,34.49099470344514
572233,Christian Walker,3,2024,2026,1756,3596,1015,28.225806451612904,0.1397938225872967,0.007094054574563379,-5.772151907602133,-4.961044385049462,2.6213719367883335,87.23828256259588,85.15180152941583,6.743178524354189,6.344126780140036,38.874425870837946,-8.157879789629362,-6.184982163545057,0.1148550597031472,192.0,345.0,-153.0,141.89072992610613,124.99756534319056,118.0153350751242
647304,Josh Naylor,3,2024,2026,1807,3342,1194,35.727109515260324,0.09987348797901972,0.008901718498976295,-6.549480908571159,-5.020944815593377,3.5814288951981537,87.06710352220253,83.12991644305666,9.225006616352623,8.276929742950298,38.82304961006279,-8.062807420952842,-6.435936839152172,0.194982790080849,366.0,346.0,20.0,119.24894464694955,99.52409131063608,94.96645629751325
663624,Ryan Mountcastle,2,2024,2025,861,1660,645,38.855421686746986,0.09289276381303262,0.012090292392722172,-8.616379928660814,-5.042582522309817,5.466888224128879,86.32556707600011,76.6341732909905,14.825061561830827,11.852983579197248,36.87599003436276,-9.234812036974924,-7.50347571706359,0.3607623378061796,391.0,347.0,44.0,59.915832659406036,47.55132746177777,46.66387738634702
669357,Nolan Gorman,3,2024,2026,1077,2190,658,30.04566210045662,0.13403022818272659,0.01056010581388749,-7.148616245076834,-5.127569284700097,4.083838070465784,86.66334482997279,81.40666180992994,10.621941331645413,9.2630158808567,38.44719098851556,-9.14448836048546,-7.339914139860653,0.23950384864689506,250.0,348.0,-98.0,88.1918901442341,75.36012398432118,71.7775335371627
672820,Lenyn Sosa,2,2024,2025,911,1725,685,39.710144927536234,0.09373680135360475,0.011353576119790086,-8.544262157939755,-5.228446726663909,5.19025425799815,85.86454477468871,76.90001610785416,14.032199333266762,11.424187316731146,36.988173662081486,-9.408224462723961,-8.564987030013437,0.3371746039325572,397.0,349.0,48.0,64.20970892721925,51.23667088408072,49.92488811798337
621438,Tyrone Taylor,1,2024,2024,342,647,212,32.76661514683153,0.11966574422381034,0.018478408822350276,-11.842972862498787,-5.364353722858645,7.180483789145866,85.35299915636604,67.66357282350958,19.60581974099825,13.95578052078811,36.62424669819118,-11.842972862498787,-11.50667051129201,0.4933147627789478,312.0,350.0,-38.0,25.36913777544779,18.61864324382348,18.61864324382348
514888,José Altuve,3,2024,2026,1832,3559,1338,37.594830008429334,0.09839436265703051,0.007742903430687102,-6.994270435143832,-5.465410742962953,3.46196990633678,85.82601890792485,81.86107841423751,8.978263172064635,8.107561146095346,38.55946122306268,-8.61834691554466,-6.903412046924569,0.18455288081132248,380.0,351.0,29.0,131.65165723510682,110.29581817313432,105.3369713196438
594807,Adam Duvall,1,2024,2024,325,636,214,33.64779874213836,0.11942265955140557,0.016039751697548222,-11.235324654825629,-5.581142791307953,6.601394327422029,84.76107143636186,69.32271468294657,18.024655583559245,13.350112775325929,36.62424669819118,-11.235324654825629,-10.679178274422368,0.4514251172300219,330.5,352.0,-21.5,25.556449144000794,19.47064828930358,19.47064828930358
664040,Brandon Lowe,3,2024,2026,1564,3138,1016,32.37731038878266,0.12032811923260807,0.007338585615411338,-6.744734647971091,-5.589193620312683,2.9825599992662046,85.74538471599949,82.7983061366699,7.6066868029900325,7.038463873731294,39.20971214555359,-9.367106509817143,-6.881960687189374,0.1438207432725045,302.0,353.0,-51.0,122.2533691403298,104.67209415795182,97.8364448380731
669224,Austin Wells,3,2024,2026,1205,2412,676,28.026533996683252,0.14221468051464994,0.007669171868339508,-6.6929839194035186,-5.597581798479739,2.902142071847134,85.51395283093896,82.67914891666638,7.510487288548782,6.976189303286213,38.64119544243184,-8.946840618402595,-6.609464947780589,0.13721957520216324,186.0,354.0,-168.0,96.13712402790335,82.69538132310129,78.16888578594481
691781,Brady House,1,2026,2026,312,609,207,33.99014778325123,0.11681424503510818,0.01343181725547165,-10.35761088842679,-5.829066413901167,5.804073662066934,86.41118122808369,75.85416132209382,13.530555243733314,10.578084338298762,42.89604940458815,-14.365557250376426,-8.846064776986074,0.3888007495051651,335.0,355.0,-20.0,24.180548722267392,18.794591060285462,16.71045895207165
607208,Trea Turner,3,2024,2026,1800,3484,1163,33.38117106773823,0.11353575419270828,0.006388254578817475,-6.79527959747854,-5.906818285747976,2.556901890352375,84.8587376499653,82.58129738381956,6.554242987047052,6.183648759738334,39.011399110553285,-8.792451548913666,-6.523504464962305,0.1098882172375083,322.0,356.0,-34.0,132.04208212611974,111.65624333368412,105.66472747937874
668904,Royce Lewis,3,2024,2026,1176,2315,756,32.65658747300216,0.123159400970937,0.008985254652649438,-7.673247037795679,-5.907615885537217,3.60429832675943,84.93683789785833,80.43485456407868,9.19019296656898,8.235413953433499,39.21896242952384,-10.03410440363264,-7.53711138084994,0.1969887918794834,307.0,357.0,-50.0,93.10850713402837,78.06894293994884,73.4416625029084
650489,Willi Castro,3,2024,2026,1565,3162,1074,33.96584440227704,0.114448311200324,0.007262400231081786,-7.3328736593592465,-5.954727749045367,3.1739611703671677,84.62082452604662,81.06151020024453,8.197336275267423,7.513756080855041,38.719421331335134,-9.36860257953382,-7.451003384611645,0.15982707454822231,333.0,358.0,-25.0,122.91748622914798,103.79090743431928,98.48104783419727
665804,Miguel Amaya,1,2024,2024,364,636,214,33.64779874213836,0.11929098425501564,0.01698605740903691,-11.477606699985659,-5.981530541061843,6.326718084470174,83.66784007776667,68.66118013410902,17.274670893866173,13.036653415736916,36.62424669819118,-11.477606699985659,-11.250098532242484,0.4304751541721334,330.5,359.0,-28.5,25.528270630573346,18.565189232582046,18.565189232582046
668901,Mark Vientos,2,2024,2025,914,1762,577,32.74687854710556,0.11252323400348409,0.00964786374598366,-8.375896397493728,-6.25553463187331,3.8576679916157715,83.06211296912224,77.32088537401323,10.445269427763328,9.228745892442861,36.93220187659461,-8.988276529411202,-7.055509901440888,0.2193684805353474,311.0,360.0,-49.0,64.92590602001032,52.16662384116154,51.233764773540585
595879,Javier Báez,1,2025,2025,435,816,377,46.200980392156865,0.09849642668566745,0.017257597747682797,-18.01120980405243,-6.300580714390865,9.03893911282196,83.07879046911435,51.62803734852587,24.275505639604386,15.223378605988431,37.23481293042705,-18.955333019175484,-18.321460602873234,0.6067347908872767,410.0,361.0,49.0,37.13315286049663,24.075025752558616,23.390536421594405
669304,José Miranda,1,2024,2024,427,808,289,35.76732673267327,0.10331219491310273,0.014779122979221014,-11.832284903903311,-6.355425502003867,6.159277707172366,82.64694546654593,67.69275556324905,16.817486398912237,12.83676220024271,36.62424669819118,-11.832284903903311,-12.091673586425896,0.4173753946162604,367.0,362.0,5.0,29.857224329886687,21.436581573275497,21.436581573275497
660821,Jesús Sánchez,3,2024,2026,1328,2669,924,34.61970775571375,0.11348298414657716,0.008456180160004552,-8.374026311439138,-6.411770805027925,3.673222818989445,83.23729755212939,78.10724749561875,9.60314131802164,8.5729195450956,38.25022143635571,-9.898804099849766,-8.331248994171228,0.20305040150317982,347.0,363.0,-16.0,104.8582773514373,86.32376578211867,82.94892427710315
663586,Austin Riley,3,2024,2026,1482,2996,902,30.106809078771697,0.13236658294540596,0.007877615376933385,-7.872588108637875,-6.514138443505777,3.036155641612252,83.38369753144616,79.91855617470327,7.744643581060331,7.147501395634793,39.20329721870257,-10.382680977279813,-7.728404209427363,0.14826277936130008,254.0,364.0,-110.0,119.39465781675617,99.94936518842061,93.74943580287503
596115,Trevor Story,1,2025,2025,653,1185,421,35.527426160337555,0.11261765526021662,0.012056349340739977,-10.026740609209416,-6.612291364820322,4.78352997941836,82.24164204295766,73.07159665890009,12.846928997216525,10.735294962892471,37.23481293042705,-11.151154251021191,-9.950222007963902,0.3017204626398975,363.0,365.0,-2.0,47.4120328645512,36.49959683486162,35.275859988023136
696100,Hunter Goodman,2,2025,2026,1087,2225,861,38.69662921348315,0.10395350155391127,0.0094076510768597,-9.761781913730587,-6.643774868446364,4.56208405690117,83.3451612547527,75.52883611219147,11.436386062810787,9.689725878208998,39.890958838267125,-12.617853981368281,-8.863510547732293,0.2821307231412854,389.0,366.0,23.0,89.50396483791761,71.81886993754236,66.6446193750054
660688,Keibert Ruiz,1,2024,2024,483,861,333,38.67595818815331,0.10254584492754905,0.01476496010677794,-12.317323428120407,-6.699637538561595,6.102107205369207,81.70709804963037,66.368391056276,16.661386254998607,12.766937125994078,36.62424669819118,-12.317323428120407,-11.156907663653396,0.4128471490006131,388.0,367.0,21.0,34.14776636087383,24.232321001236905,24.232321001236905
686797,Brooks Lee,2,2025,2026,1089,2102,700,33.30161750713606,0.11869398888256356,0.009050580860490596,-8.716639580112789,-6.708167571734968,3.6467188678139353,83.2927376456686,78.29046714236625,9.082463758623728,8.119962399569765,40.15120747772216,-11.583743156187667,-8.650778714739719,0.20071679170953635,321.0,368.0,-47.0,83.08579221779449,67.26509137988978,62.061298389313876
694208,Moisés Ballesteros,1,2026,2026,300,658,243,36.93009118541033,0.13343296911311994,0.015813833387728293,-16.211729352679605,-6.737600929392537,7.905719004367471,84.29319011211348,62.206940784282104,18.429946613036766,12.481718891626452,42.89604940458815,-21.73777419365225,-17.018189960860163,0.5413296779276482,375.0,369.0,6.0,32.42421149448815,24.318346818148346,21.555324397662023
665161,Jeremy Peña,3,2024,2026,1599,2895,1076,37.167530224525045,0.10211995181173913,0.007328957855295444,-8.455221836718323,-7.000638991487733,3.0481738555434568,81.78987575465055,78.0062019544431,7.928936872529123,7.313285716989732,38.443664069318906,-10.037705306215878,-8.223812365171774,0.1492633134560974,376.0,370.0,6.0,109.88106814943131,87.34790195457698,83.130583508366
572191,Michael Taylor,1,2025,2025,323,604,180,29.801324503311257,0.1470411213888349,0.014312548834819961,-11.72400351452651,-7.030065559873595,5.466002051305909,81.11964313340525,68.51332773866028,14.679816067611487,11.737542771664124,37.23481293042705,-13.63502548261217,-11.434118430449214,0.36068757125160017,239.0,371.0,-132.0,26.467401849990285,20.155979958003513,19.127213131850734
592663,J. T. Realmuto,3,2024,2026,1370,2698,841,31.17123795404003,0.12793972332007986,0.007118457118884979,-8.3129794553564,-7.038644975027936,2.8465514020389664,81.83146857695866,78.54208743450077,7.34767256748052,6.842794175235416,38.740858086644906,-10.628099598489392,-8.163621890729168,0.1327039576133029,281.0,372.0,-91.0,107.59730731218717,88.61600422245672,83.32981322896973
663698,Joey Bart,1,2025,2025,331,692,160,23.121387283236995,0.1818554428416104,0.017696633893926512,-12.838047241648818,-7.181344717674131,5.9466163260807665,80.7133589442428,65.5213864894753,15.970581985176,12.366716046467653,37.23481293042705,-13.887405933097698,-11.459905270744173,0.40039217358111245,62.0,373.0,-311.0,29.096870854657663,22.014548126348064,21.435651914898767
642731,Thairo Estrada,1,2024,2024,382,637,223,35.00784929356358,0.12188643874405143,0.01745663563910333,-13.68555831225725,-7.203781416154435,6.35712740303674,80.33056768233756,62.63251931149437,17.357701457790554,13.072229612511986,36.62424669819118,-13.68555831225725,-14.478723871048713,0.432827838512259,354.0,374.0,-20.0,27.18067583992347,18.467537047786355,18.467537047786355
694212,Samuel Basallo,1,2026,2026,369,759,302,39.78919631093544,0.11342240440232917,0.014746224210325874,-16.481668588040762,-7.409380176060356,7.431536222096255,82.72712690584544,61.57765384735433,17.324523645530352,12.121030382557336,42.89604940458815,-20.806057380219215,-16.7851244865491,0.5104957402492966,398.0,375.0,23.0,34.25356612950341,24.117339947858344,21.457840840668595
686780,Pedro Pagés,1,2025,2025,388,725,260,35.86206896551724,0.12210763423293812,0.016319251366419242,-14.949630601246323,-7.480362732317253,6.715750311515486,79.91029860605383,59.85039422870315,18.03621337930128,13.254533514662798,37.23481293042705,-16.09761567596448,-14.239315193592414,0.4599447827813541,368.0,376.0,-8.0,31.74798490056391,22.080557111757955,21.33819343010688
671218,Heliot Ramos,3,2024,2026,1593,3150,982,31.174603174603174,0.1313817173674432,0.007534590608893751,-8.939141329889774,-7.5053728855211075,2.9381683219841883,80.46505613038222,76.7332513939642,7.6474485844902835,7.091263308979832,38.42024290222832,-10.90945069558171,-9.400955303833955,0.14016703447699594,282.0,377.0,-95.0,129.01684645482922,105.28342622397187,100.05225485805978
677594,Julio Rodríguez,3,2024,2026,1897,3736,1405,37.607066381156315,0.10765725650833782,0.006346603794492559,-9.030938599222601,-7.613841308504806,2.9031894489857804,80.36222122000243,76.70721424293754,7.487966959847468,6.954926599192991,38.77139769116875,-11.378844082515041,-8.953320279577726,0.13730503583631395,381.0,378.0,3.0,151.25844539421465,122.70562785633919,115.28233335332959
667670,Brent Rooker,2,2024,2025,1307,2599,750,28.857252789534435,0.13750233006492033,0.008584088007520032,-9.32395920495874,-7.667681543725067,3.129197614489055,79.24841004391132,74.76590843200253,8.468769264496741,7.779986870427807,36.949850878656676,-9.978614377849741,-8.680141831496877,0.15604920389334231,215.0,379.0,-164.0,103.12674754869025,82.81605641388846,81.3899992289409
642133,Rowdy Tellez,2,2024,2025,733,1462,420,28.72777017783858,0.13794240247652162,0.011894343702624328,-11.204176194582576,-7.858094588031884,4.401159388601974,78.6951896456092,69.62331690861632,11.93239214203655,10.21029105445663,36.884133007137414,-11.821629789782678,-10.570835343481855,0.2678143555598455,213.0,380.0,-167.0,57.935809040139084,44.24804045575737,43.49371798028791
666176,Jo Adell,3,2024,2026,1607,3323,1110,33.40355100812519,0.12489911364281416,0.007445023220615859,-9.893887463457984,-8.072300041618805,3.2099466190850756,79.37148643870891,74.71647601531647,8.20291949276182,7.50520906818426,39.13175817362956,-12.294019345189207,-9.347290769602493,0.1628781247262548,324.0,381.0,-57.0,138.6380161435237,112.13888755389542,105.71053433065862
676572,Eric Wagaman,1,2025,2025,515,973,250,25.693730729701954,0.16554873765065772,0.013931156679982227,-12.083445806929463,-8.279052754469793,4.5885157059197565,77.76528978421581,67.54798841206136,12.323187213249497,10.424012904354512,37.23481293042705,-13.545529063384935,-11.305560378983422,0.2844766875723157,113.0,382.0,-269.0,41.38718441266443,31.015560095049977,29.760605299925697
678882,Ceddanne Rafaela,3,2024,2026,1719,3166,1420,44.85154769425142,0.08586107680131007,0.006446816869104371,-10.314771138583238,-8.390091211591512,3.2449163352228187,78.42617959593257,73.47716318680622,8.343799903582036,7.620523127231707,38.89015044368165,-11.983757864359225,-9.916346087204372,0.16585450270662627,409.0,383.0,26.0,121.9227290578603,92.37090974581932,87.58926277647112
680776,Jarren Duran,3,2024,2026,1998,3809,1190,31.2417957469152,0.12608624124361106,0.005959837971218393,-9.381378972066479,-8.416690201547402,2.294150940702832,78.20102963442966,75.70251520453208,5.941780815614672,5.666849150702164,38.610494259127336,-10.989558890378927,-9.23227305097497,0.09040084200590603,285.0,384.0,-99.0,150.04262707989716,118.80263510291579,113.44739597493533
672284,Jarred Kelenic,1,2024,2024,449,854,255,29.859484777517565,0.14670480688080642,0.013035197834045577,-12.903488098968657,-8.579940274693838,4.816446934963839,76.57306006756014,64.7679085243658,13.150978843755212,10.966544823535507,36.62424669819118,-12.903488098968657,-12.89836621066156,0.30461794694532895,242.0,385.0,-143.0,37.40972575460564,27.753615493877426,27.753615493877426
701358,Cam Smith,2,2025,2026,1001,2036,608,29.862475442043223,0.14615737691357858,0.006429773153115174,-10.858734592846128,-9.37290814989497,2.7165010860300334,76.62414541670934,72.91852253947849,6.774902020468513,6.347094668890191,40.09653686242057,-14.309357944008585,-10.905748886344941,0.12230441358978933,243.0,386.0,-143.0,88.86368516345578,70.74769628439083,64.99090632686813
681481,Kerry Carpenter,1,2025,2025,463,856,294,34.345794392523366,0.1256843281914842,0.012432061954031964,-14.657676327817505,-9.466100132154118,5.055753001385038,74.57728564437411,60.63448376871059,13.578027129696268,11.151016234369708,37.23481293042704,-15.799297543995271,-15.24165532043737,0.325541003529855,342.0,387.0,-45.0,36.95119248829636,25.640352255330516,24.759401216846673
682657,Angel Martínez,2,2025,2026,852,1577,641,40.646797717184526,0.10948350357587468,0.010189704017140457,-14.137917076225907,-9.515000999528965,4.760025030103514,76.02470287911993,64.37617162734293,11.994009712159514,10.03742460915986,39.68668647381372,-16.59980985306985,-14.702716560786785,0.29964892387266856,401.0,388.0,13.0,70.17892579213567,50.10308354389488,46.60719580077649
681351,Logan O'Hoppe,2,2024,2025,976,1939,641,33.058277462609595,0.12600087620108666,0.007763750515232363,-11.90006909171197,-9.655600235378612,3.29534281681135,73.8389178679956,67.75770772446478,8.928469694492486,8.133412597972374,36.908260089005815,-12.580066005588288,-11.70219621303269,0.17016537774427276,316.0,389.0,-73.0,80.76656164489654,61.409115922378405,60.30298760913959
687263,Zach Neto,3,2024,2026,1768,3704,1243,33.55831533477322,0.12432820174344028,0.006883158656789466,-11.631574232978554,-9.745977339523785,3.0080330557458814,75.0206165795559,70.1877459358913,7.709725605058501,7.125021827372797,39.016084486486164,-13.947452581194883,-10.932276593889732,0.14592785994491367,327.0,390.0,-63.0,154.53995476709628,120.26558269391947,113.44146116117535
664913,Seth Brown,1,2024,2024,401,794,239,30.1007556675063,0.1433186427006526,0.01219331493695971,-14.591671858662762,-9.927373158316302,4.692573955246517,72.89398676203598,60.15843826384168,12.812752147277003,10.768100244542785,36.62424669819118,-14.591671858662762,-15.441727280323564,0.2936932941638747,252.0,391.0,-139.0,34.253155605455966,24.501054913249686,24.501054913249686
691023,Jordan Walker,2,2025,2026,1002,1987,701,35.279315551082036,0.12350371979807079,0.009271911426693499,-13.670722688106668,-10.094094599423293,4.078975861622489,75.1804746564052,66.38620285546907,10.029452743511523,8.748821353139652,40.66997438381023,-16.77644005135682,-12.504946648065976,0.23907014447481115,359.0,392.0,-33.0,86.57610757844762,63.74600068930948,58.55945269268173
681460,Brooks Baldwin,1,2025,2025,327,618,204,33.00970873786408,0.139345820588792,0.0135234627009864,-16.607469641607985,-10.100256128239305,5.500400005319047,72.87415906422962,55.39800435512081,14.772197232725464,11.784605215379383,37.23481293042705,-18.051641048561795,-16.29107333542037,0.36358577059589264,315.0,393.0,-78.0,28.426547400113567,19.375476445437215,18.588403028647388
657557,Paul Dejong,1,2024,2024,479,894,310,34.675615212527966,0.13096298074529172,0.011667144363253668,-15.480362932404583,-10.320262865910003,4.851449046176478,71.8212282945885,57.73192808585702,13.246549713788612,11.021780297913756,36.62424669819118,-15.480362932404583,-16.37912269658175,0.30769422855130557,348.0,394.0,-46.0,40.598524031040434,28.240034290004107,28.240034290004107
669911,Michael Toglia,2,2024,2025,794,1735,498,28.703170028818445,0.1475497301833314,0.00789514985598019,-13.26286750583923,-10.58067683854474,3.459158507257946,71.31316708335713,64.04108452215883,9.37863462272994,8.470374066730368,36.883391308094815,-13.925743087464408,-12.271268502228757,0.1843084817104636,212.0,395.0,-183.0,73.47976563129903,55.92857096523845,55.05136561222113
664056,Harrison Bader,2,2024,2025,932,1837,610,33.20631464344039,0.12591065990505984,0.009057528298236691,-13.81540883170979,-10.641214029737775,3.7535122458350068,71.20142917509861,62.611030226147335,10.158219536956148,9.028032753087178,36.950493461767856,-14.570574982890562,-13.327842665201702,0.21013828642314142,318.0,396.0,-78.0,76.8055025420865,55.34556749016396,54.17254273532983
686676,Korey Lee,1,2024,2024,395,676,238,35.20710059171598,0.12845588619484286,0.013487992513493537,-17.25703214514735,-10.811554104042177,5.310926901773036,70.47979118004318,52.88085434942297,14.501122563799612,11.713430262036436,36.62424669819118,-17.25703214514735,-17.251119629840854,0.34752339248798103,356.0,397.0,-41.0,30.5725009143726,19.211621418817263,19.211621418817263
672356,Gabriel Arias,1,2025,2025,470,920,359,39.02173913043478,0.12004079566790192,0.009757207560204666,-17.39539790805035,-11.671260696684321,4.836092021887796,68.65497694726712,53.28189793633847,12.98809270486734,10.817255719931277,37.23481293042705,-18.98999710811417,-17.629391213127704,0.30634513998196167,393.0,398.0,-5.0,43.09464564477679,29.468250616804017,28.219147910087354
592206,Nick Castellanos,2,2024,2025,1248,2350,929,39.53191489361702,0.10973832990396529,0.008313053413207823,-15.404118529844855,-11.768185445352831,3.8399862435188217,68.11861771896699,58.26845235972537,10.402969085762994,9.200606604710773,36.91240656260378,-15.884059480936394,-14.510645233194767,0.21779910659004117,396.0,399.0,-3.0,101.94690848078375,69.90634193870645,68.90806476043605
686681,Michael Massey,2,2024,2026,746,1407,532,37.81094527363184,0.12415736880922355,0.010913777533857976,-18.05551737650976,-11.966340477839083,4.932085295455933,70.01779699956728,54.76109105679454,12.357561011878598,10.229482874336682,39.911478411597635,-20.08348588638827,-18.29888934953781,0.31476137883029265,382.0,400.0,-18.0,66.05172020650693,43.60269360171313,41.08125275443084
669394,Jake Burger,3,2024,2026,1500,2881,1078,37.4175633460604,0.11584774739454458,0.006823813405993749,-14.33707449291519,-11.972908351754054,3.072435109821477,69.35709569121636,63.30635891905577,7.863447401350377,7.244245780442058,39.07236804679144,-16.380927903702947,-14.06352000178482,0.15128792577518535,377.0,401.0,-24.0,124.88387169131906,89.04118545903108,83.9315519320617
642350,José Siri,1,2024,2024,449,897,319,35.56298773690078,0.13354522698225246,0.01336794643117136,-22.052609487489562,-12.258367169482563,6.1873545281948585,66.52936708705606,39.786858500549826,16.894148237867903,12.870757848007841,36.62424669819118,-22.052609487489562,-20.91711908322466,0.4195889956788163,364.0,402.0,-38.0,42.60092740733853,26.098224640867176,26.098224640867176
521692,Salvador Pérez,3,2024,2026,1847,3700,1620,43.78378378378378,0.09834432850330926,0.0070464396505655015,-16.063658073717498,-12.36790971562823,3.785490120833049,68.10073088530945,58.56866975569947,9.763522767543277,8.66169050801248,38.771765181078834,-17.881109050093905,-14.57574814522969,0.2129682785641749,407.0,403.0,4.0,159.317812175361,109.86851807176731,104.27379814948861
670042,Luke Raley,2,2024,2026,739,1403,437,31.147540983606557,0.14113924589097745,0.007931507722641692,-15.233893677254772,-12.54476614390309,3.208357827518652,67.86237887766876,60.973277811525115,8.219283412929338,7.520787317976077,39.03451999807851,-17.023655897735864,-14.948809213493632,0.16274316223613372,280.0,404.0,-124.0,61.67785045435715,42.91477140853836,40.710380940312476
695657,Colson Montgomery,1,2026,2026,571,1129,371,32.86093888396811,0.14902371144001575,0.009584782584914518,-17.497666123428232,-12.922371757832774,4.128945897432202,69.87514715877168,59.209143111540975,9.625468906212541,8.371788116792553,42.89604940458815,-22.187543215352605,-16.56598066948789,0.24352833482534678,313.0,405.0,-92.0,55.28779694424584,38.63585135011664,34.17265165096861
671739,Michael Harris,3,2024,2026,1666,2993,1279,42.733043768793856,0.1033725941051373,0.006980399639327786,-15.84082086492563,-12.924402087064063,3.2962762072876184,66.82279874398367,59.33629282377685,8.461607615415984,7.707751831487212,38.95567316643492,-17.583842680183185,-15.873533779884886,0.17024537501037307,403.0,406.0,-3.0,132.2135478604706,88.22886859219378,83.3890780184953
672724,Oswald Peraza,1,2026,2026,344,674,261,38.724035608308604,0.14438517223772612,0.01139284618761144,-23.635677598319976,-14.381787143607827,5.591980695611329,66.47293318794631,44.90010635853121,13.036120512797648,10.33673564440909,42.89604940458815,-28.604429588981485,-23.506213100157325,0.3712614547504447,390.0,407.0,-17.0,37.68452995404652,24.13340813100973,21.284656989697133
673237,Yainer Diaz,2,2024,2025,1189,2175,950,43.67816091954023,0.10362579406068083,0.00816065896638769,-19.40198072431177,-14.516683363924045,4.045645795862326,60.67636217306658,47.44278400229964,10.959081083762236,9.578401170178918,36.91592173596239,-19.856573330556678,-18.79352017300372,0.23609779305309228,406.0,408.0,-2.0,98.44450435764679,59.996245888968964,59.09539487426031
678662,Ezequiel Tovar,3,2024,2026,1549,2992,1294,43.24866310160428,0.1108336630854823,0.006728337968605581,-19.623308593398974,-15.825820597963324,3.4277719780090563,59.056707709367885,49.232151693151074,8.868056422889335,8.022608687646267,38.65302400604529,-21.40222116921028,-19.065935691312077,0.18158359963310844,405.0,409.0,-4.0,143.4187600326141,92.75791834732242,88.16535904743623
666160,Mickey Moniak,3,2024,2026,1270,2304,920,39.93055555555556,0.11964670881861236,0.00719413116328095,-20.338169814926413,-16.68831732709778,3.2788808161567493,56.96808910370132,47.55670723922489,8.454807297517876,7.708467731739598,38.78126018459756,-21.85167480026898,-19.87225075301356,0.16875568073663957,399.0,410.0,-11.0,110.07497211312338,67.02584600486247,63.82226045255403
