batter,player,game_year,plate_appearances,opportunities,chases,chase_rate,cost_per_chase,cost_per_chase_se,runs_saved_per_600_pa,runs_saved_shrunk,standard_error_per_600_pa,chase_plus,chase_plus_raw,chase_plus_se,chase_plus_posterior_sd,league_chase_cost_per_600_pa,runs_saved_vs_anchor_per_600_pa,runs_saved_vs_anchor_shrunk,runs_saved_count_only_per_600_pa,shrinkage_factor,chase_rate_rank,value_rank,rank_gap,total_cost,expected_cost,expected_cost_anchor,mean_runs_saved,standard_deviation,scale_to_600_pa
650402,Gleyber Torres,2025,627,1331,229,17.20510894064613,0.10069946689003514,0.019114022251475758,25.080645683732335,18.822495158191657,4.343920193260806,150.5507982364819,167.35805476072977,11.666287142028581,10.038913310269649,37.23481293042705,23.41702241899941,17.15887189345873,24.852413803421708,0.2595289479414192,2.0,1.0,1.0,23.06017791781805,49.26945265731834,47.53096634567243,0.019691416032682412,0.12442541572981362,1273.6842105263158
665742,Juan Soto,2025,707,1499,238,15.877251501000666,0.11202100643138421,0.020182751104922205,21.772651179487255,16.63886077278918,4.199560294556561,144.68630151003782,158.4739104777276,11.278585721387687,9.788671687219887,37.23481293042705,20.25635243427937,15.122562027581296,22.858465534584873,0.24675156923928135,1.0,2.0,-1.0,26.660999530669443,52.316440170498595,50.52973481572864,0.017115037117964742,0.12781186380344495,1272.1357850070722
672695,Geraldo Perdomo,2025,720,1339,255,19.04406273338312,0.07565578526251551,0.019568823112291717,21.081777636841604,16.164056904550744,4.173950429320681,143.41114036144927,156.61845992413802,11.209806363522421,9.743606095235464,37.23481293042705,19.885012607599105,14.967291875308245,21.448068414692308,0.2444847840272309,9.0,3.0,6.0,19.292225241941455,44.59035840615139,43.15424037106038,0.018893303333987997,0.13687944780938388,1115.8333333333333
672580,Maikel García,2025,669,1210,253,20.909090909090907,0.06624462860072895,0.020777456500455913,19.109697174318242,13.772716348853018,4.736869056878214,136.98881574774452,151.32212483523028,12.721613683756155,10.687902295307515,37.23481293042705,17.747430735955984,12.41044991049076,20.39027638754982,0.2941693008508506,25.0,4.0,21.0,16.759891035984424,38.06720338534926,36.548276306575346,0.01760934904906185,0.1518355831404123,1085.201793721973
670623,Isaac Paredes,2025,439,963,207,21.49532710280374,0.07924028625852292,0.024020879782840506,24.732189137351668,13.709732135425266,6.824226601751512,136.81966164578773,166.4222193987212,18.327543673987368,13.42034646593063,37.23481293042705,23.0842589890459,12.061801987119498,24.178879273310056,0.46380972889036226,29.0,5.0,24.0,16.402739255514245,34.498457641009885,33.292722082499495,0.018790984823983007,0.16089908177352513,1316.1731207289295
673548,Seiya Suzuki,2025,651,1305,267,20.45977011494253,0.09803831956456398,0.018565456458829493,18.10869435176495,13.174704832947596,4.664743002712847,135.3827609059415,148.63377287701405,12.527907717513937,10.572262097924451,37.23481293042705,16.479355301641846,11.545365782824492,18.085168903132875,0.2878380744928721,20.0,6.0,14.0,26.17623132373858,45.824164695403546,44.056331826019985,0.015055887641122583,0.14010453861477024,1202.7649769585253
666158,Gavin Lux,2025,505,1001,196,19.58041958041958,0.10249686753853993,0.018144369895079258,17.197359674047025,12.920651722641065,4.38884430806759,134.7004609551368,146.18623895379883,11.786937982656474,10.115480428534726,37.23481293042705,15.748347175766964,11.471639224361004,16.95812359701237,0.26350291661280467,12.0,7.0,5.0,20.089386037553826,34.56383042987674,33.34424491049102,0.014459984407914999,0.11675440198978677,1189.3069306930693
663656,Kyle Tucker,2025,591,1108,195,17.59927797833935,0.11666742750580873,0.014801231421491465,15.18725171782368,12.916180391259342,3.1988362296217034,134.68845248502558,140.7877749948709,8.5909824109999,7.875131515283771,37.23481293042705,13.764011049391428,11.49293972282709,15.682494233043391,0.15970849930401168,4.0,8.0,-4.0,22.750148363632704,37.70959130568903,36.30769924728326,0.013501302294274662,0.09465822499547431,1124.8730964467004
663757,Trent Grisham,2025,582,1122,194,17.290552584670234,0.11808709444770435,0.023076957960709635,17.211603114823017,12.462926056290748,4.715851504495581,133.4711660283553,146.22449197470863,12.665167710945969,10.654364553376176,37.23481293042705,15.556339054632579,10.80766199610031,17.180748895267982,0.2923260401552281,3.0,9.0,-6.0,22.908896322854645,39.604151344232974,37.998545205848245,0.014879906436166067,0.13656374787957942,1156.701030927835
664023,Ian Happ,2025,663,1270,262,20.629921259842522,0.10468049196207257,0.017703101965116666,15.491866584435,11.77531869056136,4.3026573236318715,131.62448731127895,141.60586656734768,11.555469156435278,9.968040952374128,37.23481293042705,13.868435510011011,10.15188761613737,14.53638954950131,0.25587745673216655,21.0,10.0,11.0,27.426288894063013,44.54480146986369,42.75091013262518,0.013479143760472974,0.1334127009263867,1149.3212669683257
669257,Will Smith,2025,438,922,179,19.414316702819956,0.12217225664746231,0.020705557659052527,17.516512595115252,11.413970890079167,5.607977363509871,130.65403044029276,147.0433747789863,15.061113302726488,11.966262483684144,37.23481293042705,15.905678748768853,9.803137043732768,16.984731165781028,0.36874780881130326,11.0,11.0,0.0,21.868833939895755,34.655888134329885,33.47997942649702,0.013868822336696458,0.13482289599153052,1263.0136986301368
680757,Steven Kwan,2025,693,1298,295,22.727272727272727,0.09038029208033029,0.013643277346242676,13.893474426417368,11.382802369274936,3.6024229811746293,130.57032243063398,137.31313073165484,9.674878689214118,8.68462851535513,37.23481293042705,12.275631887617386,9.764959830474954,13.311050158782844,0.1942293652266566,46.0,12.0,34.0,26.662186163697434,42.709149126209496,40.840540993895516,0.012362837413337489,0.11548866004526208,1123.8095238095239
672386,Alejandro Kirk,2025,505,993,288,29.003021148036257,0.05485410087575905,0.020066800804731822,19.18273839761529,10.734386191270891,6.824064245110655,128.82889786858337,151.51828863343044,18.32710763945925,13.420175264864884,37.23481293042705,17.665853096066932,9.217500889722535,19.405174073744398,0.4637978954829886,157.0,13.0,144.0,15.797981052218606,31.94345253687814,30.666740741408272,0.016259286490090168,0.1822672370828657,1179.8019801980197
694384,Nolan Schanuel,2025,559,1030,251,24.368932038834952,0.07170388150664501,0.021711168169891805,15.394717512290049,9.794153132202112,5.8445650897480945,126.30375275552588,141.34495731469084,15.696507192526033,12.277589801129045,37.23481293042705,13.832326750362036,8.2317623702741,15.116054980750732,0.3881848993273029,71.0,14.0,57.0,17.997674258167898,32.34041940711813,30.88479201392186,0.013924995290242938,0.16966573576824615,1105.5456171735243
663457,Lars Nootbaar,2025,578,1144,251,21.94055944055944,0.09791219017134105,0.018802348662047524,13.666673126132446,9.68949054269719,4.954663766876888,126.02266475946026,136.70401984204545,13.306535945634097,11.027773435113994,37.23481293042705,12.43190074964538,8.454718166210123,12.417877295667852,0.3131757082576796,35.0,15.0,20.0,24.575959733006602,37.741521511180856,36.55202412183165,0.011508358197704769,0.14111648930954082,1187.5432525951558
689414,Liam Hicks,2025,391,718,127,17.68802228412256,0.10729904761610132,0.03629301151307383,17.72447940995342,9.647143716360468,7.078109928999886,125.90893563608357,147.6019026685362,19.00938764544159,13.68123950187904,37.23481293042705,16.070677864202455,7.993342170609502,16.523737079950624,0.4820180368959592,5.0,16.0,-11.0,13.626979047244868,25.177431462731178,24.09970412208347,0.0160869810800645,0.17213952022768952,1101.7902813299233
656716,Zach Mckinstry,2025,510,969,259,26.72858617131063,0.07337863567600421,0.01912809711251767,14.915876876648081,9.48497944051789,5.858875542066353,125.4734177347433,140.0589547865281,15.734940183568574,12.29595583281913,37.23481293042705,13.320757482130015,7.889860045999823,13.489654890161146,0.38934713861379483,113.0,17.0,96.0,19.00506664008509,31.68356198523596,30.327710499895602,0.01308410252337551,0.15998206923872232,1140.0
646240,Rafael Devers,2025,723,1562,402,25.73623559539053,0.10196775273610846,0.014249219991616305,13.225575018551321,9.414915846284302,4.928015454608048,125.2852508319996,135.5193808634495,13.23496767344046,10.986933409056983,37.23481293042705,11.607287766434242,7.796628594167222,13.423324288271129,0.3108603867000736,97.0,18.0,79.0,40.9910365999156,56.92785449726995,54.977818358468866,0.010202828359381782,0.15025142281670642,1296.265560165975
681082,Bryson Stott,2025,563,1163,272,23.387790197764403,0.10447417131554253,0.0187919380936057,13.670707605830186,9.25718946441603,5.3537378259594455,124.86165159930577,136.71485507762264,14.378312671968736,11.615116082728482,37.23481293042705,12.07008924764206,7.6565711062279025,13.24112958079704,0.34742375301761047,54.0,19.0,35.0,28.41697459782757,41.24465523463156,39.74274167519837,0.011029819980055023,0.1473073398759734,1239.4316163410301
678246,Miguel Vargas,2025,570,1121,242,21.587867975022302,0.10851410262768742,0.020739053318949145,13.722416698212326,9.24630353123584,5.395112456315383,124.83241569794505,136.85372805243458,14.489430808732966,11.67345825095423,37.23481293042705,12.039540775670288,7.563427608693802,13.421226277101098,0.35092270406507037,30.0,20.0,10.0,26.260412835900354,39.296708699202064,37.69797657278713,0.011629166693400276,0.15308100352503898,1180.0
665489,Vladimir Guerrero,2025,672,1227,266,21.67889160554197,0.09541811886600352,0.017545230154292324,12.137593658166494,9.237171429841657,4.34530470374352,124.80788999021222,132.59743423673297,11.670005464678141,10.041282257091508,37.23481293042705,11.02789628187103,8.127474053546193,12.434331552366523,0.25965144781720584,33.0,21.0,12.0,25.381219618356933,38.97532451550341,37.732463454052485,0.011079140095473899,0.1389363793223708,1095.5357142857142
805367,Chase Meidroth,2025,505,960,216,22.5,0.09268462039590934,0.019338687439552173,12.952312619305944,9.119033763613105,5.031519471918272,124.49061253685348,134.7854913183188,13.512944139989708,11.14440834994285,37.23481293042705,11.394606050010058,7.561327194317219,13.509382176581763,0.31983532759229527,42.0,22.0,20.0,20.019878005516418,30.92140779343225,29.610338097608217,0.011355760195745664,0.136679590500461,1140.5940594059405
543807,George Springer,2025,583,1119,231,20.64343163538874,0.1081304248578327,0.018044508713846254,11.688942218085737,8.772248418901441,4.485379211491954,123.55926545217864,131.39250958485124,12.046197787733885,10.277926287890303,37.23481293042705,10.27910701736383,7.362413218179533,12.340362966641987,0.2720341303936104,22.0,23.0,-1.0,24.978128142159353,36.33588366406599,34.965993794031206,0.010149915569174835,0.13028710286982922,1151.629502572899
677951,Bobby Witt,2025,676,1248,385,30.849358974358974,0.06227218730744589,0.015417942874924914,12.753544503699725,8.682813022111894,5.329574533708607,123.3190724989962,134.25166799556538,14.313418315453536,11.580825470259887,37.23481293042705,11.705734356521297,7.635002874933466,12.875023141861861,0.3453754243357942,182.0,24.0,158.0,23.974792113366668,38.343785587535024,37.163252821713996,0.011513616565840028,0.16997329483689083,1107.6923076923078
672515,Gabriel Moreno,2025,309,620,163,26.29032258064516,0.08030090759406089,0.021514640453368896,15.294773368829208,8.519064374950077,6.950111650484562,122.87929951700812,141.07654145438403,18.665627952719383,13.55139717892119,37.23481293042705,13.577083071643324,6.8013740777641924,14.571251252665835,0.47291223144845423,108.0,25.0,83.0,13.089047937831925,20.965856222778967,20.081245719728237,0.012704529491850068,0.14374844840426595,1203.883495145631
686555,Isaac Collins,2025,442,826,152,18.401937046004843,0.13869259402357095,0.018975244818121673,11.184562504477025,8.513776555368297,4.365018099965545,122.86509823824339,130.03791780926977,11.72294891912455,10.074948830573161,37.23481293042705,9.799633793121677,7.128847844012949,11.655858987360842,0.26139549380049687,7.0,26.0,-19.0,21.081274291582787,29.320568669880863,28.300337852515757,0.009974932661377816,0.11188375773698779,1121.2669683257918
542303,Marcell Ozuna,2025,590,1371,308,22.465353756382203,0.12477997094708482,0.015631645865202052,12.022689114137982,8.40821937285101,5.113844954717954,122.58160767065408,132.2888398462006,13.734042290673335,11.267462143472008,37.23481293042705,10.241827806693033,6.62735806540606,13.869760687241447,0.32693740676339506,41.0,27.0,14.0,38.432231051702125,50.25454201393781,48.50336172828361,0.008623129804694152,0.13580932494010356,1394.2372881355932
683737,Michael Busch,2025,589,1101,255,23.160762942779293,0.11008874716038193,0.017122828265397256,10.948666057573007,8.183288776884428,4.542215053992312,121.97752085440806,129.40438045984143,12.19883946370136,10.372243674624112,37.23481293042705,9.391430866850886,6.626053586162307,10.397913929755614,0.27704978691743115,51.0,28.0,23.0,28.07263052589739,38.820571039081564,37.291885160189345,0.009761980484272634,0.1343810645611536,1121.5619694397283
660670,Ronald Acuña,2025,407,869,202,23.24510932105869,0.11090610404575009,0.018733188624081736,12.56830202732746,8.157468098335332,5.746841729046046,121.90817532393004,133.75416992375182,15.434055596798549,12.1507635351093,37.23481293042705,10.763093720114735,6.3522597911226075,14.060586059948946,0.3802064994807047,52.0,29.0,23.0,22.40303301724152,30.928531225778645,29.703998257386015,0.009810699894749284,0.13223989850023687,1281.081081081081
606466,Ketel Marte,2025,548,1068,267,25.0,0.08153777176989586,0.02250788304774925,13.999126561142743,8.095576905977094,6.677327766776509,121.74195670353873,137.59687630846972,17.933023537013717,13.263106071210947,37.23481293042705,12.611937690771006,6.708388035605356,14.12456745263962,0.4530048837852231,83.0,30.0,53.0,21.770585062562194,34.5564539884059,33.28948815346638,0.011971787383748789,0.18661492582408276,1169.3430656934306
571970,Max Muncy,2025,386,830,167,20.12048192771084,0.1195802605255982,0.02839249100937322,15.42095664240703,8.082536063162408,7.451522199355232,121.7069334503293,141.41542666327064,20.01224556513374,14.041191384918964,37.23481293042705,13.91381484395552,6.575394264710898,14.608197048847229,0.5077153761227521,18.0,31.0,-13.0,19.969903507774898,29.890718947723418,28.921124390719616,0.011952789686684966,0.16639566500866895,1290.155440414508
701762,Nick Kurtz,2025,488,969,217,22.39422084623323,0.09111488380989324,0.021422156332250555,12.390255752701513,8.003228536375335,5.793790128906738,121.49394049952474,133.2759983939025,15.560142976231381,12.212001251755147,37.23481293042705,10.987351055087572,6.600323838761394,13.837531608020045,0.3840485047796631,40.0,32.0,8.0,19.771929786746835,29.849337798944067,28.708308644884728,0.010399801870172582,0.15138032824388012,1191.3934426229507
595777,Jurickson Profar,2025,372,793,191,24.08575031525851,0.0895191966361553,0.022281388172085765,14.088084674141836,7.978307563357233,6.849529716083763,121.42701127105066,137.83578744027884,18.395499203613713,13.446958818888193,37.23481293042705,12.438270601063733,6.32849349027913,15.393178098954232,0.46565100866724823,69.0,33.0,36.0,17.098166557505664,25.832779055473605,24.80989433016518,0.011014643755318965,0.15080503785655924,1279.032258064516
650333,Luis Arráez,2025,677,1138,388,34.09490333919156,0.05252555579720697,0.017423748471901094,12.51678509954184,7.96659724347113,5.915966763050061,121.39556134834531,133.61581303746402,15.888267718986524,12.368707140528809,37.23481293042705,11.33879838106155,6.788610524990839,12.456296991506557,0.39396805795600065,225.0,34.0,191.0,20.379915649316303,34.503021503299344,33.173859822614084,0.012410462086101092,0.19787549425695292,1008.5672082717873
680977,Brendan Donovan,2025,511,914,228,24.945295404814004,0.08413732446247471,0.020681283176338994,11.922556100921975,7.934467089341247,5.551272766908437,121.30927071976093,132.01991674618904,14.908824108451803,11.88945518983228,37.23481293042705,10.533073356180067,6.544984344599339,11.98157752770262,0.3640292719882447,81.0,35.0,46.0,19.183309977444235,29.337353590062783,28.153977452457593,0.011109456906584846,0.156382848391308,1073.1898238747553
663697,Jonathan India,2025,563,1049,199,18.970448045757866,0.14475407568793344,0.017745985124544752,10.109089711585277,7.932400525019862,4.101783870407343,121.30372063327266,127.14956492590423,11.015991615350648,9.615520571905387,37.23481293042705,8.300544765249535,6.12385557868412,8.351484605645423,0.23809923554232637,8.0,36.0,-28.0,28.806061061898756,38.291756907936275,36.5947388999579,0.009042608051513364,0.11883439879188826,1117.9396092362344
573262,Mike Yastrzemski,2025,554,1131,251,22.192749778956674,0.11492387117599727,0.015658173227025358,10.443319398815843,7.869391690700317,4.480701625392563,121.13450040800316,128.04719179959116,12.0336353878418,10.270120370817411,37.23481293042705,8.599232145728726,6.025304437613199,10.774047585732275,0.2716210763531782,37.0,37.0,0.0,28.845891665175316,38.48855657674861,36.78584934639817,0.008525786836050658,0.1230192957925056,1224.9097472924188
686217,Sal Frelick,2025,594,1076,282,26.20817843866171,0.0839272225899347,0.015456003617350878,10.22016348493448,7.723143447190835,4.4607649170287065,120.74172753767144,127.44787117376089,11.980092193194606,10.236775629732929,37.23481293042705,8.888458604501128,6.391438566757484,9.881086269100468,0.26986015614747466,106.0,38.0,68.0,23.667476770361585,33.78543862044672,32.4670507888177,0.00940331026959585,0.1346289303908928,1086.8686868686868
686948,Drake Baldwin,2025,447,865,249,28.78612716763006,0.07117072769511933,0.02144195035116346,14.170930470205365,7.705571768687895,7.187206938375445,120.69453600609111,138.05828297481617,19.30238497989686,13.789259445179487,37.23481293042705,12.903504460554377,6.438145759036907,13.963751463023879,0.48965961208850534,151.0,39.0,112.0,17.721511196084712,28.27885439638771,27.334622019197724,0.012205021040812713,0.1820574135533849,1161.0738255033557
669364,Xavier Edwards,2025,616,1054,277,26.280834914611006,0.08401464261962065,0.017917881203447242,10.61442083209676,7.640797855278558,4.8978360173376085,120.52057538077425,128.50671185572952,13.153916004598107,10.940432378570096,37.23481293042705,9.312345058764537,6.338722081946335,10.306103651740049,0.3082345879516885,107.0,40.0,67.0,23.27205600563492,34.16952805992092,32.83273026596651,0.010339157546760916,0.15488643968426002,1026.6233766233768
502054,Tommy Pham,2025,447,742,147,19.81132075471698,0.10933191324559838,0.02139190778532867,10.010273006316643,7.5756794640947405,4.453523508340263,120.34568960571882,126.88417697980854,11.96064424081205,10.224634242838226,37.23481293042705,8.611470088823273,6.17687654660137,10.10849794638521,0.2692203973719166,13.0,41.0,-28.0,16.07179124710296,23.52944463680886,22.4873364632763,0.010050745808228975,0.1218030236028355,995.973154362416
643565,Mike Tauchman,2025,383,745,178,23.89261744966443,0.11257763298322113,0.018981700300262687,11.173045429939402,7.368663836992738,5.656445690811758,119.78971628180602,130.00698687761948,15.191282688544137,12.031236118802001,37.23481293042705,9.805701462995797,6.001319870049134,9.932760826351284,0.3727630860649422,63.0,42.0,21.0,20.03881867101336,27.170946003791343,26.29812477155901,0.009573325278896623,0.1322857332428148,1167.1018276762402
657656,Ramón Laureano,2025,485,938,243,25.906183368869932,0.09334824699105147,0.018088772219893717,10.882672632381475,7.270262960697902,5.554741874942416,119.52544511041947,129.2271446420737,14.918140948690699,11.894178822771128,37.23481293042705,9.337511455850164,5.725101784166592,10.420827447719171,0.3643185841923309,99.0,43.0,56.0,22.68362401882551,31.480451063333867,30.231445778971057,0.009378280431245585,0.14660640738137276,1160.4123711340205
605141,Mookie Betts,2025,664,1188,255,21.464646464646464,0.10730065169959765,0.018702906600906732,9.365063362892098,7.118678159311635,4.433978010130032,119.11834006689608,125.15136407530943,11.908151703124934,10.191783393012496,37.23481293042705,8.20381794131233,5.957432737731867,8.683395202297026,0.2674932136024649,28.0,44.0,-16.0,27.361666183397404,37.725669638331325,36.440558038449716,0.00872390863209926,0.14236464306820282,1073.4939759036145
664761,Alec Bohm,2025,499,825,218,26.424242424242422,0.08347232828039702,0.024558086034167977,11.81811716498642,7.036052070561372,6.513217850698058,118.89643459122027,131.73942940728205,17.492280310009757,13.08179352529461,37.23481293042705,10.405742860798235,5.623677766373186,10.880879363443492,0.44070398621276063,110.0,45.0,65.0,18.196967565126553,28.025701674006925,26.851077044357083,0.011913617101673178,0.18858968079766159,991.9839679358718
666018,Jonathan Aranda,2025,415,824,233,28.276699029126213,0.08800852570473458,0.017949272704261787,11.23849537805073,7.0262916574098035,6.117754682994324,118.8702214525379,130.18276310142815,16.43020120559032,12.619286164623967,37.23481293042705,9.458517131856693,5.246313411215766,11.857346587492737,0.4100926409795737,141.0,46.0,95.0,20.505986489203156,28.279279125688245,27.048127505404036,0.009433607568549865,0.14740944077553395,1191.3253012048192
676694,Jake Meyers,2025,382,639,151,23.630672926447573,0.07950001914428527,0.020332690460529053,9.762632995955391,6.991843651734564,4.97596362944335,118.77770586574121,126.21910042678822,13.36374010725097,11.06026860928974,37.23481293042705,8.60239065640331,5.8316013121824835,11.062072819979015,0.3150240764560966,59.0,47.0,12.0,12.004502890787075,18.220045898212007,17.48135827536385,0.009726984362167344,0.1253253369052499,1003.6649214659685
621566,Matt Olson,2025,722,1610,403,25.03105590062112,0.11737899702211801,0.01582780797445881,10.090398743384032,6.895026842751692,5.387087704773314,118.51768895854264,127.09936736418648,14.467879064785537,11.662179342526677,37.23481293042705,8.14553315066714,4.9501612500348,10.071942539030312,0.35024490784819334,84.0,48.0,36.0,47.30373579991356,59.445848954452345,57.10552735788302,0.0075416851891545265,0.16155747441033663,1337.950138504155
701350,Roman Anthony,2025,303,647,132,20.401854714064914,0.11488142293064803,0.028506800179870815,12.820158466073108,6.859544460782467,7.379764775173322,118.42239539003317,134.4305703644261,19.81952961322071,13.974136386124023,37.23481293042705,11.450299839554328,5.489685834263686,13.686046517966291,0.5028776724208436,19.0,49.0,-30.0,15.164347826845539,21.63852785221246,20.946749245820474,0.010006460626533107,0.14651488785048233,1281.1881188118812
656775,Cedric Mullins,2025,496,1030,273,26.50485436893204,0.11216427424309429,0.018027430737307098,10.68281397873829,6.831198858148124,5.9465568784880105,118.3462687751706,128.69039250633284,15.970422329230189,12.407348139250859,37.23481293042705,8.223404847148892,4.371789726558726,9.692548612594337,0.3964334892396091,111.0,50.0,61.0,30.62084686836474,39.45197309078839,37.418861542007825,0.008573908953809372,0.15317129741333513,1245.967741935484
545361,Mike Trout,2025,553,1204,252,20.930232558139537,0.13861368177235062,0.01669378428871879,9.339029742077287,6.707144632351767,4.968446812779924,118.01310146202161,125.08144665457885,13.3435525030391,11.04881591334737,37.23481293042705,7.438801306923279,4.806916197197759,8.73381286743803,0.31437201145715116,26.0,51.0,-25.0,34.93064780663236,43.53812021891359,41.78674301117998,0.007149063465349861,0.13197184324741673,1306.3291139240507
687462,Spencer Horwitz,2025,410,805,188,23.354037267080745,0.11268344100725651,0.019350504200986694,9.689500599133181,6.440401004572038,5.653296340960195,117.29671911231534,126.02269176761526,15.182824609655846,12.027033167587375,37.23481293042705,8.178119139391878,4.9290195448307355,9.148928619697381,0.37250269197140773,53.0,52.0,1.0,21.184486909364225,27.805645652105234,26.772868321282008,0.008225041916448456,0.13615588505399676,1178.0487804878048
672640,Otto Lopez,2025,590,1047,309,29.512893982808023,0.07262743098371555,0.01737100822270242,9.528652756543394,6.434244870110566,5.520181999537608,117.28018583612304,125.59070935671842,14.825324917979376,11.846976988997715,37.23481293042705,8.19273810477344,5.098330218340612,9.095664714405968,0.3614327383517508,161.0,53.0,108.0,22.441876173968105,31.811718051235776,30.498068643661988,0.00894922815402834,0.16775706411044303,1064.7457627118642
702616,Jackson Holliday,2025,645,1120,250,22.321428571428573,0.11613631482932865,0.014847708299237037,7.783272410377328,6.422076201182372,3.6652942680991663,117.2475049443164,120.90321341192262,9.843729509122927,8.806136876140235,37.23481293042705,6.528437819485872,5.167241610290916,7.4181438858361055,0.19970238950736618,38.0,54.0,-16.0,29.034078707332164,37.40109654848779,36.052149363279476,0.007470551643888953,0.11773573534190257,1041.860465116279
808982,Jung Hoo Lee,2025,615,1088,247,22.702205882352942,0.10667507126357997,0.017054530435565915,8.148791227064859,6.363832618568662,4.219816416274506,117.0910825588393,121.88487220894814,11.332986751294278,9.824172536604216,37.23481293042705,6.892133614383992,5.107175005887795,8.07024714718633,0.24854461643606,45.0,55.0,-10.0,26.348742602104252,34.70125360984573,33.413179556847844,0.007676940264468272,0.1311302759201511,1061.4634146341464
502671,Paul Goldschmidt,2025,531,991,273,27.547931382441977,0.0868668013736477,0.016256070063138936,8.950132201764642,6.363346139082653,5.080182499736681,117.08977604096606,124.03700058460853,13.643636424947164,11.217380169030008,37.23481293042705,7.425789963514821,4.839003900832831,8.940233692908643,0.32403750232441836,129.0,56.0,73.0,23.714636775005822,31.63550377356753,30.286460892716438,0.007992802218528465,0.1428189242569734,1119.774011299435
700337,Edgar Quero,2025,404,703,135,19.203413940256045,0.1321724818959674,0.021534880563323377,8.437502556697947,6.25630307885697,4.711916052636423,116.8022949129537,122.6602523086751,12.654598430346892,10.648070155934013,37.23481293042705,7.22024041434912,5.039040936508143,7.094588290530944,0.29198074077171743,10.0,57.0,-47.0,17.843285055955597,23.52453677746555,22.70491360161734,0.008081439148662802,0.11966027502639313,1044.0594059405942
671289,Tyler Freeman,2025,427,779,199,25.54557124518614,0.09736845527649599,0.016417680959531535,8.355219867984372,6.216332283974113,4.68372159541626,116.69494699916791,122.43926908830194,12.578877740483769,10.60284085685119,37.23481293042705,7.149349216094345,5.010461632084086,8.421398985973982,0.28950554355173114,92.0,58.0,34.0,19.3763226000227,25.322454072738246,24.46427612547651,0.0076330314155526905,0.11942602244890999,1094.6135831381732
670770,Tj Friedl,2025,683,1226,219,17.862969004893962,0.13949821080723926,0.012284846548170464,6.874072270604121,6.118576087352829,2.809928825703206,116.43240721736763,118.46141212914986,7.546509850750521,7.047405470508053,37.23481293042705,5.815839265844203,5.060343082592911,6.6879195940185925,0.12790010964222187,6.0,59.0,-53.0,30.5501081667854,38.375093768156425,37.17047186440472,0.006382533116942107,0.09135231085156,1077.0131771595902
656555,Rhys Hoskins,2025,328,697,140,20.086083213773314,0.12644078751246823,0.023513849358127135,9.846068154335972,5.982632185951953,6.439815579236973,116.0673082932643,126.44317878737104,17.29514685965985,12.99872033193354,37.23481293042705,8.264468779106378,4.401032810722359,10.510983923873411,0.43512456116912374,16.0,60.0,-44.0,17.701710251745553,23.084227509449217,22.219619850990373,0.007722406395557626,0.13334589009413744,1275.0
663538,Nico Hoerner,2025,650,1079,353,32.71547729379055,0.06744855700766199,0.014962648879583254,8.27387209606541,5.972615594856589,4.975115767402407,116.04040714805356,122.22079673536987,13.361463039168134,11.058977616123794,37.23481293042705,7.176631257009441,4.875374755800619,7.824509601415205,0.3149505393280555,213.0,61.0,152.0,23.80934062370468,32.77270206110888,31.58402448546491,0.008307100498057642,0.16407959479377113,996.0
608324,Alex Bregman,2025,491,915,184,20.10928961748634,0.12975722998423556,0.021010348311329526,8.176446506738877,5.928072956497346,4.939646941183129,115.92078082297311,121.95914485193333,13.266205876776716,11.004784667669908,37.23481293042705,6.66327610053561,4.414902550294078,8.289979156147043,0.3118713616610114,17.0,62.0,-45.0,23.87533031709934,30.566389041780656,29.32811125937098,0.007312632485990507,0.13363358017999138,1118.1262729124237
691026,Masyn Winn,2025,534,1041,271,26.032660902977906,0.09670967029306923,0.01735255497593355,8.52913427770662,5.8859735932541035,5.378659788439264,115.8077163010111,122.90634383914656,14.445244557799302,11.650314758262395,37.23481293042705,6.984946617060117,4.341785932607601,8.02378981433801,0.3495326230711594,103.0,63.0,40.0,26.20832064942176,33.799250156580655,32.424923138605266,0.007291959180748215,0.1483674788651339,1169.6629213483145
607043,Brandon Nimmo,2025,649,1177,289,24.55395072217502,0.10847085000343525,0.014256166636595619,7.172802854433983,5.749491681557818,4.002879739899127,115.44117246486694,119.26370052626908,10.750368874898005,9.437347415079037,37.23481293042705,5.625931288513334,4.202620115637169,6.407563061739859,0.22935715040965715,74.0,64.0,10.0,31.348075650992786,39.106657405205546,37.43345799473471,0.0065918281684050626,0.1262053476866876,1088.135593220339
669289,Santiago Espinal,2025,329,614,144,23.452768729641694,0.1079361420071185,0.022386938283937723,8.386658409310622,5.435928154938812,5.962292348057178,114.59904784561641,122.52370228093002,16.01268243027748,12.427133087179676,37.23481293042705,6.963789264321714,4.013059009949904,7.193476819702181,0.39769881515285305,55.0,65.0,-10.0,15.542804449025065,20.141488810130387,19.36128222896147,0.00748971394316828,0.1319391642880143,1119.756838905775
668939,Adley Rutschman,2025,367,731,158,21.61422708618331,0.12619506572206407,0.014077551710044446,6.675257027024001,5.338190636103457,4.058139504342019,114.33655822597477,117.92746223674244,10.898777743088493,9.537272258615978,37.23481293042705,5.366696500802241,4.029630109881697,7.253151755055771,0.23423983819405172,31.0,66.0,-35.0,19.938820384086124,24.02185259894914,23.221449743743495,0.0055855433855855185,0.09180854355726308,1195.0953678474114
671056,Iván Herrera,2025,447,875,223,25.485714285714284,0.11749341407099237,0.015206267282069022,6.925885623146475,5.133057828544441,4.813459972964809,113.78564151278407,118.60056511117011,12.927310745346622,10.809011529224687,37.23481293042705,5.4435201165035645,3.6506923219015306,6.363018700602247,0.30087379121285523,91.0,67.0,24.0,26.2010313378313,31.360816127075424,30.256453824626455,0.005896896901993284,0.12122986204827524,1174.496644295302
661388,William Contreras,2025,657,1270,320,25.196850393700785,0.11508561546343003,0.013612347025724107,6.460694159518904,5.0833316232764085,4.2444338788520195,113.6520938960391,117.35121960083607,11.39910085430726,9.867146338005696,37.23481293042705,4.9398780487251575,3.562515512482662,6.57557156120924,0.25072378575548354,88.0,68.0,20.0,36.82739694829761,43.90185705297081,42.23656341165166,0.005570441027301733,0.13041634692915186,1159.8173515981734
457705,Andrew Mccutchen,2025,549,1093,228,20.860018298261664,0.13539424643622633,0.01889275266421644,6.880486675292575,5.044215147102294,4.924220910281175,113.54704039074231,118.47863903102913,13.22477682238405,10.981101278999036,37.23481293042705,5.422816035279049,3.5865445070887683,7.123672638858201,0.31053044986487655,24.0,69.0,-45.0,30.869888187459605,37.16553349535231,35.831764859739934,0.005759968259737151,0.13628515144036787,1194.535519125683
668930,Brice Turang,2025,657,1310,311,23.740458015267176,0.12303794120392345,0.014132581226381082,6.235567520765007,4.947168836221862,4.1747019441117095,113.28640711977151,116.74660628056898,11.211824675773467,9.744931426682673,37.23481293042705,4.488406794015526,3.200008109472381,6.415467435223214,0.24455129849967572,61.0,70.0,-9.0,38.26479971442019,45.09274614965788,43.17960515386719,0.005212172851326476,0.12630017302089044,1196.3470319634703
641355,Cody Bellinger,2025,656,1308,396,30.275229357798167,0.08095817625151594,0.014246437526636076,6.939076207111447,4.938185452894649,5.208380543275834,113.26228081801192,118.63599051800543,13.987932618347385,11.406390163338678,37.23481293042705,5.719577265720081,3.7186865115032823,8.39297589215579,0.335049399581718,172.0,71.0,101.0,32.05943779560031,39.64616111537549,38.3128422727876,0.005800247186372464,0.15745317585784188,1196.341463414634
630105,Jake Cronenworth,2025,514,1043,233,22.33940556088207,0.1431434978915609,0.01424609024229068,5.776764610201223,4.57018804109513,4.2460579154221145,112.27396536041282,115.51441824347302,11.403462462281844,9.869974778521788,37.23481293042705,4.219335535751558,3.012758966645465,5.300638595419162,0.2508675474735085,39.0,72.0,-33.0,33.352435008733686,38.30119669147273,36.966999117694186,0.004744737950852395,0.11263040038290319,1217.5097276264592
656305,Matt Chapman,2025,535,1066,214,20.075046904315197,0.1487205679987112,0.017021186439903153,5.792933120271752,4.515874690550338,4.401615702099341,112.12809823695963,115.5578413435185,11.821237588392682,10.137134822130603,37.23481293042705,4.354993048354947,3.077934618633533,6.914776578034746,0.2646322951678041,15.0,73.0,-58.0,31.826201551724196,36.99156691729984,35.70940368650736,0.004845558504292351,0.12020874183180105,1195.5140186915887
676609,José Caballero,2025,372,762,212,27.821522309711288,0.09187942867538675,0.022453621711733873,8.452973844416752,4.46164474093105,7.841686301846763,111.98245509992918,122.70180290743252,21.060093188863046,14.389070104567697,37.23481293042705,7.183302262738554,3.1919731592528517,9.323816484828722,0.5331849169530853,136.0,74.0,62.0,19.47843887918199,24.719282662720374,23.932086282079894,0.006877747747425704,0.17612607977850495,1229.032258064516
660271,Shohei Ohtani,2025,711,1502,392,26.098535286284953,0.11175305847790484,0.012049934829966484,5.352652188376579,4.257537688352909,4.233008247024639,111.43429321454651,114.37539701992854,11.36841550656903,9.84722431118799,37.23481293042705,3.906129358043527,2.8110148580198566,6.772433347442771,0.2497123720458755,104.0,75.0,29.0,43.807198923338696,50.15009176656494,48.435962212620275,0.004222964609338379,0.1294292690796867,1267.5105485232068
596019,Francisco Lindor,2025,727,1408,379,26.917613636363637,0.10429752760440271,0.013708634390085407,5.084232600807536,3.9927137104005643,4.407124857077613,110.72306638913675,113.65451361420128,11.836033298494854,10.146460423524896,37.23481293042705,3.72079086078506,2.6292719703780882,5.826004055538677,0.2651194131728548,122.0,76.0,46.0,39.528762962068626,45.68915813004709,44.03712122171986,0.004375280659075614,0.14231057966383942,1162.0357634112793
665487,Fernando Tatís,2025,687,1393,340,24.40775305096913,0.11963858592998336,0.014257387536178405,5.113107274189871,3.984592149627214,4.487217214439372,110.70125464863324,113.73206113253119,12.051134036375318,10.280991714574226,37.23481293042705,3.73660847152036,2.608093346957703,5.804913841932978,0.2721964248128836,72.0,77.0,-5.0,40.67711921619434,46.53162704514174,44.955535916085154,0.004202805333056283,0.13765976428169197,1216.5938864628822
682177,Daniel Schneemann,2025,423,824,214,25.970873786407765,0.10500925609808777,0.017221749880847837,5.598473944149603,3.953220142865482,5.44639738133941,110.61700014513849,115.0355903616605,14.627164614781227,11.745124038190436,37.23481293042705,4.352608498522944,2.7073546972388227,4.716361284113801,0.3552447051789726,101.0,78.0,23.0,22.471980804990782,26.41890493561625,25.540569796449457,0.004789956469205668,0.13376264147470296,1168.7943262411347
641487,J. P. Crawford,2025,654,1262,277,21.949286846275754,0.1357482053114125,0.014513057225112497,4.370629786368931,3.619044890905615,3.906193312216025,109.71951946601094,111.73801999364255,10.490702127373961,9.26021662749768,37.23481293042705,2.9724929031549974,2.2209080076916816,4.193864143218983,0.22082828067253837,36.0,79.0,-43.0,37.60225287126126,42.36623933840339,40.842270135700204,0.003774949657006446,0.11985345354150445,1157.7981651376147
676059,Jordan Westburg,2025,352,627,168,26.794258373205743,0.09718452340354258,0.02377608593328325,5.8289079314018615,3.5421059147808673,6.914682516701964,109.51288763394425,115.65445740869743,18.570477390666614,13.514853941785889,37.23481293042705,4.3688603488939775,2.0820583322729833,5.439892771580596,0.4703651225015401,115.0,80.0,35.0,16.326999931795154,19.746625918217582,18.890064669812954,0.0054539489416625606,0.16200554788463337,1068.75
608070,José Ramírez,2025,652,1371,400,29.175784099197667,0.10083497226171324,0.014454346707138467,4.8641778271373886,3.533582018260078,5.283248678380323,109.48999535693264,113.06352159261836,14.189002878172188,11.51463154937099,37.23481293042705,3.351860504231257,2.0212646953539464,5.267854827526181,0.3414385000236112,158.0,81.0,77.0,40.3339889046853,45.6197288101746,43.97634398594993,0.003855390157176729,0.15505246358922828,1261.6564417177915
668904,Royce Lewis,2025,406,735,231,31.428571428571427,0.08169833770081927,0.02085830512686027,5.93169642560465,3.492642784704747,7.2107504837579235,109.38004654738221,115.93051222437448,19.365614907831425,13.81225628053196,37.23481293042705,4.639019887541884,2.199966246641981,6.431941446232318,0.4912942192827468,191.0,82.0,109.0,18.872316008889253,22.886097256881733,22.011386132792595,0.005460926868016979,0.17997475101784308,1086.2068965517242
467793,Carlos Santana,2025,477,1004,252,25.099601593625497,0.11708522689306143,0.01769870573391926,4.971158612323065,3.4373642052409115,5.78174752026133,109.23158714846667,113.35083547112654,15.527800639322344,12.196347760793987,37.23481293042705,3.5665757751862817,2.032781368104128,6.308316071590034,0.3830645797472968,86.0,83.0,3.0,29.505477177051482,33.45754827384832,32.340904918324576,0.003936325793622348,0.1450639153278138,1262.8930817610062
669707,Jared Triolo,2025,378,699,168,24.034334763948497,0.12406752911668197,0.013540459655206965,4.047423943954866,3.2904493525468186,4.188233758614088,108.83702399336609,110.86999940490487,11.248166511376786,9.76876547184758,37.23481293042705,2.5532559229969505,1.7962813315889035,3.5672378455050784,0.2457490030822459,64.0,84.0,-20.0,20.84334489160257,23.393221976294136,22.45189612309065,0.0036478928250236985,0.09980053619588854,1109.5238095238096
593428,Xander Bogaerts,2025,558,1005,239,23.781094527363184,0.10956026949915296,0.01878680186726391,4.106676897627377,3.1252370247366263,4.948119846178744,108.39332006468277,111.02913261656684,13.288961207954145,11.017763603744966,37.23481293042705,2.9539191885256195,1.9724793156348688,4.725833386457248,0.3126074315674104,62.0,85.0,-23.0,26.184904410297555,30.00411392509102,28.93204925562638,0.003800208472431305,0.14515771649559558,1080.6451612903224
694671,Wyatt Langford,2025,569,1195,282,23.598326359832637,0.13459160588067717,0.01521596783480885,3.9525321640979385,3.056469272521768,4.805180147530942,108.20863335135525,110.61515246896289,12.905073959977678,10.796002571688746,37.23481293042705,2.5905979781353765,1.6945350865592061,4.158776840039849,0.30015000642934353,57.0,86.0,-29.0,37.95483285835096,41.70315086063718,40.41158327428268,0.0031366677843399264,0.13182164821985254,1260.105448154657
608348,Carson Kelly,2025,422,821,179,21.8026796589525,0.13611155340321826,0.023322586968894474,4.360126470211659,2.93605789794813,6.2401578380038885,107.88524949335486,111.7098116710255,16.758934306084935,12.766408570519207,37.23481293042705,2.7694090047154223,1.3453404324518932,4.424191331499506,0.41971054126033447,34.0,87.0,-53.0,24.363968059176067,27.43059034322493,26.311785725825914,0.0037352281169900936,0.15317405048297525,1167.2985781990521
665862,Jazz Chisholm,2025,530,1086,291,26.795580110497237,0.11228112757460583,0.017171519514107305,4.180566165887234,2.925165163910222,5.875245702381504,107.85599532721132,111.22757397411554,15.778904847351733,12.31690113915613,37.23481293042705,2.6463518872933247,1.3909508853163124,4.4508419312308805,0.3906747199640213,116.0,88.0,28.0,32.6738081242103,36.366641570744015,35.011418957986066,0.0034003991220384194,0.15748374725399503,1229.433962264151
683011,Anthony Volpe,2025,596,1127,271,24.04614019520852,0.12650765692629265,0.018850428562457854,3.90236864411205,2.888650354364093,5.329435705128227,107.75792901057812,110.48043037413292,14.313045469266182,11.58062798984758,37.23481293042705,2.3280028595702995,1.3142845698223424,2.990211020591484,0.3453636455036466,65.0,89.0,-24.0,34.28357502702531,38.15992788017661,36.596057867531805,0.003439532256567261,0.15769367650775254,1134.5637583892617
650490,Yandy Díaz,2025,647,1222,294,24.058919803600652,0.12279151143086577,0.01498087796753339,3.3349224084551397,2.7451026266955108,4.226125428049327,107.37240880416054,108.95646344373051,11.34993060377612,9.835203789728007,37.23481293042705,2.0867111504508227,1.4968913686911938,2.7041208316150627,0.24910309561245983,66.0,90.0,-24.0,36.100704360674534,39.69686235779199,38.350874551244004,0.0029428461514872826,0.13036464002158904,1133.2302936630601
668709,Jj Bleday,2025,342,660,164,24.848484848484848,0.1268408733107756,0.0175670921052697,3.7172259372910843,2.729762513469105,5.491928708545765,107.33121049532234,109.98320024928469,14.749446220684366,11.808149892813093,37.23481293042705,2.402590591003236,1.4151271671812569,3.692364342921968,0.35906751263827374,80.0,91.0,-11.0,20.801903222967198,22.920722007223116,22.171379859839043,0.0032103314912968455,0.1218506299788772,1157.8947368421052
669701,Josh Smith,2025,561,1062,272,25.6120527306968,0.12101988031089066,0.010854993341969734,3.1117635654401936,2.6990449571646846,3.5818636922887443,107.24871362240447,108.3571349512471,9.619663455759609,8.644625057280058,37.23481293042705,1.663712280087464,1.250993671811955,1.842158346874459,0.19244415325633218,93.0,92.0,1.0,32.91740744456226,35.82690637824884,34.47297842644404,0.0027396411804958393,0.10276811892998569,1135.8288770053475
687401,Joey Ortiz,2025,508,828,275,33.21256038647343,0.08511763014228159,0.017477507279177382,3.5913092214253513,2.5925910698180763,5.75146722412986,106.96281481167185,109.64503092344168,15.446478098000469,12.156822245908877,37.23481293042705,2.342626702994209,1.3439085513869342,2.9396720668036185,0.3805857572167089,221.0,93.0,128.0,23.407348289127437,26.4479900966009,25.390772230995868,0.0036722727143399326,0.1692294499026715,977.9527559055118
643446,Jeff Mcneil,2025,457,794,215,27.07808564231738,0.11280736326865992,0.015453155610725466,3.2031714392919355,2.558465994956115,4.6703049919519035,106.87116650682948,108.6026253046498,12.542845322409251,10.581234846523492,37.23481293042705,1.9264788094550083,1.2817733651191876,3.6963342864526005,0.28832686196946494,125.0,94.0,31.0,24.253583102761883,26.69333201568924,25.720917795963448,0.003072731628371987,0.12624085909850233,1042.4507658643327
682928,Cj Abrams,2025,637,1107,365,32.97199638663053,0.08750481185979225,0.015613747277651443,3.4054169792755524,2.555346364108917,5.368070253548458,106.86278824304438,109.14578780250231,14.416804681088783,11.635379447096282,37.23481293042705,2.243258507385442,1.3931878922188066,2.7446902939610136,0.3486370194034783,218.0,95.0,123.0,31.93925632882417,35.55467402182172,34.320849110831716,0.0032659599756075385,0.1712902181429987,1042.7001569858712
663993,Nathaniel Lowe,2025,610,1251,301,24.060751398880896,0.13319683271435953,0.017039674242323624,3.277654270988397,2.5104260503505453,5.173485763968002,106.7421476107353,108.80266077101734,13.894217150048853,11.355403404191819,37.23481293042705,1.839868652268021,1.0726404316301692,2.7666700327706466,0.3320607411265908,68.0,96.0,-28.0,40.092246647022215,43.424528489193754,41.962779776828036,0.0026636945181227317,0.148707608068961,1230.4918032786884
663968,Jake Mangum,2025,427,681,299,43.906020558002936,0.05409440677488693,0.015552488179805746,3.605782662863207,2.424153651477118,6.607741172226729,106.51044939048474,109.68390164763439,17.746137692629855,13.18696314373537,37.23481293042705,2.611584247837201,1.429955236451112,2.942151671290686,0.4478184506727628,264.0,97.0,167.0,16.17422762569119,18.74034295409551,18.032805082068666,0.003768157604117938,0.18020054156403537,956.9086651053864
666969,Adolis García,2025,547,1105,397,35.92760180995475,0.08470630448738754,0.016166220298164665,3.598982684573852,2.3336179701968174,7.060750876481907,106.26730144866623,109.66563922665202,18.96276715469167,13.663828686836007,37.23481293042705,2.093799483113377,0.8284347687363423,3.5114675300882006,0.48079198032006387,242.0,98.0,144.0,33.62840288149285,36.90947542892935,35.537250076931215,0.002969296423019452,0.19364479389491987,1212.0658135283365
695734,Daylen Lile,2025,350,618,166,26.860841423948216,0.10115493177961651,0.021402087426407302,3.12191571431984,2.225912671200049,6.19049750316631,105.9780417733242,108.38440015840314,16.62556359483585,12.7071563995566,37.23481293042705,1.6626076139446764,0.7666045708248852,3.214498216848083,0.4158236141789346,120.0,99.0,21.0,16.79171867541634,18.612836175436247,17.76157311688407,0.002946792071229622,0.14526069214927823,1059.4285714285716
605170,Víctor Caratini,2025,382,665,160,24.06015037593985,0.1188685076076024,0.02789628312745647,3.3190449975666234,2.177801474999578,7.123973965507397,105.84883151976292,108.91382213674132,19.132562794980295,13.7269443029596,37.23481293042705,1.9332147083312272,0.7919711857641818,3.242672759652719,0.48524396348065785,67.0,100.0,-33.0,19.018961217216383,21.132086532333798,20.249774581520597,0.0031776320528081456,0.175882898293412,1044.502617801047
690993,Colt Keith,2025,467,895,227,25.363128491620113,0.12568580609003624,0.015802199485231753,2.6509492103195487,2.1254449056112152,4.942211002750526,105.70821964268383,107.11954486053905,13.27309207108146,11.008714538357081,37.23481293042705,1.2104039569431062,0.6848996522347728,2.028753792847287,0.3120941434775099,89.0,101.0,-12.0,28.530677982438224,30.594000117803606,29.47277572892561,0.0023053878607434434,0.12858058453379206,1149.8929336188437
677800,Wilyer Abreu,2025,413,771,222,28.793774319066145,0.10966605056399467,0.01894891072371433,2.823633599889088,2.029024314241634,6.347211263938694,105.44926684077305,107.58331619703588,17.04644327285438,12.892136591428683,37.23481293042705,1.1044888305736087,0.3098795449261551,2.428710208078302,0.4280181590174723,152.0,102.0,50.0,24.345863225206816,26.289464353130473,25.106119703584984,0.0025208834344016286,0.1573455866842985,1120.096852300242
518692,Freddie Freeman,2025,623,1201,343,28.55953372189842,0.10754438044206989,0.01487222404165559,2.4986086351030803,2.008832614564576,5.031224996822654,105.39503882648226,106.71041006643893,13.51215328038161,11.143964707900574,37.23481293042705,1.405236229128102,0.9154602085895978,2.766601029719308,0.31980986377776016,144.0,103.0,41.0,36.88772249162997,39.48211112441201,38.34682610954132,0.0021601903686777947,0.15074365182548224,1156.661316211878
666134,Nolan Jones,2025,406,776,210,27.061855670103093,0.12055558089815355,0.019309211746928064,2.7251076636459595,1.9955744073422257,6.179865800032248,105.35943180665616,107.31870915730879,16.59701046861516,12.694393923998565,37.23481293042705,0.8541412628094701,0.12460800650573622,2.5996191393366708,0.4149887659210402,124.0,104.0,20.0,25.316671988612246,27.160661507679343,25.894640909779987,0.0023762751534369833,0.15011461154501085,1146.7980295566504
609280,Miguel Andújar,2025,340,620,222,35.80645161290323,0.07279643917461485,0.018784692755573797,2.917967105374934,1.9238637610638167,7.479411361055381,105.16684148422752,107.83666379854554,20.087146335421643,14.066988634289567,37.23481293042705,1.8954627288128003,0.901359384501683,2.9379168010007777,0.5095826951669408,239.0,105.0,134.0,16.160809496764497,17.814324189810293,17.23490504309175,0.002666959182331929,0.1702155535970245,1094.1176470588234
687597,Jordan Beck,2025,590,1143,312,27.296587926509186,0.11163454357772683,0.014096971667366938,2.2118147931414365,1.8528709261848544,4.6709740368554975,104.97617895824246,105.94017968419553,12.544642148688045,10.58231354494602,37.23481293042705,1.029645130113567,0.6707012631569849,2.3472669114770697,0.2883856516266194,127.0,106.0,21.0,34.82997759625077,37.00492880950652,35.84246197419578,0.0019028444560417726,0.13585796322118104,1162.3728813559321
624413,Pete Alonso,2025,703,1402,389,27.746077032810273,0.11130906697108091,0.015633350607381358,2.163290451972036,1.7617777575633655,5.215673214745823,104.73153379568532,105.8098598642462,14.007518245066162,11.417002619887771,37.23481293042705,0.7664127119179351,0.3649000175092645,2.9499597391238606,0.3356731466650002,134.0,107.0,27.0,43.29922705175047,45.833882364644374,44.19720727921432,0.001807885387228176,0.16320762347263998,1196.5860597439544
624428,Adam Frazier,2025,453,860,255,29.651162790697676,0.10147136757445685,0.01724461678897964,1.9449179179840874,1.5705721396222119,5.779208036616503,104.21802076072414,105.22338576433337,15.52098045292965,12.193042045793973,37.23481293042705,0.45101233826259857,0.07666655990072302,0.8437547430715292,0.3828569551793673,163.0,108.0,55.0,25.875198731486496,27.34361175956448,26.215713046874757,0.001707457009393007,0.14878736557670083,1139.0728476821191
668227,Randy Arozarena,2025,708,1395,360,25.806451612903224,0.12375947696433799,0.014916411047371568,1.80740001663044,1.561001294244275,4.726316953491179,104.1923167363859,104.85405961353305,12.69327433529011,10.67108068722601,37.23481293042705,0.22517567207701725,-0.02122305030914773,2.3305258361872494,0.29324404790096115,98.0,109.0,-11.0,44.55341170716168,46.6861437267856,44.81911900021256,0.0015288401574365012,0.1493199191748384,1182.2033898305085
665926,Andrés Giménez,2025,368,672,236,35.11904761904761,0.09154126397428883,0.019105301045653677,2.0275271901451903,1.4882072970292404,7.464880821595133,103.99681690306849,105.44524607638988,20.04812226542726,14.053566353284271,37.23481293042705,0.542303032670823,0.002983139554872949,1.6400963200503231,0.5086107033406804,234.0,110.0,124.0,21.603738297932164,22.84728830788788,21.936350824636936,0.001850520848148388,0.17661793806878498,1095.6521739130435
621493,Taylor Ward,2025,665,1356,280,20.64896755162242,0.16083408526293544,0.013277997574777416,1.6166863540179477,1.4816358377773673,3.759272471642136,103.9791682062316,104.34186780268969,10.096122890871795,8.985447900724996,37.23481293042705,0.04022010991907524,-0.09483040632150508,1.082478571988733,0.20791788997724178,23.0,111.0,-88.0,45.03354387362192,46.825371249325144,45.078121162115565,0.0013214066192501663,0.113147341593193,1223.4586466165413
680777,Ryan Jeffers,2025,462,946,234,24.735729386892178,0.12279207425714891,0.016962836665806627,1.6966787264036596,1.4339685752046545,5.504358292704402,103.8511502068884,104.55670001504745,14.782827841754575,11.82525778273492,37.23481293042705,0.23012561428628384,-0.03258453691272134,2.6383665253543667,0.3601087151140644,77.0,112.0,-35.0,28.733345376172846,30.039787995503662,28.910542099173284,0.0013810175680029789,0.13780083604058307,1228.5714285714284
687363,Victor Scott,2025,461,821,194,23.629719853836782,0.140825139903239,0.014562409878386508,1.5722142317280619,1.4268941498756231,4.125219232376524,103.832150714821,104.22243085970575,11.07893099955803,9.657292384663576,37.23481293042705,0.05065015866533216,-0.09466992318710665,1.1262564968810997,0.24017243376338693,58.0,113.0,-55.0,27.320077141228367,28.528061742606095,27.358993346469564,0.0014713576143455878,0.11061782889219743,1068.5466377440346
593871,Jorge Polanco,2025,522,1035,278,26.859903381642514,0.11507694642415332,0.015997367244010317,1.51392179273383,1.326660364647965,5.295544209441537,103.56295697557772,104.06587726266433,14.222024478372482,11.532258409160681,37.23481293042705,0.30100582219052746,0.11374439410466253,1.7446585767156544,0.3424846637954116,119.0,114.0,5.0,31.991391105914623,33.30850306559306,32.25326617122038,0.0012725719417182918,0.14320549268904811,1189.6551724137933
571448,Nolan Arenado,2025,433,807,276,34.20074349442379,0.0940035824795081,0.021513053093882524,1.4329480589523838,1.1710295705785203,8.316445087381458,103.1449857765274,103.84840944851753,22.335133260695226,14.776697935074594,37.23481293042705,0.09944029708002315,-0.16247819129384022,0.5973169313086963,0.5622988424501888,228.0,115.0,113.0,25.944988764344235,26.979099613554872,26.016751512070318,0.0012814260832845563,0.21126988838524985,1118.24480369515
624424,Michael Conforto,2025,488,996,235,23.59437751004016,0.15762229602466582,0.013458945222072404,1.245853404062618,1.1694628497026962,4.508681812176638,103.14077809894688,103.34593705731915,12.108780620440001,10.316714581540888,37.23481293042705,-0.6952188009152825,-0.7716093552752044,-0.24256462469185774,0.27409128672288774,56.0,116.0,-60.0,37.04123956579647,38.0545336677674,36.47579494105204,0.001017363556195712,0.11619528075918271,1224.5901639344263
702332,Caleb Durbin,2025,499,810,200,24.691358024691358,0.11747322513472845,0.01976102859386717,1.1924795054311856,1.1235024686717676,4.873499751458382,103.01734420089883,103.20259298108822,13.088557099949657,10.902741132852768,37.23481293042705,0.00931007158269433,-0.05966696517672365,1.01774894550862,0.3061144280070344,76.0,117.0,-41.0,23.49464502694569,24.48639048229596,23.502387903145298,0.0012243771053707028,0.14241237659343745,973.9478957915832
680574,Matt Mclain,2025,576,1165,305,26.180257510729614,0.1250137386381903,0.01489750087710088,1.1337413507767051,1.081662480380066,4.948171197598229,102.90497627153692,103.04484234389761,13.289099120341621,11.017842201187031,37.23481293042705,-0.3790872915872434,-0.43116616198388247,0.6882372199967864,0.3126118916798276,105.0,118.0,-13.0,38.12919028464804,39.21758198139368,37.765266484724286,0.0009342417997816625,0.13917235857779103,1213.5416666666667
665966,Carlos Narváez,2025,447,888,262,29.504504504504503,0.10309394484575421,0.017129965333853872,1.0776781393941086,1.0313409552323023,6.233991284210191,102.7698298287663,102.89427569142819,16.742373047122204,12.759083183476122,37.23481293042705,-0.46355834481008285,-0.5098955289718892,1.182171421330771,0.4192290181984578,160.0,119.0,41.0,27.010613549587603,27.813483763436214,26.66526258270409,0.0009041331237033906,0.15585329219595476,1191.9463087248323
663728,Cal Raleigh,2025,692,1521,487,32.018408941485866,0.10569753604305837,0.01476808377441094,0.9946931087878973,0.9829012646813305,6.348293958276909,102.63973735148844,102.6714062204273,17.04935102034391,12.893394307150336,37.23481293042705,-0.507697080880858,-0.5194889249874247,1.9893493082505893,0.4281016752636078,203.0,120.0,83.0,51.474700052969425,52.62191277177147,50.8891560863535,0.0007542489932952278,0.1877358726122915,1318.7861271676302
578428,Jose Iglesias,2025,342,650,222,34.15384615384615,0.09735337043558198,0.01771345306950238,0.9623793592047997,0.9646431502467543,6.974563483524221,102.59070228726321,102.58462251711322,18.731297231319886,13.57646422559021,37.23481293042705,-0.16312464320281214,-0.16086085216085744,0.4556848347115773,0.47466341280858526,227.0,121.0,106.0,21.6124482366992,22.16100447144594,21.5194671900736,0.0008439326688411319,0.15593198555177348,1140.3508771929826
643376,Danny Jansen,2025,339,649,129,19.876733436055467,0.1686219980002728,0.018766762284443645,0.9402517588663514,0.9491829105033149,5.173382473866594,102.54918135959714,102.5251953343319,13.89393974808741,11.355251971618681,37.23481293042705,-0.41570817764296003,-0.4067770260059964,1.4247208188428844,0.33205188464208135,14.0,122.0,-108.0,21.75223774203519,22.28347998579468,21.51736262166692,0.0008185550751301827,0.11473625936221962,1148.6725663716813
664770,Nathan Lukes,2025,437,767,243,31.681877444589308,0.09420071058204178,0.018626368225169575,0.9265793127675214,0.9441141961710872,6.4018543985343035,102.53556852275626,102.48847581025538,17.193196083719066,12.955270196786485,37.23481293042705,-0.3704327721852049,-0.3528978887816391,1.7021520729350275,0.4322204872150722,197.0,123.0,74.0,22.890772671436153,23.565631270901832,22.620974135694595,0.0008798677959135307,0.1683597596566474,1053.0892448512586
663886,Tyler Stephenson,2025,341,685,174,25.401459854014597,0.13080779505823473,0.01885517546653751,0.9172187584040326,0.93834739254686,6.284536181130916,102.52008085632163,102.46333655581364,16.878119390242464,12.818858533070694,37.23481293042705,-0.7455195405155072,-0.7243909063726799,0.41727334078993106,0.4231663327916421,90.0,124.0,-34.0,22.76055634013284,23.281842334492467,22.336852734606527,0.0007610014516198908,0.1364680775928232,1205.2785923753665
802415,Chandler Simpson,2025,440,646,192,29.721362229102166,0.09656968151104754,0.01934116623208434,0.8786668926649612,0.9085934062223575,5.245516698745142,102.44017180352176,102.35979940145461,14.087667658076727,11.46027608433557,37.23481293042705,-0.15513145467011213,-0.12520494111271585,0.3196049407630723,0.33822254928215106,164.0,125.0,39.0,18.541378850121127,19.185734571408766,18.427615783363045,0.0009974546769158485,0.1513468690467063,880.909090909091
668804,Bryan Reynolds,2025,652,1304,338,25.920245398773005,0.13140809672864712,0.01169383137194604,0.8549792201042753,0.8808594311524075,4.018358724919092,102.36568781156035,102.29618239710723,10.791940145979417,9.465433744520244,37.23481293042705,-0.794704311157775,-0.7688241001096429,0.36314690730254084,0.23072435368593625,100.0,126.0,-26.0,44.41593669428273,45.34501411346271,43.55235800949128,0.0007124826834202294,0.12092225958275246,1200.0
669065,Kyle Stowers,2025,456,841,236,28.061831153388823,0.12006723001849011,0.016705258267654875,0.8003171372467442,0.8596830644817575,5.453520772760814,102.30881531777283,102.1493786976777,14.646295613061556,11.75502157960785,37.23481293042705,-0.42502045436030195,-0.3656545271252887,0.5038597316810672,0.35584368236261815,140.0,127.0,13.0,28.335866284363664,28.94410730867119,28.012850739049835,0.0007232354629102564,0.14291985473442134,1106.578947368421
682622,Noelvi Marte,2025,361,627,210,33.49282296650718,0.09051941229766636,0.025053360688084274,0.5509213511399201,0.7961742292023106,8.787887888394387,102.13825226056582,101.47958673021753,23.601267729784183,15.126400510288962,37.23481293042705,-0.4303340103491825,-0.18508113228679202,0.48205089046888283,0.5892282884696645,222.0,128.0,94.0,19.009076582509934,19.340547595445788,18.750158952949842,0.0005286619026090143,0.2111575862261856,1042.1052631578948
641857,Ryan Mcmahon,2025,588,1206,301,24.958540630182423,0.14269053941784435,0.013477134992791906,0.7211457577325364,0.7892478628038373,4.539775258090608,102.1196504042562,101.9367513919836,12.19228700456517,10.368214984668482,37.23481293042705,-1.1373254316547632,-1.0692233265834623,0.45785342703145,0.2768346105357451,82.0,129.0,-47.0,42.94985236477115,43.656575207349036,41.83527344174948,0.0005860056737793415,0.1281111044868649,1230.612244897959
668715,Spencer Steer,2025,566,1049,260,24.78551000953289,0.13588577516426056,0.01401620344345147,0.6694888154962199,0.7409882515050766,4.125589744138566,101.99004155839216,101.79801847466551,11.07992606770228,9.657951424002185,37.23481293042705,-0.8689939307558397,-0.797494494746983,0.38715612908564234,0.24020521489425142,78.0,130.0,-52.0,35.330301542707744,35.96185265865918,34.5105506013614,0.0006020506348440744,0.12016098382590785,1112.0141342756185
666023,Freddy Fermin,2025,348,642,199,30.99688473520249,0.11047067228587829,0.015799273659002192,0.5907468958518068,0.7294148953017492,5.603839778449041,101.95895947339565,101.58654455161522,15.050001161331926,11.960687041188875,37.23481293042705,-1.0306050076011188,-0.8919370081511764,0.717320946804499,0.3684042674180429,185.0,131.0,54.0,21.983663784889778,22.326296984483825,21.38591288048113,0.0005336965725763987,0.1282762304664053,1106.896551724138
543760,Marcus Semien,2025,534,1041,246,23.631123919308358,0.14179274676939957,0.015369963437746449,0.5661005219402447,0.6750309740176526,4.4806264473017805,101.81290282102113,101.52035280262587,12.033433485146803,10.269994860005024,37.23481293042705,-0.872420433875468,-0.7634899817980603,0.6423982107958548,0.271614437448782,60.0,132.0,-72.0,34.8810157052723,35.38484516979912,34.10456151912313,0.0004839860370094312,0.12359570522594948,1169.6629213483145
693307,Dillon Dingler,2025,466,821,251,30.572472594397077,0.10417213135658934,0.016579359780720046,0.38007126159339977,0.5850536875230818,5.374222657049188,101.57125453702761,101.02074169757093,14.43332793719383,11.644060450727384,37.23481293042705,-0.9202124219333084,-0.7152299960036264,0.1954587126306754,0.3491574404637881,177.0,133.0,44.0,26.147204970503925,26.442393650341465,25.432506656135722,0.00035954772209201036,0.14567289235247843,1057.0815450643777
666182,Bo Bichette,2025,628,1181,416,35.22438611346317,0.08602988701173797,0.014980108372254664,-0.03068270410739509,0.36684728085759305,5.97094772654575,100.98522659840683,99.91759672818895,16.035927822982266,12.437989375818232,37.23481293042705,-1.4494168034343549,-1.0518868184693666,0.35540403811093907,0.39839397452503583,235.0,134.0,101.0,35.788432996882996,35.75631843325059,34.271376742621705,-2.719268724166542e-05,0.18185561446410076,1128.343949044586
605137,Josh Bell,2025,532,1091,293,26.85609532538955,0.12820111153433827,0.015535888384085718,0.008462054674500797,0.34977062055498914,5.455580877172515,100.93936451677233,100.02272619091792,14.651828350437063,11.75788140417836,37.23481293042705,-1.2566319601193532,-0.915323394238865,0.2815876443690701,0.3560168465357198,118.0,135.0,-17.0,37.56292567956112,37.570428701372514,36.44871200825529,6.877196894033645e-06,0.14644987490359965,1230.451127819549
657757,Gavin Sheets,2025,545,1191,375,31.48614609571788,0.1042057653307509,0.015598526827212177,-0.35228938108477714,0.22121072491250093,6.433664275177102,100.59409651211577,99.05387095204956,17.278626556277732,12.991702259729426,37.23481293042705,-2.001707829698343,-1.4282077237010649,0.1906968913216397,0.4346548362813232,193.0,136.0,57.0,39.07716199903159,38.757165811212914,37.25894405372226,-0.00026867857919284007,0.16933540302234948,1311.1926605504589
683002,Gunnar Henderson,2025,643,1249,348,27.862289831865496,0.11716960461016152,0.012586422388770332,-0.05778104357925152,0.20057681764601332,4.259684159697267,100.5386808791568,99.84481983651371,11.440057904027753,9.893674338343422,37.23481293042705,-1.4539786574004125,-1.1956207961751475,0.01707914416408346,0.2520737488311991,137.0,137.0,0.0,40.775022404336205,40.71310038596711,39.21684194315543,-4.95772765164915e-05,0.12916828764515076,1165.4743390357698
649966,Luis Urías,2025,330,606,140,23.1023102310231,0.1443146485764706,0.01891034650029954,-0.2920694042674755,0.13608459489873082,5.26654427311821,100.36547677882255,99.21560125785187,14.144140546532908,11.490616716656879,37.23481293042705,-1.3762183104820929,-0.9480643113158866,-0.5569952263107907,0.3400157818196021,47.0,138.0,-91.0,20.204050800705886,20.043412628358773,19.447130729940735,-0.0002650794923219662,0.11766630528230614,1101.8181818181818
696285,Jacob Young,2025,366,605,140,23.140495867768596,0.13605281377172954,0.019249659696657172,-0.29899450052278953,0.08041688095166066,4.799566671899031,100.21597229748923,99.19700281271331,12.88999808020248,10.78717139619183,37.23481293042705,-1.390859922681945,-1.011448541207495,-0.6882007858117636,0.299659159334419,50.0,139.0,-89.0,19.047393928042133,18.86500728272323,18.198969375206147,-0.00030146552945273,0.11902938141735066,991.8032786885245
677587,Brayan Rocchio,2025,381,671,207,30.849478390462,0.09687887226052173,0.014075010778576647,-0.3486488087350175,0.04983078303634747,4.835997872521281,100.13382847694027,99.06364828692314,12.987839851800262,10.84432006114348,37.23481293042705,-1.583104131804928,-1.184624540033563,0.20085439550274106,0.3028426600514919,183.0,140.0,43.0,20.053926557927998,19.832534564381262,19.04865543423187,-0.00032994335848991974,0.11854918327897664,1056.6929133858266
608369,Corey Seager,2025,435,844,195,23.104265402843602,0.1481510335724543,0.010741226474822516,-0.19945338080586975,0.015047206770241267,3.4826963962852426,100.04041166206034,99.46433628878827,9.353333942599988,8.44980499626106,37.23481293042705,-1.8689392799949727,-1.6544386924188617,-0.7367148897613995,0.1838678387496442,48.0,141.0,-93.0,28.88945154662859,28.744847845544335,27.534470568632234,-0.00017133139938892839,0.08691253149827693,1164.1379310344828
592626,Joc Pederson,2025,306,644,173,26.86335403726708,0.12400745771816957,0.0237595383629746,-1.1963502042630696,0.0033228478420750385,8.186064507576667,100.00892403527925,96.78701164284499,21.984975519743482,14.673946163793982,37.23481293042705,-2.915829429114513,-1.7161563770093682,-0.8160637693936865,0.5545059889314606,121.0,142.0,-21.0,21.453290185243336,20.84315158106917,19.966217176394935,-0.0009474201928170272,0.16451382692642613,1262.7450980392157
656941,Kyle Schwarber,2025,719,1589,344,21.648835745752045,0.1631358183102335,0.01334142328818432,-0.36070633790422496,-0.031286725214867916,4.214613277030942,99.91597453363516,99.03126587857928,11.3190128950182,9.815065634075685,37.23481293042705,-1.804823798164382,-1.4754041854750248,0.7964024647351606,0.24808403362758358,32.0,143.0,-111.0,56.11872149872032,55.68647507046509,53.95594098058667,-0.00027202418392399593,0.12669906862090113,1326.008344923505
673962,Josh Jung,2025,512,972,320,32.92181069958848,0.09980988389141722,0.0168103620390647,-0.8975528940842582,-0.08866342356494517,6.422354344177364,99.76188030343911,97.58947924416505,17.248251941476067,12.978775814220278,37.23481293042705,-2.383610611046591,-1.574721140527278,-0.25961982320144156,0.43379032341241264,216.0,144.0,72.0,31.93916284525351,31.17325104230161,29.90514845716042,-0.000787975105917593,0.1757842019291005,1139.0625
527038,Wilmer Flores,2025,465,915,271,29.617486338797818,0.11203680039577692,0.016145723703232178,-0.752719222193219,-0.08940358550871619,5.81376690559484,99.7598924810613,97.97845305789593,15.613793780722942,12.237885373666456,37.23481293042705,-1.8818239650368647,-1.2185083283523617,-0.13314985899705056,0.38567826113992815,162.0,145.0,17.0,30.361972907255545,29.778615510055797,28.903559334351975,-0.000637549067977863,0.14895283409448978,1180.6451612903227
682829,Elly De La Cruz,2025,691,1383,395,28.56109906001446,0.11089025809092311,0.012577223890838447,-0.4900836661456068,-0.09754310320993953,4.455262626797608,99.73803251437788,98.68380252893623,11.965314919460535,10.22755161022694,37.23481293042705,-1.8761482569489887,-1.4836076940133216,0.9755737929596464,0.2693740511533937,145.0,146.0,-1.0,43.80165194591463,43.23723892373693,41.64095453666171,-0.0004081077528399786,0.137971382699133,1200.8683068017367
672761,Wenceel Pérez,2025,382,793,260,32.78688524590164,0.10316921033393268,0.015502832035558786,-0.9862944646538687,-0.1346148334466717,6.451146840769583,99.63847049883613,97.35114967141972,17.325578760993107,13.011625373856145,37.23481293042705,-2.4310074053383968,-1.5793277741311997,-1.3992416835880526,0.4359889675070283,214.0,147.0,67.0,26.8239946868225,26.196053877659537,25.27625330542372,-0.0007918547404324881,0.1458520193092962,1245.5497382198953
624585,Jorge Soler,2025,315,657,162,24.65753424657534,0.14416785513829744,0.01688772360804884,-0.9228711176697181,-0.2009848535641694,5.768078107599645,99.46022327562191,97.52148313624109,15.491089262022756,12.178534220443433,37.23481293042705,-2.565867473010421,-1.8439812089048722,-0.8521339055254391,0.3819464166329258,75.0,148.0,-73.0,23.355192532404185,22.870685195627583,22.008112109073714,-0.0007374540894621034,0.11814293379531092,1251.4285714285716
575929,Willson Contreras,2025,556,1038,319,30.732177263969174,0.10191810061123427,0.015743415743068173,-0.9015014617615432,-0.21107407397093725,5.616791355693115,99.43312707286773,97.57887473895467,15.084784677683341,11.9781242752463,37.23481293042705,-2.271308220798658,-1.580880833008052,-0.6550736200311208,0.36947922809353334,179.0,149.0,30.0,32.51187409498373,31.676482740418038,30.407128477043642,-0.0008048086267492261,0.1615523039768857,1120.1438848920864
621043,Carlos Correa,2025,590,1158,334,28.842832469775477,0.11952233448170538,0.012999704272502768,-0.810782106251665,-0.3048020600831498,4.627799526044174,99.18140568974344,97.8225159670693,12.4286901472855,10.512429079701826,37.23481293042705,-2.308618863081822,-1.802638816913307,-0.14915739359158026,0.2845892926167744,153.0,150.0,3.0,39.920459716889596,39.12319064574213,37.65031783485914,-0.0006884879716299401,0.1337275902720389,1177.6271186440677
592885,Christian Yelich,2025,644,1314,338,25.72298325722983,0.13471796548129297,0.01345047279455967,-0.8612509349368968,-0.3709690364159788,4.441388430626178,99.00370377283987,97.68697391726893,11.928053563542477,10.204252055839438,37.23481293042705,-2.2449366492886687,-1.7546547507677506,-0.6882974205100431,0.2681481181973455,96.0,151.0,-55.0,45.534672332677026,44.61026299584476,43.125106995773855,-0.0007035078666912247,0.13150906538218254,1224.223602484472
669242,Tommy Edman,2025,376,611,175,28.641571194762683,0.10870353829883397,0.016560186036625922,-1.023434726540423,-0.43692279614375706,4.742275758878777,98.8265744829707,97.2514036032551,12.736134240125448,10.69650857237768,37.23481293042705,-1.9526984805144127,-1.3661865501177468,-2.1367797069266112,0.2946432426491373,147.0,152.0,-5.0,19.023119202295945,18.381766773663944,17.799428154506913,-0.001049676642605562,0.12022721682523228,975.0
592518,Manny Machado,2025,674,1316,393,29.86322188449848,0.11585629981789247,0.013733955662032254,-1.0697577206089321,-0.43698985347517183,4.925612206207586,98.8263943898639,97.126995850341,13.22851336841964,10.98324015602919,37.23481293042705,-2.7327261364870092,-2.099958269353249,-1.1493515611033314,0.31065143065067546,167.0,153.0,14.0,45.53152582843174,44.329831322281045,42.461763468444666,-0.0009131417219990126,0.1525249594932433,1171.5133531157269
666971,Lourdes Gurriel,2025,545,977,339,34.69805527123849,0.09116272586654278,0.015614897757404834,-1.3496707582587109,-0.4540989460562015,5.824495564662965,98.78044520619808,96.37524496019206,15.642607297493313,12.251744200346415,37.23481293042705,-2.430614609756216,-1.5350427975537067,-0.4183264899158192,0.3865522805508419,231.0,154.0,77.0,30.904164068758003,29.67821313000634,28.69635579822944,-0.0012548116056823567,0.16926076091455503,1075.5963302752293
641680,Jonah Heim,2025,435,820,246,30.0,0.10758540899262906,0.016985971744757643,-1.3502729737815529,-0.4601738193848993,5.794301979083495,98.76413016967554,96.37362761482238,15.561517631121452,12.212665746192275,37.23481293042705,-2.6613853960500635,-1.77128624165341,-1.6990895916419326,0.384090300556265,170.0,155.0,15.0,26.466010612186746,25.487062706195122,24.53650620005045,-0.0011938389097458852,0.14670070663232074,1131.0344827586207
665161,Jeremy Peña,2025,543,927,333,35.92233009708738,0.08392236857644815,0.01523215758052035,-1.4253479555416813,-0.5200977590380498,5.724477222412428,98.60319491866429,96.17200183547334,15.37399216456,12.121390784869453,37.23481293042705,-2.520665008319227,-1.6154148118155953,-1.1233358472206258,0.37837053051675296,241.0,156.0,85.0,27.946148735957234,26.65620883619201,25.664946903428334,-0.0013915209274705735,0.17015493278439855,1024.3093922651933
543309,Kyle Higashioka,2025,328,615,170,27.64227642276423,0.11527818766379928,0.017115738118009614,-1.4496665437218108,-0.5501992993329374,5.649279567741343,98.52235245451352,96.1066904070916,15.172036927638059,12.021668802155581,37.23481293042705,-2.9269778299824387,-2.027510585593565,-0.3875645676239978,0.3721704745570314,131.0,157.0,-26.0,19.59729190284588,18.804807525611288,17.997210689122145,-0.0012885924833082763,0.12453117985359055,1125.0
666624,Christopher Morel,2025,306,605,189,31.239669421487605,0.11409993872288239,0.017844748592254406,-1.9684799505518364,-0.5707488482557295,6.9950544830710815,98.46716337927582,94.71333465746176,18.786329062915627,13.59737462117918,37.23481293042705,-3.7340135783102575,-2.3362824760141505,-1.4830768054908705,0.4761266867643734,188.0,158.0,30.0,21.564888418624772,20.560963643843337,19.66054149368654,-0.001659379793027168,0.1450385970642802,1186.2745098039215
663647,Ke'Bryan Hayes,2025,567,1049,281,26.78741658722593,0.12724592267270868,0.016599824021463178,-1.4620792936093556,-0.6507526169164324,5.195948672428929,98.25230056041275,96.07335399712834,13.954544856012886,11.388264565879625,37.23481293042705,-2.7246363732973067,-1.9133096966043834,-1.949402694630953,0.33398540908881413,114.0,159.0,-45.0,35.75610427103114,34.3744393385703,33.181322898265186,-0.0013171257697434137,0.15160339141505108,1110.0529100529102
679529,Spencer Torkelson,2025,640,1283,289,22.525331254871396,0.16376453981270536,0.011245060777716871,-1.1783308620825867,-0.7579688837528272,3.621974184415014,97.96435425855614,96.83540544628413,9.727386548665208,8.722547280697462,37.23481293042705,-3.0920941518890976,-2.671732173559338,-1.485571710117084,0.19592915378521286,43.0,160.0,-117.0,47.32795200587185,46.071065752983756,44.02971824385681,-0.0009796463389618803,0.10786008196277765,1202.8125
671732,Lawrence Butler,2025,632,1250,325,26.0,0.13429037562144389,0.013783598280600374,-1.5649789169113293,-0.8546520170257356,4.581647617050724,97.70469635869355,95.7970007266171,12.304741870494947,10.437107196219277,37.23481293042705,-3.162269664792642,-2.451942764907048,-2.096394455095683,0.2805257203857796,102.0,161.0,-59.0,43.64437207696926,41.99592761782266,40.313448030054346,-0.00131875556731728,0.13649995403886744,1186.7088607594937
663586,Austin Riley,2025,446,852,238,27.93427230046948,0.12020379078829473,0.018458746509804478,-2.2169177399541353,-0.9395019647355198,6.0058372576508825,97.4768183568131,94.04611554220394,16.12962919639946,12.48156042507351,37.23481293042705,-3.68882062133704,-2.4114048461184243,-2.169616469672074,0.4011900610651387,138.0,162.0,-24.0,28.608502207614144,26.96059335424824,25.866478879086944,-0.0019341653208520037,0.1529457349478127,1146.1883408071749
650489,Willi Castro,2025,450,839,270,32.18116805721097,0.11080005853149397,0.012669019187377194,-1.8607703752180575,-0.9733131808426673,4.962084275828576,97.38601296947216,95.00260581758558,13.326464900200227,11.039109110893943,37.23481293042705,-3.4761979329464103,-2.58874073857102,-2.8050164825330244,0.31381987870621764,208.0,163.0,45.0,29.91601580350337,28.520438022089827,27.308867353793563,-0.0016633823377992173,0.1284826303298271,1118.6666666666665
666310,Bo Naylor,2025,414,792,203,25.63131313131313,0.14034564819700276,0.01471552953693627,-1.867354710756987,-1.034712986374792,4.732112245300207,97.22111404639485,94.98492253943608,12.70883851126665,10.680323328300151,37.23481293042705,-3.2432199190975357,-2.410578194715341,-1.1757113675947697,0.2937522482100566,94.0,164.0,-70.0,28.49016658399156,27.20169183356924,26.25234483981426,-0.0016268620586140418,0.11602231786591344,1147.8260869565217
643217,Andrew Benintendi,2025,471,878,254,28.929384965831435,0.11048704000776625,0.015323267048931378,-2.0637612384036625,-1.0621662004076782,5.154829987490413,97.1473840827606,94.4574416359771,13.844114101290566,11.32800346635038,37.23481293042705,-3.358302260960201,-2.356707222964217,-1.6942886606520455,0.3304601873934761,155.0,165.0,-10.0,28.063708161972627,26.443655589825752,25.42744088711887,-0.001845162382855211,0.1365641623146571,1118.4713375796177
607208,Trea Turner,2025,638,1227,385,31.377343113284432,0.10646402559250871,0.010855896726120848,-1.7171813895128678,-1.087727098812715,4.0609935211289345,97.07873623309153,95.38823682900889,10.906442658156678,9.54240724356197,37.23481293042705,-3.124790922663585,-2.4953366319634323,-1.4771958845483895,0.2344921413298507,189.0,166.0,23.0,40.98864985311585,39.16271364226717,37.66595550535024,-0.0014881305711888205,0.12327625814613005,1153.9184952978057
669016,Brandon Marsh,2025,426,845,243,28.757396449704142,0.12728557710797533,0.014172037327353117,-2.29254434657275,-1.2238984155664643,5.124294078085141,96.7130265489629,93.84300828674405,13.762105069951186,11.282942417666636,37.23481293042705,-3.685680672036325,-2.6170347410300394,-3.4397889507965207,0.3278363771482796,150.0,167.0,-17.0,30.930395237238006,29.302688751171356,28.313561960092215,-0.0019262798651676362,0.12515956347171653,1190.1408450704225
691176,Jasson Domínguez,2025,429,900,279,31.0,0.1187612746745668,0.014907540844138563,-2.8348554656976424,-1.3059698316649655,6.017546347450731,96.49261073473053,92.38654570121099,16.16107581551294,12.496114947460981,37.23481293042705,-4.3492362453960665,-2.8203506113633896,-3.5733483310976486,0.4021262475639951,186.0,168.0,18.0,33.13439563420414,31.107473976230327,30.024691718745952,-0.0022521351755264603,0.14341818794757577,1258.7412587412587
673357,Luis Robert,2025,426,795,260,32.70440251572327,0.10780446663296002,0.01707773759767703,-3.342073727293794,-1.3915951666609778,6.67226341470929,96.26265030722415,91.02433055447752,17.919422415727887,13.25760086335596,37.23481293042705,-4.498245396214998,-2.5477668355821823,-2.6031144244654825,0.4526288981821473,212.0,169.0,43.0,28.029161324569603,25.65628897819101,24.835407093256954,-0.0029847450897843948,0.16801496580481529,1119.718309859155
807713,Matt Shaw,2025,439,801,244,30.46192259675406,0.117180135980851,0.016175918181259307,-2.7773669461387436,-1.39581735824883,5.61044723201573,96.2513109415726,92.54094024501148,15.067746526614236,11.969588491055713,37.23481293042705,-3.928752562919441,-2.5472029750295277,-3.366374169300727,0.3689528232639339,176.0,170.0,6.0,28.591953179327646,26.55984636373613,25.717415887458255,-0.0025369623165936504,0.14504223852393525,1094.7608200455581
642715,Willy Adames,2025,685,1432,386,26.955307262569832,0.13315203129137118,0.012354046706341298,-2.361649893961015,-1.4872559921001025,4.379489187663585,96.00573797730895,93.65741437086379,11.761813321975394,10.099586817566154,37.23481293042705,-3.8326636467738693,-2.9582697449129567,-2.3594284042368794,0.26267552680416456,123.0,171.0,-48.0,51.39668407846928,48.700467116197125,47.02105974840244,-0.0018828330742124012,0.1321269076138681,1254.3065693430658
669720,Austin Hays,2025,417,804,275,34.20398009950249,0.10418801600094289,0.01774766373257066,-3.8729310121915264,-1.5008762308337222,7.193339711639993,95.96915866439802,89.59862905870357,19.318855515886952,13.79526047081185,37.23481293042705,-4.880475557764104,-2.5084207764063,-4.071696545256722,0.49008590028729226,229.0,172.0,57.0,28.651704400259295,25.960017346786184,25.259773887613242,-0.003347869469493919,0.1763142243572921,1156.8345323741007
669221,Sean Murphy,2025,335,639,168,26.291079812206576,0.1436709147920173,0.015367037429003893,-2.860866131970591,-1.573022254057335,5.2244805949962,95.77539906808042,92.31668992854591,14.03117186262786,11.429799408905302,37.23481293042705,-4.40149217610755,-3.113648298194294,-3.6547401732403615,0.33642604931638354,109.0,173.0,-64.0,24.136713685058904,22.539396761375325,21.67921388673219,-0.0024997134955924566,0.11539480245277509,1144.4776119402986
643289,Mauricio Dubón,2025,397,658,230,34.954407294832826,0.10031049264222631,0.018458501658554546,-3.6851632828653758,-1.5863902222281268,6.652034361345443,95.73949726780612,90.10290909813062,17.86509408218249,13.235554174830847,37.23481293042705,-4.878650290063042,-2.7798772294257934,-4.152973317798114,0.4511247540778905,232.0,174.0,58.0,23.071413307712053,20.63306360221613,19.843373032453673,-0.0037056986405713125,0.1715855825368987,994.4584382871536
669397,Nick Allen,2025,415,718,180,25.069637883008355,0.13722546375671058,0.013131839396529005,-2.406733202836911,-1.6343818612584178,3.997937226871416,95.61060810400136,93.53633598929616,10.737094971690956,9.428363558005458,37.23481293042705,-4.066260972164334,-3.2939096305858406,-2.6514348847579456,0.22892068642922175,85.0,175.0,-90.0,24.700583476207903,23.035926344245706,21.88808630379424,-0.002318463972092196,0.10319783707939229,1038.0722891566265
676391,Ernie Clement,2025,587,950,346,36.421052631578945,0.08856322549386264,0.017237249410645007,-3.459217850234268,-1.63987880637489,6.129527494138037,95.595845185421,90.70972141931318,16.46181895848654,12.633594617138936,37.23481293042705,-4.243513331967699,-2.4241742881083206,-3.284358394874303,0.4110231401565436,244.0,176.0,68.0,30.64287602087647,27.258607890730612,26.491305477768073,-0.003562387505416694,0.1945593226610078,971.0391822827938
650859,Luis Rengifo,2025,543,969,299,30.856553147574818,0.11027804525416306,0.015425249924062714,-3.0439971286313634,-1.6836644949480226,5.256249606026283,95.47825176913354,91.82486257062968,14.116492584097426,11.475777997627421,37.23481293042705,-4.208663768025844,-2.8483311343425033,-2.5927228646127047,0.3391381716755597,184.0,177.0,7.0,32.97313553099475,30.21831812958337,29.164294820931364,-0.002842948814666031,0.1528138337336209,1070.7182320441989
592450,Aaron Judge,2025,646,1376,312,22.674418604651162,0.15584125084002032,0.011763895213886244,-2.49453211308652,-1.7393645287841633,3.8757840991206676,95.32866048760832,93.30053808045838,10.409033359083983,9.203901569592116,37.23481293042705,-4.054783726095723,-3.299616141793366,0.429841707711596,0.21815055856039833,44.0,178.0,-134.0,48.62247026208634,45.93669068699652,44.25681978365661,-0.001951874691198997,0.11249458743495741,1278.0185758513933
666139,Josh Lowe,2025,432,912,338,37.06140350877193,0.10255319977533058,0.015089539058490576,-4.68564034045936,-1.9165859333593742,7.1900362731507546,94.8527042772029,87.41596916516153,19.309983607505377,13.792028933281356,37.23481293042705,-6.299264118806298,-3.5302097117063127,-4.6133722709680995,0.48985632209426966,247.0,179.0,68.0,34.662981524061735,31.289320478930996,30.1275113585212,-0.003699189742467915,0.17142184246067158,1266.6666666666667
694192,Jackson Chourio,2025,589,1066,395,37.05440900562852,0.09216630998634044,0.0129938841248221,-3.4672539685914945,-1.9182207669951135,5.3761655157765915,94.84831367199483,90.68813914797953,14.438545792675027,11.646799650669932,37.23481293042705,-4.567567694074249,-3.018534492477868,-3.9674924358249686,0.3493217344470066,246.0,180.0,66.0,36.405692444604476,33.00200479877049,31.921863491588255,-0.003192952763446514,0.16164343577491894,1085.9083191850593
647304,Josh Naylor,2025,601,1052,391,37.167300380228134,0.08752713482822831,0.014422168760175125,-3.8107516911991235,-2.028577871092061,5.659354871894653,94.55193215316419,89.76562149427343,15.199095756084805,12.035116229365363,37.23481293042705,-5.064652284273928,-3.282478464166865,-3.3667377405936167,0.373003559313356,248.0,181.0,67.0,34.22310971783727,30.406006773819477,29.150016346422884,-0.0036284248517279363,0.17477619454621082,1050.2495840266222
682998,Corbin Carroll,2025,640,1262,401,31.774960380348656,0.11532168138167521,0.011751709915414495,-3.1950219912756808,-2.02976890116288,4.575259313492665,94.5487334528698,91.41926133147075,12.287585067344102,10.426630748302621,37.23481293042705,-4.654404071464928,-3.489150981352127,-3.419250731561936,0.27996283681118583,199.0,182.0,17.0,46.24399423405176,42.835970776691035,41.279296557822505,-0.0027004940232652347,0.13737723147050082,1183.125
672275,Patrick Bailey,2025,453,825,237,28.72727272727273,0.12624041611620365,0.014888790285116449,-3.4734841397440404,-2.082717801017146,4.954840213349446,94.40653077831037,90.67140703450231,13.307009820641573,11.028043162478722,37.23481293042705,-4.995776067182427,-3.6050097284555327,-4.814553708860677,0.31319102832061513,149.0,183.0,-34.0,29.918978619540265,27.296498094033517,26.147167688817532,-0.0031787642733415154,0.13024157246621007,1092.7152317880796
683146,Brett Baty,2025,431,826,205,24.818401937046005,0.14644315320201423,0.013510639345377561,-3.1443422038069135,-2.102320682760293,4.275133436490382,94.35388412803775,91.55536994456749,11.481549388950697,9.920475360099362,37.23481293042705,-4.471438978909957,-3.429417457863336,-3.6760682175717356,0.25344128615873557,79.0,184.0,-105.0,30.020846406412918,27.762160590011618,26.808862739895932,-0.002734486460534261,0.1068527418553101,1149.8839907192576
670242,Matt Wallner,2025,395,760,218,28.68421052631579,0.1269218356901231,0.013299908714393892,-3.5625740691878947,-2.191546744522795,4.834061386958178,94.11425337729591,90.432141888709,12.982639112463337,10.841292169770222,37.23481293042705,-5.226698101762076,-3.8556707770969765,-3.2061015429110427,0.30267356753921953,148.0,185.0,-37.0,27.668960180446835,25.323598918231472,24.2280505967868,-0.003086001660809689,0.11543864229047901,1154.4303797468356
669477,Casey Schmitt,2025,345,668,212,31.736526946107784,0.11196814053653535,0.01634692491225482,-4.652979409999127,-2.242681629479783,6.358245537536721,93.97692252766191,87.5036852778254,17.07607756595166,12.904941699707503,37.23481293042705,-5.788583414048328,-3.378285633528984,-3.6636802242113875,0.42886883892501826,198.0,186.0,12.0,23.737245793745494,21.061782632995996,20.408810330667706,-0.004005184372379488,0.14145454580919445,1161.7391304347827
682985,Riley Greene,2025,654,1334,420,31.484257871064468,0.12479000420747342,0.01571589984426252,-4.5770871586882125,-2.2762644875675226,6.179928034529784,93.88673043202687,87.70750596426934,16.597177609236095,12.69446871090996,37.23481293042705,-5.971148874563563,-3.6703262034428734,-5.1090537195285695,0.41499365561009105,192.0,187.0,5.0,52.41180176713884,47.42277676416869,45.90324949386456,-0.0037398988028262007,0.18443018457660243,1223.8532110091744
664728,Kyle Isbel,2025,409,663,181,27.300150829562593,0.12755996202544084,0.015912884601737797,-3.651042993972336,-2.353146234785239,4.587485718685413,93.68025229727333,90.19454454949383,12.32042101905304,10.446670600165087,37.23481293042705,-5.025595941201755,-3.727699182014658,-3.7260497968334296,0.28104004103645575,128.0,188.0,-60.0,23.08835312660479,20.59955881904698,19.66257189335226,-0.0037538375679604962,0.12144790252201133,972.6161369193154
700250,Ben Rice,2025,531,1016,218,21.456692913385826,0.16909193663853936,0.015273251482669501,-3.619395357160298,-2.4179366889251552,4.3713198597812655,93.50624724919915,90.27953930123643,11.7398732953192,10.085685874458632,37.23481293042705,-5.117422152788768,-3.915963484553625,-3.6206143001368347,0.2619529379055089,27.0,189.0,-162.0,36.86204218720158,33.65887729611472,32.33312358198352,-0.0031527213494949445,0.12136934347949484,1148.0225988700565
676475,Alec Burleson,2025,547,956,276,28.870292887029287,0.11926688843681285,0.018607437902566425,-4.72783367337662,-2.512507201269196,5.854552453477049,93.2522631281543,87.30265227272515,15.723329843005345,12.290413103017546,37.23481293042705,-5.896484336240889,-3.6811578641334655,-4.437295580133468,0.3889962005298721,154.0,190.0,-36.0,32.91766120856035,28.607452842998658,27.542032988687403,-0.004508586156445278,0.17262386304607513,1048.6288848263252
805779,Jacob Wilson,2025,521,827,269,32.52720677146312,0.09686177684181671,0.01730831916650575,-4.76978876490941,-2.664013131766767,5.5876118255886835,92.84536990492082,87.18997521534021,15.00641841823965,11.938775731387368,37.23481293042705,-5.698827316267041,-3.593051683124398,-4.268397382069477,0.3670557117573232,210.0,191.0,19.0,26.055817970448693,21.914051392919024,21.10733625082348,-0.005008182076819433,0.16871742790085184,952.3992322456814
602104,Ramón Urías,2025,389,740,205,27.7027027027027,0.13643066881705151,0.018174091038646412,-5.2713940357414515,-2.69533139445605,6.153660826191424,92.76125973966283,85.8428346461925,16.526632852136228,12.662820081509771,37.23481293042705,-6.786844078057939,-4.210781436772537,-5.3999399913480906,0.41292699043178466,133.0,192.0,-59.0,27.968287107495563,24.550666640989853,23.568149863554666,-0.004618406035818525,0.1466614743268066,1141.3881748071979
686797,Brooks Lee,2025,528,1018,324,31.827111984282908,0.10906417856511451,0.014302204141039823,-4.662727720542941,-2.7016794230480574,5.364428286024629,92.74421110132573,87.47750464261708,14.407023599253797,11.630235747617863,37.23481293042705,-5.885192021722961,-3.9241437242280774,-5.207245749742723,0.3483288407693684,200.0,193.0,7.0,35.3367938550971,31.23359346101931,30.157824875980893,-0.004030648717168751,0.14795587918028016,1156.8181818181818
686668,Brenton Doyle,2025,540,985,295,29.949238578680205,0.11884217123582534,0.013576045723041084,-4.263003455313242,-2.7307280932974747,4.7231873514884395,92.66619628679264,88.55102760076,12.684869292384192,10.666085283013947,37.23481293042705,-5.658264167445685,-4.125988805429918,-4.528752619271713,0.2929695621721157,169.0,194.0,-25.0,35.058440514568474,31.22173740478656,29.96600276386736,-0.0038951300606923016,0.1354439363417841,1094.4444444444446
663624,Ryan Mountcastle,2025,355,674,268,39.762611275964396,0.08989400236204656,0.018534818237756753,-7.578646111902245,-2.739977880854882,8.38276317753607,92.64135451418943,79.64634299073052,22.513241017751845,14.827928906617652,37.23481293042705,-9.078561732348577,-4.239893501301214,-6.976464114815822,0.5662045937099625,255.0,195.0,60.0,24.09159263302848,19.607560350152987,18.720110274722238,-0.006652866888539309,0.19104441737613448,1139.1549295774648
664034,Ty France,2025,484,941,302,32.093517534537725,0.11211199112522957,0.014734892252004363,-4.938584139538182,-2.762845366708154,5.603924650207055,92.57994025142409,86.7366484457277,15.050229097908844,11.960801452554026,37.23481293042705,-6.4882950798408165,-4.312556307010788,-5.598861051718809,0.36841131548085254,204.0,196.0,8.0,33.85782131981933,29.87403011392519,28.623929955414404,-0.004233571951003331,0.14736406289664372,1166.5289256198346
677594,Julio Rodríguez,2025,703,1245,452,36.30522088353413,0.09560612829950157,0.012532392156237863,-4.641222985325245,-2.8835240001905476,4.957319725559686,92.25583862720516,87.53525902225604,13.313668944228077,11.031832549062196,37.23481293042705,-6.000416509549749,-4.242717524415051,-4.495077318893968,0.31340629874783044,243.0,197.0,46.0,43.21396999137471,37.77600372690197,36.18348198101892,-0.004367844389134735,0.16461383350815753,1062.588904694168
656811,Ryan O'Hearn,2025,540,1081,293,27.104532839962996,0.14240637726872138,0.012665727697755466,-4.37037779257861,-2.911284418744126,4.5004544568933476,92.18128361707137,88.26265677567757,12.086684751988445,10.303038557246914,37.23481293042705,-6.130197137813506,-4.671103763979022,-3.8893384622089635,0.2733650875942053,126.0,198.0,-72.0,41.72506853973536,37.79172852641461,36.207891115703205,-0.003638612408252312,0.12319300065281796,1201.111111111111
596146,Max Kepler,2025,474,918,246,26.797385620915033,0.1396621824184868,0.014742557296280639,-4.786483601863556,-3.023927228955146,4.876065094827174,91.87876347168621,87.14513858091065,13.095446736735493,10.906722416685286,37.23481293042705,-6.111401892482838,-4.348845519574428,-5.039854322574533,0.3063380324980299,117.0,199.0,-82.0,34.35689687494775,30.575574829475542,29.52888937988631,-0.004119087195503496,0.1271379619899862,1162.0253164556962
643396,Isiah Kiner-Falefa,2025,459,741,238,32.11875843454791,0.10568737522676687,0.014047640018532146,-4.63371449084942,-3.0275740310601336,4.652554000601676,91.86896940581619,87.55542427591223,12.495172217717158,10.552566145911902,37.23481293042705,-5.86671023312935,-4.260569773340063,-5.413367976591959,0.28676659820999184,205.0,200.0,5.0,25.153595303970516,21.608803718470707,20.665561975626563,-0.004783794312415393,0.13075061903639615,968.6274509803922
691016,Tyler Soderstrom,2025,620,1090,316,28.990825688073397,0.125615594161314,0.014057027553431262,-4.670693267769595,-3.1097296469970166,4.540205351907296,91.64832745955371,87.45611190125555,12.19344208977398,10.368925303594276,37.23481293042705,-5.978108341213267,-4.417144720440689,-4.476844635985025,0.2768725433138232,156.0,201.0,-45.0,39.69452775497522,34.868144711613304,33.51714913572151,-0.004427874351708179,0.14210281670831848,1054.8387096774193
683734,Andrew Vaughn,2025,447,865,246,28.439306358381504,0.13111868194277906,0.0182499837806138,-6.1975176197799495,-3.1879070745505764,6.244673014084278,91.43836956960908,83.35558276777175,16.77106052809343,12.771766471818554,37.23481293042705,-7.644558681663819,-4.634948136434446,-5.581923082698162,0.4200629096702457,143.0,202.0,-59.0,32.25519575792365,27.63804513118759,26.559999540084107,-0.005337746389290246,0.15818231298732857,1161.0738255033557
665833,Oneil Cruz,2025,540,1233,349,28.304947283049476,0.1313963425393295,0.01242067684540949,-5.2308982665084525,-3.198150550569408,5.125799546674893,91.41085908892539,85.95159246191905,13.766148244795557,11.285170197589228,37.23481293042705,-6.647495188064375,-4.61474747212533,-3.6454500624973543,0.3279658503608876,142.0,203.0,-61.0,45.857323546226,41.1495151063684,39.87457787696806,-0.0038181739171594545,0.1313779828386839,1370.0
621439,Byron Buxton,2025,535,1005,299,29.751243781094526,0.12884517895529046,0.01456061359713038,-5.529324403596125,-3.3939909611082024,5.134236086818664,90.88489858281322,85.15012170484749,13.788805912391567,11.297642612474997,37.23481293042705,-6.989382067344101,-4.854048624856178,-5.726867457577594,0.3286911892818386,165.0,204.0,-39.0,38.52470850763185,33.59439424775864,32.29250949758336,-0.004905785333207176,0.14440935746866373,1127.1028037383178
693304,Nick Gonzales,2025,409,644,204,31.67701863354037,0.11703356089101359,0.01930786832919184,-6.751921985596868,-3.677486833949196,5.969663197876395,90.12352542009396,81.86664184881825,16.032478017361502,12.436379402329603,37.23481293042705,-8.068610875551203,-4.99417572390353,-6.814166873333553,0.3982908449586755,196.0,205.0,-9.0,23.874846421766772,19.272286268251573,18.37474334159937,-0.007146832536514284,0.16035368819895754,944.7432762836186
669127,Shea Langeliers,2025,523,968,311,32.12809917355372,0.11529726904125187,0.014173496369090537,-6.018783726537268,-3.6902340282223745,5.188176864381541,90.08929080665035,83.8356010065545,13.933672431967384,11.37691121856836,37.23481293042705,-7.272796008437382,-4.944246310122489,-5.662353827413917,0.3333198182586694,206.0,206.0,0.0,35.85745067182933,30.611077523531012,29.517996817808083,-0.00541980697138256,0.14535418237758016,1110.5162523900574
682663,Agustín Ramírez,2025,583,1110,358,32.25225225225225,0.11000276739942189,0.011485304098494478,-5.405723406135727,-3.6950373152323235,4.444606781405655,90.07639081701183,85.48207180136428,11.936696955374444,10.209661995287455,37.23481293042705,-6.845771267670754,-5.135085176767351,-5.442244260284988,0.2684325191746414,209.0,207.0,2.0,39.380990728993034,34.12842948603115,32.72918298057295,-0.004732037155821514,0.12962511644744476,1142.367066895369
572233,Christian Walker,2025,637,1221,349,28.58312858312858,0.1360801610060504,0.011900195281793532,-5.186937298070467,-3.7148575193341307,4.114268791980771,90.02316051305182,86.06965662010383,11.049521853831385,9.637795277759201,37.23481293042705,-6.941407007945157,-5.469327229208821,-6.093043715370601,0.23920364447720174,146.0,208.0,-62.0,47.49197619111159,41.98517775966011,40.122515751009814,-0.004510072425431187,0.1250037413057883,1150.0784929356357
671218,Heliot Ramos,2025,690,1320,400,30.303030303030305,0.12329842330933147,0.013803656964176927,-6.11898964886395,-3.8898571258588364,4.970803699176345,89.55317129395277,83.56648209755416,13.349882295539533,11.052408647889528,37.23481293042705,-7.587856435202139,-5.358723912197025,-5.5355517808032415,0.31457649288312917,173.0,209.0,-36.0,49.31936932373259,42.28253122753904,40.59333442325013,-0.0053309379516617746,0.15733939924504037,1147.8260869565217
621020,Dansby Swanson,2025,643,1209,304,25.144747725392886,0.14700576215943104,0.01465571078156835,-5.814175260196641,-4.080758693632584,4.299706017782388,89.04047483397473,84.38510951818026,11.54754295614793,9.96295179285823,37.23481293042705,-7.007610437040124,-5.274193870476067,-5.495595610335924,0.25561624817931317,87.0,210.0,-123.0,44.689751696467034,38.4588938759563,37.1799291781057,-0.005153728552945189,0.13252119237649407,1128.149300155521
669357,Nolan Gorman,2025,401,818,227,27.750611246943762,0.1507374332785233,0.016220537550011044,-7.639799182007614,-4.215354191071185,5.964421146324607,88.67899726272952,79.48210671480338,16.018399655905565,12.429804945388575,37.23481293042705,-9.395501675963205,-5.971056685026776,-8.09984514437257,0.3978698456015459,135.0,211.0,-76.0,34.21739735422479,29.11146490091636,27.93807040078938,-0.006241971214313475,0.13937496511566114,1223.9401496259352
663853,Romy Gonzalez,2025,339,624,220,35.256410256410255,0.11133607267476871,0.01774388607091984,-9.003042267192075,-4.247475871265033,7.007007495879596,88.59272939224535,75.82090103684907,18.818430775984112,13.609531937172,37.23481293042705,-10.231273141002545,-5.475706745075502,-9.447757726764637,0.4769784703532928,236.0,212.0,24.0,24.493935988449117,19.407217107485593,18.71326666378268,-0.008151793078467183,0.1584852083294219,1104.424778761062
680718,Addison Barger,2025,501,941,293,31.137088204038253,0.12685029534025863,0.014052666222106968,-6.849058359532622,-4.2667359695572316,5.153901768032027,88.54100334133652,81.60576669921765,13.841621220608925,11.326637610504735,37.23481293042705,-8.41082795394858,-5.82850556397319,-7.237463182701582,0.3303805027837423,187.0,213.0,-26.0,37.16713653469578,31.448172804486042,30.144095193148715,-0.006077538501816939,0.14029035058667413,1126.946107784431
547180,Bryce Harper,2025,574,1231,439,35.662063363119415,0.10482166565408292,0.012899336559795553,-8.065578818607952,-4.350678924494575,6.132667380676016,88.31556121250351,78.33860792136,16.47025162214419,12.6374050557529,37.23481293042705,-9.183422336854756,-5.46852244274138,-6.912996426254364,0.41127111623631274,238.0,214.0,24.0,46.016711222142405,38.30064081900746,37.231237186551354,-0.006268131927810674,0.16721723037237235,1286.759581881533
664040,Brandon Lowe,2025,552,1035,330,31.88405797101449,0.11514740540155506,0.011268734882561644,-6.182078118824459,-4.3954595479019165,4.235170185273461,88.19529574080364,83.39704799813114,11.374221734877096,9.850997014901214,37.23481293042705,-7.691923080548494,-5.905304509625951,-6.380835506162966,0.24990375008948884,202.0,215.0,-13.0,37.99864378251317,32.311131913194664,30.922074548408556,-0.005495180550066186,0.12111237455216135,1125.0
553993,Eugenio Suárez,2025,657,1279,405,31.665363565285382,0.12921751908208895,0.013767120315250812,-7.286022270438319,-4.480859530098097,5.265057686541152,87.96594053400901,80.43223076196946,14.14014808233056,11.48847577969875,37.23481293042705,-8.971192959964787,-6.166030219624565,-8.142398614894999,0.33988908983162863,195.0,216.0,-21.0,52.33309522824603,44.35490084211607,42.50963893708459,-0.0062378376748475056,0.16120628910251808,1168.0365296803652
681624,Andy Pages,2025,625,1089,365,33.51698806244261,0.114309462169202,0.011582285969675307,-6.382881918663928,-4.583657371374974,4.177415145378694,87.68986061528092,82.85775752226742,11.219111408412768,9.74971482732611,37.23481293042705,-7.612366197927174,-5.81314165063822,-6.509871443239799,0.2447914385044362,223.0,217.0,6.0,41.72295369175873,35.07411835981714,33.793405568917926,-0.006105450258899533,0.1318628518111961,1045.44
696100,Hunter Goodman,2025,577,1126,416,36.9449378330373,0.10547562452552696,0.014260837277271933,-8.679040501739157,-4.633022077880366,6.236720376713819,87.55728386083977,76.69105920323575,16.749702458199756,12.762326257695992,37.23481293042705,-10.12272346926773,-6.0767050454089375,-7.989826334622847,0.41944216260552997,245.0,218.0,27.0,43.87785980261921,35.53151585344673,34.14317406634008,-0.007412383613829921,0.17873583782509958,1170.8838821490467
606192,Teoscar Hernández,2025,546,1005,303,30.149253731343283,0.12386026309863764,0.012987138088723343,-7.107023890751756,-4.85391000706894,4.564924115622698,86.96405426787445,80.91295932107629,12.259828253071184,10.409655587425412,37.23481293042705,-8.560557029632895,-6.307443145950079,-6.598346436406811,0.2790519873324089,171.0,219.0,-48.0,37.5296597188872,31.0622679783031,29.73955282192127,-0.006435215662272734,0.13103639120607125,1104.3956043956043
680776,Jarren Duran,2025,696,1334,419,31.40929535232384,0.11819003543081323,0.010375015552087042,-6.61787360689855,-4.888895377572363,3.986902124835905,86.8700955025416,82.22665004584823,10.707458453693322,9.408277845661557,37.23481293042705,-7.804478626574723,-6.075500397248536,-6.670911420556199,0.22794636308723057,190.0,220.0,-30.0,49.52162484551074,41.84489146150842,40.468429638684064,-0.005754672701650913,0.12662388922729914,1150.0
677950,Alek Thomas,2025,470,785,275,35.03184713375796,0.10716514443544016,0.015389148896974958,-8.454902400530846,-4.959537957398753,5.6348612783972145,86.68037364209239,77.2930176490244,15.13331432314675,12.002378192261016,37.23481293042705,-9.691906596910659,-6.196542153778566,-8.557087431086124,0.37097702374135716,233.0,221.0,12.0,29.470414719746046,22.84740783933022,21.878421218832695,-0.008436951440020164,0.15754151154671522,1002.1276595744681
681297,Colton Cowser,2025,358,719,174,24.200278164116828,0.16159503496862807,0.01820976048058481,-8.665523632651905,-5.01628513741788,5.7301878227477685,86.52797008329068,76.72736090055463,15.389328888141803,12.12890327815665,37.23481293042705,-10.109771593443742,-6.4605330982097176,-7.658954925630971,0.3788396824438308,70.0,222.0,-152.0,28.117536084541282,22.947106983725647,22.08537236711985,-0.007191139222274877,0.12750763438491694,1205.0279329608938
672820,Lenyn Sosa,2025,543,1043,429,41.1313518696069,0.09622380253705372,0.014577770533226148,-10.859419956063538,-5.210247041838699,7.016696661892891,86.0070546035131,70.83530411082157,18.844452569168357,13.619364958230467,37.23481293042705,-12.308903675508127,-6.659730761283287,-11.144468165667941,0.4776679626445846,258.0,223.0,35.0,41.28001128839605,31.452236228158544,30.140453462061192,-0.009422603125826944,0.19662517718404554,1152.486187845304
645277,Ozzie Albies,2025,666,1273,428,33.62136684996072,0.11302260104594854,0.011756037396496206,-7.891822976543329,-5.31979481741446,4.693113530078543,85.712846664882,78.80525681359232,12.604101271698582,10.617933617941059,37.23481293042705,-9.114943345349714,-6.542915186220844,-7.813032140566173,0.2903303315365101,224.0,224.0,0.0,48.37367324766598,39.61374974370288,38.256086134327795,-0.006881322469727491,0.14600570888747838,1146.8468468468468
592663,J. T. Realmuto,2025,548,1112,362,32.55395683453237,0.12155316939473883,0.010217473546855297,-7.612696273738294,-5.336382839865635,4.4092735755096095,85.66829689775366,79.55489587670937,11.841804022886599,10.150095146247239,37.23481293042705,-9.322451820339827,-7.0461383864671685,-8.030549187443876,0.2653093923605648,211.0,225.0,-14.0,44.00224732089546,37.049318057547815,35.48774132498508,-0.006252634229629175,0.12076579930664202,1217.5182481751824
695578,James Wood,2025,684,1419,348,24.52431289640592,0.16367253844770313,0.009073109901862778,-6.776867988707243,-5.408191120864242,3.399709229859736,85.47544436178744,81.79964539805862,9.130458735517392,8.284401273418405,37.23481293042705,-8.387971831278183,-7.019294963435181,-6.842649900180762,0.17673991908264525,73.0,226.0,-153.0,56.958043379800685,49.23241387267443,47.39575549214356,-0.005444418257312373,0.10288579741581923,1244.7368421052631
700932,Kyle Manzardo,2025,528,934,258,27.62312633832976,0.14249157813778754,0.012840284305798552,-7.635671658739886,-5.519486932179625,4.190926227499905,85.17654179573094,79.49319183365557,11.255397563915839,9.773501043718216,37.23481293042705,-9.150553645613774,-7.034368919053513,-8.4245789512954,0.24598732268283743,130.0,227.0,-97.0,36.76282715954918,30.043436099858084,28.71033995140906,-0.007194208843352355,0.12067553978029481,1061.3636363636365
691406,Junior Caminero,2025,653,1268,408,32.17665615141956,0.12381877787404495,0.01465438905528685,-9.575604565922076,-5.60798643369141,5.699746907438368,84.93886233786138,74.28319410704704,15.307574978524265,12.088758854230313,37.23481293042705,-10.914628596602395,-6.947010464371729,-8.684533799706493,0.37633605418756233,207.0,228.0,-21.0,50.51806137261034,40.09661173669848,38.639307249974735,-0.008218808861129226,0.1742039008653132,1165.084226646248
669224,Austin Wells,2025,447,876,258,29.45205479452055,0.1347334549924258,0.012075779136641096,-8.232629331534437,-5.612508182059474,4.6302244405574955,84.92671846493118,77.8899672547918,12.435202640091232,10.516368962135275,37.23481293042705,-9.745848025021251,-7.125726875546289,-8.509723721207711,0.2848026511961821,159.0,229.0,-70.0,34.76123138804586,28.6279225360527,27.500574609405025,-0.007001494123279857,0.11654838575116719,1175.8389261744967
660821,Jesús Sánchez,2025,496,1001,308,30.76923076923077,0.13114347600339935,0.012654050761696355,-8.827765639241955,-5.655013614709093,5.078800271421242,84.81256337912737,76.29163424095466,13.639924231420043,11.215316823574158,37.23481293042705,-10.095414025399615,-6.922662000866753,-8.661760623287476,0.3239183051846232,180.0,230.0,-50.0,40.392190609047,33.09457101394032,32.046648348049985,-0.007290329265840843,0.13270109957674642,1210.8870967741934
666160,Mickey Moniak,2025,460,790,300,37.9746835443038,0.10384726663214765,0.014896959186938487,-9.99036535552394,-5.68762032896159,5.899963055242152,84.72499287269453,73.16928817611932,15.845287221574566,12.348397182009386,37.23481293042705,-11.034111710518696,-6.731366683956346,-9.97622933659821,0.3926752946237936,251.0,231.0,20.0,31.154179989644295,23.49489988374261,22.694694344913295,-0.009695291273293273,0.16093197007799628,1030.4347826086957
663616,Trevor Larnach,2025,565,1106,306,27.66726943942134,0.14288175350311255,0.011199212130909127,-7.8704619901750545,-5.7679780420122855,4.099552362284826,84.50917947999442,78.86262513288048,11.00999854610471,9.611534168104475,37.23481293042705,-9.221303822256848,-7.118819874094079,-7.731852383748551,0.23790185404039174,132.0,232.0,-100.0,43.72181657195244,36.31046486453759,35.03842213932724,-0.006701041326776532,0.11607964515727685,1174.513274336283
666176,Jo Adell,2025,570,1147,378,32.95553618134263,0.12060458422935447,0.011097817233438195,-8.504873644050889,-5.795410807392023,4.644393721221969,84.43550443446378,77.15881194316142,12.473256492250899,10.53935528935478,37.23481293042705,-9.915489246012761,-7.206026409353895,-8.04305537260358,0.28604903606350596,217.0,233.0,-16.0,45.58853283869599,37.50890287684764,36.168818054983866,-0.0070441412047500835,0.13027795285983504,1207.3684210526314
701538,Jackson Merrill,2025,483,856,324,37.850467289719624,0.10543045197498097,0.013392871969347245,-10.011495510320678,-5.959805316079861,5.61164181437755,83.99399688883705,73.1125397916539,15.07095476714992,11.97119657415684,37.23481293042705,-11.15257790369462,-7.100887709453803,-8.837104471147748,0.369051965628813,249.0,234.0,15.0,34.15946643989383,26.100212554085683,25.181641227419664,-0.009415016221738489,0.15440058471541854,1063.3540372670807
669394,Jake Burger,2025,375,671,270,40.23845007451565,0.0973043222068029,0.015038183856138018,-11.568114729558435,-6.02846656135845,6.529367496100969,83.80959621679155,68.93199181321694,17.535652745996174,13.099905452897628,37.23481293042705,-12.703160620927987,-7.1635124527280025,-11.009251926473462,0.4419251527557235,256.0,235.0,21.0,26.272166995836784,19.04209528986276,18.332691607756793,-0.01077506960651866,0.15753964779327095,1073.6000000000001
671277,Luis García,2025,526,959,363,37.851929092805,0.10413152800306955,0.013101443140173507,-10.330023268558902,-6.2096769913095855,5.559601181369497,83.32292684560463,72.25708294047168,14.931191387365281,11.900789969007404,37.23481293042705,-11.281880630320435,-7.161534353071119,-10.099861768129141,0.36472369544027544,250.0,236.0,14.0,37.79974466511425,28.74375759967761,27.9092959792,-0.009443156481164377,0.1573869896646851,1093.916349809886
664056,Harrison Bader,2025,498,1013,333,32.87265547877591,0.12012613603088178,0.011460153157016989,-9.861654263488846,-6.507224753200474,4.915468506906437,82.52381510453894,73.51496224268598,13.20127085394776,10.96763305558648,37.23481293042705,-11.2749371006384,-7.920507590350028,-9.51917274255931,0.3097691912996302,215.0,237.0,-22.0,40.00200329828363,31.81683025958789,30.64380550475376,-0.008080131331387703,0.1281853187470858,1220.4819277108434
595879,Javier Báez,2025,435,816,377,46.200980392156865,0.09849642668566745,0.017257597747682797,-18.01120980405243,-6.5712126730659115,9.03893911282196,82.35196538963639,51.62803734852587,24.275505639604386,15.299506992804025,37.23481293042705,-18.955333019175484,-7.5153358881889645,-18.321460602873234,0.6027917103590797,266.0,238.0,28.0,37.13315286049663,24.075025752558616,23.390536421594405,-0.016002606749924035,0.22940896637022856,1125.5172413793102
686469,Vinnie Pasquantino,2025,681,1267,388,30.623520126282557,0.12804202580499427,0.013193077033910143,-9.740643062994138,-6.593036215185807,4.7344224943737405,82.29335480346083,73.83995702840122,12.715043051834238,10.684005057302418,37.23481293042705,-10.954477788612147,-7.806870940803815,-9.302666904136471,0.29395480810435864,178.0,239.0,-61.0,49.68030601233777,38.62467613583942,37.246973722262986,-0.008725832578136028,0.15096440698056984,1116.2995594713657
642133,Rowdy Tellez,2025,312,636,193,30.345911949685533,0.14274850432254432,0.018900806216869848,-14.520547320980906,-6.641160895092964,7.466981774226473,82.16410833726513,61.0027654815604,20.053764707179997,14.055509530347884,37.23481293042705,-15.971167466114485,-8.091781040226543,-13.737835203162614,0.5087513635767235,174.0,240.0,-66.0,27.550461334251054,19.999776727340983,19.24545425187152,-0.011872145608349169,0.15396424515104842,1223.076923076923
678882,Ceddanne Rafaela,2025,586,1036,438,42.277992277992276,0.08989091865401032,0.010673485818640027,-10.105074638953516,-6.654130129604608,4.937396923334953,82.12927739951911,72.86121818891701,13.260163096724671,11.001334551042238,37.23481293042705,-11.14349128098676,-7.692546771637852,-8.91622514921123,0.311675842359996,261.0,241.0,20.0,39.37222237045652,29.50293280641192,28.488745886026116,-0.00952634127803533,0.1498181845126586,1060.7508532423208
668901,Mark Vientos,2025,461,873,289,33.10423825887743,0.12044733590193599,0.013863557259199607,-11.020314110963392,-6.657078475911198,5.550721006895976,82.12135914755395,70.40319732086539,14.907342269363493,11.888703601019426,37.23481293042705,-12.23444738769348,-7.871211752641286,-8.981137291329723,0.3639832494117309,220.0,242.0,-22.0,34.8092800756595,26.342005400402627,25.409146332781678,-0.009699054610832616,0.14434174532245364,1136.225596529284
665019,Kody Clemens,2025,386,725,203,28.000000000000004,0.15149607221222736,0.017582158273971537,-11.551662287742142,-6.733541283611216,5.803861111053691,81.91600614136887,68.97617745703106,15.587190197244066,12.22506318781653,37.23481293042705,-12.720135165594082,-7.902014161463156,-11.68119817387918,0.38487049942018847,139.0,243.0,-104.0,30.753702659082155,23.322133253968044,22.570415702549962,-0.010250440558778084,0.13867049379180182,1126.9430051813472
596115,Trevor Story,2025,653,1185,421,35.527426160337555,0.11261765526021662,0.012056349340739977,-10.026740609209416,-6.747744191470473,4.78352997941836,81.87786197804033,73.07159665890009,12.846928997216525,10.761891113342777,37.23481293042705,-11.151154251021191,-7.872157833282249,-9.950222007963902,0.29825627227878015,237.0,244.0,-7.0,47.4120328645512,36.49959683486162,35.275859988023136,-0.00920880677610935,0.15123463267950069,1088.8208269525269
667670,Brent Rooker,2025,697,1324,353,26.661631419939575,0.14995430458992054,0.011701833308803408,-9.417171365952465,-7.129004769462011,3.9007438644735397,80.85392618251501,74.70869161193752,10.476066770530172,9.250146064688638,37.23481293042705,-10.64476722100059,-8.356600624510136,-8.718700943475891,0.2203482366467819,112.0,245.0,-133.0,52.93386952024195,41.99425545012717,40.568198265179596,-0.008262548391325363,0.12453314877755418,1139.74175035868
681393,Connor Norby,2025,336,609,194,31.85550082101806,0.12964963189916395,0.013164452996198872,-10.9955657280435,-7.186217500228903,5.015333793254937,80.7002723132884,70.46966303123739,13.46947493096326,11.119986812445928,37.23481293042705,-12.095621201313575,-8.286272973498978,-11.577132161660465,0.3184351075103195,201.0,246.0,-45.0,25.152028588437805,18.994511780733443,18.378480715702203,-0.01011086503728138,0.11380968551534601,1087.5
572191,Michael Taylor,2025,323,604,180,29.80132450331126,0.1470411213888349,0.014312548834819961,-11.724003514526512,-7.194627982834439,5.466002051305909,80.67768462734715,68.51332773866027,14.679816067611487,11.772330351644326,37.23481293042705,-13.63502548261217,-9.105649950920096,-11.434118430449214,0.3568923834186345,166.0,247.0,-81.0,26.467401849990285,20.155979958003513,19.127213131850734,-0.010449373993355581,0.11972989261216924,1121.981424148607
663698,Joey Bart,2025,331,692,160,23.121387283236995,0.1818554428416104,0.017696633893926512,-12.838047241648818,-7.365139234401963,5.946616326080766,80.21974959787319,65.5213864894753,15.970581985176,12.407423002766357,37.23481293042705,-13.887405933097698,-8.414497925850842,-11.459905270744173,0.3964382732585421,49.0,248.0,-199.0,29.096870854657663,22.014548126348064,21.435651914898767,-0.010234570416632368,0.12470779920023345,1254.380664652568
592206,Nick Castellanos,2025,589,1169,481,41.14627887082977,0.10348521888059156,0.012401473981073836,-13.455113812881173,-7.447089195788829,6.200139167312771,79.99965996954609,63.864156272190904,16.651457814217252,12.71870679755775,37.23481293042705,-14.472034537774638,-8.464009920682294,-12.241915333593626,0.41657989842458193,259.0,249.0,10.0,49.77639028156454,36.56795355525285,35.569676376982436,-0.011298919355270902,0.17801566727568957,1190.8319185059422
686780,Pedro Pagés,2025,388,725,260,35.86206896551724,0.12210763423293812,0.016319251366419242,-14.949630601246323,-7.693968596120876,6.715750311515487,79.33662615548252,59.85039422870315,18.036213379301284,13.304688976909551,37.23481293042705,-16.09761567596448,-8.841953670839032,-14.239315193592414,0.45584988688555594,240.0,250.0,-10.0,31.74798490056391,22.080557111757955,21.33819343010688,-0.013334383156973733,0.16128946926042995,1121.1340206185566
691718,Pete Crow-Armstrong,2025,646,1227,513,41.80929095354523,0.09965427260744872,0.012003172809450806,-13.47747984449042,-7.9785195201907095,5.752768249937344,78.57241948523145,63.80408874438826,15.449972209304088,12.158525394080886,37.23481293042705,-14.649023390404011,-9.150063066104302,-12.605529073232265,0.38069240339923366,260.0,251.0,9.0,51.12264184762119,36.6118885483865,35.35052666395287,-0.01182620480785223,0.17682182354414555,1139.6284829721362
701358,Cam Smith,2025,495,966,289,29.91718426501035,0.14614976542288222,0.008539071991224499,-10.561003769235453,-8.32941802081512,3.59491373580677,77.6300258675166,71.6367481448917,9.654711418918199,8.67003271422523,37.23481293042705,-12.180887331690155,-9.949301583269822,-10.623142518221128,0.19357705156201932,168.0,252.0,-84.0,42.237282207212964,33.52445409759371,32.188050158568586,-0.009019490796707299,0.09542317414398276,1170.9090909090908
676572,Eric Wagaman,2025,515,973,250,25.69373072970195,0.16554873765065772,0.013931156679982227,-12.083445806929463,-8.414522126413694,4.588515705919757,77.40146528428608,67.54798841206136,12.3231872132495,10.448356759516168,37.23481293042705,-13.545529063384935,-9.876605382869165,-11.305560378983422,0.28113077167301004,95.0,253.0,-158.0,41.38718441266443,31.015560095049977,29.760605299925697,-0.010659428897856585,0.12626174322778422,1133.5922330097087
687263,Zach Neto,2025,547,1130,344,30.442477876106196,0.13795684848876438,0.011413902232671875,-12.51576739496727,-8.772246480463938,4.5490123613557385,76.44073975380294,66.38692016970012,12.217094711488231,10.383458181949571,37.23481293042705,-13.88857881722083,-10.145057902717499,-11.649258033221217,0.2776492052496116,175.0,254.0,-79.0,47.45715588013495,36.04694793838979,34.79540152510196,-0.010097529151986868,0.12337125174480688,1239.4881170018282
514888,José Altuve,2025,650,1256,485,38.61464968152866,0.11354279091943807,0.011618524246365405,-14.425188150613955,-9.037303294272727,5.384625202946945,75.7288876107452,61.25886766890086,14.461265625284796,11.65871471765612,37.23481293042705,-15.612377822163912,-10.224492965822684,-14.024947335444162,0.3500368357660927,252.0,255.0,-3.0,55.068253595927466,39.44096643276235,38.15484428858323,-0.012442107613984966,0.16459732245534436,1159.3846153846155
681351,Logan O'Hoppe,2025,454,894,283,31.655480984340045,0.1377474225052857,0.011601411971366656,-13.930245465705832,-9.446112022047467,4.814917741067874,74.63096688656003,62.58811480607037,12.931225812963019,10.811299830914402,37.23481293042705,-15.392089051483993,-10.907955607825627,-13.335735099868344,0.3010011965506532,194.0,256.0,-62.0,38.98252056899586,28.441968166611783,27.33583985337297,-0.011790327072017987,0.12184977035721686,1181.4977973568282
521692,Salvador Pérez,2025,631,1203,513,42.643391521197,0.10249722648308655,0.012158673643008521,-16.90791510307514,-9.590649047418125,6.108445915244658,74.2427897641431,54.59111038192284,16.405201032319514,12.60794845674022,37.23481293042705,-18.115928455402702,-10.798662399745687,-15.242907854624837,0.40935608237424126,262.0,257.0,5.0,52.5810771858234,34.79958646908938,33.52915909355823,-0.014780956539263528,0.1852149454864316,1143.8985736925515
681481,Kerry Carpenter,2025,463,856,294,34.345794392523366,0.1256843281914842,0.012432061954031964,-14.657676327817505,-9.627585676810982,5.055753001385039,74.14359058336066,60.634483768710595,13.57802712969627,11.180832120802448,37.23481293042705,-15.799297543995271,-10.769206892988748,-15.24165532043737,0.32192940846021323,230.0,258.0,-28.0,36.95119248829636,25.640352255330516,24.759401216846673,-0.01321359840299748,0.1333456051538463,1109.2872570194384
673237,Yainer Diaz,2025,568,1030,460,44.66019417475729,0.09952685719508463,0.011953638470632192,-17.171255417781556,-9.930003081324754,5.981268792301463,73.331400644126,53.88386816964567,16.06364668321932,12.450910343758089,37.23481293042705,-18.122858602332954,-10.881606265876153,-17.038142947128005,0.3992221324174816,265.0,259.0,6.0,45.78235430973893,29.52689918090572,28.626048166197062,-0.015781995270711852,0.1764297393809902,1088.0281690140844
681460,Brooks Baldwin,2025,327,618,204,33.00970873786408,0.139345820588792,0.0135234627009864,-16.607469641607985,-10.284521833675548,5.5004000053190465,72.37928426579691,55.39800435512081,14.77219723272546,11.819814183598936,37.23481293042705,-18.051641048561795,-11.728693240629358,-16.29107333542037,0.3597772489709308,219.0,260.0,-41.0,28.426547400113567,19.375476445437215,18.588403028647388,-0.01464574588135332,0.12058590262069602,1133.9449541284403
682657,Angel Martínez,2025,483,888,350,39.414414414414416,0.12185574062705648,0.01279809990869809,-18.14320210884479,-10.836739703208693,5.772766725414583,70.89621552965217,51.273551064308506,15.503681289337889,12.184649729328697,37.23481293042705,-19.478378618956363,-12.171916213320266,-19.164519371320722,0.3823301053639398,254.0,261.0,-7.0,42.64950921946977,28.044231521849714,26.9694144312099,-0.01644738479461718,0.1559457005597763,1103.1055900621118
672356,Gabriel Arias,2025,470,920,359,39.02173913043478,0.12004079566790192,0.009757207560204666,-17.39539790805035,-11.834284521013519,4.836092021887796,68.21715059203927,53.28189793633847,12.98809270486734,10.844467245140033,37.23481293042705,-18.98999710811417,-13.42888372107734,-17.629391213127704,0.30285088074126665,253.0,262.0,-9.0,43.09464564477679,29.468250616804017,28.219147910087354,-0.014811298943448667,0.1248956319988036,1174.468085106383
691023,Jordan Walker,2025,394,821,280,34.104750304506695,0.14101640072035274,0.012658564688041333,-21.43787400048798,-12.579203798049871,5.933569848102207,66.2165516406541,42.42518677200157,15.935543597839567,12.390971965650726,37.23481293042705,-22.664905545527052,-13.806235343088943,-20.600962381945806,0.39538769295742254,226.0,263.0,-37.0,39.48459220169877,25.40705494137833,24.60130422680267,-0.017146817613057783,0.13598451353864363,1250.253807106599
671739,Michael Harris,2025,640,1096,473,43.15693430656935,0.11150818204748988,0.011005338626071065,-20.337892324345418,-13.338476674243587,5.13239941245555,64.17740382054174,45.37936215136461,13.783873231874153,11.294929029498167,37.23481293042705,-21.35905061168687,-14.35963496158504,-21.05512234466898,0.3285333114430821,263.0,264.0,-1.0,52.74337010846271,31.0496182958276,29.96038278933005,-0.01979356917211233,0.16536511343249158,1027.5
669911,Michael Toglia,2025,337,684,211,30.84795321637427,0.15820844502616138,0.01128919445259955,-20.417949785318054,-13.460703727211957,5.095195054100818,63.849143670029505,45.16435513327587,13.683955022470906,11.239755293117256,37.23481293042705,-21.979739731342956,-15.022493673236859,-19.443074725152027,0.3253314961661851,181.0,265.0,-84.0,33.38198190052005,21.91390010443308,21.03669475141576,-0.016766201456267504,0.10942370459150445,1217.8041543026707
678662,Ezequiel Tovar,2025,391,768,314,40.88541666666667,0.12461926058045017,0.009316529007359077,-21.542680278902615,-14.59993148580157,4.900102028524233,60.78956670715272,42.14371287656274,13.160001737299003,10.943933105511002,37.23481293042705,-23.239773827095256,-16.29702503399421,-21.9731938325928,0.30843187773432446,257.0,266.0,-9.0,39.13044782226135,25.091801173843148,23.985861878270946,-0.018279487823461203,0.1152258763607305,1178.5166240409208
