batter,player,game_year,plate_appearances,opportunities,chases,chase_rate,cost_per_chase,cost_per_chase_se,runs_saved_per_600_pa,runs_saved_shrunk,standard_error_per_600_pa,xchase_plus,xchase_plus_raw,xchase_plus_se,xchase_plus_posterior_sd,league_chase_cost_per_600_pa,runs_saved_vs_anchor_per_600_pa,runs_saved_vs_anchor_shrunk,runs_saved_count_only_per_600_pa,shrinkage_factor,chase_rate_rank,value_rank,rank_gap,total_cost,expected_cost,expected_cost_anchor,mean_runs_saved,standard_deviation,scale_to_600_pa
665742,Juan Soto,2021,635,1352,165,12.20414201183432,0.10000031349018917,0.014058197827173678,27.039086799078436,24.526988693613212,2.4752273523296457,166.86283993895827,173.7110517449359,6.747698722364753,6.402457476592751,36.68254102877602,26.63132806888956,24.119229963424335,28.57809807707759,0.09971080428995081,1.0,1.0,0.0,16.500051725881214,45.11641858823923,44.68487393212266,0.02116595182127072,0.07124415250575672,1277.4803149606298
543257,Robbie Grossman,2021,668,1456,229,15.728021978021978,0.10056792526451519,0.012268686542194885,22.878234510542725,20.348145361773042,2.7503187298313394,155.47092647101715,162.36818352522428,7.497623263540609,7.032229167342222,36.68254102877602,22.30940826230484,19.779319113535156,22.36798281345124,0.12029147337622975,3.0,2.0,1.0,23.03005488557398,48.501155973978214,47.867862750940034,0.017493888110167746,0.08024676820765968,1307.7844311377244
607043,Brandon Nimmo,2021,384,721,109,15.117891816920942,,,21.73716073871743,18.983585924132857,2.9812546387201406,151.75101122149903,159.2575108732666,8.127175912872183,7.543723145577119,36.68254102877602,21.273314758769953,18.51973994418538,21.400786100025694,0.1384268374233486,2.0,3.0,-1.0,9.622070801675509,23.533853674454665,23.236992247288278,0.01929512187625403,0.0710577437910341,1126.5625
474832,Brandon Belt,2021,378,816,155,18.995098039215684,0.07806837641385506,0.020156464598862323,25.16479434250522,17.62284502818258,5.142287519391288,148.0415056698448,168.60155713521704,14.018351442331554,11.530744061730475,36.68254102877602,24.46353653413279,16.92158721981015,24.94926987259802,0.323417472784201,16.0,4.0,12.0,12.100598344147533,27.954418779925824,27.51262636065119,0.01942870151443418,0.11341012409605335,1295.2380952380952
605141,Mookie Betts,2021,550,1135,209,18.41409691629956,0.08688491547777188,0.01416246284244688,18.993911781024075,16.14001290519741,3.32327101523896,143.99916813978672,151.779160462532,9.059544191968554,8.271413227634717,36.68254102877602,18.885608449385366,16.0317095735587,19.638747832214015,0.1664210470908726,12.0,5.0,7.0,18.158947334854325,35.5700331341264,35.47075508012424,0.015340163699799183,0.09042307420700542,1238.181818181818
664702,Myles Straw,2021,633,1244,236,18.971061093247588,0.08929410183537279,0.011698973428468472,17.86931025094101,15.97828212372415,2.7206098645284933,143.55827506930288,148.7133926652552,7.416634148638397,6.9652747428075426,36.68254102877602,17.36390605185234,15.47287792463548,17.04920172449274,0.11801176815871198,14.0,6.0,8.0,21.073408033147977,39.92553034789074,39.3923289178522,0.015154439159761064,0.08137828589180449,1179.1469194312797
663757,Trent Grisham,2021,527,1054,179,16.98292220113852,0.10426967662565338,0.013117101825680254,16.69005866555576,14.716960626076132,2.9119984547995124,140.1197959937706,145.49864376206398,7.938377149268812,7.392010384349456,36.68254102877602,16.60982771379886,14.636729674319232,16.477101483041178,0.1329149862386026,7.0,7.0,0.0,18.664272115991956,33.32370697723843,33.25323745794529,0.013908382221296468,0.07878258008064691,1200.0
650333,Luis Arráez,2021,478,982,226,23.014256619144604,0.08671619600187505,0.01338465064475227,17.14868696923533,14.089563546381585,3.717630450845243,138.40945351994256,146.748906941269,10.134604491899585,9.065245078076607,36.68254102877602,16.50865584249802,13.449532419644273,16.47671456825816,0.19989775349509586,51.0,8.0,43.0,19.59786029642376,33.25964758191458,32.74975611761385,0.013912207011701441,0.09451203603422095,1232.6359832635983
518934,DJ LeMahieu,2021,669,1296,266,20.52469135802469,0.0846862847452695,0.010890078608781762,15.480345288056174,13.759181680357747,2.8269521733304783,137.50880199265424,142.20085319583626,7.706533119155635,7.20373157520345,36.68254102877602,14.96961351842592,13.248449910727492,15.496650618048259,0.12623037070880144,20.0,9.0,11.0,22.526551742241686,39.78713673842432,39.21767081528659,0.01331835262051129,0.08755699092398564,1162.3318385650225
608324,Alex Bregman,2021,396,780,134,17.17948717948718,0.1089531982754838,0.016068579996082823,16.195879553234114,13.603113494478368,3.49262851146192,137.0833456815526,144.15146579003095,9.521228392335441,8.618302340976214,36.68254102877602,15.725970268647801,13.133204209892055,15.569200439218038,0.18067258788241763,8.0,10.0,-2.0,14.599728568914829,25.289009074049346,24.978868946222377,0.013704205775813483,0.0825370664762188,1181.8181818181818
669257,Will Smith,2021,498,1011,214,21.16716122650841,0.0905836636836494,0.01596798167461024,16.410487215149214,12.802175841805633,4.268178490732303,134.899915553186,144.73650612774026,11.635449374633243,10.091802890942192,36.68254102877602,16.104679741751266,12.496368368407685,16.801791209677504,0.24773440954981354,30.0,11.0,19.0,19.38490402830097,33.005608416874814,32.75178821395452,0.013472506813623985,0.11141536501874828,1218.0722891566265
607054,Jace Peterson,2021,302,631,131,20.760697305863708,0.09746045487554453,0.0159697297425958,16.305801638924507,12.633478897084306,4.339405889629938,134.44003207731393,144.45112356347735,11.829621852602422,10.217708939012436,36.68254102877602,15.574979985576158,11.902657243735957,14.740246164525795,0.25395447409223904,22.0,12.0,10.0,12.767319588696333,20.974573080288334,20.606726181436333,0.01300674087415531,0.0869503404987276,1253.6423841059604
457763,Buster Posey,2021,449,889,197,22.15973003374578,0.08704160381323582,0.016930408012759586,16.620289120877157,12.58682546785324,4.557639923427507,134.31285051376176,145.3084455295482,12.42454801550475,10.593763951465926,36.68254102877602,15.891353613648466,11.857889960624549,14.562151755110367,0.2729916715022074,38.0,13.0,25.0,17.147195951207458,29.584712309997194,29.039225572087727,0.013990457096501393,0.11438898880915466,1187.9732739420936
656941,Kyle Schwarber,2021,472,1036,217,20.945945945945947,0.10204230660769624,0.017775837863157503,16.833196195760678,12.103772389526242,5.050061145861114,132.9960031395625,145.88884990970416,13.76693381709718,11.389603155754534,36.68254102877602,16.17948314992201,11.450059343687574,15.938642578635536,0.31554841186863125,24.0,14.0,10.0,22.143180533870083,35.38529487453515,34.87104061180873,0.012781963649290606,0.12342624229148859,1316.9491525423728
502054,Tommy Pham,2021,560,1175,190,16.170212765957448,0.14031275920619232,0.01127570362917342,13.498126381024903,12.09049393055699,2.7568834660293513,132.95980483214746,136.79714109891174,7.515519341658158,7.046988914744277,36.68254102877602,13.009478299508942,11.601845849041029,12.923088881989187,0.12079695605125496,5.0,15.0,-10.0,26.659424249176542,39.25767553813312,38.80160399538489,0.010721915990601343,0.07506478622217072,1258.9285714285713
660670,Ronald Acuña,2021,356,748,157,20.989304812834224,0.1005775762724967,0.018033026910676275,16.516786084368196,12.046332591996375,4.923654650680826,132.8394169382827,145.026286677936,13.42233801856423,11.19215032936422,36.68254102877602,16.11545868037052,11.645005187998699,16.13669403381473,0.3047024061062239,26.0,16.0,10.0,15.79067947478198,25.590639218173777,25.35251829180182,0.013101550459079942,0.10681580853505626,1260.6741573033707
458731,Brett Gardner,2021,457,994,173,17.404426559356136,0.14185476065148686,0.013064900623109874,13.892860400595158,11.864199750155565,3.346790494910845,132.34290596403494,137.87322254937777,9.123660469119134,8.32012345588086,36.68254102877602,13.334746804325293,11.306086153885701,13.07673832142004,0.16838692068951627,9.0,17.0,-8.0,24.54087359270723,35.12260226449387,34.69750574200166,0.010645602285499642,0.0808537717963559,1305.0328227571117
571970,Max Muncy,2021,587,1224,194,15.849673202614378,0.13130877270004562,0.01335118424585285,12.987767478215153,11.51714100649434,2.9002164610171257,131.3967917256866,135.4058555213685,7.906258344377013,7.366056526171785,36.68254102877602,12.440290242505538,10.969663770784726,12.110097068427624,0.13198327739832896,4.0,18.0,-14.0,25.47390190380885,38.18026775332934,37.644652524393436,0.010381017850915435,0.08110106459642828,1251.107325383305
518692,Freddie Freeman,2021,681,1356,352,25.958702064896755,0.07532469079843195,0.011769853749199281,13.83996082227237,11.456855634536742,3.703467640758064,131.23244822529955,137.7290134056293,10.095995361534083,9.03758177294804,36.68254102877602,13.406258467162942,11.023153279427314,13.603302767751673,0.19867960767699572,98.0,19.0,79.0,26.514291161048046,42.22264669432719,41.73039452127799,0.011584332989143908,0.1141496465518156,1194.7136563876652
518735,Yasmani Grandal,2021,375,901,147,16.315205327413985,0.14822563021715499,0.013969038577329446,14.079915501340304,11.414830430752009,3.925039298163572,131.11788363242755,138.38315205671046,10.7000201951237,9.463134534685343,36.68254102877602,13.69950399215822,11.034418921569925,15.068522683646075,0.21783057745952494,6.0,20.0,-14.0,21.789167641921782,30.589114830259472,30.35135763702067,0.00976686702368223,0.08172626117172117,1441.6000000000001
457759,Justin Turner,2021,611,1238,282,22.778675282714055,0.09069071286919911,0.011161730468433896,12.65246252116099,11.079600908768603,3.069566073033524,130.20401694658253,134.4917831925428,8.36792105166752,7.735064295905016,36.68254102877602,12.28829710625694,10.715435493864552,12.886041147663356,0.1455380896642944,47.0,21.0,26.0,25.57478102911415,38.45920536316309,38.08836358231913,0.010407450996808515,0.08883960596077249,1215.7119476268413
457705,Andrew McCutchen,2021,573,1129,216,19.13197519929141,0.11295786483187564,0.011967570533209603,12.322498652629944,10.85580203502391,3.0007468578632195,129.59392051523355,133.59227116508484,8.180313505297386,7.586160638827735,36.68254102877602,11.869958227226824,10.40326160962079,13.190183202326127,0.1399886687471525,17.0,22.0,-5.0,24.39889880368514,36.166885016946736,35.734708910686756,0.010423371313783522,0.08528757390761905,1182.1989528795812
664238,Dylan Moore,2021,379,778,164,21.079691516709513,0.1080444955911561,0.013937573675592714,12.918473908371142,10.656546435024218,3.768376995094946,129.05073131837997,135.21695484027975,10.272944265607993,9.163846716178815,36.68254102877602,12.486377312798966,10.224449839452042,12.67462810400767,0.2042699329181308,28.0,23.0,5.0,17.7192972769496,25.87946662907071,25.606525612867614,0.010488649552854891,0.08533997375671055,1231.6622691292876
493329,Yuli Gurriel,2021,603,1226,319,26.019575856443723,0.08071465264080185,0.009784664983054107,11.77741799369394,10.182098614822998,3.2535521302958763,127.75734267382279,132.10633086855955,8.869484062577866,8.126009071125806,36.68254102877602,11.15543584938664,9.560116470515698,11.653384889161668,0.16062140468010325,100.0,24.0,76.0,25.74797419241579,37.5842792760782,36.95918722104936,0.0096544087142434,0.09338531677550711,1219.9004975124378
592192,Mark Canha,2021,616,1322,280,21.18003025718608,0.1141177463785701,0.010535747162305112,11.345667208904999,9.98023053565072,3.047140131770422,127.20703161708896,130.92933829203588,8.306785861372198,7.686700321296546,36.68254102877602,10.854317955384275,9.488881282129997,11.400568144311286,0.14372380734317428,31.0,25.0,6.0,31.95296898599963,43.601187320475425,43.09673542019415,0.008811057741660968,0.08604114104588009,1287.6623376623377
641487,J. P. Crawford,2021,686,1293,281,21.732405259087393,0.10396026921841074,0.009732246125959628,10.753438364155407,9.794811514034576,2.5827841319688516,126.70156221280017,129.31486767974923,7.040908452723485,6.651285653840061,36.68254102877602,10.298447174196404,9.339820324075573,9.737672185840013,0.10761182926684808,36.0,26.0,10.0,29.212835650373417,41.507600180057764,40.98739358620464,0.009508711933243888,0.08212241501837308,1130.9037900874637
624424,Michael Conforto,2021,478,1029,239,23.226433430515065,0.10721815024859403,0.010922974011770406,11.313016069127922,9.574943843028958,3.5268554703688926,126.10218260375635,130.8403282647549,9.614534248328686,8.687316759665034,36.68254102877602,10.897025923534969,9.158953697436004,11.724117175311555,0.1835777862326946,54.0,27.0,27.0,25.625137909413972,34.63784071115255,34.30643522849683,0.008758700487598229,0.08759042258036631,1291.63179916318
502671,Paul Goldschmidt,2021,677,1415,359,25.371024734982335,0.08604044517969317,0.009246831431765181,10.778948019820179,9.504568908489443,3.0338153486355144,125.91033402248082,129.3844093607488,8.270461269996549,7.657891160820135,36.68254102877602,10.371710475789357,9.09733136445862,11.063785801706086,0.1426484947114345,92.0,28.0,64.0,30.88851981950985,43.050766168540285,42.591266473025506,0.008595227101788293,0.09100145632985954,1254.0620384047268
643393,Tony Kemp,2021,397,745,156,20.93959731543624,0.10390471460369746,0.009810265228193884,10.708980334929905,9.446276244873822,3.0314441755640607,125.75142282936066,129.19367097968794,8.26399723286893,7.6527588277483245,36.68254102877602,10.448391470837775,9.185687380781692,10.442232934934012,0.14245735220556213,23.0,29.0,-6.0,16.209135478176805,23.29491079978876,23.122487834714466,0.009511107814244234,0.0734870299096899,1125.9445843828714
518626,Josh Donaldson,2021,541,1110,253,22.792792792792792,0.09776003858971975,0.012482107193784881,11.281386097015867,9.366136959514316,3.7532976203790978,125.53295572454195,130.7541020349873,10.231836495282,9.134631792986555,36.68254102877602,10.775530776268814,8.860281638767264,11.31139811248635,0.20296955812266337,48.0,30.0,18.0,24.733289763199096,34.90533956067507,34.44922667980148,0.00916400882655493,0.10157750208583784,1231.0536044362293
596847,Ji Man Choi,2021,307,674,131,19.43620178041543,0.13241685275774884,0.01601602215155264,11.806541631064738,9.100527582170885,4.542269514542469,124.80887999288784,132.1857245979851,12.382646859112722,10.567754291814753,36.68254102877602,11.056915183441223,8.350901134547371,10.92290491810221,0.2716528264854898,18.0,31.0,-13.0,17.346607711265097,23.387621512493222,23.004062646792523,0.008962928488469028,0.08952206185847622,1317.2638436482084
458015,Joey Votto,2021,526,1164,257,22.079037800687285,0.10974676077754879,0.01275873625988338,11.055837249846824,9.033541283817165,3.94497645435217,124.62626914730554,130.13923501421004,10.754370727091915,9.500669305186687,36.68254102877602,10.464742371045876,8.442446405016216,10.642267950928238,0.21956201979878795,37.0,32.0,5.0,28.204917519830037,37.897201508862416,37.379008331780256,0.0083267044579316,0.10136835972149814,1327.7566539923955
608385,Jesse Winker,2021,484,985,239,24.263959390862944,0.09945567782785196,0.009875332853575641,9.941691753893624,8.64339141813236,3.2503293698241107,123.56268452436802,127.10197133316025,8.860698519424687,8.119251212879393,36.68254102877602,9.660520138477137,8.362219802715874,10.010389788580069,0.1603543596094398,76.0,33.0,43.0,23.76990700085662,31.789538348997475,31.562726579228176,0.008141757713848586,0.08354171146771462,1221.074380165289
573131,Darin Ruf,2021,311,707,141,19.943422913719942,0.12629308359002997,0.017779150504519826,11.838968315897775,8.587674769898005,5.16481678447392,123.41079578746006,132.27412274032645,14.079768302916426,11.564851222900362,36.68254102877602,11.05827009555515,7.80697654955538,11.166190774700153,0.32533359650825594,19.0,34.0,-15.0,17.807324786194226,23.943856696601237,23.539194785723645,0.00867967738388545,0.10068258369941535,1363.9871382636657
624428,Adam Frazier,2021,635,1131,299,26.436781609195403,0.07813752016875478,0.009278546958185793,9.441961256894004,8.507415066058957,2.785656572639533,123.19200041072733,125.73965977298889,7.593957491805964,7.111530246066489,36.68254102877602,9.066372638583957,8.13182644774891,9.252737523262311,0.12301977743683262,109.0,35.0,74.0,23.363118530457676,33.3558608606705,32.958362906292365,0.008835315941832731,0.08766348792015792,1068.6614173228347
660162,Yoán Moncada,2021,609,1345,323,24.014869888475836,0.1144199661210102,0.010352707882607818,9.95191330334381,8.474429092855253,3.5112878192702786,123.10207759655307,127.1298362224605,9.572095391417433,8.655972112443191,36.68254102877602,9.457609003988024,7.980124793499467,9.82622429230405,0.18225544464069532,68.0,36.0,32.0,36.95764905708629,47.05884105998026,46.55712219613414,0.007510179927802206,0.09717875481571696,1325.1231527093596
595777,Jurickson Profar,2021,411,865,195,22.54335260115607,0.10134940918957569,0.010818784051994892,9.442085987710811,8.19535110858331,3.295578121054705,122.34128519655816,125.73999980073317,8.984050800814078,8.213838606141625,36.68254102877602,9.361917464805941,8.11518258567844,11.720573899107373,0.1641123046236129,44.0,37.0,7.0,19.76313479196726,26.230963693549167,26.17604825535933,0.007477258845759429,0.07675631716342035,1262.7737226277372
663656,Kyle Tucker,2021,563,1129,295,26.12931798051373,0.08756259584778998,0.01141814674232244,9.642074503632616,8.106467833028468,3.6833709852088186,122.09898116564297,126.28518699418555,10.041210019554963,8.998219929869183,36.68254102877602,9.52532520620139,7.989718535597243,10.661077979230654,0.19695273749166395,104.0,38.0,66.0,25.830965775098047,34.87844568433999,34.76889592691702,0.008013711168504817,0.10286215915240818,1203.197158081705
596146,Max Kepler,2021,490,947,196,20.696937697993665,0.10968818320267103,0.015151297070294521,9.707489898120324,8.05049972399328,3.843396655569625,121.94640692333166,126.46351541051962,10.477454799422512,9.308127211758823,36.68254102877602,9.29733480540358,7.640344631276536,10.842628611884555,0.21075283924370122,21.0,39.0,-18.0,21.49888390772352,29.426667324521787,29.091707332136444,0.008371471401054133,0.10199644804793691,1159.591836734694
647351,Abraham Toro,2021,376,751,229,30.492676431424766,0.07180070951163446,0.009647654745908573,9.255198417254807,7.720211622457974,3.8017597706454467,121.04601100671235,125.23052699646533,10.363948799684064,9.228268292243719,36.68254102877602,8.74286056102055,7.207873766223717,9.761555036087628,0.2071520514210827,177.0,40.0,137.0,16.44236247816429,22.24228681964397,21.921221763070502,0.007722935208361756,0.08693632884363246,1198.404255319149
488726,Michael Brantley,2021,509,900,218,24.22222222222222,0.08309636611105509,0.011818118666608559,8.71659254673517,7.673783850944372,3.145991357807956,120.91944460697144,123.76223757208462,8.576263447344198,7.898725048392905,36.68254102877602,8.57300036197695,7.530191666186153,9.13614485410369,0.15176191811419723,75.0,41.0,34.0,18.11500781221001,25.509583822690345,25.38776978595379,0.008216195567200373,0.08896164450690276,1060.9037328094303
608336,Joey Gallo,2021,608,1353,257,18.99482631189948,0.14012758238654435,0.010316211865606467,8.476428081425516,7.460267637195222,3.16402888596477,120.3373796579221,123.10752702430317,8.625435417581112,7.937089305548992,36.68254102877602,7.831483378539865,6.815322934309571,8.904472893839763,0.1532397192949868,15.0,42.0,-27.0,36.0127886733419,44.60223579585309,43.9486918302623,0.006348445766822756,0.08716534838935074,1335.1973684210527
606466,Ketel Marte,2021,370,707,174,24.611032531824613,0.08730850421569404,0.014266319958886255,9.162891773007749,7.458619175568436,4.098194699349227,120.33288579904385,124.97889054583165,11.172057835727227,9.784968666616983,36.68254102877602,8.816428536072912,7.1121559386336,9.008168765896126,0.2328990369050273,79.0,43.0,36.0,15.191679733530764,20.842129660218877,20.628477330775727,0.007992149825584317,0.09504589269611806,1146.4864864864865
621035,Chris Taylor,2021,579,1161,245,21.102497846683892,0.1288901884847302,0.011630651076272064,8.474259378055834,7.4584001809504565,3.1640860562421107,120.33228879945813,123.10161493831114,8.625591269045426,7.937210742205296,36.68254102877602,7.877194707636348,6.861335510530971,7.917664511249887,0.15324440843498888,29.0,44.0,-15.0,31.578096178758898,39.755756478582775,39.17958907162797,0.007043635055834521,0.08961062168845876,1203.1088082901554
592885,Christian Yelich,2021,469,1055,190,18.009478672985782,0.1551573846818205,0.011322134189294925,8.546323958574758,7.438702335006915,3.3097150209355166,120.27859064935426,123.29806965081971,9.022589297560314,8.243259624714195,36.68254102877602,7.975723259943095,6.868101636375251,8.342093215395293,0.16529007270296794,10.0,45.0,-35.0,29.479903089545893,36.160279650498495,35.71426010440141,0.006332110484315262,0.07965003362739993,1349.6801705756932
467793,Carlos Santana,2021,658,1433,325,22.67969295184927,0.12113082465935777,0.009276003386459496,8.302868353355063,7.364939566471746,3.0659316100451854,120.07750651923006,122.63438715121121,8.35801316937145,7.727236632701822,36.68254102877602,7.8281228439518316,6.8901940570685145,8.126244564561263,0.14524367796324214,45.0,46.0,-1.0,39.36751801429128,48.47299697513733,47.95235939982512,0.0063541374465080624,0.08882066309642521,1306.6869300911853
630105,Jake Cronenworth,2021,639,1192,284,23.825503355704697,0.10190799836655184,0.009233579486790463,7.968941911690529,7.252796836400694,2.7066694052437237,119.77179506379113,121.72407278285112,7.378631167127836,6.933767868223353,36.68254102877602,7.606316054443899,6.890170979154063,7.07720103972677,0.1169465488634556,63.0,47.0,16.0,28.941871536100724,37.42879467205113,37.04259813408348,0.0071199019596899435,0.0834923517309739,1119.24882629108
607208,Trea Turner,2021,645,1253,334,26.6560255387071,0.08955529085258018,0.010778126096290822,8.259844439601974,7.192903135452998,3.3221826158056933,119.60851929480688,122.51709998258421,9.056577114435912,8.269154912681774,36.68254102877602,7.684344498581927,6.617403194432952,8.329536030053088,0.1663301847864854,114.0,48.0,66.0,29.911467144761783,38.790799917333906,38.172137480737355,0.007086458717136568,0.10089193004607379,1165.5813953488373
543760,Marcus Semien,2021,726,1475,314,21.28813559322034,0.12534175652680984,0.00918547453326607,7.762747995231655,7.095169768681469,2.652220318873896,119.34208909659662,121.16196909353167,7.230197921112752,6.810162532041986,36.68254102877602,7.305242511274883,6.637664284724696,7.850609435549008,0.11281419997405893,32.0,49.0,-17.0,39.35731154941829,48.7502366236486,48.1966549880609,0.0063680847960883415,0.08356010134888825,1219.0082644628098
476704,Jed Lowrie,2021,515,969,203,20.94943240454076,0.11415214635140818,0.010633664226246967,7.854670393059114,7.056494172883936,2.9108077956554204,119.23665584493831,121.41255805288252,7.935131302305382,7.389389451100208,36.68254102877602,7.555896392103821,6.757720171928644,8.551501150649141,0.1328207494800933,25.0,50.0,-25.0,23.17288570933586,29.91481113004493,29.658363445891638,0.006957611373280776,0.08026156422773688,1128.9320388349515
642165,Josh VanMeter,2021,310,642,116,18.06853582554517,,,8.399126512289108,7.037511054043243,3.8087619029394237,119.18490610702948,122.89679579639895,10.383037260018599,9.241736417488971,36.68254102877602,7.669102754702425,6.30748729645656,7.526967201939209,0.207757145588333,11.0,51.0,-40.0,17.13819219244655,21.477740890462588,21.100561949042802,0.006759421648000061,0.07766525166837467,1242.5806451612902
621566,Matt Olson,2021,662,1427,340,23.826208829712684,0.10866942248397835,0.01025379131223322,7.883622944990511,6.87442762871915,3.331761981333348,118.74032560428796,121.49148538757476,9.082691350960967,8.289018416186309,36.68254102877602,7.46730534502699,6.4581100287556295,9.408732726221292,0.16713023471321936,64.0,52.0,12.0,36.947603644552636,45.64586762719217,45.18653054189908,0.006095489826656994,0.09731252033342494,1293.3534743202417
668804,Bryan Reynolds,2021,636,1287,324,25.174825174825177,0.10263797390440724,0.010493262007273773,7.708745577934456,6.711231909685092,3.367510974213727,118.29543897850586,121.0147535087257,9.180146412354711,8.362893772798994,36.68254102877602,7.121293442924935,6.123779774675571,7.669730949305457,0.17012258558833496,88.0,53.0,35.0,33.254703545027944,41.42597385763847,40.803274594528375,0.006349083381981759,0.09950057981817562,1214.1509433962265
656305,Matt Chapman,2021,623,1326,301,22.699849170437407,0.1253259402928878,0.012177679240108617,7.8135037642608065,6.598073495129088,3.7611790974367763,117.98695867320957,121.30033401484215,10.253322130782264,9.149910367255332,36.68254102877602,7.198952644846407,5.9835223757146885,7.392588490262562,0.20364909923047098,46.0,54.0,-8.0,37.723108028159224,45.83612943671669,45.19802052439141,0.006118417351853296,0.10724796198612235,1277.0465489566614
593428,Xander Bogaerts,2021,602,1325,414,31.245283018867926,0.08742244341961625,0.009173747107131352,7.751791903875487,6.512446571369563,3.8326834496068654,117.75353175850279,121.13210177505017,10.448249608990485,9.287631541265991,36.68254102877602,7.0054081254860865,5.766062792980162,6.768462322871058,0.20982574294395537,194.0,55.0,139.0,36.19289157572113,43.97052278594286,43.2216510616255,0.005869910347337161,0.10564288505501104,1320.5980066445184
608348,Carson Kelly,2021,359,743,167,22.476446837146703,0.11180531423770589,0.013288500106947845,7.9131032056129005,6.441100043202679,4.20926505468725,117.5590345231261,121.57185130497197,11.474845898448653,9.986476790961811,36.68254102877602,7.427298302750107,5.955295140339886,7.760800662345381,0.2425902868750137,42.0,56.0,-14.0,18.671487477696882,23.406160895721936,23.115487628842363,0.006372373375538429,0.09239640315695037,1241.7827298050138
663697,Jonathan India,2021,629,1328,296,22.289156626506024,0.11778330444973224,0.008541072475830046,7.069083598471245,6.419287066329053,2.803326491759241,117.49957033045604,119.27097578361821,7.642127325803687,7.151044227847912,36.68254102877602,6.548268761623129,5.898472229480937,5.592042031050079,0.12439065142034973,39.0,57.0,-18.0,34.86385811712074,42.274614089518096,41.728626535555655,0.005580388533431743,0.0806443672520478,1266.7726550079492
664761,Alec Bohm,2021,417,855,223,26.08187134502924,0.09349342713469824,0.012559118294306297,7.579905771835254,6.227901220183867,4.131002334506059,116.97783481056648,120.66352427954517,11.261494483889349,9.8448896002561,36.68254102877602,7.150546137084281,5.798541585432894,8.182725047001757,0.23576021274701373,101.0,58.0,43.0,20.849034251037708,26.11706876246321,25.818663816311282,0.006161443873012281,0.0981877227497811,1230.2158273381297
650490,Yandy Díaz,2021,541,1014,191,18.83629191321499,0.12524015239752095,0.012196231088644567,6.880691466807468,6.198822388349774,2.943489090544126,116.89856322517853,118.75740140632524,8.024223535210044,7.46117373908848,36.68254102877602,6.356924047361735,5.675054968904042,6.5107390288369835,0.13541386064556193,13.0,59.0,-46.0,23.920869107926503,30.124959247164572,29.652695623964334,0.00611843208997837,0.08334690314930715,1124.5841035120147
663886,Tyler Stephenson,2021,405,808,170,21.03960396039604,0.11892644875980976,0.012271422647972622,6.886334993531323,5.993676296996183,3.450133014386975,116.33931600402049,118.77278618220384,9.4053817364519,8.532104013923824,36.68254102877602,6.215190087592572,5.322531391057432,6.448117795724131,0.17707656815479259,27.0,60.0,-33.0,20.21749628916766,24.8657724098013,24.412749598292645,0.00575281698098223,0.08192829772965136,1197.0370370370372
666971,Lourdes Gurriel,2021,541,1063,369,34.71307619943556,0.06730867527123237,0.011563459027471317,7.3714163001587725,5.7891702589451395,4.710941854994258,115.78181362737047,120.09516269436239,12.842463261470103,10.849269040945757,36.68254102877602,7.3735136844357605,5.7912676432221275,8.561529494158698,0.2863187385676323,227.0,61.0,166.0,24.836901175084744,31.48346153906124,31.48535268055099,0.006252643804305262,0.13028281281254223,1178.927911275416
665489,Vladimir Guerrero,2021,691,1343,331,24.646314221891288,0.10478987173816326,0.009610009313602704,6.395326562624335,5.754298064697192,3.0118820441278964,115.6867488001531,117.43425178099699,8.21066905306585,7.610351741927098,36.68254102877602,5.931305604677866,5.290277106750723,6.951959716849015,0.1408828970566058,80.0,62.0,18.0,34.68544754533204,42.0507319699544,41.516334500052714,0.005484202847820074,0.09465133635493067,1166.136034732272
547180,Bryce Harper,2021,585,1310,328,25.0381679389313,0.10262647475457579,0.011687322681451586,6.842000506661719,5.665947068174856,4.1264540804916825,115.44589581111663,118.65192627003248,11.24909552273012,9.836602571607106,36.68254102877602,6.331913992653943,5.15586055416708,8.392483040498929,0.23536347303286906,83.0,63.0,20.0,33.66148371950086,40.332434213496036,39.83509986233845,0.005092328621370363,0.11115934638769609,1343.5897435897436
527038,Wilmer Flores,2021,436,898,231,25.72383073496659,0.1098383518116097,0.011356793392037882,6.67711701376693,5.651727143241894,3.8602700614737984,115.40713098039838,118.202438616586,10.52345326471677,9.340334915715554,36.68254102877602,5.926287862799243,4.900897992274207,5.754037979170672,0.21221384390849424,95.0,64.0,31.0,25.37265926848184,30.224697631819144,29.67909511544929,0.005403160760954679,0.09360838643231509,1235.7798165137615
668942,Josh Rojas,2021,550,1143,244,21.347331583552055,0.12903736179668876,0.010950812490011716,5.918938540938224,5.28936454173896,3.179943227371998,114.41929700995811,116.13557396772227,8.668819384342695,7.970854354553035,36.68254102877602,5.298643893566798,4.669069894367534,5.659301477188043,0.15454628195552367,34.0,65.0,-31.0,31.48511627839206,36.91080994091876,36.342206514161624,0.004746888593636662,0.08621993485056804,1246.909090909091
500871,Eduardo Escobar,2021,599,1259,367,29.15011914217633,0.08749582813086691,0.009884460338858413,6.130394297048979,5.264828793927012,3.7419538603913782,114.35241029185235,116.71202191865586,10.200912356251333,9.112607122190656,36.68254102877602,5.551271648284811,4.685706145162843,6.445234496020505,0.20199197116663847,149.0,66.0,83.0,32.11096892402816,38.23114589724872,37.65298845289916,0.004861141360778844,0.10528369906284135,1261.10183639399
650402,Gleyber Torres,2021,515,1033,232,22.45885769603098,0.12072985682610056,0.011768861531954226,5.980265966255009,5.25342657270254,3.434732745651634,114.32132678208261,116.30275820195695,9.363399179345892,8.500726210089155,36.68254102877602,5.554774215368463,4.827934821815994,6.333075174290472,0.17577652378380118,41.0,67.0,-26.0,28.00932678365533,33.14238840469088,32.77717465184659,0.004969081917749806,0.09172733341941353,1203.4951456310678
596142,Gary Sánchez,2021,435,951,240,25.236593059936908,0.10150168678220381,0.013164895392320856,6.538475269897329,5.238647558906582,4.603204704688466,114.28103782340779,117.82448839835864,12.548761823989867,10.670447035777874,36.68254102877602,6.059968550816338,4.76014083982559,7.5185948941901435,0.2769580820043802,90.0,68.0,22.0,24.360404827728914,29.100799398404476,28.75388202707076,0.004984642030153063,0.10822012631763799,1311.7241379310346
643217,Andrew Benintendi,2021,541,986,297,30.121703853955374,0.08613464108958677,0.009968376612468228,5.9207713902720345,5.216004032473324,3.400902032885501,114.21930947581187,116.14057048454582,9.271173526985564,8.431535921599126,36.68254102877602,5.761396807845675,5.056629450046965,5.7032731601522215,0.1729267595030091,172.0,69.0,103.0,25.58198840360727,30.920550607169222,30.776847858681453,0.005414363289616583,0.09765661779029423,1093.5304990757857
663993,Nathaniel Lowe,2021,644,1337,306,22.887060583395662,0.12492433459716834,0.008595777121185382,5.62044114782869,5.1502675938266975,2.8052848656133995,114.04010586340382,115.32184246292991,7.647466034080798,7.155417889243099,36.68254102877602,5.509465665615006,5.039292111613014,5.767901531800722,0.12454285547449104,49.0,70.0,-21.0,38.22684638673351,44.259453218736304,44.14033953449362,0.0045120469947664875,0.08234663976711501,1245.6521739130435
571976,Wil Myers,2021,501,1022,280,27.397260273972602,0.10935251908342557,0.009131889326049443,5.639668721543576,4.975623964134077,3.425589421155656,113.56401117422834,115.37425860743801,9.338473631007227,8.482061687981455,36.68254102877602,5.1846832190082175,4.520638461598718,5.7251817390004005,0.17500548775125757,122.0,71.0,51.0,30.61870534335916,35.32782872584804,34.94791583123102,0.004607752820439223,0.08947389351360735,1223.9520958083833
649966,Luis Urías,2021,565,1139,287,25.197541703248465,0.1065569436866782,0.00959949623437565,5.538747992288131,4.946494115067001,3.250279593933457,113.48460051114417,115.09913936426378,8.86056282574247,8.11914681172915,36.68254102877602,5.381009248076154,4.788755370855024,5.790579010305196,0.16035023581242502,89.0,72.0,17.0,30.581842838076643,35.7974971974813,35.64895988001502,0.0045791522031647545,0.09068930144240947,1209.557522123894
656555,Rhys Hoskins,2021,444,951,243,25.55205047318612,0.11682715789502858,0.01314308352047452,5.864695084392932,4.80236722552695,4.457894061027587,113.09169727844012,115.98770128762975,12.152631568054522,10.423693321274898,36.68254102877602,5.262472821291563,4.200144962425581,5.438575261856423,0.26429689729873757,93.0,73.0,20.0,28.388999368491945,32.728873730942716,32.2832292562477,0.004563485134017634,0.10697226826936648,1285.1351351351352
519203,Anthony Rizzo,2021,574,1111,330,29.7029702970297,0.08020329887773112,0.010294006819460301,5.363745362008443,4.684680064549662,3.6372646150860057,112.77087119148783,114.62206600628019,9.915519789735159,8.907434509340343,36.68254102877602,5.1392151507579795,4.460149853299198,5.738611251236587,0.19299856944356417,161.0,74.0,87.0,26.46708862965127,31.59840502597268,31.383604457209735,0.004618646621351405,0.10439471431918425,1161.3240418118467
608070,José Ramírez,2021,621,1401,336,23.98286937901499,0.1259607718873943,0.010165413756022585,5.141287743927402,4.547353972116808,3.4870059222061904,112.39650756077553,114.01562596193722,9.505900693931673,8.606929928634353,36.68254102877602,4.619380066164365,4.025446294353771,5.226988565828312,0.18019608393935072,67.0,75.0,-8.0,42.32281935416449,47.644052169129345,47.103877722644604,0.00379816760525686,0.09642151858961454,1353.623188405797
621466,DJ Stewart,2021,317,663,148,22.322775263951737,0.130996811741887,0.013996883663970618,5.329926288567727,4.405046271890184,4.470691297489163,112.00856360641592,114.5298720837976,12.187518018400306,10.445682867987628,36.68254102877602,4.688949633829664,3.7640696171521206,6.536383666072098,0.26541318093576116,40.0,76.0,-36.0,19.387528137799272,22.20350586025922,21.86485652767261,0.004247326881538385,0.09173307047270417,1254.8895899053628
607732,Jacob Stallings,2021,427,906,212,23.399558498896248,0.12173707119762567,0.011125926544910084,5.004011492160217,4.389283693929323,3.656071502024321,111.96559336084734,113.64139820148982,9.966789103176565,8.944546850114458,36.68254102877602,4.245632256029801,3.6309044577989074,3.877781137361837,0.19461015581486585,57.0,77.0,-20.0,25.80825909389664,29.369447272483995,28.82973404943785,0.003930671278793989,0.08644247768092445,1273.0679156908666
666185,Dylan Carlson,2021,614,1283,307,23.92829306313328,0.1197825434346065,0.010557642309417371,4.836648397302528,4.312410228399723,3.4284696963344756,111.7560291829751,113.1851509237279,9.346325527571754,8.48794409793758,36.68254102877602,4.206792449612841,3.682554280710036,4.80930443085449,0.17524830866689547,66.0,78.0,-12.0,36.77324083442419,41.72274436099711,41.078191774528,0.003857758009799627,0.09794992498646436,1253.745928338762
592567,Colin Moran,2021,359,737,231,31.343283582089555,0.08293083381560593,0.013394567381557337,5.414520418051668,4.222972074332509,5.2651403231870475,111.5122125019086,114.7604835057751,14.35325954943184,11.714977842097538,36.68254102877602,5.133540013188188,3.9419916694690293,5.013790895371528,0.3338349153696483,196.0,79.0,117.0,19.15702261140497,22.396710661539217,22.2285907192959,0.004395777544279848,0.11604312200704661,1231.7548746518107
592450,Aaron Judge,2021,624,1439,343,23.83599722029187,0.11753278061986917,0.01115879212300131,4.851953569612897,4.217004932467622,3.8483011629794497,111.49594552122097,113.22687423918296,10.490824940291372,9.317498090023463,36.68254102877602,4.309722308969589,3.6747736718243145,6.525567776835155,0.21117740012091912,65.0,80.0,-15.0,40.313743752615125,45.35977546501254,44.7958549539435,0.003506623844612518,0.10550474553091871,1383.6538461538462
670032,Nicky Lopez,2021,567,1033,250,24.20135527589545,0.10150791137115674,0.009478125018422545,4.46832351568895,4.131355654604293,2.8554906294700366,111.26245766715944,112.18106322619178,7.7843315904152215,7.2671527852127475,36.68254102877602,4.385483401960112,4.048515540875455,4.7949223983787155,0.1284628035906218,73.0,81.0,-8.0,25.376977842789184,29.599543565115244,29.52125965764149,0.004087672528873241,0.08395805849165286,1093.1216931216932
621043,Carlos Correa,2021,640,1364,329,24.120234604105573,0.12046498311485723,0.0096830579263892,4.4442069248320415,4.03437209228508,3.2181336271629926,110.99807150524353,112.11531916871772,8.772929946806281,8.05156255494949,36.68254102877602,3.927824072720816,3.5179892401738546,4.52285701163103,0.15769181683861,71.0,82.0,-11.0,39.63297944478803,44.373466831275536,43.82265845569023,0.0034754306352547735,0.09294491013875084,1278.75
668731,Akil Baddoo,2021,461,955,230,24.083769633507853,0.11623844438196622,0.01003021653754888,4.471737692198359,4.007442867604111,3.4465480161123545,110.92465994779486,112.19037058716967,9.39560869954094,8.524806271599187,36.68254102877602,3.8412972410220454,3.3770024164277976,4.911528149447507,0.176773780820817,70.0,83.0,-13.0,26.734842207852232,30.170627334691307,29.686238921370837,0.0035976807610880344,0.08569043007364109,1242.9501084598699
593160,Whit Merrifield,2021,719,1301,381,29.285165257494235,0.08529811884248492,0.008568266131368251,4.190563693624592,3.9050736270321114,2.7689498601556197,110.6455919287836,111.42386425830549,7.5484134481945695,7.074085035074975,36.68254102877602,3.8682601895000657,3.5827701229075855,3.873909395178445,0.12172768592487333,153.0,84.0,69.0,32.49858327898676,37.520275438513565,37.134048406071,0.003859870991181247,0.09199285202882908,1085.67454798331
676801,Chas McCormick,2021,322,632,162,25.63291139240506,0.10125339142581401,0.013870492870349336,4.61215160033319,3.8968665524016335,4.391633437149329,110.62321868418192,112.57315188911024,11.97199897821763,10.309034995406657,36.68254102877602,4.191025362750885,3.4757403148193284,4.1063018275758125,0.258514460867992,94.0,85.0,9.0,16.40304941098187,18.878237436494015,18.652233022324843,0.003916436749228079,0.09375019187116157,1177.639751552795
543543,Brad Miller,2021,376,756,183,24.206349206349206,0.11300179219529372,0.011438711149376828,4.4299910458701515,3.895880639688183,3.7958269533040485,110.62053099492758,112.07656536769085,10.347775390822491,9.2168448505257,36.68254102877602,3.9235039998789367,3.389393593696968,4.144123617837293,0.20663951219611276,74.0,86.0,-12.0,20.67932797173875,23.45545569381738,23.138057144996218,0.003672126616506122,0.08651314538709654,1206.3829787234042
622110,Matt Duffy,2021,321,609,130,21.34646962233169,0.12473126561013861,0.016435686455920664,4.236812911999201,3.6721510750930166,4.134959502484391,110.01062350673133,111.54994390567323,11.272282089838534,9.852094408096303,36.68254102877602,4.039307525664878,3.4746456887586934,4.736233496911132,0.23610541287538833,33.0,87.0,-54.0,16.21506452931802,18.481759437237592,18.37609405554873,0.0037219949226922375,0.08964300287368501,1138.3177570093458
600869,Jeimer Candelario,2021,626,1345,391,29.070631970260223,0.10345124944533333,0.009590541555885271,4.032542278688972,3.6093226938411345,3.643000086512407,109.8393475277783,110.99308326412175,9.931155215377842,8.91876432546676,36.68254102877602,3.3792478648742588,2.9560282800264215,3.3405086757067632,0.19348985095678733,146.0,88.0,58.0,40.44943853312533,44.656724310557486,43.97512047214414,0.00312809351481945,0.10363850085080228,1289.1373801916934
664774,LaMonte Wade,2021,378,777,175,22.52252252252252,0.12666055191363945,0.01010944272560105,3.836477567816078,3.4837111925630233,3.4511196620053264,109.49691895616007,110.45859272618685,9.408071429124984,8.534111760123936,36.68254102877602,3.2792214129580417,2.926455037704987,2.3061308807271304,0.17715991609258522,43.0,89.0,-46.0,22.165596584886906,24.582577452611037,24.231506075050472,0.0031106574874184417,0.07799918378227956,1233.3333333333333
514888,José Altuve,2021,676,1307,392,29.992348890589138,0.08819923901217916,0.008862536885992268,3.672403398466481,3.3847007389281827,3.2153149099463287,109.22700730102916,110.01131136358744,8.765245862940736,8.045621157733757,36.68254102877602,3.3255821032967714,3.0378794437584733,4.4005583120246685,0.15745917527777165,168.0,90.0,78.0,34.57410169277423,38.7116761883798,38.320924195821924,0.003165703516148101,0.10020310198504966,1160.0591715976332
453568,Charlie Blackmon,2021,583,1038,275,26.49325626204239,0.10006195456970804,0.010344929306853394,3.5789699547779548,3.3125921208716425,3.1689675904690455,109.03043253811954,109.75660315344673,8.638898782892696,7.9475759968013575,36.68254102877602,3.383416707740533,3.1170388738342205,3.769532865201583,0.15364491549538317,110.0,91.0,19.0,27.51703750666971,30.994603312728955,30.80459074102426,0.003350256075201586,0.095573265546881,1068.2675814751285
592518,Manny Machado,2021,631,1196,349,29.180602006688964,0.08828251316529076,0.010289126903072451,3.148168278315069,2.907851946421683,3.5370449247832565,107.9270733838765,108.58219793401295,9.642311643592473,8.707791484069833,36.68254102877602,2.735973619709404,2.495657287816018,3.4015451699981947,0.18444413749862576,151.0,92.0,59.0,30.810597094686475,34.121420734047824,33.6879293514142,0.002768247190101461,0.10756056998072526,1137.242472266244
571448,Nolan Arenado,2021,646,1305,380,29.118773946360154,0.0910486648611818,0.009514886515704696,3.079294533120833,2.859872922631756,3.4587690501689803,107.79627812693863,108.39444173375352,9.428924368831785,8.549667280576712,36.68254102877602,2.702219236372286,2.4827976258832094,4.205437211182576,0.1778063398449836,147.0,93.0,54.0,34.59849264724908,37.91386642790918,37.507882025076576,0.0025405163070192313,0.10308549862030979,1212.0743034055727
456781,Donovan Solano,2021,343,670,199,29.701492537313435,0.09318598724333593,0.011731170766607351,2.9630438210033696,2.689597131236067,4.232625622412713,107.33209056898808,108.07753153926544,11.538528966933844,10.028369910020915,36.68254102877602,2.7441583687339546,2.470711678966652,3.896005876040384,0.24462988112105236,160.0,94.0,66.0,18.54401146142385,20.23788484576411,20.112755328883427,0.0025281692303585966,0.09347927273607101,1172.0116618075801
542364,Rafael Ortega,2021,331,686,170,24.78134110787172,0.11963962628914707,0.010268392454219653,2.808927027748111,2.6053746785000453,3.8488374837671073,107.1024923722057,107.65739490496206,10.4922870003685,9.31852236146185,36.68254102877602,2.262262078389364,2.0587097291412984,2.0894564910916498,0.21122383208502943,81.0,95.0,-14.0,20.338736469155002,21.88832787946271,21.586751049066468,0.002258879606862548,0.08106702938332325,1243.5045317220543
444876,Alcides Escobar,2021,349,685,247,36.05839416058394,0.07707311998298899,0.010936743679028907,2.831857010966754,2.561043066375598,4.574837071520775,106.98164029685556,107.71990416025234,12.471429031952812,10.622779772237646,36.68254102877602,2.3574930692332408,2.086679124642085,2.7933194484737,0.27448914212320613,234.0,96.0,138.0,19.03706063579828,20.68425746384394,20.40833577106895,0.0024046669022564407,0.10167273880923948,1177.650429799427
664023,Ian Happ,2021,537,1145,266,23.231441048034934,0.13117211986342078,0.00979785692620341,2.6863553428120817,2.540060844874598,3.412829023923661,106.9244408201766,107.32325315387705,9.30368760780893,8.455969783970852,36.68254102877602,1.961492297043091,1.8151977991056072,2.825463931179128,0.17393046533148457,55.0,97.0,-42.0,34.89178388366993,37.29607191548674,36.6473194895235,0.0020998148749491814,0.09026820852846144,1279.3296089385476
643446,Jeff McNeil,2021,425,728,206,28.296703296703296,0.09223259313336436,0.010752880805210831,2.6700506862990387,2.530220003406362,3.360464216546305,106.89761377605086,107.27880515203265,9.160936299124295,8.348363202314575,36.68254102877602,2.497605177183014,2.3577744942903376,3.281133051841895,0.1695319214592394,137.0,98.0,39.0,18.99991418547306,20.89120008826821,20.769051185977695,0.0025979201961471876,0.08822085556467402,1027.764705882353
641658,Garrett Hampson,2021,492,893,224,25.083986562150056,0.10823917193019157,0.011396265753230253,2.6413849949283468,2.5142330299900366,3.242558135855177,106.85403180771397,107.20065982576367,8.839513416781887,8.102942327708192,36.68254102877602,2.38938066087034,2.2622286959320297,2.7058907179318448,0.15971080905702134,86.0,99.0,-13.0,24.24557451236291,26.411510208204156,26.20486665427659,0.0024254599057572726,0.0889766180075001,1089.0243902439024
656976,Pavin Smith,2021,544,1000,238,23.799999999999997,0.12165942302916964,0.008938793327605487,2.607576147707331,2.514186485910017,2.7790140533111254,106.85390492424648,107.1084937809019,7.575849369679972,7.096652089960575,36.68254102877602,2.2115957454365143,2.1182060836392003,1.872272172841742,0.12250557225720766,62.0,100.0,-38.0,28.954942680942374,31.319145054863686,30.96012282347148,0.0023642023739213133,0.07967799412658973,1102.9411764705883
605137,Josh Bell,2021,569,1181,280,23.708721422523286,0.11988591789437061,0.010321187805206938,2.5978602076282056,2.472469348627715,3.3254997373218926,106.7401801491564,107.08200722951631,9.065619894524668,8.276036440603,36.68254102877602,2.2448795573900417,2.119488698389551,3.3460267822192713,0.16660713741077995,60.0,101.0,-41.0,33.56805701042377,36.03169444065786,35.69695112401533,0.0020860604828400356,0.09176836308704621,1245.342706502636
624585,Jorge Soler,2021,599,1284,297,23.130841121495326,0.12922501307516338,0.012214003445037137,2.5791036096638993,2.42546146593672,3.8273274721453845,106.61203231268532,107.03087500846982,10.43364871899958,9.277371369710318,36.68254102877602,1.8750552259962923,1.7214130822691132,3.0216955196019923,0.2093624043694874,52.0,102.0,-50.0,38.379828883323526,40.954633986971324,40.25175901727649,0.0020052999249593403,0.10663227693735547,1286.143572621035
657077,Alex Verdugo,2021,600,1143,304,26.596675415573053,0.10251703952214011,0.008502965854119847,2.406434412672744,2.3351453087473457,2.837221715460847,106.36582211389204,106.56016280547465,7.73452884094141,7.226581676293019,36.68254102877602,2.2269065113561055,2.1556174074307073,3.008583249672732,0.12703244149544468,112.0,103.0,9.0,31.165180014730595,33.57161442740334,33.3920865260867,0.002105366940221123,0.08392090526236451,1143.0
573262,Mike Yastrzemski,2021,528,1026,241,23.489278752436647,0.12393843784769999,0.009626189395041203,2.368835210617562,2.289169829281674,3.1507628211541414,106.24048870411106,106.45766390272502,8.589270897788927,7.908883297068371,36.68254102877602,1.8548351364364077,1.7751697551005197,2.4708607028247376,0.1521525195374313,59.0,104.0,-45.0,29.869163521295697,31.953738506639155,31.501418441359736,0.0020317494983854334,0.08656148611592766,1165.9090909090908
621020,Dansby Swanson,2021,650,1289,310,24.04965089216447,0.12095508794837598,0.008634966001224384,2.3312389051703613,2.2745567441970986,2.70254196433429,106.20065208245197,106.35517289639667,7.367379381418128,6.924428487616333,36.68254102877602,1.7797576356360307,1.7230754746627681,1.4707152609456868,0.11663172068321613,69.0,105.0,-36.0,37.496077263996554,40.02158607793111,39.42414803593559,0.00195927759032937,0.0815470197687701,1189.8461538461538
596019,Francisco Lindor,2021,522,1091,285,26.12282309807516,0.12390442336224482,0.00913339771923352,2.139758667117724,2.0888412505889034,3.4004311755601897,105.69437446808902,105.83318005543609,9.2698899263622,8.430570401163559,36.68254102877602,1.2705010635146854,1.219583646985865,0.911834932323883,0.1728871570481499,103.0,106.0,-3.0,35.312760658239775,37.174350698632196,36.41809658349755,0.0017063153440810446,0.08956552306004037,1254.0229885057472
592325,Ben Gamel,2021,399,793,184,23.203026481715007,0.13742091746813387,0.012266350153504102,1.9697435209268714,1.9424253783549306,3.9434293350933616,105.29523125682917,105.36970304042374,10.750153136883007,9.497761079772278,36.68254102877602,1.212554586232977,1.185236443661036,0.9189527793458114,0.21942762124322773,53.0,107.0,-54.0,25.285448814136632,26.595328255553,26.091797613981562,0.001651802574295548,0.09312346228583183,1192.4812030075188
656775,Cedric Mullins,2021,672,1270,351,27.63779527559055,0.10296269519759288,0.00965508423620673,1.8432102079254566,1.8435259855428363,3.1866146023058204,105.02562236377426,105.02476152477968,8.687006169518208,7.984985565907256,36.68254102877602,1.4063993922179956,1.4067151698353753,1.9157078924246944,0.1550947456396194,126.0,108.0,18.0,36.1399060143551,38.20430144723161,37.71507333363925,0.001625508214863395,0.10014878944661242,1133.9285714285713
455117,Martín Maldonado,2021,425,881,206,23.382519863791146,0.1267870499418049,0.009494119347737213,1.7858396062880464,1.7961493590795887,3.4082558352400847,104.896469297671,104.86836395790337,9.29122067243499,8.446606322866677,36.68254102877602,1.4097405263211091,1.4200502791126515,2.703675711057235,0.17354548536984918,56.0,109.0,-53.0,26.118132288011807,27.383102009132507,27.116698494155926,0.001435833962679568,0.08133583179121234,1243.764705882353
669242,Tommy Edman,2021,691,1263,357,28.26603325415677,0.09112336573502958,0.00749499148652613,1.580447202724949,1.6082020920558198,2.545013775646371,104.38410766253692,104.30844526687818,6.937942967609324,6.564280692133169,36.68254102877602,1.4243722658936473,1.452127155224518,1.4758055151340204,0.1048149184821381,136.0,110.0,26.0,32.53104156740556,34.351189929210456,34.17144362695974,0.0014411309277948532,0.08247365831250053,1096.671490593343
666158,Gavin Lux,2021,379,709,153,21.57968970380818,0.13608632956471972,0.014299503299413987,1.4730229384719635,1.550120717465724,3.8014786460832397,104.2257724628447,104.01559678572004,10.363182428123308,9.227727246208207,36.68254102877602,1.231521426974851,1.3086192059686115,1.299308584356401,0.20712776181287565,35.0,111.0,-76.0,20.821208423402116,21.75166791287024,21.599119458107896,0.0013123547101101885,0.09018148807476083,1122.4274406332454
553993,Eugenio Suárez,2021,573,1249,293,23.45876701361089,0.1389010117995211,0.010769046157780479,1.4429637020234376,1.5226101032021075,3.695401069378882,104.15077598361488,103.93365252666517,10.07400514179207,9.021797641904314,36.68254102877602,0.7936864102919846,0.8733328114706546,0.729851666559691,0.19798622607468325,58.0,112.0,-54.0,40.697996457259684,42.07602679269206,41.45596697908853,0.001103306913877008,0.09985819980659746,1307.8534031413612
660271,Shohei Ohtani,2021,621,1436,393,27.36768802228412,0.1145359360980004,0.010836791348315554,1.0852300598675213,1.272868097766326,4.2584732810887465,103.46995617552179,102.95843752758621,11.60899207540759,10.074525857233752,36.68254102877602,0.3744716783908705,0.5621097162896752,1.4838371434039284,0.24688689953800713,119.0,113.0,6.0,45.01262288651416,46.13583599847704,45.40020107364871,0.0007821818328432343,0.11631000021745466,1387.4396135265702
543939,Kolten Wong,2021,488,882,251,28.458049886621318,0.0985860133542859,0.009531961437467935,0.8317342806883734,0.9928806140265355,3.2339422172600565,102.70668439584831,102.26738458504254,8.816025625714301,8.08483886475435,36.68254102877602,0.4985398328314765,0.6596861661696386,0.44060212371623286,0.1589979596427006,141.0,114.0,27.0,24.745089351925763,25.42156656688564,25.15056841596203,0.0007669809693422642,0.08856589890742397,1084.4262295081967
665120,Jared Walsh,2021,575,1153,363,31.48308759757155,0.09589806888320898,0.008267127054216153,0.811735076170197,0.9856814205037369,3.3458259273358935,102.68705872837573,102.2128649035884,9.121030968686776,8.318129172701404,36.68254102877602,0.2208032838135696,0.39474962814710945,-0.43559409163233787,0.16830620771466753,198.0,115.0,83.0,34.81099900460486,35.588911785934634,35.022602151592864,0.0006746858467734365,0.09442897659752543,1203.1304347826085
571771,Enrique Hernández,2021,585,1182,296,25.042301184433164,0.1274110208055371,0.010134863927383542,0.7032959303447269,0.8875647343830113,3.262498822641763,102.41958356616232,101.91724976138654,8.893873573486799,8.144752629823946,36.68254102877602,0.1870646389373175,0.3713334429756019,0.9104260495751922,0.16136324212191683,84.0,116.0,-32.0,37.71366215843898,38.39937569052508,37.89605018140286,0.0005801298917818179,0.09252226181081769,1212.3076923076924
542340,Jonathan Villar,2021,502,1025,287,28.000000000000004,0.11091208775383987,0.00837318994032235,0.7021086078782505,0.8866104034813196,3.2629353863919275,102.41698197184816,101.91401301051494,8.895063686652138,8.145666606333002,36.68254102877602,0.061827974043526,0.24632976964659514,-0.3967463832491236,0.16139945942510683,131.0,117.0,14.0,31.831769185352044,32.41920005394351,31.883498590301794,0.000573103286430702,0.0852705389447748,1225.0996015936255
641933,Tyler O'Neill,2021,535,1058,295,27.882797731569,0.10988643810775657,0.01317311710427069,0.3081889544902502,0.721472888788375,4.510450305379001,101.96680183148274,100.84015159759105,12.295904751638465,10.513681778101104,36.68254102877602,-0.025856340025491222,0.3874275942726336,0.7822164070934661,0.268879981666175,129.0,118.0,11.0,32.41649924178819,32.691301059542,32.39344400526546,0.0002597370678202329,0.12364586583109113,1186.5420560747664
668227,Randy Arozarena,2021,600,1307,328,25.095638867635806,0.12928490820976643,0.010488761231641367,0.4121399230294002,0.6890850896404723,3.6401787851023717,101.87850969511602,101.12353155335148,9.923464086762129,8.913192436747895,36.68254102877602,-0.01450373575623587,0.26244143085483623,1.3213456791958436,0.19324816564875014,87.0,119.0,-32.0,42.40544989280339,42.81758981583279,42.39094615704715,0.0003153327643683246,0.10068967069100651,1307.0
553869,Elías Díaz,2021,371,647,181,27.97527047913447,0.10830114415178517,0.012559074375361298,0.3268460030558953,0.6654532124484591,3.9845583675449445,101.81408701192875,100.89101243776841,10.862274683804522,9.574818761083593,36.68254102877602,0.013015373616057875,0.3516225830086217,0.8675058720708994,0.22300260598412555,130.0,120.0,10.0,19.602507091473115,19.804606870029343,19.61055493082571,0.00031236441817036875,0.09686139329714862,1046.3611859838275
646240,Rafael Devers,2021,658,1322,432,32.677760968229954,0.0936413891944175,0.009045474547019025,0.34738379808919795,0.6460604371797118,3.711866892106842,101.76122051270359,100.94700036678672,10.118892497646296,9.053995107512144,36.68254102877602,-0.17145458573374925,0.12722205335676462,0.28578399054868553,0.1994019150669928,213.0,121.0,92.0,40.45308013198836,40.83404436389285,40.26505160296701,0.0002881726413800962,0.11195701470609672,1205.4711246200607
608596,Tom Murphy,2021,325,691,164,23.733719247467437,0.13919380835119866,0.01009920954082437,0.30847599813446824,0.6375928451064845,3.8827453550633053,101.73813707345496,100.84093410511687,10.584722994018989,9.383096416601143,36.68254102877602,-0.3066719141127189,0.022444932859297384,0.06631245726186946,0.21416138754131073,61.0,122.0,-61.0,22.827784569596577,22.994875735252748,22.661670616118855,0.00024181065941558655,0.08000773867063299,1275.6923076923076
641857,Ryan McMahon,2021,594,1176,287,24.404761904761905,0.13099524945421703,0.008987276977040446,0.4170613731290876,0.6146974082521617,2.9807025929425253,101.67572199474937,101.1369478815601,8.12567098501786,7.542519577606015,36.68254102877602,-0.11366923612219225,0.08396679900088189,0.3445266344585829,0.13838267015633413,77.0,123.0,-46.0,37.59563659336029,38.00852735275809,37.48310404959932,0.00035109758452193593,0.0860498621836064,1187.878787878788
543807,George Springer,2021,343,691,167,24.167872648335745,0.13062293760297916,0.013646525266676706,0.15426935762860913,0.5790885987953486,4.308173693543947,101.57864908633532,100.42055253889743,11.744479997076409,10.162693961357123,36.68254102877602,-0.21057817777832752,0.21424106338841192,0.6781798775466558,0.25122711375631673,72.0,124.0,-52.0,21.81403057969752,21.902221229141873,21.693650054734242,0.00012762756793683775,0.0936908222647117,1208.7463556851312
628338,Guillermo Heredia,2021,343,684,173,25.292397660818715,0.11716055608581348,0.01221819905700254,0.15383827553072774,0.5386997166535503,4.0366841256364125,101.4685452576226,100.41937736922327,11.004374322023633,9.67171762617503,36.68254102877602,-0.2724660671489418,0.11239537397388077,-0.03644097696900052,0.22753909736026023,91.0,125.0,-34.0,20.268776202845732,20.356720417024132,20.11301643445892,0.00012857341254151952,0.08823473497852165,1196.5014577259476
592178,Kris Bryant,2021,579,1173,317,27.024722932651322,0.11673795910900839,0.008373120327215426,0.24118580204595033,0.5011762931057633,3.2711676461804076,101.36625293409367,100.65749480619881,8.917505588324168,8.162890326791075,36.68254102877602,-0.3030111228708712,-0.043020631811058196,0.3626679968547893,0.16208272779450042,116.0,126.0,-10.0,37.00593303755566,37.238677336529996,36.713527303985266,0.00019841798719040244,0.09216820072285861,1215.5440414507773
620443,Luis Torrens,2021,378,739,193,26.116373477672532,0.12500681375402925,0.011206835130275233,0.15675215363207082,0.4985337134814093,3.746897986516578,101.35904901759758,100.42732087046288,10.21439050140306,9.122211453344969,36.68254102877602,-0.06041634900895366,0.2813652108403848,-0.2413080526361327,0.20241797880559975,102.0,127.0,-25.0,24.126315054527645,24.225068911315848,24.088252754652004,0.0001336317412560279,0.08683407840571068,1173.015873015873
608369,Corey Seager,2021,407,715,194,27.132867132867133,0.10953236830990848,0.011550441403128359,0.14354487290788745,0.4679914249264133,3.609935456870117,101.2757879138179,100.3913166015279,9.84101797647623,8.853306524836936,36.68254102877602,-0.13715069928833368,0.18729585273019222,0.24501392226598784,0.19066009971640852,117.0,128.0,-11.0,21.249279452122245,21.34665072424476,21.156245561104992,0.0001361835973741496,0.09157766692245911,1054.0540540540542
516416,Jean Segura,2021,566,1050,315,30.0,0.09875897406578625,0.008412847613395918,0.12304549687110214,0.36156525355468216,2.9821323806362097,100.98566032617819,100.33543340624789,8.129568718527004,7.545636604390465,36.68254102877602,-0.39990838503420134,-0.1613886283506213,0.25791672345886774,0.1384970700232189,169.0,129.0,40.0,31.10907683072267,31.225149749437744,30.731829920840408,0.0001105456368714981,0.08681553575374297,1113.0742049469966
640457,Austin Meadows,2021,588,1242,310,24.9597423510467,0.13113034098622753,0.009477076907787584,-0.0513408210874398,0.2701397937723683,3.360140566854973,100.73642606590545,99.86004017266099,9.160054000127946,8.34769545701865,36.68254102877602,-0.6071646975705899,-0.28568408271078183,-0.2845892579295047,0.16950480246285812,82.0,130.0,-48.0,40.650405705730535,40.60009170106484,40.05538430211136,-4.051047074532287e-05,0.09343782565888818,1267.3469387755101
663586,Austin Riley,2021,657,1372,432,31.486880466472307,0.10073014479142775,0.009645102797265163,-0.23412597890310546,0.2183646464632318,3.9224898220854727,100.59528222511067,99.36175092472617,10.69307008750684,9.45832575428512,36.68254102877602,-0.8969845267395895,-0.4444939013732522,-1.059950751685965,0.2176092484148406,199.0,131.0,68.0,43.51542254989679,43.25905460299789,42.53322449311694,-0.00018685710415371754,0.11595751209607212,1252.9680365296804
457708,Justin Upton,2021,360,758,186,24.538258575197887,0.12950125692796444,0.01195942324607353,-0.32599049947853814,0.19859711896301063,4.198010203434471,100.54139411663772,99.11131974411802,11.444164132853546,9.9662326626363,36.68254102877602,-0.6131510650936415,-0.0885634466520927,1.6094370499389872,0.24160774792873718,78.0,132.0,-54.0,24.087233788601385,23.89163948891426,23.7193431495452,-0.00025803997320200905,0.09148715814933044,1263.3333333333335
642715,Willy Adames,2021,555,1158,319,27.54749568221071,0.11568271667799962,0.009558936560754478,-0.3600805948770878,0.0569329820424625,3.591602824222071,100.15520457538042,99.01838699070869,9.791041524098887,8.816865372895633,36.68254102877602,-0.8466874445377618,-0.42967386761821147,0.13253450686424975,0.18909377541718353,125.0,133.0,-8.0,36.90278662028188,36.56971207002057,36.11960073408445,-0.00028762914530337325,0.09762830683843694,1251.8918918918919
669221,Sean Murphy,2021,447,836,248,29.665071770334926,0.10437865458344547,0.012086953117164363,-0.6968529530149076,-0.05587327159881539,4.3186939376764375,99.84768429331277,98.10031439079356,11.773159155710044,10.181258827634087,36.68254102877602,-0.8810584632327658,-0.24007878181667364,-0.7278161848080172,0.25214581854200263,159.0,134.0,25.0,25.88590633669448,25.366750886698373,25.22951778158607,-0.0006209993421006054,0.11127703904838177,1122.1476510067114
514917,César Hernández,2021,630,1213,314,25.88623248145095,0.12127843047209093,0.007535444104272923,-0.5638136794101746,-0.2948300331590991,2.6368372018895525,99.19626605766537,98.46299175684726,7.188262121266508,6.775084720223701,36.68254102877602,-1.009977384982641,-0.7409937387315655,-0.9783386414876883,0.1116550253775473,97.0,135.0,-38.0,38.08142716823655,37.48942280485587,37.02095091400478,-0.0004880497637103737,0.07949543972293377,1155.2380952380952
662139,Daulton Varsho,2021,314,600,185,30.833333333333336,0.09885768170919408,0.011316375045351395,-1.0092705045078063,-0.3136257860733761,4.221971542999726,99.1450270966034,97.24863524662571,11.509484960945738,10.009284686788652,36.68254102877602,-1.17904871600004,-0.4834039975656098,0.39408698393358443,0.24369964554608722,183.0,136.0,47.0,18.288671116200906,17.76048621884182,17.671635621494218,-0.0008803081622651421,0.09020239612540813,1146.4968152866243
657656,Ramón Laureano,2021,377,748,227,30.3475935828877,0.10500081204670657,0.013172731531350205,-1.3436658109320063,-0.37407921671324695,4.916067177444526,98.98022545270297,96.33704270956052,13.401653864676558,11.18014981913638,36.68254102877602,-1.6201863972419328,-0.6505998030231734,-1.9381693051835773,0.3040493369654983,174.0,137.0,37.0,23.835184334602392,22.99091431673345,22.817167215002044,-0.0011287032324451124,0.11294242537351445,1190.4509283819627
664058,David Fletcher,2021,662,1015,296,29.16256157635468,0.09345727496846362,0.008954168508050607,-0.6508512878338267,-0.3836390144360897,2.575249731448846,98.95416455982387,98.22571918525693,7.020368979969689,6.6339626038176,36.68254102877602,-0.9813351771637044,-0.7141229037659674,-1.3987280419144539,0.10705201643648643,150.0,138.0,12.0,27.663353390665232,26.94524746975524,26.580613578527945,-0.0007074935181379201,0.08918525707210744,919.9395770392749
621028,Kevin Newman,2021,554,952,250,26.260504201680675,0.10122600404853929,0.009680895763143701,-0.7719226503678978,-0.43985418129401577,2.8352814722017037,98.8009168150348,97.89566745182033,7.729239558343398,7.222266977218249,36.68254102877602,-0.8664760080834442,-0.5344075390095622,0.3795940208571161,0.1268807949338576,106.0,139.0,-33.0,25.306501012134824,24.59375909829513,24.506454831337777,-0.0007486784809240464,0.08484694701751518,1031.0469314079423
592626,Joc Pederson,2021,480,990,324,32.72727272727273,0.09394778375673593,0.010197984628867217,-1.2735004604685296,-0.5258066966286984,4.1766324579168455,98.56660230757672,96.5283199452581,11.385886421119082,9.927672010889973,36.68254102877602,-1.6144369926653468,-0.8667432288255156,-0.9192409343864938,0.2397417411707017,214.0,140.0,74.0,30.439081937182443,29.42028156880762,29.147532343050166,-0.0010290912811866907,0.10619367460406876,1237.5
594838,Philip Gosselin,2021,372,740,231,31.216216216216214,0.09455062872403124,0.010261126618258386,-1.297728321323072,-0.5809640245384298,4.042583223396473,98.41623832961112,96.46227255547795,11.020455808187402,9.682630126908634,36.68254102877602,-1.558191222721481,-0.8414269259368388,-0.49540046500534424,0.22805284712970814,192.0,141.0,51.0,21.841195235251217,21.036603676030914,20.8751166771639,-0.0010872858908382494,0.09213715520303838,1193.5483870967741
592696,Eddie Rosario,2021,413,825,290,35.15151515151515,0.08652498976990261,0.01137515871401878,-1.5829843822716323,-0.5816445144119271,4.777499446211574,98.41438325127027,95.68463814698703,13.023905411742911,10.958000906357016,36.68254102877602,-1.9368660966067894,-0.9355262287470842,-1.391807739060294,0.2920864955358789,229.0,142.0,87.0,25.092247033271757,24.002626116808116,23.759037536774084,-0.0013207526260165337,0.11449129624483405,1198.547215496368
572816,Corey Dickerson,2021,364,765,272,35.55555555555556,0.09956336885237452,0.011973819943658095,-2.0571834293362645,-0.733093215750807,5.329957494889781,98.00152008233093,94.39192768101184,14.529957155118117,11.810460691716406,36.68254102877602,-2.489246123320424,-1.1651559097349666,-1.8449723987046014,0.33929893075510775,231.0,143.0,88.0,27.08123632784587,25.833211714048534,25.571093679698144,-0.0016314047239180832,0.11690771208484224,1260.9890109890111
571980,Tyler Naquin,2021,452,958,367,38.30897703549061,0.08850442148559759,0.010806044043315772,-2.108416168170266,-0.7432749986477472,5.401295289154751,97.97376360033326,94.25226249589336,14.724430581070287,11.91419169519426,36.68254102877602,-2.5244143088439084,-1.1592731393213898,-2.010928491910645,0.3452852138510365,243.0,144.0,99.0,32.48112268521432,30.892782505192717,30.579397239218572,-0.0016579751357219208,0.13146264039348626,1271.6814159292037
605170,Víctor Caratini,2021,353,668,175,26.19760479041916,0.11691616384809149,0.011693625667534832,-1.5190970122690737,-0.7820121117130285,3.9395114925134203,97.86816264691268,95.85880102723145,10.739472735607457,9.490393084524031,36.68254102877602,-1.890125111031053,-1.153040210475008,-1.9479028152565538,0.21908730639338256,105.0,145.0,-40.0,20.46032867341601,19.566593264531043,19.348305066426075,-0.001337927258809838,0.08967628231358062,1135.4107648725212
670541,Yordan Álvarez,2021,595,1264,335,26.503164556962027,0.12512279933748913,0.01110837643898882,-1.56045077413357,-0.7839807565004537,4.0418790083193405,97.86279593912141,95.74606684714274,11.018536052746848,9.68132800051879,36.68254102877602,-1.8775599952699704,-1.1010899776368541,-1.2765694917638752,0.22799151386397837,111.0,146.0,-35.0,41.91613777805886,40.3686907603764,40.05422411608281,-0.001224246058293083,0.1127393398214102,1274.6218487394958
643396,Isiah Kiner-Falefa,2021,673,1196,372,31.103678929765888,0.08937825348698261,0.008206359060242807,-1.2686148745922257,-0.8589942438803158,2.8946979995880224,97.65830223373439,96.54163850427634,7.89121450806051,7.353885862225131,36.68254102877602,-1.5445199948749795,-1.1348993641630696,-1.4006418436874504,0.1315474954911448,189.0,147.0,42.0,33.24871029715753,31.825747279489914,31.516273702906094,-0.0011897684094210811,0.09388614021795319,1066.2704309063893
543281,Josh Harrison,2021,556,914,332,36.32385120350109,0.07639394348199155,0.008916019522003034,-1.4464540279317275,-0.9123177686217911,3.2733936406165483,97.51293737283326,96.05683252205174,8.923573855062816,8.167543985357884,36.68254102877602,-1.6977659874925524,-1.163629728182616,-1.195034741078274,0.162267586992931,237.0,148.0,89.0,25.362789236021193,24.022408503471127,23.789526087611428,-0.0014664997073851943,0.1003341273294143,986.3309352517986
605548,Bradley Zimmer,2021,341,675,155,22.962962962962962,0.1536396887135962,0.012071045055223323,-1.7651683483350382,-0.974993773626238,3.9368919518382604,97.34207678562564,95.18798780337946,10.732331625417995,9.48546402172321,36.68254102877602,-2.5277013439187312,-1.737526769209931,-3.1043696412021293,0.21885978901917505,50.0,149.0,-99.0,23.81415175060741,22.810947739303664,22.377574820146933,-0.0014862281648944395,0.08612014213378036,1187.683284457478
592743,Andrelton Simmons,2021,450,827,238,28.778718258766627,0.10985855223797676,0.010614191419506369,-1.6262575176833478,-0.9804804504176731,3.5555864082449435,97.32711959717152,95.56667157706546,9.69285744260662,8.744965136666654,36.68254102877602,-2.079746272981737,-1.4339692057160622,-1.723654430676556,0.1860222867820468,143.0,150.0,-7.0,26.14633543263847,24.92664229437596,24.586525727902167,-0.0014748405541263733,0.09272989029594278,1102.6666666666667
641355,Cody Bellinger,2021,349,744,232,31.182795698924732,0.10744342297512648,0.01216071269411989,-2.42044052753407,-1.05651723283117,5.099163926029693,97.11983629486743,93.40165522983992,13.900792537871347,11.465053499718387,36.68254102877602,-2.7060806678370244,-1.3421573731341245,-1.8079389138424946,0.31974295572246375,191.0,151.0,40.0,24.926874130229344,23.518984556713693,23.352837208437474,-0.0018923246955855517,0.10873933745493786,1279.0830945558741
516770,Starlin Castro,2021,346,635,174,27.401574803149607,0.11209567007380346,0.010497207919277008,-1.8884203426666362,-1.2085858677854944,3.509247657621973,96.70528312954818,94.85199146595312,9.566533722048058,8.65185871534443,36.68254102877602,-2.2924901860047284,-1.6126557111235866,-2.175970121822657,0.18208226689059537,123.0,152.0,-29.0,19.5046465928418,18.41565752857071,18.182643918912408,-0.0017149434083009348,0.08030674149767753,1101.1560693641618
664040,Brandon Lowe,2021,613,1238,375,30.290791599353796,0.10388259439591951,0.009419624267665731,-2.005244275956965,-1.253587505115168,3.6630736753013653,96.58260450351088,94.53351861752454,9.98587767523473,8.958336072866055,36.68254102877602,-2.1710501609639663,-1.4193933901221691,-1.3570042684361714,0.19521065382533512,173.0,153.0,20.0,38.95597289846982,36.90728166320045,36.73788331735163,-0.0016548394469057884,0.10636397407491813,1211.7455138662317
614177,Franmil Reyes,2021,462,1051,271,25.784966698382494,0.13457501676286407,0.011667522459065553,-2.5560645857416375,-1.4174442455226057,4.393762072926907,96.13591587232008,93.03193150186486,11.977801836247309,10.312739365272432,36.68254102877602,-3.288228113479452,-2.1496077732604206,-3.291229885810737,0.258700279469525,96.0,154.0,-58.0,36.469829542736164,34.5016598117151,33.937893895356986,-0.0018726638734738925,0.10435803736834443,1364.935064935065
520471,Freddy Galvis,2021,393,775,253,32.645161290322584,0.10597114588454216,0.011205345584151559,-2.6753786975855562,-1.4749595100342314,4.472176865454547,95.97912394106727,92.70667019635628,12.191567814089812,10.448232281925087,36.68254102877602,-3.0438130125209417,-1.843393824969617,-3.871315693852067,0.26554275228957175,212.0,155.0,57.0,26.810699908789168,25.05832686187063,24.81700238558795,-0.002261126512152954,0.10522269463946265,1183.206106870229
519317,Giancarlo Stanton,2021,574,1294,365,28.207109737248842,0.12203000143493146,0.011638334838445867,-2.8980663478353965,-1.5778472280066798,4.619007157304055,95.69864250470293,92.09960306304305,12.591840771555669,10.696894909066698,36.68254102877602,-3.3977963882574853,-2.0775772684287688,-1.9760203958216422,0.27833272546277626,135.0,156.0,-21.0,44.540950523749984,41.768467050987454,41.290391978983656,-0.002142568371532094,0.12284065940261371,1352.6132404181185
572233,Christian Walker,2021,444,912,257,28.17982456140351,0.12478236342070631,0.009568678312016262,-2.4423719581528345,-1.57989881274773,3.73222924522249,95.69304969492609,93.34186812130356,10.174402155768604,9.093693890707042,36.68254102877602,-3.057997026905942,-2.1955238815008378,-3.485662883237527,0.20115437193382152,134.0,157.0,-23.0,32.06906739912152,30.261712150088425,29.806149599211125,-0.001981749176571379,0.09145398038671025,1232.4324324324323
663616,Trevor Larnach,2021,300,618,155,25.080906148867317,0.1387668951170118,0.011668326015252735,-2.8497160273427307,-1.6161113019400453,4.4401719213420385,95.59433109971235,92.23141050913775,12.104319375963888,10.393158537769631,36.68254102877602,-3.452280078377718,-2.2186753529750325,-3.1927344187759346,0.26275072207134764,85.0,158.0,-73.0,21.508868743136826,20.08401072946546,19.782728703947967,-0.0023055954913776136,0.08930495437001262,1236.0
543228,Yan Gomes,2021,369,657,216,32.87671232876712,0.09328313453636287,0.01276325630876317,-3.1079656585614104,-1.7322800441481585,4.612147483749463,95.27764436277941,91.52739812620032,12.57314066692221,10.685423446374145,36.68254102877602,-3.438928155951098,-2.0632425415378464,-2.811959907045637,0.27773607167446357,215.0,159.0,56.0,20.14915705985438,18.237758179839116,18.034216243944456,-0.0029092829223976674,0.11066126166983573,1068.2926829268292
598265,Jackie Bradley,2021,426,817,230,28.151774785801713,0.1121359304374492,0.011693948101666147,-2.9612702970729066,-1.8634628203202113,4.046566804763709,94.92002798045425,91.92730325102096,11.03131541947799,9.689993032336487,36.68254102877602,-3.121739661100765,-2.0239321843480695,-3.0468068242277084,0.22839981276817845,133.0,160.0,-27.0,25.791264000613314,23.68876208969155,23.57482884123177,-0.0025734417514342274,0.10051573090754297,1150.7042253521126
553882,Omar Narváez,2021,443,832,262,31.490384615384613,0.10882332887302694,0.010391477911075283,-2.897225798474384,-1.8992329257619267,3.8397505887336125,94.82251536426539,92.10189447835246,10.46751528396432,9.301155892330721,36.68254102877602,-3.32394764762436,-2.3259547749119025,-3.34076299147401,0.21043727089329947,200.0,161.0,39.0,28.51171216473306,26.372593783526135,26.057530818237073,-0.0025710557466429333,0.09828649056528416,1126.86230248307
444482,David Peralta,2021,534,1046,287,27.437858508604208,0.11152414123520664,0.008300891924341728,-2.5691312913101587,-1.9118109384648476,3.1109973601857543,94.78822653816401,92.99631045380751,8.480866572861727,7.824009995472988,36.68254102877602,-3.0389063538993146,-2.3815860010540035,-3.094451926796593,0.14890442614662536,124.0,162.0,-38.0,32.00742853450431,29.720901685238267,29.302801879533916,-0.0021859721312294847,0.08560986396859784,1175.2808988764045
669256,Nick Solak,2021,510,1077,329,30.547818012999073,0.1027193385126044,0.00881234688823206,-2.831818701286736,-1.9311175021573996,3.632356498788054,94.73559505967017,92.28020027547905,9.902139810703442,8.897730828363095,36.68254102877602,-3.2320050964294214,-2.331303897300085,-3.3930804326354416,0.19257829659375036,178.0,163.0,15.0,33.79466237064685,31.387616474553123,31.04745803868184,-0.0022349544067722616,0.09408048334953542,1267.0588235294117
592348,Niko Goodrum,2021,325,666,189,28.37837837837838,0.13268521928418986,0.012604909565802328,-3.6376164538163067,-1.9805348203138553,4.8949346770838025,94.60087887924611,90.08352106534076,13.344044713925127,11.146637044344994,36.68254102877602,-4.379511444492262,-2.7224298109898104,-4.950462590624825,0.30222927812449246,139.0,164.0,-25.0,25.077506444711883,23.107130865561384,22.70527107894524,-0.0029585218906163654,0.10274055241959736,1229.5384615384617
543068,C. J. Cron,2021,544,1165,367,31.502145922746784,0.10693116407918375,0.00893493015451996,-2.972099466351146,-1.9961534640177505,3.7488939099487912,94.55830101177602,91.89778193386425,10.219831573303306,9.12608650281248,36.68254102877602,-3.2430885401288125,-2.267142537795417,-3.163471921623443,0.2025899867193401,201.0,165.0,36.0,39.243737217060435,36.549033700902065,36.30333694067698,-0.002313050228462122,0.09958360342075609,1284.9264705882354
600474,Pedro Severino,2021,418,857,243,28.354725787631274,0.12134677356822167,0.009745309923341288,-3.019225063456343,-2.0131218392287895,3.797995514180428,94.51204365136654,91.76931319701141,10.353687088364595,9.221021626152769,36.68254102877602,-3.704886986684447,-2.6987837624568938,-4.428504983544843,0.20682683930287066,138.0,166.0,-28.0,29.487265977077865,27.38387251620328,26.9061947096877,-0.0024543680990368557,0.09038348189309023,1230.1435406698565
543063,Brandon Crawford,2021,544,1110,312,28.10810810810811,0.12018669035198921,0.008554991130262547,-2.7873711859017405,-2.0525212779983697,3.2294336114857938,94.40463713681055,92.40136831383857,8.803734749325105,8.075356366080877,36.68254102877602,-3.2453296959556788,-2.510479788052308,-2.8358321163763205,0.1586252091657604,132.0,167.0,-35.0,37.498247389820634,34.97103084793639,34.55581513215415,-0.0022767716593551754,0.08788454749722686,1224.264705882353
594807,Adam Duvall,2021,557,1106,377,34.0867992766727,0.09623241270675824,0.01094907987620047,-3.688537119090871,-2.1772471890890417,4.558912194228394,94.06462276596085,89.94470662161228,12.428016343393727,10.595913660008916,36.68254102877602,-4.172497199400918,-2.6612072693990885,-4.320951030052341,0.2731024748151277,223.0,168.0,55.0,36.27961959044786,32.8554276315585,32.406151357004006,-0.003096014429375551,0.12725873708031657,1191.3824057450627
623993,Anthony Santander,2021,438,947,313,33.051742344244985,0.10509247981765318,0.011394089218679303,-4.01560049187253,-2.240783217121554,4.901862016051851,93.8914176764261,89.05310161386463,13.362929280734754,11.157637165957963,36.68254102877602,-4.59386995948891,-2.819052684737934,-4.126948870945323,0.30282608579499304,217.0,169.0,48.0,32.89394618292545,29.962557823858496,29.540421112498542,-0.003095447052869004,0.11628105211413385,1297.2602739726028
543877,Christian Vázquez,2021,499,989,296,29.92922143579373,0.12053778277974535,0.010442349553885776,-3.4248000407866974,-2.308490370526631,3.855741157923706,93.70684171329431,90.66367829289668,10.511107054713106,9.331699001084274,36.68254102877602,-4.02823304789014,-2.9119233776300737,-4.260943950837363,0.21182160670657646,166.0,170.0,-4.0,35.67918370280462,32.83089166888368,32.32903655130932,-0.0028799717228725347,0.10196685414459852,1189.1783567134269
592669,Hunter Renfroe,2021,572,1160,369,31.810344827586206,0.10445208288745268,0.009859760725993542,-3.4893654844680904,-2.3213605549361036,3.9379127001678373,93.67175640009484,90.48766692108155,10.735114279784213,9.487384970526586,36.68254102877602,-4.100271780678725,-2.9322668511467387,-2.4193414043479127,0.21894844277810188,202.0,171.0,31.0,38.54281858547004,35.21629015694379,34.633892821222986,-0.0028676969211433156,0.11022544677059612,1216.7832167832169
500743,Miguel Rojas,2021,538,1027,271,26.387536514118793,0.12297564312227689,0.007340829640641143,-2.989501605835319,-2.39467789510147,2.7858010522629413,93.47188654890908,91.85034209192277,7.59435135662382,7.111853711391283,36.68254102877602,-3.373939176765446,-2.779115466031597,-3.7958735436318713,0.12303096870955856,108.0,172.0,-64.0,33.32639928613704,30.64581284623804,30.30110049097069,-0.0026101133786747836,0.07794637123565142,1145.3531598513011
542583,Jesús Aguilar,2021,508,1067,291,27.27272727272727,0.11608376505273921,0.011792939126055566,-3.8291927558049133,-2.4933493716120174,4.127035367654446,93.20289897677459,89.56126634520476,11.2506801653052,9.837662050433657,36.68254102877602,-4.201174827977349,-2.865331443784453,-2.927704556088831,0.23541417672727077,118.0,173.0,-55.0,33.78037563034711,30.538325763765616,30.22338094265962,-0.0030384722273491035,0.10697158797406114,1260.236220472441
657557,Paul DeJong,2021,398,807,221,27.385377942998762,0.13866143249724822,0.00983056677744695,-3.7992732670885117,-2.6528851340684305,3.7547824404858625,92.76798973117117,89.6428296390151,10.23588425223973,9.137511673577094,36.68254102877602,-4.432766729581588,-3.286378596561507,-5.599228089569547,0.2030975589543137,120.0,174.0,-54.0,30.644176581891855,28.123991981389807,27.703774651269402,-0.0031229053289988182,0.08767581922218136,1216.5829145728642
624413,Pete Alonso,2021,632,1217,379,31.14215283483977,0.10150880813631885,0.008993580702763711,-3.6462810154394814,-2.696114392742553,3.402059421221906,92.65014277329492,90.0599006688792,9.274328674649674,8.433908919228335,36.68254102877602,-4.024603965126788,-3.0744373424298597,-2.9023588448897413,0.1730241112879997,190.0,175.0,15.0,38.471838283664844,34.63108894740192,34.232588773731294,-0.0031559156419580284,0.1027217556902564,1155.379746835443
575929,Willson Contreras,2021,481,1044,286,27.39463601532567,0.13291627642094297,0.01067667959276615,-4.209078371781629,-2.7257434688873863,4.236912461510624,92.56937117101799,88.52566301642034,11.550215286849761,10.036039215758374,36.68254102877602,-4.823589094428658,-3.340254191534415,-4.053824575005889,0.24500419095754614,121.0,176.0,-55.0,38.014055056389694,34.639777228344755,34.14714446568939,-0.003232066885100517,0.10512186756345039,1302.2869022869022
642133,Rowdy Tellez,2021,321,697,227,32.568149210903876,0.10886237491346266,0.012542650252625336,-5.505392196694921,-2.7478240232499203,5.7629730606914,92.50917753736209,84.99179161995306,15.710397641675291,12.418701588120603,36.68254102877602,-5.822517657594338,-3.0649494841493365,-6.67755919613594,0.3751467573627765,210.0,177.0,33.0,24.711759105356023,21.766374280124243,21.596712158543053,-0.004225803192585054,0.11678417105615198,1302.803738317757
665862,Jazz Chisholm,2021,505,1054,327,31.024667931688803,0.11614195299131368,0.01157876538302545,-4.6726315947497,-2.9230672529053288,4.505236191035648,92.03144828322472,87.26197405167706,12.281690593629994,10.504791678694144,36.68254102877602,-5.266887446523602,-3.5173231046792304,-5.734826862477457,0.2684254578945166,188.0,178.0,10.0,37.978418628159574,34.04562036924524,33.54545502733554,-0.0037313076460287766,0.11679853258369317,1252.2772277227723
516782,Starling Marte,2021,525,1011,309,30.56379821958457,0.1061682262421857,0.00879588916287897,-4.023794819385166,-3.0385676545388987,3.340593570098682,91.71658350451987,89.03076311908531,9.106767078862168,8.307306000202328,36.68254102877602,-4.326621305396027,-3.34139414054976,-2.7300351318464697,0.1678685078461818,179.0,179.0,0.0,32.805981908835385,29.285161441873367,29.02018826661386,-0.0034825128258773688,0.09192975783548024,1155.4285714285713
663647,Ke'Bryan Hayes,2021,395,792,206,26.01010101010101,0.13475400519498412,0.01046976133344872,-4.297946086877223,-3.0788332863072303,3.700789826124569,91.60681566772595,88.28340140475642,10.088695391143824,9.032344273808441,36.68254102877602,-4.731910890984099,-3.512798090414106,-4.477230230760613,0.19844939504303874,99.0,180.0,-81.0,27.75932507016673,24.929843896305893,24.644150400268867,-0.0035725772397232815,0.08657204488735241,1203.0379746835442
596059,Rougned Odor,2021,352,675,196,29.037037037037038,0.11798182039855429,0.012558140607340984,-5.138807857087878,-3.2908095609925105,4.461397519692967,91.02894873500993,85.99113443897825,12.162182320448233,10.429718308718728,36.68254102877602,-5.442403641628305,-3.5944053455329374,-5.501689020153139,0.26460251751319724,145.0,181.0,-36.0,23.12443679811664,20.109669521958423,19.931559995028035,-0.004466321890604772,0.10074197208363836,1150.568181818182
571466,Tucker Barnhart,2021,385,774,224,28.940568475452196,0.1090765173129603,0.009652154695592215,-4.752281399519726,-3.4543634941785717,3.6807529797111034,90.58308558431446,87.04484131622249,10.03407309440122,8.993082877601223,36.68254102877602,-4.915307812658853,-3.6173899073176994,-3.1428506525763935,0.19672792242589054,144.0,182.0,-38.0,24.433139878103106,21.383759313411282,21.279150698313675,-0.003939768171436465,0.0848937408291339,1206.2337662337663
642086,Dominic Smith,2021,493,968,330,34.090909090909086,0.09583329945397205,0.009022199098015793,-5.01791692703194,-3.5405774500767393,3.895373365049213,90.34805836569693,86.32069429678937,10.619148117338556,9.40705281922078,36.68254102877602,-5.037037116067278,-3.559697639112078,-3.6918291880386183,0.2152563535734831,224.0,183.0,41.0,31.624988819810778,27.501933744766202,27.486223322775498,-0.004259354416368365,0.10287434442334252,1178.0933062880324
666915,Bobby Dalbec,2021,449,889,255,28.683914510686165,0.1149259655274098,0.011227174283709108,-5.3772427821028606,-3.6290593571467546,4.203044472009529,90.10684850239818,85.34113877802352,11.457888014661808,9.975292679967849,36.68254102877602,-5.762736043114283,-4.014552618158177,-4.34391616631767,0.24204722499555206,142.0,184.0,-42.0,29.3061212094895,25.28215119421586,24.993673737225645,-0.004526400467124455,0.10548924775775445,1187.9732739420936
664913,Seth Brown,2021,306,641,169,26.365054602184085,0.13344066190546075,0.015937390718775216,-6.641430079036395,-3.6557959597422114,5.479372292709671,90.03396205057228,81.89484726855085,14.937275714927484,12.026107076059208,36.68254102877602,-7.190091925569661,-4.204457806275477,-6.442518678124851,0.351802520520947,107.0,185.0,-78.0,22.55147186202287,19.164342521714307,18.88452497998234,-0.0052841331362068035,0.11037531872009054,1256.8627450980393
663898,Brendan Rodgers,2021,413,733,227,30.968622100954978,0.11140412099028442,0.01001883481107594,-4.842546787825531,-3.67295943192965,3.4241469593466882,89.98717283775855,86.79876951810198,9.334541346687457,8.479114760127798,36.68254102877602,-5.06698403540855,-3.897396679512669,-4.315973334552741,0.1748839043496216,186.0,186.0,0.0,25.288735464794563,21.955449092507987,21.80096145375501,-0.004547457533815244,0.0870561004425298,1064.8910411622276
606132,Raimel Tapia,2021,531,960,316,32.916666666666664,0.10456137846131458,0.008522773295900659,-4.817551831228502,-3.7074641768648386,3.3255319828263485,89.89310971135703,86.86690808183293,9.065707798752541,8.276103318618288,36.68254102877602,-5.319984363716584,-4.20989670935292,-5.147303933239179,0.16660983010064012,216.0,187.0,29.0,33.041395593775405,28.77786222313818,28.333209431886228,-0.004441180594413775,0.0949880086524035,1084.7457627118645
502110,J. D. Martinez,2021,627,1245,421,33.81526104417671,0.10396981130796233,0.007888221459229107,-4.83877323588207,-3.7075216374603475,3.357065759305405,89.89295306845852,86.80905656975551,9.151671790326406,8.341349965847584,36.68254102877602,-5.144184186369447,-4.0129325879477244,-4.024748023190691,0.1692472026430526,222.0,188.0,34.0,43.77129056065214,38.714772529155375,38.39561808589607,-0.00406146026626246,0.0994240530185263,1191.3875598086124
443558,Nelson Cruz,2021,577,1159,362,31.233822260569454,0.11822111333641919,0.00972932301479471,-5.359163065705205,-3.7916242342203965,3.922158419894095,89.66368161015342,85.39042575730741,10.692166654478257,9.457700518966195,36.68254102877602,-5.9430229456555965,-4.375484114170788,-5.299750043678531,0.21758047958314725,193.0,189.0,4.0,42.796043027783746,37.642314546263904,37.080835961711614,-0.004446702745055944,0.1107918912745454,1205.1993067590988
408234,Miguel Cabrera,2021,524,1024,312,30.46875,0.11333895116733494,0.009627595406124336,-5.175738186340537,-3.7937338540467236,3.6820478366355673,89.65793059136583,85.8904589453594,10.037602994152298,8.995623916368654,36.68254102877602,-5.60244078951993,-4.220436457226117,-4.603082346297854,0.19683911097112,176.0,190.0,-14.0,35.361752764208504,30.841608081471104,30.46895447469443,-0.004414203791735745,0.10048922220817903,1172.5190839694656
622534,Manuel Margot,2021,463,846,254,30.023640661938533,0.11820370625040695,0.009760313154166037,-5.0122864972151335,-3.8168594169526333,3.4174924619358227,89.59488816775682,86.33604336928788,9.316400571200706,8.465511288100386,36.68254102877602,-5.413867047367803,-4.218439967105303,-5.539080592773048,0.17432320433069562,170.0,191.0,-21.0,30.023741387603366,26.155926973919023,25.846040649384545,-0.0045718846497450885,0.0906676009289252,1096.328293736501
683734,Andrew Vaughn,2021,464,938,274,29.21108742004264,0.1208198023567254,0.010076155775927857,-5.436962943255954,-3.9019889752846177,3.8437579063148104,89.36281711721209,85.17833609457189,10.478439602369782,9.308817699507504,36.68254102877602,-5.834456888734296,-4.29948292076296,-5.9558385800588045,0.21078410818700039,152.0,192.0,-40.0,33.10462584574276,28.90004116962482,28.592645851788237,-0.004482499654709955,0.09705576507438923,1212.9310344827586
664034,Ty France,2021,645,1209,371,30.68651778329198,0.10654908696814801,0.007644388585598753,-4.765674581595501,-3.9122088973136533,2.8636026502196645,89.33495666441243,87.0083302630071,7.806445709345161,7.285135723201486,36.68254102877602,-4.930571276569307,-4.077105592287459,-3.8622199553531593,0.12909936566018929,181.0,193.0,-12.0,39.52971126518291,34.406611089967754,34.22934714287091,-0.0042374691275559664,0.08853358887144153,1124.6511627906978
571657,Kyle Farmer,2021,525,987,356,36.06889564336373,0.08666574344081752,0.008738910534769448,-5.325476995090766,-3.912327641952845,3.684760603183462,89.33463295554205,85.48225710178274,10.04499824669428,9.00094576297964,36.68254102877602,-5.631535149493443,-4.218385796355522,-4.871779664147783,0.19707208145365837,235.0,194.0,41.0,30.85300466493104,26.19321229422662,25.925411409124276,-0.004721167548839332,0.10262631947703657,1128.0
605113,Nick Ahmed,2021,474,920,289,31.41304347826087,0.10263199084239426,0.008548360324406286,-5.098638245896382,-3.9297446770388644,3.346161028678554,89.28715250681208,86.10064051479776,9.121944485943931,8.31882204143617,36.68254102877602,-5.513416989283394,-4.344523420425877,-4.738961448247291,0.1683342474249266,197.0,195.0,2.0,29.66064535345194,25.6327211391938,25.30504593191806,-0.004378178493758849,0.08715253310436964,1164.5569620253166
570256,Gregory Polanco,2021,381,822,243,29.56204379562044,0.12944085883187206,0.011222358713537437,-6.318275739432288,-3.9737027046666378,4.72111538230175,89.16731885735663,82.77579589026877,12.870197237967291,10.865974781139238,36.68254102877602,-6.8160149646179535,-4.471441929852304,-6.256443856392815,0.28720116650055616,158.0,196.0,-38.0,31.454128696144913,27.44202360160541,27.125959193612513,-0.004880906441045624,0.104564058422401,1294.488188976378
452678,Asdrúbal Cabrera,2021,350,678,189,27.876106194690266,0.12777162296952901,0.010789532285098708,-5.731137562116085,-3.9955515696357584,4.054356997811064,89.10775683041858,84.37638887224243,11.052552206322293,9.704377400390579,36.68254102877602,-6.168556028395226,-4.4329700359149005,-5.543262464073022,0.22907841500566822,128.0,197.0,-69.0,24.148836741240984,20.805673163339932,20.55051239134377,-0.0049309197314174776,0.0908288747642411,1162.2857142857142
592663,J. T. Realmuto,2021,533,1069,328,30.68288119738073,0.11555645231901522,0.008284935470114224,-5.088952100151517,-3.9979002854458217,3.213914392584836,89.10135401386282,86.12704584407216,8.76142792306467,8.042668179872532,36.68254102877602,-5.564397556983623,-4.473345742277928,-4.983998961929792,0.15734361226029647,180.0,198.0,-18.0,37.902516360636994,33.38183057833573,32.95947653084988,-0.004228892219177984,0.08732154487146317,1203.3771106941838
425877,Yadier Molina,2021,472,842,328,38.95486935866984,0.08502532168797168,0.011388592304936785,-6.512498989619953,-4.008967657832407,4.863817010872753,89.07118333299886,82.24632534449793,13.259215077432282,11.097050038532428,36.68254102877602,-6.776527875595901,-4.272996543808356,-5.470182795859299,0.2995462608043943,245.0,199.0,46.0,27.88830551365471,22.765139641820348,22.557436918185935,-0.006084520037808032,0.1318596533908191,1070.3389830508474
672284,Jarred Kelenic,2021,377,764,227,29.712041884816752,0.12438186673411662,0.010924967422673595,-6.028671350685863,-4.019740919101553,4.352952428804968,89.04181442624648,83.56528424255941,11.866550971456002,10.241477359809707,36.68254102877602,-6.874438141008536,-4.865507709424226,-6.725638787712589,0.25513734540317157,162.0,200.0,-38.0,28.234683748644475,24.44666858329686,23.91524511671078,-0.004958135033177509,0.0989526299995437,1215.9151193633952
669720,Austin Hays,2021,526,993,297,29.909365558912388,0.11189079640132998,0.008729543456297685,-5.277689607107809,-4.0898910040375425,3.327292852535447,88.85057880578889,85.61252994178439,9.070508092460978,8.279754916070134,36.68254102877602,-5.8275870790772295,-4.639788476006963,-5.426897478280263,0.16675688632397212,164.0,201.0,-37.0,33.23156653119501,28.60479197563049,28.122715191870636,-0.004659390287577556,0.09256587198555505,1132.6996197718631
595281,Kevin Kiermaier,2021,387,773,235,30.40103492884864,0.12152825685553162,0.009900316264481925,-5.842605725362449,-4.107973332883089,4.014789508772384,88.80128470473039,84.07251634836541,10.94468757118799,9.631120421598348,36.68254102877602,-6.293275873804437,-4.558643481325078,-5.781982928120115,0.22563290769281386,175.0,202.0,-27.0,28.55914036104993,24.79065966819115,24.49997742244607,-0.004875136730735808,0.09313925253248398,1198.4496124031007
543105,Alex Dickerson,2021,309,623,195,31.30016051364366,0.112021147459513,0.012199650689300692,-6.830975354986701,-4.136735169891811,4.991494882658009,88.72287727655862,81.37812931326631,13.607276766193422,11.298698762387401,36.68254102877602,-7.299349080001894,-4.605108894907004,-6.574494482997819,0.3105315091503565,195.0,203.0,-8.0,21.844123754605036,18.326171446786883,18.08495897840406,-0.005646793431489809,0.10298971015718118,1209.7087378640776
544369,Didi Gregorius,2021,405,796,254,31.909547738693465,0.11586149866835845,0.010191421549370569,-5.84942901989271,-4.141963450599393,3.971904045506675,88.70862449973086,84.05391541631737,10.827777831396334,9.551166645695593,36.68254102877602,-6.540996576038698,-4.833531006745381,-7.157110088312946,0.22190222614906951,203.0,204.0,-1.0,29.428820661763044,25.480456073335464,25.013647972936923,-0.004960257020637663,0.09502677425102364,1179.2592592592594
621550,Patrick Wisdom,2021,374,877,259,29.532497149372862,0.12880082002984922,0.00900592849606061,-6.200599056811409,-4.163437959034299,4.330699028171133,88.65008300333326,83.09659341225222,11.805886142876167,10.202402220600321,36.68254102877602,-6.748161716125916,-4.711000618348806,-6.0866799041738755,0.2531941670576007,157.0,205.0,-48.0,33.35941238773095,29.494372308985174,29.153058251345794,-0.0044071152551263156,0.09115459327644335,1406.9518716577538
645302,Víctor Robles,2021,365,682,182,26.68621700879765,0.13688850746090592,0.00983908268663334,-5.568168116482378,-4.184318747385892,3.5631690292318203,88.59316004280223,84.82065865580476,9.713528368813527,8.760136345433981,36.68254102877602,-5.811078432711284,-4.4272290636147975,-6.095185425097308,0.1866682884383175,115.0,206.0,-91.0,24.91370835788488,21.526406087024768,21.37863564465218,-0.004966718872228906,0.08300148291384403,1121.0958904109589
593871,Jorge Polanco,2021,643,1266,378,29.85781990521327,0.1175078657996401,0.008121251515252422,-5.285867723807225,-4.23408638711659,3.093640054126411,88.45748885336184,85.5902356391814,8.433548950983443,7.786811016332246,36.68254102877602,-5.662026417803594,-4.610245081112959,-5.534580867642659,0.1474918704532557,163.0,207.0,-44.0,44.41797327226396,38.75328502825055,38.35016829451777,-0.004474477285950561,0.09317784280604308,1181.3374805598755
503556,Marwin González,2021,309,612,205,33.49673202614379,0.10823642667560714,0.013471648157397167,-7.55549191777285,-4.320468574737399,5.387434434020168,88.22200301950686,79.40303014492409,14.686644607836563,11.894147619382037,36.68254102877602,-8.07214728544719,-4.83712394241174,-7.9532827416300425,0.34412439633115804,221.0,208.0,13.0,22.188467468499464,18.297389130846444,18.03131161649416,-0.006357971139955911,0.11215367676093871,1188.3495145631068
623520,David Bote,2021,324,618,171,27.669902912621357,0.12407657470656956,0.009008818891501366,-5.759324388616621,-4.3267321853773035,3.5833076519651956,88.20492783751499,84.29954897590476,9.768428117218571,8.800341709175123,36.68254102877602,-6.112972550676437,-4.6803803474371195,-6.081691089090544,0.18838567928652772,127.0,209.0,-82.0,21.217094274823395,18.107059104970418,17.91608909745812,-0.005032419368694134,0.07783655736379835,1144.4444444444446
543333,Eric Hosmer,2021,566,1163,372,31.986242476354253,0.11352858297975549,0.007814459620796795,-5.582779212488573,-4.363452993401544,3.296056520243526,88.10482351814564,84.78082745655733,8.985354961254997,8.21483524404798,36.68254102877602,-6.2342005023766704,-5.014874283289641,-6.485215803698545,0.16415213264421508,204.0,210.0,-6.0,42.23263286846904,36.96621114468815,36.351703727893714,-0.004528307587085887,0.09117378273502555,1232.8621908127209
547989,José Abreu,2021,647,1339,437,32.63629574309186,0.11273606232048358,0.008971055414234647,-6.2866993197855505,-4.537439865530489,3.8936810772194077,87.63051921083917,82.86187613106225,10.614534784176938,9.40384531344228,36.68254102877602,-6.953678659242119,-5.204419204987057,-5.794778523725312,0.21510958746025824,211.0,211.0,0.0,49.26565923405133,42.48650180088257,41.76727574650191,-0.005062850958303773,0.11474218567667703,1241.7310664605873
462101,Elvis Andrus,2021,537,1012,326,32.21343873517787,0.11123894484050478,0.00795314672126588,-5.926120601320047,-4.7031803818201725,3.2141721695495487,87.17869523234306,83.84484707133228,8.76213064691499,8.043211745828051,36.68254102877602,-6.342050334388135,-5.119110114888261,-5.488254743980515,0.15736488120219497,206.0,212.0,-6.0,36.26389601800456,30.96001807982312,30.587760968727178,-0.005240986104922373,0.09042778965564353,1130.7262569832403
593934,Miguel Sanó,2021,530,1180,314,26.610169491525426,0.14340535565536772,0.010326977891862914,-6.581579971815075,-4.719643281946842,3.9609900275378056,87.1338158437703,82.05800419700455,10.798025208860432,9.530726989698014,36.68254102877602,-7.165755470712733,-5.3038187808445,-6.074333407737106,0.22095349345487977,113.0,213.0,-100.0,45.02928167578546,39.215552700682146,38.699531009989215,-0.004926888961951963,0.10185617534082116,1335.8490566037735
606992,Eric Haase,2021,380,807,237,29.36802973977695,0.12483774272675645,0.011603607520856513,-7.4944606281270305,-4.860471666712211,4.661431862712325,86.74990464019557,79.56940708592701,12.707494442807583,10.767526403331884,36.68254102877602,-8.040621396251426,-5.406632434836607,-7.144973513653153,0.2820205172471977,154.0,214.0,-60.0,29.58654502624128,24.84005329509416,24.49415147528204,-0.005881650224469788,0.1039237762726655,1274.2105263157896
645277,Ozzie Albies,2021,686,1374,471,34.27947598253275,0.10458775630581962,0.007343907372581958,-6.066279743278051,-4.860871677071938,3.1533084809965253,86.74881417495376,83.46276028555576,8.596210601994224,7.9143000305198745,36.68254102877602,-6.528333782316924,-5.32292571611081,-5.859000434355829,0.15236100709378328,226.0,215.0,11.0,49.26083322004104,42.32505338022647,41.79677159559203,-0.00504787470146621,0.09726261858558162,1201.7492711370262
596748,Maikel Franco,2021,402,749,268,35.78104138851803,0.09908790901662193,0.011575712138647845,-7.591510505220374,-4.91029755629606,4.685657086314857,86.61407465626735,79.30484014380266,12.773534643194814,10.807615039524364,36.68254102877602,-7.884394105653335,-5.203181156729021,-6.9504061290464465,0.28412441072590017,232.0,216.0,16.0,26.555559616454676,21.469247577957027,21.27301556566694,-0.00679080378971649,0.11471082309361462,1117.910447761194
596115,Trevor Story,2021,594,1246,383,30.73836276083467,0.11888487869112938,0.007584446639014775,-6.244360753271834,-4.946696248863872,3.251016829881205,86.51484845342807,82.97729497971972,8.862572599130766,8.120693029471301,36.68254102877602,-6.899812445968395,-5.602147941560434,-5.9818663012085524,0.1604113161189983,182.0,217.0,-35.0,45.53290853870255,39.35099139296344,38.70209421719384,-0.004961410229325132,0.09117911891460419,1258.5858585858587
571745,Mitch Haniger,2021,691,1411,416,29.482636428065202,0.11885028147178876,0.007383280950957274,-6.181326085288257,-5.0375253868298,3.0319951610898843,86.2672398215869,83.14913331538497,8.265499270378795,7.653951572466086,36.68254102877602,-6.569464668092169,-5.425663969633712,-5.4022287432802125,0.1425017619405378,155.0,218.0,-63.0,49.44171709226413,42.32288988404049,41.87588361617798,-0.005045235441689329,0.09295907508382621,1225.1808972503618
663624,Ryan Mountcastle,2021,588,1262,481,38.11410459587955,0.09758790920912883,0.008228879139527995,-7.456227098583142,-5.161306492911352,4.2566372401580885,85.92980107658707,79.67363522408651,11.603986857995803,10.071254088560522,36.68254102877602,-7.885519965910023,-5.590599360238233,-6.829237950936921,0.24672656928068132,242.0,219.0,23.0,46.939784329590964,39.63268177297948,39.21197476299914,-0.005790097113004341,0.11742566774069184,1287.7551020408164
602074,Yonathan Daza,2021,331,617,206,33.38735818476499,0.11080225642581276,0.011375931225101958,-7.866723406155027,-5.207876224395897,4.5665790622930995,85.80284768083399,78.55458431850757,12.448916934927698,10.608857678480126,36.68254102877602,-8.474087275531703,-5.815240093772573,-8.591119015325585,0.27377012893255315,220.0,220.0,0.0,22.82526482371743,18.485455744655237,18.15039334338244,-0.007033726222142934,0.10142035876029269,1118.429003021148
501571,Juan Lagares,2021,327,613,209,34.09461663947798,0.10824960424105463,0.011327219865226232,-7.91431172166481,-5.286749697390286,4.514461458685885,85.58783129761093,78.42485416848211,12.306839526586955,10.520515181826202,36.68254102877602,-8.332458347963566,-5.704896323689042,-8.692391987295277,0.26922961419417507,225.0,221.0,4.0,22.62416728638042,18.310867398073096,18.082977486740276,-0.007036378284351259,0.09937387261907837,1124.7706422018348
665487,Fernando Tatís,2021,542,1198,349,29.131886477462437,0.12305755739472336,0.00917613109580944,-7.265283410653437,-5.349398767188858,3.838088619233377,85.41704413826604,80.1941653797808,10.46298460137357,9.297976801552931,36.68254102877602,-7.883743988344027,-5.967859344879448,-7.557580685381466,0.21029344256387986,148.0,222.0,-74.0,42.94708753075845,36.38411484980151,35.825438794621014,-0.005478274358060883,0.10016929686061342,1326.19926199262
572122,Kyle Seager,2021,669,1341,396,29.53020134228188,0.12250151037331516,0.007714703588604539,-6.630240791244817,-5.4032064157386746,3.060135919155958,85.27035951108167,81.92535030208607,8.342213579902769,7.7147458952958505,36.68254102877602,-7.202453873718961,-5.975419498212819,-7.134496998805134,0.1447744974683778,156.0,223.0,-67.0,48.510598107832806,41.11787962559484,40.47986203863616,-0.005512840031497369,0.09317538480336231,1202.6905829596412
641820,Trey Mancini,2021,615,1317,408,30.979498861047837,0.12142840828119458,0.008976987304534384,-7.2994694667523055,-5.473752936140169,3.7147178251895854,85.07804317087461,80.10097102862598,10.12666440494276,9.059561190159656,36.68254102877602,-7.796209617037707,-5.970493086425571,-7.347258117963409,0.19964716121222773,187.0,224.0,-37.0,49.54279057872739,42.06083437530628,41.55167572126374,-0.005681060139271915,0.10491964384470366,1284.878048780488
546318,Odúbel Herrera,2021,491,992,323,32.560483870967744,0.10686201337447446,0.007638099452238446,-7.084827839372587,-5.551845367891418,3.385891997362393,84.8651559783271,80.68610395933364,9.230254781712894,8.400722844436022,36.68254102877602,-7.501208204519278,-5.968225733038109,-7.216066002802279,0.17166514612787148,209.0,225.0,-16.0,34.51643031995525,28.71867953806868,28.37794160592364,-0.0058445068365792,0.08797261600579613,1212.2199592668026
666182,Bo Bichette,2021,688,1361,523,38.42762674504041,0.09137670372744314,0.007056468193401504,-7.145925153005296,-5.689398667319184,3.2701133250660455,84.49017296032989,80.5195470308352,8.914631411441125,8.16068562814334,36.68254102877602,-7.512110856164817,-6.055584370478705,-7.495173492166006,0.16199518642143715,244.0,226.0,18.0,47.79001604945276,39.59602187400669,39.17612893438377,-0.00602056882839535,0.10164146791721011,1186.918604651163
572041,AJ Pollock,2021,420,745,248,33.288590604026844,0.10233355948356485,0.00914094461587481,-7.509069417450817,-5.869246830797753,3.4290967634726184,83.99989023063164,79.5295821749092,9.348034970594393,8.489224418059072,36.68254102877602,-7.701470139020472,-6.061647552367408,-6.912854325173627,0.17530118150760185,218.0,227.0,-9.0,25.37872275192408,20.122374159708507,19.98769365460975,-0.007055501466061171,0.08794266940079618,1064.2857142857142
572191,Michael Taylor,2021,526,1088,327,30.05514705882353,0.1227469974854444,0.007882998582667998,-7.868934297102168,-6.210896251424424,3.3741833753019126,83.06852230724088,78.54855722527702,9.198335994921937,8.376638115780542,36.68254102877602,-8.32754287916683,-6.669504833489086,-7.8192753084923945,0.17068223507175542,171.0,228.0,-57.0,40.13826817774032,33.23983577728075,32.8377889203374,-0.00634047095630475,0.08967858093330082,1241.0646387832699
623912,Harold Ramírez,2021,361,685,288,42.043795620437955,0.08916693062742925,0.009608847662777161,-9.452785162580964,-6.2325273101552465,4.696069242782045,83.00955404025564,74.23083325889114,12.801919144854665,10.824791206051462,36.68254102877602,-9.96580797363353,-6.7455501212078115,-10.33621335171917,0.2850282264365692,247.0,229.0,18.0,25.680076020699623,19.99265028121341,19.68398155656345,-0.00830281129852002,0.10795559556916554,1138.5041551246538
642708,Amed Rosario,2021,584,1085,379,34.93087557603687,0.09830497236806432,0.008261731659480761,-8.044370127609826,-6.334693543080226,3.400297636210759,82.73103943886846,78.07030292340072,9.269525885743187,8.430296558308763,36.68254102877602,-8.528247358265451,-6.818570773735852,-8.263214102835923,0.17287592574552732,228.0,230.0,-2.0,37.25758452749638,29.42773093662281,28.95675709878467,-0.007216454922464113,0.1004763062964626,1114.7260273972604
592206,Nick Castellanos,2021,577,1193,437,36.6303436714166,0.10224315189278381,0.007659514167804153,-9.110943159727228,-6.880710051644608,3.760136558712601,81.24254792968961,75.16272617924683,10.25048007378475,9.147890484003492,36.68254102877602,-9.681327426240879,-7.451094318158259,-9.563911175849709,0.20355919627297775,239.0,231.0,8.0,44.680257377146525,35.91856703854217,35.37004750224488,-0.007344250074270202,0.10469066503933887,1240.5545927209705
572287,Mike Zunino,2021,372,757,215,28.401585204755612,0.13922484769081445,0.012425857719678829,-10.659641126729356,-7.029445472885017,4.756893008888643,80.83708141327861,70.9408322657711,12.967730357493627,10.924478570608162,36.68254102877602,-11.028347507062403,-7.398151853218064,-9.682607553503047,0.2903021473018858,140.0,232.0,-92.0,29.933342253525108,23.32436475495291,23.095766799146418,-0.008730485467070278,0.10719317464122916,1220.967741935484
578428,Jose Iglesias,2021,506,971,418,43.04840370751803,0.08110949975483552,0.008101999371925845,-9.880774023955572,-7.177370942270443,4.071215971750881,80.43382290054532,73.06409603357497,11.09851132874675,9.735442030015294,36.68254102877602,-10.204374856650098,-7.5009717749649685,-10.176767799782612,0.23054736570604256,249.0,233.0,16.0,33.90377089752125,25.570984803985382,25.298081435079666,-0.00858165406131397,0.11018279709301788,1151.3833992094862
541645,Avisaíl García,2021,514,924,348,37.66233766233766,0.0948307665232191,0.008316665917889795,-9.459267683282306,-7.277320816651594,3.6374627801664503,80.16135029756303,74.21316130782249,9.916060006074831,8.90782613606722,36.68254102877602,-9.673068461422414,-7.491121594791702,-8.823180114748704,0.19301554067350116,241.0,234.0,7.0,33.00110675008025,24.897667434735073,24.714511434795046,-0.008769955968988285,0.1025119373336404,1078.5992217898834
570731,Jonathan Schoop,2021,672,1319,464,35.17816527672479,0.10595516217752755,0.007597330121081418,-9.491697604965436,-7.513070295222171,3.4199372628458997,79.51867541202105,74.12475434152839,9.323065324627027,8.470510688913853,36.68254102877602,-10.083999666622676,-8.10537235687941,-9.99669662646008,0.17452916209987007,230.0,235.0,-5.0,49.16319525037279,38.5324939328115,37.86911562375539,-0.008059667412859203,0.10546631308121515,1177.6785714285713
664056,Harrison Bader,2021,397,808,250,30.94059405940594,0.12628340169883198,0.009107398805980866,-10.641032727416682,-8.057957383473815,3.798531109472659,78.03326280708673,70.9915604835848,10.355147170674082,9.22205298631804,36.68254102877602,-11.189158158916658,-8.60608281497379,-11.445979863553285,0.20687310855615149,185.0,236.0,-51.0,31.570850424708,24.530033770067295,24.167357442891475,-0.008713881998317703,0.08841974611633481,1221.1586901763226
545341,Randal Grichuk,2021,546,1029,333,32.36151603498542,0.12142921720126121,0.008685171604441305,-10.217130287635037,-8.069650612041984,3.4614290636023144,78.00138598437971,72.14715774564228,9.436175811503784,8.555072290687923,36.68254102877602,-10.669258648152418,-8.521778972559366,-10.805183444363156,0.17803122551935277,207.0,237.0,-30.0,40.43592932801998,31.138340766272094,30.72690395820128,-0.009035557397228264,0.0981949471699097,1130.7692307692307
641531,Hunter Dozier,2021,541,1096,328,29.927007299270077,0.12910055377066476,0.008197509797258785,-10.318824227754492,-8.13127678131001,3.482764757573739,77.83338734649996,71.86993065813031,9.494338886833509,8.598345064069004,36.68254102877602,-10.788948353934154,-8.601400907489673,-10.421897239654385,0.17983679497287672,165.0,238.0,-73.0,42.34498163677804,33.0408417914194,32.61694653764741,-0.008489178691020652,0.09485601571115078,1215.5268022181144
621563,Joey Wendle,2021,496,945,315,33.33333333333333,0.11310606534853596,0.00947391542585705,-10.873232869997,-8.275534367252638,3.7680995826691057,77.44012782331299,70.35856141626783,10.27218801367435,9.163309900803,36.68254102877602,-11.385066745476818,-8.787368242732455,-10.933947178946024,0.20424600147701918,219.0,239.0,-20.0,35.628410584788824,26.639871412257968,26.216755408527987,-0.009511681664053813,0.10132973189842456,1143.1451612903227
605612,Harold Castro,2021,339,621,266,42.8341384863124,0.08977379193118495,0.009323313991466728,-12.235264939251735,-8.287529677121311,4.642423929969853,77.40742749903812,66.64553600675143,12.655677059907198,10.73594783398211,36.68254102877602,-12.611388103184566,-8.663652841054143,-12.45655466256484,0.2803687460165791,248.0,240.0,8.0,23.8798286536952,16.966903963017966,16.75439437539592,-0.011131923817515668,0.10525614111176453,1099.1150442477876
606192,Teoscar Hernández,2021,593,1208,373,30.87748344370861,0.12800908949766365,0.00869681026649787,-10.724435465063259,-8.449296637042844,3.4965152175876884,76.96643580275777,70.76419690596036,9.531823912756776,8.626157907642956,36.68254102877602,-11.016755014840749,-8.741616186820334,-10.293930339664563,0.1810021034507668,184.0,241.0,-57.0,47.74739038262854,37.14807333132435,36.859164176294264,-0.008774269082205454,0.0994272433326251,1222.2596964586846
650489,Willi Castro,2021,450,842,339,40.26128266033254,0.09679117539076262,0.007858579187199363,-11.438167518936016,-8.650899853981503,3.8327404466409116,76.41684678497269,68.81849730648915,10.448404988177554,9.287740679048982,36.68254102877602,-11.766855859908107,-8.979588194953594,-11.483909844844064,0.20983067424443685,246.0,242.0,4.0,32.81220845746853,24.233582818266516,23.98706656253745,-0.010188391495489325,0.09906371887081229,1122.6666666666667
570482,Gio Urshela,2021,442,858,310,36.13053613053613,0.11393395375769638,0.009870364967942136,-12.462769321566475,-8.734781159982546,4.414981326665753,76.18817858574614,66.02533801627887,12.03564748473224,10.349590187483434,36.68254102877602,-12.979607835923998,-9.25161967434007,-12.733543093746512,0.2605524257349531,236.0,243.0,-7.0,35.31952566488588,26.138618931331916,25.757881225755202,-0.010700357498314649,0.1110340666103675,1164.7058823529412
544725,Leury García,2021,472,826,268,32.445520581113804,0.11639413338542089,0.00798973553997049,-11.289493678448208,-9.217653873693711,3.2186858864805075,74.87182290217348,69.22379594807231,8.774435456790123,8.052726339373717,36.68254102877602,-11.229157759536013,-9.157317954781517,-10.547165255293288,0.15773740613685686,208.0,244.0,-36.0,31.193627747292798,22.31255938691354,22.360023643124467,-0.010751898741379246,0.08810069212663643,1050.0
518792,Jason Heyward,2021,353,651,195,29.953917050691242,0.13837167096085914,0.010066444763727358,-13.590788517906011,-10.183450877987651,3.9585241210563664,72.23897093170527,62.95025334465088,10.7913029196943,9.526103691903407,36.68254102877602,-13.830747710815503,-10.423410070897143,-13.18642526469538,0.22073917905259274,167.0,245.0,-78.0,26.982475837367534,18.9865619259995,18.84538593417108,-0.012282509848491609,0.0912780295723179,1106.5155807365438
641313,Tim Anderson,2021,546,1009,373,36.967294350842415,0.10919731456093153,0.007468857314077177,-12.846438115465546,-10.430880776850913,3.2992330471578053,71.56445414000002,64.97942139453204,8.994014467453837,8.221451021837996,36.68254102877602,-12.994407820426309,-10.578850481811676,-12.172718677466895,0.1644166373606393,240.0,246.0,-6.0,40.73059833122746,29.040339646153814,28.90568721463952,-0.011585984821678538,0.09451675504461544,1108.7912087912089
607680,Kevin Pillar,2021,345,686,250,36.44314868804665,0.11082731269499062,0.008132633284102343,-15.106159327408866,-11.168757740462418,4.09104628825623,69.55293328316334,58.81921234529889,11.152570605855695,9.771867997205392,36.68254102877602,-15.64578557791187,-11.708383990965421,-14.764156863644825,0.2322758175820518,238.0,247.0,-9.0,27.706828173747656,19.020786560487558,18.71050146644833,-0.012661868240903934,0.08981320203419002,1193.0434782608695
666969,Adolis García,2021,622,1315,471,35.81749049429658,0.12077127755012601,0.008448929660653361,-16.27727090224114,-12.13421323181208,4.049023567583525,66.92101230857136,55.626653863830605,11.038012782176743,9.694531423922957,36.68254102877602,-16.849605559558842,-12.706547889129784,-16.373055154279278,0.2286138089037542,233.0,248.0,-15.0,56.88327172610935,40.0091675574527,39.41584729603335,-0.012832018379206575,0.11575148263499276,1268.4887459807073
543510,James McCann,2021,412,861,276,32.05574912891986,0.13311318761490332,0.009713618261471837,-16.49466907084287,-12.171435057045567,4.130634592194878,66.81954216994524,55.03400634677012,11.260491984332699,9.844219804599568,36.68254102877602,-16.700369262779404,-12.3771352489821,-15.671425214254388,0.23572813401354678,205.0,249.0,-44.0,36.739239781713316,25.412900353067876,25.271652887938124,-0.013154865770784481,0.09666319987966122,1253.883495145631
521692,Salvador Pérez,2021,660,1376,623,45.276162790697676,0.10205743942246175,0.00791003557526416,-21.869244485143405,-15.369218935069298,4.570311165588663,58.102087521655754,40.3824166161558,12.459090993733046,10.615152155331673,36.68254102877602,-22.344471105216925,-15.84444555514282,-21.362523516305703,0.2740950934122629,251.0,250.0,1.0,63.58178476019367,39.525615826535926,39.00286654445505,-0.017482680911088476,0.13552806503171774,1250.909090909091
595879,Javier Báez,2021,547,1227,549,44.743276283618584,0.10605448375822706,0.008285288114815836,-25.770012822001277,-16.995511778369263,5.0757127267565485,53.668662797822684,29.74856130662893,13.83686239940371,11.429105644281336,36.68254102877602,-25.95190414791183,-17.177403104279815,-23.274090256660784,0.3177410367385278,250.0,251.0,-1.0,58.223911583266656,34.73024989387549,34.56442563508704,-0.019147238540661096,0.13210243675773345,1345.8866544789762
665742,Juan Soto,2022,662,1467,251,17.109747784594408,0.0824997130166426,0.014355396445921726,22.484258348800243,18.60845995410491,3.4048270516479198,152.30008661581024,163.1932283506946,9.569451214782461,8.6336825452234,35.580170432221806,23.293059485066987,19.417261090371653,23.56865391467115,0.18601184284861583,3.0,1.0,2.0,20.707427967177296,45.515059678686896,46.40743693236787,0.016910451064423723,0.09808141866758094,1329.607250755287
608324,Alex Bregman,2022,655,1335,243,18.202247191011235,0.08839718742437441,0.011027312448449823,17.76713718442394,15.771991971299183,2.676958878430955,144.328039409884,149.93550331151258,7.5237382112331606,7.042738914364305,35.580170432221806,18.691995648809492,16.696850435684734,18.221763652414175,0.12377462550847985,4.0,2.0,2.0,21.48051654412298,40.876307970452444,41.88594512740668,0.014528682716351661,0.07998178948624925,1222.9007633587787
680757,Steven Kwan,2022,635,1266,257,20.300157977883096,0.07576389066027663,0.01152999261982426,17.76080204804842,15.662420751219393,2.756054479188521,144.02008354922134,149.91769806690985,7.7460406898236975,7.22406918288773,35.580170432221806,18.5984170157963,16.500035718967275,18.205658654667157,0.13023035862146287,13.0,3.0,10.0,19.471319899691093,38.26816873387567,39.15464457474218,0.01484743193853442,0.08197726410017611,1196.2204724409448
571970,Max Muncy,2022,564,1204,198,16.44518272425249,0.11634746457646312,0.013189525658346097,18.15417854716604,15.578607974442551,3.0625617830514513,143.78452319141897,151.02330406693446,8.607496102036544,7.907490884453742,35.580170432221806,18.7236216312314,16.14805105850791,17.84057046570297,0.1560363718282664,1.0,4.0,-3.0,23.0367979861397,40.10172582047578,40.63700231949721,0.014173528101608041,0.08296586947276847,1280.851063829787
608385,Jesse Winker,2022,546,1110,207,18.64864864864865,0.0923345509705728,0.011301783278221332,17.757234416671672,15.532599673912689,2.8509909670295026,143.65521436582605,149.90767104530372,8.012864841275782,7.439044144516345,35.580170432221806,18.69290135232523,16.468266609566246,18.062364810254813,0.13809651389427982,5.0,5.0,0.0,19.11325205090857,35.272335370079794,36.12379228152453,0.014557732719974072,0.07787099863796923,1219.7802197802198
680977,Brendan Donovan,2022,468,983,213,21.668362156663274,0.08642777357712676,0.011225904112362932,18.02741785986976,15.176172890644215,3.2698726714288915,142.65345754752343,150.66703627575635,9.190154604958435,8.35205359733889,35.580170432221806,18.952825593821107,16.101580624595563,18.015452520472063,0.17407443286317265,33.0,6.0,27.0,18.409115771928,32.470501702626414,33.19231973510846,0.014304563510374783,0.08134833817437054,1260.2564102564104
467793,Carlos Santana,2022,506,1034,224,21.663442940038685,0.07264037420265432,0.015463178235731229,18.48911110960618,14.368563451823778,4.053754118982931,140.3836273892928,151.96465021106877,11.39329595597385,9.901873023712104,35.580170432221806,19.14345497104603,15.022907313263627,19.02930621226301,0.2446713675274283,32.0,7.0,25.0,16.271443821394566,31.863927523829112,32.415757513643385,0.015079771472373833,0.10631545447542708,1226.0869565217392
650490,Yandy Díaz,2022,553,1084,215,19.833948339483396,0.09085661353144764,0.01019043319763218,15.247738237180755,13.59770804291136,2.646673445662873,138.21709642682634,142.85459583794525,7.438619358793221,6.972777361599938,35.580170432221806,16.02452261841882,14.374492424149427,15.805286367073029,0.12132772121174895,10.0,8.0,2.0,19.534171909261243,33.587503984529505,34.30344025590392,0.012964328482719799,0.07409000087286896,1176.130198915009
656305,Matt Chapman,2022,618,1306,253,19.372128637059724,0.10255036507356907,0.012336203176359972,15.984112205394968,13.50326430015797,3.2581982437278847,137.95165716218509,144.9242148399592,9.157342992312435,8.327402085484819,35.580170432221806,16.8509136724223,14.370065767185302,15.95362228908592,0.17304837021868374,7.0,9.0,-2.0,25.945242363612977,42.40887793516979,43.301683446207946,0.012606152811299247,0.09286309232032633,1267.9611650485438
673548,Seiya Suzuki,2022,440,922,197,21.36659436008677,0.08820557875561388,0.009754989512136568,15.483589358296033,13.250340925761055,3.1248469203121787,137.2408022918333,143.5174682139069,8.782551860634939,8.042569557079528,35.580170432221806,16.508404269469334,14.275155836934356,15.192397387921787,0.16141284596570196,26.0,10.0,16.0,17.376499014855934,28.73113121093969,29.482662145800113,0.012315219301609281,0.07546832527072929,1257.2727272727273
650333,Luis Arráez,2022,601,1246,303,24.317817014446227,0.07441826210373181,0.011200147858414814,15.68947313946668,13.127654458403095,3.3646726464661643,136.89598531690714,144.09611575457242,9.456595079766899,8.550529413341698,35.580170432221806,16.523514000691232,13.961695319627648,14.481253756014338,0.18244604535309178,59.0,11.0,48.0,22.54873341743074,38.26435567879653,39.099786608123125,0.012612858957757456,0.09547881449322136,1243.9267886855241
596129,Dan Vogelbach,2022,460,1116,228,20.43010752688172,0.11171644886496356,0.014157243660944879,16.26878066030158,12.56136719230789,4.151347790083056,135.3044042221118,145.72429098194647,11.667588265185904,10.080345173192985,35.580170432221806,17.229591094299423,13.522177626305732,15.803227987564423,0.2535708057940893,15.0,12.0,3.0,25.47135034121169,37.944082180776235,38.680703513507915,0.011176283010362494,0.09527163163382885,1455.6521739130435
502671,Paul Goldschmidt,2022,647,1388,353,25.43227665706052,0.08654314359765479,0.010108676160424528,14.914539085426853,12.455963706489444,3.3970568012353617,135.00816200478113,141.91812153861994,9.547612504292415,8.617634188976062,35.580170432221806,15.858958631838396,13.400383252900987,15.383892132756142,0.18532096503078474,77.0,13.0,64.0,30.549729689972143,46.632574337090766,47.65097341463788,0.011587063866800161,0.09832435493641219,1287.1715610510046
656941,Kyle Schwarber,2022,666,1477,318,21.530128639133377,0.10578709560344143,0.011631950608982044,14.663140783014098,12.078444129476384,3.5455722812003017,133.94712274491525,141.21155296584806,9.965023320937753,8.92083390445322,35.580170432221806,15.686405250289745,13.101708596752031,14.641617996728504,0.1985909029174043,28.0,14.0,14.0,33.640296401894375,49.916382671040026,51.05220622971599,0.011019692802400576,0.10240450782230133,1330.6306306306305
663457,Lars Nootbaar,2022,347,704,145,20.59659090909091,0.09911504307996143,0.014570924478776096,14.854050985690797,11.748436625797893,3.9494499551616524,133.01961874572243,141.7481164515131,11.100143442778412,9.707611473378561,35.580170432221806,15.792609842156166,12.686995482263262,14.487113534056265,0.23516528739571244,19.0,15.0,4.0,14.371681246594406,22.962274066652252,23.505073938641388,0.012202546619400347,0.08608520339879419,1217.2910662824208
543305,Aaron Hicks,2022,452,1018,209,20.530451866404714,0.10854499552730307,0.011517109247901728,13.850279647321795,11.498672954290418,3.4800244668385645,132.3176443918242,138.9269626285399,9.780797631275579,8.787936493719613,35.580170432221806,14.655657540528276,12.3040508474969,15.304332574034515,0.19271799258134004,18.0,16.0,2.0,22.68590406520634,33.11978139952209,33.72649941240431,0.010249388344121563,0.08216665226209181,1351.3274336283187
669257,Will Smith,2022,574,1160,251,21.637931034482758,0.09427628161238975,0.010524647736995919,13.094666083090091,11.467580481435588,2.899289848888128,132.23025730942092,136.80326969775112,8.148611470007177,7.547284112502833,35.580170432221806,13.922894703328955,12.295809101674452,13.24666979603463,0.14214442847852674,31.0,17.0,14.0,23.66334668470983,36.190577237532686,36.98291595089453,0.010799336683467978,0.08143728422845675,1212.5435540069686
641645,Luis Guillorme,2022,335,639,134,20.970266040688575,0.09282342389542374,0.014990224723048165,13.94791168137718,11.419214727536405,3.62332266455195,132.09432273319027,139.20136275891977,10.183544993001574,9.076584493759674,35.580170432221806,15.07778137059976,12.549084416758985,13.372123234266583,0.20558591316849992,23.0,18.0,5.0,12.43833880198678,20.22592282408904,20.85676673390498,0.012187142444604473,0.08002950637793288,1144.4776119402986
664702,Myles Straw,2022,595,1074,211,19.646182495344505,0.09051348904588008,0.010105714945570738,12.288797034140186,11.230654109969224,2.366803149838325,131.56436288399175,134.5383309997057,6.6520287033108785,6.31262560929553,35.580170432221806,13.304426398736176,12.246283474565214,12.412490157440365,0.09944169293849218,8.0,19.0,-11.0,19.098346188680697,31.284736580869716,32.291902367427404,0.011346732208742102,0.07161858121247604,1083.0252100840337
607043,Brandon Nimmo,2022,671,1329,287,21.595184349134687,0.10273870597572747,0.008224330699364573,12.236192034408813,11.12893755815075,2.434058142142448,131.27848299476457,134.39048179299215,6.841052509231764,6.473479246208727,35.580170432221806,13.233623797938378,12.126369321680315,10.754776838854234,0.10457405859301472,29.0,20.0,9.0,29.486008615033786,43.17015004018097,44.28561122906154,0.01029656992110398,0.07466889549700331,1188.375558867362
621493,Taylor Ward,2022,565,1138,235,20.650263620386646,0.10054488544896567,0.010985718295705339,12.728044603706039,11.039315192390312,3.020297235787525,131.02659447182688,135.77286013273107,8.488709298177811,7.815094947147634,35.580170432221806,13.585986517019435,11.897257105703709,12.65871952819594,0.1524112275707289,20.0,21.0,-1.0,23.628048080506932,35.61362341566345,36.4215187173669,0.010532140013318557,0.08430935204848286,1208.495575221239
543257,Robbie Grossman,2022,478,961,182,18.938605619146724,0.10841913039287203,0.013646981480941603,12.96252063996719,10.849104928606115,3.4135425014925866,130.49199820240614,136.43186775808186,9.593946459574134,8.651658774819937,35.580170432221806,14.056071267977797,11.942655556616723,13.701871313069027,0.1867872414433668,6.0,22.0,-16.0,19.73228173150271,30.05908984134324,30.93028517499169,0.010745898137190978,0.08772437181255142,1206.276150627615
543592,Austin Nola,2022,399,717,150,20.920502092050206,0.0880636095359312,0.01184690696574743,12.393477885983176,10.83808814336934,2.9301686408064413,130.4610349295973,134.8325422150297,8.235397990541516,7.616083599078731,35.580170432221806,13.26331162607985,11.707921883466014,12.246912932337743,0.1447477589853258,22.0,23.0,-1.0,13.209541430389681,21.451204224568492,22.02964366173278,0.011494648248506012,0.07277038684336005,1078.1954887218046
592192,Mark Canha,2022,530,1067,265,24.835988753514528,0.085779609782709,0.010840174959386053,12.761084221775075,10.752099011967653,3.345821085379756,130.21935780900708,135.86571977243395,9.403611744225213,8.511302944227598,35.580170432221806,13.944512252306565,11.935527042499142,12.927597836392216,0.18077590360592072,69.0,24.0,45.0,22.731596592417887,34.00388765498587,35.04924908195535,0.010564471473821915,0.09047844401007946,1207.9245283018868
672386,Alejandro Kirk,2022,539,1122,263,23.44028520499109,0.09495232879956715,0.011955655268785026,12.990561917244921,10.686579453616464,3.5960218150455696,130.03521153439607,136.5106792897218,10.10681447379738,9.02212839274168,35.580170432221806,13.92089178856059,11.616909324932132,12.491595734836572,0.20312643666788469,52.0,25.0,27.0,24.97246247428616,36.642317263277846,37.478063597676424,0.010400940097140541,0.09644137730680473,1248.9795918367347
673490,Ha-Seong Kim,2022,582,1119,278,24.84361036639857,0.08049186709996169,0.010066440569906786,11.878113636403294,10.38556886957753,2.943751640294178,129.1892049515655,133.38408302183493,8.273573747775766,7.6462477757646505,35.580170432221806,13.09708114486145,11.604536378035686,11.523294594031594,0.14589660229194173,70.0,26.0,44.0,22.376739053789347,33.898509281100544,35.08090776430495,0.010296488138794633,0.0853606783025218,1153.6082474226805
518934,DJ LeMahieu,2022,541,1047,260,24.832855778414515,0.08036100620098365,0.010699219277875337,12.114116926333264,10.356681325174762,3.19960448248246,129.10801494024219,134.04738307650877,8.992662046342707,8.202983752670027,35.580170432221806,13.100837911178248,11.343402310019746,13.218604066148403,0.16791602557880633,68.0,27.0,41.0,20.893861612255748,31.816757040832908,32.706450462168135,0.010432564879252301,0.08915977635151232,1161.1829944547135
518692,Freddie Freeman,2022,702,1454,399,27.441540577716644,0.07181034131490516,0.009686585521998723,12.192552150847243,10.273282069362796,3.3598057545123754,128.87361680555412,134.2678295318269,9.442916415795741,8.540413847249331,35.580170432221806,12.96145448225155,11.042184400767104,13.375242119669457,0.18201462098864904,103.0,28.0,75.0,28.65232618464716,42.91761220113843,43.81722792888147,0.009811063285069652,0.10309030584618825,1242.7350427350427
624415,Cavan Biggio,2022,302,611,101,16.53027823240589,,,12.251188441590932,10.03487037388538,3.661413893162033,128.20354779638066,134.43263000925964,10.290602458290124,9.152141942402288,35.580170432221806,13.431142176601172,11.21482410889562,12.342191744642978,0.20902293313950085,2.0,29.0,-27.0,13.784580155019531,19.9510116706203,20.544921717242122,0.010092359272669016,0.07455622539114706,1213.9072847682119
656582,Connor Joe,2022,467,927,203,21.898597626752967,0.10415291586554692,0.011992025993781111,11.63115328315838,9.82429236125286,3.348242281487829,127.61170686342713,132.6899875460548,9.410416647289646,8.516347707474523,35.580170432221806,12.598260914788117,10.791399992882598,10.63568079324384,0.18099026371255056,35.0,30.0,5.0,21.143041920706025,30.195956226097632,30.94868833271611,0.00976581909966732,0.0855938654004247,1191.0064239828694
545361,Mike Trout,2022,495,1060,241,22.735849056603776,0.09740700889369315,0.013785350552906864,12.544126147871921,9.777361337301116,4.15518745843715,127.47980467357915,135.25594733102184,11.678379861480835,10.0873020740979,35.580170432221806,13.546517453840469,10.779752643269664,12.327763322097145,0.25392092787206655,42.0,31.0,11.0,23.47508914338005,33.82399321537439,34.65096604279844,0.00976311704905126,0.10529109381646423,1284.8484848484848
595777,Jurickson Profar,2022,659,1405,334,23.772241992882563,0.10132205629990318,0.008469884205023542,10.595478088268472,9.417974398890685,2.7727071835010992,126.4697281785971,129.77916620284958,7.792844019066598,7.261989315327867,35.580170432221806,11.570291564314914,10.392787874937127,10.153406610573898,0.1316011410342021,56.0,32.0,24.0,33.84156680416766,45.47893357111587,46.54960370564021,0.00828282332167132,0.08124562981562275,1279.2109256449166
663757,Trent Grisham,2022,520,1068,217,20.318352059925093,0.11224669078567193,0.011818179311232194,11.230735235284738,9.411558069653209,3.4477816782534236,126.45169473704937,131.56459089109381,9.690177524082552,8.722030643680867,35.580170432221806,11.923339626382102,10.104162460750572,10.845241341631327,0.18983822299698708,14.0,33.0,-19.0,24.35753190049081,34.09083577107092,34.691092910021965,0.009113580403164895,0.09143368523628961,1232.3076923076922
649966,Luis Urías,2022,473,966,225,23.29192546583851,0.09550322192789726,0.011388945250573594,11.171596593973012,9.350362626418123,3.4634071040483367,126.2797016226497,131.3983785301261,9.734093631299292,8.754013746102851,35.580170432221806,12.163253638978693,10.342019671423804,10.731416622996935,0.19123302374504078,48.0,34.0,14.0,21.488224933776884,30.295166915358937,31.076923219171753,0.009116917165198817,0.08784658245812492,1225.369978858351
672695,Geraldo Perdomo,2022,501,972,206,21.193415637860085,0.11391211993903733,0.011884326543259978,10.872584559183897,9.317412457182012,3.207309196111566,126.18709338374629,130.55798897842703,9.01431656214606,8.219409899211078,35.580170432221806,11.881345369225672,10.326173267223787,10.340735112563067,0.1685891891328956,25.0,35.0,-10.0,23.46589670744169,32.544504814360245,33.386820090745125,0.009340131797241311,0.0859001995094849,1164.0718562874251
641487,J. P. Crawford,2022,603,1207,247,20.463960231980117,0.1136332448606809,0.010384982341770108,10.153961784991122,9.074135029154785,2.71599040741093,125.50334896916948,128.53826067059975,7.633438441743096,7.13247184881008,35.580170432221806,11.064163170324573,9.984336414488236,10.012184423170204,0.12694879299496956,17.0,36.0,-19.0,28.06741148058818,38.27214307450426,39.186895466764376,0.008454624352871648,0.0785670882942077,1200.9950248756218
542932,Jon Berti,2022,404,759,169,22.266139657444008,0.0995128954005903,0.01200576207567446,10.46937037145942,8.967280320751215,3.2266093474481723,125.20302801200285,129.42473362066372,9.068560684931734,8.260469488289507,35.580170432221806,11.444128660574922,9.942038609866717,9.295052399522897,0.17027775136470213,40.0,37.0,3.0,16.81767932269976,23.86705537281577,24.523392620820207,0.00928771548104876,0.07885978966660978,1127.2277227722773
593871,Jorge Polanco,2022,445,982,247,25.15274949083503,0.09933007697226975,0.011449894306162911,10.656690945533942,8.413723634277432,4.100972333625638,123.64722690214509,129.95120826032672,11.526005310845141,9.988618445307138,35.580170432221806,11.546978189931236,9.304010878674726,10.174375019017177,0.24897703533402113,75.0,38.0,37.0,24.534529012150628,32.43824146342163,33.09853783634963,0.008048587017587585,0.09705990370821316,1324.0449438202245
527038,Wilmer Flores,2022,603,1258,338,26.86804451510334,0.07849567762640612,0.009814659630939032,9.666017677482472,8.212713121591966,3.3512196630499296,123.0822759470383,127.16686727483693,9.418784739757815,8.522548614314498,35.580170432221806,10.80835874459437,9.355054188703864,10.803272496535975,0.1812539242364336,95.0,39.0,56.0,26.53153903772527,36.245886803595155,37.39393957604261,0.007722057047591322,0.0949573610660211,1251.7412935323384
670623,Isaac Paredes,2022,381,831,170,20.45728038507822,0.11924456740289564,0.01220318711817176,10.075466655503815,8.200004197721547,3.8106543340489547,123.04655682676419,128.31764584910295,10.710050816951632,9.443443670897526,35.580170432221806,11.008672080188841,9.133209622406573,10.108497991747944,0.22254058835269258,16.0,40.0,-24.0,20.27157645849226,26.66949778473718,27.262083229412173,0.007699062967803758,0.08394073524815933,1308.6614173228347
605137,Josh Bell,2022,643,1327,332,25.018839487565934,0.09023822268106019,0.009223648062996161,9.053578318305833,7.9285552847901215,3.014491605407419,122.28363492494665,125.4455732176786,8.472392258912457,7.802356692387351,35.580170432221806,9.938233469638165,8.813210436122453,9.875855979443838,0.15191478553963764,73.0,41.0,32.0,29.959089930111983,39.6615080278964,40.60956346507422,0.007311543404509734,0.08868258419900205,1238.258164852255
605141,Mookie Betts,2022,634,1224,275,22.46732026143791,0.11027765722552443,0.008952604432378896,8.514278150692293,7.639647990412806,2.7212685624871495,121.47164529457748,123.92984082780465,7.648272983039839,7.144568716045068,35.580170432221806,9.28157229815633,8.406942137876843,7.348076967011167,0.12737977541088305,41.0,42.0,-1.0,30.32635573701922,39.323109649584076,40.13388379873774,0.0073502891442523335,0.08218994751011621,1158.3596214511042
656555,Rhys Hoskins,2022,674,1446,335,23.167358229598893,0.11712920780471937,0.009272652960752805,8.489565235321862,7.455955980122784,3.0046840746026247,120.95536893035955,123.86038383794141,8.444827661313136,7.780812378631583,35.580170432221806,9.050342936762258,8.01673368156318,7.804187444192453,0.15107699222319346,46.0,43.0,3.0,39.23828461458099,48.77489622892588,49.40483651354393,0.0065951670915248214,0.08876123061898707,1287.240356083086
592450,Aaron Judge,2022,680,1559,359,23.027581783194357,0.11582997304945326,0.010730215279644918,8.856614785922448,7.448097392423373,3.509908060168837,120.93328194313058,124.89199652034773,9.864787092167003,8.848705647311567,35.580170432221806,9.517848152964788,8.109330759465713,9.781955062777058,0.19539252295215287,44.0,44.0,0.0,41.58296032475372,51.620457082132496,52.369854898113815,0.0064384199854899135,0.10074658765842003,1375.5882352941176
542364,Rafael Ortega,2022,370,799,204,25.53191489361702,0.09880446968151954,0.010257968765467694,8.877854731250553,7.301440424772528,3.7610664852347084,120.52109457620884,124.95169253942265,10.570681476636896,9.347488775043503,35.580170432221806,9.99167243371131,8.415258127233285,8.908665744473206,0.21804109190513277,78.0,45.0,33.0,20.156111815029988,25.630788899301162,26.317643149151962,0.006851911244394462,0.08205179657488133,1295.6756756756756
621035,Chris Taylor,2022,453,948,220,23.20675105485232,0.1052713487407107,0.008403572783597806,8.225976487748337,7.186099240089511,3.086333659770447,120.19692191688239,123.11955335744767,8.674308251698054,7.959198066995204,35.580170432221806,9.268482312261565,8.228605064602739,7.889852232223678,0.1580836913418882,47.0,46.0,1.0,23.159696722956355,29.37030897120635,30.157400868713836,0.006551278742879741,0.07568079025046838,1255.6291390728477
596847,Ji Man Choi,2022,423,988,197,19.939271255060728,0.13284881131443646,0.013229074391035585,8.859625693809642,7.089142693987798,4.062870674923897,119.92442028205629,124.90045884037212,11.418918531217926,9.918679170733451,35.580170432221806,9.773408620534532,8.002925620712688,9.62234967428876,0.24550261885459781,11.0,47.0,-36.0,26.171215828943982,32.41725194307978,33.06146890642083,0.006321898900947164,0.09112628032993046,1401.418439716312
457705,Andrew McCutchen,2022,581,1158,244,21.070811744386873,0.12637368934925328,0.01035744991855426,7.976597465604383,7.080440762686637,2.892854909359617,119.89996303186481,122.41866008146124,8.130525723226484,7.5329072824312435,35.580170432221806,8.75432318757217,7.858166484654424,6.49929715399599,0.14160340210440325,24.0,48.0,-24.0,30.835180201217803,38.559185413744714,39.312283154516855,0.006670125399418749,0.08231846330157419,1195.869191049914
643217,Andrew Benintendi,2022,523,950,216,22.736842105263158,0.09532447209483995,0.011731814790656808,7.876527177085753,6.946994938905073,2.9830985985361362,119.52490630178038,122.13740710458396,8.384160509345419,7.733283004131165,35.580170432221806,8.670343605606398,7.740811367425718,8.458079363205453,0.1492369109743077,43.0,49.0,-6.0,20.59008597248543,27.455792161845178,28.147735482039007,0.007227059146694471,0.08436382145883219,1089.866156787763
621043,Carlos Correa,2022,592,1260,339,26.904761904761905,0.0896068369540427,0.010198269768189648,8.16220625667701,6.790855279851278,3.677936609852877,119.08606731602781,122.94032366209585,10.337040450267478,9.184763478423395,35.580170432221806,8.986125917736866,7.614774940911134,8.802462958550434,0.21051565500690858,96.0,50.0,46.0,30.376717727420473,38.43009456734179,39.24302863292085,0.0063915689205724735,0.10223260413710276,1277.027027027027
596146,Max Kepler,2022,447,852,204,23.943661971830984,0.09979574961312798,0.009022241506069775,7.584793581833005,6.759469204795578,2.862012543921959,118.99785504870468,121.31747400221593,8.043841581292956,7.4638112701944666,35.580170432221806,8.573576553145106,7.748252176107679,8.851461511157913,0.13901758580802784,57.0,51.0,6.0,20.35833292107811,26.0090041395437,26.745647453171213,0.006632243214161489,0.07304794592238369,1143.6241610738255
669222,Nick Senzel,2022,417,739,204,27.604871447902575,0.08319417055686326,0.010077064622926455,7.743850872546172,6.719626401569835,3.2007813227157915,118.88587468789768,121.76451315009231,8.995969619687733,8.205494020056719,35.580170432221806,8.434151760091158,7.409927289114821,6.640624034782032,0.1680188122308469,105.0,52.0,53.0,16.971610793600107,22.353587150019695,22.83334626686346,0.007282782620324208,0.08183113776427146,1063.3093525179856
553993,Eugenio Suárez,2022,626,1339,292,21.807318894697538,0.1187472375818188,0.01062130790677675,7.799718846092753,6.7133460128384215,3.2985034662707564,118.86822331451998,121.92153312180102,9.270623007706545,8.4123154286471,35.580170432221806,8.66513396663671,7.578761133382378,7.951809007720225,0.17659546267406967,34.0,53.0,-19.0,34.674193373891086,42.811900036647856,43.71481647908205,0.006077450831035678,0.09404803783805496,1283.3865814696485
668942,Josh Rojas,2022,509,1020,201,19.705882352941178,0.1286480916540832,0.011418026964740117,7.44920277463831,6.572703084886147,3.0048158589664857,118.47293873256389,120.93638867983675,8.445198048419945,7.78110208230366,35.580170432221806,8.196229729298695,7.319730039546532,7.438580135257281,0.1510882425585271,9.0,54.0,-45.0,25.85826642247072,32.17767344295555,32.811401309492446,0.006195497078906699,0.07981496155762129,1202.3575638506875
669004,MJ Melendez,2022,537,1121,270,24.08563782337199,0.10814048696602573,0.010309791027407977,7.6669173154253585,6.539634918229195,3.4191750637904117,118.37999885550528,121.54828721248089,9.609777081601521,8.6632626599321,35.580170432221806,8.597291405317717,7.470009008121554,8.189112666681071,0.18728862765815493,58.0,55.0,3.0,29.197931480826945,36.05982247813264,36.8925072885863,0.006121223012761548,0.09139902575792316,1252.513966480447
642133,Rowdy Tellez,2022,594,1232,335,27.19155844155844,0.08703592747118395,0.01130216325275735,7.864937753788327,6.3930928333389385,3.9668027636879337,117.96813437281706,122.10483440142758,11.14891445290985,9.74018311786778,35.580170432221806,8.512067599743956,7.040222679294567,7.95794454882376,0.23674602028098268,98.0,56.0,42.0,29.157035702846624,36.94332407909707,37.58398262659314,0.006320039266437049,0.11188463458876159,1244.4444444444443
641857,Ryan McMahon,2022,599,1224,315,25.735294117647058,0.10252656734884459,0.010637382871452168,7.528381914581661,6.3523725285336345,3.561118802251343,117.85368774619712,121.15892594984277,10.008717662089538,8.95214072489714,35.580170432221806,8.401168578051,7.225159192002973,7.0994866693948255,0.19998722062273636,82.0,57.0,25.0,32.29586871488605,39.81170332627674,40.68303534530696,0.00614038775440416,0.10161815967505117,1226.0434056761267
668939,Adley Rutschman,2022,470,1077,251,23.30547818012999,0.10987323125598156,0.00947169146975117,7.404112140705354,6.336705581157783,3.3983676973795856,117.8096549403237,120.80965900601788,9.551296849050463,8.620343092152135,35.580170432221806,8.390428151149223,7.323021591601652,8.714487596077248,0.18543749247735422,49.0,58.0,-9.0,27.57818104525137,33.378068888803895,34.15068309698493,0.005385225481478669,0.08111648493447196,1374.8936170212767
462101,Elvis Andrus,2022,577,1147,338,29.46817785527463,0.07775128768387339,0.010636576917865771,7.4909751251043115,6.187717027377342,3.816213621169703,117.39091452404533,121.05379213788251,10.72567549511707,9.454149397087733,35.580170432221806,8.482520725015245,7.179262627288276,7.841654148326411,0.22304544847496569,135.0,59.0,76.0,26.279935237149207,33.48375631579118,34.437292667705535,0.0062805763545265725,0.10836163049457742,1192.7209705372618
643393,Tony Kemp,2022,559,1009,298,29.534192269573833,0.07670843156049456,0.00834730620541099,6.697503019266241,5.981431383927922,2.8953030866695766,116.81113752763554,118.82369572125745,8.137406458423136,7.53837855997463,35.580170432221806,7.582717267966428,6.866645632628109,6.25920947236802,0.14180917468130752,137.0,60.0,77.0,22.859112605027377,29.09895291797709,29.923677526349433,0.006184182668929351,0.08491980881169714,1083.0053667262969
670764,Taylor Walls,2022,465,912,182,19.956140350877195,0.1279305871902336,0.013248645666029896,6.792736097873201,5.865535389151002,3.3395597155177437,116.48540554442963,119.09135345715383,9.386013824412153,8.498247678147083,35.580170432221806,7.743565063604048,6.816364354881848,6.866360041680004,0.18022175402218985,12.0,61.0,-49.0,23.28336686862251,28.547737344474243,29.28462979291565,0.005772336048083038,0.08570250121761232,1176.774193548387
592885,Christian Yelich,2022,666,1440,333,23.125,0.11552606704381417,0.008307940048094094,6.50706207727376,5.83746702338869,2.8474651674561553,116.40651787913363,118.288451118213,8.002955390223365,7.431112764122178,35.580170432221806,7.54889258007971,6.87929752619464,6.894512763329417,0.13780219863852744,45.0,62.0,-17.0,38.47018032559012,45.69301923136399,46.8494510894786,0.0050158603512318566,0.08329139825617647,1297.2972972972973
663837,Matt Vierling,2022,357,669,189,28.251121076233183,0.07781645605684401,0.015319465857638572,7.731327835307887,5.782472959458243,4.890027863513686,116.25195407782974,121.72931647428622,13.743688701067102,11.330353573043059,35.580170432221806,8.60561586620878,6.656760990359135,8.287978626555972,0.32035784886020924,111.0,63.0,48.0,14.707310194743517,19.30745025675171,19.82765163513774,0.006876143590445729,0.1124903428933715,1124.3697478991596
573262,Mike Yastrzemski,2022,559,1147,248,21.62162162162162,0.12574001670253793,0.009673274836450588,6.39340127265391,5.7018736450784555,2.9417196592600043,116.0254253304947,117.96900125825135,8.267862754799932,7.641739163411533,35.580170432221806,7.396844085867331,6.705316458291876,6.071231178048283,0.14572459706552024,30.0,64.0,-34.0,31.18352414222941,37.1400429945853,38.07491721556247,0.005193128903536089,0.08092451987440358,1231.1270125223612
502054,Tommy Pham,2022,623,1183,260,21.978021978021978,0.11968462286825352,0.010229568674534794,6.242458518810923,5.59414026543856,2.8869510825075166,115.72263482013128,117.54476845663922,8.113932697447288,7.51970509936855,35.580170432221806,7.197732239394897,6.549413986022534,5.70886684190167,0.14110748844303922,36.0,65.0,-29.0,31.118001945745913,37.59975470777792,38.591647254317614,0.005479080948463236,0.08715330261866673,1139.3258426966293
630105,Jake Cronenworth,2022,678,1251,275,21.982414068745005,0.12259986059591264,0.009091732388972656,5.9943796756471235,5.514745491248045,2.5084981428158097,115.49949149837076,116.84752940423958,7.050270171117801,6.64989787359812,35.580170432221806,6.932234665210071,6.452600480810993,4.897477880383797,0.11035153913490112,37.0,66.0,-29.0,33.714961663875975,40.488610697357224,41.548386835563356,0.005414587556739608,0.08014262669969414,1107.0796460176991
666185,Dylan Carlson,2022,487,978,244,24.948875255623722,0.10469983976841915,0.010698642157970487,6.3304104546538476,5.4813363565057704,3.352091198407498,115.40559331200339,117.79196214563649,9.421234237180062,8.524363169267009,35.580170432221806,7.205536460615171,6.356462362467094,4.920180692709143,0.18133111481255793,72.0,67.0,5.0,25.546760903494274,30.684944055854977,31.395254664026922,0.0052537660044588005,0.08700097289063556,1204.9281314168377
663656,Kyle Tucker,2022,607,1146,300,26.17801047120419,0.09974400691456456,0.010678280952928252,6.0822812485910465,5.303000876496349,3.2887776094048506,114.90437176684767,117.09458154557592,9.243287959145064,8.391875528507414,35.580170432221806,6.855032615592115,6.075752243497417,6.477190357742389,0.17573833637364836,86.0,68.0,18.0,29.923202074369367,36.07644327086064,36.85821007047672,0.005369320415786453,0.09828327936133749,1132.7841845140033
457759,Justin Turner,2022,528,1081,291,26.919518963922297,0.1014995841042136,0.010567458412693072,6.238807314854781,5.292735210880727,3.6287788477258553,114.87551955649872,117.53450654976302,10.19887989192877,9.087437488796896,35.580170432221806,7.2241391482212345,6.27806704424718,5.758350776506236,0.20607785082381425,97.0,69.0,28.0,29.53637897432616,35.026529411398364,35.893621424760845,0.005078770062046445,0.09712484227489532,1228.409090909091
514917,César Hernández,2022,617,1156,296,25.60553633217993,0.09993272486599569,0.00941840657219336,5.6759881464619175,5.133089784355555,2.8111469143806858,114.4268274210035,115.95267273178005,7.900880968897438,7.349177806071343,35.580170432221806,6.591680558542991,6.048782196436628,5.8731094501797125,0.134780155556078,80.0,70.0,10.0,29.580086560334724,35.416894370946395,36.35853140136977,0.0050491417046813775,0.08502341402808251,1124.1491085899513
543939,Kolten Wong,2022,494,989,218,22.04246713852376,0.11334561993738912,0.011393834066761019,5.8018864827790475,5.1046151771181725,3.1989438885010193,114.34679799199436,116.3065168387299,8.990805411106235,8.20157446416817,35.580170432221806,6.706596145589249,6.009324839928374,6.057883162950854,0.16785833393794186,39.0,71.0,-32.0,24.709345146350827,29.48623168383891,30.23110930621931,0.004830016721423744,0.08374987646265585,1201.2145748987853
593160,Whit Merrifield,2022,552,992,293,29.536290322580644,0.0795402004429791,0.010506162796775272,5.8072609016731045,5.057773286567505,3.3392634592722787,114.21514631640754,116.32162193471109,9.38518118015591,8.497629641127295,35.580170432221806,6.780715157093577,6.0312275419879775,5.540326042995754,0.18019554163823215,138.0,72.0,66.0,23.305278729792878,28.647958759332134,29.54353667431897,0.005385766158809734,0.09753998318537521,1078.2608695652175
605170,Víctor Caratini,2022,313,606,149,24.58745874587459,0.11240347929977024,0.013117130448859857,5.965261562258335,4.8638029286173445,4.168410034831941,113.66998209826626,116.76569136626767,11.715542630051544,10.11122194325865,35.580170432221806,6.907650946996321,5.80619231335533,4.284879903289493,0.2551265934960421,63.0,73.0,-10.0,16.748118415665765,19.859996530643865,20.35160965968218,0.005135112400953957,0.08833385984086124,1161.661341853035
606466,Ketel Marte,2022,557,1119,314,28.060768543342267,0.09355145149267927,0.00984659457485798,5.5620251239224485,4.775518815374781,3.571758707613582,113.42185480665944,115.6323734719534,10.038621693557028,8.97351964199347,35.580170432221806,6.355033241652326,5.568526933104659,5.36608117376594,0.20094355399338315,108.0,74.0,34.0,29.37515576870129,34.53856909207596,35.27474496136853,0.004614310387287464,0.09912221851766237,1205.3859964093358
663697,Jonathan India,2022,425,814,202,24.815724815724817,0.09646049053973135,0.011854872443183766,5.472049981363682,4.721497007298714,3.519696372578173,113.27002358320036,115.37949345067817,9.892297675422869,8.868544692585294,35.580170432221806,6.537623913429172,5.787070939364204,5.721965478919869,0.19626965612020372,66.0,75.0,-9.0,19.485019089025734,23.361054492491675,24.11583602770473,0.0047617142548721635,0.08738374992895045,1149.1764705882354
669221,Sean Murphy,2022,607,1217,365,29.99178307313065,0.08331380577641712,0.008650948309105944,5.131353748405877,4.54679347970586,3.198429322650521,112.77900983742403,114.42194819774912,8.98935919585699,8.200476605519281,35.580170432221806,6.173194281244656,5.588634012544639,4.938393539540357,0.16781339808071677,144.0,76.0,68.0,30.409539108392245,35.60075865052952,36.654753989584755,0.004265587134048708,0.09275320173688226,1202.9654036243824
679529,Spencer Torkelson,2022,403,793,195,24.59016393442623,0.10747281011732333,0.011463463728666216,5.117871763215666,4.409593361262125,3.6070547299042355,112.39340145843919,114.3840563466803,10.137823079783919,9.044165785075185,35.580170432221806,6.05447039982599,5.34619199787245,4.948914488741543,0.20411995920885379,64.0,77.0,-13.0,20.95719797287805,24.39470184050457,25.023783924761172,0.004334809416931301,0.08603396412281611,1180.6451612903227
592663,J. T. Realmuto,2022,557,1103,348,31.550317316409792,0.08273599326516169,0.010185557769152481,5.180341986255974,4.403490357369313,3.7818141548235427,112.37624863477737,114.55963229890713,10.628993928029892,9.387737586671784,35.580170432221806,6.125366795719426,5.348515166832765,4.054028329098473,0.21992283551694766,177.0,78.0,99.0,28.79212565627627,33.601209800183895,34.4785078316358,0.004360003756942547,0.10571007272046244,1188.1508078994614
592325,Ben Gamel,2022,420,897,213,23.745819397993312,0.11947499682907274,0.010397123517032132,4.960330071762034,4.296684152376816,3.5651974612347868,112.07606399907992,113.94127687277715,10.020180954518711,8.960340567550032,35.580170432221806,5.837055745480484,5.1734098260952655,4.40893468529351,0.20035375077916653,55.0,79.0,-24.0,25.448174324592493,28.92040537482592,29.534113346428832,0.0038709376256782883,0.08332693491214185,1281.4285714285713
572233,Christian Walker,2022,665,1303,305,23.407521105141978,0.1080689963433679,0.010774989262173901,4.685187252513396,4.203441417171748,3.0924761493287756,111.81400023133409,113.16797304678012,8.69157205196576,7.972528208258004,35.580170432221806,5.476320808542333,4.9945749732006846,5.411472114353664,0.1586136549296342,51.0,80.0,-29.0,32.96104388472721,38.15379308959622,39.03063278086163,0.003985225790382973,0.09495209380654368,1175.639097744361
660670,Ronald Acuña,2022,526,1115,275,24.663677130044842,0.1156363947659238,0.010031031331285582,4.652510836901705,4.112898165317623,3.332512528521191,111.55952350805194,113.07613420729524,9.36620732289475,8.483538106859724,35.580170432221806,5.658117340766563,5.118504669182482,3.74140002041488,0.17959840423267812,65.0,81.0,-16.0,31.800008560629045,35.87870972764621,36.76029142936773,0.003658027952481759,0.087492102059844,1271.8631178707224
666158,Gavin Lux,2022,472,948,225,23.734177215189874,0.11431285536141388,0.010434561131295077,4.5881675436312275,4.0779464834399235,3.263705746469285,111.46128990924363,112.8952938895316,9.172822127669281,8.339037349650809,35.580170432221806,5.461063613320646,4.950842553129342,3.661837276369521,0.1735322834757256,54.0,82.0,-28.0,25.720392456318123,29.32975092397469,30.0164291654637,0.0038073401557558706,0.08338685141639308,1205.084745762712
573131,Darin Ruf,2022,386,804,197,24.502487562189053,0.10075143185516959,0.010557030138862968,4.714079909343209,4.073845998140911,3.6590460689047744,111.44976527277,113.24917742685707,10.283947559708992,9.147459468888197,35.580170432221806,5.796105024003854,5.155871112801556,4.797409785084814,0.20880910473104586,61.0,83.0,-22.0,19.84803207546841,22.880756817145876,23.57685964091089,0.0037720456986038114,0.08301869597747298,1249.740932642487
514888,José Altuve,2022,601,1275,365,28.627450980392155,0.09232843693873682,0.008672242613869997,4.149052945281925,3.7169609550817624,3.2549287412144894,110.4467204904551,111.66113847932695,9.14815387805672,8.32049003478728,35.580170432221806,5.031988432791977,4.599896442591814,5.518769278127226,0.1727612163898357,115.0,84.0,31.0,33.69987948263894,37.855847516163,38.740254562818905,0.003259582771391421,0.09130816488810195,1272.8785357737104
608348,Carson Kelly,2022,354,701,171,24.393723252496432,0.10838011391914787,0.013553692120885922,4.3919258073815755,3.696966234108869,4.148029660420944,110.3905242420111,112.34374583940777,11.658262481689636,10.074329277802011,35.580170432221806,5.2927198645849,4.597760291312193,3.639563125400999,0.2532682367403736,60.0,85.0,-25.0,18.532999480174286,21.12423570652942,21.655704200279377,0.0036964853443011833,0.09243466163816094,1188.135593220339
641933,Tyler O'Neill,2022,383,809,212,26.20519159456119,0.10701380975417986,0.01180811896166995,4.2984663695071355,3.6077955668868773,4.228238238770078,110.1399052423302,112.08107301704884,11.88369304420458,10.218727983411997,35.580170432221806,5.307000654376861,4.6163298517566025,4.118668853180973,0.26058062469648446,87.0,86.0,1.0,22.68692766788613,25.430782033754852,26.074563085596694,0.00339166176250769,0.09489267998921268,1267.3629242819843
596103,Austin Slater,2022,324,705,185,26.24113475177305,0.10906080091055816,0.01100931801776443,4.193797908620988,3.527475904379285,4.240848812874748,109.91416247175917,111.78689662718152,11.919135747124436,10.241237006634762,35.580170432221806,5.467975266001334,4.801653261759631,4.77449544743581,0.2617298627002216,88.0,87.0,1.0,20.17624816845326,22.440899039108594,23.12895481209398,0.0032122707385182033,0.0862485875095161,1305.5555555555557
669289,Santiago Espinal,2022,492,961,246,25.59833506763788,0.10609996383919898,0.009971267067690344,3.7902580839166204,3.4315563503656707,3.1941268569100423,109.64457535947611,110.6527260490133,8.977266882390774,8.191293543943576,35.580170432221806,4.738597223317212,4.3798954897662625,3.9789153116145375,0.16743776676136932,79.0,88.0,-9.0,26.100591104442948,29.208602733254576,29.986240827563062,0.0032341432141640256,0.08448980718278176,1171.9512195121952
664023,Ian Happ,2022,636,1292,346,26.78018575851393,0.10032847946087999,0.007781247465888357,3.700479544112454,3.4186675399723945,2.841450112088999,109.60835065836675,110.40039859044985,7.986049750666033,7.417572363273239,35.580170432221806,4.701559677014276,4.419747672874217,3.4289048427006024,0.13730047107234528,94.0,89.0,5.0,34.713653893464475,38.636162210223674,39.69730715109961,0.003035997149194428,0.08379433214026187,1218.867924528302
657041,Lane Thomas,2022,549,1070,280,26.168224299065418,0.10058729271646309,0.010171427197396131,3.6986930866938366,3.3196992421946594,3.3912945629493616,109.3301948862738,110.39537765492055,9.531417420862512,8.605719911133361,35.580170432221806,4.756489589629055,4.3774957451298775,3.3344533926745745,0.18480888964863706,85.0,90.0,-5.0,28.164441960609665,31.548746134934525,32.51662993512025,0.0031629010974998694,0.094862533419081,1169.3989071038252
641680,Jonah Heim,2022,451,899,264,29.36596218020022,0.09673866656611739,0.009860072975447625,3.6384792752641593,3.22400098731302,3.6525892520564014,109.06122974721147,110.22614346998493,10.265800325533503,9.134681190653835,35.580170432221806,4.802734560962593,4.388256273011454,3.4332080392292683,0.20822613255164926,133.0,91.0,42.0,25.53900797345499,28.27393156202855,29.149063451778538,0.0030421841919616903,0.09156853847559178,1196.0088691796009
681082,Bryson Stott,2022,471,905,256,28.28729281767956,0.096938562959584,0.010374755487997834,3.6072220725801962,3.219658061250013,3.536884356436659,109.04902371781293,110.1382934054567,9.940605436880135,8.903302919564249,35.580170432221806,4.698295028561165,4.310731017230982,3.3063665404804583,0.1978111387640335,112.0,92.0,20.0,24.816272117653504,27.64794144462896,28.50443371507402,0.0031289163833982917,0.09229246112679246,1152.8662420382166
666624,Christopher Morel,2022,422,817,235,28.76376988984088,0.09810598282987845,0.008741857328044247,3.474310202505566,3.1431501336410252,3.352003498491124,108.83399403504417,109.76473738124422,9.420987751805459,8.524180587808225,35.580170432221806,4.414440836021043,4.083280767156502,3.9554393955812888,0.18132334711326017,120.0,93.0,27.0,23.054905965021437,25.498504140783684,26.159729353022904,0.0029909402396110746,0.08248113633356616,1161.611374407583
458015,Joey Votto,2022,368,734,173,23.56948228882834,0.11733309262584045,0.011299465710238054,3.184612960424025,2.8422073364070264,3.813791695537452,107.98817797070778,108.95052755998044,10.718868541685339,9.449486687048157,35.580170432221806,4.104015993939614,3.761610369922615,2.693535876773945,0.2228254943047185,53.0,94.0,-41.0,20.298625024270397,22.2518543066638,22.815754833886693,0.0026610753166122643,0.08633870037167761,1196.7391304347827
666971,Lourdes Gurriel,2022,494,941,280,29.75557917109458,0.08780897509877036,0.009592483302274968,3.1078572617059472,2.8323186590624694,3.4354471320175226,107.96038530635448,108.73480150306261,9.655510612468406,8.696725141927896,35.580170432221806,4.196110231561439,3.9205716289179615,3.4724518744393507,0.18873825379186618,139.0,95.0,44.0,24.586513027655702,27.145315506460264,28.041310451641287,0.0027192374907593657,0.09220705608143255,1142.9149797570851
602074,Yonathan Daza,2022,409,785,282,35.92356687898089,0.07326197194929104,0.009921723247715111,3.1991108735633658,2.8130109088613415,4.1002571135249095,107.90611982654768,108.99127473168654,11.523995145935753,9.987310047524483,35.580170432221806,4.216714419173368,3.8306144544713434,3.117196495512595,0.24891181316797,232.0,96.0,136.0,20.659876089700074,22.840603335179104,23.534269752103253,0.002777996491056086,0.09975813469554876,1151.5892420537898
543807,George Springer,2022,584,1098,284,25.865209471766846,0.10392775086956078,0.008939571961877172,2.939536304889853,2.7549821362946734,2.908154202368187,107.74302681192255,108.26172631884803,8.173525216547388,7.567066423129861,35.580170432221806,3.76460475161514,3.5800505830199607,3.300859003078432,0.1428905592492965,83.0,97.0,-14.0,29.51548124695526,32.37662991704805,33.17969653852733,0.0026057820310499,0.08542359756986895,1128.0821917808219
670768,Luis González,2022,351,717,182,25.383542538354252,0.11452946331740395,0.013609339493420533,3.1972123604080553,2.7426810878389394,4.589483307394929,107.70845404763755,108.9859388574278,12.898991914998362,10.84292548816737,35.580170432221806,3.978022555308137,3.523491282739021,2.822728727545591,0.2933873539774426,76.0,98.0,-22.0,20.84436232376752,22.71473155460623,23.17150551862278,0.002608604227111175,0.10026747602903739,1225.6410256410256
570482,Gio Urshela,2022,549,1029,375,36.44314868804665,0.0702168006056917,0.009567120518765584,3.016454788761491,2.691837379886454,3.9718679825971237,107.56555504705705,108.4779098922746,11.163150525552725,9.749671602326199,35.580170432221806,4.206970575676867,3.88235316680183,3.5121929838840984,0.2372075013564192,235.0,99.0,136.0,26.33130022713439,29.091356358851154,30.18067830387872,0.0026822702932135707,0.11329433944061171,1124.5901639344263
643265,Garrett Cooper,2022,469,945,290,30.687830687830687,0.08940493971620118,0.009830287429714766,2.905064905250217,2.614707251005254,3.903406662277192,107.34877663384475,108.16484257933558,10.970736269273806,9.62069677126088,35.580170432221806,3.8841695821037114,3.5938119278587486,3.125798159592117,0.23097314976185204,157.0,100.0,57.0,25.927432517698342,28.198224918635596,28.96355840770941,0.002402954921626723,0.09925433572175912,1208.9552238805968
605204,J. D. Davis,2022,363,729,187,25.65157750342936,0.11440457453061827,0.01171753970973071,2.6836694998904607,2.4285349634174844,4.072029435707451,106.82552931567236,107.54259877704267,11.444659725462627,9.93553517699856,35.580170432221806,3.9524819424199205,3.697347405946944,3.1932424852557273,0.24633775221776338,81.0,101.0,-20.0,21.393655437225615,23.017275484659343,23.784907012389667,0.0022271879937362533,0.09124362254085214,1204.9586776859505
662139,Daulton Varsho,2022,592,1101,333,30.24523160762943,0.09440386683326113,0.008982567209102494,2.5683727437390687,2.412278442404319,3.21876997862998,106.77983948109403,107.21855098651557,9.046527713411471,8.243806934430406,35.580170432221806,3.585016701444777,3.4289224001100274,1.9327378400698425,0.16959149482096164,148.0,102.0,46.0,31.436487655475954,33.970615429298505,34.9737041342348,0.0023016601033810607,0.09571207658922945,1115.8783783783783
518735,Yasmani Grandal,2022,376,785,164,20.891719745222932,0.1341534449994716,0.012310349416100794,2.5363108691224254,2.3501100952160936,3.6678311087314173,106.60511196733282,107.12843934784954,10.30863839092178,9.1648227154532,35.580170432221806,3.208844970396597,3.022644196490265,2.7116075083007276,0.20960255890314144,21.0,103.0,-82.0,22.00116497991334,23.590586457896727,24.012041161361875,0.002024740736284569,0.0820372503838422,1252.659574468085
621020,Dansby Swanson,2022,695,1363,361,26.48569332355099,0.10400361965703882,0.008111582130122384,2.327835554938409,2.234040135925546,2.849350235133732,106.27889104741998,106.54250816300276,8.00825347523723,7.435353779546408,35.580170432221806,3.385621672368343,3.2918262533554805,2.6799047972364796,0.13795953389535887,91.0,104.0,-13.0,37.54530669619101,40.24171621399467,41.46698513335101,0.0019782901818075254,0.08939875305017374,1176.6906474820144
571448,Nolan Arenado,2022,620,1248,411,32.93269230769231,0.08283632847875733,0.007389950495613062,2.296616390291379,2.1969926097924217,3.034002554768849,106.17476696458654,106.45476500644173,8.527228840987288,7.845121673288136,35.580170432221806,3.0355716847655856,2.9359479042666283,2.3783265236518045,0.15358464947724249,198.0,105.0,93.0,34.04573100476926,36.41890127473702,37.182488412360364,0.0019015787419613451,0.08874606153610401,1207.7419354838707
664761,Alec Bohm,2022,633,1169,369,31.565440547476477,0.08615493323033978,0.009199819887572945,2.1650230591593016,2.074527326038637,3.280602981764206,105.83057163818395,106.0849148074868,9.220312724509196,8.37467102887193,35.580170432221806,3.0580393890483335,2.967543655927669,2.492763220178305,0.17501849946749012,178.0,106.0,72.0,31.791170361995377,34.075269689408444,35.01740191744137,0.0019538916402164785,0.10122758579122809,1108.0568720379147
670541,Yordan Álvarez,2022,555,1173,292,24.893435635123616,0.11394917098402813,0.010448564768238548,2.1549893922124053,2.0530237822496815,3.573539202526358,105.77013476132885,106.05671464198727,10.043625871140067,8.977093469960133,35.580170432221806,2.8719525837000157,2.769986973737292,3.5931825074199217,0.20110364294972574,71.0,107.0,-36.0,33.273157927336214,35.266523115132685,35.92971406725873,0.0016993735616338235,0.09651421383719555,1268.1081081081081
663538,Nico Hoerner,2022,510,913,308,33.734939759036145,0.0780037727578445,0.00909206275283165,2.0947475928385932,2.0132215463488508,3.364957373298987,105.6582684171902,105.8874017954157,9.457395319983188,8.55112095447748,35.580170432221806,2.843980683767999,2.7624546372782564,1.7175020375951575,0.1824712901230634,217.0,108.0,109.0,24.025162009416103,25.805697463328908,26.442545590618902,0.0019502031258628741,0.09465925976716265,1074.1176470588236
650559,Bryan De La Cruz,2022,355,754,236,31.29973474801061,0.0912166421485828,0.01418386510168921,2.1628013188610176,1.9682903723742393,5.550169593230166,105.53198691423843,106.0786704858006,15.599052859521633,12.304409764001063,35.580170432221806,3.011822938703872,2.8173119922170935,1.666071594108757,0.37780701277040607,173.0,109.0,64.0,21.52712754706554,22.806784994058308,23.309122785798664,0.0016971584177622931,0.11959077588891828,1274.3661971830984
665482,Gilberto Celestino,2022,347,663,146,22.021116138763198,0.13539485114845334,0.011923513759504113,1.8752975640757057,1.830261133297326,3.540138061376584,105.14404824671615,105.27062557962739,9.949750151198248,8.909871424368706,35.580170432221806,2.7843664453037644,2.7393300145253847,1.650621674810953,0.19810312090185508,38.0,110.0,-72.0,19.76764826767419,20.852195358897973,21.3779401952082,0.001635817633821694,0.0795136444625831,1146.3976945244956
519203,Anthony Rizzo,2022,536,1069,324,30.30869971936389,0.08746290624428885,0.00927283308657596,1.820602459014143,1.7879358983162401,3.44078632357401,105.02509087673471,105.11690201844954,9.670516700105502,8.707685325856763,35.580170432221806,2.8026478405139854,2.7699812798160828,2.3818485286619917,0.18921427423374867,149.0,111.0,38.0,28.337981623149588,29.964386486535556,30.841680360675415,0.001521426439088838,0.09401180476794696,1196.641791044776
656775,Cedric Mullins,2022,667,1170,351,30.0,0.08976624916836959,0.00862627505290474,1.6202236879559389,1.6240385028081243,2.8443512185847895,104.56444835165088,104.55372660747192,7.9942034679207525,7.424104475660149,35.580170432221806,2.716698449239165,2.7205132640913505,1.6196532049533703,0.13754239847507044,146.0,112.0,34.0,31.507953458097724,33.30910212454207,34.52801656750193,0.0015394433046532923,0.09244105098179643,1052.4737631184407
593428,Xander Bogaerts,2022,625,1284,378,29.439252336448597,0.09721249600956686,0.007516410657486574,1.6056513879377714,1.6117924785931037,2.9349568736164007,104.53003023598068,104.51277036740576,8.248855578719967,7.626723912640386,35.580170432221806,2.6534163507658217,2.6595574414211542,2.3296297226764886,0.1451524912577419,134.0,113.0,21.0,36.74632349161627,38.41887702071812,39.51029885699734,0.0013026117827895992,0.08531943664404719,1232.6399999999999
623993,Anthony Santander,2022,646,1395,457,32.75985663082437,0.09407358084283302,0.007733493334048468,1.4686495516564628,1.5019293683683317,3.400191739924976,104.22125400222413,104.12771927119955,9.556423419618373,8.624111420348191,35.580170432221806,2.4756014393820402,2.5088812560939093,0.7762829719895139,0.18559965355602456,195.0,114.0,81.0,42.99162644517469,44.57287246245814,45.65702399490935,0.0011335096898089307,0.09801613466408912,1295.6656346749226
543877,Christian Vázquez,2022,426,811,260,32.059186189889026,0.08644510315161959,0.011221146101010809,1.274452338389745,1.3711688341331474,4.210256543362997,103.85374442414532,103.58191746387922,11.833154513363828,10.18654098485903,35.580170432221806,2.4864530838525596,2.583169579595962,1.791892510337279,0.25894165377724854,185.0,115.0,70.0,22.475726819421094,23.380587979677813,24.241108508956412,0.0011157350927949678,0.1049678933187415,1142.2535211267607
547989,José Abreu,2022,675,1400,420,30.0,0.09945431255352243,0.008175900853605199,1.280687684783137,1.3433250314270042,3.2296922450191436,103.77548790550614,103.59944224332139,9.07722533586938,8.267016515887422,35.580170432221806,2.128287353158277,2.190924699802144,1.5525482668971462,0.17054777352861003,146.0,116.0,30.0,41.77081127247942,43.21158491786045,44.16513454478248,0.001029124032415021,0.09710680054485853,1244.4444444444443
650402,Gleyber Torres,2022,573,1109,313,28.22362488728584,0.10014780735314688,0.010569190672051696,1.2256948501367788,1.3069775697506734,3.477502061435101,103.67333139182229,103.44488189698714,9.773708273993638,8.782793265909682,35.580170432221806,2.217104667324243,2.2983873869381375,1.568632879064834,0.19249247832393773,110.0,117.0,-7.0,31.346263701534973,32.5168022834156,33.463598658829625,0.0010554901549870367,0.09972521806108012,1161.2565445026178
660271,Shohei Ohtani,2022,652,1327,379,28.560663149962323,0.10261880977551525,0.008791819532054133,1.179963244397554,1.258217966003062,3.1915442880802702,103.53628987921768,103.31635073712003,8.970008432534016,8.185778396597959,35.580170432221806,1.9370207532940562,2.015275474899564,0.44753238936369116,0.1672123730368245,114.0,118.0,-4.0,38.89252890492028,40.17475563049896,40.99742479016649,0.0009662597781301247,0.09520543885828894,1221.1656441717791
624428,Adam Frazier,2022,600,1075,308,28.651162790697676,0.09560097269874213,0.008311119592844583,1.1677520388527798,1.2298841503442566,2.7457735112258552,103.45665615258116,103.28203048121223,7.717145471397887,7.200613473766431,35.580170432221806,2.159447043092406,2.2215791545838828,0.043931366577911746,0.12938604600626127,117.0,119.0,-2.0,29.445099591212575,30.612851630065354,31.60454663430498,0.0010862809663746789,0.08374530698381578,1075.0
643446,Jeff McNeil,2022,587,1001,292,29.170829170829172,0.09309224632244864,0.008626730535607257,0.980649501893732,1.066147381483264,2.730361732934432,102.99646507740657,102.75616864669553,7.673829832084743,7.1653880934483745,35.580170432221806,1.8015362959235626,1.8870341755130946,0.20971200245806407,0.12812323009920162,127.0,120.0,7.0,27.182935926155004,28.14233802217437,28.94543893566689,0.0009584436523670008,0.0844286802495738,1023.1686541737649
628450,Yadiel Hernández,2022,328,670,210,31.343283582089555,0.08833034078495497,0.0103530220231194,0.854979514577594,1.054980922046734,4.136479915546522,102.96508113713624,102.40296632700588,11.625801296894515,10.053360622990406,35.580170432221806,1.9924547246197473,2.1924561320888873,1.1076603927129205,0.2522150316565517,176.0,121.0,55.0,18.549371564840545,19.016760366142965,19.638580147632673,0.0006975952258245047,0.08736070134420561,1225.6097560975609
592518,Manny Machado,2022,636,1276,394,30.877742946708466,0.09717668751766488,0.009544111515669657,0.8175946657988932,0.9958876797812874,3.7243744173166125,102.798996372652,102.29789418056994,10.467556428408159,9.275952888758193,35.580170432221806,1.751402517434876,1.9296955314172703,1.6307649328280913,0.21471654588804964,165.0,122.0,43.0,38.28761488195996,39.15426522770679,40.14410155044093,0.0006791930609301149,0.11051821524531065,1203.7735849056605
500743,Miguel Rojas,2022,504,925,284,30.7027027027027,0.09248256047330643,0.00972494054639513,0.7623939973057338,0.929041373571075,3.429204642310332,102.61112120117818,102.14274970592975,9.637965756355133,8.683898450219477,35.580170432221806,1.6711453194966344,1.8377926957619755,-0.10326249685653079,0.18818192894840033,158.0,123.0,35.0,26.265047174419024,26.90545813215584,27.668809242796197,0.000692336170526288,0.09471130543705296,1101.1904761904761
621566,Matt Olson,2022,699,1538,441,28.67360208062419,0.11410974021266769,0.008107629644819873,0.7447513854246722,0.903000991221518,3.2827601509620705,102.53793329332608,102.09316418774154,9.22637556561327,8.379213242148392,35.580170432221806,1.7071279616311108,1.8653775674279567,1.098131120343859,0.17520840231513896,118.0,124.0,-6.0,50.322395433786454,51.190030797806195,52.3111995090867,0.0005641322262807173,0.09751847711608216,1320.1716738197424
646240,Rafael Devers,2022,603,1199,437,36.44703919933278,0.07714405029318569,0.008788106792063618,0.5936311725955229,0.8385379805200093,3.9178420817487867,102.35675650322523,101.66843262801778,11.01130779913506,9.648022826645377,35.580170432221806,1.418793192248561,1.6637000001730473,0.302638790651168,0.23228709796302632,236.0,125.0,111.0,33.71194997812215,34.30854930658065,35.13783713633195,0.0004975807576801506,0.11371124038051456,1193.0348258706467
607054,Jace Peterson,2022,328,688,161,23.401162790697676,0.13402325882501132,0.01154410021557158,0.4806027070701609,0.7556410173929157,3.9543082057575067,102.12377008938833,101.35075999139937,11.113797819744113,9.716740717043049,35.580170432221806,1.4252652178168659,1.7003035281396208,0.07449756925768916,0.23560780421918862,50.0,126.0,-76.0,21.57774467082682,21.84047415069184,22.356889656566707,0.0003818742439898565,0.08241360089777594,1258.5365853658536
518595,Travis d'Arnaud,2022,421,804,290,36.069651741293534,0.07844280319868396,0.009732969482848334,0.3673934646715086,0.6918118009458785,4.148814953318358,101.94437461243683,101.0325792715675,11.660469589997085,10.07575337406583,35.580170432221806,1.427665442196153,1.752083778470523,-0.3533929406770703,0.2533398452479556,233.0,127.0,106.0,22.74841292761835,23.006200675329527,23.750158179559318,0.00032063152700394926,0.10266605771147044,1145.8432304038004
543760,Marcus Semien,2022,726,1430,355,24.825174825174827,0.12044649920135003,0.008207020987415476,0.3948058252840505,0.5404693753745906,2.5830889792185294,101.51901851174141,101.10962319878746,7.259911765007327,6.82494414982093,35.580170432221806,1.3231273733875635,1.4687909234781036,-0.0013057948320981403,0.11623760343832103,67.0,128.0,-61.0,42.75850721647926,43.23622226507296,44.35949133827821,0.00033406646754804276,0.08265263775324395,1181.8181818181818
660688,Keibert Ruiz,2022,432,792,251,31.691919191919194,0.08487597564388373,0.010895139926522445,0.21123949364271236,0.5271654457800817,3.7814955552242218,101.4816270955877,100.59370006123245,10.628098486565024,9.387120628646477,35.580170432221806,0.7952650830697541,1.1111910352071235,1.0207239072406122,0.219893930000885,180.0,129.0,51.0,21.303869886614816,21.455962322037568,21.87646074642504,0.0001920359033115567,0.09674610735232331,1100.0
663624,Ryan Mountcastle,2022,609,1291,490,37.955073586367156,0.08074356717937997,0.008787274084248035,0.08671568348016212,0.5095167212201379,4.340565059333985,101.43202439738376,100.24371913463807,12.199393669579276,10.417379137845158,35.580170432221806,1.068799686862562,1.4916007246025378,0.8869666242713009,0.2708104286406021,244.0,130.0,114.0,39.564347917896185,39.65236433662855,40.649179600061686,6.817693162847758e-05,0.12261657789013712,1271.92118226601
602104,Ramón Urías,2022,443,816,238,29.166666666666668,0.09941635654976827,0.009743664950570958,0.20603883034961593,0.48671214435382304,3.5016444165312035,101.36793089645532,100.5790833147978,9.84156167324054,8.831931547438103,35.580170432221806,1.0394465910256532,1.3201199050298604,-0.40457444077977395,0.19465243117213057,126.0,131.0,-5.0,23.66109285884485,23.813218195252983,24.42855092521879,0.00018642810834330035,0.09050643089386337,1105.1918735891647
596019,Francisco Lindor,2022,706,1490,446,29.93288590604027,0.09701844525447953,0.008257108778048132,0.21125165674811697,0.45495108788278427,3.219136213265581,101.27866472351346,100.5937342463003,9.047557035731044,8.244585825101623,35.580170432221806,1.200336143851056,1.4440355749857234,0.9884855882780271,0.16962354299348567,143.0,132.0,11.0,43.27022658349787,43.51879936627149,44.682622112762616,0.0001668273709890051,0.09812951900621872,1266.28895184136
663647,Ke'Bryan Hayes,2022,561,1161,316,27.217915590008612,0.11183204989273123,0.009621675733084659,0.14117719753534988,0.43400250906983073,3.4981345096474827,101.21978760584236,100.3967861756151,9.831696889454841,8.824799902990065,35.580170432221806,1.1600385967371196,1.4528639082716004,-0.12415864435982568,0.19433820059841192,99.0,133.0,-34.0,35.33892776610307,35.47092844579862,36.423563854052276,0.00011369567587902855,0.09599132930008814,1241.7112299465239
545358,Max Stassi,2022,376,699,150,21.45922746781116,0.1427038465875458,0.012145517430361956,0.07301622133085679,0.39768905872619476,3.629567212613658,101.11772668285491,100.20521605277284,10.20109563423193,9.089004806214856,35.580170432221806,0.7910088918156161,1.115681729210954,-0.18432502349575222,0.2061489417685535,27.0,134.0,-107.0,21.405576988131873,21.45133382016588,21.90127589366966,6.54604177882741e-05,0.08603057979247514,1115.4255319148936
592626,Joc Pederson,2022,430,893,266,29.78723404255319,0.09431878121497869,0.010681157053828582,-0.056229988177119265,0.3796904735482025,4.1757239498277885,101.06714068239637,99.84196256652498,11.736098785086778,10.124428023206757,35.580170432221806,0.9802517105751001,1.416172172300422,1.3858770561390437,0.2557934609525983,140.0,135.0,5.0,25.088795803184333,25.04849764499073,25.791309529096488,-4.5126716902130055e-05,0.10014361307036253,1246.046511627907
643396,Isiah Kiner-Falefa,2022,531,931,286,30.71965628356606,0.09362956428974548,0.009927772236841867,0.040132722664613665,0.3207045936354027,3.274754432072184,100.901357665631,100.11279519512439,9.203875058188393,8.362348221110699,35.580170432221806,1.0064684885404136,1.2870403595112028,-0.12205486506125088,0.17450382072322249,159.0,136.0,23.0,26.778055386867205,26.813572846425387,27.66877999922547,3.814979544380569e-05,0.09498328132607824,1051.9774011299435
493329,Yuli Gurriel,2022,581,1080,381,35.27777777777778,0.0778561488874035,0.007779046285444822,0.014483955471765198,0.2835991838770759,3.163285863239452,100.79707089772748,100.04070794292387,8.89058659588304,8.125285517795714,35.580170432221806,1.1033533613097934,1.372468589715104,0.6767125735824079,0.16475010693713163,227.0,137.0,90.0,29.663192726100732,29.677218022982558,30.731606564302382,1.298638600169071e-05,0.09320762559634578,1115.3184165232358
641355,Cody Bellinger,2022,551,1144,364,31.818181818181817,0.09890683742184,0.008548903182043007,-0.21009418448959727,0.15477814026169756,3.520854041225165,100.43501236329529,99.40951889230038,9.895551365984012,8.8708889199898,35.580170432221806,0.823617215178225,1.18848953992952,-0.2906910434626617,0.19637342997078244,183.0,138.0,45.0,36.00208882154976,35.80915232879349,36.7584439641551,-0.00016865078038136376,0.09559503967613564,1245.7350272232306
453568,Charlie Blackmon,2022,572,1005,326,32.43781094527363,0.0828854863815181,0.009264118359037054,-0.3295339944512194,-7.761783522897137e-05,3.1845590076531543,99.99978185086162,99.0738268241886,8.950375922789796,8.170849918506986,35.580170432221806,0.6158780413524065,0.945334417968397,0.7060967106628313,0.16660303573708402,191.0,139.0,52.0,27.0206685603749,26.70651281899807,27.607805626464195,-0.0003125927774893823,0.09576593385185257,1054.1958041958042
676801,Chas McCormick,2022,408,835,245,29.34131736526946,0.0981111014651811,0.00942750951849798,-0.7644924716718352,-0.2410939422109346,3.7491080628171662,99.3223923908116,97.85135241797633,10.537071681427168,9.324224303326796,35.580170432221806,0.2957814181092696,0.8191799475701702,0.8851301577755809,0.21695710058705844,132.0,140.0,-8.0,24.03721985896937,23.51736497823252,24.238351223283672,-0.0006225806954932311,0.08822539948013226,1227.941176470588
669261,Jack Suwinski,2022,373,759,186,24.50592885375494,0.13572326857379635,0.01030765262986572,-0.7987676750937648,-0.2832726907620763,3.6798389093159085,99.2038467288916,97.75502009858168,10.342386966149563,9.188513339766244,35.580170432221806,0.14876216975465426,0.6642571540863428,-1.37158783153378,0.21068758445585578,62.0,141.0,-79.0,25.24452795472612,24.747960716709496,25.337008436923597,-0.000654238785265644,0.08303582417907295,1220.911528150134
641820,Trey Mancini,2022,585,1208,369,30.54635761589404,0.1043403004612575,0.009908186578941394,-0.8648231447535512,-0.3034268579128867,3.8202955837884116,99.14720234831113,97.56936761615296,10.737148072592447,9.462003543288674,35.580170432221806,0.08919747172671011,0.6505937585673746,0.12207029371548737,0.22341619769111207,154.0,142.0,12.0,38.50157087020402,37.658368304069306,38.58853840513756,-0.0006980153693168148,0.10716873760973801,1238.9743589743591
661388,William Contreras,2022,374,823,238,28.918590522478738,0.10684702986549531,0.01257502074696459,-1.2839772448911657,-0.3155516372992202,5.0020759136980635,99.11312499781212,96.39131226946462,14.058605827160756,11.504867766085257,35.580170432221806,-0.30089855122369763,0.6675270563682478,-1.2144378035706835,0.3303023825308844,122.0,143.0,-21.0,25.429593107987884,24.629247292005722,25.242033011058446,-0.00097247365246921,0.1086852760305107,1320.3208556149734
608070,José Ramírez,2022,665,1451,418,28.80771881461061,0.11264484931756931,0.009122342070067525,-0.7938170182129679,-0.3305301240897567,3.446608456241744,99.07102714777773,97.76893418842626,9.686880119945846,8.719625882886753,35.580170432221806,-0.05582383707206873,0.4074630570511425,-0.4788522471562785,0.1897335564115704,121.0,144.0,-23.0,47.08554701474397,46.20573315289127,47.02367559532243,-0.0006063500081686465,0.1002833048876026,1309.172932330827
682985,Riley Greene,2022,419,881,244,27.695800227014754,0.11816766401796028,0.009193555403335926,-0.8444362765669325,-0.33879509748353054,3.593212771334206,99.04779799149946,97.62666601562368,10.098919503994708,9.016510959031201,35.580170432221806,0.10044718901927423,0.6060883681026762,-1.3283444363647394,0.2028735708210905,106.0,145.0,-39.0,28.832910020382307,28.24321202057973,28.9030556407141,-0.0006693507375738644,0.08453912588243603,1261.5751789976134
649557,Aledmys Díaz,2022,327,613,202,32.95269168026101,0.08523067127732734,0.011689278865883338,-1.2375644479461716,-0.41537114200342795,4.496104364424451,98.83257686245577,96.521757954185,12.636545327935607,10.685637184656137,35.580170432221806,-0.27408061671902995,0.5481126892237137,0.0377845071388655,0.2849372917434051,199.0,146.0,53.0,17.21659559802012,16.542122973889455,17.06722166190825,-0.0011002816054333827,0.09896978996968898,1124.7706422018348
578428,Jose Iglesias,2022,467,887,369,41.60090191657272,0.06699981285239666,0.007909062614408864,-0.9866510374206093,-0.42211069704674153,3.7195361427883653,98.81363497723869,97.22696371199198,10.453958195264605,9.266486075051326,35.580170432221806,0.21404819762733568,0.7785885380012035,-1.488198560764282,0.21427850047941052,260.0,147.0,113.0,24.722930942534365,23.95498755174199,24.88953178968764,-0.0008657760888301852,0.09720589502099809,1139.6145610278372
607732,Jacob Stallings,2022,383,743,195,26.244952893674295,0.11118678055130944,0.01283673403232185,-1.1939835921381556,-0.48818784364996703,4.0940933851657135,98.627921570584,96.64424431464535,11.50667165286554,9.976027281549626,35.580170432221806,-0.08722838953886593,0.6185673589493227,-0.9612624992413368,0.248349734414796,89.0,148.0,-59.0,21.681422207505342,20.91926268119049,21.6257414188497,-0.0010257867110563337,0.09587621072959161,1163.9686684073108
572191,Michael Taylor,2022,456,887,278,31.34160090191657,0.09662319849309194,0.010064723004921533,-1.1940187366685024,-0.5568566208972453,3.828887556412801,98.43492424535171,96.64414553903546,10.761296277955198,9.478517073593997,35.580170432221806,-0.19377339713936467,0.44338871863189244,-0.18231181449580988,0.22419671094759988,175.0,149.0,26.0,26.861249181079558,25.953794941211495,26.71398139925364,-0.0010230600223991677,0.09770671112960913,1167.1052631578948
642708,Amed Rosario,2022,670,1221,491,40.21294021294021,0.06836887953497922,0.007821509763917857,-1.0778050752231976,-0.5752509077166875,3.3863744850993354,98.38322610395443,96.9707703416532,9.517589275043484,8.595538036950632,35.580170432221806,-0.1375868168281295,0.3649673506783805,-1.4568903155583555,0.18437183436153454,256.0,150.0,106.0,33.5691198516748,32.36557085100889,33.415481239550054,-0.0009857076172529926,0.10821829907164482,1093.4328358208954
571980,Tyler Naquin,2022,334,648,247,38.117283950617285,0.07446849117885888,0.011096997957624241,-1.8392867493194378,-0.6382497836858181,5.16242816842052,98.20616434398018,94.83058476961719,14.509284541665286,11.747965796182177,35.580170432221806,-0.5883568937698703,0.6126800718637493,-0.6931040529560111,0.3444084438142722,246.0,151.0,95.0,18.393717321178144,17.369847697390323,18.066198650312916,-0.001580045715721945,0.11289162781509739,1164.0718562874251
624585,Jorge Soler,2022,303,681,177,25.991189427312776,0.1313728955858338,0.012501487079322068,-1.7215313517436082,-0.6701466735471591,4.796759964085376,98.11651640392294,95.1615427053026,13.481554207906141,11.182128426218966,35.580170432221806,-0.8932164996602466,0.15816817853620246,-1.8481380594659509,0.31203075017810905,84.0,152.0,-68.0,23.253002518692583,22.38362918606206,22.801928186364158,-0.001276612823245994,0.0928251818117687,1348.5148514851487
663898,Brendan Rodgers,2022,580,1060,292,27.547169811320753,0.11113295603431252,0.008282529030139289,-1.0446370182725606,-0.6748106530322071,2.8420364421162008,98.10340803645761,97.06399096580346,7.987697663028675,7.418892761692902,35.580170432221806,-0.2318049183843497,0.13802144685600382,-1.4735239338999173,0.13734935700211673,104.0,153.0,-49.0,32.450823162019255,31.44100737768911,32.22674507424772,-0.0009526564003114545,0.08438270689904571,1096.5517241379312
624413,Pete Alonso,2022,669,1396,471,33.739255014326645,0.08787476675348055,0.009533734063632044,-1.5035295538645759,-0.7346571934694336,4.0460743591191175,97.93520608657872,95.77424858959371,11.371711574082138,9.887694029166708,35.580170432221806,-0.4873413607911258,0.2815309996040166,-0.1984721409239201,0.2439711545233205,218.0,154.0,64.0,41.38901514088934,39.712579688330344,40.845629523607236,-0.0012008849946697723,0.12074412767241431,1252.017937219731
605119,Brian Anderson,2022,382,788,230,29.187817258883246,0.11408026022293442,0.009701889804921182,-1.5024595160605696,-0.7882586832909686,3.8564340704286595,97.78455619038544,95.77725598891476,10.838717250595936,9.53129281448124,35.580170432221806,-0.5072012895466858,0.20699954322291525,-2.8993404714085957,0.2267002856588142,128.0,155.0,-27.0,26.238459851274918,25.281893959383023,25.915541696930195,-0.0012139161064617968,0.08746512373210588,1237.696335078534
666182,Bo Bichette,2022,698,1286,454,35.30326594090202,0.08515555196728002,0.0084582497426748,-1.352406524945392,-0.8024323655449204,3.3743272271153475,97.74472028717932,96.19898806409135,9.483729802652991,8.570572233405874,35.580170432221806,-0.6010650827900343,-0.05109092338956267,-1.6994203188366133,0.18330237105034428,228.0,156.0,72.0,38.660620593145126,37.08732100245865,37.96138154683272,-0.001223405591513587,0.10946389167357201,1105.4441260744986
657077,Alex Verdugo,2022,643,1183,297,25.10566356720203,0.11607956110519048,0.008494716941678701,-1.2114644539510022,-0.879398139607664,2.5817422628375213,97.52840380210414,96.59511340380234,7.2561267455297696,6.821799220638438,35.580170432221806,-0.40058321015078435,-0.06851689580744613,-1.6665463134302703,0.11613050371751193,74.0,157.0,-83.0,34.47562964824157,33.177343575090745,34.04633797469665,-0.0010974523019026408,0.08044151371867161,1103.8880248833593
500871,Eduardo Escobar,2022,541,1111,379,34.11341134113412,0.09044829648138042,0.008695157724291079,-1.6797553425869123,-0.9638879486815723,3.7288611394268303,97.29094060828707,95.2789564462971,10.480166604401454,9.284724760722398,35.580170432221806,-0.771877004700173,-0.05600961079483302,-1.5888472456760963,0.2151228344124467,220.0,158.0,62.0,34.279904366443176,32.76532496587731,33.58392860053852,-0.001363257786287908,0.1008707374844647,1232.1626617375232
516416,Jean Segura,2022,386,725,255,35.172413793103445,0.08505475043093826,0.011043755271664749,-2.114650085705623,-1.0519603830680657,4.46849854079475,97.04340825159342,94.0566611682372,12.558957662406325,10.638599269375113,35.580170432221806,-1.2714833603631845,-0.20879365772562708,-2.3301199925925165,0.28243423901296577,226.0,159.0,67.0,21.688961359889255,20.328536471418637,20.87097373138894,-0.001876448122028438,0.10676494273438197,1126.9430051813472
575929,Willson Contreras,2022,478,953,311,32.633788037775446,0.09602282316618652,0.008711862196300029,-1.92408496190718,-1.1615722301004552,3.710568054068653,96.73533820667559,94.59225479098687,10.428752895203449,9.248917712792093,35.580170432221806,-1.038963391971115,-0.2764506601643901,-1.8766115259670137,0.213466768026562,194.0,160.0,34.0,29.86309800468401,28.330243651697955,29.035390502413687,-0.0016084515771102343,0.09575701447797459,1196.234309623431
663586,Austin Riley,2022,688,1367,418,30.57790782735918,0.10365016052767967,0.007952188176007713,-1.7577054996528048,-1.2132411053264878,3.10702258086385,96.59012002868946,95.05987329936731,8.732455587256252,8.004045955634778,35.580170432221806,-0.9279354472224959,-0.3834710528961789,-1.7768568299962666,0.15987022662702735,155.0,161.0,-6.0,43.325767100570104,41.31026479430156,42.26173445442164,-0.0014743981757633865,0.09636012177153831,1192.1511627906978
677551,Wander Franco,2022,344,615,187,30.40650406504065,0.09972406381498813,0.011967973596942814,-2.218715851234222,-1.2477104138304531,4.124488770453941,96.49324216642731,93.76417868638165,11.592099532830673,10.031543680639661,35.580170432221806,-1.528474278630914,-0.5574688412271449,-2.0075337590874676,0.25112154850825286,153.0,162.0,-9.0,18.648399933402782,17.376336178695162,17.772074680321058,-0.0020683963491180822,0.09535418527609332,1072.6744186046512
621439,Byron Buxton,2022,383,744,203,27.284946236559136,0.1231973653181844,0.014496917577352079,-2.6112431167549226,-1.2687589079415398,4.832158409428753,96.43408423138823,92.66095950347065,13.581043459681394,11.23870402114081,35.580170432221806,-1.5763078572060578,-0.233823648392675,-3.1962489823762263,0.31519615534024026,100.0,163.0,-63.0,25.009065159591433,23.342221636729544,24.002855310741566,-0.0022403810791154465,0.11308427520682827,1165.5352480417755
668227,Randy Arozarena,2022,644,1358,425,31.2960235640648,0.10287113754287222,0.008995560971472775,-2.3573879806794085,-1.50677394714495,3.6984415242296262,95.76513004620011,93.37443314058852,10.394670624962144,9.225118730134072,35.580170432221806,-1.4527861511999989,-0.6021721176655404,-2.612929359053233,0.21236961139578564,172.0,164.0,8.0,43.720233455720695,41.18997035645813,42.1609096534327,-0.0018632276135954087,0.10772177191339453,1265.2173913043478
670032,Nicky Lopez,2022,481,864,258,29.86111111111111,0.10774660772208523,0.008861226717973009,-2.165196351843708,-1.556829985558383,3.1032492853712963,95.62444483360737,93.91459814401878,8.721850535490853,7.995877145400509,35.580170432221806,-1.2672630565876812,-0.6588966903023563,-2.9490429353961827,0.15954407079675798,142.0,165.0,-23.0,27.79862479229799,26.062859050236618,26.78270224193353,-0.0020089881273858473,0.0846357055167963,1077.754677754678
664983,Jake McCarthy,2022,355,600,180,30.0,0.09882118550230769,0.009428210587809478,-2.2242595954280278,-1.5620675972001774,3.2349787679699213,95.60972424183345,93.74859769245593,9.09208339553171,8.278235854452888,35.580170432221806,-1.4229939968243328,-0.7608019985964825,-2.272612770838485,0.17101099543918838,146.0,166.0,-20.0,17.787813390415383,16.471793129787134,16.945875275627653,-0.002193367101047083,0.07813991097621134,1014.0845070422534
516782,Starling Marte,2022,503,958,316,32.98538622129436,0.09046413679946767,0.007657279382469489,-2.324191052618219,-1.69971871135277,3.0762283474726404,95.2228483149325,93.46773490856187,8.645906723051482,7.937240608191818,35.580170432221806,-1.2357448161377345,-0.6112724748722855,-2.367269811165545,0.15721266686542348,200.0,167.0,33.0,28.586667228631786,26.638220396186846,27.55070115776965,-0.002033869344932088,0.0833206309493211,1142.7435387673956
660162,Yoán Moncada,2022,434,854,239,27.985948477751755,0.11836706248544765,0.010772812121609734,-2.626493702760525,-1.7091591230700158,3.723182783242924,95.19631552545296,92.61809690382499,10.46420727617192,9.27362201200061,35.580170432221806,-1.7706927145526272,-0.8533581348621182,-2.8258314707641943,0.214608650789436,107.0,168.0,-61.0,28.28972793402199,26.38989748902521,27.00892687049559,-0.002224625813813559,0.09215606055726842,1180.6451612903227
621550,Patrick Wisdom,2022,527,1110,296,26.666666666666668,0.12426532573003823,0.008135203153213495,-2.4296343979854855,-1.7388607349651957,3.2166635012253963,95.11283753326133,93.17138066380598,9.040607344343549,8.239326101443881,35.580170432221806,-1.1569466838920586,-0.4661730208717687,-2.143100931576861,0.16940718564208782,92.0,169.0,-77.0,36.78253641609132,34.648507536527404,35.76635157873946,-0.0019225485401476738,0.08480149461008447,1263.7571157495256
665120,Jared Walsh,2022,454,834,257,30.815347721822544,0.10277746722112206,0.011648192043268337,-2.972143006459373,-1.7890869305523331,4.178724930295399,94.97167408469714,91.64663077676613,11.744533203559639,10.129841491568492,35.580170432221806,-1.9619069310630284,-0.7788508551559885,-2.530576657341977,0.256067076411766,163.0,170.0,-7.0,26.41380907582837,24.16488753427411,24.92929949799068,-0.00269654861097633,0.10948770720987615,1102.2026431718061
519317,Giancarlo Stanton,2022,452,979,262,26.762002042900917,0.12109008451978563,0.012003314007071006,-3.189466408704179,-1.7974631913169283,4.527231295953305,94.94813214922343,91.03583156022276,12.724029258312356,10.738379450304812,35.580170432221806,-2.571824545719859,-1.1798213283326084,-2.0056540828580327,0.28775702562207683,93.0,171.0,-78.0,31.725602144183835,29.32287078296002,29.788160986408208,-0.0024542710533440397,0.1090005079191574,1299.5575221238937
669242,Tommy Edman,2022,627,1174,360,30.664395229982965,0.09799865469214208,0.007333649610042167,-2.4130605056887786,-1.8902678059436238,2.737825160536389,94.6872997431407,93.217962487601,7.694806200413766,7.182456173655685,35.580170432221806,-1.3788835414430265,-0.8560908416978716,-1.5039834576862763,0.12873434063728115,156.0,172.0,-16.0,35.27951568917115,32.757867460726374,33.838582388363186,-0.0021479116085560256,0.08350028394569962,1123.444976076555
680911,Owen Miller,2022,472,949,332,34.98419388830348,0.09109508458107654,0.008725087630797636,-2.939750057121985,-1.918341572413873,3.811751205867664,94.60839689886195,91.73767291890285,10.713133634727335,9.445556783847946,35.580170432221806,-1.7084023553087933,-0.6869938706006813,-2.7905857403459,0.22264019312162595,224.0,173.0,51.0,30.24356808091741,27.93096470264811,28.89962489474116,-0.0024368844871120073,0.09733794841238107,1206.3559322033898
518626,Josh Donaldson,2022,544,1108,324,29.24187725631769,0.11583420490164413,0.00748177290728752,-2.57886732434633,-1.925134520393737,3.0465740240973886,94.58930494989896,92.75195342512784,8.562561637811541,7.872609374204557,35.580170432221806,-1.6284324169046591,-0.974699612952066,-2.7997158106472644,0.1546627933361428,129.0,174.0,-45.0,37.5302823881327,35.19210934739202,36.053836996805806,-0.002110264477202773,0.08298307119258076,1222.0588235294117
614177,Franmil Reyes,2022,475,955,274,28.691099476439792,0.11177674870080337,0.011014248573372794,-3.1238897481420804,-1.951369229321902,4.065212824959128,94.51557087665122,91.22013832369659,11.425501271004665,9.922992385574938,35.580170432221806,-2.248767491492548,-1.0762469726723696,-1.40275810987043,0.24571618272891904,119.0,175.0,-56.0,30.626829144020125,28.15374976007431,28.846554879921857,-0.0025896119203621085,0.10414153158973301,1206.3157894736842
663993,Nathaniel Lowe,2022,645,1225,359,29.306122448979593,0.11341464814139386,0.007429067598019273,-2.5265224850849957,-2.0080221110416607,2.682293845853514,94.35634487792342,92.89907143672097,7.5387324267126,7.055032730760547,35.580170432221806,-1.6665698600216572,-1.1480694859783223,-3.2037981463431713,0.12420712503666265,131.0,176.0,-45.0,40.7158586827604,37.99984701129403,38.92429608323712,-0.002217152384870506,0.08238473955121506,1139.5348837209303
665489,Vladimir Guerrero,2022,698,1365,421,30.842490842490843,0.10598729587412033,0.008426215452026481,-2.754719275274245,-2.0368805599624937,3.14367712588687,94.27523664103117,92.25771197324131,8.835475175351945,8.083151702559057,35.580170432221806,-1.9765284794783686,-1.2586897641666175,-3.713892639091275,0.16304590767357485,164.0,177.0,-13.0,44.62065156300466,41.41599480610228,42.32129009854482,-0.0023477338878405652,0.09898645738471763,1173.352435530086
592273,Brandon Drury,2022,570,1138,346,30.404217926186295,0.11224109142471127,0.00945898726857725,-3.0749545324162577,-2.1379368596080655,3.543425837543629,93.99121242636903,91.35767340329673,9.958990624549292,8.916505067953908,35.580170432221806,-2.3516714065200897,-1.4146537337118974,-2.612226445122767,0.19839821712563707,152.0,178.0,-26.0,38.8354176329501,35.914210827154655,36.60132979675601,-0.00256696555869547,0.09978742637430706,1197.8947368421052
543063,Brandon Crawford,2022,457,868,228,26.26728110599078,0.11849267437102826,0.008560576023230676,-2.9463592448981677,-2.225561816878169,3.0724686172182505,93.7449377283964,91.7190974379653,8.635339797124153,7.929062538562344,35.580170432221806,-2.444430108198071,-1.7236326801780724,-3.513505748634869,0.156888868244076,90.0,179.0,-89.0,27.01632975659444,24.772186131730336,25.154488824183577,-0.0025854189226544983,0.07943145953998117,1139.6061269146608
622682,Víctor Reyes,2022,335,679,290,42.70986745213549,0.07280103999943403,0.010076558575038731,-4.579544173749003,-2.3596916992008543,5.3009159071734775,93.36795841465702,87.12894255952828,14.898511847410681,11.951732039698449,35.580170432221806,-3.3558133541084376,-1.135960879560289,-4.712594593644296,0.356459455060071,263.0,180.0,83.0,21.11230159983587,18.555389436159345,19.238639143791993,-0.0037657027447371527,0.1135820189779011,1216.1194029850747
677594,Julio Rodríguez,2022,559,1133,382,33.71579876434245,0.09625454977994295,0.008229994499429738,-3.4319051489979304,-2.3949630791936496,3.6071429276524762,93.26882628694565,90.35444432303798,10.138070964342,9.04434178709111,35.580170432221806,-2.2468692379985553,-1.2099271681942745,-3.753314395041319,0.20412790375005865,216.0,181.0,35.0,36.76923801593821,33.57184638545513,34.67590484253622,-0.0028220579262869124,0.09984100719092495,1216.1001788908766
650859,Luis Rengifo,2022,514,919,323,35.14689880304679,0.08803290499155517,0.008725058904262097,-3.5276366821146428,-2.590180363612718,3.34982171295141,92.72015751429053,90.08538565368991,9.414855725136643,8.51963751686441,35.580170432221806,-2.669479219705173,-1.7320229012032482,-4.868633229541786,0.18113012142940066,225.0,182.0,43.0,28.43462831227232,25.41261955459411,26.147774447391555,-0.003288366439258118,0.09466202839350914,1072.762645914397
683734,Andrew Vaughn,2022,552,1041,344,33.04514889529299,0.09772794940916266,0.009584449170335418,-3.7757028698186867,-2.6340732197331658,3.6776588833268087,92.59679426001928,89.38818217014675,10.336259884793241,9.184215914310222,35.580170432221806,-2.9393188416602642,-1.7976891915747433,-3.966719735550858,0.2104905553117039,201.0,183.0,18.0,33.618414596751954,30.14476795651876,30.91424126242451,-0.0033368363498877925,0.10486580786539691,1131.5217391304348
607208,Trea Turner,2022,708,1462,486,33.2421340629275,0.09737669341392964,0.0067486341279804326,-3.4165880446118737,-2.6955862507032244,2.9018822601093635,92.42390854805443,90.39749387620198,8.155897582439307,7.553072189773352,35.580170432221806,-2.597961661496249,-1.8769598675875998,-4.145833944226893,0.14236253565659635,206.0,184.0,22.0,47.325072999169805,43.2934991065278,44.25947823860423,-0.0027575744819712798,0.08955464332866361,1238.9830508474577
608336,Joey Gallo,2022,409,912,249,27.302631578947366,0.12920244398192832,0.008996004442692595,-4.1052077784973715,-2.7253519722986144,4.000787300307722,92.340250372071,88.4620907414776,11.24442983748207,9.803680284458853,35.580170432221806,-2.997951526627877,-1.6180957204291198,-4.036759014765575,0.23984282063924764,101.0,185.0,-84.0,32.17140855150015,29.373025249157774,30.12780492751548,-0.0030684027437964637,0.0903067268039135,1337.8973105134476
657656,Ramón Laureano,2022,381,746,220,29.49061662198391,0.11187759864729512,0.01025942352176646,-4.192748582375728,-2.7530395507070926,4.073760961102343,92.26243293029898,88.21605256117962,11.449526271557987,9.938718771473976,35.580170432221806,-3.3062086170868894,-1.866499585418254,-4.8257892245212615,0.24649564308887795,136.0,186.0,-50.0,24.613071702404927,21.95067635259634,22.513629230554752,-0.003568894570788991,0.09471087601332728,1174.8031496062993
596059,Rougned Odor,2022,469,913,284,31.106243154435926,0.10443366604287098,0.008833029878628936,-3.8496173116083305,-2.770341336885874,3.52024125310033,92.21380532124427,89.18044162002644,9.893829091702045,8.869648107913438,35.580170432221806,-2.9810948702632327,-1.9018188955407762,-3.9922052947779356,0.1963184985012346,169.0,187.0,-18.0,29.659161156175358,26.65004362426818,27.328938665919598,-0.0032958570995697462,0.09106649709707143,1168.0170575692964
677951,Bobby Witt,2022,631,1207,421,34.87986743993372,0.09289505046175604,0.007710761497561749,-3.6414044171950586,-2.7735002219673053,3.155635783501674,92.20492710328449,89.76563525986553,8.869085631596342,8.108862913790981,35.580170432221806,-2.709617053683333,-1.8417128584555797,-3.6583240394922747,0.16408480317844185,223.0,188.0,35.0,39.10881624439929,35.279272598982494,36.25920230960899,-0.0031727784966170693,0.09552374617404961,1147.7020602218702
605612,Harold Castro,2022,442,873,347,39.74799541809851,0.07836317046078127,0.008442577077435794,-4.48503014362634,-2.9745403456870507,4.071498318784544,91.63989292475881,87.39457937063548,11.44316699252612,9.934558461255586,35.580170432221806,-3.3742242245818717,-1.8637344266425822,-4.732236027169336,0.24628932198624176,254.0,189.0,65.0,27.1920201498911,23.88804794408636,24.706341637782455,-0.0037846187924452887,0.10151218057289065,1185.0678733031675
596748,Maikel Franco,2022,387,700,270,38.57142857142858,0.07850299944386994,0.009931938237493282,-4.640203436591441,-2.9856282368876457,4.256164196933868,91.60872980477961,86.95845640922164,11.962180465216203,10.268503347797166,35.580170432221806,-3.6104268732967206,-1.9558516735929254,-3.9612454109486395,0.26312538078964054,247.0,190.0,57.0,21.195809849844885,18.202878633243404,18.8670845165685,-0.004275616023716399,0.10375978632389785,1085.2713178294573
621563,Joey Wendle,2022,370,630,250,39.682539682539684,0.07744301862013904,0.009964754159141569,-4.687066835146514,-3.048958689164013,4.206284089056801,91.43073613159862,86.82674428422115,11.82198971494398,10.179415923085081,35.580170432221806,-3.631303297133751,-1.9931951511512493,-5.008525347074227,0.25857954262685623,252.0,191.0,61.0,19.36075465503476,16.470396773361077,17.121450955135614,-0.004587869653450292,0.10334246113470202,1021.6216216216216
621438,Tyrone Taylor,2022,402,739,241,32.61163734776725,0.10136919457738695,0.011906633049833845,-4.948461095139256,-3.1027480296311314,4.439527596755686,91.27955827097094,86.09208153017201,12.477533251878972,10.588969817843006,35.580170432221806,-4.098730794251855,-2.253017728743731,-4.883791909696816,0.27980525356408087,193.0,192.0,1.0,24.429975893150257,21.114506959406956,21.683826261001514,-0.004486426162034237,0.10941814391680808,1102.9850746268658
572041,AJ Pollock,2022,526,940,320,34.04255319148936,0.0880221506486958,0.008792024752656407,-4.250531472062704,-3.1482310332704535,3.414566618347745,91.1517258207977,88.05365061373237,9.596824795576232,8.653769400691905,35.580170432221806,-3.534527869479418,-2.4322274306871674,-3.2693454492641587,0.18687838837437928,219.0,193.0,26.0,28.167088207582655,24.440788950407683,25.0684854420057,-0.00396414814593082,0.09763514087113674,1072.2433460076045
650391,Eloy Jiménez,2022,328,648,209,32.25308641975309,0.09866347272428874,0.010955562900816286,-5.4125212242028065,-3.401019215631883,4.49564778355817,90.44125091499876,84.78781535205586,12.635262082631456,10.684861215020124,35.580170432221806,-4.6829043872197005,-2.671402378648777,-3.7602436560775145,0.284895910091619,187.0,194.0,-7.0,20.620665799376347,17.661820863478813,18.060678067696244,-0.004566118728236936,0.09654446250132626,1185.3658536585365
543068,C. J. Cron,2022,627,1273,426,33.464257659073056,0.1008441723679403,0.009100676151947651,-5.127200946981233,-3.622207796354589,3.806176063226478,89.81958840457303,85.58972347603489,10.6974643937612,9.43481211151088,35.580170432221806,-4.043874898456123,-2.5388817478294783,-6.051894096607892,0.2221339582065387,211.0,195.0,16.0,42.95961742874257,37.60169243914718,38.73376815985592,-0.004208896299760714,0.11147846043809365,1218.1818181818182
663728,Cal Raleigh,2022,415,878,273,31.09339407744875,0.11564523176061554,0.008850165308756028,-5.373274796050769,-3.7107853032537688,3.9671783895564126,89.57063651417127,84.89811956835185,11.149970169799104,9.740887059225354,35.580170432221806,-4.507873451456096,-2.8453839586590957,-5.4539341528668075,0.23678024167808523,168.0,196.0,-28.0,31.571148270648045,27.854633203379596,28.453202466724246,-0.0042329328784378685,0.09260433511735375,1269.3975903614457
660821,Jesús Sánchez,2022,343,765,251,32.810457516339866,0.10469744989454909,0.009573160482111504,-6.1052100451866975,-3.806829299925909,4.623339969764521,89.30069964904271,82.84097582720472,12.99414790205044,10.899262996733727,35.580170432221806,-5.168237941212755,-2.8698571959519668,-6.260501363266336,0.29644402948511256,197.0,197.0,0.0,26.279059923531822,22.78891484770009,23.32455056713853,-0.004562281144878078,0.09555820469673951,1338.1924198250726
596142,Gary Sánchez,2022,469,974,282,28.952772073921974,0.1201407644589551,0.009030936617822009,-5.350505114065949,-3.8983871361304887,3.6444438134169963,89.04337138138027,84.96211499532203,10.242907128169758,9.118540927879174,35.580170432221806,-4.39191438929643,-2.9397964113609696,-5.082748508838341,0.2074909442577929,123.0,198.0,-75.0,33.87969557742534,29.697384079930455,30.446682496458628,-0.004293954309543001,0.09127952532179995,1246.0554371002133
600869,Jeimer Candelario,2022,466,926,312,33.69330453563715,0.1024958639160194,0.009754253988216888,-5.70166371634154,-3.9234777640730405,4.023822154281919,88.97285280983394,83.97516468561362,11.309170544719763,9.846498875460272,35.580170432221806,-4.794670710988556,-3.0164847587200567,-6.199490716177645,0.24194247268873925,215.0,199.0,16.0,31.978709541798054,27.55041738877279,28.254848622930275,-0.004782172951431169,0.10269941042181793,1192.274678111588
553869,Elías Díaz,2022,381,757,253,33.42140026420079,0.10653805674450018,0.009281670907346991,-5.691530783144312,-3.9441476299208293,3.9814397035256675,88.9147590300777,84.00364384429706,11.190052366697014,9.767578449590177,35.580170432221806,-4.73367138449295,-2.9862882312694667,-5.688420423120082,0.23807964134375262,210.0,200.0,10.0,26.954128356358545,23.340006309061906,23.94824702720552,-0.004774269547287501,0.0918895084910348,1192.1259842519685
665750,Leody Taveras,2022,340,654,204,31.19266055045872,0.11138231406361845,0.011211282466458037,-6.030203717455647,-3.9567126636858565,4.332212867752578,88.87944432075398,83.05178518202199,12.175919381851182,10.40275088338974,35.580170432221806,-5.085117955664898,-3.011626901895107,-6.355353012401512,0.2700504097497303,170.0,201.0,-31.0,22.721992068978164,19.30487662908663,19.84042522743472,-0.005224947155797451,0.09599499282418296,1154.1176470588236
640461,Chad Pinder,2022,379,715,217,30.349650349650346,0.12028274524259576,0.012866122652200442,-6.234731746852496,-3.970413387249096,4.521653474651427,88.84093769361643,82.47694805529585,12.708352488824973,10.72895122891527,35.580170432221806,-5.184336887956143,-2.920018528352743,-7.060260242604853,0.28725195016951643,151.0,202.0,-51.0,26.10135571764328,22.16308349754812,22.826582916750983,-0.005508073035098125,0.10681499266459561,1131.9261213720317
668804,Bryan Reynolds,2022,608,1233,391,31.71127331711273,0.11012096996241992,0.007385559500916096,-5.1335863930819885,-4.0057005086750355,3.181277463051416,88.74176132375288,85.571776833219,8.941152963591247,8.163831165247473,35.580170432221806,-4.250199819087597,-3.122313934680644,-5.390559937740567,0.16631693493280175,181.0,203.0,-22.0,43.05729925530619,37.85526504364977,38.750430105297426,-0.0042190058488697614,0.0918062692901597,1216.7763157894735
622534,Manuel Margot,2022,362,722,234,32.40997229916898,0.10510436700067044,0.010069640278673452,-5.992731913704029,-4.0062644172482464,4.2217065480616816,88.74017642810354,83.15710172012851,11.865335372981958,10.20704870477476,35.580170432221806,-4.8135756036387205,-2.827108107182938,-5.5429547792093805,0.2599853148815943,190.0,204.0,-14.0,24.594421878156883,20.978806956888786,21.690231263961522,-0.0050077768992632925,0.09479310814470983,1196.6850828729282
405395,Albert Pujols,2022,350,724,256,35.35911602209944,0.09716764307010768,0.010461443463176642,-6.4958282251073935,-4.070615352145282,4.63836412849164,88.55931463313372,81.74312223298206,13.036374115541292,10.924145979425258,35.580170432221806,-5.519625868081848,-3.094412995119736,-5.821223533285391,0.29779913612288256,229.0,205.0,24.0,24.874916625947566,21.085683494634917,21.65513486956649,-0.005233747418940119,0.10055700972539469,1241.142857142857
677950,Alek Thomas,2022,412,713,240,33.66058906030855,0.09782851064476822,0.008869615580380477,-5.328905786733486,-4.074536989466918,3.334676167332852,88.54829265860691,85.0228210770245,9.372288347199516,8.488056047436897,35.580170432221806,-4.500622561175753,-3.246253763909185,-5.0403246444585195,0.17978974679963783,214.0,206.0,8.0,23.47884255474437,19.819660581187378,20.38841506273702,-0.005132092529532951,0.08575409468304887,1038.3495145631068
502110,J. D. Martinez,2022,597,1263,406,32.145684877276324,0.10374515471051933,0.007184865801570895,-5.344477363826678,-4.081080441735127,3.344743313407506,88.52990193088212,84.97905631450641,9.400582607604568,8.509056679842278,35.580170432221806,-4.290376281547119,-3.0269793594555683,-4.326573999773429,0.1806804970876667,186.0,207.0,-21.0,42.12053281247085,36.8027778354633,37.851608412331466,-0.004210415658754983,0.09364491497416166,1269.3467336683418
647304,Josh Naylor,2022,498,949,316,33.298208640674396,0.09641866714373991,0.0099174651924452,-5.910186734085368,-4.118187094857484,3.9706346772588144,88.4256116684365,83.38909942732305,11.159684253965693,9.747362090513244,35.580170432221806,-5.072222399539041,-3.2802227603111573,-5.3669920742069905,0.23709513477358976,209.0,208.0,1.0,30.46829881742181,25.562843828130955,26.258354225804407,-0.005169077965533041,0.10698057241206281,1143.3734939759036
671277,Luis García,2022,375,692,282,40.7514450867052,0.07883709793249195,0.009817200458318444,-6.515975590289284,-4.181667459063082,4.507051501934897,88.24719665964243,81.6864969697044,12.667312852029681,10.704221934333065,35.580170432221806,-5.496403421982126,-3.162095290755923,-6.214160557047944,0.2859292949674312,258.0,209.0,49.0,22.23206161696273,18.159576873031927,18.796809478223903,-0.005885093560593645,0.10708274385495571,1107.2
542583,Jesús Aguilar,2022,504,1108,405,36.55234657039711,0.09735815457096855,0.008607085686465897,-6.261963077089733,-4.2160199466116275,4.207114878598204,88.15064712901557,82.40041292377052,11.824324694038545,10.180906473166916,35.580170432221806,-5.313820483583716,-3.26787735310561,-6.286646439362593,0.25865527466882604,239.0,210.0,29.0,39.43005260124227,34.170003616486895,34.966443395031945,-0.004747336628840591,0.10616803437939754,1319.0476190476193
444482,David Peralta,2022,483,939,311,33.12034078807242,0.09819816416466041,0.008493652054689526,-5.700982677407377,-4.221155292401667,3.5764572628511972,88.13621396096815,83.9770787824993,10.051827238051443,8.982948308361964,35.580170432221806,-4.698971352891828,-3.219143967886118,-5.857802556213906,0.20136604709950898,205.0,211.0,-6.0,30.53962905520939,25.950337999896448,26.756957116131467,-0.0048874239140712875,0.09395418378214364,1166.4596273291925
408234,Miguel Cabrera,2022,432,864,274,31.712962962962965,0.10627098553919433,0.008962818813595548,-5.800790391908417,-4.239310005843713,3.6681333862189134,88.08518915355013,83.69656378414884,10.309487958205535,9.165419688625919,35.580170432221806,-4.840780443139961,-3.2793000570752566,-5.787330445014159,0.2096298657444659,182.0,212.0,-30.0,29.118250037739244,24.941680955565182,25.632888118678473,-0.004833991993257014,0.08985055104703754,1200.0
666969,Adolis García,2022,653,1397,526,37.6521116678597,0.09005913378478925,0.008918229644960458,-6.589309499647006,-4.323755672437029,4.387038658278716,87.84785002457046,81.48038803749054,12.330010241619766,10.49835738918615,35.580170432221806,-5.573508507657048,-3.3079546804470716,-6.66338051093394,0.2750370174647485,243.0,213.0,30.0,47.371104370799145,40.19973919868332,41.30526927829906,-0.005133403845465873,0.12774243467525775,1283.614088820827
664034,Ty France,2022,604,1151,373,32.40660295395308,0.10046722995966957,0.0077497605884791895,-5.497051056551372,-4.454738952665367,2.9435522306095465,87.47971440678906,84.55023967065324,8.273013296034783,7.645805380637164,35.580170432221806,-4.320181419076336,-3.2778693151903306,-5.468405827869963,0.14587972026544252,189.0,214.0,-25.0,37.47427677495675,31.9405787113617,33.125294146419904,-0.00480773072423549,0.08734132434649343,1143.3774834437086
592669,Hunter Renfroe,2022,524,1074,344,32.02979515828678,0.10432245821027546,0.007970769116195408,-5.936926462489145,-4.500629127179291,3.4424549851478763,87.35073758077485,83.31394596943078,9.675206564020138,8.711108741255225,35.580170432221806,-5.060869415213869,-3.6245720799040146,-5.482577914381498,0.18936308218180842,184.0,215.0,-31.0,35.88692562433476,30.70200984709424,31.467099668381312,-0.004827668321452998,0.09173734478091045,1229.7709923664122
642715,Willy Adames,2022,614,1289,384,29.79053529868115,0.1184114147303688,0.007585421084390849,-5.748663889886403,-4.574941170628389,3.093286401228541,87.14187954961207,83.84306814708131,8.693849308903888,7.974285638717679,35.580170432221806,-4.75848933255054,-3.5847666132925253,-5.433809698399836,0.158683590885888,141.0,216.0,-75.0,45.46998325646162,39.5871838758112,40.600462506151565,-0.004563847463654321,0.08816796041721156,1259.6091205211726
443558,Nelson Cruz,2022,507,1038,324,31.213872832369944,0.11199211581820387,0.008151624837053664,-6.069246939402487,-4.590700516837446,3.4674134873036797,87.09758705180329,82.94205208779408,9.745353788872103,8.762200947024455,35.580170432221806,-5.158540471167257,-3.6799940486022154,-5.530326074333313,0.19159089280437314,171.0,217.0,-46.0,36.285445525098055,31.156931861302954,31.926478826961723,-0.004940764608665802,0.09094182522094856,1228.4023668639052
571657,Kyle Farmer,2022,577,1071,394,36.78804855275444,0.09073744658202974,0.007807654583091405,-5.961313709282494,-4.6044943053264396,3.317948098338491,87.05881886064111,83.24540428877805,9.325273201428287,8.45308468007646,35.580170432221806,-4.9736807765738265,-3.6168613726177723,-6.830725634504607,0.1783113067897601,240.0,218.0,22.0,35.75055395331972,30.017757269559716,30.967530939847887,-0.005352751338711483,0.09749883256525113,1113.6915077989602
543333,Eric Hosmer,2022,415,870,292,33.5632183908046,0.09963344388719318,0.009562564706262761,-6.859935053934612,-4.6224709256439125,4.2546434902322945,87.00829459361512,80.71978022982663,11.957906436499924,10.26579945745209,35.580170432221806,-5.969078585409546,-3.731614457118847,-5.97413556728398,0.26298682729613304,213.0,219.0,-6.0,29.09296561506041,24.34817720275564,24.96435292681881,-0.00545377978425836,0.09977009714436824,1257.8313253012047
595978,Austin Hedges,2022,336,653,184,28.177641653905056,0.1218181535766527,0.009288506491215345,-6.418509544483622,-4.6299938865619685,3.8016413350387066,86.98715090367023,81.9604305810999,10.684719294081564,9.426064835412864,35.580170432221806,-5.490785652504769,-3.7022699945831157,-5.0401638404627995,0.2217222560328169,109.0,220.0,-111.0,22.414540258104097,18.82017491319327,19.339700292701426,-0.0055043879707669646,0.08331104411867768,1166.0714285714287
624431,Jose Trevino,2022,353,635,256,40.31496062992126,0.07976507951694502,0.008797178468278958,-6.781679993755107,-4.659670959484037,4.131181773353412,86.90374187959429,80.93972032350486,11.610910580721017,10.04372696775667,35.580170432221806,-5.771793243074132,-3.6497842088030623,-7.4298102322875605,0.2517318920193961,257.0,221.0,36.0,20.419860356337924,16.429971960012004,17.02412199832931,-0.006283288813111687,0.09645192435217048,1079.3201133144476
543281,Josh Harrison,2022,421,717,260,36.26220362622036,0.09468951918377537,0.009006140932013386,-6.206282760851519,-4.659745973086235,3.5267789124703985,86.9035310497942,82.55690547442954,9.912203538172227,8.882879411765522,35.580170432221806,-5.385957243708069,-3.8394204559427845,-7.266468501015657,0.19690465189134324,234.0,222.0,12.0,24.619274987781598,20.264533250584112,20.84012832177977,-0.0060735589082252205,0.09241649704290411,1021.8527315914489
542303,Marcell Ozuna,2022,507,1087,364,33.48666053357866,0.10246016041478413,0.009348601746110522,-6.889037707289078,-4.668799809683531,4.222662799371251,86.8780847506694,80.63798564312023,11.868022969184992,10.208759453253863,35.580170432221806,-5.976878308295516,-3.756640410689969,-5.910623837009575,0.2600724716626772,212.0,223.0,-11.0,37.29549839098142,31.474261528322153,32.24503622047171,-0.005355323700698501,0.10822518556646764,1286.3905325443786
623912,Harold Ramírez,2022,432,827,351,42.44256348246675,0.07701607090657003,0.008016976269540491,-6.64879080259851,-4.676376166624652,3.977639897830563,86.85679098830377,81.31321260738737,11.179372806568592,9.760473422538858,35.580170432221806,-5.689892138789185,-3.717477502815327,-6.931637504694624,0.23773340464408307,261.0,224.0,37.0,27.032640888206082,22.245511510335152,22.93591854827787,-0.005788548219916478,0.09958758591465966,1148.611111111111
664913,Seth Brown,2022,552,1151,335,29.105125977410946,0.1217120994610389,0.009609365274152076,-6.6219394362326005,-4.831711261037492,3.7437904754508367,86.4202132751398,81.388679829831,10.522126313539008,9.313863692298993,35.580170432221806,-5.7224186472214855,-3.9321904720263774,-5.663636316084472,0.2164752247269514,124.0,225.0,-101.0,40.773553319448034,34.68136903811404,35.50892816400427,-0.0052929489846516,0.10152235900418359,1251.0869565217392
642731,Thairo Estrada,2022,539,979,317,32.379979570990805,0.10993028256714975,0.00845812039794171,-6.29416217427182,-4.926542600839843,3.2485161513745267,86.15368464795685,82.30991561363699,9.130130946288649,8.306922735118953,35.580170432221806,-5.383657559332262,-4.016037985900285,-6.023204884208962,0.172198270646825,188.0,226.0,-38.0,34.84789957378647,29.193643887232287,30.011580532986322,-0.005775542070024704,0.0932676854353156,1089.795918367347
596115,Trevor Story,2022,394,835,276,33.053892215568865,0.10660676165319337,0.009210933922640477,-7.230085073489168,-5.018760930019459,4.1020777983627505,85.89450002894193,79.6794535111571,11.529112279484368,9.990640407229174,35.580170432221806,-6.082399068728725,-3.8710749252590153,-6.496695135707442,0.24907784467831046,203.0,227.0,-24.0,29.42346621628137,24.675710351356813,25.42935749448284,-0.005685935167574317,0.09321925472054332,1271.5736040609136
650489,Willi Castro,2022,392,719,288,40.055632823365784,0.0861726818075273,0.007916802349354385,-7.312507045119326,-5.344105181536623,3.7790964437695855,84.98010235303161,79.44780208670097,10.621355653617648,9.382473724011115,35.580170432221806,-6.155472318593683,-4.187070455010979,-6.927873473601588,0.2196762757817008,255.0,228.0,27.0,24.817732360567863,20.04022775775657,20.79615711241999,-0.006644651742435735,0.09207852353669259,1100.5102040816325
647351,Abraham Toro,2022,353,665,206,30.977443609022558,0.11331042257985528,0.01029545590631901,-7.471643171286039,-5.346533831352025,3.9259640640659095,84.97327650091822,79.00054136750387,11.034135071232015,9.663366823313238,35.580170432221806,-6.507452896266754,-4.38234355633274,-7.74496855237986,0.23302653375055465,166.0,229.0,-63.0,23.341947051450187,18.946130319010233,19.513395597479914,-0.006610250725473612,0.08956925302305507,1130.3116147308783
572228,Luke Voit,2022,567,1227,377,30.72534637326813,0.11693086946836455,0.008271269861895103,-7.207510810053892,-5.358738984632199,3.658632202696921,84.93897325522852,79.74289970368807,10.282784366270551,9.146640835882646,35.580170432221806,-6.266741089123481,-4.417969263701788,-5.7800621584981,0.20877173252366943,161.0,230.0,-69.0,44.082937789573435,37.271840074072514,38.160867460351746,-0.00555101688304884,0.09870252884020676,1298.4126984126985
623205,Andrew Velazquez,2022,347,632,184,29.11392405063291,0.11969492633829423,0.011012987373061096,-7.470046389073184,-5.3792023322515865,3.885121936400971,84.88145990616133,79.00502921057335,10.91934605485352,9.58598337490357,35.580170432221806,-6.461534992750563,-4.370690935928965,-8.692266325106123,0.22930936227101648,125.0,231.0,-106.0,22.02386644624614,17.703689617898814,18.28694537543873,-0.006835722829663489,0.08937670488132535,1092.7953890489914
657757,Gavin Sheets,2022,410,886,295,33.29571106094808,0.1084305778275744,0.009761819517775862,-8.062073779768307,-5.480623429384263,4.286117722671801,84.59641040836345,77.3411040986268,12.046366474934713,10.321606855876048,35.580170432221806,-7.055465151621221,-4.474014801237177,-8.009978033078811,0.2658539208013151,208.0,232.0,-24.0,31.98702045913445,26.477936709626107,27.165785938859948,-0.006217927482515059,0.09839654302962175,1296.5853658536587
608369,Corey Seager,2022,654,1178,362,30.730050933786078,0.10863558484347649,0.005599465925090155,-6.353872072666865,-5.5773200416536595,2.335026226026026,84.32463933168016,82.14209770363345,6.562717934345249,6.236147261953811,35.580170432221806,-5.594231688675905,-4.8176796576626995,-6.319717305783171,0.09704678845584037,162.0,233.0,-71.0,39.32608171333849,32.40036115413161,33.22836917268175,-0.005879219489988865,0.07415588383528486,1080.7339449541284
664056,Harrison Bader,2022,312,642,220,34.26791277258567,0.10580690562047128,0.010112283808089503,-8.687251714978927,-5.69077051352671,4.551233665708997,84.00578062331853,75.5840075821794,12.791489221162776,10.778836493645487,35.580170432221806,-7.7073325758354425,-4.710851374383225,-7.919570351868612,0.2899293699421372,221.0,234.0,-13.0,23.277519236503682,18.76014834471464,19.269706297069252,-0.007036403258238384,0.09340388982007547,1234.6153846153845
606132,Raimel Tapia,2022,434,825,351,42.54545454545455,0.07792864260236175,0.009004120095569683,-8.540787440222978,-5.8012423857108075,4.319347656928982,83.6952934310367,75.99565337526224,12.13976100861319,10.380173662464145,35.580170432221806,-7.3852668048207635,-4.645721750308593,-8.018544264582198,0.2688794941629455,262.0,235.0,27.0,27.352953553428975,21.17511730500102,22.010943897941956,-0.007488286361730854,0.10877514375771828,1140.552995391705
669016,Brandon Marsh,2022,460,916,290,31.65938864628821,0.10993611034188523,0.00869050081734495,-7.7204560400260345,-5.876283328461291,3.5261696561299316,83.4843867888287,78.30123929638543,9.9104911901619,8.881646974398514,35.580170432221806,-6.700407761554979,-4.856235049990236,-7.620972686037879,0.19685001739617244,179.0,236.0,-57.0,31.88147199914672,25.962455701793424,26.7444927152879,-0.006461808184883507,0.08932274239002115,1194.7826086956522
547180,Bryce Harper,2022,418,879,312,35.49488054607509,0.10000193263879963,0.008085076721364631,-8.160535221802352,-5.931468754445919,3.862576516447505,83.32928515408597,77.06437287210946,10.855980928493564,9.54302610508863,35.580170432221806,-7.200238728412122,-4.971172261055689,-7.31555778860031,0.22725877811415054,231.0,237.0,-6.0,31.200602983305483,25.515430112116512,26.18443666917837,-0.006467773459828182,0.09076275911395953,1261.7224880382773
669357,Nolan Gorman,2022,314,711,221,31.08298171589311,0.1298011368234317,0.010695261073419228,-9.891391733280793,-6.025546490697417,5.055441898245068,83.06487457058212,72.19970670988401,14.208593822998672,11.586634808228196,35.580170432221806,-8.917569312540074,-5.051724069956698,-10.420483098832031,0.3350140965739197,167.0,238.0,-71.0,28.686051237978404,23.509556230894788,24.019189964415766,-0.007280583694913665,0.09922079918081697,1358.5987261146495
594807,Adam Duvall,2022,314,615,214,34.796747967479675,0.10566332487198182,0.011018835209503176,-9.705033377989675,-6.079796678896836,4.878376195414166,82.91240147239176,72.7234769814349,13.710941055516285,11.311984055199808,35.580170432221806,-8.79729082470446,-5.17205412561162,-9.943766794146978,0.31931992029883083,222.0,239.0,-17.0,22.61195152260411,17.532984054789512,18.008035991008775,-0.00825848368750341,0.10294757658020842,1175.1592356687897
598265,Jackie Bradley,2022,372,674,193,28.635014836795254,0.12445034647429681,0.00949179098505739,-7.7723047524919044,-6.095957263549376,3.3138702135043463,82.86698127216162,78.15551567607665,9.313812084787733,8.444545215657033,35.580170432221806,-6.764617661774654,-5.088270172832126,-7.806014741704069,0.17795122192227236,116.0,240.0,-124.0,24.018916869539286,19.200087922994303,19.824853919239,-0.007149597843538548,0.07914021698385953,1087.0967741935483
594777,Kole Calhoun,2022,424,930,303,32.58064516129032,0.11137051487596124,0.00914225669908921,-9.215568686632952,-6.363742451657107,4.249452185317429,82.11435646779806,74.09914406062758,11.943315992295181,10.25656331967715,35.580170432221806,-8.203833198013305,-5.352006963037459,-9.383732223321637,0.26251382177865895,192.0,241.0,-49.0,33.745266007416255,27.232930802195632,27.947890547486853,-0.007002510973355506,0.09847048543077778,1316.0377358490564
666915,Bobby Dalbec,2022,352,783,229,29.246487867177525,0.12534645414807535,0.009302323099219391,-9.208109375189137,-6.394775526507445,4.212525710193926,82.02713632671005,74.12010886027076,11.839532129893946,10.190608658370707,35.580170432221806,-8.273872879201143,-5.460539030519451,-8.252002453421607,0.2591484954140277,130.0,242.0,-112.0,28.704337999909253,23.30224716646496,23.850332577444583,-0.006899222009507399,0.08831878718129656,1334.659090909091
669304,José Miranda,2022,481,945,310,32.804232804232804,0.11237440974553964,0.008704108086448357,-8.617845552154279,-6.545848476355643,3.5816693225917873,81.60253760215929,75.77907736959612,10.066476014820285,8.993398681674515,35.580170432221806,-7.744783951411589,-5.672786875612953,-8.973651318733696,0.2018348407176968,196.0,243.0,-47.0,34.83606702111729,27.92742750347361,28.627331886735664,-0.00731072964830019,0.09340355560481789,1178.7941787941788
645302,Víctor Robles,2022,405,670,223,33.28358208955224,0.11474869365687561,0.008377944037926301,-8.585905310092537,-6.821976811855757,3.250380657103486,80.82646392925173,75.8688471533654,9.13537124082999,8.310868950644178,35.580170432221806,-7.797878893331768,-6.033950395094989,-9.618889229815807,0.172361915576944,207.0,244.0,-37.0,25.58895868548326,19.793472601170794,20.325390432484316,-0.008649979230317108,0.08476188305124291,992.5925925925926
545341,Randal Grichuk,2022,538,1003,332,33.100697906281155,0.10483118076111668,0.007705376477999836,-8.567824461155107,-6.925886163521105,3.116910947506465,80.53442105704771,75.91966436058443,8.760247378364875,8.025430719053393,35.580170432221806,-7.434423539850797,-5.792485242216795,-8.876023054704088,0.16072563251930277,204.0,245.0,-41.0,34.803952012690736,27.121469412521655,28.137752238624522,-0.007659504087905363,0.08824801656590098,1118.5873605947957
606192,Teoscar Hernández,2022,536,1081,328,30.3422756706753,0.12173507265294536,0.009938701104609924,-9.819790992915399,-7.234564608747726,3.8425090660562917,79.66686353420044,72.40094447658271,10.799580270072207,9.504646195873727,35.580170432221806,-8.862386370186771,-6.277159986019098,-8.812957577801427,0.22543448634992366,150.0,246.0,-96.0,39.92910383016608,31.15675720982832,32.01203867279923,-0.008115029251006252,0.10440362863253022,1210.0746268656715
571771,Enrique Hernández,2022,403,781,214,27.40076824583867,0.131265183541198,0.010088027618677591,-9.648226606882076,-7.333330926162251,3.616014394220339,79.38927543888012,72.88313549463908,10.163004702601523,9.062031677785468,35.580170432221806,-8.83767888556879,-6.522783204848965,-9.326578827032023,0.20492719501532464,102.0,247.0,-145.0,28.090749277816375,21.610357073527243,22.154774959676004,-0.008297557239806823,0.0869077345959202,1162.7791563275434
642350,José Siri,2022,324,674,246,36.49851632047478,0.09870927212098962,0.009636419557538635,-11.401415030846193,-7.4562455551505895,4.68862636228451,79.04381720330903,67.95570428037934,13.177638851438545,11.006868211886077,35.580170432221806,-10.215142087675316,-6.269972611979712,-10.71776969706741,0.30232633325632374,237.0,248.0,-11.0,24.282480941763446,18.1257168251065,18.766304214418774,-0.00913466486150882,0.09752353535728887,1248.148148148148
592206,Nick Castellanos,2022,558,1100,437,39.72727272727273,0.09211925554585726,0.0075203334914105986,-9.926626523747942,-7.4986793897203725,3.6696331867089613,78.92455460828967,72.10067741902024,10.313703228879701,9.168381213668017,35.580170432221806,-9.033283595572975,-6.605336461545406,-9.161907601076765,0.20976535859001527,253.0,249.0,4.0,40.25611467353962,31.024352006454038,31.855160929656755,-0.008392511515532351,0.10289855136955764,1182.7956989247311
624503,Nick Gordon,2022,441,750,297,39.6,0.09422381268028393,0.009440141088682076,-10.664201157200154,-7.771359812172751,3.947174771011677,78.15817148212724,70.0276838821926,11.093748914246547,9.703333400663182,35.580170432221806,-9.694935577625333,-6.802094232597931,-10.796087964949475,0.2349580618547973,251.0,250.0,1.0,27.984472366044326,20.146284515502213,20.858694716489705,-0.010450917134056152,0.10593587636442084,1020.408163265306
669720,Austin Hays,2022,581,1081,395,36.54024051803885,0.09894493280868553,0.007230051343902018,-9.938549979990185,-8.073156785005532,3.120045539405323,77.30995471091282,72.06716589814387,8.76905731901659,8.032202822833328,35.580170432221806,-8.9949462419524,-7.129553046967747,-9.559455464336748,0.16099699736827058,238.0,251.0,-13.0,39.083248459430784,29.459419228806954,30.373142181806877,-0.008902709741557659,0.09189099792747572,1116.3511187607573
673357,Luis Robert,2022,400,735,321,43.673469387755105,0.08834213014676091,0.009283794851480313,-12.625132262514681,-8.365734932615766,4.645267387318014,76.4876479483087,64.51638058742626,13.055776099125165,10.935555027718236,35.580170432221806,-11.751531189713234,-7.492133859814318,-12.635913699914186,0.29842149670668355,265.0,252.0,13.0,28.357823777110255,19.941068935433798,20.523469650634766,-0.01145136713153259,0.1142288459032578,1102.5
606992,Eric Haase,2022,351,741,263,35.49257759784076,0.10885644991759016,0.007419801803300918,-11.43153204276253,-8.439321629673618,3.879205710579156,76.28082854254438,67.87105878388371,10.902718181097029,9.574727369894223,35.580170432221806,-10.415490497477744,-7.423280084388832,-11.094764173174475,0.22877116147468377,230.0,253.0,-23.0,28.629246328326214,21.941800083310135,22.536184387301734,-0.009024893717970418,0.08336611680516841,1266.6666666666667
671739,Michael Harris,2022,441,860,337,39.18604651162791,0.0974858322361454,0.00879998643996108,-12.829710335467263,-8.995352620848282,4.2750551497787495,74.71807326503982,63.941402810570764,12.01527451343294,10.302028836842968,35.580170432221806,-11.856391025918903,-8.022033311299921,-13.508296318478012,0.2648463341193842,249.0,254.0,-5.0,32.852725463581,23.42288836701256,24.13827805953061,-0.010964926856474929,0.10714695543044025,1170.0680272108843
656308,Michael Chavis,2022,428,766,301,39.295039164490866,0.10146923283403825,0.009265453961279865,-12.854826531778736,-9.171312378518524,4.1559083514279855,74.22352881645311,63.870812377735945,11.680405970355745,10.088607677782946,35.580170432221806,-11.933610054815787,-8.250095901555575,-12.837902163778155,0.2539866623075175,250.0,255.0,-5.0,30.542239083045512,21.372462823710013,22.029597243943584,-0.011970987283727806,0.10711347166103326,1073.8317757009345
656896,Emmanuel Rivera,2022,361,667,189,28.335832083958024,0.12906529899286806,0.008552587214090563,-11.760971102399958,-9.323964631106715,3.356763549438396,73.79449137583998,66.94515242751876,9.434366133329348,8.534086726526777,35.580170432221806,-10.765534008930649,-8.328527537637406,-10.509511989639643,0.18174503173644146,113.0,256.0,-143.0,24.393341509652064,17.31715722970809,17.916078547612123,-0.010608971933948988,0.07820126622681033,1108.5872576177285
665833,Oneil Cruz,2022,360,804,247,30.721393034825873,0.13596188171348889,0.011013409377398439,-14.532643254176453,-9.332463458203108,4.90155017357418,73.77060496103886,59.155217421287205,13.776072778828741,11.3484778296604,35.580170432221806,-13.904871330185571,-8.704691534212227,-14.268268259948561,0.321383570029253,160.0,257.0,-97.0,33.58258478323175,24.86299883072588,25.23966198512041,-0.010845256159833174,0.10371860777524498,1340.0
660757,Oscar González,2022,381,761,357,46.911957950065705,0.08348612870253186,0.007829433530501428,-14.142537585343348,-9.699348340952541,4.4569195431698585,72.73945508656502,60.251630575283286,12.52641426116841,10.618796215314546,35.580170432221806,-13.099372101090536,-8.65618285669973,-13.592748700470647,0.28138375204475047,266.0,258.0,8.0,29.804547946803876,20.82403658011085,21.486446662611385,-0.011800934778834463,0.10259263658387517,1198.4251968503936
521692,Salvador Pérez,2022,468,982,428,43.58452138492871,0.09325193406842466,0.009493689103450687,-15.99197988170903,-9.824141080778112,5.222504723816971,72.38871831855741,55.05367262876708,14.678132961070391,11.837057152849521,35.580170432221806,-15.100648800614318,-8.9328099996834,-15.784061621390965,0.34965193230551816,264.0,259.0,5.0,39.91182778128576,27.43808347355272,28.13332171680659,-0.012702387278750551,0.12999232164827246,1258.9743589743591
455117,Martín Maldonado,2022,379,744,233,31.317204301075268,0.13105605532491088,0.00907435195505835,-13.39110574161466,-9.932741910842111,3.892258853765306,72.08348979169895,62.36357055364883,10.939404748439406,9.599546141717006,35.580170432221806,-12.17653287143669,-8.71816904066414,-13.906175529137236,0.22995869983690906,174.0,260.0,-86.0,30.53606089070424,22.07734576391764,22.84455096024673,-0.011369240761809939,0.09013702231673316,1177.8364116094986
570731,Jonathan Schoop,2022,509,904,335,37.057522123893804,0.10159032124364524,0.007468759990654434,-12.389990388509426,-10.046855734643017,3.1881279897897903,71.76276669674277,65.17725958589307,8.960406740779929,8.178479356772296,35.580170432221806,-11.633091710484367,-9.289957056617958,-12.65288391088029,0.16691430837590207,242.0,261.0,-19.0,34.032757616621154,23.52191577036899,24.164018148893582,-0.011627037440544429,0.08995349977143194,1065.6188605108055
622761,Jorge Mateo,2022,532,1018,375,36.8369351669941,0.11297965756356787,0.008036777657172074,-14.14518767109673,-10.921024054320771,3.6073830814601857,69.30586919159171,60.24418236544846,10.13874592965215,9.044821009940403,35.580170432221806,-13.326003987403793,-10.101840370627833,-14.777057592760759,0.20414953613626718,241.0,262.0,-21.0,42.36737158633795,29.825305184632185,30.551648050839923,-0.012320300983993879,0.10024870173629563,1148.1203007518795
665926,Andrés Giménez,2022,550,1049,408,38.894184938036226,0.10473466025439165,0.008047203638856606,-14.414045818632008,-11.077893045212738,3.646811606667628,68.8649803791258,59.48854195038233,10.249561939605085,9.123235048850086,35.580170432221806,-13.480814097701433,-10.144661324282163,-14.733327929439774,0.207704627192218,248.0,263.0,-15.0,42.73174138379179,29.51886605004578,30.374328460898813,-0.012595686686125842,0.10321362311020535,1144.3636363636363
641531,Hunter Dozier,2022,500,1047,346,33.046800382043934,0.12419741905169901,0.008228481652314176,-14.703341602833644,-11.192879512504186,3.724082125437616,68.54180467227951,58.67546044827787,10.46673492621903,9.275381200367635,35.580170432221806,-13.530317900791275,-10.019855810461817,-12.954753883787475,0.21469008021376898,202.0,264.0,-62.0,42.972306991887855,30.71952232285982,31.697042074561793,-0.01170275517576699,0.09591017045162699,1256.3999999999999
541645,Avisaíl García,2022,382,756,311,41.13756613756614,0.09877465048974364,0.008680757426907439,-16.82485574883958,-11.454313987599143,4.560049167271278,67.80702889150304,52.712829802516076,12.81626566673679,10.793648894082148,35.580170432221806,-15.708164978676622,-10.337623217436187,-16.08100703869371,0.29072676597616876,259.0,265.0,-6.0,30.718916302310273,20.007091475549075,20.718051265886157,-0.014169080458678833,0.10558950164054302,1187.434554973822
665161,Jeremy Peña,2022,556,1060,403,38.0188679245283,0.10624778201826038,0.006478027656074215,-14.371365766109374,-11.784889914949503,3.1253880497358413,66.87792730673101,59.60849655432088,8.784072734248216,8.04373743439662,35.580170432221806,-13.429889687075343,-10.843413835915472,-14.092797608307755,0.16145972752193474,245.0,266.0,-21.0,42.81785615335893,29.500390543430914,30.37282504333578,-0.012563646801818887,0.08895585859526133,1143.8848920863309
595879,Javier Báez,2022,590,1236,590,47.73462783171521,0.08505995830962491,0.007283836516360746,-18.909217443665057,-13.072268117624825,4.4850728828518145,63.259680999767134,46.85461813712771,12.605540750277244,10.666870076203642,35.580170432221806,-17.983922895904822,-12.14697356986459,-18.492761769083693,0.2839373039802715,267.0,267.0,0.0,50.1853754026787,31.591311583074724,32.50118455503896,-0.015043740954372147,0.12544721686998123,1256.9491525423728
665742,Juan Soto,2023,706,1543,256,16.591056383668178,0.10786622077488496,0.014601548689476216,23.39192384831535,20.429995165522413,3.3003829642657543,153.7619459679887,161.55632127327908,8.685024600395625,8.07748185377042,38.00084762126538,21.946301987423677,18.98437330463074,23.670331957723995,0.13501241089781887,4.0,1.0,3.0,27.61375251837055,55.13824957988828,53.43723452357241,0.017838300104677726,0.09886323660239717,1311.3314447592068
663457,Lars Nootbaar,2023,505,1021,174,17.042115572967678,0.09288059679893508,0.016410311719993444,22.70268006334439,19.284120748686306,3.6578301589112834,150.74655423710828,159.74256229653128,9.625654131105096,8.817428536235495,38.00084762126538,21.282157271026378,17.863597956368295,22.39694706726019,0.16088131497233216,7.0,2.0,5.0,16.161223843014703,35.269312896329566,34.07370621279524,0.018715072530181058,0.09634979457708139,1213.069306930693
673490,Ha-Seong Kim,2023,627,1274,261,20.486656200941916,0.07747484379436888,0.010896713236407056,20.32515731259208,18.404802728581657,2.8117358962984538,148.43261106176558,153.48606303512574,7.399139946354771,7.012574097477493,38.00084762126538,18.966079698534053,17.04572511452363,20.17103462835335,0.1017598918655129,32.0,3.0,29.0,20.220934230330275,41.460723621989,40.04048751529836,0.016671734216372622,0.08232014028240876,1219.1387559808613
608324,Alex Bregman,2023,721,1463,273,18.660287081339714,0.08821286119555943,0.011101620154802571,19.59962513525596,17.842841864960246,2.7350406704722308,146.9537996699193,151.5768104190601,7.197314906580385,6.840045940305347,38.00084762126538,18.346131658139857,16.589348387844144,19.941710518211718,0.09681435303580428,15.0,4.0,11.0,24.082111106387725,47.63432731058697,46.12804598225245,0.016098575669309122,0.08592620673420036,1217.4757281553398
669257,Will Smith,2023,548,1166,298,25.557461406518012,0.07627100367991087,0.011030852775376151,19.54268749651115,16.71564520023456,3.5953737082866564,143.98755882192597,151.4269778697647,9.461298716596719,8.690574908722947,38.00084762126538,18.142772115344382,15.315729819067794,19.003517948701365,0.15628551387362216,81.0,5.0,76.0,22.728759096613437,40.577747010093624,39.299157628627974,0.015307879857187123,0.09616655780458096,1276.6423357664232
672695,Geraldo Perdomo,2023,493,984,166,16.869918699186993,0.10867967737500897,0.012890166229417022,18.30311333754782,16.435623529520957,2.9493626064509937,143.25067612524396,148.1650133701369,7.761307420944269,7.318570091283638,38.00084762126538,16.99041936257287,15.122929554546005,18.499218368792683,0.11083430017060521,6.0,6.0,0.0,18.04082644425149,33.07988456993662,32.00128768716553,0.015283595656184071,0.07725494530939182,1197.5659229208925
543257,Robbie Grossman,2023,420,854,135,15.807962529274006,0.11556908811410542,0.014163674844263995,18.029773956949867,15.867524507700036,3.2355352543371425,141.75571204580322,147.44571525520487,8.51437653860786,7.939653951156975,38.00084762126538,16.618892680519846,14.456643231270014,16.77869341360661,0.13044422555934707,2.0,7.0,-5.0,15.601826895404232,28.222668665269136,27.235051771768124,0.01477850324340153,0.07750241597207783,1220.0
668939,Adley Rutschman,2023,683,1521,356,23.405654174884944,0.08968402058752654,0.008823023142767313,17.42668236231265,15.631623241663995,2.972459381820947,141.13493308743065,145.85866751182843,7.822087053020235,7.369463984294162,38.00084762126538,16.004575752639482,14.209516631990827,18.20653594213627,0.11238116033101361,58.0,8.0,50.0,31.92751132915945,51.764884751592014,50.146053394247396,0.013042323091671642,0.08676024605913277,1336.1639824304539
643565,Mike Tauchman,2023,401,846,160,18.912529550827422,0.1111864228503929,0.012899427684235833,18.27903306255638,15.614909430016045,3.623346570815818,141.09095035363868,148.10164563889197,9.534909870768733,8.747518336400379,38.00084762126538,16.860726443284722,14.196602810744388,17.936324611249166,0.15834028905615277,16.0,9.0,7.0,17.789827656062865,30.00631475287138,29.058413162324822,0.014440292076605809,0.08325643616194717,1265.8354114713215
624415,Cavan Biggio,2023,338,656,105,16.00609756097561,,,17.513826935438118,15.348692393063486,3.297586202516861,140.3903948302309,146.08799022061112,8.677664865221383,8.07156008398085,38.00084762126538,16.047236533786638,13.882101991412005,16.97691599039524,0.1348145226546862,3.0,10.0,-7.0,13.292485544732688,23.158608051696163,22.33242879209916,0.015039820894761394,0.07252866563786213,1164.4970414201182
605141,Mookie Betts,2023,688,1366,229,16.764275256222547,0.11993174536132743,0.011478792654194341,16.55767486794323,15.182186150089352,2.6442351025825293,139.95223028023554,143.5718566937373,6.958358215943604,6.633953752755708,38.00084762126538,15.169918029392225,13.794429311538346,16.16491918124761,0.09106816580696146,5.0,11.0,-6.0,27.464369687743982,46.45050353631889,44.85920902811373,0.013899073095589243,0.08203740312630739,1191.2790697674418
656582,Connor Joe,2023,471,981,195,19.877675840978593,0.10833733117329769,0.01288394845070216,17.464284211771044,15.113046771376313,3.4659010227843146,139.77028860513894,145.95761754008345,9.12058872298624,8.424306944831542,38.00084762126538,16.064465709733547,13.713228269338815,16.0179716573726,0.1468554521975229,24.0,12.0,12.0,21.12577957879305,34.83524268503332,33.736385160933885,0.013974987875882026,0.08686629715847285,1249.6815286624205
457705,Andrew McCutchen,2023,473,997,186,18.655967903711137,0.12340785479673343,0.01245133996790045,17.188498090740172,15.04852641891368,3.3143628934898897,139.6005019911516,145.2318807781578,8.72181306723054,8.1070520099612,38.00084762126538,15.540302016424862,13.40033034459837,16.44265012130175,0.13600273083992565,14.0,13.0,1.0,22.953860992192418,36.50412698705925,35.20479908180735,0.013591039112203444,0.08274892667280545,1264.693446088795
672580,Maikel García,2023,517,933,191,20.471596998928188,0.07995581774086914,0.01493329575364406,15.841461600439665,13.790307573297726,3.406310139353743,136.28947362105848,141.687126977596,8.963774106574304,8.300267541131767,38.00084762126538,14.696946880110318,12.645792852968379,15.68688814090841,0.1425626936936112,31.0,14.0,17.0,15.271561188506006,28.92162060088485,27.935430416867728,0.014630288759248494,0.09609098785113716,1082.7852998065764
666397,Edouard Julien,2023,409,865,124,14.335260115606937,0.16737841534141384,0.014156616455504294,15.831157264907329,13.774230367935491,3.4133250875988352,136.2471661295981,141.66001090998867,8.982234084927962,8.314917736347086,38.00084762126538,14.263057430051408,12.20613053307957,16.423682242428654,0.14306639179126823,1.0,15.0,-14.0,20.754923502335316,31.54649570458048,30.477574317153692,0.012475806014156259,0.07911187117198556,1268.9486552567237
671213,Triston Casas,2023,500,1056,234,22.15909090909091,0.09157980225762179,0.01464031601027427,16.476293189944286,13.310255781194947,4.316797654220729,135.02620760950208,143.35769916017375,11.359740438539685,10.091950700739204,38.00084762126538,15.09248617535311,11.926448766603771,17.442399533104776,0.21075211953939138,45.0,16.0,29.0,21.429673728283497,35.15991805323707,34.006745541077755,0.013002125307721185,0.11070022073210742,1267.2
680757,Steven Kwan,2023,716,1338,285,21.300448430493272,0.0959974120516413,0.01020816975451385,13.583536608101696,12.535950594594107,2.5684069953123703,132.98860783194465,135.74535163921004,6.758815016207908,6.460364474156015,38.00084762126538,12.339072296338422,11.291486282830833,13.82903556439976,0.08636459701745716,37.0,17.0,20.0,27.359262434717774,43.568949453719135,42.08388870834829,0.012114863242900864,0.08379103584339069,1121.2290502793296
663656,Kyle Tucker,2023,666,1263,273,21.61520190023753,0.10296691649975548,0.011031490687627942,13.776825424023384,12.430703931110571,2.925386185475584,132.71164910583286,136.25399507224105,7.698212983645474,7.265597530090474,38.00084762126538,12.418659164399795,11.072537671486982,13.639414159658509,0.10923564672183424,41.0,18.0,23.0,28.109968204433244,43.4022444250992,41.89467987691702,0.01210789882871414,0.09137018614936478,1137.8378378378377
669743,Alex Call,2023,438,916,180,19.65065502183406,0.1305710005041143,0.01117790189809328,13.59238594064688,11.93097943485582,3.3265702814709543,131.39661397494515,135.7686388369941,8.753937055891871,8.132831329314037,38.00084762126538,11.950880216323737,10.289473710532677,11.820778985593176,0.1368690462945823,22.0,19.0,3.0,23.502780090740576,33.4252218274128,32.2269226486569,0.010832359974532994,0.08023647239667525,1254.7945205479452
607043,Brandon Nimmo,2023,680,1332,267,20.045045045045047,0.11420365153380563,0.00908866439224519,12.851133433056178,11.900059730645944,2.520621366566456,131.31524814721934,133.8180178535403,6.633066166544952,6.350285294352604,38.00084762126538,11.489571680398052,10.538497977987818,12.320786525725932,0.08344651124242544,28.0,20.0,8.0,30.492374959526103,45.056992850323105,43.513889530643894,0.010934397815913665,0.07827321334160123,1175.2941176470588
502671,Paul Goldschmidt,2023,683,1439,383,26.61570535093815,0.08819189655859187,0.011237196817795612,14.03301327964554,11.810298815627426,3.8700473748836908,131.07904048176638,136.92815860189557,10.184108032153476,9.240660256107576,38.00084762126538,12.692987358172543,10.47027289415443,14.111815726637872,0.17669640628467456,103.0,21.0,82.0,33.777496381940686,49.75174316527052,48.2263469913271,0.011100935916143043,0.11613291782313587,1264.1288433382138
669261,Jack Suwinski,2023,533,1167,213,18.251928020565554,0.13437364638734742,0.012984653605666292,13.744768374952221,11.805686130944835,3.615507731466748,131.06690210862124,136.1696362984825,9.51428180629187,8.731582078356428,38.00084762126538,12.13595505155728,10.196872807549894,13.937799872136265,0.15776388485031279,12.0,22.0,-10.0,28.621586680504997,40.83152258692088,39.40236008463838,0.010462670014066745,0.09401774385223198,1313.6960600375232
474832,Brandon Belt,2023,404,951,170,17.875920084121976,0.13936530520558132,0.014249214998334916,14.381473828362264,11.748368200254868,4.224847016813822,130.91606881337154,137.8451395918715,11.1177704742817,9.921147049232296,38.00084762126538,12.825390731064424,10.192285102957028,14.0694643425818,0.20367863875684214,10.0,23.0,-13.0,23.692101884948826,33.37562759604609,32.32786497719887,0.010182466573183236,0.09224670107437925,1412.3762376237623
641487,J. P. Crawford,2023,638,1301,242,18.6010760953113,0.12055987778345709,0.013438531293840985,12.87075880483011,11.363878780684484,3.2574791163127967,129.90427712019041,133.8696624167604,8.572122255741219,7.98641548907036,38.00084762126538,11.67951393231832,10.172633908172694,12.474156281123237,0.13198528397460027,13.0,24.0,-11.0,29.175490423596614,42.861397286065966,41.59470690496176,0.01051952871827006,0.09603121423457794,1223.510971786834
670764,Taylor Walls,2023,349,667,120,17.991004497751124,0.11958911669419618,0.019229858111511414,13.293390714494361,10.972816205561235,4.1246064509545475,128.87518803507115,134.98182684497633,10.853985395437356,9.732339318161415,38.00084762126538,12.044123131275487,9.723548622342362,12.377224414485449,0.19600005571323825,11.0,25.0,-14.0,14.350694003303541,22.083016268901098,21.35635895799545,0.011592687054868897,0.09289530742336563,1146.7048710601719
592192,Mark Canha,2023,508,1014,245,24.16173570019724,0.09826812438445016,0.01080695840872884,11.961821176877688,10.55978969628203,3.277902429657163,127.7883004124696,131.47777464359459,8.625866618361533,8.029824886991722,38.00084762126538,10.561361481301816,9.159330000706158,12.67880801190193,0.13342397008536622,65.0,26.0,39.0,24.07569047419029,34.20336573728006,33.017643195025826,0.009987845427110231,0.08715443796322549,1197.6377952755906
643393,Tony Kemp,2023,417,694,162,23.34293948126801,0.07512746392869722,0.014376983061503572,12.110161689528297,10.460750689754338,3.574837036544956,127.52767726133686,131.86813570640308,9.40725604905841,8.648636596928675,38.00084762126538,11.037748072201829,9.38833707242787,13.081442062580647,0.15478077202708937,57.0,27.0,30.0,12.170649156448949,20.587211530671116,19.84188406662922,0.01212761149023367,0.09431077595563145,998.5611510791367
673548,Seiya Suzuki,2023,583,1176,233,19.812925170068027,0.12437036355781848,0.012021793569148533,11.597135906713683,10.395788078324625,3.061949516427304,127.35672683392228,130.5180979705934,8.057582154335496,7.565394650780899,38.00084762126538,10.185928249555504,8.984580421166445,10.630160525406076,0.11843631501957835,23.0,28.0,-5.0,28.978294708971706,40.2468450983285,38.87562165812314,0.009582100671221764,0.08675842704716685,1210.2915951972557
660670,Ronald Acuña,2023,731,1411,321,22.749822820694543,0.09818591718632842,0.012152052686455419,11.79364373284449,10.379494449228023,3.3251198486014175,127.31384981902254,131.0352122941719,8.75012021242566,8.129770365050856,38.00084762126538,10.434293504741978,9.020144221125511,11.95869961194066,0.13676603852229044,50.0,29.0,21.0,31.517679416811426,45.88626869799363,44.23012700342207,0.010183266676954078,0.10784746047565781,1158.139534883721
527038,Wilmer Flores,2023,453,966,276,28.57142857142857,0.08080813437740925,0.011137870310629315,12.45870656056832,10.267972777750538,4.164709208940313,127.02037828231113,132.78533859228023,10.959516615123423,9.808200867672896,38.00084762126538,11.084367406459252,8.89363362364147,12.234848515017694,0.199067523318025,148.0,30.0,118.0,22.303045088164954,31.709368541394035,30.67174248004169,0.009737394879119133,0.10116797837296511,1279.4701986754965
664023,Ian Happ,2023,691,1456,335,23.008241758241756,0.1124392693670935,0.009246258917066303,11.33158446093441,10.223286529677042,2.9697632577099093,126.90278551564745,129.81929396383575,7.814992147827833,7.3635299130831875,38.00084762126538,9.884507955813815,8.776210024556446,11.285365769378497,0.1122002491232241,51.0,31.0,20.0,37.667155237976324,50.717363342152446,49.05081356708857,0.008963055016604483,0.08963300141968451,1264.2547033285095
457759,Justin Turner,2023,624,1297,338,26.060138781804167,0.09647935939133713,0.009856534873554486,11.485577499605963,10.12862790545903,3.3039392674830035,126.65368942926163,130.22452976332718,8.694383084323915,8.085008916215669,38.00084762126538,9.9865508942329,8.629601300085968,11.828217381775708,0.13526415280569704,90.0,32.0,58.0,32.61002347427195,44.55502407386215,42.996036404274165,0.009209715188581498,0.09541033195017391,1247.1153846153845
656941,Kyle Schwarber,2023,719,1617,349,21.583178726035868,0.12851801093239346,0.011428060309144238,11.752343013128232,10.114780480909973,3.6324198935304013,126.6172496511623,130.92652861393435,9.55878650321918,8.765943844000079,38.00084762126538,10.15504555502455,8.51748302280629,10.673965081782475,0.15900803795453544,40.0,33.0,7.0,44.85278581540532,58.936010192803984,57.02191540550974,0.008709477042299732,0.10824769953061242,1349.374130737135
467793,Carlos Santana,2023,623,1275,307,24.07843137254902,0.10126111585472498,0.009645389975630107,11.314269309641675,10.10152594873821,3.128341240619542,126.58237008135936,129.77372879259192,8.232293320922961,7.7094469452931245,38.00084762126538,9.959662729982881,8.746919369079416,10.61241161914722,0.122989534715801,64.0,34.0,30.0,31.08716256740057,42.83514553391184,41.42861236869946,0.009214104287459822,0.09096950338937738,1227.9293739967898
545361,Mike Trout,2023,359,773,154,19.922380336351875,0.12190824504730086,0.019234578471265407,13.40788206739784,10.059862852940709,5.210415193049313,126.47273280112621,135.28311315849373,13.711313086957434,11.633856302797756,38.00084762126538,11.986808942719106,8.638789728261976,13.062579134925244,0.28007161833825095,26.0,35.0,-9.0,18.773869737284333,26.796252507610706,25.945977088011265,0.010378244204820664,0.11213102259012123,1291.9220055710307
543760,Marcus Semien,2023,751,1397,304,21.760916249105225,0.09781116287205598,0.009465993640203308,10.126040056361477,9.416545889602423,2.493580869389624,124.7798311854836,126.64687945195969,6.561908550677194,6.28776231504182,38.00084762126538,8.98650918246069,8.277015015701636,10.730275592232614,0.08181142237333178,43.0,36.0,7.0,29.734593513105015,42.40902031698413,40.98270750648498,0.009072603295546969,0.08350528084076819,1116.1118508655127
663697,Jonathan India,2023,527,1065,212,19.906103286384976,0.13447567729350665,0.012152130888904997,10.522872308989898,9.355243657641818,3.2112905676869477,124.61851312076155,127.69115156026486,8.450576154753717,7.8878449538814515,38.00084762126538,9.122553564964,7.954924913615921,9.207137101611007,0.1287473922166322,25.0,37.0,-12.0,28.50884358622341,37.75143309761954,36.521486467450124,0.008678487804127819,0.0864299306678284,1212.5237191650854
606466,Ketel Marte,2023,649,1250,305,24.4,0.09748779812803424,0.009540220245543666,10.099348051380453,9.131980254971534,2.96515267246678,124.03099095574187,126.57663890036187,7.802859299400133,7.353377980252713,38.00084762126538,8.897021100657147,7.9296533042482285,9.780703486487614,0.11189108647562795,70.0,38.0,32.0,29.733778429050442,40.65790657129363,39.357389586261256,0.008739302513794553,0.09071633571390555,1155.624036979969
664774,LaMonte Wade,2023,516,1056,185,17.518939393939394,0.1477429757703548,0.011455086736135787,9.797455020887927,8.832394712101953,3.0211390545961474,123.24262553332974,125.78220127754531,7.950188597649884,7.476293358550713,38.00084762126538,8.35105279216824,7.385992483382266,9.189870270387742,0.11566298029500634,8.0,39.0,-31.0,27.33245051751564,35.75826183547925,34.514355918780325,0.00797898799049585,0.07995344979751827,1227.906976744186
666134,Nolan Jones,2023,422,909,238,26.182618261826185,0.09220899114729109,0.01577094455876679,11.905298772773305,8.756375631822735,5.485589340884766,123.04257978425366,131.3290347926636,14.435439429027406,12.066446640238345,38.00084762126538,10.501181061309397,7.352257920358827,11.825686684773459,0.301287076851929,92.0,40.0,52.0,21.94573989305528,30.319133363239168,29.33157057284289,0.009211653982600541,0.12796834448092967,1292.4170616113743
676116,Ryan Noda,2023,491,1009,195,19.326065411298316,0.1506674209738442,0.009897962101151013,9.710567501523915,8.66393569035717,3.182771884730593,122.79932220645733,125.55355501094101,8.37552866307515,7.826709135441708,38.00084762126538,8.234871114816492,7.1882393036497465,9.13228747214372,0.1267593779206693,19.0,41.0,-22.0,29.380147089899616,37.32662816198002,36.11901661885778,0.007875600666085633,0.08199552891609163,1232.9938900203667
663993,Nathaniel Lowe,2023,722,1528,319,20.876963350785342,0.12591292205071736,0.009256378574243959,9.478081073870605,8.650871265379436,2.832110531457973,122.764942907585,124.94176226892014,7.45275621134597,7.0581677124160995,38.00084762126538,8.05977379322061,7.232563984729442,9.84446554121267,0.1030874169359321,35.0,42.0,-7.0,40.16622213417884,51.57151302640313,49.86481659868764,0.007464195610094434,0.08718353395867738,1269.8060941828255
650490,Yandy Díaz,2023,600,1159,231,19.93097497842968,0.1194223174000297,0.011736984847885377,9.535262899063511,8.60747406710101,3.0084323177958967,122.6507423015592,125.0922373997983,7.916750562459479,7.448465225981429,38.00084762126538,8.292258040307338,7.364469208344838,9.864168802295104,0.11480354519047226,27.0,43.0,-16.0,27.586555319406862,37.12181821847037,35.8788133597142,0.008227146591081546,0.08836871247742037,1159.0
650333,Luis Arráez,2023,608,1024,326,31.8359375,0.06501870031139925,0.010887508277407035,9.78126579864608,8.57544161129979,3.4374166651378926,122.56644824548847,125.73959901139798,9.045631559055817,8.365132794779827,38.00084762126538,8.704890490124432,7.499066302778143,8.743946287747995,0.14479960920896293,198.0,44.0,154.0,21.196096301516157,31.10777897747752,30.01705199817558,0.009679377613243518,0.1088515277293666,1010.5263157894736
643217,Andrew Benintendi,2023,618,1147,307,26.765475152571927,0.08565558115804071,0.010676654870278865,9.619124746807083,8.57268483762607,3.2028116722876785,122.55919373974378,125.31292155026614,8.428263769820166,7.8696904889568975,38.00084762126538,8.486478964813426,7.440039055632413,10.568742081925643,0.1281554307243941,110.0,45.0,65.0,26.2962634155185,36.203961904729795,35.03733674927633,0.008637923704630597,0.0974062711665884,1113.5922330097087
621035,Chris Taylor,2023,385,778,172,22.10796915167095,0.11473635520374323,0.01382121215854105,10.125837520542875,8.494540216361091,4.021032782529603,122.35355458652329,126.64634647485187,10.581429189698975,9.534399219509323,38.00084762126538,8.878714174719134,7.24741687053735,10.094156280829958,0.18810848056411422,44.0,46.0,-2.0,19.734653095043836,26.23206550405885,25.431828023821947,0.008351429831638833,0.09250331453401155,1212.4675324675325
573262,Mike Yastrzemski,2023,377,787,159,20.20330368487929,0.12968923679405492,0.013788321807550583,9.866482116516964,8.360862608241598,3.900237846472444,122.00177925389968,125.96384747743272,10.263554869470491,9.299886947870517,38.00084762126538,8.598857727208982,7.093238218933616,9.354580454793997,0.17896868569351523,30.0,47.0,-17.0,20.62058865025473,26.82002824679956,26.023537588851042,0.007877305713525828,0.08735621849106226,1252.5198938992041
642136,Matt Thaiss,2023,304,607,115,18.945634266886326,,,10.203657840739924,8.345635622617726,4.337486769994613,121.96170913289704,126.85113222324527,11.414184265635548,10.130066965879639,38.00084762126538,8.79439986494124,6.936377646819043,10.127779860668927,0.21234710428980175,17.0,48.0,-31.0,15.194588199192536,20.36444150516743,19.650417464096098,0.00851705651725683,0.08920026627840809,1198.0263157894735
656305,Matt Chapman,2023,581,1184,227,19.1722972972973,0.1432885056386412,0.012368151438221677,9.27206099780076,8.235357306036391,3.26619970073378,121.67150950977174,124.39961626701214,8.595070650229406,8.004964152876102,38.00084762126538,7.819591197644433,6.782887505880064,9.834916051283136,0.13259907463220683,18.0,49.0,-31.0,32.52649077997155,41.50493651284196,40.09846158969058,0.007583146733843245,0.09191613736291554,1222.7194492254735
807799,Masataka Yoshida,2023,579,1066,294,27.5797373358349,0.07970327609790297,0.011582479634223224,9.33873093559703,8.115100993178828,3.5803510226653836,121.35505258739964,124.57505955833219,9.421766215187814,8.659907815344155,38.00084762126538,8.145772941195176,6.922142998776975,8.960522885682911,0.15518446679694028,125.0,50.0,75.0,23.432763172783474,32.44463852563461,31.29343406103682,0.008453916841323765,0.10582159875438066,1104.6632124352332
669221,Sean Murphy,2023,435,869,202,23.24510932105869,0.10834207737406257,0.010934991481387544,9.19598220437234,8.010330432756493,3.5523977625831082,121.07934673613408,124.19941338157479,9.348206645251715,8.602684882275987,38.00084762126538,7.91954657901969,6.733894807403844,8.943693321271299,0.15314038698643206,56.0,51.0,5.0,21.88509962956064,28.552186727730586,27.626770899349914,0.007672137051979225,0.08736745927204273,1198.6206896551726
624424,Michael Conforto,2023,466,1001,245,24.475524475524477,0.11071894689275684,0.009572052975616679,9.036301761140363,7.928752034860732,3.454962680026552,120.86467153017867,123.77921106181753,9.091804252527108,8.401608614581308,38.00084762126538,7.55052742980289,6.442977703523259,8.394217166906012,0.14606514793197592,71.0,52.0,19.0,27.126141988725426,34.14433635654444,32.99038495920567,0.007011183184634381,0.08481271933145608,1288.8412017167382
666181,Will Benson,2023,329,676,131,19.37869822485207,0.13617751907830852,0.013661139583761804,9.254274644886948,7.894101724376937,3.839051723121741,120.77348853650142,124.352811119161,10.102542346906485,9.17959866127043,38.00084762126538,7.857642574802826,6.497469654292815,8.346325122355033,0.17436892828774656,20.0,53.0,-33.0,17.839254999258415,22.913682262871426,22.147862344441965,0.00750654920652812,0.08096461646840081,1232.826747720365
680977,Brendan Donovan,2023,370,716,165,23.044692737430168,0.09878411632765564,0.013198853562629806,9.115212584320824,7.821273917211423,3.765765210409941,120.58184068724461,123.98686649089355,9.909687404716227,9.034196458637249,38.00084762126538,7.819123731422053,6.525185064312652,9.069888938731362,0.1688887694925481,52.0,54.0,-2.0,16.29937919406318,21.920426954394355,21.121172161773448,0.007850625363591027,0.08678550630418035,1161.081081081081
663757,Trent Grisham,2023,555,1125,244,21.688888888888886,0.12691131139225598,0.0112293682493196,8.64915170815465,7.593492719242471,3.463924335300888,119.98242985241501,122.76041785792842,9.115387029847373,8.420207422906449,38.00084762126538,7.308574860483357,6.252915871571179,8.520311112034783,0.14671255838671443,42.0,55.0,-13.0,30.966359979710457,38.96682530975351,37.72679172565756,0.007111524737816045,0.09552870015266555,1216.2162162162163
592450,Aaron Judge,2023,451,1026,199,19.39571150097466,0.1536434705173831,0.01167010525014004,8.625530854132283,7.476774091287808,3.6482818594069135,119.6752824195,122.69825910226648,9.600527587614454,8.798102567002415,38.00084762126538,7.12601655078877,5.977259787944296,10.677783611205198,0.16017685108365692,21.0,56.0,-35.0,30.57505063295924,37.05857465831534,35.93143974030213,0.006319224196253507,0.08561305504462774,1364.9667405764967
664702,Myles Straw,2023,517,873,208,23.825887743413514,0.09959403690428979,0.0126454420313835,8.307352746540914,7.461953979746919,3.133575132308998,119.63628299588557,121.86096696930544,8.246066412885593,7.720755432612214,38.00084762126538,7.335076260351339,6.489677493557344,7.992148489472966,0.1233506100716559,62.0,57.0,5.0,20.715559676092276,27.873728626028363,27.035950387095014,0.008199506242767569,0.0913844459037624,1013.1528046421664
677551,Wander Franco,2023,489,927,243,26.21359223300971,0.09629070214870276,0.012280494940067074,8.70343396108113,7.415780741446883,3.8822543818620274,119.51477718433047,122.90326270567361,10.216231018198412,9.26463713529105,38.00084762126538,7.323086321264275,6.035433101630028,8.240494187565044,0.17761454951027636,93.0,58.0,35.0,23.39864062213477,30.49193930041589,29.366955973965155,0.00765188638433778,0.1039206203266725,1137.4233128834355
641598,Mitch Garver,2023,344,713,125,17.53155680224404,0.15278667212353847,0.016228877871400475,8.847092575451917,7.397399659814051,4.1256562511040435,119.46640699581249,123.28130325835431,10.856747965788308,9.734330747381643,38.00084762126538,7.553494329405314,6.103801413767448,8.918401065274049,0.19608027489980284,9.0,59.0,-50.0,19.09833401544231,24.17066709203474,23.42900409763469,0.007114071636174521,0.08858403674873959,1243.6046511627906
543807,George Springer,2023,679,1206,279,23.134328358208954,0.11212904445465394,0.010738075680507638,8.020889880280356,7.375492456390329,2.7578490144866468,119.40875774640085,121.1071341361129,7.257335525703766,6.891502291926944,38.00084762126538,6.864556790813987,6.21915936692396,7.507918641231808,0.0982764635747955,53.0,60.0,-7.0,31.284003402848448,40.360977117365714,39.052393504452944,0.007526512201092263,0.089870127104785,1065.6848306332843
678246,Miguel Vargas,2023,303,601,126,20.965058236272878,0.11958466183107734,0.013190159296927045,8.469683708700389,7.2655905814293185,3.8023737839314142,119.11954873702206,122.28814418329114,10.006023607230263,9.107009109148041,38.00084762126538,7.2753052774184725,6.071212150147402,8.450929798273519,0.17162211602854183,36.0,61.0,-25.0,15.067667390715744,19.344857663609442,18.741696555812073,0.007116789139590178,0.07832654120463262,1190.09900990099
607054,Jace Peterson,2023,429,839,188,22.40762812872467,0.12937238005148227,0.012082253141584922,8.121980949539852,7.064801537003671,3.626050142200939,118.59116830080966,121.37315733187691,9.542024373613685,8.753010865786862,38.00084762126538,6.7769250067422275,5.719745594206047,7.13445729119188,0.15853919386415788,48.0,62.0,-14.0,24.32200744967867,30.129223828599663,29.16750882949936,0.006921592823505357,0.08950738449614333,1173.4265734265734
596129,Dan Vogelbach,2023,319,706,152,21.529745042492916,0.12160731225933331,0.016468804555078254,9.027824470697555,6.936254518255502,5.1597452963292785,118.25289421800674,123.7569029003594,13.577974227716624,11.552073193667566,38.00084762126538,7.454128431856718,5.362558479414666,9.401053506192081,0.2761477914550094,39.0,63.0,-24.0,18.484311463418663,23.284104807006194,22.447423079689152,0.0067985741410588295,0.10324412452580431,1327.899686520376
672386,Alejandro Kirk,2023,421,885,238,26.892655367231637,0.10503874096265235,0.01364109402984313,8.470175925810006,6.811953722855143,4.64722069980955,117.92579415792598,122.28943946258207,12.229255373790537,10.68690284746846,38.00084762126538,7.085246831260291,5.427024628305428,7.655832286565601,0.23633357961407994,112.0,64.0,48.0,24.99922034911126,30.94246045705461,29.97070187571223,0.006715525545698705,0.10961058813125463,1261.2826603325416
650402,Gleyber Torres,2023,672,1364,354,25.95307917888563,0.10094176079266305,0.009273065408201893,7.447936760884097,6.70022059657023,3.1536703149437635,117.63176617360705,119.59939640061137,8.298947292899227,7.7641086705895175,38.00084762126538,6.183627188313893,5.435911024000026,7.479304768594361,0.12473976488608075,88.0,65.0,23.0,35.73338332060272,44.07507249279291,42.65904577151428,0.006115607897500139,0.09563726056413091,1217.857142857143
668709,JJ Bleday,2023,304,617,124,20.097244732576986,0.1395842669210823,0.013801213920833038,7.910257678952237,6.608934549116315,4.19712570930169,117.39154509126774,120.81600325811058,11.044821292230774,9.869204561712934,38.00084762126538,6.62707343399681,5.325750304160888,7.493213345760144,0.2015514894978681,29.0,66.0,-37.0,17.308449098214204,21.316312988883336,20.666166304772588,0.00649572753755127,0.08561142546532888,1217.7631578947369
621566,Matt Olson,2023,715,1677,438,26.118067978533094,0.1141385582224163,0.010341330866102706,7.605519336378351,6.460304074583746,3.995357005188455,117.0004209878954,120.01407813893678,10.513862861713227,9.484881687439799,38.00084762126538,6.07447053651494,4.929255274720335,8.745034309778807,0.18615964680249275,91.0,67.0,24.0,49.992688501418336,59.0559323772692,57.23143255743197,0.005404438804920017,0.11626362289262976,1407.2727272727273
656775,Cedric Mullins,2023,455,852,225,26.408450704225352,0.10098477093305008,0.012272634187177283,7.199862143700765,6.234572547949865,3.753694636687006,116.40640390468812,118.94658302219474,9.877923445545537,9.010109841526925,38.00084762126538,6.02498723087955,5.05969763512865,6.95074342567415,0.16798940091499348,97.0,68.0,29.0,22.72157345993627,28.18146891890935,27.29052211001993,0.00640832800348953,0.09752125660542776,1123.5164835164835
624585,Jorge Soler,2023,576,1263,326,25.81155977830562,0.11067328953853228,0.012344243098481268,7.417498382032579,6.127053376685591,4.389743854469262,116.12346502833499,119.51929719031247,11.551699841591821,10.225827123818284,38.00084762126538,5.98618410130219,4.695739095955203,7.6403875607687315,0.21638074068245372,86.0,69.0,17.0,36.07949238956152,43.200290836312796,41.826229126811626,0.005638003520784858,0.11857926040591009,1315.625
518934,DJ LeMahieu,2023,564,1091,253,23.1897341888176,0.11546962898091141,0.012419559365339458,6.990570024428222,6.117102719658629,3.615393795601194,116.09727967287625,118.39582657234277,9.51398198175456,8.73135032757833,38.00084762126538,5.634045555938986,4.760578251169393,6.7222350826082415,0.157755510327223,54.0,70.0,-16.0,29.21381613217059,35.78495195513312,34.509818954753236,0.006023039251111392,0.10288950709778033,1160.6382978723404
621493,Taylor Ward,2023,407,826,192,23.24455205811138,0.11670491972934478,0.013082139506702083,6.808470545604929,5.826470645864485,3.958778492444295,115.33247548563621,117.91662810646068,10.417605764743392,9.41402999900386,38.00084762126538,5.3861504088218295,4.4041505090813855,6.933864385466807,0.1833888242732705,55.0,71.0,-16.0,22.4073445880342,27.025757108136208,26.060949948685007,0.0055912984504866954,0.09343602136713788,1217.6904176904177
655316,Andruw Monasterio,2023,315,656,147,22.408536585365855,0.12669219876000798,0.015383358357989044,6.915222829238056,5.671869136881887,4.535437959424273,114.92563848420026,118.19754890248363,11.935096828961862,10.488919064143765,38.00084762126538,5.467372591620269,4.224018899264101,7.5808488945377155,0.2276581377200964,49.0,72.0,-23.0,18.623753217721173,22.254245203071154,21.494123828321815,0.005534286563033505,0.09296652854155692,1249.5238095238096
502054,Tommy Pham,2023,480,957,198,20.689655172413794,0.13097297488867934,0.012640495304538035,6.4055992324872655,5.654750889413554,3.5316774253424703,114.88059146935748,116.85646408819227,9.293680658233882,8.560134653317434,38.00084762126538,5.162375186898317,4.411526843824606,6.067375227994569,0.1516292207291817,34.0,73.0,-39.0,25.932649027958508,31.057128413948323,30.062549177477162,0.005354732900720807,0.0913303343260025,1196.25
642133,Rowdy Tellez,2023,350,752,182,24.20212765957447,0.11781004489627689,0.01597972856854024,7.260285098492211,5.629590737492374,5.220301869390125,114.81438202010536,119.10558725124156,13.737330075945017,11.649736091853507,38.00084762126538,5.678491805180796,4.047797444180959,6.752773189720328,0.28083671521181824,67.0,74.0,-7.0,21.441428171122393,25.67659447857618,24.753881724144524,0.005631870089699189,0.11104614613677574,1289.142857142857
657077,Alex Verdugo,2023,601,1100,244,22.181818181818183,0.11662124249771125,0.010964562761546599,5.973706920566159,5.505761388108049,2.838857449305058,114.48852257976218,115.7199307239222,7.470510862279886,7.073243403810718,38.00084762126538,4.888343340257576,4.420397807799466,6.211271777275484,0.10352826047508909,46.0,75.0,-29.0,28.455583169441546,34.43924626820865,33.35207374859955,0.005439693726151912,0.08573743061489096,1098.1697171381031
668942,Josh Rojas,2023,352,655,169,25.80152671755725,0.10426757212385118,0.012670556837185428,6.460352032249381,5.505616332240902,4.0550413527690905,114.48814086231052,117.00054718946362,10.670923430928624,9.599712918046157,38.00084762126538,5.2546752501869465,4.299939550178467,6.299677003224174,0.1906945149936676,85.0,76.0,9.0,17.62121968893085,21.411292881183822,20.70396250237386,0.005786371285882397,0.09295356496712456,1116.4772727272727
680574,Matt McLain,2023,401,813,209,25.707257072570727,0.1119562432112678,0.01399521918758216,6.666050888441669,5.417194639539419,4.689224902109443,114.25545738750296,117.5418478947594,12.339790282691853,10.760432411167743,38.00084762126538,5.205865192021324,3.9570089431190745,5.80559689452692,0.2395968799075526,84.0,77.0,7.0,23.39885483115497,27.85399884159682,26.878108067822556,0.00547988193166279,0.10991296210818724,1216.4588528678305
592626,Joc Pederson,2023,419,936,266,28.418803418803417,0.0991440260579719,0.012371096854551802,6.791723113236421,5.3917210960630415,4.980916899678078,114.18842324202743,117.87255689906178,13.107383680807013,11.258081763178291,38.00084762126538,5.345052255664165,3.9450502384907855,7.706559760865952,0.26227114200322027,143.0,78.0,65.0,26.372310931420525,31.11519757216396,30.104939089959334,0.005067186581990848,0.11369310944114154,1340.3341288782817
593428,Xander Bogaerts,2023,665,1282,326,25.429017160686428,0.1023310254863475,0.010417556480491719,5.920360177395228,5.345038665090607,3.2121054575943395,114.06557747964419,115.57954768904202,8.452720554045843,7.889588769276768,38.00084762126538,4.642285869149756,4.066964356845135,5.89845048501642,0.12880432449739343,80.0,79.0,1.0,33.359914308549286,39.92164683849566,38.505114480190265,0.005118356107602478,0.0994297111176826,1156.6917293233084
641355,Cody Bellinger,2023,553,1046,326,31.166347992351817,0.0850364347336371,0.009682987730519683,5.9008632272678305,5.25095937048771,3.4559978859648774,113.81800591087148,115.52824106998521,9.094528417915846,8.403758137435759,38.00084762126538,4.68392871873233,4.03402486195221,5.829192568831909,0.1461398980309741,188.0,80.0,108.0,27.721877723165694,33.16050666429754,32.03889869226399,0.00519945405461936,0.09848758919482416,1134.9005424954792
553993,Eugenio Suárez,2023,693,1445,343,23.737024221453286,0.12394872109563428,0.008386679585613899,5.606438977990548,5.178659191486527,2.8309581136640265,113.62774652581311,114.75345769617299,7.449723600585726,7.055591574138662,38.00084762126538,4.182060922103895,3.754281135599874,5.881863966815271,0.10301217956918197,61.0,81.0,-20.0,42.514411335802556,48.98984835538164,47.344691700832556,0.004481271293826356,0.08601644794195858,1251.0822510822509
592885,Christian Yelich,2023,627,1365,341,24.98168498168498,0.11905464314688914,0.008372316159841395,5.668941205515866,5.160888194040978,3.092546794118191,113.58098178618766,114.91793357352248,8.13809951014775,7.631921557678133,38.00084762126538,4.183448485386759,3.6753954739118706,5.054403859024896,0.12052843189254989,75.0,82.0,-7.0,40.5976333130892,46.52167687285328,44.96933698031836,0.004339958651841816,0.08747143362868381,1306.22009569378
677951,Bobby Witt,2023,693,1362,420,30.837004405286343,0.08917063902017211,0.009612307284072896,5.512105294319554,4.887634386431953,3.5624134520006825,112.86190885830878,114.50521669741642,9.374563134763198,8.623211777899721,38.00084762126538,4.199353711834954,3.5748828039473537,5.4682556367029935,0.1538720764849182,183.0,83.0,100.0,37.451668388472285,43.81815000341137,42.30192192564166,0.004674362419191692,0.11149047159768795,1179.2207792207791
681546,James Outman,2023,567,1214,312,25.700164744645797,0.11533637719946736,0.009950786848222298,5.519022705414544,4.878477112698095,3.612793053487255,112.83781130705117,114.52342000478454,9.507138076218926,8.726059358898683,38.00084762126538,4.095698027678185,3.455152434961735,5.513258485048868,0.15756437687455532,83.0,84.0,-1.0,35.98494968623382,41.20042614285057,39.8553843223897,0.004296109107592047,0.09798634320462926,1284.6560846560847
518692,Freddie Freeman,2023,724,1383,377,27.259580621836587,0.09773297186498454,0.010657007628868724,5.358076606535289,4.8045132560387005,3.3954145821361297,112.64317392054718,114.09988708656303,8.935102227130445,8.277487390375907,38.00084762126538,4.213624884375527,3.660061533878938,5.952454402141573,0.141781238612363,117.0,85.0,32.0,36.845330393099175,43.31074283165176,41.92977108691231,0.004674918610667088,0.1101714423580053,1146.1325966850827
668227,Randy Arozarena,2023,650,1414,391,27.65205091937765,0.10662744911702378,0.011177853814564499,5.60197249102297,4.782764866503376,4.144003689090895,112.58594259309871,114.74170404527527,10.905029620370625,9.769086982618425,38.00084762126538,4.030962678805098,3.2117550542855042,6.9487680466558155,0.19748297607564916,127.0,86.0,41.0,41.6913326047563,47.76013613669785,46.058208840128486,0.004291940263042115,0.11938713625644747,1305.2307692307693
668715,Spencer Steer,2023,665,1305,316,24.214559386973182,0.11710964406168903,0.009924892882758914,5.117857765876446,4.6886577552076245,3.0428453338679446,112.33829782413548,113.46774634314335,8.007309111087196,7.5237368422132205,38.00084762126538,3.8047097655680946,3.3755097548992734,5.046858359358662,0.11713559934609179,68.0,87.0,-19.0,37.00664752349373,42.67893988067346,41.223534180331704,0.0043465841817469176,0.09335659796096207,1177.4436090225563
681082,Bryson Stott,2023,637,1254,369,29.42583732057416,0.10077937379853008,0.009509932624678153,5.108978453238357,4.596647268960947,3.3728049486893847,112.09617036644374,113.44438025213773,8.87560451888961,8.230116512043969,38.00084762126538,3.7071631886619554,3.1948320043845455,4.63948534759558,0.14016309453792636,163.0,88.0,75.0,37.1875889316576,42.61162105617899,41.12336051695371,0.004325384469315302,0.1011185050025838,1181.1616954474098
542932,Jon Berti,2023,424,718,154,21.448467966573816,0.11944057010642806,0.011931219705731909,4.840691237084607,4.442656069274886,3.048494636615573,111.69093940627988,112.73837701024264,8.022175365661125,7.536065075489899,38.00084762126538,3.7431025639986872,3.3450673961889663,4.2767012802610465,0.11751978559267533,38.0,89.0,-51.0,18.39384779638992,21.814602937263043,21.038973608282326,0.004764282926007134,0.0803966253050388,1016.0377358490566
660271,Shohei Ohtani,2023,578,1248,371,29.727564102564102,0.09684039788113703,0.012483694509905928,5.342499113457268,4.341867851912737,4.9171150374935175,111.42571317141625,114.05889459809731,12.93948778853524,11.15115877179302,38.00084762126538,3.953173413265558,2.9525421517210275,5.505560362179087,0.2573129887186017,165.0,90.0,75.0,35.92778761390184,41.07439509319901,39.73601133534766,0.004123884198154782,0.13408483571808963,1295.5017301038063
670541,Yordan Álvarez,2023,486,1024,271,26.46484375,0.11078417655102488,0.013877461283651167,5.181723446631442,4.249862948633851,4.822573248873938,111.18360040541731,113.6358101752755,12.690699157392512,10.9907396906729,38.00084762126538,3.764731567269124,2.832871069271533,6.654500840406443,0.24996289985783002,100.0,91.0,9.0,30.02251184532774,34.21970783709921,33.07194441481573,0.004098824210714324,0.12207138536212153,1264.1975308641977
621020,Dansby Swanson,2023,639,1280,305,23.828125,0.12484368394044355,0.009164549816657893,4.4237062622481425,4.108414670162468,2.8789359748865313,110.8113763964133,111.64107260537163,7.5759783139033745,7.162567374580376,38.00084762126538,3.096875778891524,2.78158418680585,4.602381467995229,0.10615957000065372,63.0,92.0,-29.0,38.07732360183528,42.78857077112955,41.375496306354755,0.0036806618510111496,0.08569917272490557,1201.8779342723005
643396,Isiah Kiner-Falefa,2023,363,680,181,26.61764705882353,0.10501102796144238,0.011439752264982759,4.556109055442528,4.031840921434142,3.767109202087456,110.60987102608183,111.9894932367059,9.91322414603029,9.036875952416157,38.00084762126538,3.1466609749730794,2.6223928409646935,4.471291209622613,0.16898896733951313,104.0,93.0,11.0,19.00699606102107,21.7634420395638,20.910725950879783,0.004053597027268719,0.08739953623176644,1123.9669421487604
670623,Isaac Paredes,2023,570,1251,360,28.776978417266186,0.10712962004366329,0.008996613852441816,4.135140346094647,3.7080740113693373,3.6359661460232595,109.75787184624348,110.88170555380088,9.568118538462713,8.773139377375752,38.00084762126538,2.727414786580086,2.3003484518547763,4.406958680350065,0.15926918889317143,157.0,94.0,63.0,38.56666321571878,42.495046544508696,41.157707262969865,0.0031401945074259908,0.0976595640686891,1316.842105263158
595777,Jurickson Profar,2023,522,1032,262,25.387596899224807,0.1209889524904482,0.008980536451931174,3.9525522536552797,3.661517980707125,3.033022547112634,109.6353587088361,110.40122129129409,7.981460248837571,7.502281838629909,38.00084762126538,2.627506432618589,2.3364721596704343,2.9220356257814317,0.11646849429925006,78.0,95.0,-17.0,31.69910555249743,35.13782601317752,33.9850361488756,0.003332093469651253,0.08214006511316328,1186.2068965517242
663538,Nico Hoerner,2023,681,1238,378,30.533117932148627,0.09182110554942129,0.008634169672436482,3.583931777055017,3.3555788702938822,2.894659573113227,108.8302737447785,109.43118904287135,7.617355281026331,7.197503155340991,38.00084762126538,2.556914501480343,2.328561594719208,3.118861543351881,0.1071976928184066,177.0,96.0,81.0,34.708377897681245,38.77614046463869,37.610475856861434,0.003285753285102944,0.09337552034535568,1090.748898678414
663837,Matt Vierling,2023,526,1023,294,28.739002932551323,0.10560568668320774,0.00938522218954976,3.6518227787416375,3.3450864433252434,3.3641716349716786,108.80266271074787,109.60984558854436,8.852885779024252,8.21199301678418,38.00084762126538,2.327382730426253,2.0206463950098588,3.7352829370770566,0.13954646942803256,154.0,97.0,57.0,31.048071884863077,34.24950318755991,33.088410745203426,0.0031294538638287736,0.09220932049626333,1166.9201520912547
679529,Spencer Torkelson,2023,680,1350,319,23.62962962962963,0.12728205775494034,0.009752680406038463,3.2124475366808913,3.0059212810255067,3.0471735868815815,107.91014271835185,108.45362074208892,8.018698996536,7.533182925871069,38.00084762126538,1.9884732433454952,1.7819469876901106,4.2463326283530165,0.11742991247387147,59.0,98.0,-39.0,40.60297642382597,44.24375029873099,42.856579432950866,0.002696869536966674,0.09399136857354548,1191.1764705882354
571970,Max Muncy,2023,574,1321,313,23.694171082513247,0.1392065864089397,0.010000149787161464,3.1772215671250894,2.895655531385081,3.6914830407772117,107.61997616538602,108.36092288990709,9.714212371177341,8.885348617233419,38.00084762126538,1.4916191212685397,1.2100530855285312,3.921384359800188,0.16336937760026699,60.0,99.0,-39.0,43.57166154599813,46.61120351188113,44.99864383867837,0.0023009401709939456,0.09716505721916914,1380.8362369337979
543305,Aaron Hicks,2023,313,699,144,20.600858369098713,0.16473245755151125,0.012272600639490431,3.2727267934765067,2.893261531523366,4.2890151578768,107.61367630627346,108.61224682694993,11.286630236838862,10.040584088903088,38.00084762126538,1.6189134736615196,1.239448211708379,3.248682627152718,0.20861218204077492,33.0,100.0,-67.0,23.72147388741762,25.4287463646812,24.56600708284438,0.0024424498959421713,0.0846276108580854,1339.9361022364217
646240,Rafael Devers,2023,646,1400,456,32.57142857142858,0.09204972568539622,0.008585531312055627,3.0197680219091536,2.743587230615124,3.8655210458406017,107.21980535265693,107.94658069737181,10.172196905622299,9.231759488642759,38.00084762126538,1.5427114318052753,1.2665306405112458,4.190029192192212,0.17635617601146605,210.0,101.0,109.0,41.97467491254068,45.225958482796194,43.635660887451024,0.0023223454073253726,0.11123085919268039,1300.30959752322
683011,Anthony Volpe,2023,599,1159,331,28.559102674719583,0.10696186815173574,0.009836947652601277,2.9138441901468117,2.7055206780501178,3.407888737668218,107.11963244876702,107.66783998922229,8.967928220004108,8.303565451668508,38.00084762126538,1.6182036866584757,1.4098801745617817,2.2468654413430422,0.1426760038756031,147.0,102.0,45.0,35.40437835822453,38.31336614138776,37.01988503873857,0.002509911806007967,0.09993537841472408,1160.9348914858097
668930,Brice Turang,2023,449,854,229,26.81498829039813,0.11016600814176797,0.009098407624203116,2.8531799494262553,2.67112300368112,3.2305043953600983,107.02911427214153,107.50820081136719,8.50113773133918,7.928915859430951,38.00084762126538,1.742304123742586,1.5602471779974507,2.9090182021276636,0.1300916220692938,111.0,103.0,8.0,25.228015864464865,27.363145526618847,26.531840117065567,0.0025001518292201183,0.08272494584851608,1141.2026726057907
641857,Ryan McMahon,2023,626,1304,330,25.306748466257666,0.13227056555711725,0.008509726406516635,2.78157125143521,2.616189890894245,3.1509128214505506,106.88455667349434,107.3197610725889,8.291690892934954,7.758165775710204,38.00084762126538,1.1391649779417017,0.9737836174007366,1.4938570155214383,0.12454887842935784,77.0,104.0,-27.0,43.64928663384869,46.551392639512756,44.8378154275012,0.002225541415386556,0.09103757369710111,1249.8402555910543
671277,Luis García,2023,483,924,286,30.952380952380953,0.08779532772934116,0.012536433794682953,2.7663518925631267,2.467959421821377,4.531144110671799,106.49448519258897,107.27971102153802,11.923797479022964,10.481247070912845,38.00084762126538,1.5562288497412222,1.2578363789994724,3.257363781395375,0.22732522392427612,187.0,105.0,82.0,25.109463730591575,27.33637700410489,26.36222795463326,0.0024100793003390877,0.1199962763958703,1147.8260869565217
669242,Tommy Edman,2023,526,876,252,28.767123287671232,0.0933401026421629,0.009097306027378384,2.559122001231978,2.442493502402405,2.8690503275417982,106.42747110997487,106.73438136627217,7.549964032739812,7.140571608182475,38.00084762126538,1.6219965966617929,1.5053680978322197,2.9103390230047297,0.10550855324302993,156.0,106.0,50.0,23.52170586582505,25.765202820238418,24.943656215565223,0.0025610695826636613,0.08498075930268349,999.2395437262358
624428,Adam Frazier,2023,457,852,245,28.755868544600936,0.09237122488941601,0.010028352252270074,2.5367500844593978,2.383274756297042,3.3944244345958157,106.27163578046968,106.67550921427296,8.93249663382847,8.275415672716036,38.00084762126538,1.3607409602356584,1.2072656320733026,2.2260726773754773,0.14171027651382687,155.0,107.0,48.0,22.630950097906922,24.563108078903497,23.667381129286415,0.0022677910575077164,0.08857502780159368,1118.5995623632386
571771,Enrique Hernández,2023,509,990,277,27.979797979797983,0.10700744603704915,0.010438548973073884,2.501064650940755,2.3332322140006236,3.6492319655157694,106.139947817098,106.58160227336917,9.603027811078743,8.800026692581383,38.00084762126538,1.1889841019355232,1.0211516649953918,1.8084517800060125,0.16024691939107927,135.0,108.0,27.0,29.641062552262614,31.762799064477356,30.649717398737916,0.002143168194156304,0.09838987415147833,1166.9941060903732
664761,Alec Bohm,2023,609,1100,331,30.09090909090909,0.09537795262261078,0.00947035270593684,2.4644997040251413,2.3299459099888313,3.2735908168088828,106.13129984154614,106.48538087515185,8.614520521844813,8.020669624975278,38.00084762126538,1.3529013867626059,1.218347592726296,2.1908158925908405,0.133119894952042,168.0,109.0,59.0,31.57010231808417,34.07156951766969,32.943297225648216,0.0022740610905322895,0.10018301403050678,1083.743842364532
596146,Max Kepler,2023,492,964,240,24.896265560165975,0.12001692338101036,0.0096409309841146,2.4254383369171406,2.293598050516952,3.3097905108063226,106.03564971333284,106.38259009664789,8.709780749611896,8.097386160353112,38.00084762126538,1.294825960775439,1.1629856743752507,2.776581588333666,0.1356786183837007,74.0,110.0,-36.0,28.804061611442485,30.79292104771454,29.865818899278345,0.0020631321953029622,0.08741296307091383,1175.6097560975609
641680,Jonah Heim,2023,500,1002,304,30.33932135728543,0.09640009153112002,0.0106023135744704,2.4757025976677296,2.2844211382721165,4.0086543678914195,106.01150048293593,106.51486151662132,10.548855140926293,9.510548812368777,38.00084762126538,1.0772701094935186,0.8859886500979055,1.716856040447901,0.18716854669414867,171.0,111.0,60.0,29.305627825460487,31.36871332351693,30.203352916705086,0.00205896756293058,0.10553183883204924,1202.4
593871,Jorge Polanco,2023,343,733,210,28.6493860845839,0.11490662589464201,0.012605274590894866,2.362111109631444,2.133747484114995,4.841002251891368,105.61499971100893,106.21594321572343,12.739195452004417,11.022196173806726,38.00084762126538,1.0382758300080412,0.8099122044915921,2.3039483938849106,0.2513957799377213,149.0,112.0,37.0,24.130391437874824,25.480731622214133,24.723939120696087,0.0018422103469840502,0.10221771467017324,1282.2157434402334
643446,Jeff McNeil,2023,645,1073,326,30.382106244175212,0.09069707829861977,0.009433190657190922,2.1348958032452385,2.059515213347779,2.9468105872987764,105.41965598734505,105.61802153605265,7.754591730869006,7.312938551459863,38.00084762126538,1.083663332338695,1.0082827424412357,1.99878371189503,0.11066379483331233,172.0,113.0,59.0,29.567247525350044,31.862260513838674,30.73218560761414,0.002138875105767597,0.09670764882954179,998.1395348837209
542303,Marcell Ozuna,2023,589,1261,377,29.896907216494846,0.10797343241931023,0.010233581001901358,1.9999458531113703,1.8945214629666443,4.085408725320621,104.98547159223486,105.26289800965438,10.75083578671128,9.657769472060044,38.00084762126538,0.5706749370401987,0.4652505468954726,1.8889333447719103,0.19300803081696696,166.0,114.0,52.0,40.70598402207996,42.66926420121762,41.26619658527442,0.0015569232189830782,0.11293849945019306,1284.5500848896436
682985,Riley Greene,2023,412,883,234,26.50056625141563,0.11829745195428312,0.011123906903785855,1.88727629410583,1.7968054037186507,4.289838489052176,104.7283298036572,104.96640578366916,11.288796849498617,10.042109332566525,38.00084762126538,0.5501904281444036,0.4597195377572241,1.589305101242537,0.20867556651588373,101.0,115.0,-14.0,27.681603757302252,28.977533479254923,28.059401184628076,0.0014676440792215969,0.09913033077360613,1285.9223300970873
408234,Miguel Cabrera,2023,370,685,195,28.467153284671532,0.09731309647337712,0.012857405939646693,1.8493262572733622,1.765277872343775,4.338938335085453,104.64536446643869,104.86653949328876,11.418004088565045,10.132736892015378,38.00084762126538,0.6776077043273067,0.5935593193977196,2.642450785026469,0.21245905336172674,145.0,116.0,29.0,18.97605381230854,20.116471670960447,19.39391189664371,0.0016648435892728565,0.10223242578711846,1110.8108108108108
666969,Adolis García,2023,629,1383,410,29.645697758496027,0.10723350277150336,0.009906997468956234,1.8319403718232115,1.7582321162968118,4.110021242883387,104.62682341673057,104.8207881836774,10.815604125060114,9.704640921419792,38.00084762126538,0.33972890813718437,0.26602065261078467,2.597798260817151,0.19488600455322255,164.0,117.0,47.0,43.96573613631637,45.88622029277771,44.32188527501352,0.0013886364110349482,0.1158596925131963,1319.2368839427663
453568,Charlie Blackmon,2023,412,746,217,29.088471849865954,0.10034435557550138,0.011656198701698347,1.811266457867487,1.7476733445289374,3.8855664468199396,104.59903779501732,104.76638436047384,10.224946784201638,9.27113573764074,38.00084762126538,0.5959510549393803,0.5323579416008306,0.4572009989823638,0.17786380938525043,160.0,118.0,42.0,21.7747251598838,23.01846146095281,22.18394488427551,0.0016672068378941122,0.09768567732264952,1086.4077669902913
676801,Chas McCormick,2023,454,936,286,30.555555555555557,0.09835078289072917,0.011445624228942249,1.8186491146440265,1.7346160408010394,4.569209779520723,104.56467723585814,104.78581197127379,12.023968057396123,10.549087706195305,38.00084762126538,0.4532365595224644,0.36920348567947725,1.1740369955922734,0.2302775056799917,178.0,119.0,59.0,28.12832390674854,29.504435070162522,28.471272903453873,0.0014702042344166453,0.11300763228283889,1237.0044052863436
669004,MJ Melendez,2023,601,1225,330,26.93877551020408,0.1201704366859866,0.009562980036969145,1.6860426016410954,1.6537633881326939,3.355758670044923,104.35191184316437,104.43685524713817,8.830746891464155,8.194313347227999,38.00084762126538,0.2570994277276055,0.22482021421920395,0.9148069089331424,0.1389462546680528,113.0,120.0,-7.0,39.65624410637558,41.345096779019414,39.9137720331494,0.0013786552429745555,0.09603861717604756,1222.9617304492513
665750,Leody Taveras,2023,555,1052,296,28.13688212927757,0.10344358754946623,0.009185366159532055,1.6337063899218744,1.6104976967677862,3.214230477648627,104.23805730024439,104.29913144623555,8.458312587348537,7.894135380259392,38.00084762126538,0.5048358122489291,0.4816271190948409,1.2963805489837066,0.12895282194508326,139.0,121.0,18.0,30.619301914642,32.13048032531973,31.08627504097226,0.00143648137897123,0.09166654815466825,1137.2972972972973
650859,Luis Rengifo,2023,440,877,252,28.734321550741164,0.11231256712354358,0.009437138522425606,1.5429283879210605,1.5283663022565936,3.689894741354355,104.02192687249774,104.06024729579356,9.71003272908439,8.882149828804781,38.00084762126538,0.18229317696511996,0.1677310913006531,1.6177924388888505,0.16325177050792083,153.0,122.0,31.0,28.30276691513298,29.43424773294176,28.436448578240736,0.0012901719701354363,0.0913725209101446,1195.909090909091
682998,Corbin Carroll,2023,646,1245,348,27.951807228915666,0.0998180364958867,0.008962479950418044,1.4828896227610286,1.4793917794207665,3.0840694104622126,103.89304942396309,103.90225406954133,8.11579110339728,7.613513144113387,38.00084762126538,0.3690456008544757,0.36554775751421364,1.7643990928310045,0.11994769704747772,133.0,123.0,10.0,34.73667670056857,36.33325452774128,35.13401579748856,0.0012823918290543834,0.09410674143284838,1156.3467492260063
661388,William Contreras,2023,608,1237,307,24.818108326596604,0.12796296690610906,0.00967359160701551,1.327417325965712,1.3447532514421467,3.3319047070660024,103.5387454112724,103.49312557234352,8.767974704862793,8.144084279311267,38.00084762126538,0.0015195861224355002,0.018855511598870223,1.5533980639478107,0.13724806462242606,73.0,124.0,-51.0,39.28463084017548,40.62974706382074,39.286170687446216,0.0010874019592928494,0.09599752828562289,1220.7236842105265
670770,TJ Friedl,2023,555,1054,259,24.573055028463,0.13024754911195113,0.00993090612361039,1.1843171070547065,1.2153836881282194,3.015966856257902,103.19830678578887,103.11655444862224,7.936577852990202,7.464970983406052,38.00084762126538,-0.15901808489370275,-0.12795150382018994,1.0238287161712916,0.1153129169808576,72.0,125.0,-53.0,33.734115219995346,34.82960854402094,33.58702349146867,0.0010393674801001931,0.0859306292176444,1139.4594594594594
687263,Zach Neto,2023,326,616,158,25.649350649350648,0.12084508968490788,0.012850471809018695,1.0917601678927333,1.1677060939270234,4.304620363370956,103.07284223121795,102.87298898901871,11.32769565108879,10.069461984299396,38.00084762126538,-0.050462320835199304,0.025483605199090764,1.5503731516223096,0.20981389381099938,82.0,126.0,-44.0,19.093524170215446,19.686713861437163,19.06610630922832,0.000962970277957335,0.09423469937585696,1133.7423312883436
663586,Austin Riley,2023,714,1452,400,27.548209366391184,0.11735359075908232,0.010151543133222283,0.9670271144469681,1.0440158526552847,3.621233203783068,102.74734885668984,102.5447514331386,9.529348502628178,8.743223500158138,38.00084762126538,-0.45487607733247015,-0.3778873391241535,1.0305194129289454,0.1581848441305655,123.0,127.0,-4.0,46.941436303632926,48.092198569824816,46.40013377160729,0.0007925359959999256,0.11308894356150238,1220.1680672268908
665489,Vladimir Guerrero,2023,672,1260,366,29.04761904761905,0.10784833161189523,0.009579794276131601,0.7601201676071544,0.8574794241249147,3.3756491076386044,102.25647446780916,102.00027161284105,8.883088980756266,8.236082847840896,38.00084762126538,-0.4950864541913498,-0.3977271976735893,1.54076082104418,0.14036638770056195,159.0,128.0,31.0,39.47248936995366,40.32382395767367,38.917992541259345,0.0006756623712063594,0.10650991701620804,1125.0
668670,Jake Rogers,2023,364,658,147,22.340425531914892,0.12940402441091925,0.012728598481144982,0.6838348413319032,0.8046861023106217,3.60472038403518,102.11754777243526,101.79952523203517,9.485894683091145,8.70962479332242,38.00084762126538,-0.5649634646510285,-0.4441122036723101,0.5186198949120522,0.1569714257020385,47.0,129.0,-82.0,19.02239158840513,19.437251392146486,18.67964708651684,0.0006304860239230314,0.08525282300933537,1084.6153846153845
676475,Alec Burleson,2023,346,642,218,33.95638629283489,0.08962338905629384,0.01284805373696654,0.5257060563740922,0.7608695265407409,4.866817085868363,102.00224356604866,101.38340613244613,12.807127710343174,11.066107916643356,38.00084762126538,-0.6592031452739892,-0.4240396751073404,-0.5402491902148318,0.25340286028003944,225.0,130.0,95.0,19.537898814272058,19.841055973447784,19.157758333830724,0.0004722074130463029,0.11076495067278716,1113.2947976878613
602104,Ramón Urías,2023,394,707,203,28.71287128712871,0.10198841253756445,0.013035735444009178,0.505670113713764,0.6978469588808823,4.212172704236405,101.83639840309868,101.33068114362477,11.084417764090245,9.897424489428992,38.00084762126538,-0.5461703851144744,-0.35399353994735605,0.700950970771082,0.2027057669697365,152.0,131.0,21.0,20.703647745125583,21.035704453130958,20.34499585890041,0.0004696700254672867,0.10402588854195548,1076.6497461928934
672515,Gabriel Moreno,2023,380,738,195,26.422764227642276,0.11909586607677101,0.01343138628548366,0.3509463781616001,0.5887432214672699,4.38007133821733,101.54928970883746,100.92352250049603,11.526246419214685,10.208158027480076,38.00084762126538,-0.9913637424027025,-0.7535668990970328,0.6055681443771265,0.21563362281540416,98.0,132.0,-34.0,23.22369388497035,23.445959924472692,22.595830181448637,0.00030117349526063243,0.10211401424138516,1165.2631578947369
642086,Dominic Smith,2023,582,1118,343,30.67978533094812,0.10503911765065892,0.008371060474707922,0.42974709965716085,0.5564216985845698,3.1387504355578613,101.46423496688845,101.13088819475877,8.259685328180437,7.731930461645212,38.00084762126538,-0.8623750960170522,-0.7357004970896432,-0.42150660373653126,0.12370794407694821,181.0,133.0,48.0,36.02841735417601,36.445272040843456,35.191913511039466,0.0003728575014914544,0.0910558008640896,1152.5773195876288
621550,Patrick Wisdom,2023,302,666,161,24.174174174174173,0.14357594506917232,0.016407424529516098,-0.12698720237653827,0.3614468262759628,5.586221058727152,100.95115464233407,99.66583060556398,14.700253832235804,12.219832595601101,38.00084762126538,-1.4928762793108583,-1.0044422506583572,-0.8139825051699016,0.308995548690956,66.0,134.0,-68.0,23.115727156136742,23.051810264273882,22.364312762216944,-9.597130910338978e-05,0.1089523734936472,1323.1788079470198
630105,Jake Cronenworth,2023,521,977,260,26.61207778915046,0.11966319458266884,0.008758853779996715,0.19546410588066293,0.3451678064660474,3.0698631379927597,100.90831607206806,100.51436775260582,8.078407009729057,7.582623767386164,38.00084762126538,-0.9428956837220355,-0.7931919831366511,0.10276223779444361,0.1189763731954248,102.0,135.0,-33.0,31.1124305914939,31.282158590100277,30.293682839461933,0.0001737236423811419,0.08528216266233556,1125.143953934741
668731,Akil Baddoo,2023,353,709,179,25.24682651622003,0.13223860501708123,0.010832441085059267,-0.03020543206987364,0.2374717016870993,3.9190019105524936,100.62491159158832,99.92051379387398,10.31293288405338,9.336573918030249,38.00084762126538,-1.4164974459740032,-1.1488203122170302,0.13988843805344936,0.18038349203760992,76.0,136.0,-60.0,23.670710298057543,23.652939435523102,22.837337634009504,-2.5064686226293826e-05,0.08659160961058801,1205.0991501416431
600869,Jeimer Candelario,2023,575,1197,343,28.654970760233915,0.12016356538745557,0.008590882407374894,-0.25218259582637675,-0.009017528460312896,3.406031022424293,99.97627019125946,99.33637639260117,8.963039604722576,8.299684359189616,38.00084762126538,-1.766650611490231,-1.523485544124167,-0.36326391974506084,0.14254266131093415,151.0,137.0,14.0,41.21610292789726,40.97442794023031,39.523062758552456,-0.000201900574492017,0.09434483262390045,1249.0434782608697
666182,Bo Bichette,2023,603,1124,413,36.743772241992886,0.07748935066128543,0.00876707555236663,-0.3769782246968614,-0.07644541577627467,3.7021841456367266,99.7988323404305,99.00797416822381,9.742372545303368,8.906882745397944,38.00084762126538,-1.4177355538739933,-1.1172027449534065,0.15375598808310514,0.16416220640655194,252.0,138.0,114.0,32.00310182311088,31.624238707290534,30.57827759146752,-0.0003370668290216599,0.11097902953809448,1118.407960199005
641584,Jake Fraley,2023,377,723,221,30.567081604426004,0.10236139105151218,0.00970538101419152,-0.43831178243236835,-0.13349927660780664,3.660827205622042,99.64869395036047,98.84657366909077,9.633540920212088,8.823489608062744,38.00084762126538,-1.6154459752319528,-1.3106334694073911,0.15656341116382883,0.16110256958109503,179.0,139.0,40.0,22.62186742238419,22.346461519089186,21.60682886794678,-0.00038092102807054604,0.08554609337468581,1150.6631299734747
669016,Brandon Marsh,2023,470,1035,263,25.41062801932367,0.13953766885530297,0.0102795356221536,-0.4909910917589638,-0.1370250943965765,3.940594827397384,99.63941568945452,98.70794699988691,10.369755081968792,9.378674298792435,38.00084762126538,-2.0277596336920354,-1.6737936363296482,-0.4193154368098575,0.18201392642157668,79.0,140.0,-61.0,36.69840690894468,36.31379722040016,35.10999519588592,-0.0003716035638111321,0.0959485057345131,1321.2765957446807
668804,Bryan Reynolds,2023,633,1364,355,26.02639296187683,0.12167711592208696,0.009443721700062167,-0.4640900786020701,-0.19694800271651974,3.360644929666288,99.48172734282299,98.77873756073177,8.843605182600353,8.204583970692486,38.00084762126538,-1.7010483980833258,-1.4339063221977755,-0.7839669629169848,0.13929477904909354,89.0,141.0,-52.0,43.19537615234087,42.70576111941568,41.40077009236296,-0.0003589553027310733,0.09599926408122392,1292.8909952606634
656716,Zach McKinstry,2023,515,1062,289,27.21280602636535,0.11878695856313196,0.009323086960761407,-0.6181161089899877,-0.323843671197201,3.3989410726117275,99.14779882168739,98.37341494287067,8.944382258225394,8.284863892808099,38.00084762126538,-1.9088120994103008,-1.6145396616175143,-0.30456336811767787,0.14203404857940036,115.0,142.0,-27.0,34.32943102474513,33.798881364528725,32.69103397275129,-0.0004995759512395537,0.08952356237649478,1237.2815533980583
605204,J. D. Davis,2023,547,1026,274,26.705653021442494,0.12191957526418071,0.009303876869880363,-0.6183017869375208,-0.3499571486562966,3.2221703630941927,99.07908067697822,98.37292632759193,8.479206556674429,7.911112962682281,38.00084762126538,-1.8605172248156863,-1.5921725865344623,-0.10974729736445875,0.12950808513293932,108.0,143.0,-35.0,33.405963622385514,32.842278493294145,31.70979208576188,-0.0005494007106153734,0.0917087754100812,1125.4113345521023
650559,Bryan De La Cruz,2023,626,1314,454,34.55098934550989,0.09394089005629032,0.00851433631270765,-0.8567000584854421,-0.45291329800476815,3.8443590584637928,98.80814948519381,97.74557644865261,10.116508707328094,9.190072483916454,38.00084762126538,-2.180911324514395,-1.777124564033721,-0.37361250142550284,0.17476706140811865,232.0,144.0,88.0,42.6491640855558,41.75534035786932,40.373746603645785,-0.0006802311474021902,0.11064947143743015,1259.4249201277955
676694,Jake Meyers,2023,342,645,172,26.666666666666668,0.12644533025376634,0.01468464569120951,-1.0763453178603517,-0.4699870504922773,4.690041485612089,98.76321955979405,97.16757550097903,12.341939138714183,10.761857185137874,38.00084762126538,-2.3217744697488105,-1.715416202380736,-1.0999966721251646,0.23966033349101995,106.0,145.0,-39.0,21.74859680364781,21.135079972467413,20.42518535589099,-0.0009511888855510084,0.10526201579781923,1131.578947368421
572233,Christian Walker,2023,662,1334,352,26.38680659670165,0.12911650575659755,0.007017120708012889,-0.7735842074665081,-0.5565198391364257,2.7450601959458885,98.53550677426207,97.96429749363378,7.22368149075113,6.862665708918294,38.00084762126538,-2.14507012550557,-1.9280057571754876,-0.7380889374742706,0.09745573447415254,96.0,146.0,-50.0,45.44901002632234,44.595488784084296,43.08228265451453,-0.0006398210211679515,0.08292408664084266,1209.0634441087614
683002,Gunnar Henderson,2023,622,1192,318,26.677852348993287,0.12454860334476685,0.010746202784563157,-1.1324621750794448,-0.7368735352087625,3.549953128131195,98.06090237103973,97.01990285488864,9.341773540189749,8.5976706272291,38.00084762126538,-2.278632967234207,-1.8830443273635247,-0.8475321209830744,0.1529619168506734,107.0,147.0,-40.0,39.60645586363586,38.432470075470164,37.2442730209364,-0.0009848874061792713,0.1065917581151087,1149.8392282958198
592518,Manny Machado,2023,601,1153,338,29.314830875975716,0.10924723806181429,0.008378253185838985,-1.0570461113361265,-0.7441624743356183,3.1518882362229705,98.04172138013263,97.21836175373993,8.29425771665989,7.760268192330907,38.00084762126538,-2.2042880194978514,-1.8914043824973432,-0.2924278925402348,0.12461639158132108,162.0,148.0,14.0,36.92556646489323,35.866758610038204,34.71760463202955,-0.0009183068992671466,0.09297782384903332,1151.08153078203
666971,Lourdes Gurriel,2023,590,1089,331,30.39485766758494,0.10025954828145371,0.010013978217133011,-1.1520203656059091,-0.7777363591107906,3.421275637966034,97.95337102250433,96.96843508048164,9.003156119211084,8.331506250381388,38.00084762126538,-2.37940083717674,-2.0051168306816214,-0.7054593860400193,0.14363780483111352,173.0,149.0,24.0,33.18591048116118,32.05309045498203,30.846166324604052,-0.00104023877518746,0.10194710234343232,1107.457627118644
658668,Edward Olivares,2023,381,708,222,31.35593220338983,0.09562838389543477,0.011813893593534939,-1.5775407207334575,-0.9081769355733642,4.447155421349137,97.61011400423304,95.8486696495405,11.702779542371305,10.330183021778613,38.00084762126538,-2.6825508965478013,-2.0131871113877082,-0.663079474204946,0.22081966288129515,191.0,150.0,41.0,21.229501224786517,20.22776286712077,19.526081405478664,-0.001414884685968567,0.10613030299069434,1114.9606299212599
596019,Francisco Lindor,2023,681,1412,386,27.3371104815864,0.12464092139630764,0.00967844131737086,-1.581871713464337,-1.1327427408681374,3.4810812591743003,97.01916454033449,95.83727255447029,9.16053582243328,8.455755435201537,38.00084762126538,-2.9864100695924973,-2.537281096996298,-1.3486099596513232,0.1479539408130231,119.0,151.0,-32.0,48.11139565897475,46.315971264192726,44.721820229987266,-0.001271547021800299,0.10514598028976181,1244.0528634361235
621043,Carlos Correa,2023,579,1175,317,26.978723404255316,0.12611919124782936,0.009304679931211748,-1.713688861008764,-1.259528716806384,3.417759328237889,96.6855246773455,95.49039306152271,8.99390287895921,8.324171654007994,38.00084762126538,-2.9771021863685276,-2.5229420421661475,-0.8656029646800568,0.14338501462533418,114.0,152.0,-38.0,39.97978362556191,38.326073874688454,37.10688001571628,-0.0014074125539348574,0.09621656702356703,1217.6165803108806
682928,CJ Abrams,2023,611,1088,383,35.20220588235294,0.08740249859470374,0.007659931298989174,-1.6428293440829504,-1.2712309503294221,3.0848875877619157,96.65473001286941,95.67686131515757,8.117944153528839,7.615290588973164,38.00084762126538,-2.773405358090759,-2.401806964337231,-1.492673854664986,0.1200037093772196,239.0,153.0,86.0,33.47515696177153,31.802209079713727,30.650905838782442,-0.0015376359210090113,0.09523900626889756,1068.4124386252047
444482,David Peralta,2023,422,757,259,34.21400264200793,0.0893192729085931,0.010381688885612481,-1.902418571523802,-1.2778607896440652,3.9944874626890563,96.63728345646435,94.99374700668729,10.511574643018568,9.483201596646552,38.00084762126538,-2.962295507463369,-2.337737725583632,-2.0900886663013285,0.18609370240415962,226.0,154.0,72.0,23.133691683325612,21.79565728802054,21.050210509743042,-0.0017675487388442196,0.10211142176988153,1076.303317535545
624413,Pete Alonso,2023,650,1338,374,27.95216741405082,0.11880078192435974,0.009931689824363087,-1.8152245850625057,-1.285550058096133,3.6734057007983205,96.61704899083162,95.22319974766378,9.666641484972226,8.848901550846803,38.00084762126538,-3.174297710060063,-2.64462318309369,-1.6935228221775647,0.1620318673507403,134.0,155.0,-21.0,44.43149243971054,42.46499913922616,40.992669920478804,-0.0014697259345922131,0.108793499123762,1235.076923076923
660162,Yoán Moncada,2023,359,703,200,28.449502133712663,0.11878134237320856,0.012399192250033797,-2.0608737118611566,-1.2937290568318993,4.414236389266607,96.59552579004074,94.57676909630857,11.616152442863902,10.270455494356508,38.00084762126538,-3.32805425555633,-2.560909600527073,-2.5655913697547104,0.21827355425517775,144.0,156.0,-12.0,23.75626847464171,22.523179037044784,21.764982678400507,-0.0017540390292986137,0.09961417036207496,1174.9303621169915
623993,Anthony Santander,2023,655,1508,522,34.61538461538461,0.10266882098201223,0.008738621952859104,-2.18626953617899,-1.4417544796163453,4.236026653701779,96.20599389259534,94.24678744545807,11.147189915130436,9.942035956469326,38.00084762126538,-3.771158464593592,-3.0266434080309472,-2.017640684808733,0.20453722964579577,233.0,157.0,76.0,53.593124552610384,51.20644697561499,49.47627656209571,-0.0015826774383258604,0.11908253272463154,1381.3740458015266
672275,Patrick Bailey,2023,352,677,181,26.73559822747415,0.12800911177967503,0.013148518131180495,-2.205404831655313,-1.4556626067173695,4.240698352474657,96.16939437450132,94.19643252793877,11.159483585049166,9.950754910021788,38.00084762126538,-3.6173858606359275,-2.8676436356979838,-3.2371577264876574,0.2048961365322867,109.0,158.0,-49.0,23.16964923212118,21.875811730883395,21.04744952721477,-0.0019111336798194737,0.09561685617735374,1153.9772727272727
667452,Corey Julks,2023,326,684,208,30.409356725146196,0.11652807695255471,0.013245574786256674,-2.6790993231551004,-1.4776828875567538,5.34799322770001,96.11144755958065,92.94989588164904,14.073352470978197,11.852563418905238,38.00084762126538,-4.1611004044127275,-2.959683968814381,-3.3990008057648557,0.29070083946790903,175.0,159.0,16.0,24.23784000613138,22.78219604055044,21.97697545306713,-0.0021281344526037104,0.11110385996889861,1258.8957055214723
663647,Ke'Bryan Hayes,2023,525,985,302,30.65989847715736,0.10914014583306109,0.010298307173502448,-2.05251164365036,-1.4866043965085236,3.6648552479545025,96.08797042812114,94.59877404813,9.644140795174367,8.83163193503918,38.00084762126538,-3.4164563830325876,-2.850549135890751,-3.266266935224641,0.16140003806549863,180.0,160.0,20.0,32.96032404158445,31.164376353390388,29.970924706430935,-0.0018232971453746854,0.10217549811421396,1125.7142857142858
669720,Austin Hays,2023,564,1110,343,30.9009009009009,0.10433780173653548,0.00994255379378535,-2.1084852668236196,-1.4931974091741411,3.8171305466279106,96.0706207817887,94.4514783253316,10.044856327077909,9.136257795258713,38.00084762126538,-3.2448112055614966,-2.629523347912018,-1.6898602478127436,0.17272627265766313,185.0,161.0,24.0,35.78786599563167,33.805889844817465,32.73774346240386,-0.0017855640998326147,0.10769694335543799,1180.8510638297873
456781,Donovan Solano,2023,446,888,271,30.51801801801802,0.11657655130683575,0.009271881225244262,-2.2304129668390615,-1.618059691613075,3.729819694142364,95.7420431571963,94.13062311380939,9.815096050792159,8.962352780364933,38.00084762126538,-3.4781636826478177,-2.865810407421831,-3.490440836354917,0.1662133030463372,176.0,162.0,14.0,31.59224540415249,29.93430509880212,29.006810400050945,-0.0018670498934125778,0.09303898486422957,1194.6188340807175
605137,Josh Bell,2023,618,1301,362,27.824750192159875,0.11683976635204382,0.00933574586565785,-2.2347525534074526,-1.6803195333541776,3.513614961203593,95.57820512294609,94.11920340388176,9.246148918102987,8.522949724647017,38.00084762126538,-3.5442110944181318,-2.9897780743648568,-1.8404417749785087,0.1503147378039163,129.0,163.0,-34.0,42.29599541943986,39.99420028943018,38.645457992189186,-0.0017692506764102043,0.1003350667927109,1263.106796116505
462101,Elvis Andrus,2023,408,776,218,28.09278350515464,0.12518650896242464,0.010172072908078412,-2.399930146841954,-1.787672692739839,3.6306392160503966,95.29570311021313,93.68453522205398,9.55410061437335,8.762329491349393,38.00084762126538,-3.67780437799442,-3.0655469238923048,-3.128365820626723,0.15887694137168248,137.0,164.0,-27.0,27.29065895380857,25.658706453956043,24.789751976772365,-0.0021030315719749084,0.0886259995694703,1141.1764705882351
657757,Gavin Sheets,2023,342,764,230,30.104712041884817,0.11419181733296628,0.011893940126231704,-3.0274139536848645,-1.8359696507880883,5.027375152660229,95.1686086871371,92.03329887833682,13.229639514269401,11.335264430457643,38.00084762126538,-4.454231759363406,-3.2627874564666297,-1.3467949243105637,0.26587960328896754,169.0,165.0,4.0,26.264117986582246,24.538492032981875,23.725205883745105,-0.0022586727141366138,0.10367390826467701,1340.3508771929824
547989,José Abreu,2023,595,1237,452,36.540016168148746,0.08877450485638479,0.008807061576045395,-2.7783216333448806,-1.9473160032904127,4.129317457785974,94.87559850585887,92.68879036321778,10.86638250530811,9.741273578784273,38.00084762126538,-4.005234126272629,-3.1742284962181615,-2.2933764866386506,0.1963600759061639,250.0,166.0,84.0,40.12607619508592,37.370907242018916,36.154219019865565,-0.002227299072810838,0.11642845590662733,1247.3949579831933
682626,Francisco Álvarez,2023,423,843,222,26.334519572953734,0.1282363980321537,0.014255503279057705,-3.06525470796591,-1.9710865008476284,4.721782015595144,94.81304596020483,91.93372016720336,12.425464986083156,10.817099892991298,38.00084762126538,-4.454996282745433,-3.3608280756271514,-2.1731244174200253,0.24212709475492392,94.0,167.0,-73.0,28.468480363138124,26.307475794022157,25.327707983802593,-0.002563469239757967,0.11465190189066965,1195.744680851064
680776,Jarren Duran,2023,361,697,209,29.98565279770445,0.11482084731325469,0.012336978431901801,-2.968979142702493,-1.9776196666242538,4.490199469878528,94.79585380217263,92.18707126669185,11.816050827681538,10.407840399031661,38.00084762126538,-4.185987503684019,-3.1946280276057797,-2.789370103945652,0.22415217540286161,167.0,168.0,-1.0,23.99755708847023,22.211221304277565,21.478987940420346,-0.0025628920863596362,0.10233052370070089,1158.448753462604
518735,Yasmani Grandal,2023,405,812,224,27.586206896551722,0.1262134168708613,0.011839618151134546,-2.9118233021120545,-1.998113235980517,4.297948560107783,94.74192455943438,92.33747801856244,11.310138665703443,10.057123669969416,38.00084762126538,-4.1926312882598,-3.278921222128262,-3.149838549076683,0.209300030458005,126.0,169.0,-43.0,28.27180537907293,26.306324650147292,25.441779259497565,-0.0024205427696128534,0.10180918750741574,1202.9629629629628
666165,Blake Sabol,2023,343,657,183,27.85388127853881,0.1257387914624293,0.009840976967026795,-2.766787387934864,-2.005383388103831,3.919292878053596,94.72279300690752,92.71914296357284,10.313698570924373,9.33714206215675,38.00084762126538,-3.9925297475288613,-3.231125747697828,-4.257944009720848,0.18040544590217805,130.0,170.0,-40.0,23.010198837624564,21.428518714188467,20.727802665287232,-0.0024074278895526596,0.0874113652129116,1149.271137026239
518792,Jason Heyward,2023,376,720,205,28.47222222222222,0.11850274164642241,0.011813471925552899,-2.9092101871285676,-2.0243620972724057,4.2135326146686625,94.6728501494278,92.34435448355482,11.087996395929752,9.899971919791014,38.00084762126538,-4.269285785834275,-3.384437695978113,-3.5462995764477316,0.20281012649872185,146.0,171.0,-25.0,24.293062037516595,22.469956986916028,21.61764294506045,-0.0025320903480563458,0.09840489589669849,1148.936170212766
680777,Ryan Jeffers,2023,332,682,206,30.205278592375368,0.11122236208084553,0.010059742163378977,-3.0946244707626365,-2.1311868615088985,4.330666996133121,94.39173861922943,91.85643304169122,11.396237892624447,10.117515442166315,38.00084762126538,-4.328026153095073,-3.364588543841335,-2.7416723184718896,0.21182121862006928,170.0,172.0,-2.0,22.91180658865418,21.19944771483219,20.51696545060824,-0.002510790137568904,0.09175916147969784,1232.5301204819275
663886,Tyler Stephenson,2023,518,1038,252,24.277456647398843,0.14443754996342417,0.009319527495808453,-2.7535182154341706,-2.2004851251428796,3.24983295203187,94.20937883524608,92.7540610596978,8.552001219607677,7.970135927974471,38.00084762126538,-4.15387847956878,-3.600845389277489,-3.387142068558491,0.13144775307018314,69.0,173.0,-104.0,36.39826259078289,34.02105853145806,32.81208083675518,-0.0022901773211221905,0.08708450158128415,1202.3166023166025
519058,Mike Moustakas,2023,383,710,235,33.098591549295776,0.10016671565219067,0.011085636453508865,-3.1813224214806377,-2.206133159408455,4.31215701236322,94.19451591870836,91.6282856288175,11.347528495522624,10.08338520554725,38.00084762126538,-4.329792626759244,-3.354603364687061,-2.59922132737059,0.21039452163899713,214.0,174.0,40.0,23.539178178264805,21.508434032552998,20.775327218183488,-0.0028602030221293057,0.10330299549890389,1112.2715404699738
514888,José Altuve,2023,407,861,278,32.28803716608595,0.10547961670929261,0.009302683158470671,-3.091590922672925,-2.2176879501425972,4.075653259384596,94.16410925291684,91.86441588491604,10.725164080560797,9.639146084704798,38.00084762126538,-4.397247458450248,-3.52334448591992,-2.9438835617768246,0.1922643813290852,205.0,175.0,30.0,29.323333445183344,27.226204269303544,26.34053391920126,-0.002435690099744252,0.09421906973463115,1269.287469287469
669357,Nolan Gorman,2023,464,993,275,27.69385699899295,0.13367708718676108,0.011305120375162887,-3.2798657706236636,-2.2244799580513472,4.474761591841112,94.14623594657262,91.36896681012915,11.775425739022262,10.380045764810314,38.00084762126538,-4.763048416588215,-3.7076626040158986,-3.6292375015154383,0.22295655586479388,128.0,176.0,-48.0,36.761198976359296,34.224769447077,33.077774867531076,-0.002554309697162437,0.10981508641832641,1284.051724137931
657656,Ramón Laureano,2023,406,803,220,27.397260273972602,0.13440331845837342,0.011171617111615262,-3.1148620876498936,-2.2399908292991944,4.065580584546464,94.10541877480205,91.80317734305798,10.698657632761208,9.619890141090805,38.00084762126538,-4.4472842260961,-3.5724129677454006,-4.5453831074788775,0.19149698261697615,120.0,177.0,-57.0,29.568730060842153,27.461006714865725,26.55940106785046,-0.0026248111406929364,0.09708219437877852,1186.6995073891626
593160,Whit Merrifield,2023,589,1097,357,32.5432999088423,0.10336106313288307,0.008310378227528307,-2.818908547263409,-2.26781841779503,3.2146375400881255,94.0321899121904,92.58198507739091,8.459383780400744,7.895006182675352,38.00084762126538,-3.9348051415572,-3.383715012088821,-2.825858706969756,0.12898127309697677,209.0,178.0,31.0,36.89989953843926,34.13267098120901,33.03723249114394,-0.002522541984713078,0.09527802422907333,1117.4872665534804
662139,Daulton Varsho,2023,583,1107,309,27.91327913279133,0.1271060921966106,0.008726210620450751,-2.8157970575203284,-2.294684916692076,3.114757920188325,93.96149017631922,92.59017302565482,8.196548538157602,7.680065890919089,38.00084762126538,-4.128591158981415,-3.6074790181531626,-3.2908567309227696,0.12205388355762571,131.0,179.0,-48.0,39.275782488752675,36.53976634786209,35.264168079275734,-0.002471559296197458,0.09096363204292589,1139.279588336192
575929,Willson Contreras,2023,490,1035,327,31.594202898550726,0.11014439837150292,0.008939293718183004,-3.248993530521715,-2.362172603908739,4.027187551143777,93.78389496084066,91.45020773509387,10.59762558793597,9.546242658858622,38.00084762126538,-4.628905553177526,-3.7420846265645498,-3.7624181080245216,0.18857609997577549,196.0,180.0,16.0,36.017218267481454,33.36387355088872,32.23694539905314,-0.0025636180836644774,0.1022295644451268,1267.3469387755101
665862,Jazz Chisholm,2023,382,792,211,26.641414141414145,0.13479983678335875,0.015772443786544386,-3.971650953277347,-2.3941189974740427,5.348876882104561,93.69982737928643,89.54852009391811,14.075677825437015,11.853952418249108,38.00084762126538,-5.442418932533194,-3.8648869767298892,-3.4393011995561644,0.2907689777972559,105.0,181.0,-76.0,28.442765561288695,25.91414778770212,24.977758840909228,-0.0031926992090739615,0.12100745396992632,1243.9790575916231
667670,Brent Rooker,2023,519,1101,303,27.520435967302454,0.12867583751689485,0.009701355247808848,-3.3317856074786474,-2.5014982000273065,3.827462808134866,93.41725683343057,91.23233870811299,10.072045882452914,9.156702047763844,38.00084762126538,-4.652075482176043,-3.821788074724702,-3.5516966860018524,0.17350015854634868,122.0,182.0,-60.0,38.98877876761914,36.10678421715011,34.96473347553686,-0.0026176153955213715,0.09977768589192625,1272.8323699421965
664034,Ty France,2023,656,1204,414,34.38538205980066,0.09795788224056015,0.00782940750066011,-3.115282104623752,-2.535466855682975,3.1848179188077874,93.32786762823648,91.80207205988629,8.380912843179726,7.831102197952843,38.00084762126538,-4.2319738598154215,-3.6521586108746447,-2.8807089417275096,0.12690171568798803,229.0,183.0,46.0,40.5545632475919,37.14852147986993,35.927605160860374,-0.002828938345284027,0.10035151966916755,1101.219512195122
657041,Lane Thomas,2023,680,1335,367,27.490636704119854,0.12862627689206013,0.010140747714547666,-3.2713208199382446,-2.5848874166712466,3.4440176780148932,93.19781642127178,91.39145302088576,9.063002258106504,8.378864925200977,38.00084762126538,-4.524777711815464,-3.8383443085484656,-3.977211029700876,0.14527540301725422,121.0,184.0,-63.0,47.205843619386066,43.49834669012272,42.077762212661874,-0.0027771512578751638,0.10682733677226947,1177.9411764705883
686681,Michael Massey,2023,459,925,299,32.32432432432432,0.10690132961203834,0.010921175916094672,-3.7978973317098634,-2.65384415167422,4.408724116985413,93.0163553767966,90.00575626743507,11.601646786737142,10.260425582476113,38.00084762126538,-5.124670055329192,-3.9806168752935487,-3.0037634950831595,0.21784743965466183,206.0,185.0,21.0,31.963497553999463,29.058106095241417,28.043124961672632,-0.0031409637391978866,0.11089283636158942,1209.1503267973858
643289,Mauricio Dubón,2023,491,820,336,40.97560975609756,0.07745756037983326,0.009543784658829706,-3.7364940992268347,-2.776476103091784,3.9796185216368563,92.69364691344921,90.16734011707706,10.472446723556374,9.454440903103485,38.00084762126538,-4.7509420922223455,-3.790924096087295,-3.6163606168074023,0.18496664255465026,270.0,186.0,84.0,26.025740287623975,22.96804261642335,22.137886008822022,-0.0037288995990251536,0.11372730794070068,1002.0366598778005
608070,José Ramírez,2023,674,1376,388,28.197674418604652,0.12537280276298052,0.008570187160325564,-3.533171231365127,-2.9076303599539823,3.1637297377580547,92.34851183075489,90.70238836096921,8.325418867729736,7.785772049385828,38.00084762126538,-4.938309075427021,-4.312768204015876,-2.9295297433942755,0.12543683259688115,140.0,187.0,-47.0,48.64464747203644,44.675718455469614,43.09728027730675,-0.0028843960876212397,0.09580734515355917,1224.925816023739
686894,Joey Wiemer,2023,410,807,236,29.244114002478316,0.11333066402585945,0.009788361333227013,-4.163477955959785,-3.1918873663085128,3.820343763795437,91.60048376257186,89.04372345202665,10.053311973119152,9.142618802795662,38.00084762126538,-5.3159214728423585,-4.344330883191086,-2.547830221848112,0.172966873487808,161.0,188.0,-27.0,26.746036710102832,23.900993440196977,23.11349037032722,-0.003525456344369087,0.09189635431289842,1180.9756097560976
592178,Kris Bryant,2023,334,685,177,25.83941605839416,0.13184090701405105,0.012825739117318963,-4.515242620482841,-3.196370421232618,4.448900602298778,91.58868651276104,88.11804761440085,11.707372021378704,10.33334128048888,38.00084762126538,-5.776692414815004,-4.457820215564782,-3.7920807830798626,0.22095470641954293,87.0,189.0,-102.0,23.335840541487034,20.822355482751586,20.120148430573348,-0.0036693212536283914,0.09462428992205803,1230.5389221556886
622534,Manuel Margot,2023,334,601,188,31.281198003327788,0.10258549476973614,0.012554203410320125,-4.696232209690432,-3.307807979781602,4.510970381057942,91.29543632092421,87.64176984551679,11.87070990104334,10.445135450711623,38.00084762126538,-5.7439884363062985,-4.355564206397468,-4.308638106549135,0.22576149004972834,190.0,190.0,0.0,19.286073016710393,16.671837086649383,16.088586120499887,-0.004349810199768732,0.10243018473208687,1079.640718562874
666135,Alex Kirilloff,2023,317,674,226,33.531157270029674,0.10655650406036309,0.012018247555555863,-5.329424712265557,-3.3337352650624434,5.393568165730748,91.22720814470235,85.97551095338412,14.193283843259573,11.923941067828865,38.00084762126538,-6.741904860596006,-4.746215413392893,-5.027251111196908,0.2942126571096513,221.0,191.0,30.0,24.081769917642056,21.26605719466175,20.519796849627166,-0.004177615315994514,0.10976256198849502,1275.7097791798108
681481,Kerry Carpenter,2023,453,883,297,33.63533408833522,0.10296840079550754,0.011109922244287944,-4.898041125590455,-3.417835074198525,4.604784830992744,91.00589779401159,87.11070559686806,12.117584525709091,10.612137612821144,38.00084762126538,-6.075762461362424,-4.595556409970494,-5.058977441996911,0.23303838211297997,222.0,192.0,30.0,30.581615036265738,26.883593986444943,25.994414377937108,-0.004188019308970321,0.11699732747930562,1169.5364238410596
666624,Christopher Morel,2023,429,846,245,28.959810874704488,0.12612520501330612,0.009065751437517667,-4.439166828332724,-3.458712725257807,3.732049467405322,90.89832742751165,88.31824260191355,9.820963744284633,8.966819463285447,38.00084762126538,-5.817860441102814,-4.837406338027897,-4.643324631720796,0.16637902005063376,158.0,193.0,-35.0,30.90067522826,27.726670946002102,26.740905012871487,-0.003751778111415955,0.09174201018770081,1183.2167832167831
643265,Garrett Cooper,2023,456,966,382,39.54451345755693,0.08587497008869162,0.00926795593531708,-5.159824438042904,-3.4798665754874993,4.874722347942282,90.84266064228484,86.42181750926142,12.827930567565483,11.079519630811053,38.00084762126538,-6.532680176516944,-4.852722313961539,-4.451895256864405,0.2540174623109721,265.0,194.0,71.0,32.8042385738802,28.88277200096759,27.83940163972732,-0.004059489205913672,0.11919963168478385,1271.0526315789473
673962,Josh Jung,2023,515,1024,338,33.0078125,0.10602728642190475,0.01044593964030444,-4.913298080811576,-3.587647037868181,4.283734290734362,90.55903417306796,87.0705566102634,11.272733528020497,10.030796780004403,38.00084762126538,-6.180569074876911,-4.854918031933516,-4.175101755689264,0.2082056804421821,213.0,195.0,18.0,35.837222810603805,31.619975291240532,30.53223435466779,-0.0041184057806281935,0.11490224790251023,1193.009708737864
621439,Byron Buxton,2023,346,689,193,28.011611030478957,0.1237755835577807,0.013915131905903398,-5.386250254588921,-3.614341600966291,4.93948645192275,90.48878688973323,85.82597338809158,12.99835861860776,11.188772460386224,38.00084762126538,-6.678084933763735,-4.906176280141105,-5.11443502860312,0.2590517880598566,136.0,196.0,-60.0,23.888687626651677,20.7826166465054,20.037658648181257,-0.00450808560253451,0.10851681435766658,1194.7976878612717
650489,Willi Castro,2023,407,792,278,35.1010101010101,0.10080392828958691,0.00911253893460244,-4.8601232116625805,-3.619444823376618,4.131161747220163,90.47535765662457,87.21048735517456,10.87123579029946,9.744769574682614,38.00084762126538,-6.117136077763585,-4.876457689477623,-5.138341730517625,0.19650104252556727,236.0,197.0,39.0,28.02349206450516,24.726708485927375,23.874034758422194,-0.004162605528507302,0.09957556223958643,1167.5675675675677
545341,Randal Grichuk,2023,467,899,316,35.15016685205784,0.10789177902939132,0.011264363320609571,-5.384277751058241,-3.686029363061615,4.801884571745891,90.30013909216356,85.83116407107407,12.63625648460205,10.955318610123017,38.00084762126538,-6.722825761118808,-5.024577373122182,-6.682866723876029,0.24835432956243592,237.0,198.0,39.0,34.093802173287656,29.90303932371399,28.86120278921685,-0.0046615827025291035,0.12465149757932116,1155.032119914347
608336,Joey Gallo,2023,332,763,201,26.34338138925295,0.1440093866496896,0.009898727191451554,-5.105044717884984,-3.6995876694222485,4.362624512574445,90.26446013443146,86.56597145209943,11.480334744252149,10.176223475912687,38.00084762126538,-6.635169270636609,-5.229712222173874,-5.063607847227679,0.2142865841210671,95.0,199.0,-104.0,28.94588671658761,26.121095306024582,25.27442638683535,-0.003702216789728734,0.08739214510881595,1378.9156626506026
502110,J. D. Martinez,2023,479,959,308,32.11678832116788,0.11184924850558743,0.009402877487545916,-4.965901634331885,-3.7901748300418587,3.95556305097426,90.02607818694848,86.93212929399776,10.40914426540506,9.407784497382945,38.00084762126538,-6.310140468315653,-5.134413664025626,-4.856739369359156,0.18314557557514305,204.0,200.0,4.0,34.44956853972093,30.485123734979304,29.411973065848933,-0.004133936188468844,0.10197254793462962,1201.2526096033403
543063,Brandon Crawford,2023,316,618,195,31.55339805825243,0.11703951631001491,0.009810315946558323,-5.201545875780454,-3.8548402971804405,4.207557354610097,89.85590970075293,86.31202670103166,11.072272378091737,9.888775130431313,38.00084762126538,-6.488033863224042,-5.141328284624029,-7.172213437695947,0.20235163264765557,195.0,201.0,-6.0,22.82270568045291,20.08322485254187,19.405674512488247,-0.004432816873642458,0.08913979672654482,1173.4177215189873
592663,J. T. Realmuto,2023,534,1047,323,30.850047755491882,0.11437086236443143,0.008573733033500902,-4.752521410218976,-3.8858428932943947,3.3655671262439033,89.77432574130303,87.4936436745178,8.856558042564616,8.21492382405392,38.00084762126538,-6.037227634466223,-5.170549117541642,-4.846766655015324,0.13964609366981393,184.0,202.0,-18.0,36.941788543711354,32.71204448861646,31.568655949036415,-0.004039870157683752,0.09257099308532485,1176.4044943820224
671739,Michael Harris,2023,538,985,377,38.2741116751269,0.08614199692681773,0.008739322936471556,-5.200720696794282,-4.05810853013066,3.803502251752155,89.32100522973668,86.31419817624293,10.008993193151051,9.109247858414808,38.00084762126538,-6.37754108016638,-5.234928913502758,-5.794598120891765,0.17170650511995783,260.0,203.0,57.0,32.475532841410285,27.812219949951412,26.757004339527764,-0.004734327808587689,0.10866672731564211,1098.5130111524163
547180,Bryce Harper,2023,536,1194,399,33.41708542713568,0.10283919084404612,0.008744257828692707,-5.667617444133687,-4.246060090861306,4.171913147959503,88.82640689181575,85.08554993135976,10.978473926526021,9.821782320363019,38.00084762126538,-6.8453585946593085,-5.423801241386927,-4.4011338530346995,0.19961920410989334,218.0,204.0,14.0,41.032837146774405,35.96976556334831,34.91765013554542,-0.004240428461830899,0.10785657733620371,1336.5671641791046
500871,Eduardo Escobar,2023,306,662,237,35.80060422960725,0.10777486841812776,0.012698628110489933,-7.310490859942155,-4.303042256321156,6.037985677977797,88.67645716956808,80.7622952708792,15.889081575640759,12.877502395762775,38.00084762126538,-8.712586180720209,-5.705137577099209,-8.360602534354381,0.3431507789644573,245.0,205.0,40.0,25.54264381509628,21.81429347652578,21.099224862928974,-0.005631949151919184,0.11968321857650004,1298.0392156862745
677950,Alek Thomas,2023,402,715,242,33.84615384615385,0.10925969968000039,0.01097811300358569,-5.75821749346534,-4.32353230155496,4.162936251829116,88.62253720062944,84.84713406697006,10.954851042584442,9.804856192048975,38.00084762126538,-6.941799352364331,-5.507114160453951,-6.004529695395585,0.198931779204018,224.0,206.0,18.0,26.440847322560096,22.582841601938316,21.789841756475994,-0.005395812196673815,0.10430894244895851,1067.1641791044776
628451,Andy Ibáñez,2023,383,721,253,35.09015256588072,0.10525021112202766,0.010311434756187513,-5.969279432498267,-4.377500813415659,4.364592603674051,88.48051796885184,84.29172030058129,11.485513815832922,10.179829969694193,38.00084762126538,-7.130386081377856,-5.538607462295248,-7.317527708905153,0.2144384990590056,235.0,207.0,28.0,26.628303413873,22.81791337612827,22.076740298593467,-0.005284868290908082,0.10375848062648384,1129.503916449086
683146,Brett Baty,2023,388,747,206,27.57697456492637,0.12833101576484346,0.013698006791625984,-6.530333782916646,-4.5710841983497295,4.763822216699667,87.97109937149997,82.81529441658492,12.5360946265678,10.88985447237787,38.00084762126538,-7.724608235309989,-5.765358650743073,-6.308783893061226,0.24539508640273966,124.0,208.0,-84.0,26.436189247557753,22.213240067938322,21.44094258872396,-0.005653211753171929,0.11271344393962905,1155.1546391752577
663624,Ryan Mountcastle,2023,470,939,365,38.871139510117146,0.09486966220930564,0.009951268228833412,-6.5664248958754,-4.591786178772687,4.774299095489923,87.91662169081957,82.72031992201981,12.563664745252186,10.90791233814444,38.00084762126538,-7.870707819388064,-5.8960691022853515,-4.962169621774656,0.24620960336521347,263.0,209.0,54.0,34.627426706396555,29.483727204627492,28.46203891454257,-0.005477848244695488,0.12204596740045083,1198.723404255319
608369,Corey Seager,2023,528,944,267,28.283898305084747,0.12843277712517193,0.009547470005515483,-5.637665524340043,-4.712526161490084,3.2357524598987957,87.59889198141744,85.16436901479747,8.514948119441577,7.940117417411369,38.00084762126538,-6.721734643116442,-5.796595280266484,-5.936941228456038,0.13045945500424003,141.0,210.0,-69.0,34.29155149242091,29.330405831001674,28.37642500647844,-0.005255450912520379,0.09267699957070415,1072.7272727272727
672284,Jarred Kelenic,2023,414,862,247,28.65429234338747,0.12729417157320794,0.01018258404384748,-6.186309503487734,-4.772917767885361,3.980032468766666,87.43997024630991,83.72060127409932,10.473536033810543,9.455242400532912,38.00084762126538,-7.603112691226769,-6.189720955624396,-5.203093078641458,0.18499800486871915,150.0,211.0,-61.0,31.44166037858236,27.17310682117582,26.19551262163589,-0.0049519182800539865,0.09353670625327455,1249.2753623188405
664040,Brandon Lowe,2023,435,885,269,30.395480225988702,0.12213152093481137,0.007392956324992906,-5.842949702437108,-4.815814732645265,3.3812574968403784,87.32708601491741,84.62415954330613,8.897847570505816,8.247841646927942,38.00084762126538,-7.173970404318614,-6.14683543452677,-6.05891729798864,0.14076748089851462,174.0,212.0,-38.0,32.85337913146426,28.617240597197355,27.652250588333263,-0.004786597213860908,0.08240330234716424,1220.6896551724137
606115,Orlando Arcia,2023,533,1043,276,26.462128475551296,0.1455075168129012,0.008696073507271267,-5.916015746231933,-5.00334583411926,3.1406635324475887,86.8335941240443,84.4318847695352,8.26471968138433,7.7360596801763615,38.00084762126538,-7.243744021566898,-6.331074109454225,-6.4420770868463295,0.12384011120855593,99.0,213.0,-114.0,40.16007464036073,34.90468065245803,33.725215367868806,-0.005038728655707287,0.0863883573722124,1174.108818011257
519203,Anthony Rizzo,2023,417,860,297,34.53488372093023,0.1119172957555211,0.009004161181707356,-6.847025816864825,-5.208283380346489,4.143192258235793,86.29429682133743,81.98191291650765,10.90289432364464,9.767551783173138,38.00084762126538,-8.089130706841166,-6.45038827032283,-6.68834045100152,0.19742091256162292,231.0,214.0,17.0,33.23943683938977,28.480753896668716,27.617490998135157,-0.0055333522589779685,0.09819076994405077,1237.4100719424462
678225,Jihwan Bae,2023,372,755,211,27.947019867549667,0.13493062539820955,0.010005744387379223,-6.675390021041603,-5.257798925663613,3.8392575004538747,86.16399566118801,82.43357598869443,10.103083854122811,9.180004896144036,38.00084762126538,-8.066808189212031,-6.64921709383404,-5.994163608456653,0.1743843617090803,132.0,215.0,-83.0,28.470361959022217,24.331620145976423,23.468940881710758,-0.005481777235822244,0.08662942964374012,1217.741935483871
677649,Ezequiel Duran,2023,436,871,330,37.88748564867968,0.094115041657273,0.010026780610626685,-7.472442886379388,-5.308386316917511,4.725801458561288,86.030873916752,80.33611523391971,12.436042231638845,10.824076317119056,38.00084762126538,-8.543331597978073,-6.379275028516196,-7.367762621995481,0.24243951232271144,258.0,216.0,42.0,31.05796374690009,25.627988582797734,24.849809452369357,-0.006234185033412577,0.11635944292585763,1198.6238532110092
660688,Keibert Ruiz,2023,559,962,355,36.9022869022869,0.09470372750044094,0.009213115610629324,-6.735322954940716,-5.395150421127464,3.695328485513975,85.80255241962465,82.2758612595483,9.724331736869098,8.893090436705936,38.00084762126538,-7.798005453960956,-6.457832920147704,-7.123665353438363,0.16365418966202727,254.0,217.0,37.0,33.61982326265653,27.344747376303427,26.35468151471624,-0.006522947906811956,0.11100079040367526,1032.5581395348836
663728,Cal Raleigh,2023,570,1252,393,31.389776357827476,0.12350413245277957,0.010157808777632938,-7.331566255544317,-5.417876295897374,4.408482687441619,85.74274881998812,80.7068349405934,11.601011460003908,10.259986099447897,38.00084762126538,-8.819999384274478,-6.906309424627535,-6.811515206438761,0.21782877801118786,192.0,218.0,-26.0,48.53712405394237,41.57213611117527,40.15812463888162,-0.005563089411155831,0.1183615327345042,1317.8947368421054
672356,Gabriel Arias,2023,345,655,216,32.97709923664122,0.11850242727397718,0.009681649848438726,-7.264361984819593,-5.441006813892897,4.295950561376036,85.68188039350972,80.88368433983447,11.304880891583087,10.053426385323666,38.00084762126538,-8.55223238302555,-6.728877212098855,-7.269232101760029,0.20914616945932718,212.0,219.0,-7.0,25.596524291179072,21.41951614990781,20.67899067093938,-0.006377111666063001,0.09651759005151572,1139.1304347826087
691023,Jordan Walker,2023,466,878,294,33.48519362186788,0.10677023376003972,0.008421640526989108,-6.7500891762357655,-5.526105039985922,3.498225483965793,85.45794268837967,82.23700364920703,9.205651197127972,8.491199541494954,38.00084762126538,-7.947781533487184,-6.723797397237341,-6.217210874198178,0.14919690156749524,220.0,220.0,0.0,31.390448725451677,26.1478794652419,25.217671734443297,-0.005971035603883573,0.09169279423629173,1130.472103004292
592669,Hunter Renfroe,2023,544,1102,369,33.48457350272233,0.10886581945767798,0.008104144667986923,-7.1314467831467505,-5.764582864896809,3.6351913056134415,84.83038346315483,81.23345338445563,9.56607953023442,8.771567471513409,38.00084762126538,-8.473476211197424,-7.106612292947482,-6.407020707067974,0.1592121206687958,219.0,221.0,-2.0,40.171487379883175,33.70564229649679,32.48886894839751,-0.0058673730339259406,0.09928511039571146,1215.4411764705883
595281,Kevin Kiermaier,2023,408,744,203,27.284946236559136,0.1386898788530173,0.009553932902162386,-7.033773165240244,-5.794514472506235,3.4541966007082685,84.75161783164118,81.49048348778376,9.089788299288594,8.400017730045777,38.00084762126538,-8.262898951806458,-7.023640259072449,-7.374077663402571,0.1460098369087569,118.0,222.0,-104.0,28.154045407162517,23.37107965479915,22.535274119934126,-0.006428717409090546,0.08611315425577361,1094.1176470588234
664913,Seth Brown,2023,378,748,236,31.550802139037433,0.12402145063425342,0.011644547710837587,-8.251977134591828,-5.861012089058389,4.776057932757348,84.57662800716437,78.28475507484734,12.568293161136365,10.910940988826725,38.00084762126538,-9.551279819722234,-7.160314774188795,-7.8893638871351905,0.24634634564584,194.0,223.0,-29.0,29.269062349683807,24.070316754890953,23.2517560632588,-0.006950194645444989,0.11001688306116096,1187.3015873015872
572191,Michael Taylor,2023,387,792,244,30.808080808080806,0.12891588848708926,0.012833227384760186,-8.634372180589788,-5.868819603792886,5.133839415517014,84.55608237404505,77.2784747681313,13.509802377787233,11.510002199431916,38.00084762126538,-9.952427404473363,-7.186874827676462,-8.517903999492775,0.2741400727113614,182.0,224.0,-42.0,31.455476790849783,25.88630673436937,25.036161114964465,-0.007031780374343956,0.11766286091211127,1227.906976744186
608841,Joey Meneses,2023,661,1304,413,31.671779141104295,0.11802692347509833,0.006816449756318798,-6.968335615885151,-6.0485234864969595,2.9250694317164316,84.08318796785946,81.66268372396607,7.697379439714273,7.264896752117743,38.00084762126538,-8.158541906251504,-7.2387297768633125,-6.060952114724227,0.10921457584829256,197.0,225.0,-28.0,48.74511939521561,41.068336325048804,39.757125728495204,-0.0058871035814162635,0.08923754062866895,1183.661119515885
665923,Esteury Ruiz,2023,493,857,295,34.42240373395566,0.10357881051580038,0.008436653069842294,-7.348235374963434,-6.1639517768924605,3.2938128800094186,83.77943608435962,80.66296981530658,8.667735290636497,8.063567357641158,38.00084762126538,-8.34781504208724,-7.163531444016265,-7.226403068153943,0.13454765923069814,230.0,226.0,4.0,30.555749102161112,24.517949035732823,23.69662774257943,-0.007045274289881317,0.09244941798349625,1043.002028397566
660821,Jesús Sánchez,2023,402,878,276,31.435079726651484,0.11903103485100834,0.00888952259516781,-8.013777295807719,-6.184120438162591,4.088666879092542,83.72636184382914,78.91158277395058,10.759409684336916,9.663983623411493,38.00084762126538,-9.432141312253403,-7.602484454608275,-8.062609669782631,0.19325648714659524,193.0,227.0,-34.0,32.8525656188783,27.483334830687127,26.53303093966852,-0.006115297025274683,0.09245050184074523,1310.44776119403
623912,Harold Ramírez,2023,434,844,371,43.95734597156398,0.08354452823181993,0.008511588546001017,-8.530096700556552,-6.202263822447416,4.606356972961559,83.67861716069561,77.552877805328,12.121721649134555,10.614916091642664,38.00084762126538,-9.88968656001136,-7.561853681902224,-8.437753037834293,0.23316042669935974,275.0,228.0,47.0,30.995019974005192,24.824916693935954,23.84148002893031,-0.007310548910034644,0.11468981355044151,1166.8202764976959
647304,Josh Naylor,2023,489,884,350,39.59276018099548,0.08916610166938777,0.008446251366027235,-7.8053955537841855,-6.22268111391061,3.793190450853012,83.62488864477754,79.45994354763744,9.981857480279814,9.088777722564567,38.00084762126538,-8.857059033580095,-7.27434459370652,-7.60893437035005,0.1709356607470446,266.0,229.0,37.0,31.208135584285717,24.846738207951606,23.98963247191794,-0.007196150878206008,0.10397672276346867,1084.6625766871166
605119,Brian Anderson,2023,361,706,200,28.328611898016998,0.1390718490327597,0.009191754045699718,-7.971044677633483,-6.24304880588888,3.958214508202971,83.5712906509084,79.02403452397503,10.416121628792151,9.412934747940357,38.00084762126538,-9.312863681597484,-7.584867809852882,-7.223965059343879,0.18334615495508103,142.0,230.0,-88.0,27.81436980655194,23.01845792550913,22.21113015812412,-0.006793076318757524,0.08962990318214709,1173.4072022160665
543228,Yan Gomes,2023,418,817,306,37.454100367197064,0.10059625410630753,0.009313557745062427,-8.331536371741315,-6.26248444124309,4.3257959526736665,83.52014538291881,78.075393331282,11.383419643126432,10.108542786283708,38.00084762126538,-9.69946907745919,-7.630417146960965,-9.220054582974864,0.2114456805451355,255.0,231.0,24.0,30.782453756530103,24.97815008421699,24.0251569659002,-0.007104410859624377,0.10543384215255364,1172.7272727272727
521692,Salvador Pérez,2023,575,1154,549,47.573656845753895,0.07272588486221855,0.008792625639681351,-9.110074083524854,-6.269843099040774,5.065824948864147,83.50078092591768,76.02665557800128,13.330820931555479,11.398713624275828,38.00084762126538,-10.295796823566821,-7.455565839082741,-8.28852691303538,0.2688644584030385,280.0,232.0,48.0,39.926510789357984,31.196023125980002,30.059705500106446,-0.007565413919738289,0.14291041106765992,1204.1739130434783
543877,Christian Vázquez,2023,354,672,223,33.18452380952381,0.11134007302220213,0.011567568369010652,-8.739207076033273,-6.304933234110891,4.679223007857862,83.40844052493547,77.00259961795487,12.313470095439019,10.742966644755677,38.00084762126538,-9.986584082958021,-7.55231024103564,-8.138973233171042,0.23881970911170206,216.0,233.0,-17.0,24.828836283951073,19.672704109091445,18.93675167500584,-0.00767281573639826,0.1064979183364942,1138.9830508474577
500743,Miguel Rojas,2023,425,749,248,33.11081441922563,0.10982892157599083,0.009563527638338105,-7.83676990074365,-6.336016699346532,3.6667005996860937,83.32664375675431,79.37738131830993,9.648996875622844,8.835360701497795,38.00084762126538,-8.774475569266064,-7.273722367868946,-7.854804259527918,0.1615363549091769,215.0,234.0,-19.0,27.237572550845726,21.68652720448564,21.022319022615598,-0.007411275495807857,0.0949013128426983,1057.4117647058824
642715,Willy Adames,2023,638,1400,448,32.0,0.12142508418396981,0.0077282320120231705,-7.938346142953841,-6.531828526247956,3.5059233479170486,82.8113609692413,79.11008138010185,9.225908281990858,8.507088907736335,38.00084762126538,-9.356479638268054,-7.949962021562169,-7.678871743987058,0.14975580075780837,201.0,235.0,-34.0,54.39843771441848,45.957329649077565,44.44938103239345,-0.006029362903814941,0.09963405984549667,1316.614420062696
682829,Elly De La Cruz,2023,428,950,316,33.26315789473684,0.1147704414771519,0.009908450021011778,-8.950757740259444,-6.537808840276231,4.590302772104318,82.79562365177966,76.44589976132382,12.079474694494898,10.58651197188959,38.00084762126538,-10.346076387663668,-7.933127487680455,-8.137542330508428,0.2319142829022685,217.0,236.0,-19.0,36.26745950678,29.882585652061596,28.887258350246583,-0.006720919847072003,0.10623608264653707,1331.7757009345796
666139,Josh Lowe,2023,501,1081,387,35.80018501387604,0.10828956556819737,0.00921536491192297,-8.749624423360508,-6.546087231193136,4.384323961493884,82.7738388984515,76.97518615752088,11.53743728347892,10.215929542274173,38.00084762126538,-10.123295865506245,-7.9197586733388725,-8.067015261250791,0.21596207340994789,244.0,237.0,7.0,41.90806187489238,34.60212548138636,33.45510982719467,-0.006758498051346924,0.11134642188865995,1294.6107784431138
516416,Jean Segura,2023,326,638,235,36.83385579937304,0.1067594859199503,0.010867732204758623,-9.37169725194083,-6.594763968462245,4.906907691609914,82.64574507866557,75.33818891266941,12.912626951152516,11.13395291957463,38.00084762126538,-10.766836371628575,-7.9899030881499895,-8.98324913359222,0.2565195512344416,253.0,238.0,15.0,25.08847919118832,19.996523684300467,19.238498095936794,-0.007981121484150238,0.105551375802924,1174.2331288343557
571657,Kyle Farmer,2023,366,670,218,32.537313432835816,0.12242809080958247,0.011017821985704553,-8.645204260166674,-6.599737915800704,4.21004927873267,82.63265603552624,77.24996993138438,11.078829926879619,9.893445816456747,38.00084762126538,-9.804728323330648,-7.759261978964679,-9.03797828432244,0.2025428280446726,208.0,239.0,-31.0,26.689323796488978,21.41574919778731,20.708439519257283,-0.007871006863733836,0.09921552000955819,1098.360655737705
665487,Fernando Tatís,2023,635,1235,400,32.388663967611336,0.11522783171077736,0.00846800079800989,-8.032946082066513,-6.693346073185602,3.387420887961572,82.3863242738828,78.86113972475906,8.91406665904463,8.26075459145365,38.00084762126538,-9.271212185642698,-7.931612176761787,-7.4562341016988425,0.14120860129744384,207.0,240.0,-33.0,46.09113268431094,37.58959808079055,36.27909978783909,-0.006883833687061047,0.10201361960946013,1166.9291338582677
686823,Will Brennan,2023,456,759,294,38.73517786561265,0.09344476575850497,0.00938368733395783,-8.406578322523352,-6.762789519685281,3.7364703378444535,82.20358243824855,77.87791891826379,9.832597354364049,8.9756714150604,38.00084762126538,-9.266086966646716,-7.6222981638086456,-9.072417602817154,0.16670767750248555,262.0,241.0,21.0,27.47276113300046,21.083761607882717,20.430535038348957,-0.00841765418329084,0.10307521355714928,998.6842105263158
650391,Eloy Jiménez,2023,488,962,353,36.694386694386694,0.09964491082562525,0.009685144900535812,-9.102066513014227,-6.780544625678564,4.435638999135306,82.15685951730153,76.04772766194645,11.672473844117913,10.309321131161663,38.00084762126538,-10.328484455646903,-8.00696256831124,-8.29775619957478,0.21992866918000425,251.0,242.0,9.0,35.17465352144571,27.771639424194145,26.7741528308529,-0.007695440849533858,0.11631540275937573,1182.7868852459017
671221,Drew Waters,2023,335,681,218,32.011747430249635,0.12729378261279398,0.00997114787759557,-9.808571636111058,-7.33090526069409,4.43651566230329,80.70857436192635,74.18854512439309,11.674780800996144,10.310910455870726,38.00084762126538,-11.133780866567589,-8.656114491150621,-10.505025587559494,0.21999648451076748,202.0,243.0,-41.0,27.75004460958909,22.273592112760415,21.53368362575552,-0.008041780465240345,0.09492093767797047,1219.7014925373132
668472,Nick Pratto,2023,344,719,202,28.094575799721838,0.1397682631927859,0.009612971155565605,-9.530459230679343,-7.341318328992601,4.167736132743727,80.6811721618431,74.92040355082482,10.967482026404722,9.813909180930727,38.00084762126538,-10.86953402419787,-8.680393122511129,-8.148299821709012,0.19929930292150508,138.0,244.0,-106.0,28.233189164942754,22.769059206019932,22.00132299106931,-0.0075996244213112985,0.08911338938275949,1254.0697674418604
669127,Shea Langeliers,2023,487,970,303,31.237113402061855,0.12488115357190556,0.007859738493044194,-8.837370476334765,-7.40576791137435,3.3580654090308264,80.51157178075664,76.74428064233665,8.83681712181505,8.199162750857923,38.00084762126538,-10.101354541678218,-8.669751976717802,-9.271679586361433,0.13911076042293324,189.0,245.0,-56.0,37.838989532287385,30.665990495662335,29.640056762625232,-0.007394844367654691,0.08751469727656071,1195.0718685831623
673237,Yainer Diaz,2023,376,708,313,44.2090395480226,0.08871418972256367,0.010935933626382403,-11.351041110552943,-7.510027274361102,5.468401120226452,80.23721115589414,70.12950546871257,14.390208278318296,12.039992072270381,38.00084762126538,-12.68385013281156,-8.84283629661972,-11.476710667442513,0.29996743694696265,276.0,246.0,30.0,27.76754138316243,20.654222287215923,19.818995299933853,-0.010047060869980947,0.1287894620883922,1129.7872340425533
571448,Nolan Arenado,2023,609,1234,423,34.27876823338736,0.11184302881908433,0.008317022037144791,-9.293084699371521,-7.54488912051902,3.682048844444381,80.14547150180704,75.54505943659245,9.689386092493097,8.866338529479059,38.00084762126538,-10.52004116696648,-8.77184558811398,-9.740671759812063,0.16267107209263135,227.0,247.0,-20.0,47.30960119047267,37.87712022061057,36.63175940600169,-0.007643825745431195,0.10638931380533612,1215.7635467980294
519317,Giancarlo Stanton,2023,413,921,251,27.25298588490771,0.1428180178581109,0.009941598872937527,-9.745409724707754,-7.560264592554661,4.11304980546706,80.10501063580509,74.35475697322552,10.823573848824852,9.710397120042474,38.00084762126538,-11.133970218249399,-8.948825086096306,-8.651390093529775,0.19511726200053234,116.0,248.0,-132.0,35.847322482385835,29.139232121878667,28.183439648824166,-0.007283485733449696,0.09328954064873547,1338.0145278450364
594807,Adam Duvall,2023,350,693,238,34.34343434343434,0.11975508770119374,0.012511580601339119,-11.94757759070316,-7.91268499982052,5.48291812753727,79.17760919787337,68.55970764184411,14.42841007701369,12.062340261261367,38.00084762126538,-13.270769130048283,-9.235876539165643,-11.429975867273177,0.3010820474116416,228.0,249.0,-21.0,28.50171087288411,21.532290611640597,20.760428880355946,-0.010056883493857879,0.12149598815183395,1188.0
642350,José Siri,2023,364,699,265,37.911301859799714,0.10049961749694435,0.010300708746679942,-11.423267111028203,-8.0968912902312,4.930061245663162,78.69286661463794,69.93944128594723,12.973555997483293,11.172941716856721,38.00084762126538,-12.596732363200134,-9.270356542403132,-12.009962214020469,0.2583192535055858,259.0,250.0,9.0,26.63239863669025,19.70228325599981,18.990381003015504,-0.009914328155494196,0.11312637213522306,1152.1978021978023
606192,Teoscar Hernández,2023,677,1365,483,35.38461538461539,0.11303885097863532,0.008284660678266798,-10.095947525793646,-8.205095233297902,3.696145992319844,78.40812574742068,73.43230965157755,9.726483022582556,8.894735767914108,38.00084762126538,-11.439138912146984,-9.54828661965124,-10.130962077081161,0.16371475134330493,240.5,251.0,-10.5,54.59776502268086,43.206170897743704,41.69060328347501,-0.008345490201419168,0.11288083400680686,1209.748892171344
656811,Ryan O'Hearn,2023,369,750,232,30.933333333333334,0.13142134366127076,0.010452085057267168,-10.79482804853864,-8.231526223012647,4.297607854702354,78.3385720627814,71.59319140424167,11.309242092530065,10.056493272978463,38.00084762126538,-11.959217018663324,-9.39591519313733,-10.196423279994292,0.20927379274261776,186.0,252.0,-66.0,30.489751729414817,23.850932479563554,23.134833262936873,-0.008851758999801684,0.09650976737860639,1219.5121951219514
641313,Tim Anderson,2023,525,955,341,35.70680628272251,0.11050782338391411,0.008385639998925953,-10.127481008335058,-8.378779239943796,3.522963640480907,77.95107276697952,73.34932865374378,9.270750156923992,8.542206494081364,38.00084762126538,-11.255890037033174,-9.507188268641912,-10.168886684290776,0.15099474797592038,243.0,253.0,-10.0,37.68316777391471,28.821621891621533,27.834263991510685,-0.009279105635909085,0.0997503729699635,1091.4285714285713
645277,Ozzie Albies,2023,661,1382,490,35.45586107091172,0.11615692235587619,0.008009849131190521,-10.39458933035977,-8.434265408252932,3.7195659171172823,77.80505979152662,72.64642769562084,9.788113028920446,8.94179526842339,38.00084762126538,-11.79063167115232,-9.830307749045483,-10.725449688878546,0.16545166974980338,242.0,254.0,-12.0,56.91689195437933,45.46551937543298,43.927546063326524,-0.008286087249599382,0.11022711664225877,1254.46293494705
683734,Andrew Vaughn,2023,614,1198,383,31.969949916527547,0.11899646170072233,0.00905423711096746,-10.501076678118443,-8.607070862859294,3.624572947054036,77.35031873856742,72.36620408371626,9.538137104672673,8.750010062702891,38.00084762126538,-11.696708560571608,-9.802702745312459,-10.738134496746842,0.15843050821092808,200.0,255.0,-55.0,45.57564483137665,34.82954303076878,33.60601307105837,-0.008970034891993215,0.10716317107811946,1170.684039087948
677594,Julio Rodríguez,2023,705,1306,494,37.82542113323124,0.10764061896118483,0.007939301810553846,-10.922295939704384,-9.026125007497377,3.553395686645383,76.24756927146453,71.25775706752331,9.350832702628697,8.60473129542264,38.00084762126538,-12.114792100999178,-10.218621168792172,-10.761139812946004,0.15321325395297747,257.0,256.0,1.0,53.17446576682531,40.34076803767265,38.93958504815127,-0.009826721078983655,0.115534010452929,1111.4893617021276
516782,Starling Marte,2023,340,647,244,37.712519319938174,0.10143100573862743,0.009980118711105887,-12.19064184759248,-9.037601903551124,4.579645784248669,76.21736758710178,67.9200791279967,12.051430615157875,10.56761873494196,38.00084762126538,-13.27993417035716,-10.126894226315805,-11.756206554853932,0.2310872490908002,256.0,257.0,-1.0,24.749165400225092,17.841135019922685,17.223869370356034,-0.010677017589339111,0.10202519061199675,1141.764705882353
622761,Jorge Mateo,2023,352,683,231,33.821376281112734,0.11581115714776405,0.009088292172105468,-12.02335429232982,-9.49311013922782,4.016236612918131,75.01868844126665,68.3602997171002,10.568807972248054,9.525162996873457,38.00084762126538,-13.193955082145656,-10.663710929043656,-11.420644526235264,0.18774420585146445,223.0,258.0,-35.0,26.752377301133496,19.6986761163,19.011923652941377,-0.010327527357003652,0.0901571868770065,1164.2045454545455
607208,Trea Turner,2023,693,1430,506,35.38461538461539,0.11679863420279721,0.007227143353277143,-11.47567050869165,-9.706283226983356,3.3263010986316925,74.45771914426537,69.80154068387192,8.753228695799631,8.132263292689505,38.00084762126538,-12.752904167601963,-10.98351688589367,-11.21550256760629,0.1368499277581686,240.5,259.0,-18.5,59.10010890661539,45.84570946907653,44.37050459303512,-0.009268810795481716,0.10159574626068164,1238.0952380952383
642708,Amed Rosario,2023,546,1047,415,39.6370582617001,0.09945132270893936,0.0074813076099945145,-11.969122603214746,-9.84125280862878,3.625869762371335,74.10254395714692,68.50301150515182,9.541549700439546,8.75264446983708,38.00084762126538,-13.202572570316274,-11.074702775730309,-11.485201614624037,0.1585259214248483,267.0,260.0,7.0,41.272298924209835,30.380397355284416,29.257957885222027,-0.01040296233899276,0.10197183911423503,1150.5494505494505
665926,Andrés Giménez,2023,614,1215,492,40.49382716049383,0.09919062738030385,0.007031497943253711,-11.90939168579047,-9.936224640143935,3.47698960354057,73.85262365941648,68.66019462385376,9.149768547780596,8.44728484518817,38.00084762126538,-13.029514335898712,-11.056347290252178,-11.670602804814312,0.14765766227110944,268.0,261.0,7.0,48.80178867110949,36.61451117931725,35.46825233403981,-0.010030681063203496,0.10207805206520566,1187.2964169381107
592273,Brandon Drury,2023,522,990,348,35.15151515151515,0.11729758241489815,0.007493788252521275,-11.945860328427006,-10.019848394198256,3.422650119011053,73.6325660573131,68.56422665229691,9.006773093913118,8.334372368643425,38.00084762126538,-13.12034921637613,-11.19433728214738,-12.304158295358773,0.14373664740162,238.0,262.0,-24.0,40.81955868038456,30.426660194653063,29.404854862137327,-0.010497877258314641,0.09463769649206638,1137.9310344827586
642731,Thairo Estrada,2023,529,1003,384,38.2851445663011,0.10741000138863908,0.008250442910012153,-12.426240360352901,-10.048583964078233,3.7980825524282333,73.55694782330325,67.30009687099943,9.99473114463588,9.098492679665716,38.00084762126538,-13.50207058525097,-11.124414188976301,-12.338858527619303,0.17130128089611504,261.0,263.0,-2.0,41.24544053323741,30.289638615526265,29.341114967241136,-0.010923032819253383,0.10573489909357907,1137.618147448015
657136,Connor Wong,2023,401,757,264,34.87450462351387,0.12430250483886017,0.008831711669186174,-12.927207319152263,-10.246360142996785,3.9987466245117274,73.03649580368072,65.98179217476675,10.522782713599309,9.4914290075173,38.00084762126538,-14.042983036167975,-11.362135860012497,-13.743402096859114,0.18641674383591006,234.0,264.0,-30.0,32.815861277459085,24.176177719158986,23.43046761495349,-0.011413056219683086,0.09713350695021213,1132.6683291770573
665161,Jeremy Peña,2023,632,1221,441,36.11793611793612,0.1082010001296488,0.006145013912892715,-11.823781769673417,-10.290987200544544,3.0178882633881337,72.91905879808408,68.88547885164331,7.941634074760256,7.469177889130313,38.00084762126538,-12.97049839716886,-11.437703828039988,-10.691792192024486,0.11544292345089766,247.0,265.0,-18.0,47.71664105717512,35.262257593119124,34.054382745490585,-0.01020015025721212,0.09097271415653718,1159.1772151898736
553869,Elías Díaz,2023,525,1063,387,36.40639698965193,0.11595254566389848,0.007530809576840021,-13.118743398894413,-10.73365697649445,3.6955511680189863,71.7541643189878,65.4777611024836,9.724917730390166,8.893538629859691,38.00084762126538,-14.4553689007969,-12.070282478396937,-12.647355582988164,0.16367068573529267,249.0,266.0,-17.0,44.87363517192871,33.394734697896105,32.22518738373142,-0.010798589345279972,0.09917920907307155,1214.857142857143
686668,Brenton Doyle,2023,431,805,257,31.925465838509314,0.1322273246373138,0.008370302447053985,-14.071058716816287,-11.634608504175397,3.6042837140220287,69.38329213039808,62.971724059802064,9.484745577109342,8.708735313879732,38.00084762126538,-15.309807915313801,-12.87335770267291,-14.504741750099116,0.1569393656007139,199.0,267.0,-68.0,33.982422431789644,23.874711920209943,22.98487707928923,-0.012556162126185964,0.09125297856972168,1120.6496519721577
592696,Eddie Rosario,2023,514,1025,447,43.609756097560975,0.10052412649730354,0.00800506403452606,-15.393951107090567,-11.847659338918987,4.31341442955937,68.82264454467324,59.49050594735663,11.350837414335915,10.085706666444626,38.00084762126538,-16.59318819175804,-13.046896423586459,-15.032918125215657,0.21049140951324385,273.0,268.0,5.0,44.934284544294684,31.746799762553767,30.71945332668863,-0.012865838811454556,0.11541735641237522,1196.4980544747082
664056,Harrison Bader,2023,344,655,235,35.87786259541985,0.11738207929542034,0.010688643369125906,-16.004025318386738,-11.903043536283457,4.628876526442378,68.67689990782605,57.88508330685013,12.180982310121014,10.654642588731775,38.00084762126538,-17.138191932497993,-13.037210150394712,-16.089353713304785,0.23490890586517166,246.0,269.0,-23.0,27.58478863442378,18.409147451882053,17.758891926458265,-0.01400861249243012,0.10369603208496612,1142.4418604651164
678662,Ezequiel Tovar,2023,615,1214,510,42.00988467874794,0.09597842978678536,0.006265121706394221,-14.25141079147072,-12.102080413702625,3.326375723392106,68.1531303345711,62.49712392337377,8.753425072367746,8.132420769689526,38.00084762126538,-15.497295818024071,-13.347965440255976,-14.533887420184994,0.13685522786318494,272.0,270.0,2.0,48.94899919126053,34.34130313000305,33.06427097778586,-0.012032698567757405,0.09785563161088252,1184.390243902439
657557,Paul DeJong,2023,400,725,262,36.137931034482754,0.11888935838943845,0.008236944858544076,-15.085859640537274,-12.33907619476142,3.727935162757561,67.52947113775315,60.30125488018013,9.810136868292902,8.958576647758344,38.00084762126538,-16.269390924982957,-13.522607479207103,-15.813385570802515,0.16607327034169145,248.0,271.0,-23.0,31.149011898032875,21.091772137674692,20.30275128137757,-0.013872054841873356,0.09230135743338509,1087.5
455117,Martín Maldonado,2023,407,765,250,32.6797385620915,0.13766071060220614,0.009279434936736951,-15.967207875423151,-12.574421767855533,4.108284101554953,66.91015449660956,57.98196915353052,10.811032802478715,9.701338126642282,38.00084762126538,-17.07668987762942,-13.683903770061802,-14.975756776733192,0.19475337544248325,211.0,272.0,-61.0,34.415177650551534,23.584088308389497,22.831489683559578,-0.01415828672178044,0.10075646223799026,1127.7641277641278
670042,Luke Raley,2023,403,799,256,32.040050062578224,0.13889317292028025,0.0076828332286050845,-15.454827334868552,-12.747320578969823,3.647598204249527,66.45516777410937,59.33030892126735,9.598728535224359,8.796717900692926,38.00084762126538,-16.785069597157822,-14.077562841259093,-15.886223966880744,0.16012643702345916,203.0,273.0,-70.0,35.556652267591744,25.176159907671696,24.28268052150074,-0.01299185526898629,0.08667371254132736,1189.578163771712
673357,Luis Robert,2023,589,1149,470,40.90513489991297,0.10815957841100782,0.00795107649849317,-16.246246457935573,-13.050636247691159,3.9211185836892453,65.65698644998648,57.247673473356606,10.31850295227356,9.340706420165112,38.00084762126538,-17.433918190662702,-14.238307980418288,-15.850055939826674,0.18054320804107282,269.0,274.0,-5.0,50.83500185317367,34.88660324696692,33.72070549600645,-0.01388024247711641,0.1135570251039371,1170.458404074703
592206,Nick Castellanos,2023,674,1318,541,41.047040971168435,0.10713455848533023,0.006715030017921164,-16.708818653680254,-14.081196265371052,3.4356533038566983,62.94504689550352,56.03040537356342,9.040991238137797,8.361462522891042,38.00084762126538,-17.94207952950284,-15.314457141193639,-16.159032360123657,0.14467257300803338,271.0,275.0,-4.0,57.959796140563654,39.19022318626283,37.80486013575546,-0.01424095064817968,0.10630661097502134,1173.293768545994
669394,Jake Burger,2023,539,1039,404,38.883541867179986,0.11840596345398725,0.008153471536672834,-17.800407241040734,-14.428116192606488,3.8494127898209474,62.03212008215187,53.15786790218969,10.129807703728181,9.200038784920093,38.00084762126538,-19.0415351366726,-15.669244088238354,-17.414518499683176,0.17514632405090383,264.0,276.0,-12.0,47.83600923541085,31.84531006387592,30.730363504299962,-0.015390470809946995,0.10728134902171123,1156.586270871985
666160,Mickey Moniak,2023,319,606,284,46.864686468646866,0.10331233864051965,0.009931333995229294,-23.03522145083651,-15.642457416892741,5.493336947439771,58.83655656107213,39.38234830860473,14.455827412559305,12.078346592279114,38.00084762126538,-24.162504585607852,-16.769740551664086,-23.602180277936103,0.3018816296291655,279.0,277.0,2.0,29.340704173907582,17.093644769212837,16.494305902559407,-0.020209668984644793,0.11864224580612914,1139.8119122257053
542194,Christian Bethancourt,2023,333,656,297,45.27439024390244,0.10822585312279939,0.00849529861577681,-23.06421474487762,-16.8464643110729,4.869352808466478,55.66818803892792,39.30605186824616,12.813800515706326,11.070411715109087,38.00084762126538,-24.320557324368643,-18.102806890563922,-23.581771488923454,0.25360000401385924,278.0,278.0,0.0,32.14307837747142,19.34243919406434,18.645169062446822,-0.019513169486901034,0.10551453901597192,1181.981981981982
660707,Elehuris Montero,2023,306,650,284,43.69230769230769,0.1181694291759436,0.010510939534467611,-26.7697696173605,-17.04065232866518,6.058976294438838,55.157178338492685,29.554809186992813,15.944318807900007,12.906855447747537,38.00084762126538,-28.15853587599661,-18.42941858730129,-26.137454839937266,0.3447169215325225,274.0,279.0,-5.0,33.56011788596798,19.90753538111413,19.19926458920971,-0.021003973084390545,0.12120282740344052,1274.5098039215686
595879,Javier Báez,2023,542,1076,478,44.42379182156134,0.1076609625332879,0.007186432431750791,-25.302731966710134,-20.01348417878066,4.146594416312731,47.33411112761321,33.41534847093607,10.911847171514895,9.773987358006524,38.00084762126538,-26.386225295812896,-21.096977507883423,-23.418423451140562,0.19768114882947913,277.0,280.0,-3.0,51.46194009091162,28.605138880983468,27.626383240360635,-0.02124238030662468,0.114191416182148,1191.1439114391144
665742,Juan Soto,2024,710,1569,283,18.036966220522626,0.10161682231520346,0.012244378116599805,20.491750636166234,17.466245400140068,3.059596734397548,148.32738313811657,156.69865855410507,8.465603238929349,7.775126057697185,36.14150873889168,20.49175063616623,17.466245400140064,20.584249694916146,0.15647286606815516,6.0,1.0,5.0,28.75756071520258,53.00613230133262,53.00613230133262,0.015454793872613157,0.09140286635898669,1325.9154929577464
605141,Mookie Betts,2024,516,1051,223,21.217887725975263,0.07195128364870555,0.012128663065433235,20.20057070832952,17.004784691938966,3.1899684125557637,147.05056674526764,155.89299233264103,8.826328849750139,8.051786888684815,36.14150873889168,20.200570708329526,17.004784691938973,20.13044270259266,0.16780647048756606,24.0,2.0,22.0,16.045136253661337,33.41762706282473,33.41762706282473,0.016529486973514165,0.08462203710249026,1222.093023255814
663457,Lars Nootbaar,2024,404,810,138,17.037037037037038,0.09203148323118868,0.014151729675918283,18.644759325421237,15.701851435408942,3.195320300180248,143.44547857381576,151.58821525720566,8.841136996424781,8.06302397591108,36.14150873889168,18.644759325421234,15.701851435408939,18.977351807608986,0.16827517930571576,1.0,3.0,-2.0,12.700344685904037,25.25448263168767,25.25448263168767,0.015498935735535348,0.07559655483234032,1202.970297029703
673490,Ha-Seong Kim,2024,469,926,174,18.790496760259177,0.0945900065548887,0.0136415366153425,17.416601676263262,14.76123898964769,3.1383731078482766,140.842896449874,148.19002383683377,8.68356971625562,7.942968238685216,36.14150873889168,17.416601676263266,14.761238989647694,17.013864137768877,0.16330136370881465,10.0,4.0,6.0,16.458661140550632,30.072638117496417,30.072638117496417,0.01470191898158292,0.08061589367093613,1184.6481876332623
680757,Steven Kwan,2024,543,1045,201,19.23444976076555,0.0933361542971809,0.012113494505434842,16.24272865268113,14.215111549433814,2.79918729720744,139.33181553690096,144.9420326362923,7.745075938667856,7.205842095238027,36.14150873889168,16.242728652681134,14.215111549433818,15.773513920279552,0.13439825860086696,13.0,5.0,8.0,18.76056701373336,33.46023644440979,33.46023644440979,0.01406666931165208,0.07836504595695465,1154.6961325966852
595777,Jurickson Profar,2024,663,1320,292,22.12121212121212,0.08219836515257348,0.011706155089121642,16.63105007551643,13.96064370508502,3.244148769292838,138.6277280396489,146.0164798201129,8.976240567958987,8.165107727687797,36.14150873889168,16.63105007551643,13.96064370508502,16.83281547075294,0.17256312529231416,33.0,6.0,27.0,24.001922624551455,42.37923295799711,42.37923295799711,0.01392220479806489,0.09866794298140286,1194.5701357466064
608385,Jesse Winker,2024,504,958,185,19.31106471816284,0.10310427090812728,0.012429884812538964,16.095145920916035,13.627803366792001,3.1597009006563854,137.7067915599417,144.53368573292607,8.74258162127097,7.988057111642927,36.14150873889168,16.095145920916043,13.627803366792008,16.473893943197577,0.16516061147380798,14.0,7.0,7.0,19.074290118003546,32.59421269157302,32.59421269157302,0.014112654043391933,0.08575165398201058,1140.4761904761904
663656,Kyle Tucker,2024,339,695,121,17.41007194244604,0.12033720453590432,0.01691788897023074,17.385514440081025,13.525628543491504,3.9683027233529446,137.42408387322428,148.1040085118875,10.97990333503337,9.5856966231595,36.14150873889168,17.38551444008102,13.5256285434915,17.036275369838872,0.23783267437338776,3.0,8.0,-5.0,14.560801748844423,24.3836174074902,24.3836174074902,0.014133547710281696,0.08504736070151284,1230.0884955752213
457759,Justin Turner,2024,536,1136,286,25.176056338028168,0.08659132983448824,0.011036209005196938,15.96722725572093,12.9150470531371,3.619220141235363,135.73466494285915,144.17974736770933,10.014026164161596,8.92275351848909,36.14150873889168,15.967227255720937,12.915047053137107,14.567033988401796,0.2060734073449082,75.0,9.0,66.0,24.765120332663635,39.02917668110767,39.02917668110767,0.012556387630672563,0.09592667113304036,1271.641791044776
664238,Dylan Moore,2024,438,854,154,18.0327868852459,0.10817720138128147,0.012309031870718443,14.59641263305599,12.609612531207832,2.9587063881418687,134.8895576615447,140.3868381326009,8.18644957386082,7.557188644958492,36.14150873889168,14.596412633055987,12.609612531207828,14.472912341378647,0.14782391031789135,5.0,10.0,-5.0,16.659289012717345,27.314670234848215,27.314670234848215,0.012477027192190718,0.0739087392708447,1169.86301369863
687462,Spencer Horwitz,2024,381,764,199,26.04712041884817,0.07312986015941829,0.014583738013954047,17.420243470623486,12.543837803666044,4.648633567796605,134.7075654596779,148.2001003236416,12.862311867999676,10.762723605351344,36.14150873889168,17.420243470623483,12.54383780366604,16.746684767773722,0.299825477784646,90.0,11.0,79.0,14.55284217172424,25.614696775570152,25.614696775570152,0.014478867282520827,0.10679535406721907,1203.1496062992128
672515,Gabriel Moreno,2024,350,724,158,21.823204419889503,0.09651888256388601,0.01406517361226432,15.80508177656956,12.339116796717066,3.9548200309010206,134.14112256868515,143.73110677463723,10.942598051102555,9.560844011355076,36.14150873889168,15.805081776569557,12.339116796717063,14.832363790098128,0.2366010266353251,28.0,12.0,16.0,15.249983445093989,24.46961448142623,24.46961448142623,0.012734297011508624,0.0857381752042015,1241.142857142857
592450,Aaron Judge,2024,685,1494,282,18.87550200803213,0.11398282133400268,0.013048247571501312,14.457389896036092,11.99635064128357,3.3848056323447837,133.19272232919917,140.0021758927805,9.36542427378637,8.454739917043332,36.14150873889168,14.457389896036089,11.996350641283566,16.14983824447291,0.18502255100410647,11.0,13.0,-2.0,32.14315561618876,48.648675747496625,48.648675747496625,0.011047871573833917,0.09997646053368554,1308.6131386861314
663697,Jonathan India,2024,633,1284,238,18.53582554517134,0.12478772491821619,0.010939460174931416,12.983151611829157,11.3874615046878,2.8054445126513285,131.50798597523357,135.92310355836932,7.762389038375714,7.219778675109809,36.14150873889168,12.983151611829161,11.387461504687803,12.365005319002718,0.13491863174941376,7.0,14.0,-7.0,29.69947853053545,43.396703481015216,43.396703481015216,0.010667620677943739,0.08259839932754681,1217.0616113744077
650490,Yandy Díaz,2024,622,1197,273,22.807017543859647,0.08389453393625322,0.012128630857557034,13.451566150698842,11.31767657604181,3.255363916130608,131.31489794133282,137.2191605167376,9.007271776198786,8.18844296035728,36.14150873889168,13.451566150698843,11.317676576041812,13.741281921026728,0.17355087829017446,35.0,15.0,20.0,22.90320776459713,36.847998007488265,36.847998007488265,0.011649782993225674,0.09754198837766051,1154.6623794212219
641487,J. P. Crawford,2024,453,900,168,18.666666666666668,0.11722466906292374,0.014974187756875456,13.330072360187044,10.79791298176776,3.640493705309502,129.87676319707202,136.88299914785412,10.072888023603694,8.964317271030522,36.14150873889168,13.330072360187042,10.797912981767759,12.586363157503184,0.2079977310766323,8.0,16.0,-8.0,19.693744402571188,29.757949034512404,29.757949034512404,0.011182449591045798,0.09161909158362247,1192.0529801324503
672695,Geraldo Perdomo,2024,387,726,138,19.00826446280992,0.10810567737558245,0.010717367025307997,11.99139618734521,10.556612436325924,2.7753104824274613,129.20910832083226,133.17901384244465,7.6790111405641595,7.152546322013475,36.14150873889168,11.99139618734521,10.556612436325924,11.704893417670892,0.13241754070936249,12.0,17.0,-5.0,14.918583477830378,22.653034018668038,22.653034018668038,0.01065351314164967,0.06643592410659593,1125.5813953488373
694384,Nolan Schanuel,2024,604,1171,255,21.77625960717336,0.09316910598412907,0.011474965819842333,12.24688363796627,10.492840780294063,3.0790487448105384,129.03265842082232,133.88592248996918,8.51942503854907,7.816760999426716,36.14150873889168,12.246883637966269,10.492840780294062,13.24167162755818,0.15815314275195558,27.0,18.0,9.0,23.758122025952915,36.08665155483896,36.08665155483896,0.010528206258655888,0.0905782248276721,1163.2450331125829
657041,Lane Thomas,2024,526,1018,234,22.98624754420432,0.0995168570441776,0.013200255811258062,13.05082498886365,10.470030557029986,3.7394206613826113,128.969544776539,136.11034913664167,10.346609181145338,9.15561154794341,36.14150873889168,13.050824988863654,10.470030557029991,11.952305779615559,0.21696959388452264,38.0,19.0,19.0,23.28694454833756,34.728167788574694,34.728167788574694,0.011238922632845906,0.10274600111215584,1161.216730038023
656305,Matt Chapman,2024,644,1290,315,24.418604651162788,0.09564176918376205,0.010245307091178716,11.831671988107448,10.095526865259949,3.1306339134012506,127.93332989553977,132.73707269274968,8.662156126405405,7.926569694739024,36.14150873889168,11.831671988107452,10.095526865259952,11.910658805481303,0.16262777665832223,63.0,20.0,43.0,30.127157292885045,42.82648522678704,42.82648522678704,0.009844440258838755,0.09355608663224448,1201.863354037267
650402,Gleyber Torres,2024,665,1384,297,21.459537572254337,0.12236930813442196,0.010063449762695827,11.02098712575905,9.557303680170193,2.965151780355645,126.444119279076,130.49398741314698,8.204283340182922,7.571211202040349,36.14150873889168,11.02098712575905,9.557303680170193,10.205661200696644,0.14837300137514428,25.0,21.0,4.0,36.34368451592332,48.5586119136396,48.5586119136396,0.008825814593725636,0.08833834911579107,1248.7218045112782
670623,Isaac Paredes,2024,642,1475,395,26.779661016949152,0.10003681703657354,0.008364474064679465,11.070282943402878,9.365475317138417,3.2372537110693433,125.91334906575241,130.6303840921013,8.957162620014676,8.150740505706175,36.14150873889168,11.070282943402876,9.365475317138415,10.31018166469212,0.17195637971628466,105.0,22.0,83.0,39.514542729446546,51.359745478887625,51.359745478887625,0.00803064593182446,0.09019127053552815,1378.5046728971963
686217,Sal Frelick,2024,523,1006,262,26.043737574552683,0.07868102360212983,0.01043735823850393,11.062078793379527,9.340546107046372,3.258045107658611,125.84437239332806,130.60768401590187,9.01469036944948,8.19401549289598,36.14150873889168,11.062078793379529,9.340546107046373,11.35034635353024,0.17378717400609803,89.0,23.0,66.0,20.614428183758015,30.25687353198717,30.25687353198717,0.009584935733826197,0.0895382374198824,1154.110898661568
663993,Nathaniel Lowe,2024,566,1198,282,23.53923205342237,0.10664468191524899,0.010796233999431309,11.207807554538991,9.30694740019723,3.4305820032149197,125.75140807606095,131.01090116494868,9.492082989671346,8.54757664218448,36.14150873889168,11.207807554538993,9.306947400197231,10.398306915636793,0.189108115488537,47.0,24.0,23.0,30.073800300100217,40.646498759882,40.646498759882,0.00882529086793137,0.09349848562625619,1269.964664310954
572138,Jon Singleton,2024,406,840,191,22.738095238095237,0.09989750730123789,0.01347045484573337,11.946892136173267,9.263042405239913,4.0873766184182,125.62992727326849,133.05587551002617,11.309369091223898,9.802577449475464,36.14150873889168,11.946892136173267,9.263042405239913,11.264041535722548,0.24871657252448628,34.0,25.0,9.0,19.080423894536438,27.164487573347014,27.164487573347014,0.009623885331917353,0.09542887333060299,1241.3793103448277
669257,Will Smith,2024,541,1134,302,26.63139329805996,0.08302625866322176,0.010856266263910345,11.473718295744263,9.234631196821434,3.7399293001987703,125.55131625394515,131.74665003234205,10.348016534722726,9.156586654182872,36.14150873889168,11.473718295744264,9.234631196821436,11.88979099357865,0.2170158124620733,102.0,26.0,76.0,25.07393011629297,35.41939944628905,35.41939944628905,0.009122988827157034,0.10013891460088167,1257.6709796672828
643217,Andrew Benintendi,2024,523,957,240,25.07836990595611,0.08361810042191632,0.011714519137374485,10.901527151502581,9.105351161061538,3.3768007383431344,125.19361111027254,130.16345341380702,9.343275519401262,8.438433721923358,36.14150873889168,10.90152715150258,9.105351161061536,10.226556878704388,0.18430955344937291,73.0,27.0,46.0,20.068344101259918,29.570841934986333,29.570841934986333,0.009929464821030737,0.09514805253731708,1097.8967495219886
643376,Danny Jansen,2024,323,688,140,20.348837209302324,0.13253430160541704,0.013694990820829958,11.287905798769868,8.668894661872999,4.194324309879785,123.98597890448455,131.23252512871167,11.605282834709929,9.993395769498951,36.14150873889168,11.287905798769872,8.668894661873003,10.437377702810164,0.2584939207966111,18.0,28.0,-10.0,18.554802224758387,24.631458179762834,24.631458179762834,0.008832348771808787,0.08608333034502072,1278.0185758513933
643565,Mike Tauchman,2024,352,769,176,22.886866059817944,0.11295999458307913,0.01209098548590951,10.671441245324678,8.402837865512751,3.974679382316365,123.24982591684255,129.52682834140015,10.997546923211964,9.597429739921505,36.14150873889168,10.671441245324678,8.402837865512751,11.932143061961423,0.2384152562092162,37.0,29.0,8.0,19.88095904662193,26.14153791054574,26.14153791054574,0.008141194881565424,0.08408728789593929,1310.7954545454545
457705,Andrew McCutchen,2024,514,1041,181,17.38712776176753,0.14887892185792712,0.012356002793296725,9.505824967040114,8.276687906627318,2.951456041545136,122.9007813880244,126.30168274300887,8.166388577931972,7.541398636114401,36.14150873889168,9.505824967040114,8.276687906627318,9.542467108657316,0.14720682836295607,2.0,30.0,-28.0,26.947084856284807,35.09040824471584,35.09040824471584,0.00782259691491934,0.07836512364417605,1215.1750972762645
502054,Tommy Pham,2024,479,901,169,18.756936736958934,0.11407859661019969,0.015605580869971073,9.89798471395231,8.258411353215537,3.4131836892901117,122.85021196231553,127.38675019203374,9.443943566244105,8.512374460191134,36.14150873889168,9.897984713952312,8.25841135321554,9.961181780685022,0.18755368421397656,9.0,31.0,-22.0,19.279282827123748,27.181173957095677,27.181173957095677,0.008770134439480496,0.09077819207060608,1128.6012526096033
695578,James Wood,2024,338,698,147,21.060171919770774,0.10872997736389989,0.016237822096322352,11.386158368957332,8.245492242039694,4.728250429358821,122.81446605234487,131.50438032683664,13.082603893264633,10.890797254372378,36.14150873889168,11.386158368957329,8.24549224203969,12.057632862148655,0.30700362673089737,22.0,32.0,-10.0,15.983306672493283,22.397509220339245,22.397509220339245,0.00918940193101141,0.10081803052139567,1239.0532544378698
518692,Freddie Freeman,2024,632,1299,348,26.78983833718245,0.09372204564637132,0.00939603112247532,9.673700617205125,8.240354159530732,3.1953807163450008,122.80024948339617,126.76617815568753,8.84130416201045,8.063150774463251,36.14150873889168,9.673700617205123,8.24035415953073,9.753383164022202,0.1682804719147762,106.0,33.0,73.0,32.61527188493722,42.80490320172662,42.80490320172662,0.007844211945180445,0.09338644912118622,1233.2278481012659
650333,Luis Arráez,2024,669,1140,403,35.35087719298245,0.05070957922530262,0.00948955499648171,9.784246264389546,8.232707943651885,3.3263103985672693,122.77909315609924,127.07204708878346,9.203573715194254,8.335090765393685,36.14150873889168,9.784246264389546,8.232707943651885,9.821770788611534,0.17982282930580645,239.0,34.0,205.0,20.435960427796957,31.3453950125913,31.3453950125913,0.009569679460345915,0.10984624491558698,1022.4215246636771
608324,Alex Bregman,2024,636,1175,280,23.829787234042556,0.09821934655143011,0.010313216096095883,9.24829963985571,8.163458787297762,2.795116573298626,122.58748755143448,125.58913549146791,7.733812645986238,7.196768699848306,36.14150873889168,9.24829963985571,8.163458787297762,8.859658953991755,0.13406001061372724,53.0,35.0,18.0,27.50141703440043,37.30461465264748,37.30461465264748,0.008343146909146427,0.0864344469023636,1108.4905660377358
646240,Rafael Devers,2024,588,1244,379,30.466237942122188,0.07664194354160377,0.01265187057337712,11.474713923223971,8.120375108569794,4.930143845420737,122.46827924986846,131.74940483565396,13.641223118379218,11.206774326491894,36.14150873889168,11.474713923223973,8.120375108569796,11.459808205722236,0.3250763783320403,176.0,36.0,140.0,29.047296602267828,40.29251624702732,40.29251624702732,0.009039565630835605,0.13698577662927006,1269.3877551020407
683002,Gunnar Henderson,2024,716,1480,345,23.31081081081081,0.1058587442442429,0.011393672481876631,9.706219958020473,8.065444284216557,3.4617864431300767,122.31629106157756,126.85615597329965,9.578422605819075,8.610459513674238,36.14150873889168,9.706219958020469,8.065444284216554,9.718842086150332,0.19190081432051667,43.0,37.0,6.0,36.5212667642638,48.104022580834894,48.104022580834894,0.007826186362548037,0.10738192547192668,1240.223463687151
592192,Mark Canha,2024,460,954,229,24.0041928721174,0.10637665110225147,0.009985395395147673,9.614085330116723,8.057341086202682,3.373953710429731,122.29387030965927,126.60122851974648,9.33539807318292,8.432629089456551,36.14150873889168,9.614085330116723,8.057341086202682,8.443417144322533,0.18405607483259906,58.0,38.0,20.0,24.360253102415587,31.731051855505076,31.731051855505076,0.007726204143699672,0.08374743489036594,1244.3478260869565
641598,Mitch Garver,2024,431,902,182,20.17738359201774,0.1312030646624157,0.011482694309042625,9.655960844329057,8.011123100002589,3.4797749288583573,122.16598968759116,126.71709394892618,9.628194976580462,8.646561841094005,36.14150873889168,9.655960844329053,8.011123100002585,8.812247452863447,0.19351340890396126,17.0,39.0,-22.0,23.878957768559662,30.8151563084027,30.8151563084027,0.007689798824659688,0.0832288522795164,1255.6844547563805
668227,Randy Arozarena,2024,644,1435,355,24.738675958188153,0.103820895120703,0.008670406401807334,9.357343406151397,7.979110853131422,3.1927675779682136,122.07741494904761,125.89084886786148,8.834073865135835,8.057665338947691,36.14150873889168,9.357343406151402,7.979110853131427,9.344811294850576,0.16805158429772543,67.0,40.0,27.0,36.856417767849564,46.899966357118736,46.899966357118736,0.00699898856395064,0.09046403837755526,1336.9565217391303
571771,Enrique Hernández,2024,395,713,189,26.507713884992988,0.07670224308829775,0.013801284752598748,10.13217363087993,7.928336004863689,4.052451609417069,121.9369259378263,128.03472789163544,11.212735026350042,9.739449869957635,36.14150873889168,10.132173630879931,7.928336004863691,9.59924392613303,0.24552346963125066,98.0,41.0,57.0,14.496723943688275,21.167071584017563,21.167071584017563,0.009355326283771791,0.0999122910974769,1083.0379746835442
607043,Brandon Nimmo,2024,664,1359,331,24.356144223693892,0.1033976770557251,0.008874176618764185,8.946454253687618,7.818940262578129,2.922303715695061,121.63423867848718,124.75395899579695,8.085726959567644,7.477736994127094,36.14150873889168,8.946454253687623,7.818940262578134,8.824914049804935,0.1447319894572873,62.0,42.0,20.0,34.224631105445006,44.12537381285931,44.12537381285931,0.007285314722159159,0.08772683291515887,1228.012048192771
672580,Maikel García,2024,627,1112,231,20.77338129496403,0.108456683435195,0.012666741816451148,8.949518318858354,7.795525737343651,2.9616267932823983,121.56945299008763,124.76243696275974,8.194530047649637,7.563543940803544,36.14150873889168,8.949518318858356,7.795525737343652,8.984351866349744,0.14807264294941933,19.0,43.0,-24.0,25.053493873530044,34.405740516737026,34.405740516737026,0.008410293743891168,0.09280988343785028,1064.1148325358852
621493,Taylor Ward,2024,662,1270,267,21.023622047244096,0.11333887969334043,0.008807747288836496,8.376303813055562,7.5422847040951835,2.5672096648274954,120.86875995848777,123.17640880343733,7.103216645919751,6.680378720332751,36.14150873889168,8.376303813055562,7.5422847040951835,8.28716833803743,0.11551179363131989,21.0,44.0,-23.0,30.261480878121894,39.5033360851932,39.5033360851932,0.007277051344150634,0.07948152983260194,1151.0574018126888
592273,Brandon Drury,2024,361,683,183,26.79355783308931,0.0825068374392722,0.013364405969111384,9.626420922400518,7.464732700748582,4.158368585656645,120.65418119281729,126.63535989033457,11.505796882192268,9.929661034907591,36.14150873889168,9.626420922400518,7.464732700748582,9.427996348998748,0.2552072491789978,107.0,45.0,62.0,15.098751251386814,20.89064783969779,20.89064783969779,0.0084800828525783,0.09573452371328597,1135.180055401662
680977,Brendan Donovan,2024,648,1190,281,23.61344537815126,0.09734616904158272,0.00879913905606884,8.208025705993714,7.4235050621464085,2.513346578029662,120.54010837172942,122.71079983210856,6.954182782427851,6.555957555439151,36.14150873889168,8.20802570599371,7.423505062146405,7.795585032851458,0.11124907944028405,49.0,46.0,3.0,27.354273500684744,36.21894126315795,36.21894126315795,0.007449300640733792,0.0786869396188809,1101.8518518518517
677951,Bobby Witt,2024,705,1356,433,31.93215339233038,0.06604413287601228,0.009650022665418341,8.45991751474433,6.938373731743803,3.644072145749696,119.19779769536144,123.40775969222518,10.08278921634594,8.971293872996252,36.14150873889168,8.45991751474433,6.938373731743803,9.69299631196896,0.20832161119187922,197.0,47.0,150.0,28.59710953531332,38.537512615137906,38.537512615137906,0.007330680737333767,0.11627731330529484,1154.0425531914893
593428,Xander Bogaerts,2024,462,825,212,25.696969696969695,0.09742783736894163,0.011750527116141917,8.111120045954548,6.789795130173038,3.4403466256327557,118.78669531819124,122.44267140188924,9.519100739506808,8.567289191737512,36.14150873889168,8.111120045954546,6.789795130173037,7.679558273464749,0.1899813692331736,83.0,48.0,35.0,20.654701522215625,26.900263957600625,26.900263957600625,0.007570378709557578,0.0922286713448477,1071.4285714285716
596019,Francisco Lindor,2024,687,1297,345,26.599845797995375,0.08935067230715202,0.009860826278794295,7.802301071742887,6.7656987337809245,3.0537554350608143,118.7200229593636,121.58819967398559,8.449440938182763,7.762599079930107,36.14150873889168,7.802301071742886,6.765698733780924,7.525537458682786,0.155969066372585,101.0,49.0,52.0,30.825981945967445,39.75961667311305,39.75961667311305,0.006887921917614191,0.09708893821356249,1132.7510917030568
663538,Nico Hoerner,2024,639,1103,356,32.27561196736174,0.06621704305110396,0.008849168937966308,7.688551734235488,6.7073610913489485,2.9865853446781876,118.55860844052476,121.27346644486337,8.263587904575603,7.617744365611528,36.14150873889168,7.688551734235487,6.707361091348948,7.4432204678792155,0.1502024265469618,202.0,50.0,152.0,23.573267326193008,31.761574923153802,31.761574923153802,0.007423669625531091,0.09577160843109582,1035.680751173709
665489,Vladimir Guerrero,2024,686,1290,357,27.674418604651162,0.08649704874832252,0.009198145194622538,7.611257269764254,6.619834304031686,3.0260685148259805,118.3164304286725,121.05960026393093,8.372833953026552,7.703070500168194,36.14150873889168,7.611257269764255,6.619834304031687,8.063642114086525,0.15358609728739542,123.0,51.0,72.0,30.87944640315114,39.58165054824827,39.58165054824827,0.006745894686121806,0.09632893683078796,1128.2798833819243
592626,Joc Pederson,2024,441,958,290,30.2713987473904,0.07801090495653815,0.012539967660594469,8.999626300833937,6.408672626373466,4.989279577833022,117.73216683529631,124.90108082053997,13.804845873697811,11.296969751166568,36.14150873889168,8.99962630083394,6.40867262637347,8.894575985063408,0.33033005628765294,168.0,52.0,116.0,22.62316243739606,29.237887768509008,29.237887768509008,0.006904723727675307,0.11847928514463187,1303.4013605442176
673548,Seiya Suzuki,2024,580,1276,266,20.846394984326018,0.1289719433896675,0.010822396927334062,7.4039187641233974,6.292233079322454,3.3049654133364483,117.40999006096116,120.48591501150057,9.144514240436212,8.291146521640378,36.14150873889168,7.403918764123399,6.292233079322456,7.506648406580261,0.17793170477134956,20.0,53.0,-33.0,34.30653694165155,41.4636584136375,41.4636584136375,0.00560902936676015,0.08943722688826784,1320.0
660271,Shohei Ohtani,2024,720,1460,390,26.71232876712329,0.08859890315950061,0.01034499084427939,7.5014677061167045,6.2833431513305325,3.4625650257103016,117.38539250457207,120.7558233396173,9.580576867241446,8.612024344132823,36.14150873889168,7.501467706116701,6.283343151330529,7.505193730298849,0.19197057123087763,103.0,54.0,49.0,34.55357223220524,43.55533347954528,43.55533347954528,0.006165589895438388,0.10874336207885821,1216.6666666666665
680474,Max Schuemann,2024,461,892,192,21.524663677130047,0.12029766733600734,0.01360177438477968,7.728090405813309,6.272921716572634,3.7883541677027672,117.35655741959211,121.3828660603124,10.482003380301995,9.249026239366438,36.14150873889168,7.728090405813309,6.272921716572634,7.345793252242015,0.22141966158232898,26.0,55.0,-29.0,23.09715212851341,29.034901590313304,29.034901590313304,0.006656669800224095,0.09745807336077418,1160.9544468546637
666397,Edouard Julien,2024,301,610,109,17.868852459016395,,,7.658685493118567,6.199353088428351,3.8213408325957423,117.15300026132351,121.19082949317249,10.573274237673477,9.311547811820434,36.14150873889168,7.658685493118568,6.199353088428353,9.060997566829172,0.22442328482276058,4.0,56.0,-52.0,15.677117328928926,19.519224551310074,19.519224551310074,0.0062985364301330286,0.0776186531742041,1215.9468438538206
592885,Christian Yelich,2024,313,678,170,25.073746312684364,0.10432659948930446,0.01104445185328546,7.717782711464066,6.099292123415385,4.064858052322832,116.87614141258018,121.35434568385631,11.24706243364063,9.761920734370975,36.14150873889168,7.717782711464064,6.099292123415383,7.243205308248527,0.24665772037983877,72.0,57.0,15.0,17.73552191318176,21.761631894328847,21.761631894328847,0.005938215311426383,0.08143734839309251,1299.6805111821086
668939,Adley Rutschman,2024,637,1298,378,29.121725731895225,0.08897215154645263,0.008581375444312976,7.080486870300457,6.058457404896735,3.2435699057070733,116.76315576271796,119.59101077227909,8.974638909351025,8.16390215800764,36.14150873889168,7.080486870300461,6.058457404896738,6.923168153995837,0.1725121715215889,148.0,58.0,90.0,33.63147328455909,41.14859017852808,41.14859017852808,0.005791307314305844,0.0955815563942165,1222.6059654631083
593160,Whit Merrifield,2024,336,680,174,25.588235294117645,0.10209668621231735,0.011751324140794618,7.539399192019546,5.983860517018281,4.0323812243440695,116.5567535108989,120.86077603037761,11.157202244866014,9.702990450439044,36.14150873889168,7.539399192019548,5.983860517018283,7.218873312228086,0.24368868673095959,80.0,59.0,21.0,17.764823400943218,21.986886948474165,21.986886948474165,0.006208916981663155,0.08659546618120707,1214.2857142857142
656555,Rhys Hoskins,2024,517,1087,277,25.48298068077277,0.10957608293245495,0.009092459989105305,6.805333337677984,5.777838307147361,3.3495095377779367,115.9867103194003,118.82968801010458,9.267763451650117,8.382680045743612,36.14150873889168,6.805333337677984,5.777838307147361,6.256464875906055,0.181882091583717,78.0,60.0,18.0,30.35257497229002,36.21650386492255,36.21650386492255,0.005394598797270037,0.08753983817686505,1261.5087040618955
630105,Jake Cronenworth,2024,656,1316,301,22.872340425531913,0.11646917988798386,0.008877386016348991,6.4741981273191875,5.773202761623963,2.768004757622404,115.9738842208639,117.91346945168434,7.658796918579576,7.136202631681942,36.14150873889168,6.474198127319189,5.773202761623965,6.473321103704138,0.13181307942368817,36.0,61.0,-25.0,35.05722314628314,42.135679765485456,42.135679765485456,0.005378766427965283,0.08342408972794313,1203.6585365853657
542303,Marcell Ozuna,2024,686,1602,425,26.529338327091136,0.1046189582647865,0.009774899056056502,7.021636849140995,5.720946249889045,3.791996699393984,115.82929559255717,119.42817855189607,10.49208190723216,9.255947950994313,36.14150873889168,7.021636849140999,5.7209462498890495,7.459238506146695,0.22175119411020525,99.0,62.0,37.0,44.463057262534264,52.491128726718806,52.491128726718806,0.0050112805644098235,0.10832022665909802,1401.1661807580176
453568,Charlie Blackmon,2024,498,945,278,29.417989417989414,0.09167626771883802,0.01098758713608029,6.655238496923296,5.416646114003715,3.8302364270543334,114.98732704585431,118.41439034824141,10.597887472618533,9.328346114695977,36.14150873889168,6.655238496923296,5.416646114003715,5.83675466657592,0.2252337474695636,153.0,63.0,90.0,25.486002425836972,31.009850378283307,31.009850378283307,0.005845341748620461,0.1034160082371712,1138.55421686747
668930,Brice Turang,2024,616,1133,319,28.155339805825243,0.09333374466649703,0.007790202786042833,6.001689531080372,5.391886173933978,2.6953918145260602,114.91881872693321,116.6060846392447,7.457884046842693,6.972834431001088,36.14150873889168,6.001689531080373,5.391886173933979,5.676800907949854,0.12584699960074225,130.0,64.0,66.0,29.773464548612555,35.93519913385507,35.93519913385507,0.005438424170558267,0.08221222686384863,1103.5714285714284
656896,Emmanuel Rivera,2024,302,602,174,28.903654485049834,0.09519278808799474,0.01211368442722048,7.097402514182789,5.332790860806328,4.617452289818305,114.7553078077998,119.63781469517157,12.77603633865315,10.712023753306509,36.14150873889168,7.097402514182793,5.332790860806332,6.4581528426243615,0.29700736146604095,143.0,65.0,78.0,16.563545127311084,20.13590439278309,20.13590439278309,0.005934151603774093,0.09472396391776294,1196.026490066225
642086,Dominic Smith,2024,307,623,169,27.12680577849117,0.09101604336880065,0.015276635140047965,7.542226569131469,5.2915004372589785,5.240787509915535,114.6410612669438,120.868599104761,14.500743584829795,11.668911968604641,36.14150873889168,7.542226569131468,5.291500437258977,7.320853105664551,0.3524397516781793,111.0,66.0,45.0,15.38171132932731,19.240817257199577,19.240817257199577,0.00619439153751568,0.10743348234334282,1217.5895765472312
573262,Mike Yastrzemski,2024,473,949,227,23.91991570073762,0.10981542713509981,0.01192136325131403,6.373768751669623,5.235863092080136,3.7517134754438395,114.48711820501796,117.63559124694439,10.380622188599007,9.179153806450207,36.14150873889168,6.373768751669625,5.235863092080138,6.334443500951698,0.21808683687876282,54.0,67.0,-13.0,24.928101959667657,29.95275632556721,29.95275632556721,0.00529468320958857,0.09600778436933757,1203.8054968287524
666971,Lourdes Gurriel,2024,550,1034,341,32.97872340425532,0.07292881902140655,0.010855579355330583,6.42238877524512,5.140957909560019,4.028423979729109,114.22452489933787,117.77011807017902,11.146252938229289,9.695786125581742,36.14150873889168,6.422388775245122,5.14095790956002,6.629271352124307,0.24332695068385862,209.0,68.0,141.0,24.86872728629963,30.755916996940993,30.755916996940993,0.005693607070252766,0.11483819089929737,1128.0
621566,Matt Olson,2024,677,1522,440,28.909329829172144,0.10148815310846103,0.009024360773720482,6.167342676672964,5.11753226098341,3.6569862104398925,114.15970843374467,117.06443060036484,10.118521163187163,8.996435807308288,36.14150873889168,6.167342676672962,5.117532260983407,5.88110185205198,0.20949088454377465,144.0,69.0,75.0,44.654787367722854,51.61360568790218,51.61360568790218,0.004572153955439769,0.10576778631603112,1348.8921713441655
681082,Bryson Stott,2024,570,1138,323,28.383128295254835,0.09679239890981113,0.008142754397764598,5.8069661709963105,5.096412584608186,3.0166649690155176,114.10127236642991,116.06730425381348,8.346815266650173,7.6827950606965425,36.14150873889168,5.806966170996315,5.09641258460819,5.4075515445207625,0.15277864592943824,137.0,70.0,67.0,31.263944847868995,36.78056271031549,36.78056271031549,0.004847643112870383,0.08495316320780223,1197.8947368421052
683737,Michael Busch,2024,565,1215,284,23.37448559670782,0.12087296720694818,0.0093903377046519,5.858514082128303,5.066130311516514,3.1979503909200906,114.01748429518351,116.20993225394596,8.848414198820631,8.06854276381128,36.14150873889168,5.858514082128301,5.066130311516512,5.770713673956345,0.16850561216688217,45.0,71.0,-26.0,34.327922686773285,39.84469011411077,39.84469011411077,0.0045405493229115105,0.08639344274577185,1290.2654867256638
663837,Matt Vierling,2024,567,1097,242,22.060164083865086,0.11651485077307785,0.009420781354934637,5.4857455105490835,4.916946420672912,2.7626803428668545,113.60470714212828,115.17851827985781,7.644064786631194,7.124280591983166,36.14150873889168,5.485745510549081,4.916946420672909,5.030550556751155,0.13137302239171242,32.0,72.0,-40.0,28.19659388708484,33.38062339455372,33.38062339455372,0.004725642212824872,0.07882412024884333,1160.8465608465608
680700,Richie Palacios,2024,320,645,152,23.565891472868216,0.11653646105319508,0.0123307572001593,5.984572447317415,4.764076151737115,4.131715271930793,113.18173014346388,116.55872335201505,11.432049784586544,9.88214250276576,36.14150873889168,5.984572447317415,4.764076151737115,5.619231337895414,0.25277049797684453,48.0,73.0,-25.0,17.713542080085652,20.905314051988274,20.905314051988274,0.004948483677368405,0.08676593597822868,1209.375
621043,Carlos Correa,2024,364,717,184,25.662482566248258,0.10346621025743291,0.013047949441036153,5.912047038191373,4.692939700540529,4.170683766441526,112.98490257959398,116.35805267816463,11.539871776170417,9.951538407640326,36.14150873889168,5.912047038191375,4.6929397005405304,6.271652745540782,0.25633305089872754,82.0,74.0,8.0,19.037782687367656,22.624424557203756,22.624424557203756,0.0050022899160894,0.09449260393883639,1181.868131868132
656775,Cedric Mullins,2024,498,923,255,27.627302275189596,0.09749167421631047,0.011905031474480268,5.554193058055976,4.579273725426669,3.791087788329936,112.67040000601563,115.36790591168415,10.489567039713444,9.254221209082086,36.14150873889168,5.554193058055975,4.579273725426668,5.342369165510878,0.22166846430956277,121.0,75.0,46.0,24.86037692515917,29.47035716334563,29.47035716334563,0.004994561471491289,0.10357169485843339,1112.0481927710844
467793,Carlos Santana,2024,593,1248,295,23.63782051282051,0.1172306764299244,0.011421714259586024,5.348708413230422,4.509328363450936,3.554198843048059,112.47686806887083,114.79935010979413,9.834118627215483,8.794778463828468,36.14150873889168,5.348708413230415,4.509328363450929,5.287019762875236,0.20020456141212803,50.0,76.0,-26.0,34.583049546827695,39.869356361903755,39.869356361903755,0.004235822768490438,0.09943467794944165,1262.7318718381114
663368,Blake Perkins,2024,432,857,206,24.037339556592766,0.10895216849849859,0.010375532392486148,5.1746325655678795,4.434800505658484,3.374501765624907,112.27065681651032,114.31769936045721,9.336914488004272,8.433746696200044,36.14150873889168,5.174632565567879,4.434800505658483,4.8591022328441955,0.18410486529627673,60.0,77.0,-17.0,22.44414671069071,26.169882157899583,26.169882157899583,0.004347415924397751,0.0829949648200745,1190.2777777777778
672275,Patrick Bailey,2024,447,863,214,24.797219003476243,0.11466636495385801,0.010505555916128914,5.139295921789923,4.388387138294553,3.423990741616894,112.1422355939785,114.21992634264201,9.473845617109935,8.534252375334988,36.14150873889168,5.139295921789923,4.388387138294553,4.997775312741142,0.18851899808614614,69.0,78.0,-9.0,24.538602100125615,28.367377561859108,28.367377561859108,0.004436588020548659,0.08683273024504778,1158.3892617449665
668942,Josh Rojas,2024,475,888,195,21.95945945945946,0.13125604201806274,0.011334748281224126,4.937102083609684,4.292555195189257,3.2203395314849916,111.87707803291029,113.6604758790739,8.910362748690682,8.115429569743347,36.14150873889168,4.937102083609685,4.292555195189258,4.223810027445436,0.17046969561278144,30.0,79.0,-49.0,25.594928193522232,29.503467343046566,29.503467343046566,0.004401508051266141,0.085553452399216,1121.6842105263158
624424,Michael Conforto,2024,486,970,239,24.63917525773196,0.10732438585940365,0.011294579193850265,5.091191974103981,4.27908313403273,3.622565507741255,111.8398021647282,114.08682745063538,10.023282464251505,8.92929963673432,36.14150873889168,5.091191974103984,4.279083134032733,5.39128704946635,0.2063758870053114,65.0,80.0,-15.0,25.650528220397472,29.7743937194217,29.7743937194217,0.004251407730952809,0.09421399058259772,1197.5308641975307
543760,Marcus Semien,2024,715,1331,338,25.39444027047333,0.10841329310168518,0.008906765745936598,4.71730220593653,4.251854217883629,2.7545222697561043,111.76446243183045,113.05231123586235,7.62149220071706,7.105996060134781,36.14150873889168,4.717302205936532,4.251854217883631,4.391437374655071,0.13069954759450575,77.0,81.0,-4.0,36.64369306836959,42.265144863777294,42.265144863777294,0.004223479936444552,0.08997296893255194,1116.923076923077
691026,Masyn Winn,2024,635,1236,377,30.501618122977348,0.08677738836102433,0.00966417330418421,4.948532703667975,4.202473088417425,3.5155166784516436,111.62782970345442,113.69210328052212,9.727088882342688,8.717973376401837,36.14150873889168,4.948532703667974,4.202473088417424,4.395725486923975,0.19672304424419465,177.0,82.0,95.0,32.715075412106174,37.95227252348811,37.95227252348811,0.004237214491409336,0.1058284419241779,1167.8740157480315
666158,Gavin Lux,2024,488,961,224,23.30905306971904,0.11577240543820873,0.009965033105134382,4.763830472059759,4.169868339711422,3.1536855250368556,111.53761557060912,113.18105037196034,8.725937668571074,7.975355301078978,36.14150873889168,4.763830472059759,4.169868339711422,4.788831250210837,0.16463578525301176,42.0,83.0,-41.0,25.933018818158754,29.807600935434024,29.807600935434024,0.004031823222971145,0.0827418567859132,1181.5573770491803
543807,George Springer,2024,613,1108,262,23.646209386281587,0.11118697782152727,0.007769134080541207,4.392491540106496,4.06398132519113,2.387701485110852,111.24463661589728,112.1535920701057,6.6065351680835045,6.262267124685794,36.14150873889168,4.392491540106494,4.063981325191128,4.603371542313934,0.1015049771244317,51.0,84.0,-33.0,29.130988189240146,33.61865037938228,33.61865037938228,0.004050236633702289,0.07328572245081105,1084.5024469820555
694671,Wyatt Langford,2024,559,1151,266,23.11033883579496,0.1252186476533316,0.009842264384656452,4.508100772988738,3.9896294781466635,3.0387320977934875,111.038912367965,112.47347144680099,8.407872841577099,7.730329220570324,36.14150873889168,4.508100772988736,3.9896294781466617,4.937951666968373,0.1546750053890616,40.0,85.0,-45.0,33.30816027578621,37.508207495954046,37.508207495954046,0.0036490418941510353,0.08344788021141557,1235.4203935599282
621020,Dansby Swanson,2024,594,1113,267,23.98921832884097,0.11624713570720553,0.010113635745750117,4.328840927521063,3.875148270501376,2.9017923219536494,110.72215412615398,111.97747708540685,8.028973950473313,7.432779398635776,36.14150873889168,4.328840927521065,3.8751482705013776,4.10543608493539,0.14299690779623503,57.0,86.0,-29.0,31.03798523382388,35.32353775206973,35.32353775206973,0.0038504514988731827,0.08611006948381163,1124.2424242424242
656941,Kyle Schwarber,2024,690,1481,312,21.066846725185687,0.1430372557974506,0.009999265747022824,4.374321103293198,3.8534166487784702,3.1218136679040174,110.6620248662498,112.10331625858777,8.637751374625516,7.907856387495449,36.14150873889168,4.374321103293193,3.853416648778465,4.315213879348048,0.16186080902861694,23.0,87.0,-64.0,44.627623808804586,49.65809307759176,49.65809307759176,0.0033966706744005255,0.09328832359336078,1287.8260869565217
669707,Jared Triolo,2024,447,867,220,25.37485582468281,0.1166461744530401,0.010134375430875232,4.412597535189776,3.8017368584955666,3.413499716572402,110.51903196947762,112.20922338098576,9.444817982651491,8.513014783034714,36.14150873889168,4.412597535189776,3.8017368584955666,3.533600694080988,0.18758190182256196,76.0,88.0,-12.0,25.66215837966882,28.949543543385204,28.949543543385204,0.003791678389522933,0.0863667535458901,1163.758389261745
606466,Ketel Marte,2024,577,1087,285,26.21895124195032,0.10259281782688201,0.011470200835187749,4.432605607065328,3.763223881639937,3.5995647519673186,110.41247035044321,112.26458374798123,9.959641635253169,8.884216830949407,36.14150873889168,4.432605607065327,3.7632238816399353,4.895285138687694,0.20429722079592633,93.0,89.0,4.0,29.23895308066137,33.50164213945586,33.50164213945586,0.003921517073407995,0.1049928636526562,1130.3292894280762
502671,Paul Goldschmidt,2024,653,1328,392,29.518072289156628,0.09446550794282262,0.007975887143706284,4.16290478966874,3.686689603422475,3.081659494887648,110.2007075301072,111.5183481125376,8.526648727233379,7.822339548935313,36.14150873889168,4.162904789668737,3.6866896034224714,4.1309540493453,0.15837896005857768,155.0,90.0,65.0,37.030479113586466,41.56110715967594,41.56110715967594,0.0034116175045854516,0.0920338401332268,1220.2143950995405
672761,Wenceel Pérez,2024,422,900,257,28.555555555555557,0.0989226474345653,0.010718690847706656,4.4733189762744,3.6287591062194506,4.151709711041856,110.0404195420723,112.37723363623911,11.48737243106352,9.917811156298825,36.14150873889168,4.473318976274399,3.6287591062194497,3.922493843327101,0.2545984931672295,141.0,91.0,50.0,25.423120390683284,28.56935473732961,28.56935473732961,0.0034958159407181416,0.09733452766998128,1279.6208530805688
518595,Travis d'Arnaud,2024,339,673,186,27.637444279346212,0.09611065860678891,0.01137114648862349,4.236373710296301,3.4767465562687967,4.064335976864044,109.61981576747925,111.7216293899141,11.245617902194642,9.760976160015614,36.14150873889168,4.236373710296301,3.4767465562687967,4.0538912837752,0.24660998893609065,122.0,92.0,30.0,17.87658250086274,20.27013364718015,20.27013364718015,0.003556539593339391,0.08851778078474751,1191.1504424778761
664023,Ian Happ,2024,657,1332,311,23.34834834834835,0.12591528041833938,0.009427347555731947,3.8846347891202777,3.4482801477410776,3.099483179044603,109.54105201488282,110.74840239013056,8.575965108255888,7.860364502003966,36.14150873889168,3.8846347891202826,3.4482801477410825,4.041012789959922,0.15992248550364463,44.0,93.0,-49.0,39.159652210103545,43.413327304190254,43.413327304190254,0.0031934497703353633,0.09299322098439829,1216.4383561643835
664761,Alec Bohm,2024,603,1028,282,27.431906614785994,0.08965988223690817,0.009832918300970417,3.449350195060596,3.1039510194397937,2.9914143786138765,108.58832718319711,109.54401273057195,8.276949366518371,7.628207672119514,36.14150873889168,3.4493501950605965,3.103951019439794,3.3207433035453366,0.15061532918379864,116.0,94.0,22.0,25.284086790808104,28.750683736844003,28.750683736844003,0.003372176017544649,0.09376614931424372,1022.8855721393035
657077,Alex Verdugo,2024,620,1089,279,25.6198347107438,0.11343571310432507,0.008283606598098904,2.87320916554741,2.664192789861629,2.644659743252269,107.37155941416111,107.9498871679797,7.317513395356308,6.857702929337653,36.14150873889168,2.8732091655474137,2.6641927898616324,1.380054676530237,0.12172547987287655,81.0,95.0,-14.0,31.648563956106695,34.61754676050569,34.61754676050569,0.0027263386633599547,0.08281257781901046,1053.8709677419354
656811,Ryan O'Hearn,2024,492,967,255,26.370217166494314,0.11195913881592894,0.009778411087739221,2.958073384548342,2.628140620036916,3.3631519770252596,107.27180660614975,108.18469811517629,9.305510739251984,8.410581490033847,36.14150873889168,2.9580733845483422,2.6281406200369166,3.1330254177875543,0.18309488238959754,94.0,96.0,-2.0,28.549580398061877,30.97520057339152,30.97520057339152,0.002508397285759711,0.08868437473035425,1179.2682926829268
664774,LaMonte Wade,2024,395,841,169,20.09512485136742,0.1565118995849467,0.012416086260849571,2.90414929129288,2.5251994282795,3.7373778713550276,106.98697845328783,108.03549545281639,10.340956982056634,9.151694466525859,36.14150873889168,2.904149291292884,2.525199428279504,2.016980891927924,0.21678397968397375,16.0,97.0,-81.0,26.450511029855992,28.362409313290474,28.362409313290474,0.0022733630005166224,0.08484277351639288,1277.4683544303796
682985,Riley Greene,2024,582,1226,284,23.164763458401303,0.13318671022535453,0.01121069457960889,2.731957182196573,2.4112025623750406,3.5912069039236627,106.67156033743649,107.55905682281805,9.936516291748454,8.867791148708287,36.14150873889168,2.7319571821965765,2.411202562375044,2.689212289115898,0.20354248480417067,41.0,98.0,-57.0,37.82502570400069,40.475024170731366,40.475024170731366,0.0021614995650331777,0.09948713548414151,1263.9175257731958
665487,Fernando Tatís,2024,436,769,219,28.47854356306892,0.10007533920862348,0.011956580891215695,2.720848230142105,2.3868069593026093,3.700976251962931,106.60406010315275,107.52831944509892,10.24023728146227,9.081660223530081,36.14150873889168,2.720848230142104,2.3868069593026084,2.430410212090926,0.21347875354558463,140.0,99.0,41.0,21.91649928668854,23.893649000591804,23.893649000591804,0.0025710659478585993,0.09698138172407815,1058.256880733945
641857,Ryan McMahon,2024,646,1292,342,26.47058823529412,0.12134263336350974,0.00970995236567559,2.638478335341677,2.355135759051718,3.4532927566205243,106.51642900706403,107.30041004763707,9.554921410639547,8.593375356479235,36.14150873889168,2.6384783353416763,2.3551357590517172,2.120759113690753,0.1911400625290232,95.0,100.0,-5.0,41.49918061032033,44.33994228470487,44.33994228470487,0.0021987319461180643,0.10343878448313809,1200.0
807799,Masataka Yoshida,2024,416,766,197,25.718015665796344,0.09869665507639327,0.010643102732407336,2.6156957186580216,2.34921387275198,3.3572710785804727,106.5000437301169,107.23737278804657,9.289238871668164,8.398561521389318,36.14150873889168,2.6156957186580234,2.3492138727519816,2.1272435678010484,0.18257191685699672,84.0,101.0,-17.0,19.443241050049476,21.256790081652372,21.256790081652372,0.002367557482510307,0.08410350680453765,1104.8076923076922
514888,José Altuve,2024,680,1332,495,37.16216216216216,0.071192075471298,0.008316357463858738,2.6775478789573657,2.348121449029766,3.734485066692998,106.49702110112234,107.40851163215572,10.332952876077194,9.146145086445326,36.14150873889168,2.677547878957365,2.3481214490297653,2.5588610654236588,0.21652115361127053,250.0,102.0,148.0,35.24007735829251,38.274631621110856,38.274631621110856,0.0022781938910047656,0.11596749524680273,1175.2941176470588
621439,Byron Buxton,2024,383,732,244,33.33333333333333,0.08017589202393954,0.01289352375877389,2.8924101761495313,2.32138464600575,4.972849067482114,106.42304299684014,108.0030144758097,13.759384267571704,11.272015498275819,36.14150873889168,2.892410176149532,2.321384646005751,3.765757125117234,0.32887231396022404,216.0,103.0,113.0,19.56291765384125,21.409239482950035,21.409239482950035,0.0025222975807497054,0.11732680953641306,1146.7362924281983
681807,David Fry,2024,388,756,215,28.439153439153444,0.09857940682151795,0.00917409776606285,2.4202769489225258,2.1738906433859686,3.49520365385918,106.0149415982921,106.69666827250651,9.670884741172996,8.677440623045698,36.14150873889168,2.420276948922526,2.173890643385969,2.2090105843931798,0.19489803514246704,138.0,104.0,34.0,21.194572466626358,22.75968489359626,22.75968489359626,0.0020702545330289683,0.08220383203017485,1169.0721649484535
682998,Corbin Carroll,2024,683,1384,346,25.0,0.10988783083829884,0.008612189548617543,2.2766692249815175,2.119039845062834,2.874169596231675,105.86317483415557,106.29931982482958,7.952544585220363,7.372019243407247,36.14150873889168,2.2766692249815166,2.119039845062833,2.9663460574118674,0.14066857240656694,71.0,105.0,-34.0,38.0211894700514,40.61279793782202,40.61279793782202,0.0018725494709325343,0.08794553581520646,1215.8125915080527
656582,Connor Joe,2024,415,803,177,22.04234122042341,0.13334501054891698,0.011772512462158208,2.324073596950122,2.0900735897617233,3.555772759447417,105.78302805469934,106.43048305963276,9.838473499090727,8.797892947137147,36.14150873889168,2.324073596950125,2.0900735897617264,2.595019741630525,0.20034638287426026,31.0,106.0,-75.0,23.602066867158307,25.20955110504881,25.20955110504881,0.0020018483659906615,0.08679067623207615,1160.9638554216867
681624,Andy Pages,2024,442,841,258,30.677764565992867,0.09815098235023133,0.012147997448940113,2.239227005117687,1.936205919865558,4.427441521374088,105.35729134567649,106.19572088507768,12.250295230784713,10.396422742109536,36.14150873889168,2.239227005117687,1.936205919865558,1.3745458448036718,0.2797641236637836,179.0,107.0,72.0,25.322953446359683,26.972517340129713,26.972517340129713,0.0019614315026992026,0.11246719266938773,1141.6289592760181
669701,Josh Smith,2024,588,1097,287,26.162260711030083,0.11450775737047529,0.008239051611107199,1.8881155374157714,1.7923986141740322,2.7552235730395758,104.95939067492564,105.22422998734412,7.623432637926083,7.107568712649286,36.14150873889168,1.8881155374157665,1.7923986141740273,1.5509003595643829,0.13075740513210157,92.0,108.0,-16.0,32.86372636532641,34.71407959199386,34.71407959199386,0.001686739495594764,0.08152289757092622,1119.3877551020407
679529,Spencer Torkelson,2024,380,752,176,23.404255319148938,0.13512051781440482,0.010245664321983263,1.8965351241743598,1.7514280546991654,3.507187589711005,104.84602916649814,105.24752615580077,9.704043113000813,8.701370142391061,36.14150873889168,1.8965351241743578,1.7514280546991634,1.2816854631659573,0.19597444629612218,46.0,109.0,-63.0,23.781211135335248,24.98235004731234,24.98235004731234,0.0015972591914589025,0.08099951559283021,1187.3684210526314
668715,Spencer Steer,2024,656,1322,329,24.886535552193646,0.12458008792561456,0.009588445068170451,1.7386586326003979,1.6415146701891903,3.1779279400194436,104.54190964203652,104.81069743148115,8.79301404647696,8.026471413330661,36.14150873889168,1.7386586326004003,1.6415146701891927,1.8276539268437653,0.16675293480933098,70.0,110.0,-40.0,40.98684892752719,42.88778236583696,42.88778236583696,0.0014379224192963454,0.09556104861163398,1209.1463414634145
676914,Davis Schneider,2024,454,1022,236,23.09197651663405,0.1396234782148057,0.009733051082775092,1.7130217498609013,1.6026312646707743,3.532094640080335,104.4343230833255,104.7397626984441,9.772958471651924,8.75095090087204,36.14150873889168,1.7130217498608984,1.6026312646707714,1.5070005785530496,0.1982141497477061,39.0,111.0,-72.0,32.951140858694146,34.24732731608889,34.24732731608889,0.0012682842048872295,0.08360100268412518,1350.660792951542
624413,Pete Alonso,2024,689,1424,372,26.12359550561798,0.11644503317318038,0.010708909344719604,1.6835435061561164,1.576190137225715,3.5911118553752766,104.36116308428925,104.65819929743128,9.936253301763523,8.867604215421805,36.14150873889168,1.683543506156118,1.5761901372257165,1.7535452238039266,0.20353390353202527,91.0,112.0,-21.0,43.3175523404231,45.25082146665904,45.25082146665904,0.0013576328133679354,0.10928030779188544,1240.058055152395
676475,Alec Burleson,2024,593,1067,370,34.67666354264292,0.077462520483011,0.009108099850059469,1.539657024555767,1.4660814405754687,3.4609130445923815,104.05650315034532,104.26007955472802,9.57600599796796,8.608703876675332,36.14150873889168,1.5396570245557668,1.4660814405754685,0.8668142492881683,0.19182256673753537,231.0,113.0,118.0,28.66113257871407,30.182826937983354,30.182826937983354,0.0014261427921923929,0.10471572913314911,1079.5952782462057
666023,Freddy Fermin,2024,369,736,226,30.706521739130434,0.10021155354014234,0.010132041076744286,1.5520199791831486,1.4608959940817385,3.8842158564704605,104.04215552990924,104.2942866342296,10.74724324469243,9.429715447190361,36.14150873889168,1.5520199791831517,1.4608959940817416,1.1692162145174518,0.23015548787273787,181.0,114.0,67.0,22.64781110007217,23.602303387269806,23.602303387269806,0.0012968645206489625,0.08805206904090311,1196.7479674796748
666624,Christopher Morel,2024,610,1191,316,26.532325776658272,0.11674054533569224,0.009554089005758278,1.399791808041584,1.354877126947032,3.3767679630488625,103.7488117519816,103.87308625700862,9.34318483338561,8.438366913757259,36.14150873889168,1.3997918080415848,1.3548771269470328,1.5302792797761136,0.18430663505600203,100.0,115.0,-15.0,36.89001232607875,38.31313399758769,38.31313399758769,0.0011948964496296757,0.09947728476941252,1171.4754098360656
608070,José Ramírez,2024,672,1428,452,31.652661064425768,0.09691734040671603,0.008679660694608305,1.3930649983036587,1.3458373884931485,3.5441459620923537,103.7237996847788,103.85447383607588,9.806303294357265,8.774866165953513,36.14150873889168,1.3930649983036567,1.3458373884931465,1.0140641524748124,0.19929901958056115,194.0,116.0,78.0,43.80663786383565,45.36687066193574,45.36687066193574,0.0010925999986695363,0.1050426134730405,1275.0
570482,Gio Urshela,2024,458,838,306,36.51551312649165,0.07666234137637577,0.008813406433439745,1.163387168994678,1.1617745983978458,3.785717390650048,103.21451604799128,103.21897787222912,10.474707677536047,9.24401295122189,36.14150873889168,1.1633871689946758,1.1617745983978436,-0.007408117656103021,0.22117969259625203,247.0,117.0,130.0,23.458676461170985,24.34672866683692,24.34672866683692,0.0010597281690524314,0.09982525044108316,1097.816593886463
571745,Mitch Haniger,2024,425,857,205,23.920653442240372,0.13734186944497126,0.011226656962229192,1.1394841720888265,1.143103681009596,3.7494627485279017,103.162855455947,103.15284063075826,10.37439464859176,9.174847156858993,36.14150873889168,1.139484172088828,1.1431036810095976,-0.06610086764344787,0.21788224214692772,55.0,118.0,-63.0,28.15508323621911,28.962217858115363,28.962217858115363,0.000941814027883608,0.09072277208915502,1209.8823529411766
669016,Brandon Marsh,2024,478,1065,252,23.661971830985916,0.13550794732265298,0.010642406767677784,1.0210431396386799,1.0513423503238362,3.820537357318864,102.90896087908055,102.82512594317885,10.571051100607775,9.31002924424886,36.14150873889168,1.0210431396386765,1.0513423503238328,0.8834541266462472,0.2243500909478437,52.0,119.0,-67.0,34.14800272530855,34.96143375988736,34.96143375988736,0.0007637850089941924,0.09326663176657347,1336.8200836820083
670541,Yordan Álvarez,2024,623,1211,374,30.88356729975227,0.09187252680544306,0.009864473553359232,1.009743287232542,1.04114812797937,3.713139601059782,102.8807544685012,102.79386036296255,10.273892072092975,9.105110897106599,36.14150873889168,1.0097432872325398,1.0411481279793677,1.2854513011990945,0.2145826671419577,183.0,120.0,63.0,34.3603250252357,35.40877513847882,35.40877513847882,0.0008657721826945688,0.11079138772521621,1166.2921348314608
687401,Joey Ortiz,2024,513,1038,257,24.759152215799617,0.123908274428101,0.011232749925771219,0.9535273141443579,0.996524210750403,3.6875180563331686,102.75728447849231,102.63831629452224,10.202999777829005,9.055655532266051,36.14150873889168,0.9535273141443552,0.9965242107504003,1.2618071843047174,0.21225794130416983,68.0,121.0,-53.0,31.844426528021955,32.65969238161538,32.65969238161538,0.0007854198974888496,0.09785918478062049,1214.0350877192984
641343,Jake Bauers,2024,346,700,140,20.0,0.16256986431411094,0.012700308575605137,0.909927713157144,0.9669815526970829,3.901879259865944,102.67554284931254,102.51768048680816,10.796116144612283,9.46267569296406,36.14150873889168,0.909927713157145,0.9669815526970839,1.4318307738309883,0.23176725216303679,15.0,122.0,-107.0,22.759781003975533,23.284505985229487,23.284505985229487,0.0007496071160770758,0.08504517023624988,1213.8728323699422
665862,Jazz Chisholm,2024,615,1280,372,29.062500000000004,0.10802171743964725,0.01040130929254471,0.8799568736195141,0.9442398739117668,3.913103608698057,102.61261886086032,102.43475412157488,10.827172813865369,9.483566712025485,36.14150873889168,0.8799568736195097,0.9442398739117623,2.1652708242354826,0.23279174015981882,146.0,123.0,23.0,40.18407888754878,41.086034683008776,41.086034683008776,0.0007046529652031265,0.11210893517312258,1248.7804878048782
669224,Austin Wells,2024,414,815,208,25.52147239263804,0.11965064113831439,0.009097237167915356,0.819157877790454,0.8802142382473064,3.3419338301405963,102.43546622418702,102.26652927997155,9.246802213722637,8.367159440298202,36.14150873889168,0.8191578777904555,0.8802142382473078,0.7553438034928144,0.1812092025231874,79.0,124.0,-45.0,24.887333356769393,25.452552292444807,25.452552292444807,0.0006935201664728996,0.08077335703368801,1181.1594202898552
516782,Starling Marte,2024,368,679,206,30.338733431516935,0.09617139858644237,0.010245623540121833,0.7967901206923246,0.8773758624738459,3.819784121095093,102.42761271758893,102.20463989605089,10.568966970060783,9.308605433223699,36.14150873889168,0.7967901206923241,0.8773758624738455,1.4111394569537175,0.2242814751145858,172.0,125.0,47.0,19.81130810880713,20.30000604949842,20.30000604949842,0.0007197318714157473,0.08990844784115615,1107.0652173913043
622534,Manuel Margot,2024,344,645,198,30.697674418604652,0.09397333397899363,0.01265537854709725,0.7528218334742148,0.8707520662182772,4.566906832149713,102.40928532483002,102.08298396979788,12.63618202865806,10.62918786051012,36.14150873889168,0.7528218334742105,0.8707520662182728,0.18992635459495671,0.2924316167260213,180.0,126.0,54.0,18.606720127840738,19.03833797903262,19.03833797903262,0.0006691749630881909,0.10309782105436306,1125.0
669289,Santiago Espinal,2024,392,728,203,27.884615384615387,0.10609131049542883,0.011021246785085011,0.6635792252749154,0.7666768334259572,3.6551870833588453,102.12131939196257,101.83605845032375,10.113543155506173,8.992936492451001,36.14150873889168,0.6635792252749179,0.7666768334259596,0.7416183218465577,0.2093279462402922,126.0,127.0,-1.0,21.53653603057205,21.970074457751664,21.970074457751664,0.0005955198175544113,0.08850722764173544,1114.2857142857142
592669,Hunter Renfroe,2024,424,830,220,26.506024096385545,0.11416234766737177,0.012256268405590631,0.6397609915509616,0.7648647627901727,4.017097911845262,102.11630557073869,101.77015574024036,11.114914822364582,9.675137991659428,36.14150873889168,0.6397609915509626,0.7648647627901737,1.3634247785491787,0.24229167668253757,97.0,128.0,-31.0,25.11571648682179,25.56781425418447,25.56781425418447,0.0005446961052562404,0.09853442288617763,1174.5283018867924
571448,Nolan Arenado,2024,631,1228,370,30.130293159609124,0.10044442460010543,0.008236606467299713,0.6686523027997916,0.745565808910744,3.0748415584734823,102.06290726349353,101.850095156875,8.507784167750202,7.807766523760056,36.14150873889168,0.6686523027997932,0.7455658089107455,0.8477445625160817,0.1577893894835999,166.0,129.0,37.0,37.16443710203901,37.86763644048346,37.86763644048346,0.0005726378977560648,0.09227874249788033,1167.6703645007924
663886,Tyler Stephenson,2024,512,980,235,23.97959183673469,0.13584378354616763,0.010669260416587407,0.6187840750887569,0.7127075909145552,3.26955770399015,101.97199180605212,101.71211467556385,9.046544591183038,8.217915861923547,36.14150873889168,0.6187840750887574,0.7127075909145557,0.06520836903329552,0.17480246014719725,56.0,130.0,-74.0,31.923289133349392,32.451318210758465,32.451318210758465,0.0005388051810296658,0.08912400191975754,1148.4375
671732,Lawrence Butler,2024,451,927,252,27.184466019417474,0.11440071217799021,0.01156654852281671,0.3543434493422736,0.5524822008562034,4.070044773948738,101.52866391065096,100.98043347305246,11.261413582242032,9.771300027653258,36.14150873889168,0.35434344934227296,0.5524822008562027,-0.2617403258511297,0.24713192756937083,112.0,131.0,-19.0,28.828979468853532,29.095327628275808,29.095327628275808,0.0002873227178233825,0.10048115332912666,1233.2594235033262
668670,Jake Rogers,2024,334,612,159,25.98039215686275,0.11774018769280209,0.015325953303609495,0.2590587921920626,0.5271916562277534,4.6384917412910776,101.45868746110327,100.71679019839394,12.834250431553297,10.74626680416647,36.14150873889168,0.25905879219206474,0.5271916562277555,0.14422261758925584,0.29890927921811167,88.0,132.0,-44.0,18.720689843155533,18.864899237475782,18.864899237475782,0.0002356362652291637,0.10437495302660182,1099.4011976047905
677800,Wilyer Abreu,2024,449,909,256,28.16281628162816,0.10720725215406328,0.010548710845660026,0.32400883572100375,0.5248330034116282,4.0067927881092675,101.45216130074519,100.89650058070858,11.086401558542518,9.65631429957359,36.14150873889168,0.32400883572100286,0.5248330034116273,0.9876680532043812,0.24134980128775035,131.0,133.0,-2.0,27.4450565514402,27.68752316350475,27.68752316350475,0.0002667399472657328,0.0994512010609788,1214.6993318485524
553993,Eugenio Suárez,2024,639,1242,341,27.455716586151368,0.1179139519316532,0.010385805239618991,0.3620309967399849,0.5148690352599874,3.468198157818116,101.42459198087084,101.00170416059694,9.5961631897398,8.623340031007691,36.14150873889168,0.36203099673997885,0.5148690352599814,-0.8788136641877579,0.19247537844202436,117.0,134.0,-17.0,40.20865760869374,40.59422062022182,40.59422062022182,0.000310437207349504,0.1048075847791887,1166.1971830985915
657136,Connor Wong,2024,485,888,263,29.617117117117115,0.10126273046098778,0.009251422251985124,0.3058694810208375,0.4572325081945022,3.3060376914040615,101.26511737929323,100.84631077034062,9.14748112838591,8.293357708190802,36.14150873889168,0.3058694810208395,0.4572325081945042,0.06948798584812046,0.17802662352721293,156.0,135.0,21.0,26.632098111239788,26.8793426083983,26.8793426083983,0.0002784284877911152,0.0896792166204617,1098.5567010309278
645277,Ozzie Albies,2024,434,866,292,33.71824480369515,0.09257026800596353,0.008838906449643597,0.09158872165870065,0.3344513222162735,3.862178935424241,100.92539391377531,100.25341698466545,10.686269251588191,9.388448797766522,36.14150873889168,0.09158872165870048,0.33445132221627333,-0.6646006075556267,0.22814546674306305,222.0,136.0,86.0,27.030518257741353,27.09676743307448,27.09676743307448,7.650020246319493e-05,0.09493184554690764,1197.2350230414745
593871,Jorge Polanco,2024,467,978,235,24.028629856850717,0.13614792722051902,0.010903014896990618,0.11918348945039993,0.32684731704639736,3.5549387835992343,100.9043543793585,100.32976899307512,9.836165969944094,8.796242769625616,36.14150873889168,0.11918348945040604,0.32684731704640346,-0.1761447544208564,0.20027123395113777,59.0,137.0,-78.0,31.99476289682197,32.087527379444204,32.087527379444204,9.485120922518196e-05,0.08847658048635744,1256.5310492505353
575929,Willson Contreras,2024,353,705,214,30.354609929078013,0.1027031149098844,0.00957461940922874,-0.07307884565806635,0.22920245194868935,4.056811370731959,100.63418064144635,99.79779802169845,11.22479805710614,9.747352159599147,36.14150873889168,-0.07307884565807052,0.2292024519486852,0.23253741044292262,0.2459220516261284,173.0,138.0,35.0,21.97846659071526,21.935471869853096,21.935471869853096,-6.098541966264166e-05,0.08989048244853418,1198.300283286119
668709,JJ Bleday,2024,642,1286,318,24.72783825816485,0.12300784635931619,0.007998623097437131,0.05108581442581964,0.20089699216411205,2.813320986890542,100.55586221819215,100.1413494239958,7.784182467908826,7.237303920573379,36.14150873889168,0.05108581442581582,0.20089699216410822,-0.23631108925821626,0.13557442800303976,66.0,139.0,-73.0,39.11649514226255,39.171156963698174,39.171156963698174,4.2505304382291616e-05,0.08394263143734365,1201.8691588785045
661388,William Contreras,2024,674,1393,359,25.771715721464467,0.1302908883291066,0.008625100213886027,0.015975027486461527,0.1931220218832551,3.0468686146775776,100.53434964012844,100.04420132983898,8.430385783532216,7.747815518721934,36.14150873889168,0.015975027486457346,0.19312202188325092,0.11044873131828126,0.15537555830032562,85.0,140.0,-55.0,46.77442891014927,46.79237419102572,46.79237419102572,1.2882470119496373e-05,0.09170369081883463,1240.059347181009
670770,TJ Friedl,2024,337,615,149,24.227642276422763,0.11756491743809376,0.01238798150578895,-0.053412720719328094,0.19020629310635484,3.5676803027190913,100.52628210537785,99.85221225515178,9.871420500162822,8.821428882698397,36.14150873889168,-0.05341272071932447,0.19020629310635845,0.8559362255732986,0.20141974140988542,61.0,141.0,-80.0,17.51717269827597,17.48717255347195,17.48717255347195,-4.8780723258573356e-05,0.08080291403469532,1094.9554896142433
657757,Gavin Sheets,2024,500,1124,364,32.38434163701068,0.10446468345162256,0.008611742890368623,-0.14672186107503296,0.16663742818000835,3.997758823436109,100.46106937423089,99.59403504116267,11.061405466823091,9.639783689809454,36.14150873889168,-0.14672186107503363,0.16663742818000768,-1.3726158509465989,0.24052417686909736,203.0,142.0,61.0,38.02514477639061,37.90287655882808,37.90287655882808,-0.00010877955299157247,0.09936929046829801,1348.8000000000002
670032,Nicky Lopez,2024,446,800,223,27.875,0.10370453442221719,0.009998823440576692,-0.05467893047335115,0.1584037286915057,3.282992284291968,100.4382875375677,99.84870877729985,9.083716753526556,8.245750557406854,36.14150873889168,-0.054678930473351615,0.15840372869150524,0.04478645533350647,0.1759886035344054,125.0,143.0,-18.0,23.126111176154435,23.085466504502577,23.085466504502577,-5.08058395648221e-05,0.086279670302955,1076.2331838565024
687263,Zach Neto,2024,600,1170,369,31.538461538461537,0.09397009642357554,0.010198841109935968,-0.1943715351989066,0.11119480636267176,3.841574506057197,100.30766509269442,99.46219307942243,10.629258822068211,9.349718586246475,36.14150873889168,-0.19437153519891126,0.1111948063626671,-0.22208021810529033,0.2262670102426855,193.0,144.0,49.0,34.67496558029937,34.48059404510046,34.48059404510046,-0.00016612951726402273,0.11230945757676349,1170.0
672386,Alejandro Kirk,2024,385,763,216,28.309305373525557,0.10825100044845917,0.010511102069807479,-0.31957057751736456,0.013091684205572829,3.832409922205608,100.03622340257058,99.11577964321818,10.60390131992905,9.332446504767343,36.14150873889168,-0.3195705775173667,0.013091684205570664,-0.028438867831871686,0.22543179955480855,136.0,145.0,-9.0,23.382216096867182,23.177158309626872,23.177158309626872,-0.00026875201473172856,0.08902647258100434,1189.0909090909092
671289,Tyler Freeman,2024,380,663,194,29.260935143288087,0.10326416465766355,0.01132865974363286,-0.33625592330187687,-0.02773754374542592,3.626513727458595,99.92325294456903,99.06961293251149,10.034206799884155,8.937020587197035,36.14150873889168,-0.33625592330187637,-0.02773754374542542,-1.8820314510997536,0.20673293782905205,150.0,146.0,4.0,20.03324794358673,19.820285858828875,19.820285858828875,-0.00032120978093190853,0.08920001096629182,1046.842105263158
696285,Jacob Young,2024,520,897,240,26.755852842809364,0.11339940430687286,0.009187659064699788,-0.21952023587289204,-0.029610450168885777,2.8430153623742016,99.91807079670411,99.39260909814574,7.866343884296254,7.303194765959724,36.14150873889168,-0.2195202358728934,-0.029610450168887137,-1.070224142008072,0.13805429586704412,104.0,147.0,-43.0,27.215857033649485,27.025606162559644,27.025606162559644,-0.00021209684625400198,0.08226878400607729,1035.0
663586,Austin Riley,2024,470,905,256,28.28729281767956,0.11134641814102036,0.008172202853756251,-0.2835912908951361,-0.03793512792770015,3.222182494731785,99.89503723211511,99.21533079057664,8.915462046730806,8.119281649058717,36.14150873889168,-0.28359129089513874,-0.037935127927702816,-0.984714899124216,0.17063156471136395,135.0,148.0,-13.0,28.504683044101213,28.28253653290002,28.28253653290002,-0.000245465758233359,0.08390202675483378,1155.3191489361702
701538,Jackson Merrill,2024,593,1120,387,34.55357142857143,0.08964417892313735,0.008960204804836459,-0.36474406812697346,-0.05837933598728301,3.567953307761908,99.83847011919438,98.99078903771807,9.872175878265018,8.82196793661394,36.14150873889168,-0.3647440681269751,-0.05837933598728462,-1.1541673036373454,0.20144435860492618,229.0,149.0,80.0,34.69229724325415,34.33180852258866,34.33180852258866,-0.0003218649291656179,0.10536917845968104,1133.220910623946
671277,Luis García,2024,527,984,352,35.77235772357724,0.07762987429273366,0.009173503099072607,-0.4628524118471022,-0.08501861308705144,3.9195714609340317,99.76476185955246,98.71933290004291,10.845068724859852,9.495585841348266,36.14150873889168,-0.4628524118471019,-0.08501861308705116,-0.27974571436184137,0.2333821777300123,242.0,150.0,92.0,27.32571575104225,26.91917704930321,26.91917704930321,-0.0004131490871331688,0.10974895721116097,1120.303605313093
665828,Oswaldo Cabrera,2024,327,664,195,29.367469879518072,0.10098870910973372,0.012006418689536119,-0.6204279335125951,-0.11676262320714281,4.468636887992299,99.67692930571685,98.28333692985828,12.364278758467057,10.465822390312363,36.14150873889168,-0.6204279335125984,-0.11676262320714614,-0.6686322810241848,0.2835116308353039,152.0,151.0,1.0,19.692798276398076,19.35466505263371,19.35466505263371,-0.0005092367827776571,0.09451212520221172,1218.348623853211
669004,MJ Melendez,2024,450,941,266,28.26780021253985,0.11691033304217555,0.010190574247051646,-0.5775536122082191,-0.18804429610870071,3.824113366464293,99.47969992767251,98.40196596002447,10.580945566196537,9.316786247815237,36.14150873889168,-0.5775536122082201,-0.18804429610870171,-0.39670325146526864,0.22467586532295886,134.0,152.0,-18.0,31.098148589218695,30.66498338006253,30.66498338006253,-0.0004603243455432139,0.09349689970684213,1254.6666666666667
666181,Will Benson,2024,388,790,173,21.89873417721519,0.14788409650941103,0.01093251734392091,-0.6136850529567128,-0.24543632142881167,3.641356568174919,99.3209018383765,98.30199381716368,10.075275480285844,8.96599991805746,36.14150873889168,-0.6136850529567133,-0.2454363214288121,0.09151379998898101,0.20807582282647855,29.0,153.0,-124.0,25.58394869612811,25.187099028549436,25.187099028549436,-0.0005023413513654105,0.0837780287571834,1221.6494845360824
456781,Donovan Solano,2024,308,615,183,29.756097560975608,0.10930055294085624,0.011250293830482528,-0.8014373544672583,-0.25115867701129535,4.442210448593613,99.30506864329926,97.78250166517029,12.291159399810486,10.421365627924505,36.14150873889168,-0.8014373544672634,-0.25115867701130046,-0.19637621877113928,0.2811081427850165,157.0,154.0,3.0,20.002001188176692,19.590596679550163,19.590596679550163,-0.0006689504205309364,0.09195196987761568,1198.051948051948
663728,Cal Raleigh,2024,623,1302,431,33.102918586789556,0.10287553966143188,0.008894654441855216,-0.708377651380744,-0.30555306063766735,3.729327905502719,99.15456473373824,98.03998871076884,10.318683518293772,9.136244974873195,36.14150873889168,-0.7083776513807442,-0.30555306063766746,-1.1369408597924333,0.2160526669619089,212.0,155.0,57.0,44.33935759407714,43.60382546606014,43.60382546606014,-0.0005649248295061488,0.10731535709807112,1253.932584269663
662139,Daulton Varsho,2024,508,1036,269,25.965250965250963,0.1267331782274151,0.010078845300485686,-0.7217899139850511,-0.3573394205042149,3.4860327742373936,99.01127696940974,98.00287829929928,9.645509819256917,8.659095778121081,36.14150873889168,-0.72178991398505,-0.3573394205042138,-1.6930601598289545,0.19407484428150282,87.0,156.0,-69.0,34.09122494317466,33.48010948266732,33.48010948266732,-0.0005898797881345013,0.09169888396281708,1223.6220472440943
623993,Anthony Santander,2024,663,1445,493,34.11764705882353,0.09796663651757107,0.009016027633802066,-0.9639766353437175,-0.436268005168872,4.089498627279983,98.79288933862519,97.33277146145704,11.315240481035303,9.806400081613743,36.14150873889168,-0.9639766353437198,-0.4362680051688743,-0.38100106762462527,0.24891059034212595,225.0,157.0,68.0,48.297551803162534,47.232357621107724,47.232357621107724,-0.0007371586034981369,0.11887716001837155,1307.6923076923076
676059,Jordan Westburg,2024,444,805,245,30.434782608695656,0.09973875748101839,0.010183864716602884,-1.1371116182288221,-0.6595955105517253,3.643066781996603,98.174964096499,96.85372399242098,10.080007473723196,8.969334227250556,36.14150873889168,-1.1371116182288183,-0.6595955105517215,-0.6921129178272531,0.20823061161516607,175.0,158.0,17.0,24.435995582849504,23.59453298536018,23.59453298536018,-0.0010452951521606564,0.09501691201253659,1087.837837837838
682626,Francisco Álvarez,2024,342,677,197,29.098966026587885,0.11281258586879543,0.013597813504919046,-1.6479679472244428,-0.7450842580004727,4.895515263364495,97.93842514051249,95.44023477511587,13.545409237706941,11.153465708566264,36.14150873889168,-1.6479679472244406,-0.7450842580004705,-1.9064773874752106,0.32199107375013636,147.0,159.0,-12.0,22.2240794161527,21.28473768623477,21.28473768623477,-0.0013875062480323964,0.10724546344316255,1187.719298245614
663647,Ke'Bryan Hayes,2024,394,745,210,28.187919463087248,0.10541413733242137,0.011415889989845347,-1.3688719887157916,-0.7648480790312231,3.9834911584790564,97.8837405915814,96.21246584196206,11.021928241176171,9.613621353004492,36.14150873889168,-1.3688719887157894,-0.7648480790312209,-0.9256590976033657,0.2392203850871117,132.0,160.0,-28.0,22.13696883980849,21.23807623388512,21.23807623388512,-0.0012065672562729796,0.0958364443834608,1134.517766497462
669127,Shea Langeliers,2024,535,1020,314,30.784313725490197,0.1020544013761793,0.011178648832532511,-1.4101832864750863,-0.7774777032459766,4.063634341468542,97.84879566355973,96.09816154421469,11.243676546064295,9.7597065722424,36.14150873889168,-1.4101832864750847,-0.7774777032459751,-1.222779147837717,0.24654584111728095,182.0,161.0,21.0,32.0450820321203,30.787668601680014,30.787668601680014,-0.0012327582651375346,0.11345328300606185,1143.9252336448599
608369,Corey Seager,2024,523,952,265,27.836134453781515,0.11037852062225872,0.009965543657927265,-1.2783713464583528,-0.8328397356729955,3.3621961089231154,97.69561436493994,96.46287221794174,9.302865946227293,8.408628576502085,36.14150873889168,-1.2783713464583535,-0.8328397356729962,-1.6554278062437766,0.1830098640206208,124.0,162.0,-38.0,29.25030796489856,28.13599427456903,28.13599427456903,-0.0011704975738755577,0.09498499528433015,1092.1606118546845
592518,Manny Machado,2024,641,1161,346,29.80189491817399,0.10453362516353663,0.008972632176695602,-1.2490600969914372,-0.861644571557042,3.1127912921677945,97.6159142171344,96.543973562323,8.612787348354765,7.888687653451739,36.14150873889168,-1.2490600969914385,-0.8616445715570433,-1.4097358492413858,0.16107705520237897,159.0,163.0,-4.0,36.16863430658368,34.83422176963116,34.83422176963116,-0.0011493648035766741,0.0975979447291691,1086.7394695787832
669911,Michael Toglia,2024,457,1051,287,27.30732635585157,0.12036779197888832,0.009927321018081553,-1.5943672599434444,-0.8851928800713451,4.187149237536579,97.55075836355776,95.58854260495286,11.585430115237026,9.980711072519846,36.14150873889168,-1.5943672599434495,-0.8851928800713502,-0.39095043186614625,0.25783812047527144,115.0,164.0,-49.0,34.54555629794095,33.331179901617354,33.331179901617354,-0.0011554485217160706,0.09837438535064617,1379.8687089715536
683011,Anthony Volpe,2024,689,1334,390,29.235382308845576,0.10805131169542037,0.007050383640145163,-1.3646211430151793,-1.0539974098067475,2.6632145950908352,97.08369283246732,96.22422751392578,7.368852845440192,6.899905550797226,36.14150873889168,-1.3646211430151796,-1.0539974098067477,-1.5988673878196193,0.12322829837741613,149.0,165.0,-16.0,42.140011561213946,40.57297161531818,40.57297161531818,-0.0011746926131152656,0.08373291660722086,1161.6835994194485
679032,Johan Rojas,2024,361,647,226,34.93044822256569,0.08617543711643813,0.009990206279670915,-1.7894388303826614,-1.0802916830450098,4.000265293327606,97.01093916457751,95.04879875571697,11.068340622490235,9.644372804360986,36.14150873889168,-1.7894388303826612,-1.0802916830450096,-1.577816030256116,0.24075323921559613,235.0,166.0,69.0,19.475648788315016,18.399003092034782,18.399003092034782,-0.0016640582631842885,0.09462210502489593,1075.3462603878115
641355,Cody Bellinger,2024,564,1033,335,32.4298160696999,0.09601276962126004,0.009265162182464346,-1.6845085617357145,-1.1592493360290153,3.3835540469462817,96.79247110461232,95.33913048869755,9.361961260087789,8.452191812966607,36.14150873889168,-1.6845085617357136,-1.1592493360290144,-1.9933205495291269,0.18491104297975408,205.0,167.0,38.0,32.16427782312211,30.580839775090542,30.580839775090542,-0.0015328538703112988,0.09895797756154578,1098.936170212766
686469,Vinnie Pasquantino,2024,556,1106,342,30.92224231464738,0.09786001879681944,0.007817569652447601,-1.7419245797698046,-1.291639966013544,3.0468805774053025,96.42615925266115,95.18026601392175,8.430418883223243,7.747841211969983,36.14150873889168,-1.741924579769809,-1.2916399660135485,-1.5471266762524774,0.15537658881257,184.0,168.0,16.0,33.46812642851225,31.853942984592226,31.853942984592226,-0.001459478701555171,0.08489877230338931,1193.525179856115
643446,Jeff McNeil,2024,468,813,253,31.119311193111933,0.09995562976384804,0.009581545801679102,-1.8410886884867141,-1.3030702732721147,3.3227585709658247,96.39453271669899,94.90588867833974,9.193746157559334,8.327788927648196,36.14150873889168,-1.8410886884867186,-1.303070273272119,-1.8230097689295732,0.17950790484350188,189.0,169.0,20.0,25.288774330253556,23.852725153233916,23.852725153233916,-0.0017663581513156666,0.09089670007373796,1042.3076923076924
656716,Zach McKinstry,2024,325,604,169,27.980132450331123,0.11358666823992132,0.012377211250694731,-2.277953403666219,-1.3900375423043037,4.1950726141635934,96.15390283691038,93.69712697905463,11.607353319064124,9.994717716316053,36.14150873889168,-2.277953403666216,-1.390037542304301,-2.604587269075217,0.25856231352819353,128.0,170.0,-42.0,19.196146932546704,17.962255505560837,17.962255505560837,-0.0020428666009699808,0.09245983708848493,1115.076923076923
693304,Nick Gonzales,2024,387,682,234,34.31085043988269,0.09384929136807664,0.010087271969926146,-2.1064617807546155,-1.4274886838813723,3.6417413534264003,96.05027921165544,94.17162743267588,10.076340143231326,8.966750197795955,36.14150873889168,-2.106461780754615,-1.4274886838813718,-2.7648423908384543,0.2081106480790464,227.0,171.0,56.0,21.960734180129933,20.602066331543206,20.602066331543206,-0.001992181596168221,0.0899449169369706,1057.3643410852715
676694,Jake Meyers,2024,512,922,290,31.453362255965295,0.10022321535412552,0.009552537516967342,-2.152947910009627,-1.4946160076791095,3.5402615139090283,95.86454450898238,94.04300488514788,9.795555408287015,8.767162971358436,36.14150873889168,-2.1529479100096283,-1.4946160076791108,-2.2819264239021435,0.19894925578223546,192.0,172.0,20.0,29.064732452696404,27.227550236154855,27.227550236154855,-0.001992605440934434,0.09949209914460895,1080.46875
624585,Jorge Soler,2024,571,1251,337,26.938449240607515,0.12143551872779315,0.00824991865852788,-2.1917551755619504,-1.5901177854575415,3.3250210954522266,95.60030048290037,93.93562899823434,9.200006340283712,8.33244070560905,36.14150873889168,-2.191755175561954,-1.590117785457545,-0.45137276367166423,0.17970850169836408,109.0,173.0,-64.0,40.92376981126629,38.83794946918983,38.83794946918983,-0.001667322415728582,0.08946447300164642,1314.535901926445
664040,Brandon Lowe,2024,421,811,252,31.072749691738593,0.10718683583449888,0.009812948944869332,-2.3691615472875744,-1.5968136075421095,3.762744136740166,95.58177380175668,93.44476301638694,10.411142943490617,9.200235970196037,36.14150873889168,-2.3691615472875736,-1.5968136075421087,-2.3904808083340567,0.21908976643434408,187.0,174.0,13.0,27.011082630293718,25.348720944613603,25.348720944613603,-0.002049767799852176,0.09270968511870992,1155.8194774346794
666310,Bo Naylor,2024,391,783,213,27.203065134099617,0.11930585719024017,0.011328637900647942,-2.535128503668415,-1.612410046812078,4.101153580165339,95.53861998827688,92.98554877168043,11.34748858935186,9.827369164607076,36.14150873889168,-2.5351285036684112,-1.6124100468120743,-2.8561259772100254,0.249976222408708,113.0,175.0,-62.0,25.412147581521157,23.76008883996391,23.76008883996391,-0.0021099089930488512,0.09551039893281955,1201.5345268542198
502110,J. D. Martinez,2024,495,1060,318,30.0,0.11362164960077864,0.009649795387753077,-2.724509083190825,-1.7488846991125646,4.116838841377584,95.16100804825948,92.4615513345767,11.390888164409905,9.85551894178034,36.14150873889168,-2.724509083190824,-1.7488846991125633,-1.9349926526907029,0.2514103505062495,164.0,176.0,-12.0,36.13168457304761,33.88396457941518,33.88396457941518,-0.0021204905600305953,0.10431935237833691,1284.8484848484848
664983,Jake McCarthy,2024,489,851,265,31.13983548766158,0.10349120220285309,0.007837752945106703,-2.2567506190800177,-1.754188167095094,2.952034913800796,95.14633387397184,93.75579299861508,8.167990260528686,7.542659950122711,36.14150873889168,-2.2567506190800186,-1.754188167095095,-3.026521049400803,0.14725607375386285,191.0,177.0,14.0,27.42516858375607,25.585916829205853,25.585916829205853,-0.0021612829078145883,0.0824734796431504,1044.1717791411043
686668,Brenton Doyle,2024,602,1111,336,30.243024302430243,0.1050570789088826,0.008970879925336113,-2.3930289305861194,-1.760039792889959,3.3096984453149343,95.13014300093126,93.37872431426474,9.157610074405627,8.300903806205428,36.14150873889168,-2.3930289305861163,-1.7600397928899558,-1.5014869098796793,0.17835074255790656,167.0,178.0,-11.0,35.299178513384554,32.898172819696484,32.898172819696484,-0.00216112123644291,0.09962690467375307,1107.3089700996677
665926,Andrés Giménez,2024,633,1133,427,37.68755516328332,0.08273302921497559,0.007612173594520249,-2.3734469255040116,-1.7940297307483903,3.148252784581167,95.03609618594078,93.43290579634835,8.710905810064729,7.9638734693345565,36.14150873889168,-2.373446925504012,-1.7940297307483908,-2.896101196232835,0.16416208606319718,254.0,179.0,75.0,35.32700347479458,32.82301696838785,32.82301696838785,-0.0022100498732627824,0.09867499222797076,1073.9336492890995
664034,Ty France,2024,531,988,269,27.226720647773277,0.1266029054424442,0.007898628448629862,-2.4062264488721934,-1.9062041142138189,2.87054921313739,94.72572069974886,93.34220807920266,7.9425273412794954,7.364037372641456,36.14150873889168,-2.406226448872191,-1.9062041142138166,-2.207262156036495,0.14036412650438423,114.0,180.0,-66.0,34.05618156401749,31.926671156765604,31.926671156765604,-0.002155374906125396,0.08082203761184577,1116.3841807909605
680777,Ryan Jeffers,2024,461,932,325,34.871244635193136,0.09509393254179478,0.009737764714387144,-3.053472696758805,-1.9596131468929814,4.209170302473901,94.57794315934505,91.55134137089031,11.646360236047467,10.019588380660446,36.14150873889168,-3.0534726967588055,-1.9596131468929818,-2.766803565574821,0.2598507175844497,234.0,181.0,53.0,30.905528076083304,28.559443220740288,28.559443220740288,-0.0025172584284796303,0.1059346939985423,1213.0151843817787
572233,Christian Walker,2024,551,1175,288,24.51063829787234,0.14007728478180598,0.008558238756452643,-2.634605159195075,-2.006507129213457,3.1658150455555076,94.44819212249912,92.71030664981623,8.759498858853092,8.000955206795213,36.14150873889168,-2.634605159195069,-2.006507129213451,-2.2571356669187996,0.1656944026288274,64.0,182.0,-118.0,40.34225801716012,37.922812279299315,37.922812279299315,-0.0020591027556262215,0.08481388439060909,1279.491833030853
553869,Elías Díaz,2024,349,683,228,33.38213762811127,0.09491233637182277,0.009987417912687173,-3.0898143281774795,-2.009814399170258,4.149126969337003,94.43904123181358,91.45078765111832,11.480226238790497,9.91321109872077,36.14150873889168,-3.089814328177482,-2.009814399170261,-2.3345510625728925,0.25436237330062406,217.0,183.0,34.0,21.640012692775592,19.84277069188569,19.84277069188569,-0.002631393851961787,0.09234652334793614,1174.2120343839542
666139,Josh Lowe,2024,386,831,275,33.092659446450064,0.10208565921862241,0.011590058271631138,-3.834979952309685,-2.1229826759634003,5.132982557495798,94.12591574053778,89.38898765954703,14.202457884588043,11.511776472717143,36.14150873889168,-3.8349799523096877,-2.122982675963403,-2.8938198843695795,0.34301163844343546,211.0,184.0,27.0,28.07355628512116,25.60638584913526,25.60638584913526,-0.002968917492161128,0.11455270024622476,1291.7098445595855
606115,Orlando Arcia,2024,601,1161,319,27.47631352282515,0.12052329439120398,0.00957428573910344,-3.015299702642228,-2.2856110170356745,3.2709660081782275,93.67593911602218,91.65696229112461,9.050441230358373,8.220836501908176,36.14150873889168,-3.015299702642226,-2.2856110170356723,-2.913795471426843,0.17492673150381588,118.0,185.0,-67.0,38.446930910794066,35.426605708647436,35.426605708647436,-0.0026014859622279342,0.09615749538127542,1159.0682196339435
665750,Leody Taveras,2024,529,1021,294,28.795298726738494,0.1137409475447244,0.008567160237861325,-3.0027336696163096,-2.300847937412148,3.2009671152060664,93.63378005596037,91.69173126858126,8.856761178211476,8.07487001034113,36.14150873889168,-3.002733669616306,-2.3008479374121444,-2.857127640517217,0.16876999561801395,142.0,186.0,-44.0,33.43983857814897,30.792428392770596,30.792428392770596,-0.0025929580659925363,0.08832278668661087,1158.0340264650283
668901,Mark Vientos,2024,453,889,288,32.39595050618673,0.09806655072844832,0.010537998676936472,-3.6286555989453317,-2.3562657352343397,4.2756746978186495,93.48044445997692,89.95986685237477,11.830371356958928,10.136039735398631,36.14150873889168,-3.6286555989453357,-2.3562657352343437,-3.0646322620168784,0.26592597999956696,204.0,187.0,17.0,28.243166609793114,25.503531632589386,25.503531632589386,-0.0030817041363371492,0.10826815272993395,1177.4834437086092
665833,Oneil Cruz,2024,595,1267,403,31.80741910023678,0.10601890647498914,0.008452903341480666,-3.2921232090960775,-2.3765492372600017,3.6165200745488097,93.42432200484589,90.89101887560814,10.00655534520365,8.917467375869544,36.14150873889168,-3.292123209096082,-2.376549237260006,-2.492324558354566,0.20582930988329337,196.0,188.0,8.0,42.72561930942062,39.46093046040034,39.46093046040034,-0.002576707852423265,0.10075538991033203,1277.6470588235295
668804,Bryan Reynolds,2024,688,1388,421,30.3314121037464,0.11416555164088264,0.00904391052186916,-3.438139857511383,-2.566814135408757,3.4367122126702854,92.8978777450798,90.48700517083942,9.509044676300572,8.55995586175975,36.14150873889168,-3.4381398575113815,-2.5668141354087557,-3.818652323671467,0.18965627228055582,171.0,189.0,-18.0,48.06369724081159,44.12129687086521,44.12129687086521,-0.0028403460878576262,0.1057756300815624,1210.46511627907
690993,Colt Keith,2024,552,1022,306,29.9412915851272,0.10819533446837168,0.009439608106327158,-3.431160932200444,-2.5947070899012994,3.35469493699171,92.82070068339691,90.50631517076599,9.282110941267211,8.393292511271765,36.14150873889168,-3.4311609322004477,-2.594707089901303,-2.8572188147370943,0.1823429082302689,161.0,190.0,-29.0,33.107772347321735,29.951104289697323,29.951104289697323,-0.0030887162990454096,0.09654180462432059,1110.8695652173913
641933,Tyler O'Neill,2024,470,1038,275,26.49325626204239,0.1340178554929261,0.009246358920973589,-3.667381331401883,-2.6015978914512434,3.783275431940986,92.80163451324964,89.85271655951807,10.467951017965731,9.239368003051931,36.14150873889168,-3.6673813314018844,-2.6015978914512448,-3.3368185324013426,0.2209574709059821,96.0,191.0,-95.0,36.85491026055468,33.982128217623206,33.982128217623206,-0.0027676127581228085,0.09198476241582319,1325.1063829787233
666149,Tyler Fitzgerald,2024,340,644,173,26.86335403726708,0.12686829061938318,0.011499801321977763,-3.9159827213990708,-2.679929797947592,4.0324774692340375,92.58489783227081,89.16486096446465,11.157468545010437,9.70316560381328,36.14150873889168,-3.9159827213990686,-2.67992979794759,-3.968216169950522,0.24369748469509384,108.0,192.0,-84.0,21.94821427715329,19.72915740169382,19.72915740169382,-0.003445740489843903,0.09004439459879497,1136.4705882352941
664728,Kyle Isbel,2024,426,775,240,30.967741935483872,0.11497233208270609,0.00981031335673037,-3.8969909564768654,-2.8005560726976744,3.739570006238019,92.2511367941759,89.2174093100786,10.34702240367151,9.155897864381979,36.14150873889168,-3.8969909564768677,-2.8005560726976766,-4.38191010202719,0.2169831643450909,185.0,193.0,-8.0,27.59335969984946,24.826496120750885,24.826496120750885,-0.0035701465536755804,0.095373817259732,1091.5492957746478
672640,Otto Lopez,2024,436,761,245,32.19448094612352,0.10331201328957564,0.00897644438950791,-3.698665578629776,-2.8050805921451873,3.3740382872282786,92.23861789387155,89.76615612438542,9.335632088865992,8.43280156694836,36.14150873889168,-3.698665578629772,-2.8050805921451833,-4.815352832382827,0.1840636041225649,201.0,194.0,7.0,25.31144325594603,22.623746268808397,22.623746268808397,-0.003531796303728827,0.0888777224470447,1047.2477064220184
605137,Josh Bell,2024,602,1181,326,27.60372565622354,0.1241920597159105,0.008773226944324206,-3.7302029339531617,-2.924239392746686,3.15721345098328,91.90891721241309,89.67889536404685,8.73569909267739,7.982806170981558,36.14150873889168,-3.73020293395316,-2.924239392746684,-3.1181371202573342,0.16494354654403226,120.0,195.0,-75.0,40.48661146738682,36.74397452365382,36.74397452365382,-0.003169040595878921,0.092177353821388,1177.0764119601329
666163,Ben Rortvedt,2024,328,680,190,27.941176470588236,0.12220748906294071,0.011796583344166974,-4.919922607328506,-3.1188665251222276,4.610963034388724,91.37040307958691,86.38705804211708,12.758081207127061,10.701433980334789,36.14150873889168,-4.919922607328507,-3.1188665251222285,-4.957490574869992,0.29642041619248877,127.0,196.0,-69.0,23.219422921958735,20.529865229952485,20.529865229952485,-0.003955231900009191,0.09666289046804599,1243.9024390243903
682829,Elly De La Cruz,2024,694,1440,389,27.013888888888886,0.1228212987813653,0.007956552894725055,-3.9197364249241624,-3.1826648677573646,2.9279667981022692,91.19387934037044,89.15447483600441,8.101396151598674,7.490125449551323,36.14150873889168,-3.919736424924164,-3.1826648677573663,-2.968519269413449,0.14521194510382343,110.0,197.0,-87.0,47.777485225951104,43.24365676112215,43.24365676112215,-0.0031484919894645474,0.08924689628854668,1244.9567723342939
681297,Colton Cowser,2024,561,1141,287,25.153374233128833,0.13600367244590872,0.008726040189690483,-4.225926213028174,-3.364185284538422,3.101700137760564,90.69163020048956,88.3072778074683,8.582099214975056,7.865086826664969,36.14150873889168,-4.225926213028177,-3.364185284538425,-3.220715524565814,0.1601146986642538,74.0,198.0,-124.0,39.033053991975805,35.08181298279446,35.08181298279446,-0.0034629631982308,0.08585559414312771,1220.3208556149732
606192,Teoscar Hernández,2024,647,1326,385,29.034690799396685,0.11601675171319431,0.008521373854297853,-4.33996061633893,-3.3826638329333463,3.2624876623001287,90.64050187452943,87.9917558293057,9.02698248119726,8.203243543978681,36.14150873889168,-4.339960616338931,-3.382663832933347,-4.0573849869626955,0.1741788305678469,145.0,199.0,-54.0,44.66644940957981,39.986525211627665,39.986525211627665,-0.0035293545987572744,0.09661179390357376,1229.6754250386398
642715,Willy Adames,2024,688,1373,386,28.11361981063365,0.13040104424025248,0.00791527897607512,-4.279676526997352,-3.4444598850912183,3.026833932971155,90.46951827612926,88.15855597530157,8.37495178975192,7.704719578741335,36.14150873889168,-4.279676526997353,-3.444459885091219,-3.5664559647622207,0.15365186395871522,129.0,200.0,-71.0,50.33480307673746,45.42744065911383,45.42744065911383,-0.0035741896705197597,0.09366784170038796,1197.3837209302326
642133,Rowdy Tellez,2024,421,826,227,27.4818401937046,0.12045506499288218,0.010537708382178643,-4.903768166462456,-3.536303262949104,3.834906640291414,90.21539668280725,86.43175579113127,10.610809493308983,9.33715472796824,36.14150873889168,-4.903768166462459,-3.5363032629491076,-4.426631446434418,0.22565931780792362,119.0,201.0,-82.0,27.343299753384255,23.90248908991643,23.90248908991643,-0.004165630343181384,0.09362581634345342,1177.1971496437054
671218,Heliot Ramos,2024,514,1034,310,29.980657640232106,0.1218252034524676,0.009737649072714516,-5.106347433513156,-3.697401201645897,3.8274894206190653,89.76965453114262,85.87123888378727,10.590286775992627,9.323161521772358,36.14150873889168,-5.106347433513162,-3.6974012016459032,-5.855382620503878,0.224983452129126,162.0,202.0,-40.0,37.765813070264954,33.39137543555535,33.39137543555535,-0.004230597325637914,0.10196839845259252,1207.0038910505837
668904,Royce Lewis,2024,323,648,214,33.0246913580247,0.11580938810386977,0.01120157505754388,-6.043854275685371,-3.8563182341572193,4.692975777215566,89.32994673239124,83.27724965952622,12.985002400205504,10.834297786289717,36.14150873889168,-6.043854275685375,-3.856318234157223,-6.268477690240291,0.30382653171133067,210.0,203.0,7.0,24.78320905422813,21.529600835817504,21.529600835817504,-0.005021000337053433,0.0992457873807692,1203.7151702786377
665804,Miguel Amaya,2024,364,636,214,33.64779874213836,0.10121322190253719,0.010413069797181282,-5.588852036997668,-3.9495200581781926,4.025349192621867,89.07206645214526,84.53619610245121,11.13774530472274,9.69018478280284,36.14150873889168,-5.58885203699767,-3.9495200581781944,-5.269145697058251,0.24304588756137785,220.5,204.0,16.5,21.659629487142958,18.26905925136437,18.26905925136437,-0.005331085276381423,0.09683338999510002,1048.3516483516485
677587,Brayan Rocchio,2024,440,871,257,29.506314580941446,0.12258902375970906,0.00941701162763148,-5.371358614482549,-3.985226737019308,3.6885784451694303,88.97326958370493,85.13797901109076,10.205933769444913,9.057706671563324,36.14150873889168,-5.371358614482548,-3.9852267370193073,-5.572083818473814,0.21235410660320037,154.0,205.0,-51.0,31.50537910624523,27.566382788958027,27.566382788958027,-0.004522383831558212,0.09165398929798943,1187.7272727272727
672820,Lenyn Sosa,2024,368,682,256,37.5366568914956,0.09161698391651033,0.010382165658113823,-6.356716824819236,-4.2172668677177825,4.4825192559119715,88.33123736425645,82.41158975751667,12.402689905107247,10.48908707081322,36.14150873889168,-6.356716824819234,-4.217266867717781,-5.990215948176984,0.2847734788273513,253.0,206.0,47.0,23.453947882626643,19.55516156340418,19.55516156340418,-0.005716695482730887,0.10527531385161965,1111.9565217391303
641680,Jonah Heim,2024,491,884,284,32.126696832579185,0.10937733401470941,0.009434263441891928,-5.5258158239197455,-4.232132202078782,3.48084938716169,88.2901064461523,84.71061110414175,9.631167897027959,8.648714821553144,36.14150873889168,-5.525815823919746,-4.232132202078783,-5.906250751842975,0.19360978997791733,200.0,207.0,-7.0,31.06316286017747,26.541203577603145,26.541203577603145,-0.005115338554948332,0.09580525726887677,1080.244399185336
609280,Miguel Andújar,2024,319,607,220,36.24382207578254,0.09240319296269706,0.01026000966805526,-6.514303339519366,-4.302156159475052,4.522456459280705,88.09635704320908,81.9755633706864,12.51319221882432,10.555673066513366,36.14150873889168,-6.514303339519369,-4.302156159475055,-6.109371432719567,0.28840050791178595,245.0,208.0,37.0,20.32870245179335,16.865264509615553,16.865264509615553,-0.005705828570309384,0.09759318270881497,1141.692789968652
676356,Jonny DeLuca,2024,362,690,262,37.971014492753625,0.09382594052084019,0.009512065152759335,-6.435862722026413,-4.414851390757772,4.278721592019194,87.78454042233446,82.19260084430063,11.838801813536037,10.141340486588556,36.14150873889168,-6.435862722026413,-4.414851390757772,-6.270318992672762,0.2662041904400201,256.0,209.0,47.0,24.582396416460128,20.699425907504192,20.699425907504192,-0.0056274934912404866,0.09827584880588786,1143.646408839779
663616,Trevor Larnach,2024,399,802,207,25.81047381546135,0.1421415531845331,0.011345086775525304,-6.323589075642129,-4.469377419056298,4.078442072360135,87.63367226491343,82.50325098122606,11.284648081034163,9.786466319095872,36.14150873889168,-6.3235890756421265,-4.469377419056295,-5.361361385329885,0.24789968284663838,86.0,210.0,-124.0,29.42330150919835,25.218114773896335,25.218114773896335,-0.005243374981673336,0.09576983945839343,1206.0150375939852
641584,Jake Fraley,2024,381,621,197,31.72302737520129,0.1159815867097107,0.010137263625209371,-5.953579669958267,-4.554745245423042,3.5158253685756917,87.3974678856677,83.52703061465817,9.72794299755486,8.718588274523144,36.14150873889168,-5.953579669958269,-4.554745245423044,-5.463469784526228,0.19675079585366947,195.0,211.0,-16.0,22.84837258181301,19.06784949138951,19.06784949138951,-0.006087798857364733,0.08958910968277474,977.9527559055118
519203,Anthony Rizzo,2024,375,736,250,33.96739130434783,0.10210177259935295,0.0105500167883198,-6.804623126919447,-4.617728557680026,4.371961360515588,87.22319925534566,81.17227707321186,12.09678708241348,10.302098117210129,36.14150873889168,-6.8046231269194495,-4.617728557680029,-6.046513696771348,0.2747106668599126,224.0,212.0,12.0,25.52544314983824,21.272553695513583,21.272553695513583,-0.005778382410767194,0.10072039612938183,1177.6
621438,Tyrone Taylor,2024,342,647,212,32.766615146831526,0.10566469082677396,0.011155019084128083,-6.950908306088665,-4.6413718894701494,4.483708964949979,87.15778048171079,80.76752037025828,12.405981713002157,10.491077976373045,36.14150873889168,-6.950908306088666,-4.64137188947015,-6.683964468706986,0.28488159327139523,208.0,213.0,-5.0,22.40091445527608,18.43889672080554,18.43889672080554,-0.006123675014637618,0.10047548942663725,1135.0877192982457
682928,CJ Abrams,2024,597,1097,394,35.916134913400185,0.09758900191652874,0.0072307169585635375,-5.856747631768386,-4.762964738800139,3.053749079237308,86.82134502682027,83.79495534046156,8.449423352244244,7.762585443417835,36.14150873889168,-5.856747631768389,-4.762964738800141,-6.1073044368088105,0.15596851839317827,243.0,214.0,29.0,38.450066755112324,32.62260286150278,32.62260286150278,-0.0053121822184225564,0.09173881288501964,1102.5125628140704
643289,Mauricio Dubón,2024,427,729,301,41.289437585733886,0.08221956922605685,0.00905348055276656,-6.6841848742718435,-4.856800639899209,3.9162215404322636,86.56171031766354,81.50551787264203,10.83579982431126,9.489362458548406,36.14150873889168,-6.684184874271846,-4.856800639899212,-6.1655458685308755,0.23307636180741864,264.0,215.0,49.0,24.74809033704311,19.991178768186312,19.991178768186312,-0.006525255924357745,0.10322386405954176,1024.3559718969555
647351,Abraham Toro,2024,362,691,214,30.96960926193922,0.10985211223290207,0.008549399921058066,-6.52463235209428,-5.054155005320439,3.456756411139084,86.01565019923562,81.94698400879662,9.564505002026348,8.60034504495344,36.14150873889168,-6.52463235209428,-5.054155005320439,-6.558667167333397,0.19145023795437657,186.0,216.0,-30.0,23.508352017841045,19.571823832077495,19.571823832077495,-0.005696856998210635,0.07933906415682432,1145.303867403315
663898,Brendan Rodgers,2024,538,1026,301,29.33723196881092,0.11995150153128789,0.008066550636007242,-6.302236300713408,-5.117536967127231,3.0870147411277427,85.84027854481825,82.56233200931203,8.541466166867083,7.833775405226812,36.14150873889168,-6.302236300713404,-5.1175369671272275,-5.773308716925293,0.1588423822752151,151.0,217.0,-66.0,36.10540196091765,30.4543967446113,30.4543967446113,-0.00550780235507442,0.08641637573310405,1144.2379182156135
547180,Bryce Harper,2024,622,1389,462,33.261339092872575,0.11371983280014557,0.007120859504718277,-6.65427251840469,-5.13543868374643,3.4903663972186436,85.79074625564756,81.58828241931123,9.657500527814655,8.66776798673653,36.14150873889168,-6.654272518404694,-5.135438683746434,-5.971995666980842,0.19446377642474255,215.0,218.0,-3.0,52.53856275366725,45.64030024292105,45.64030024292105,-0.004966351699601293,0.09708654145619816,1339.8713826366559
650391,Eloy Jiménez,2024,346,641,213,33.229329173166924,0.10298005626747549,0.009271394203163114,-7.148010307938514,-5.175739325679969,3.9647213704880677,85.6792383431675,80.22215851701128,10.969994083898476,9.579100995407114,36.14150873889168,-7.148010307938509,-5.175739325679964,-7.484634062711876,0.23750549604157092,214.0,219.0,-5.0,21.93475198497228,17.812732707394407,17.812732707394407,-0.006430607297313379,0.09030431556700984,1111.5606936416186
663624,Ryan Mountcastle,2024,506,986,377,38.23529411764706,0.0901948357011815,0.009473355111833214,-7.546101907555645,-5.194162995409058,4.323261292319245,85.62826186107819,79.12067821497632,11.962038783585719,10.218483571880272,36.14150873889168,-7.546101907555646,-5.194162995409059,-6.199444656481703,0.2702695146327331,257.0,220.0,37.0,34.003453059345425,27.639573783973496,27.639573783973496,-0.00645423861599587,0.11611071342051647,1169.1699604743083
660688,Keibert Ruiz,2024,483,861,333,38.67595818815331,0.08900741656122563,0.008725540224584799,-7.044104126295858,-5.339552615730939,3.639049712432431,85.22598308137293,80.50965670197455,10.068892637336054,8.961500820332684,36.14150873889168,-7.044104126295859,-5.33955261573094,-5.973648873326573,0.20786705222847457,259.0,221.0,38.0,29.639469714888133,23.968965893219966,23.968965893219966,-0.006585951012390437,0.09983487835284696,1069.5652173913043
592206,Nick Castellanos,2024,659,1181,448,37.933954276037255,0.09051539557700303,0.007872162003299531,-6.897753806628889,-5.402653046696772,3.3917115433487455,85.05139039510266,80.91459364227855,9.384532250306814,8.468790265270231,36.14150873889168,-6.897753806628884,-5.402653046696767,-6.377945086163732,0.18563801437040303,255.0,222.0,33.0,40.550897218497354,32.97486428754996,32.97486428754996,-0.006414930508846229,0.1083997111351392,1075.2655538694992
676391,Ernie Clement,2024,451,702,305,43.44729344729345,0.0765559245909713,0.008921404260189747,-7.245996464712081,-5.432642317311476,3.7267852749089814,84.9684130328919,79.9510404585996,10.311648309520095,9.131360664301546,36.14150873889168,-7.245996464712081,-5.432642317311476,-7.537225145545665,0.2158217216992372,267.0,223.0,44.0,23.349557000246246,17.902982990937666,17.902982990937666,-0.007758652434912508,0.10572826519241275,933.9246119733925
595909,Jake Cave,2024,347,649,218,33.59013867488444,0.10921748463708908,0.010133355291722608,-7.72075577055231,-5.49060148815296,4.114894294767413,84.80804570771957,78.6374281540603,11.385507795194497,9.852033521436605,36.14150873889168,-7.720755770552314,-5.490601488152963,-7.3828852142671595,0.2512325585892198,218.0,224.0,-6.0,23.80941165088542,19.34424123024933,19.34424123024933,-0.0068800776897320285,0.09341455716385619,1122.1902017291065
596146,Max Kepler,2024,399,746,227,30.42895442359249,0.11769344905524004,0.009433057435443239,-7.384463113075891,-5.625674840293732,3.617673853960701,84.43431102741991,79.5679168613968,10.009747739356941,8.919726522966965,36.14150873889168,-7.384463113075894,-5.625674840293735,-7.425964835765817,0.2059336124996444,174.0,225.0,-51.0,26.716412935539488,21.80574496534402,21.80574496534402,-0.0065826648394041115,0.0880808795408186,1121.8045112781956
694192,Jackson Chourio,2024,569,1050,337,32.095238095238095,0.11302997760250767,0.008938956704732211,-7.160160039504858,-5.638146433450494,3.362272694064375,84.39980335579263,80.18854140474814,9.303077849780664,8.408785057188792,36.14150873889168,-7.160160039504859,-5.638146433450495,-6.985333826851327,0.1830166755417626,199.0,226.0,-27.0,38.091102452045085,31.30088401458131,31.30088401458131,-0.006466874702346452,0.0984009519875114,1107.2056239015817
683734,Andrew Vaughn,2024,619,1200,398,33.166666666666664,0.1116193242466136,0.008975216776928311,-7.5072299466628305,-5.773998792149895,3.5526534210588414,84.02391324096405,79.22823310753394,9.829842596570549,8.79171955946447,36.14150873889168,-7.5072299466628305,-5.773998792149895,-7.155178119712372,0.20006531967709043,213.0,227.0,-14.0,44.42449105015221,36.67953215517839,36.67953215517839,-0.006454132412478183,0.10580388568018248,1163.1663974151859
673357,Luis Robert,2024,422,855,308,36.0233918128655,0.10099793140059968,0.009358741422002053,-8.449002906315775,-5.822719476166931,4.357868541430212,83.8891079001881,76.62243995579563,12.05779363809661,10.277980452979344,36.14150873889168,-8.449002906315773,-5.822719476166929,-8.049333953483552,0.2734259529314902,244.0,228.0,16.0,31.1073628713847,25.164897493942608,25.164897493942608,-0.006950251903441047,0.1048219581755782,1215.6398104265402
650559,Bryan De La Cruz,2024,622,1223,400,32.70645952575634,0.11039825019316683,0.008639189674552602,-7.555353440169974,-5.8647265880020205,3.4859733943428024,83.77287835332945,79.09508013416247,9.645345520928863,8.658976906724472,36.14150873889168,-7.555353440169974,-5.8647265880020205,-7.388598836538474,0.1940695158291965,207.0,229.0,-22.0,44.159300077266735,36.326917010957196,36.326917010957196,-0.006404237993711806,0.1033356020182468,1179.742765273312
666176,Jo Adell,2024,450,957,287,29.989550679205852,0.1346810548285769,0.011326476905287772,-9.112611538258871,-5.976620490968042,4.7103601316538475,83.46327892909287,74.7863001401133,13.033103199106503,10.862190782144864,36.14150873889168,-9.11261153825887,-5.97662049096804,-7.8190887673293235,0.3053929537102457,163.0,230.0,-67.0,38.65346273580157,31.819004082107416,31.819004082107416,-0.007141545092679367,0.11419823902220369,1276.0
650489,Willi Castro,2024,636,1277,409,32.02819107282694,0.11531425268873136,0.007150549919041044,-7.458804995007428,-6.034801316219695,3.1612453140844594,83.30229830796831,79.36222018595187,8.746854861326419,7.991316297246779,36.14150873889168,-7.458804995007425,-6.034801316219691,-7.554257810249703,0.16529541243796034,198.0,231.0,-33.0,47.163529349691125,39.257196054983254,39.257196054983254,-0.006191333825143206,0.0937710146307343,1204.7169811320755
681351,Logan O'Hoppe,2024,522,1045,358,34.25837320574163,0.11060991821373616,0.00864277827067879,-8.097389226967882,-6.076932626865836,3.7545583464933654,83.185725115215,77.59532042375884,10.38849366698714,9.184594902001894,36.14150873889168,-8.09738922696788,-6.076932626865834,-8.243816431155446,0.2183454626825658,226.0,232.0,-6.0,39.598350720517544,32.55362209305549,32.55362209305549,-0.006741367107619194,0.10104619518070777,1201.1494252873563
607680,Kevin Pillar,2024,314,608,234,38.48684210526316,0.09846892281391305,0.009845629994362995,-9.226478710236458,-6.089252263327834,4.674525008597548,83.15163789281651,74.47124087460163,12.933950938155819,10.804590541534557,36.14150873889168,-9.226478710236458,-6.089252263327834,-9.168226573445692,0.3021626537109647,258.0,233.0,25.0,23.041727938455654,18.213204080098574,18.213204080098574,-0.007941651082824144,0.09921197510911624,1161.783439490446
600869,Jeimer Candelario,2024,462,921,322,34.96199782844734,0.10924438267151698,0.009409551858728544,-8.520561363405806,-6.2033194600397525,3.986191999320428,82.83602517853828,76.42444474312475,11.02940120214436,9.618578997110781,36.14150873889168,-8.520561363405811,-6.203319460039758,-8.285993533031622,0.23946717561166458,236.0,234.0,2.0,35.17669122022847,28.615858970405995,28.615858970405995,-0.007123596362456537,0.10113910897249552,1196.103896103896
521692,Salvador Pérez,2024,645,1288,559,43.400621118012424,0.08119877980322555,0.008658620451108618,-9.539588743944968,-6.434322042236717,4.543711964180131,82.1968637537459,73.60489620711526,12.572004110306185,10.590904903782972,36.14150873889168,-9.53958874394497,-6.434322042236719,-7.692175666597594,0.29032891868460753,266.0,235.0,31.0,45.390117910003084,35.135060010262244,35.135060010262244,-0.007962001474954069,0.13610100289973578,1198.139534883721
647304,Josh Naylor,2024,631,1238,402,32.47172859450727,0.11187002397385144,0.008581448742120003,-8.510015607027684,-6.5827265512404205,3.545113717976739,81.78624307358595,76.45362381380028,9.8089809797062,8.776784523830871,36.14150873889168,-8.510015607027684,-6.5827265512404205,-8.331905774472485,0.1993861704564844,206.0,236.0,-30.0,44.97174963748828,36.022049890764166,36.022049890764166,-0.007229159730794923,0.1059614657722382,1177.1790808240887
592696,Eddie Rosario,2024,322,610,212,34.75409836065574,0.10506406866039066,0.010117299441428789,-9.625376930150338,-6.688971194924903,4.346141737123952,81.49227459415124,73.36752873354033,12.025346723965326,10.25786302622946,36.14150873889168,-9.625376930150342,-6.688971194924907,-9.690387930440444,0.2723566293758076,233.0,237.0,-4.0,22.273582556002818,17.107963603488802,17.107963603488802,-0.008468227791006583,0.0944373059530717,1136.645962732919
676609,José Caballero,2024,480,980,340,34.69387755102041,0.10901966797298436,0.00813408291431233,-8.830635811717979,-6.697818462126184,3.7019277337037075,81.46779507597397,75.56649924186651,10.242869937856476,9.08349644099529,36.14150873889168,-8.830635811717977,-6.6978184621261825,-8.276555397957472,0.21356508865052426,232.0,238.0,-6.0,37.066687110814684,30.0021784614403,30.0021784614403,-0.007208682295279983,0.09460299497546548,1225.0
669304,José Miranda,2024,427,808,289,35.76732673267327,0.09668380262618115,0.0094851433508196,-9.393702923266074,-6.808595288345007,4.04714746806559,81.16128649322735,74.00854792440482,11.198058988916742,9.729827396326735,36.14150873889168,-9.393702923266073,-6.808595288345005,-9.766498910515258,0.24503856010145186,241.0,239.0,2.0,27.94161895896635,21.256433711908663,21.256433711908663,-0.008273744117645655,0.10132578418855336,1135.3629976580796
680776,Jarren Duran,2024,737,1398,395,28.25464949928469,0.1309779340808208,0.007249690893894095,-8.190879721058813,-6.955714910427782,2.772028772837169,80.75422096880318,77.3366414218213,7.669930972898772,7.1452068978250765,36.14150873889168,-8.190879721058815,-6.955714910427783,-7.9451931270293,0.13214592558740715,133.0,240.0,-107.0,51.73628396192422,41.675153371223644,41.675153371223644,-0.007196802997639897,0.09106686488396414,1138.1275440976933
672284,Jarred Kelenic,2024,449,854,255,29.859484777517565,0.13440359819932507,0.009016829743178776,-9.206319883407573,-7.129311274297375,3.556775106998154,80.27389690396194,74.52701836572555,9.84124689617821,8.799875971828007,36.14150873889168,-9.206319883407579,-7.129311274297381,-9.1902282270479,0.20043670827391669,160.0,241.0,-81.0,34.27291754082789,27.383521494744553,27.383521494744553,-0.008067208484875098,0.09107990335638425,1141.2026726057907
660821,Jesús Sánchez,2024,536,1070,388,36.26168224299066,0.10557332407160272,0.0086734549754983,-9.83902212953259,-7.1297585320673225,4.0621052022926385,80.27265938570233,72.7763934798193,11.239445568362312,9.75693907993039,36.14150873889168,-9.839022129532596,-7.129758532067328,-9.864405647196895,0.2464060383526556,246.0,242.0,4.0,40.96244973978185,32.17292330406607,32.17292330406607,-0.008214510687584843,0.11093608038609769,1197.7611940298507
677594,Julio Rodríguez,2024,613,1284,481,37.46105919003115,0.1032393311548372,0.007417870100740614,-9.34379989660785,-7.18847013399337,3.610348876068054,80.110210157724,74.14662469098022,9.989480245972624,8.905376360734937,36.14150873889168,-9.343799896607848,-7.188470133993368,-9.557684565926861,0.2052715286171829,252.0,243.0,9.0,49.6581182854767,40.11186939110901,40.11186939110901,-0.007434773282217825,0.10293803722035406,1256.7699836867862
666969,Adolis García,2024,634,1389,469,33.765298776097914,0.1079054777184148,0.007334285267435287,-9.24502960902175,-7.199339403721205,3.515034387986393,80.08013595742881,74.41991236222736,9.725754432060782,8.717012609704353,36.14150873889168,-9.245029609021746,-7.1993394037212015,-7.306075634536107,0.19667968679706657,223.0,244.0,-21.0,50.60766904993654,40.838754429736895,40.838754429736895,-0.007033055882073181,0.09965898570539423,1314.5110410094637
643396,Isiah Kiner-Falefa,2024,495,798,242,30.32581453634085,0.12105647966799493,0.008194913835282818,-8.579340542762543,-7.247418609401956,2.8281542589245223,79.94710552411706,76.26180853504225,7.825224672707593,7.27025395841068,36.14150873889168,-8.579340542762544,-7.247418609401958,-9.459538019152397,0.13681172622581403,170.0,245.0,-75.0,29.295668079654774,22.217712131875675,22.217712131875675,-0.008869618982179322,0.08259534980315146,967.2727272727273
686681,Michael Massey,2024,355,676,253,37.426035502958584,0.10377967749465662,0.008316163864117439,-10.123163682804057,-7.483959776700678,3.9261997238976836,79.29261937909297,71.99020174852143,10.863408476560696,9.507888661222395,36.14150873889168,-10.123163682804057,-7.483959776700678,-10.719951364700297,0.23398732605791786,251.0,246.0,5.0,26.256258406148124,20.26671989382239,20.26671989382239,-0.008860264071487772,0.08934621166562037,1142.5352112676055
691718,Pete Crow-Armstrong,2024,409,693,286,41.269841269841265,0.09487135739454383,0.008879776437830767,-10.298698411111387,-7.634185788821698,3.9111248624788795,78.87695877896046,71.50451441992787,10.821697817695528,9.479886859576967,36.14150873889168,-10.298698411111387,-7.634185788821698,-10.292504277615564,0.2326111175981411,263.0,247.0,16.0,27.133208214839534,20.11292879793194,20.11292879793194,-0.010130273328870988,0.10127613553827197,1016.6259168704157
592663,J. T. Realmuto,2024,413,760,232,30.526315789473685,0.12037684012609623,0.010285028261900109,-10.325984462228249,-7.758832010631064,3.8120720352430886,78.53207494273246,71.4290166001938,10.547628387026739,9.294016728582513,36.14150873889168,-10.325984462228252,-7.7588320106310675,-9.260762519216925,0.22357902569733165,178.0,248.0,-70.0,27.927426909254326,20.819707604420547,20.819707604420547,-0.009352262243202339,0.0951816225449637,1104.1162227602906
671739,Michael Harris,2024,469,816,326,39.950980392156865,0.09914061660700427,0.008534198473331865,-10.29143503791719,-7.845649127806025,3.7028835314974637,78.29186051836467,71.52461145917067,10.245514536344775,9.085340683385237,36.14150873889168,-10.291435037917191,-7.845649127806027,-10.35952747793175,0.21365181863952834,262.0,249.0,13.0,32.31984101388339,24.27536929257812,24.27536929257812,-0.00985842122708979,0.10132498897391808,1043.9232409381664
680869,Zack Gelof,2024,548,991,295,29.76791120080727,0.13251528037980015,0.009351983615702282,-9.976175328450145,-7.899035588003763,3.402355296608402,78.14414543379687,72.3969040680506,9.41398246871511,8.490414216797474,36.14150873889168,-9.976175328450147,-7.899035588003764,-9.970698651577015,0.18658722959514606,158.0,250.0,-92.0,39.092007712041045,29.98043424538991,29.98043424538991,-0.009194322367962799,0.09871249850098822,1085.0364963503648
519317,Giancarlo Stanton,2024,457,945,294,31.11111111111111,0.1314572569304314,0.011061805421017309,-11.964090612094163,-8.030007439841608,4.648900938615193,77.78175920143434,66.89653799864843,12.863051656757582,10.763157022358502,36.14150873889168,-11.964090612094164,-8.03000743984161,-11.447044256802895,0.2998496263333892,188.0,251.0,-63.0,38.64843353754683,29.535784521335106,29.535784521335106,-0.009643014831970076,0.11518590464789764,1240.7002188183806
594807,Adam Duvall,2024,325,636,214,33.64779874213836,0.12028099234678603,0.010122337476409627,-12.066975258668386,-8.174309378537036,4.588465778968994,77.38248992981107,66.61186630074693,12.695833514087283,10.664618118518527,36.14150873889168,-12.066975258668386,-8.174309378537036,-11.463436133195984,0.2943843897506177,220.5,252.0,-31.5,25.74013236221221,19.20385409710017,19.20385409710017,-0.0102771670835095,0.09855327251317168,1174.1538461538462
657557,Paul DeJong,2024,479,894,310,34.675615212527966,0.11756966006748618,0.008334770157447673,-10.780388080214742,-8.287327015739486,3.6500257255010014,77.06978124346664,70.17172648187201,10.099262185956361,8.982891611496624,36.14150873889168,-10.780388080214738,-8.287327015739482,-11.617249253153703,0.20886057943850073,230.0,253.0,-23.0,36.44659462092071,27.840251470215946,27.840251470215946,-0.009626782047768198,0.09745663884060209,1119.8329853862213
669357,Nolan Gorman,2024,402,785,238,30.318471337579616,0.1378942530705226,0.009205424664392678,-11.775693647496823,-8.710070962253868,3.9598552429265874,75.90009032223658,67.41781386999745,10.956529987541469,9.570132446962187,36.14150873889168,-11.775693647496823,-8.710070962253868,-11.932286583773985,0.2370609694848688,169.0,254.0,-85.0,32.81883223078438,24.92911748696151,24.92911748696151,-0.010050592030347605,0.09469330713252605,1171.6417910447763
667670,Brent Rooker,2024,610,1275,397,31.137254901960787,0.13285992569791952,0.009189921921688845,-12.315570090861405,-9.26576285752438,3.8428885705471223,74.36254550282915,65.92402885049265,10.63289470926766,9.352192853744432,36.14150873889168,-12.315570090861398,-9.265762857524372,-11.717905249963643,0.22638678265756304,190.0,255.0,-65.0,52.745390502074045,40.22456090969829,40.22456090969829,-0.009820258503824125,0.10941611338634537,1254.098360655738
669394,Jake Burger,2024,576,1088,402,36.94852941176471,0.10212512862422499,0.008021888114186543,-12.122790793136232,-9.39158207854248,3.614874314701397,74.01441609316035,66.45743020658415,10.002001689573769,8.914244140795073,36.14150873889168,-12.122790793136232,-9.39158207854248,-11.747076648145482,0.20568054200495262,248.0,256.0,-8.0,41.054301706938446,29.416422545527663,29.416422545527663,-0.010696580111590795,0.1052082961612667,1133.3333333333333
642731,Thairo Estrada,2024,382,637,223,35.00784929356358,0.11751652477865236,0.010214554421769929,-12.552505463592095,-9.429701603951733,3.85837780828348,73.90894311558034,65.26845197781017,10.675751906647717,9.381314428850171,36.14150873889168,-12.552505463592095,-9.429701603951733,-13.308742905230282,0.2277988587955387,237.0,257.0,-20.0,26.206185025639478,18.214423213819178,18.214423213819178,-0.01254593691023595,0.0973300950302119,1000.5235602094241
607208,Trea Turner,2024,539,1025,353,34.4390243902439,0.11732791124623308,0.0078549566324485,-12.156182755678799,-9.720287396264826,3.361872591985774,73.10492080867427,66.3650379304791,9.301970806681021,8.407967536965621,36.14150873889168,-12.156182755678797,-9.720287396264824,-11.99827246668905,0.18298109071964294,228.0,258.0,-30.0,41.41675266992028,30.49644849440216,30.49644849440216,-0.010653955293188412,0.0943315200459509,1141.0018552875695
642708,Amed Rosario,2024,346,620,242,39.03225806451613,0.10976369162007608,0.009113442436329588,-14.154849908787236,-10.195023798952992,4.195781800262996,71.7913718749041,60.83492249576377,11.609315567249514,9.99597038853581,36.14150873889168,-14.154849908787234,-10.19502379895299,-15.341252883909906,0.2586271305913241,260.0,259.0,1.0,26.56281337205841,18.400183257991106,18.400183257991106,-0.013165532442044041,0.09717216937272354,1075.1445086705203
665161,Jeremy Peña,2024,645,1163,431,37.05932932072227,0.10763451234124084,0.007095314243184331,-12.52897621930096,-10.283405694630602,3.147414832185587,71.54682786232252,65.33355508255637,8.70858727820256,7.9621016288042545,36.14150873889168,-12.528976219300958,-10.2834056946306,-12.383923985457193,0.1640890470623189,249.0,260.0,-11.0,46.390474819074804,32.92182538332627,32.92182538332627,-0.011580953943033991,0.09921391652441922,1081.860465116279
642350,José Siri,2024,449,897,319,35.56298773690078,0.11442698174957569,0.007919998880880425,-14.362339971641294,-10.642052997121263,3.989105055198832,70.55448605091185,60.260817899430805,11.03746134124771,9.623923477278662,36.14150873889168,-14.36233997164129,-10.64205299712126,-13.182091856757413,0.23973336527104272,240.0,261.0,-21.0,36.502207178114645,25.754389432669747,25.754389432669747,-0.011981959582435787,0.09967226854494561,1198.663697104677
673237,Yainer Diaz,2024,621,1145,490,42.79475982532751,0.09046847816603043,0.007200740513569759,-13.722766741659283,-10.667159835847187,3.6113899835296426,70.48501789752812,62.03045412187707,9.992360887921222,8.907417059378977,36.14150873889168,-13.722766741659285,-10.667159835847189,-12.735384418917617,0.20536561679696194,265.0,262.0,3.0,44.32955430135491,30.12649072373755,30.12649072373755,-0.012404422338530445,0.11046176941305874,1106.280193236715
670042,Luke Raley,2024,455,819,233,28.449328449328448,0.14917849555837057,0.008395783994601225,-13.087948557779578,-10.679959613222993,3.2041876124186257,70.44960217244515,63.78693359943851,8.86567197724819,8.081621316947826,36.14150873889168,-13.087948557779582,-10.679959613222996,-13.332715973361342,0.16905232692790548,139.0,263.0,-124.0,34.75858946510034,24.83356180878416,24.83356180878416,-0.012118470886832943,0.0849055603383526,1080.0
664913,Seth Brown,2024,401,794,239,30.100755667506295,0.14437636408322033,0.009638519520776385,-15.461954301783445,-11.528892306089705,3.9556198922578867,68.10068890764505,57.21829319996008,10.94481118880703,9.562320073425914,36.14150873889168,-15.461954301783448,-11.528892306089709,-16.259540583526782,0.2366740881264791,165.0,264.0,-99.0,34.50595101588966,24.172211557531053,24.172211557531053,-0.013014785212038542,0.0938204309007533,1188.0299251870324
686676,Korey Lee,2024,395,676,238,35.20710059171598,0.12140752547672955,0.008264469923490702,-14.9618928151286,-11.720269094474293,3.5643377614238374,67.57116815695585,58.60191415022974,9.86217201715288,8.814826947246404,36.14150873889168,-14.9618928151286,-11.720269094474293,-15.033249686594822,0.20111837015707998,238.0,265.0,-27.0,28.89499106346163,19.04507829350197,19.04507829350197,-0.014570876878638553,0.09025085998477024,1026.8354430379748
664056,Harrison Bader,2024,434,824,277,33.616504854368934,0.1258568960694192,0.009491624686552489,-16.15619410953579,-12.182967080742248,3.8770662266150393,66.2909283373878,55.29739993352796,10.727460922080848,9.41634463696378,36.14150873889168,-16.156194109535786,-12.182967080742245,-15.470937811979953,0.2295032553420711,219.0,266.0,-47.0,34.86236021122912,23.17604647199823,23.17604647199823,-0.014182419586445253,0.0976962947321777,1139.1705069124423
678662,Ezequiel Tovar,2024,695,1301,570,43.81245196003075,0.10269162575715934,0.006882371982788938,-19.464118139783338,-15.413183514369198,3.5125296465742673,57.353237171908226,46.14469949109206,9.718824058926055,8.71202168485229,36.14150873889168,-19.464118139783338,-15.413183514369198,-18.59411030278719,0.19645453339433686,268.0,267.0,1.0,58.534226681580826,35.988289836331795,35.988289836331795,-0.01732969780572562,0.112801507688182,1123.1654676258993
678882,Ceddanne Rafaela,2024,569,1062,496,46.70433145009416,0.09946867147926443,0.006951855589539175,-20.405509209717394,-15.59135123452953,3.8087288277907,56.86026461382404,43.539962990645336,10.538378060825522,9.287686335814472,36.14150873889168,-20.405509209717394,-15.59135123452953,-20.99075554540224,0.22327455862448592,269.0,268.0,1.0,49.336461053715155,29.985236486499826,29.985236486499826,-0.01822149205952479,0.1108354810860043,1119.859402460457
666160,Mickey Moniak,2024,418,780,305,39.1025641025641,0.12034712286847822,0.007728250098734228,-21.640947320207513,-16.55009022434674,3.8091417378563426,54.20752812530685,40.12162724983364,10.539520542365587,9.288468386171614,36.14150873889168,-21.64094732020751,-16.550090224346736,-21.890535100841355,0.22331216094941764,261.0,269.0,-8.0,36.70587247488586,21.62934584180796,21.62934584180796,-0.01932888029881782,0.09501777644381638,1119.6172248803828
650402,Gleyber Torres,2025,627,1331,229,17.20510894064613,0.11310288015771845,0.011251657691314353,22.334015255527312,19.539244561889735,2.8397680567325025,152.7166984816625,160.25696358839238,7.661667570127667,7.132230168196557,37.06462112510036,20.0723174771123,17.277546783474723,22.05769204892111,0.13342912002571897,2.0,1.0,1.0,25.900559556117525,49.23960549814356,46.87613131969988,0.01753497065516607,0.08134111708206797,1273.6842105263158
665742,Juan Soto,2025,707,1499,238,15.877251501000666,0.12200704641348045,0.016130457612122718,19.753131878055203,16.396886190603198,3.4222862421562312,144.23864508222138,153.29376445366734,9.23329616834702,8.347054054695446,37.06462112510036,17.556707243000435,14.20046155554843,20.803770608242296,0.18275378214066879,1.0,2.0,-1.0,29.037677046408348,52.31345077605006,49.72533041441053,0.015527534175878396,0.10415585261291321,1272.1357850070722
672695,Geraldo Perdomo,2025,720,1339,255,19.04406273338312,0.09487917377554803,0.011830963263336335,16.913197873408173,15.08257780306997,2.6459940863925913,140.69265338545702,145.63164915762343,7.1388672164267994,6.704779932253994,37.06462112510036,15.338677560851488,13.508057490513286,17.242950238412707,0.1179149787920174,9.0,3.0,6.0,24.194189312764745,44.490026760854555,42.60060238578653,0.015157458885802695,0.08677204379527309,1115.8333333333333
681082,Bryson Stott,2025,563,1163,272,23.387790197764403,0.08995499985801837,0.011796520928859007,17.747735628411508,14.878204435007639,3.3378003869748247,140.14125595616042,147.8832241897453,9.005354123839806,8.177510736146154,37.06462112510036,15.590541966864782,12.721010773460913,17.300523398279996,0.17540508022603016,54.0,4.0,50.0,24.467759961381,41.12105189270713,39.096885173622454,0.014319253595293322,0.09183910606495592,1239.4316163410301
669257,Will Smith,2025,438,922,179,19.414316702819956,0.11859489767700254,0.012302019102030787,18.331193175760525,14.866050314133588,3.669536322747341,140.1084642520903,149.4573871776246,9.900374565713047,8.830119895078488,37.06462112510036,16.185869017990626,12.720726156363689,17.786076387540927,0.20451874664015626,11.0,5.0,6.0,21.228486684183455,34.610257702488646,33.04417106731661,0.01451385142983209,0.08822031222844776,1263.0136986301368
670623,Isaac Paredes,2025,439,963,207,21.49532710280374,0.10349252326578118,0.012765184630196475,17.70755857435359,14.24122498669269,3.75831778718245,138.4226913816973,147.77482687489805,10.139906123678943,8.998803565764394,37.06462112510036,15.70696902948828,12.240635441827378,17.194875684429757,0.2124073130364531,29.0,6.0,23.0,21.422952316016705,34.37898267291875,32.91521798925896,0.013453821762099734,0.08861222175939433,1316.1731207289295
663656,Kyle Tucker,2025,591,1108,195,17.59927797833935,0.11323797474806799,0.011918359589555507,15.808646771263575,14.092189092475424,2.660158462472541,138.020593937576,142.6515806485821,7.1770825701792145,6.736409398279851,37.06462112510036,13.841575295858174,12.125117617070023,16.335577608704526,0.11903011901316515,4.0,7.0,-3.0,22.081405075873256,37.65292214556788,35.71535674229356,0.014053715766872404,0.07871796496881603,1124.8730964467004
678246,Miguel Vargas,2025,570,1121,242,21.587867975022302,0.09715579678097158,0.011924490647259676,16.503967311567383,13.973031938863565,3.24547183826521,137.69910905524122,144.52754894178807,8.756252565785326,7.989629728001032,37.06462112510036,14.278766803471402,11.747831430767585,16.189088421616688,0.16743769134637343,30.0,8.0,22.0,23.511702820995122,39.19047176698414,37.076531284292955,0.013986412975904562,0.09208706768147645,1180.0
543807,George Springer,2025,583,1119,231,20.64343163538874,0.08947023510748109,0.011821891178451916,16.022265060135094,13.807415552431898,3.05623028621578,137.2522775987084,143.22792078747227,8.245680634102273,7.596103673665973,37.06462112510036,14.245132453168704,12.030282945465508,16.66174382046737,0.1513497432651185,22.0,9.0,13.0,20.66762430982813,36.2359251932594,34.50914467682372,0.013912690691180755,0.08877452070805748,1151.629502572899
664023,Ian Happ,2025,663,1270,262,20.629921259842522,0.10520569805683674,0.01236740506129323,15.194679222799758,13.032136306566782,3.1188436169865152,135.16058146818975,140.99510196398538,8.41461081299012,7.727557261847605,37.06462112510036,13.1572722425287,10.994729326295724,14.301830411342928,0.15663340372016177,21.0,10.0,11.0,27.56389289089123,44.35401343208496,42.10267871888544,0.013220567355270656,0.09670613284117358,1149.3212669683257
663757,Trent Grisham,2025,582,1122,194,17.290552584670234,0.1302658849639711,0.01341096273223478,14.736073626386894,12.7599966463648,3.0168142175630344,134.42635121858473,139.75778836818475,8.13933645073747,7.512721111930816,37.06462112510036,12.581612830458676,10.605535850436581,14.677638153749475,0.14804524262659252,3.0,11.0,-8.0,25.271581683010393,39.56557310060568,37.47574612855531,0.012739742796430737,0.0873622623218871,1156.701030927835
673548,Seiya Suzuki,2025,651,1305,267,20.45977011494253,0.11040158068284286,0.012455824022301963,14.946119288067422,12.640297751163917,3.276101083058558,134.1034047225262,140.32448959243732,8.83888998082855,8.052258038550386,37.06462112510036,12.980926282432415,10.67510474552891,14.89248718856097,0.17007296725410131,20.0,12.0,8.0,29.477222042319045,45.6937614698722,43.561527058758216,0.012426466994293605,0.09839698144792379,1202.7649769585253
672580,Maikel García,2025,669,1210,253,20.909090909090907,0.08779422827993424,0.011982085847824524,14.07319965570634,12.393747433112097,2.827087388884359,133.43821427792494,137.96936061536022,7.627455247262302,7.104606810357679,37.06462112510036,12.209282179365404,10.529829956771161,15.370272566407921,0.1323975709288903,25.0,13.0,12.0,22.211939754823362,37.90355737093593,35.82528938481579,0.012968279021580636,0.09061944865392939,1085.201793721973
663697,Jonathan India,2025,563,1049,199,18.970448045757866,0.12608860310450992,0.011867062976342935,13.860339092489454,12.146462312116215,2.8885507473063843,132.77104134187564,137.39506481317613,7.793282811544085,7.238037015494975,37.06462112510036,11.719576550683284,10.005699770310045,12.150770274617505,0.13741733480577947,8.0,14.0,-6.0,25.091632017797476,38.097250199583414,36.08850134785529,0.012398110754800703,0.08368534332403162,1117.9396092362344
680757,Steven Kwan,2025,693,1298,295,22.727272727272727,0.0906541960133561,0.010452027005629685,13.59958687527878,12.012165124161926,2.797461608962096,132.40870878895137,136.6915577779077,7.547525171025262,7.039878662629813,37.06462112510036,11.632077591179149,10.044655840062296,13.093256995982621,0.12999608384620395,46.0,15.0,31.0,26.74298782394005,42.45051066488704,40.17803744175197,0.01210132730427349,0.08968272033445429,1123.8095238095239
608324,Alex Bregman,2025,491,915,184,20.10928961748634,0.1032378618664086,0.013462672323764493,13.982101915835427,11.898815804682615,3.2219714411971427,132.10289338860844,137.72357976800328,8.692848715011433,7.941376148210327,37.06462112510036,12.135848672310756,10.052562561157943,14.128241650625487,0.16542131006379127,17.0,16.0,1.0,18.995766583419183,30.437786651211173,28.926936080260152,0.01250493996479999,0.08716484883466864,1118.1262729124237
686555,Isaac Collins,2025,442,826,152,18.401937046004843,0.12389900210540022,0.01397468302291543,14.053444862705827,11.83200776123176,3.3377122675184756,131.92264591427067,137.91606236921376,9.005116378373444,8.177332713093874,37.06462112510036,12.319556630700673,10.098119529226604,14.61682193449006,0.17539744323015682,7.0,17.0,-10.0,18.832648320020834,29.185352702214125,27.90805503797033,0.012533540414277594,0.08555194553208313,1121.2669683257918
689414,Liam Hicks,2025,391,718,127,17.68802228412256,0.12445921333490219,0.018564959822576055,14.29320796915174,11.570233970772769,3.742534732120658,131.2163826839642,138.56294098058999,10.097323589222373,8.969000237351606,37.06462112510036,12.134934286644798,9.411960288265826,13.09919078074667,0.21100269032319355,5.0,18.0,-13.0,15.806320093532578,25.12072728676313,23.71425227032944,0.012972711968287675,0.09101838480682417,1101.7902813299233
672515,Gabriel Moreno,2025,309,620,163,26.29032258064516,0.07808356565229845,0.014698706078317126,15.868018032877918,11.44625309528264,4.798464086023372,130.8818834452652,142.81176375530794,12.946211077748819,10.789903230293005,37.06462112510036,13.658943471279693,9.237178533684414,15.115082306213178,0.3053760836251734,108.0,19.0,89.0,12.727621201324647,20.899650488256775,19.76197708903369,0.013180692398277625,0.0992461419006647,1203.883495145631
573262,Mike Yastrzemski,2025,554,1131,251,22.192749778956674,0.10492742284296284,0.012146080471672026,13.020485762864656,10.882962969903394,3.433798479466038,129.36213197261955,135.1291484106042,9.264356076583907,8.369980083846935,37.06462112510036,10.825527121099157,8.688004328137895,13.352540244589193,0.1837590643371989,37.0,20.0,17.0,26.336783133583673,38.35903165462871,36.33235317539856,0.010629751123824078,0.09427618845302585,1224.9097472924188
666158,Gavin Lux,2025,505,1001,196,19.58041958041958,0.12261647494809105,0.010416434751489508,12.397928915772617,10.866546232534388,2.9089554834411766,129.31783976924427,133.44949587890613,7.848334598168107,7.282076194897226,37.06462112510036,10.63907221174444,9.10768952850621,12.11535080825599,0.1390946286077288,12.0,21.0,-9.0,24.032829089825846,34.46775259393447,32.98738153471075,0.010424499005103517,0.07738560177670699,1189.3069306930693
605141,Mookie Betts,2025,664,1188,255,21.464646464646464,0.09630221780407487,0.010437835362757624,11.738564293358326,10.588736257652316,2.5584175586150604,128.5683110638397,131.67053631477407,6.902586566256538,6.507892919114989,37.06462112510036,10.234721151389946,9.084893115683936,11.054351828598818,0.1110914712778076,28.0,22.0,6.0,24.557065540039094,37.54774335802231,35.883490280910635,0.010934913988201359,0.08214479226543897,1073.4939759036145
542303,Marcell Ozuna,2025,590,1371,308,22.465353756382203,0.12191888968112886,0.011019249137904072,12.883816273159322,10.432160360347385,3.7680097515315194,128.14587076213945,134.76041540981606,10.166054952548276,9.01706554296705,37.06462112510036,10.474210274373352,8.022554361561415,14.666295111219707,0.2132702974179823,41.0,23.0,18.0,37.55101802178769,50.220104023727686,47.85065812492149,0.00924076294816922,0.10006773088634767,1394.2372881355932
663457,Lars Nootbaar,2025,578,1144,251,21.94055944055944,0.1015415206677402,0.013510065775603196,12.579180359126184,10.302917993155607,3.6569495380384427,127.79717606820056,133.93851057230285,9.866415538676414,8.806001026591355,37.06462112510036,10.945502320626245,8.669239954655668,11.31454885883654,0.2034030145634443,35.0,24.0,11.0,25.48692168760279,37.60486543356102,36.03108892313941,0.010592608169543901,0.10415558041296144,1187.5432525951558
680977,Brendan Donovan,2025,511,914,228,24.945295404814004,0.0832228926118412,0.011954512411336996,11.938237193248261,10.128309090115652,3.2933196722851235,127.32608288623975,132.20925192504833,8.885345572991355,8.087334438976441,37.06462112510036,10.27276548257625,8.462837379443641,12.05700384393003,0.1715579024655775,81.0,25.0,56.0,18.974819515499792,29.14221819174956,27.7237914514939,0.011124068573577428,0.09277488832563636,1073.1898238747553
606466,Ketel Marte,2025,548,1068,267,25.0,0.08787087312636144,0.011773078350574773,11.989023274405103,9.839808520441206,3.6494880316926137,126.54771105640046,132.3462722954588,9.846284464570342,8.79167930545778,37.06462112510036,10.282136156532042,8.132921402568146,12.137704096977107,0.20274193982924618,83.0,26.0,57.0,23.461523124738505,34.41149771536183,32.8525408143711,0.010252785197212854,0.10199423513681619,1169.3430656934306
571970,Max Muncy,2025,386,830,167,20.12048192771084,0.12946612089341322,0.015695316533940094,12.669867740001582,9.662822706949065,4.362722948324447,126.07020499234336,134.18318427494052,11.770585577009953,10.080566526821107,37.06462112510036,10.721898404530883,7.714853371478366,11.976109854979514,0.2665445468471757,18.0,27.0,-9.0,21.620842189200008,29.77179043526769,28.51859682944821,0.009820419573575523,0.09742146192597285,1290.155440414508
545361,Mike Trout,2025,553,1204,252,20.930232558139537,0.12890316302964744,0.012473821725101966,11.890327475780387,9.567623856193192,3.85653551545556,125.81335938630153,132.0799919568804,10.40489663293467,9.182480188667393,37.06462112510036,9.487578417667422,7.164874798080227,11.311759454986875,0.2211667935805502,26.0,28.0,-2.0,32.48359708347115,43.44251557364874,41.227981858421295,0.00910209176925049,0.10243726454204082,1306.3291139240507
672386,Alejandro Kirk,2025,505,993,288,29.003021148036257,0.07615073043717033,0.010937247553976343,11.71439752373868,9.533505470232399,3.7447704395272843,125.72130830112886,131.6053345971089,10.103355506826713,8.973226792732945,37.06462112510036,9.904206182841754,7.723314129335472,11.955694223459734,0.21120160317015216,157.0,29.0,128.0,21.931410365905055,31.791028281718443,30.267450569796864,0.009929121768190725,0.10002088740756851,1179.8019801980197
641487,J. P. Crawford,2025,654,1262,277,21.949286846275754,0.1125240078547958,0.010582100031869119,10.175356042766037,8.98332436650015,2.8670707859136666,124.23692484587842,127.45301512302585,7.735330077263547,7.1915384367302355,37.06462112510036,8.402159849048726,7.21012817278284,9.97167039776191,0.13565741388502606,36.0,30.0,6.0,31.169150175778437,42.260288262393416,40.32750441124155,0.00878854048067748,0.08797013045029363,1157.7981651376147
621566,Matt Olson,2025,722,1610,403,25.03105590062112,0.11696900529226355,0.010121538273675587,10.164989776477544,8.462900571208152,3.5497622172389667,122.83282632957236,127.42504703385126,9.577225152950637,8.598553350795969,37.06462112510036,7.693308951423731,5.991219746154339,10.081371463629107,0.19393254738554297,84.0,31.0,53.0,47.13850913278221,59.37038016381019,56.3961242376621,0.007597435422998745,0.10645652159444402,1337.950138504155
660670,Ronald Acuña,2025,407,869,202,23.24510932105869,0.1138454796004475,0.015485233608563872,11.557268965647065,8.438856767759153,4.812980674726179,122.76795637348175,131.18140322179207,12.985376697852722,10.812545902540109,37.06462112510036,9.209463361599022,6.091051163711111,13.137910112123347,0.30665909525492135,52.0,32.0,20.0,22.996786879290394,30.836467660987655,29.243872859575063,0.009021496871918595,0.11075093171480865,1281.081081081081
656555,Rhys Hoskins,2025,328,697,140,20.086083213773314,0.12132807605242064,0.016673983520859588,11.043408574382447,8.260261957802193,4.605605339173797,122.28610925206058,129.79501270796425,12.425879988436888,10.483084990836844,37.06462112510036,9.090636425890883,6.3074898093106295,11.657219156731854,0.2882558536249576,16.0,33.0,-17.0,16.98593064733889,23.022994001334627,21.95547856015924,0.008661496921084273,0.09536585882280939,1275.0
665489,Vladimir Guerrero,2025,672,1227,266,21.67889160554197,0.1079610542758338,0.011086158318912121,9.076021115461222,8.053984979661625,2.833803722104871,121.7295759006354,124.48701980475633,7.645575851268594,7.119243700135002,37.06462112510036,7.517380147207949,6.495344011408352,9.361004587795772,0.13294366304080185,33.0,34.0,-1.0,28.71764043737179,38.88278408668836,37.137106202244695,0.008284550651439746,0.09060778373500863,1095.5357142857142
805367,Chase Meidroth,2025,505,960,216,22.5,0.10664923488301922,0.011520726149537018,9.226173753031917,7.941892264316975,3.203682182732253,121.42715080645647,124.89213021196622,8.643504467290244,7.903701557694848,37.06462112510036,7.313739141898328,6.0294576531833854,9.810434172382452,0.16385548645931095,42.0,35.0,7.0,23.03623473473215,30.801597643534016,29.191965179163244,0.008088919696668608,0.08702698484490332,1140.5940594059405
646240,Rafael Devers,2025,723,1562,402,25.73623559539053,0.11352119140507046,0.009552417322924651,9.25063007097977,7.7813777806807485,3.4693826554762515,120.99408423579206,124.95811312830389,9.360361849555686,8.440576437746062,37.06462112510036,7.223255128833981,5.754002838534959,9.466119683334238,0.18687195799342543,97.0,36.0,61.0,45.635518944838324,56.78252818036895,54.33954137508327,0.007136369548995277,0.1057788241701791,1296.265560165975
700337,Edgar Quero,2025,404,703,135,19.203413940256045,0.12798516747098904,0.01434289665430449,9.159569402762294,7.756441856625325,3.39704435442488,120.92680734667654,124.71243229992005,9.165193792104846,8.296638021339204,37.06462112510036,7.614374905081159,6.21124735894419,7.7845987248741455,0.1805527911383339,10.0,37.0,-27.0,17.27799760858352,23.445441006443463,22.4050100446715,0.008773034705348426,0.08626878263246993,1044.0594059405942
702616,Jackson Holliday,2025,645,1120,250,22.321428571428573,0.11228877262264317,0.010671237879174006,8.51649924408339,7.625265381305839,2.735698088351656,120.57289444715778,122.9774350460471,7.380887771975703,6.904073873492334,37.06462112510036,6.992969191984827,6.101735329207276,8.174757882787244,0.12502900672614686,38.0,38.0,0.0,28.07219315566079,37.22742984305043,35.58963503704448,0.00817431847088361,0.08787546170816893,1041.860465116279
650490,Yandy Díaz,2025,647,1222,294,24.058919803600652,0.10313873312736602,0.010441138040931483,8.579624116737914,7.552528613668667,2.9540989083836595,120.37665133059745,123.14774536013738,7.970131135060026,7.379050664796898,37.06462112510036,6.949466376273101,5.922370873203853,7.935961469726175,0.14282390599262815,66.0,39.0,27.0,30.32278753944561,39.57448221199466,37.8166287818601,0.007570944903886294,0.09112603194963903,1133.2302936630601
502054,Tommy Pham,2025,447,742,147,19.81132075471698,0.1182969869147872,0.010184416857299768,8.084547832508042,7.326264501764638,2.5861631508092056,119.76619287982753,121.8120341908288,6.977443913645841,6.570515828899552,37.06462112510036,6.358149830629488,5.599866499886084,8.197793578569955,0.11323973735919853,13.0,40.0,-27.0,17.389657076473718,23.412645211692208,22.126478700292687,0.008117234683582872,0.070731071860041,995.973154362416
669364,Xavier Edwards,2025,616,1054,277,26.280834914611006,0.0927103777791278,0.00999323584709221,8.172430405944393,7.253078141070431,2.8653266330506177,119.56873676541808,122.04914054931477,7.730624369205283,7.1877565579814,37.06462112510036,6.5706809634146435,5.651328698540682,7.808775786210496,0.13551477264163583,107.0,41.0,66.0,25.6807746448184,34.07113652825464,32.426673767257434,0.007960495145575182,0.09061149437317047,1026.6233766233768
687462,Spencer Horwitz,2025,410,805,188,23.354037267080745,0.11662379173798437,0.010484132579580802,8.479184859400993,7.11198241707628,3.5370205882904844,119.18806182605225,122.87676118631317,9.542848357608586,8.573648973526153,37.06462112510036,6.600898072144445,5.233695629819732,7.881964729127193,0.1928107831098472,53.0,42.0,11.0,21.925272846741063,27.719382500665073,26.4358865293731,0.007197651744004985,0.08518679007920239,1178.0487804878048
668930,Brice Turang,2025,657,1310,311,23.740458015267176,0.11641960504906712,0.009442163978922459,8.011867961697554,7.09839222820813,2.894582176840227,119.15139562400938,121.61594458137297,7.809555551830532,7.251067926561059,37.06462112510036,5.903822213481458,4.990346479992034,8.154462988929438,0.13791257542781313,61.0,43.0,18.0,36.20649717025987,44.97949258831869,42.67118249402207,0.006696943067220474,0.08757181582118807,1196.3470319634703
671289,Tyler Freeman,2025,427,779,199,25.54557124518614,0.09694798575756318,0.010844850324521264,8.201200180176366,7.089759467225593,3.1952810719412454,119.12810451588393,122.12676113023173,8.62083834920785,7.886360365863304,37.06462112510036,6.85601273640384,5.744572023453067,8.352339547669091,0.16313725785515357,92.0,44.0,48.0,19.292649165755073,25.129169960647253,24.171844896495806,0.007492324512056715,0.08147361051555374,1094.6135831381732
630105,Jake Cronenworth,2025,514,1043,233,22.33940556088207,0.1335051588566314,0.011769783138895342,8.252774406417219,6.927996974376127,3.5390554989187564,118.69167082807289,122.26590790868329,9.548338527389099,8.577629830122069,37.06462112510036,6.326633144707551,5.001855712666459,7.815256354179794,0.19298987377994056,39.0,45.0,-6.0,31.106702013595115,38.17657875509253,36.52651774089458,0.006778405313036833,0.09387654284524945,1217.5097276264592
607043,Brandon Nimmo,2025,649,1177,289,24.55395072217502,0.10570937130490639,0.009692092298884462,7.715561249872012,6.872315181670977,2.837832437036822,118.54144187384398,120.81651185325887,7.65644528635159,7.128016834641747,37.06462112510036,5.860288291896856,5.017042223695821,6.963087507620565,0.13327152126004543,74.0,46.0,28.0,30.550008307117945,38.8956737257295,36.88888680951971,0.007090624824648734,0.08947299261151861,1088.135593220339
502671,Paul Goldschmidt,2025,531,991,273,27.547931382441977,0.08881777791592786,0.01101133735091757,8.142362618885636,6.853403218050573,3.5146278219807847,118.49041757345636,121.96801794197104,9.482432884227325,8.529754926985385,37.06462112510036,6.402445443540609,5.113486042705546,8.114673173084515,0.19084159097157397,129.0,47.0,82.0,24.247253371048306,31.453244288762093,29.913417588581744,0.007271433822112804,0.09880656152115457,1119.774011299435
643565,Mike Tauchman,2025,383,745,178,23.89261744966443,0.1231087070076788,0.010275433384866313,8.135496101276445,6.807684481581851,3.5822191619907393,118.36706885146506,121.94949214189334,9.664793685331485,8.661757905537804,37.06462112510036,6.22916488747162,4.901353267777026,6.836895504117787,0.19679406827695461,63.0,48.0,15.0,21.913349847366828,27.106508192014957,25.889633433869545,0.006970682341809572,0.08377637024786858,1167.1018276762402
656716,Zach McKinstry,2025,510,969,259,26.72858617131063,0.09522961592485991,0.010873759190685632,8.004525704250081,6.754974967954984,3.49207205167565,118.224859078299,121.5961352396757,9.42157762759593,8.485379200915135,37.06462112510036,6.247076954566466,4.997526218271369,6.616491577457299,0.18886106395710864,113.0,49.0,64.0,24.664470524538718,31.468317373151287,29.974485935920214,0.007021513775657967,0.09535428918852665,1140.0
656305,Matt Chapman,2025,535,1066,214,20.075046904315197,0.13944688244243084,0.013101029423335712,7.938203673852529,6.736209269321799,3.4309793191013025,118.17422939947443,121.41719902399524,9.256750008373416,8.36436978441899,37.06462112510036,5.9375595575396405,4.735565153008911,9.060134681270473,0.18351280380883825,15.0,50.0,-35.0,29.841632842680198,36.91986445186537,35.13595678148638,0.006639992128691531,0.09370052615074681,1195.5140186915887
595777,Jurickson Profar,2025,372,793,191,24.08575031525851,0.10813802091686704,0.012245747731096072,8.269190045984415,6.661355287082463,3.99621114471586,117.97227405778433,122.31019715019958,10.781740170034018,9.438389237379099,37.06462112510036,6.150858136417379,4.543023377515428,9.52112270362459,0.2336660886007151,69.0,51.0,18.0,20.654361995121604,25.781259823631938,24.46789403970038,0.006465192721955028,0.08798396356271962,1279.032258064516
457705,Andrew McCutchen,2025,549,1093,228,20.860018298261664,0.13298205943259378,0.011782391680802726,7.412362088852009,6.394144792395834,3.263926639848612,117.25134265048695,119.99848336189336,8.80604344728689,8.027400343378682,37.06462112510036,5.516940723472618,4.498723427016443,7.648408736522598,0.16902454170095063,24.0,52.0,-28.0,30.319909550631383,37.102220861930974,35.36791031260883,0.006205225353430547,0.09033403344542873,1194.535519125683
668939,Adley Rutschman,2025,367,731,158,21.61422708618331,0.12321388478892988,0.010671771731886005,7.224896732167006,6.240528996384524,3.2596191512713815,116.8368886743008,119.49270358863663,8.794421883524798,8.018594070349561,37.06462112510036,5.478417740121068,4.494050004338585,7.8607434962629945,0.1686538962241948,31.0,53.0,-22.0,19.46779379665092,23.887022297826405,22.818759314358307,0.006045456225958257,0.07374337094853253,1195.0953678474114
683011,Anthony Volpe,2025,596,1127,271,24.04614019520852,0.11365559390114702,0.012263356938558864,7.2247044134050515,6.133990973712331,3.469480150360236,116.54945008882974,119.4921847144215,9.360624889837833,8.440769304445638,37.06462112510036,5.364193634232168,4.273480194539448,6.336984757966799,0.1868804981185743,65.0,54.0,11.0,30.80066594721084,37.97720566452653,36.12909829054813,0.006367825836127493,0.10265910140439756,1134.5637583892617
666018,Jonathan Aranda,2025,415,824,233,28.276699029126213,0.09852953962130706,0.011280080271085747,7.491718653756029,6.053283709189183,4.018637524168566,116.33170264646215,120.21258662936285,10.842246331359702,9.478900133952195,37.06462112510036,5.395134176788553,3.956699232221707,8.159411359581684,0.23567624886452837,141.0,55.0,86.0,22.957382731764547,28.139154800612467,26.689017204043296,0.006288558335980486,0.0968304779797615,1191.3253012048192
669701,Josh Smith,2025,561,1062,272,25.6120527306968,0.1073027003651513,0.009506977758096806,6.87726283702262,6.0014652383679765,3.1532699263763138,116.19189689842466,118.55479060155642,8.50749267268485,7.799308077400171,37.06462112510036,5.088307899431484,4.212510300776841,5.6343271316155334,0.15955560784848655,93.0,56.0,37.0,29.186334499321152,35.616575251937306,33.94390238528959,0.006054840633348541,0.090471231361996,1135.8288770053475
670770,TJ Friedl,2025,683,1226,219,17.862969004893962,0.14174419967849772,0.008532839041138475,6.3613977716859145,5.935120551181698,2.2159039043517206,116.01289955494082,117.16299149589294,5.978487941027673,5.71652145343322,37.06462112510036,4.929226526116679,4.5029493056124625,6.1446299992433335,0.0857163356954414,6.0,57.0,-51.0,31.041979729591,38.28337085969346,36.653082591820485,0.005906518050654539,0.07204023832769668,1077.0131771595902
686948,Drake Baldwin,2025,447,865,249,28.78612716763006,0.09092123189794134,0.012092832149153037,7.369289823342865,5.847170734323069,4.228347052138073,115.77561177433252,119.8822747937179,11.408040670014064,9.850021701101694,37.06462112510036,5.888774990435257,4.366655901415461,7.19686599029076,0.25449209464793404,151.0,58.0,93.0,22.639386742587394,28.12950766097783,27.02652411046166,0.0063469605992953005,0.10710724409617997,1161.0738255033557
694384,Nolan Schanuel,2025,559,1030,251,24.368932038834952,0.10369496593078474,0.010199158783538017,6.595723630181395,5.843598410979008,2.973482771781059,115.7659736794711,117.79520046331928,8.022428616617912,7.420495892858154,37.06462112510036,4.776857649494935,4.0247324302925485,6.363426573422566,0.14443278307234306,71.0,59.0,12.0,26.02743644862697,32.17245229741263,30.477875492073082,0.005966034804646277,0.08631919304883327,1105.5456171735243
690993,Colt Keith,2025,467,895,227,25.363128491620113,0.11082758742198522,0.010209630732626809,6.832952307847367,5.842032866534269,3.4136252473199087,115.76174985524946,118.43524120962903,9.209928885548983,8.32977823101097,37.06462112510036,5.045399007243093,4.054479565929995,6.23885747723655,0.18199807722730166,89.0,60.0,29.0,25.157862344790644,30.47617689106518,29.08486457209485,0.005942250889692216,0.08881165321258554,1149.8929336188437
671056,Iván Herrera,2025,447,875,223,25.485714285714284,0.11783221245549243,0.009709460479122531,6.753340651714858,5.816660384461879,3.328380369315186,115.6932951367006,118.22044970841874,8.979939004586747,8.158465978014014,37.06462112510036,4.795294091898795,3.8586138246458166,6.106252601967597,0.1745890232365504,91.0,61.0,30.0,26.276583377574813,31.307822163102383,29.849077476039415,0.0057499871834600785,0.0838272459483517,1174.496644295302
664770,Nathan Lukes,2025,437,767,243,31.681877444589308,0.07448174624223294,0.012346991369873075,7.320134317721904,5.8142825524474295,4.221288229001486,115.68687976823799,119.74965370080275,11.38899603142795,9.837754998565241,37.06462112510036,5.779824399584506,4.273972634310031,8.084197536988095,0.2538586270135568,197.0,62.0,135.0,18.099064336862604,23.430562164936724,22.30870310789332,0.006951105382104459,0.11101393868608408,1053.0892448512586
608348,Carson Kelly,2025,422,821,179,21.8026796589525,0.12651720572097036,0.010704003736755714,6.617604641659323,5.736411183314523,3.2579471938602613,115.47678354502266,117.85423522696647,8.789910958118394,8.01517431692019,37.06462112510036,4.749883483335463,3.868690024990663,6.702932855697302,0.16851007256923833,34.0,63.0,-29.0,22.646579824053696,27.300961755354088,25.98733120733297,0.0056691619138859815,0.07997120920628037,1167.2985781990521
656775,Cedric Mullins,2025,496,1030,273,26.50485436893204,0.12379261314728324,0.00953197548211798,6.692797058975127,5.694671444398271,3.48413983824091,115.36417012109105,118.05710366331718,9.400176590180848,8.46973486747898,37.06462112510036,3.752407762241011,2.754282147664155,5.772549820799052,0.18816530676992663,111.0,64.0,47.0,33.795383389208325,39.328095624627764,36.89737380599423,0.00537156527710625,0.08974440677149301,1245.967741935484
683737,Michael Busch,2025,589,1101,255,23.160762942779293,0.12722356352109201,0.010060518775427676,6.36812571246742,5.681373017066297,2.8945080816443833,115.32829108893505,117.18114341698987,7.809355643687417,7.250907911909588,37.06462112510036,4.5101058354928645,3.823353140091741,5.799293304672255,0.13790648865841085,51.0,65.0,-14.0,32.442008697878464,38.69338543895065,36.869429259720626,0.0056779080300383145,0.08563378720925113,1121.5619694397283
643376,Danny Jansen,2025,339,649,129,19.876733436055467,0.14245669111649747,0.013354523312565758,6.856590830511423,5.627653928022045,3.8964908550863453,115.18335749076623,118.49901772196479,10.512695764337979,9.2563194336793,37.06462112510036,5.0259447669990625,3.797007864509684,7.290941674533962,0.22473803996679903,14.0,66.0,-52.0,18.376913154028173,22.25088697326713,21.216571947382644,0.0059691430188581725,0.08641711445269654,1148.6725663716813
676694,Jake Meyers,2025,382,639,151,23.630672926447573,0.094037539476935,0.011893725344033348,6.2042557627846335,5.422899129969506,3.184806985959555,114.63093096693518,116.73902383041784,8.592579363512735,7.864708961297488,37.06462112510036,4.814226361536177,4.0328697287210495,7.455082876459563,0.16224272552849123,59.0,67.0,-8.0,14.199668461017184,18.149711296656733,17.264725911195217,0.006181600681752035,0.08021300761360776,1003.6649214659685
691026,Masyn Winn,2025,534,1041,271,26.032660902977906,0.10350978336298435,0.010041853698251167,6.198962577181261,5.406676129308631,3.2134716892659347,114.58716146338051,116.7247428653285,8.669916464058376,7.923880430225797,37.06462112510036,4.394933333876629,3.602646886004,5.76326424512904,0.16469323058351107,103.0,68.0,35.0,28.051151291368758,33.568227985060076,31.962641958518958,0.00529978548865641,0.0886419129846501,1169.6629213483145
650333,Luis Arráez,2025,677,1138,388,34.09490333919156,0.07052848056037292,0.009211733769860866,6.1155849195604475,5.38674191095581,3.089799175576067,114.53337912931715,116.499790727441,8.336249182602971,7.666733034362258,37.06462112510036,4.743358626582665,4.014515617978027,6.052332554880724,0.15417735942349695,225.0,69.0,156.0,27.36505045742469,34.2654687749954,32.71714010775213,0.006063636482926806,0.10334668254738913,1008.5672082717873
808982,Jung Hoo Lee,2025,615,1088,247,22.702205882352942,0.11554799366785865,0.010157124933751033,5.847626560287462,5.329554437112947,2.6238349595904285,114.37908786150722,115.77684158850721,7.079082100244519,6.655177745392296,37.06462112510036,4.394239907720169,3.876167784545654,5.7681251949564505,0.1161767544474614,45.0,70.0,-25.0,28.540354435961085,34.53417166025573,33.04445034137426,0.005509023184094346,0.08153534852679466,1061.4634146341464
608070,José Ramírez,2025,652,1371,400,29.175784099197667,0.09595377151318135,0.010281135389235661,6.395642466054658,5.302594896380663,3.8242950609328696,114.30635127358612,117.25538335996505,10.317912189160452,9.122527117463632,37.06462112510036,4.594326944601672,3.5012793749276776,6.866755358914596,0.21828819396052138,158.0,71.0,87.0,38.38150860527254,45.33144008505194,43.374010551739694,0.0050692425089565235,0.11223518081142908,1261.6564417177915
696285,Jacob Young,2025,366,605,140,23.140495867768596,0.10723190662230767,0.012092468622642016,6.042577646796832,5.29571966692903,3.163971872276518,114.28780196903926,116.30281779058782,8.536366422301993,7.821536757202878,37.06462112510036,4.89473153345931,4.147873553591508,5.71210595896086,0.1604663975475286,50.0,72.0,-22.0,15.012466927123073,18.698439291669143,17.998253162533253,0.006092516305034822,0.07846658678250223,991.8032786885245
802415,Chandler Simpson,2025,440,646,192,29.721362229102166,0.07743278773951189,0.010583523038388104,5.757861842675198,5.12598638773874,2.9755886900162705,113.82986317447447,115.5346572226957,8.028110364255648,7.424991584299406,37.06462112510036,4.613897546465594,3.982022091529136,5.165897676857764,0.14460784466720603,164.0,73.0,91.0,14.867095245986281,19.089527263948092,18.250620113394383,0.006536272473625096,0.08585351218355415,880.909090909091
672640,Otto Lopez,2025,590,1047,309,29.512893982808023,0.08317705158847477,0.01079196482922832,5.969470227930581,5.088171130339581,3.5320507861469395,113.72783796485065,116.10557466048945,9.529439878059392,8.5639210755379,37.06462112510036,4.501736648603014,3.6204375510120137,5.581661965895536,0.1923734944929501,161.0,74.0,87.0,25.701708940838703,31.571687998303773,30.128416645298334,0.005606474744474759,0.10733821280215491,1064.7457627118642
621493,Taylor Ward,2025,665,1356,280,20.64896755162242,0.14440359114362164,0.008874169068866794,5.571702739648684,5.050385502229531,2.7305200352725643,113.62589269477081,115.03240170955233,7.366917433356527,6.89263583596416,37.06462112510036,3.5166340710646815,2.995316833645529,5.095694309916318,0.12461507666715385,23.0,75.0,-52.0,40.43300552021406,46.60830938999135,44.33060828231075,0.004554058901015702,0.08218374312811791,1223.4586466165413
657656,Ramón Laureano,2025,485,938,243,25.906183368869932,0.10849773283029109,0.012087965626750092,6.046525656415419,5.041612540726227,3.795590979621262,113.60222332695591,116.31346948349265,10.240468847126209,9.06887086365597,37.06462112510036,4.2590065518748,3.2540934361856086,5.674652153021385,0.21572792055818557,99.0,76.0,23.0,26.364949077760734,31.252557316696535,29.807646040526198,0.005210669764323878,0.10017710452426505,1160.4123711340205
701350,Roman Anthony,2025,303,647,132,20.401854714064914,0.1366199366470809,0.020271967345014876,7.117730785824091,5.024181628427617,5.491554157951226,113.55519488913706,119.20357087099408,14.816161588206054,11.802804608141408,37.06462112510036,5.371445990712483,3.2778968333160092,7.9199917782966045,0.36540152604954224,19.0,77.0,-58.0,18.03383163741468,21.628285684255847,20.746411862724482,0.005555570396972436,0.10902711212203604,1281.1881188118812
702332,Caleb Durbin,2025,499,810,200,24.691358024691358,0.09910592250047234,0.011915472771688255,5.458508189726971,4.881381825377047,2.941640473131189,113.16992236046721,114.72700387602355,7.936518393652469,7.35235129185427,37.06462112510036,3.9752240294492585,3.398097665099334,5.2349613976153835,0.14179222587001522,76.0,78.0,-2.0,19.821184500094468,24.360843811217396,23.127245817919768,0.005604517668053002,0.08595999430115779,973.9478957915832
700250,Ben Rice,2025,531,1016,218,21.456692913385826,0.13195935402594175,0.00956778354673962,5.427760773821952,4.868583717985148,2.9008539066928223,113.1353931868148,114.64404763642989,7.826476620122116,7.264606097524426,37.06462112510036,3.439764081351626,2.8805870255148216,5.438897965792402,0.13842803798339726,27.0,79.0,-52.0,28.767139177655302,33.570707462487725,31.81133038965149,0.004727921540189397,0.0805419748448362,1148.0225988700565
624413,Pete Alonso,2025,703,1402,389,27.746077032810273,0.10001738178140226,0.011064817512814873,5.69813835329996,4.793998491447984,3.7288352600798724,112.93416294548729,115.3735238087761,10.060362542205201,8.9430667784513,37.06462112510036,3.9053277287513066,3.0011878668993304,6.5583527291597346,0.2097842449246889,134.0,80.0,54.0,38.90676151296548,45.583080283581936,43.48250383515243,0.004761996270054532,0.1166818387697392,1196.5860597439544
605137,Josh Bell,2025,532,1091,293,26.85609532538955,0.11072664745893344,0.01065231356888107,5.673293151927664,4.73122859284516,3.8418043914554953,112.76481034805762,115.30649168860836,10.36515219861186,9.155127937345474,37.06462112510036,3.95954055363764,3.0174759945551357,5.927013296394075,0.21985115776568614,118.0,81.0,37.0,32.4429077054675,37.47322763351003,35.95370032969287,0.004610742372174637,0.10312958146894055,1230.451127819549
694671,Wyatt Langford,2025,569,1195,282,23.598326359832637,0.12978946277065415,0.008988873686388383,5.240335341199744,4.646161297489755,3.090643968443068,112.53529958341689,114.13837557791994,8.338528425831033,7.668505925910429,37.06462112510036,3.5052541963833117,2.9110801526733225,5.459425143690681,0.15424867306919243,57.0,82.0,-25.0,36.60062850132447,41.570213183228894,39.92477789756131,0.0041586482693760874,0.08478637001575343,1260.105448154657
701762,Nick Kurtz,2025,488,969,217,22.39422084623323,0.11654536024886981,0.01334766279183457,5.499613656258477,4.59040853508099,3.856304579876289,112.38487915359356,114.8379060390128,10.40427357090878,9.182051929567185,37.06462112510036,3.77204583340018,2.862840712222693,6.898559423432891,0.22114616419037747,40.0,83.0,-43.0,25.29034317400475,29.763362281094977,28.35827378517023,0.004616118789566799,0.10075764570716429,1191.3934426229507
593428,Xander Bogaerts,2025,558,1005,239,23.781094527363184,0.10458011126423877,0.011085643664679725,5.152235710674712,4.588781571627305,3.0365472012096033,112.38048962146212,113.90068360144545,8.192575855451649,7.554525930558061,37.06462112510036,3.8098815106778683,3.246427371630461,5.840086706690013,0.14969743333037036,62.0,84.0,-22.0,24.994646592153067,29.78622580308055,28.537836397083485,0.004767740508385555,0.08907994783090693,1080.6451612903224
624424,Michael Conforto,2025,488,996,235,23.59437751004016,0.1434553868505339,0.010253564434485421,5.161111343995208,4.421550336580296,3.573478923133502,111.92930131851799,113.92462997685973,9.641212602908608,8.644770902117056,37.06462112510036,2.7353748189815414,1.995813811566629,3.761988712409383,0.1960229399348443,56.0,85.0,-29.0,33.71201590987547,37.909719802991575,35.93678742931379,0.004214562141682834,0.09209374359466373,1224.5901639344263
669397,Nick Allen,2025,415,718,180,25.069637883008355,0.1077885157078854,0.012250933951103429,4.985253059715002,4.286654820504837,3.5530086004598673,111.5653544819372,113.45016597603627,9.58598386441822,8.604890322141037,37.06462112510036,3.3123831463044913,2.613784907094326,4.8368029645547415,0.1942185019642082,85.0,86.0,-1.0,19.401932827419373,22.85006619372225,21.692997836946645,0.004802414159196206,0.09171299644913855,1038.0722891566265
664761,Alec Bohm,2025,499,825,218,26.424242424242422,0.10854007007625867,0.014257598421336868,5.102760606327245,4.2865114127724615,3.840649212125125,111.56496756922091,113.76720023416516,10.362035535618134,9.152980111275207,37.06462112510036,3.37456878387444,2.5583195903196563,4.188490956236785,0.2197480141151974,110.0,87.0,23.0,23.66173527662439,27.90553118088655,26.468251648546634,0.005143995035469284,0.11120567829507495,991.9839679358718
680777,Ryan Jeffers,2025,462,946,234,24.735729386892178,0.11154283053215411,0.011148998952741181,5.0148891639787445,4.241131625079256,3.768969706122261,111.44253332784545,113.53012390724975,10.16864490102637,9.018872692329449,37.06462112510036,3.095516643306921,2.3217591044074326,5.8885346580415465,0.21335579084178796,77.0,88.0,-11.0,26.10102234452406,29.962487000787696,28.48457015987039,0.004081886528819909,0.0943556267410243,1228.5714285714284
668227,Randy Arozarena,2025,708,1395,360,25.806451612903224,0.11368067660632887,0.010023786869326026,4.77221642596013,4.193652745285905,3.28654885545052,111.31443575568062,112.87539513719287,8.867077972705491,8.073552687109268,37.06462112510036,2.7893798937417777,2.2108162130675533,5.254990161955152,0.17097369171430501,98.0,89.0,9.0,40.92504357827839,46.55625896091134,44.21651185289369,0.004036713535937601,0.10383290293248953,1182.2033898305085
686217,Sal Frelick,2025,594,1076,282,26.20817843866171,0.10400367907267774,0.00941100182379849,4.338826601359199,3.9347407606753335,2.882890435610614,110.61589365069945,111.70611345712885,7.778011343702379,7.225797697481527,37.06462112510036,2.7186363881057183,2.314550547421853,4.000439427052344,0.13695299000084946,106.0,90.0,16.0,29.329037498495122,33.62447583384073,32.02048752271978,0.003992043062588854,0.08700760138665121,1086.8686868686868
649966,Luis Urías,2025,330,606,140,23.1023102310231,0.12477406261745591,0.011797743607465595,4.48389590119135,3.913326720669596,3.440164915864476,110.55811877170241,112.09750906681961,9.281532662247498,8.382640336823089,37.06462112510036,3.190896347849026,2.6203271673272717,4.234555906958093,0.1843153848246348,47.0,91.0,-44.0,17.468368766443827,19.93451151209907,19.22336175776079,0.004069542484579609,0.07686093085322529,1101.8181818181818
661388,William Contreras,2025,657,1270,320,25.196850393700785,0.12243135092369095,0.008848401805724564,4.276118411001244,3.8628800315230993,2.9573834558180874,110.42201407775119,111.5369273479648,7.978992813217593,7.386081672540336,37.06462112510036,2.259591617772571,1.846353238294426,4.3287684540760045,0.14309621050725557,88.0,92.0,-4.0,39.178032295581104,43.86038195562747,41.65228511704207,0.0036868894960994983,0.09086986811084981,1159.8173515981734
605170,Víctor Caratini,2025,382,665,160,24.06015037593985,0.11404178115509592,0.012935902524936916,4.385678083280348,3.823484428508968,3.477243324603918,110.31572511048732,111.83251831572169,9.381569861101616,8.456116846482413,37.06462112510036,2.7227150483922187,2.1605213936208383,4.303634007720831,0.18756071190692034,67.0,93.0,-26.0,18.246684984815346,21.038900031170503,19.98014689895839,0.00419881961857918,0.08584922361647024,1044.502617801047
665487,Fernando Tatís,2025,687,1393,340,24.40775305096913,0.12283844281289381,0.009696407195962346,4.14475425529716,3.6885946048122817,3.2227354239957435,109.95179363189105,111.1825080885295,8.694909933433232,7.942947593982306,37.06462112510036,2.1646433986207803,1.7084837481359019,4.810665204697339,0.16548678393961827,72.0,94.0,-22.0,41.7650705563839,46.51081417869914,44.24358724780469,0.0034068511287259494,0.09886773418989493,1216.5938864628822
665862,Jazz Chisholm,2025,530,1086,291,26.795580110497237,0.11226837916276505,0.010492401211456752,4.074322963382248,3.4963563012725807,3.7893794023483354,109.43313649280724,110.99248512383443,10.22371006993013,9.057224981401397,37.06462112510036,2.100705825565337,1.5227391634556695,4.332081404892185,0.2151742179253176,116.0,95.0,21.0,32.67009833636463,36.26908362068562,34.52572181561401,0.0033139827664097473,0.10157288703807295,1229.433962264151
641857,Ryan McMahon,2025,588,1206,301,24.958540630182423,0.13170295446473443,0.010481275805593208,3.993125699681271,3.4737197729232463,3.611723426326999,109.37206335173038,110.77341566828294,9.74439591365773,8.718920031079982,37.06462112510036,1.677211216141311,1.157805289383286,3.6765279789207885,0.19940007182853642,82.0,96.0,-14.0,39.64258929388506,43.55585247957271,41.286256285703544,0.003244828512178811,0.10192175844458973,1230.612244897959
660271,Shohei Ohtani,2025,711,1502,392,26.098535286284953,0.11621327411714737,0.010771850220606389,3.8114020521144267,3.2850932596265117,3.812131835478205,108.8631507888309,110.28312697234972,10.285095921017277,9.099822651995067,37.06462112510036,1.7418508451845893,1.2155420526966743,5.178564149177793,0.21720297947562775,104.0,97.0,7.0,45.55560345392177,50.072114885677365,47.61969670546551,0.003006998290116908,0.11656047149167689,1267.5105485232068
676609,José Caballero,2025,372,762,212,27.821522309711288,0.10493810218705531,0.010453270187717939,3.817471059916781,3.243336503063036,4.026133453558554,108.75049145144676,110.299501098452,10.862470278515906,9.492405162774487,37.06462112510036,2.210915608430497,1.6367810515767518,4.652574052090207,0.2363482850375876,136.0,98.0,38.0,22.246877663655724,24.613709720804128,23.617645340882632,0.0031060788151553863,0.09042788432806383,1229.032258064516
641355,Cody Bellinger,2025,656,1308,396,30.275229357798167,0.09008250077430238,0.00848243731033335,3.510889154159845,3.1703812695133013,3.163423248700166,108.55365891590432,109.47234599352818,8.534886241040999,7.820398107459918,37.06462112510036,1.9456623629220595,1.6051544782755158,4.886924273949021,0.1604196799450221,172.0,99.0,73.0,35.67267030662374,39.51124244850518,37.79992782341853,0.0029346881818665374,0.0956326122778072,1196.341463414634
643446,Jeff McNeil,2025,457,794,215,27.07808564231738,0.11138876806411327,0.009220918567766032,3.4731180589275237,3.157324146334065,3.0576829340553906,108.51843092008812,109.3704399330161,8.249599864342635,7.599167379265645,37.06462112510036,1.8051233046799124,1.4893293920864537,3.976262853870245,0.1514718544382116,125.0,100.0,25.0,23.948585133784352,26.593943388667483,25.32348738418222,0.003331685459550542,0.08265081640517344,1042.4507658643327
669289,Santiago Espinal,2025,329,614,144,23.452768729641694,0.12577637723497548,0.011591163261463257,3.5024298205882802,3.1275227782983857,3.3600180287588723,108.43802710876872,109.44952279093017,9.065297112894134,8.22231691507535,37.06462112510036,1.8390636917808765,1.464156649490982,2.3255245214184703,0.17733250356942556,55.0,101.0,-46.0,18.11179832183647,20.03229734012571,19.120218246162985,0.003127848563988991,0.07435361180361487,1119.756838905775
656941,Kyle Schwarber,2025,719,1589,344,21.648835745752045,0.14941921773103353,0.011379039907644533,3.5513769920608396,3.1205054711477853,3.6093716169075325,108.41909447992323,109.58158180026783,9.73805075391219,8.71437381099507,37.06462112510036,1.534090863784315,1.1032193428712604,4.669426899407411,0.19919218363360827,32.0,102.0,-70.0,51.40021089947554,55.655944328295114,53.23856311791041,0.002678246336576194,0.10850438512618556,1326.008344923505
669707,Jared Triolo,2025,378,699,168,24.034334763948497,0.12533027594240323,0.010527715007515374,3.5187998928512907,3.1175318059387913,3.4861663488230277,108.41107155909273,109.49368909228737,9.405644096715662,8.473733572956501,37.06462112510036,1.8111356076087104,1.409867520696211,3.0710744273470314,0.1883430207761382,64.0,103.0,-39.0,21.05548635832374,23.272330290820054,22.196501791117228,0.003171450547205026,0.08307112041323367,1109.5238095238096
663886,Tyler Stephenson,2025,341,685,174,25.401459854014597,0.12097267095474021,0.012862188950448357,3.7344595113894745,3.0627776731799603,4.583523405046023,108.26334542269429,110.0755367194634,12.366303137365774,10.447237114302176,37.06462112510036,1.709128855649428,1.0374470174399137,3.1964213908097188,0.28628778939182875,90.0,104.0,-14.0,21.049244746124796,23.171662568431145,22.02059964575222,0.003098420178549418,0.09953075448374313,1205.2785923753665
643289,Mauricio Dubón,2025,397,658,230,34.954407294832826,0.07910426380799511,0.010484136735440132,3.5235474647353144,3.058217874453906,3.82023521357451,108.25104312851822,109.50649799668166,10.306958759083136,9.114954062894485,37.06462112510036,2.0327133403045767,1.5673837500231684,3.036912357466242,0.21792592104635175,232.0,105.0,127.0,18.193980675838876,20.525394581672074,19.53895933600707,0.0035431822277100303,0.09854087470717376,994.4584382871536
695734,Daylen Lile,2025,350,618,166,26.860841423948216,0.09951566333750121,0.013890894704348372,3.3146396638692486,2.846454974604831,4.100754363381193,107.67970881180058,108.94286671022938,11.063796793012786,9.625875347678413,37.06462112510036,1.747373815345936,1.2791891260815185,3.472654602795824,0.243041472875281,120.0,106.0,14.0,16.519600114025202,18.45313991794893,17.53890150631033,0.0031287051843426022,0.09622464379547004,1059.4285714285716
666134,Nolan Jones,2025,406,776,210,27.061855670103093,0.11874352859333016,0.011179160572186559,3.147096875939244,2.767261739239479,3.7982041527822177,107.46604620589383,108.49083784053039,10.247519163793783,9.073766532031144,37.06462112510036,0.8522295171672059,0.47239438046744064,3.038158367177694,0.21596089717486044,124.0,107.0,17.0,24.936141004599335,27.065676557318223,25.51281631121581,0.002744246846287227,0.09226186448265176,1146.7980295566504
677951,Bobby Witt,2025,676,1248,385,30.849358974358974,0.09011900543717231,0.008949163884498262,3.0200302548436433,2.749327980189844,3.2275221651174477,107.41766109225918,108.1480132891429,8.707824516063251,7.952789292053327,37.06462112510036,1.6934855948118168,1.4227833201580176,3.1507453756736594,0.16589713033665296,182.0,108.0,74.0,34.69581709331134,38.09838451376851,36.60381086346599,0.0027264162022894,0.1029336531639361,1107.6923076923078
687363,Victor Scott,2025,461,821,194,23.629719853836782,0.1348818119691812,0.010640813190330176,2.895708468531396,2.642528352551797,3.2514947703240282,107.12951669904501,107.81259427624475,8.772502379963893,8.001968474103936,37.06462112510036,1.128692544474017,0.8755124284944182,2.5081894314840807,0.16795525386635565,58.0,109.0,-51.0,26.16707152202115,28.391940862009438,27.034283627025353,0.002709950475016187,0.08718889151992333,1068.5466377440346
608369,Corey Seager,2025,435,844,195,23.104265402843602,0.13646131254818789,0.009884506903314508,2.8660623594179344,2.619766500587027,3.2364862571951822,107.0681054360297,107.73260935204063,8.732009552374505,7.971200227565257,37.06462112510036,0.8087286774716994,0.5624328186407923,2.3455957167332997,0.16666613267703234,48.0,110.0,-62.0,26.609955946896637,28.687851157474636,27.19628423806362,0.0024619611499739364,0.08076822719093489,1164.1379310344828
602104,Ramón Urías,2025,389,740,205,27.7027027027027,0.10973471194359408,0.011753471344299991,2.9720066072689395,2.594742850052133,4.046929280740544,107.00059186169574,108.01844593861578,10.918577225115467,9.529778672325516,37.06462112510036,1.1310835789883715,0.7538198217715648,2.8439581923420008,0.23821305033371865,133.0,111.0,22.0,22.495615948436786,24.42246689881615,23.228935135480913,0.0026038526356477873,0.09645130460936913,1141.3881748071979
663538,Nico Hoerner,2025,650,1079,353,32.71547729379055,0.08413177284326204,0.007706926161999277,2.6896483587580113,2.537863382350577,2.629688010299371,106.84713159156487,107.25664603363926,7.094873576135201,6.66829376144299,37.06462112510036,1.249294855907715,1.097509879500281,2.2096730223814887,0.1166351276908224,213.0,112.0,101.0,29.6985158136715,32.61230153565934,31.05191857423819,0.0027004501593955936,0.08672725687933915,996.0
643217,Andrew Benintendi,2025,471,878,254,28.929384965831435,0.09479906244181331,0.012463283213743855,2.8483031413968516,2.492509116422286,4.10799416793258,106.72476620767168,107.68469514846319,11.083329717757792,9.638731050571398,37.06462112510036,1.3649163321590627,1.0091223071844972,3.2188594756771565,0.24369108764243633,155.0,113.0,42.0,24.07896186022058,26.31487982621711,25.150421180965445,0.0025466036059185976,0.10883089911765069,1118.4713375796177
677800,Wilyer Abreu,2025,413,771,222,28.793774319066145,0.10977866272509337,0.011220705035258823,2.6124949848265233,2.33423639360423,3.925083537424442,106.29774788665915,107.04848695474004,10.589838552987,9.308847659173324,37.06462112510036,0.653803760763397,0.3755451695411036,2.2170768860406707,0.2272959868018804,152.0,114.0,38.0,24.37086312497073,26.169130506192985,24.820898046962867,0.002332383114425755,0.09730171981036106,1120.096852300242
624428,Adam Frazier,2025,453,860,255,29.651162790697676,0.09995882779608213,0.010595128095890352,2.2057793435978756,2.0457726169805834,3.5701305771822027,105.51947532412566,105.95117197111752,9.632178796951175,8.638256780254967,37.06462112510036,0.5959977918630731,0.4359910652457808,1.1006902485480738,0.19572763165353566,163.0,115.0,48.0,25.489501088000942,27.15486449241734,25.939479420857563,0.0019364690749027864,0.09191403389152907,1139.0728476821191
665926,Andrés Giménez,2025,368,672,236,35.11904761904761,0.09097670510721453,0.011267285392656725,1.9774081767648568,1.8129761058316602,4.503135259368144,104.89139252148972,105.3350287059207,12.14941667464826,10.315477026375708,37.06462112510036,0.34420639948121096,0.17977432854801445,1.6600093785480277,0.27911202910424315,234.0,116.0,118.0,21.47050240530263,22.683312753718408,21.681615663651105,0.001804777304190147,0.10654349123078082,1095.6521739130435
467793,Carlos Santana,2025,477,1004,252,25.099601593625497,0.12751592270400347,0.011651566584540552,1.5873916340431493,1.5417509418899935,3.9466274600409954,104.15962957421387,104.28276773337407,10.647963854049268,9.348254506205029,37.06462112510036,-0.2547440176536417,-0.30038470980679755,2.87678677906908,0.22922446973354788,86.0,117.0,-31.0,32.13401252140888,33.395988870473175,31.931491027374232,0.001256948554844924,0.09902079426462651,1262.8930817610062
668715,Spencer Steer,2025,566,1049,260,24.78551000953289,0.13205440341715677,0.008885138659160413,1.5377228977547048,1.5170870626560937,2.896709591202713,104.09308665947408,104.14876194893397,7.815295295817945,7.255661529426826,37.06462112510036,-0.26341397062328614,-0.2840498057218972,1.2638827867043945,0.13808736796222004,78.0,118.0,-40.0,34.33414488846076,35.7847301553427,34.08565770950613,0.0013828267558455081,0.08436890139922035,1112.0141342756185
621043,Carlos Correa,2025,590,1158,334,28.842832469775477,0.1125333645953145,0.009196512578259191,1.44697736618596,1.4366087260374132,3.3521924057580255,103.87595686244458,103.90393135627133,9.044183655469508,8.206552973638338,37.06462112510036,-0.4006365078795344,-0.4110051480280812,2.0801420070629573,0.17665318666077873,153.0,119.0,34.0,37.586143774835044,39.00900485158457,37.192184542086835,0.0012287228642051187,0.09686690402802262,1177.6271186440677
596019,Francisco Lindor,2025,727,1408,379,26.917613636363637,0.11568729988589148,0.008003391693970767,1.3684152520626993,1.3710029469195328,2.800594542677828,103.69895308599575,103.69197150955362,7.555977796792452,7.046736364323567,37.06462112510036,-0.3469157265444404,-0.34432803168760695,2.0966859819222865,0.13024947132902168,122.0,120.0,2.0,43.84548665675287,45.503549803835504,43.42514043475652,0.0011776016669621003,0.09043406885371301,1162.0357634112793
663993,Nathaniel Lowe,2025,610,1251,301,24.060751398880896,0.13908877163090985,0.009582300397685286,1.3662673619634629,1.3698795929244008,3.2063023753962665,103.69592228745786,103.68617652222059,8.650573722511199,7.90910547088278,37.06462112510036,-0.37618244206818824,-0.3725702111072504,0.8393632610112737,0.1640796253696805,68.0,121.0,-53.0,41.86572026090386,43.25475874556672,41.48326811146787,0.0011103425137193078,0.09216253387837788,1230.4918032786884
679529,Spencer Torkelson,2025,640,1283,289,22.525331254871396,0.15507593861932137,0.008435469777300272,1.0063675619545713,1.0598183053040293,2.9193924483570943,102.85937984291526,102.71517023891296,7.876493431576091,7.304552371735477,37.06462112510036,-1.2716135402731599,-1.2181627969237019,0.7087104196370997,0.13995458669738103,43.0,122.0,-79.0,44.816946260983876,45.890404993735416,43.460558484692505,0.0008366786693308985,0.08693764580549257,1202.8125
669065,Kyle Stowers,2025,456,841,236,28.061831153388823,0.1193515020268063,0.011393790965903245,0.9396961409986512,1.041118377680602,3.911639253082065,102.80892761365784,102.53529137078453,10.553565999985581,9.284181312501666,37.06462112510036,-0.7459721367689208,-0.6445499000869701,0.6625805889108509,0.2260930165201252,140.0,123.0,17.0,28.16695447832629,28.881123545485263,27.60001565438191,0.0008491903295588287,0.10251192525318516,1106.578947368421
642715,Willy Adames,2025,685,1432,386,26.955307262569832,0.12314315515921016,0.00956765904330895,0.8726341434931218,0.9680785396282154,3.449091895215663,102.61186681596114,102.35435873079024,9.305617568770774,8.40037066050607,37.06462112510036,-1.0373885523911943,-0.9419441562561006,0.892004710721832,0.1850959091901411,123.0,124.0,-1.0,47.53325789145512,48.52951520527644,46.34890596080851,0.0006957104146796886,0.10405730592384958,1254.3065693430658
807713,Matt Shaw,2025,439,801,244,30.46192259675406,0.10607618000152592,0.011501585935195385,0.8404425466749323,0.9680520904009718,3.988021202131406,102.61179545619422,102.2675061046443,10.759643781791409,9.42355517006674,37.06462112510036,-0.6100071215111628,-0.4823975777851234,0.19114825796931514,0.2329321721415092,176.0,125.0,51.0,25.882587920372327,26.497511717022817,25.436266043133326,0.0007676951269044845,0.10309900414663281,1094.7608200455581
676475,Alec Burleson,2025,547,956,276,28.870292887029287,0.1008712081525964,0.010473092516299737,0.7830677425768781,0.889272288304986,3.338692741022858,102.39924828936877,102.11270942156368,9.007761686688005,8.179313372249904,37.06462112510036,-0.6786040274239371,-0.5723994816958291,1.0022521919553389,0.17548242072510203,154.0,126.0,28.0,27.840453450116605,28.554350208765857,27.22179277844845,0.000746753931641479,0.09844271497421889,1048.6288848263252
687401,Joey Ortiz,2025,508,828,275,33.21256038647343,0.09319139989294654,0.009641850610179564,0.7688477786721901,0.8741330065738883,3.2749044314175006,102.35840264931757,102.07434409238174,8.835661425929747,8.049816809619328,37.06462112510036,-0.6327034675643628,-0.5274182396626647,0.11839510238833596,0.16996985975077278,221.0,127.0,94.0,25.6276349705603,26.278592756502754,25.09194603468914,0.0007861809008966839,0.09635980764829122,977.9527559055118
543760,Marcus Semien,2025,534,1041,246,23.631123919308358,0.1410400612283744,0.00942796626287614,0.6762412383064837,0.777480857114372,2.9463529230058754,102.09763605701033,101.82449251544764,7.949232539195145,7.362456094200969,37.06462112510036,-1.2311047469575962,-1.1298651281497079,0.7489045860036742,0.1421822417823787,60.0,128.0,-68.0,34.6958550621801,35.29770976427287,33.60017183738784,0.0005781505303484828,0.08127358342553702,1169.6629213483145
665966,Carlos Narváez,2025,447,888,262,29.504504504504503,0.10404960647842358,0.010928355921168207,0.5619816124059159,0.76697943734315,4.157023633185175,102.06930332500754,101.51622111692203,11.21561075494177,9.72535724856406,37.06462112510036,-1.221628151345748,-1.016630326408514,0.5986515712775606,0.248091022328101,160.0,129.0,31.0,27.260996897346978,27.679673198589384,26.350883924594395,0.00047148232121892717,0.10392793146973123,1191.9463087248323
666971,Lourdes Gurriel,2025,545,977,339,34.69805527123849,0.08581668227846334,0.010107071134520862,0.45698607680637804,0.6555677322367941,3.7675732409328786,101.76871559006128,101.23294414709909,10.164877251049136,9.01624369848592,37.06462112510036,-0.8461618333244446,-0.6475801778940287,1.3953650504559933,0.21323142290198357,231.0,130.0,101.0,29.091855292399075,29.506950978831533,28.323258293796037,0.0004248676422031321,0.10948627335739347,1075.5963302752293
805779,Jacob Wilson,2025,521,827,269,32.52720677146312,0.07948911547794832,0.008975453806411413,0.4473969957340107,0.5905125637484081,3.0652381226571306,101.59319735592416,101.2070728963449,8.269983692296089,7.615090976773971,37.06462112510036,-0.7135029950842877,-0.5703874270698903,0.9326988071221763,0.15210731982527428,210.0,131.0,79.0,21.382572063568098,21.77106178819713,20.76301362950324,0.00046975782905566213,0.09255458469573653,952.3992322456814
650489,Willi Castro,2025,450,839,270,32.18116805721097,0.10391843316064536,0.008393356112099877,0.3569282039133336,0.5441498731421985,3.408256916705623,101.46811125171247,100.96298894492575,9.19544517992532,8.319058162060431,37.06462112510036,-1.3419920269749164,-1.1547703577460515,-0.48745708884130556,0.18152993115299662,208.0,132.0,76.0,28.057976953374247,28.32567310630925,27.05148293314306,0.00031906573651370706,0.08824957198556316,1118.6666666666665
656811,Ryan O'Hearn,2025,540,1081,293,27.104532839962996,0.12822197807938643,0.009155808929063113,0.10551028714183423,0.33099898766855523,3.3421525738648032,100.8930321628039,100.2846657646539,9.017096283230263,8.18630015027222,37.06462112510036,-2.1138387859437477,-1.8883500854170265,0.6119022581743552,0.1757823433015012,126.0,133.0,-7.0,37.56903957726023,37.66399883568788,35.666584669910854,8.784390233825237e-05,0.09148627281035969,1201.111111111111
518692,Freddie Freeman,2025,623,1201,343,28.55953372189842,0.11500526455380097,0.008352330981702098,0.005271802189372265,0.2110473632898693,3.0256932670051366,100.56940380579513,100.01422327283902,8.163292042815787,7.531546662810311,37.06462112510036,-1.6219525953187341,-1.4161770342182372,0.20679047076741705,0.14878812263298385,144.0,134.0,10.0,39.44680574195373,39.452279629893695,37.76267829714778,4.55777513735626e-06,0.09065467210473979,1156.661316211878
680574,Matt McLain,2025,576,1165,305,26.180257510729614,0.1282332257775955,0.009057297353235476,-0.12320376148870565,0.12871931268840114,3.236559558328246,100.34728349779685,99.6675974075848,8.73220731814369,7.971350672375923,37.06462112510036,-2.0249678407491256,-1.7730447665720188,-0.5355260752763084,0.16667242389809753,105.0,135.0,-30.0,39.111133862166625,38.99285825113747,37.167164735047464,-0.00010152412963876173,0.09103153658642057,1213.5416666666667
624585,Jorge Soler,2025,315,657,162,24.65753424657534,0.1435222593763162,0.012265241603199745,-0.7239024923782013,-0.1417626733071068,4.46396864037095,99.61752563764612,98.04691786829578,12.043745504113428,10.250562998835983,37.06462112510036,-3.1676337031907886,-2.5854938841196944,-0.743831207715045,0.27561024671922607,75.0,136.0,-61.0,23.250606018963225,22.87055721046467,21.58759832478806,-0.0005784608957360055,0.09143190187539925,1251.4285714285716
676059,Jordan Westburg,2025,352,627,168,26.794258373205743,0.11952054094865446,0.010853057124572777,-0.7452626522347525,-0.3263342373428264,3.577222780105953,99.11955328980328,97.98928835743567,9.651313493889834,8.652050231346427,37.06462112510036,-2.5343525128377586,-2.1154240979458327,-1.1573220242326292,0.19635320115276544,115.0,137.0,-22.0,20.079450879373947,19.642230123396224,18.59263073850913,-0.0006973217798687743,0.08381150327533327,1068.75
666624,Christopher Morel,2025,306,605,189,31.239669421487605,0.11175515844243168,0.012977161578008446,-1.2470466381863037,-0.34332221081229786,5.228212596914121,99.07371989678913,96.63547987182365,14.105668527590986,11.434064037037018,37.06462112510036,-3.589863529797018,-2.686139102423012,-0.73341302899876,0.3429265908298436,188.0,138.0,50.0,21.121724945619587,20.48573116014457,19.290894545423107,-0.0010512293974793635,0.10840410493519179,1186.2745098039215
642133,Rowdy Tellez,2025,312,636,193,30.345911949685533,0.1069838016282099,0.01408601909950924,-1.39690154017034,-0.3906887269755486,5.442771067202384,98.94592548064394,96.23117275243277,14.684545267121347,11.73594361045507,37.06462112510036,-3.131800764458979,-2.1255879512641878,-0.7270321046885665,0.361273369694778,174.0,139.0,35.0,20.64787371424451,19.921484913355936,19.019337316725842,-0.0011421207561141144,0.11222635386418783,1223.076923076923
668804,Bryan Reynolds,2025,652,1304,338,25.920245398773005,0.13607664201576677,0.008209281330444441,-0.7389403851054012,-0.4247221504735453,3.0128384193963433,98.85410362339864,98.00634577482572,8.128609784590603,7.504283556683201,37.06462112510036,-2.8064252918355583,-2.4922070572037023,-1.2382512586660521,0.147712889424822,100.0,140.0,-40.0,45.99390500132917,45.190923116181295,42.944256184201194,-0.000615783654254501,0.09066368992192694,1200.0
592450,Aaron Judge,2025,646,1376,312,22.674418604651162,0.1496568747879319,0.008776930057400795,-0.7675200090959473,-0.4322295252822195,3.1057997125244374,98.83384879661023,97.92923821747586,8.379418481148788,7.700273826762997,37.06462112510036,-2.8732919509998127,-2.538001467186085,2.155268074336311,0.15552931532354072,44.0,141.0,-97.0,46.69294493383476,45.86658172404145,43.59936726659163,-0.0006005546582800169,0.09014579976096038,1278.0185758513933
683002,Gunnar Henderson,2025,643,1249,348,27.862289831865496,0.11911475261226152,0.008776534173368237,-0.8670462784498745,-0.5008672920342381,3.186200630631174,98.64866474597511,97.66071727666277,8.596339403759512,7.867591821291906,37.06462112510036,-2.6869029462942593,-2.320723959878623,-0.7588941577512361,0.16236168957117156,137.0,142.0,-5.0,41.45193390906701,40.52274931399489,38.572469584954995,-0.0007439428303219499,0.09661657158679512,1165.4743390357698
543309,Kyle Higashioka,2025,328,615,170,27.64227642276423,0.11388800499006226,0.012838157386226231,-1.183815988831365,-0.5031090613310225,4.341591609084035,98.642616473448,96.80607557045909,11.713573422025043,10.04468517956873,37.06462112510036,-2.8157587525184615,-2.135051825018119,-0.16541214995356637,0.2646504159700978,131.0,143.0,-12.0,19.360960848310583,18.71380810774944,17.821679396933824,-0.0010522808789612133,0.09570486272426557,1125.0
666182,Bo Bichette,2025,628,1181,416,35.22438611346317,0.08783181836921504,0.008702478183111241,-0.9839685947351304,-0.5349046058827951,3.4970589480956864,98.55683239260051,97.3452619644646,9.435032227342692,8.49520432215955,37.06462112510036,-2.5298338989027296,-2.0807699100503942,-0.5670656641332835,0.1892986771943246,235.0,144.0,91.0,36.538036441593455,35.50814931243735,33.8901436274086,-0.0008720466800644396,0.10650902217679133,1128.343949044586
693307,Dillon Dingler,2025,466,821,251,30.572472594397077,0.10846334580170704,0.012189135843719785,-1.2104176377610476,-0.5959235053455874,4.027403078367452,98.39220397442017,96.73430457126312,10.865895714336798,9.494690815666182,37.06462112510036,-2.779942515224729,-2.1654483828092683,-1.387826875684084,0.23646211818520713,177.0,145.0,32.0,27.224299796228465,26.28420876423405,25.065211109403926,-0.0011450560682026963,0.10916619807806606,1057.0815450643777
669477,Casey Schmitt,2025,345,668,212,31.736526946107784,0.10334157754107835,0.012819117751358005,-1.590835866938378,-0.612375707320048,5.061097813921123,98.34781608787215,95.70793975859353,13.654794411195857,11.189939416469654,37.06462112510036,-3.036347425533149,-2.057887265914819,-0.6834255034670788,0.3284395073945759,198.0,146.0,52.0,21.90841443870861,20.993683815219043,20.16251466902705,-0.0013693572207927652,0.11259635827802202,1161.7391304347827
666139,Josh Lowe,2025,432,912,338,37.06140350877193,0.09483921665915657,0.008543610422246621,-1.36256275516065,-0.6824246419244768,4.147618688897333,98.15882471961292,96.32381847217125,11.19023630350438,9.708799162892488,37.06462112510036,-3.1410088178235687,-2.4608707045873954,-1.221849316894858,0.24724695762255094,247.0,147.0,100.0,32.05565523079492,31.074610047079247,29.79412888196195,-0.0010757074382847236,0.09888579284781981,1266.6666666666667
666310,Bo Naylor,2025,414,792,203,25.63131313131313,0.13739756066479594,0.010836942562924182,-1.2363736791794766,-0.6907065941257303,3.707638477052101,98.13648009028755,96.66427541507446,10.003173820496087,8.90282240647422,37.06462112510036,-2.7528066690460604,-2.2071395839923142,-0.488391912953501,0.2079004081609834,94.0,148.0,-54.0,27.891704814953577,27.038606976319738,25.992268213311796,-0.0010771437356487865,0.09090418561894023,1147.8260869565217
676572,Eric Wagaman,2025,515,973,250,25.69373072970195,0.1275430156622876,0.009862998701225003,-1.1945882697365358,-0.7612209768762717,3.249515379280721,97.94623294729763,96.77701205765852,8.767162001502646,7.997914708261094,37.06462112510036,-3.0012368276804855,-2.5678695348202214,-0.3952289129200064,0.16778512602464768,95.0,149.0,-54.0,31.8857539155719,30.860398984048043,29.30969230514615,-0.0010538077405178416,0.0894166006458589,1133.5922330097087
677587,Brayan Rocchio,2025,381,671,207,30.849478390462,0.0994341020617896,0.010116418955143142,-1.3371136034861122,-0.7826457332573266,3.6574219444183393,97.88842915562054,96.39248004458729,9.867690086656555,8.806907170258315,37.06462112510036,-2.915114173153865,-2.3606463029250793,-0.8254167496880468,0.2034448773422165,183.0,150.0,33.0,20.582859126790446,19.733791988576762,18.73176162683774,-0.0012653757648490036,0.08965768717167541,1056.6929133858266
682663,Agustín Ramírez,2025,583,1110,358,32.25225225225225,0.09862213908576384,0.008769531439711417,-1.3959279691936584,-0.8879014818943614,3.419000021950433,97.60445013346414,96.23379943779237,9.224429977067992,8.340501950768767,37.06462112510036,-3.0488877245877184,-2.5408612372884214,-1.4228554278897474,0.1824669859125358,209.0,151.0,58.0,35.30672579270345,33.95034911597028,32.34422322031239,-0.001221960970029884,0.09971371997029126,1142.367066895369
669242,Tommy Edman,2025,376,611,175,28.641571194762683,0.10945813491906621,0.010975889691376228,-1.410559666504562,-0.9196705805030261,3.3376270567117543,97.518737403523,96.19432325574394,9.004886480416483,8.177160563879752,37.06462112510036,-2.64753674667428,-2.1566476606727436,-2.532374388193791,0.17539005837369026,147.0,152.0,-5.0,19.155173610836588,18.27122288649373,17.496050582920706,-0.0014467278630816021,0.08461625435377879,975.0
592626,Joc Pederson,2025,306,644,173,26.86335403726708,0.1255670081546777,0.012683831384220048,-1.9436461718799245,-0.9494339871779757,4.7195786486691045,97.43843601159864,94.75606086645338,12.733378907987758,10.665758203896631,37.06462112510036,-3.93871242545172,-2.944500240749771,-1.4896256724135248,0.29838939876829823,121.0,153.0,-32.0,21.723092410759243,20.73183286310048,19.714349073778866,-0.0015392229000912446,0.09484850067503983,1262.7450980392157
645277,Ozzie Albies,2025,666,1273,428,33.62136684996072,0.09582360987818342,0.007632006351422973,-1.4517434757741667,-1.0165435870967054,3.0786630365462355,97.25737494074019,96.08320972478244,8.30620398399634,7.643341657795505,37.06462112510036,-2.9296956061189072,-2.494495717441446,-1.3473499572507608,0.1532379973717535,224.0,154.0,70.0,41.0125050278625,39.40106976975318,37.760542905070515,-0.001265856447847074,0.09577914026492496,1146.8468468468468
669016,Brandon Marsh,2025,426,845,243,28.757396449704142,0.12522781627625498,0.011279795652067498,-1.8319627241409073,-1.025302499356328,4.183826143412106,97.23374347765291,95.05738176047268,11.28792367603293,9.772392240674833,37.06462112510036,-3.442406954590708,-2.6357467298061286,-2.9264269354484695,0.25049652300452113,150.0,155.0,-5.0,30.430359355129962,29.129665820989917,27.98625041737056,-0.0015392822889231292,0.10218887631575814,1190.1408450704225
687597,Jordan Beck,2025,590,1143,312,27.296587926509186,0.1227984725286041,0.0091830943002292,-1.5252667705686338,-1.0258219157995971,3.2917386996323654,97.23234209696291,95.8848445653321,8.881080123609257,8.084117730686664,37.06462112510036,-2.9757922944733624,-2.476347439704326,-1.3900291375973228,0.1714214565246614,127.0,156.0,-29.0,38.31312342892448,36.813277771198656,35.38692767269234,-0.0013122009253944212,0.09574211110140393,1162.3728813559321
683146,Brett Baty,2025,431,826,205,24.818401937046005,0.14030749094989725,0.00971790606418594,-1.5300175299150998,-1.0283457650836896,3.297345920368976,97.22553277527693,95.87202706119405,8.89620835254133,8.095522810586012,37.06462112510036,-3.3484809793466073,-2.846809214515197,-2.045018524507573,0.17190548077673076,79.0,157.0,-78.0,28.763035644728937,27.663973052406593,26.357710141231625,-0.0013305842522062308,0.08241390769923837,1149.8839907192576
669221,Sean Murphy,2025,335,639,168,26.291079812206576,0.13993002410105373,0.011234955949731798,-1.8714949282855402,-1.0752213471361767,4.114472252293206,97.0990628947559,94.95072424464053,11.100807528575716,9.650220136485977,37.06462112510036,-3.7391802159489425,-2.942906634799579,-2.6843936982329533,0.24427237919637906,109.0,158.0,-49.0,23.508244048977026,22.463326047350936,21.4205350950722,-0.0016352394391644651,0.09087768709592546,1144.4776119402986
647304,Josh Naylor,2025,601,1052,391,37.167300380228134,0.08149206350238267,0.008965675602425753,-1.6950308642996996,-1.0805272290096308,3.610588752338739,97.08474767524902,95.42682263342545,9.741334573884608,8.716726844088209,37.06462112510036,-3.1490512765457828,-2.534547641255714,-1.1587254775057358,0.1992997688920621,248.0,159.0,89.0,31.863396829431622,30.165540913691423,28.709097134091596,-0.0016139314788404936,0.11150475212978705,1050.2495840266222
593871,Jorge Polanco,2025,522,1035,278,26.859903381642514,0.12465072670539332,0.009488580185964206,-1.6446216984226236,-1.1082103478909264,3.354620705013096,97.01005888027157,95.56282608994786,9.050735184073766,8.211446630143847,37.06462112510036,-3.349137895244017,-2.8127265447123198,-1.4645812309815815,0.176863929896898,119.0,160.0,-41.0,34.65290202409934,33.22208114647166,31.739152055237046,-0.0013824356305581471,0.09071779818016946,1189.6551724137933
666969,Adolis García,2025,547,1105,397,35.92760180995475,0.09739929680788235,0.009920750057636821,-2.0688141478266933,-1.1326169400965314,4.410273437021156,96.94421012351987,94.41835884186152,11.898876349324114,10.160801127035255,37.06462112510036,-3.9376614273005255,-3.0014642195703636,-2.213288908443239,0.2708044670887904,242.0,161.0,81.0,38.667520832729295,36.78145193462729,35.077686164840316,-0.001706849681540273,0.12095406078931499,1212.0658135283365
663728,Cal Raleigh,2025,692,1521,487,32.018408941485866,0.1133783739968773,0.009541281497728059,-2.229906409246138,-1.3302652574427376,4.1631856663158295,96.41095681795092,93.98373343215955,11.232235862506895,9.736190847756719,37.06462112510036,-4.420735376984189,-3.521094225180789,-1.3219591923766387,0.24864405408370024,203.0,162.0,41.0,55.21526813647924,52.64344274448202,50.116686668357474,-0.001690877969754906,0.12311643081583562,1318.7861271676302
671732,Lawrence Butler,2025,632,1250,325,26.0,0.13505757738506047,0.008850373160316647,-1.9264510308770246,-1.3742278541509476,3.2356755278485134,96.29234614455478,94.80245319552877,8.729822212204663,7.969536155718651,37.06462112510036,-3.921491062610961,-3.369267885884884,-2.459828786122353,0.16659655332587517,102.0,163.0,-61.0,43.89371265014465,41.86451756428752,39.76307539752777,-0.001623356068685706,0.09639972292769206,1186.7088607594937
575929,Willson Contreras,2025,556,1038,319,30.732177263969174,0.10474368286888175,0.009387237157197973,-2.0376387769912343,-1.3975206605146768,3.469081096630357,96.22950237155327,94.50246969984178,9.359548246619138,8.439979867627148,37.06462112510036,-3.727696437730031,-3.0875783212534733,-1.8291811940651779,0.18684554314195007,179.0,164.0,15.0,33.41323483517328,31.525022901828066,29.958902802876782,-0.0018190866409876787,0.09977903901935789,1120.1438848920864
663647,Ke'Bryan Hayes,2025,567,1049,281,26.78741658722593,0.12858199567761844,0.008934161428484272,-2.023202805100528,-1.4950227287523858,3.0974571290795523,95.96644270635765,94.5414178165431,8.35691026929704,7.682795901598225,37.06462112510036,-3.573036745006551,-3.044856668658409,-2.4866564306175776,0.15482408203173204,114.0,165.0,-51.0,36.13154078541078,34.21961413459078,32.75502106137959,-0.001822618351591991,0.09037522022165642,1110.0529100529102
683734,Andrew Vaughn,2025,447,865,246,28.439306358381504,0.11936029952960686,0.01220045177852064,-2.4886627035394118,-1.5041925776861964,4.222076173965643,95.94170253997943,93.28561137819354,11.391121899547574,9.83912505082322,37.06462112510036,-4.200372887798011,-3.2159027619447955,-1.8810693521358093,0.2539293390415154,143.0,166.0,-23.0,29.36263368428329,27.508579970146425,26.23335588287377,-0.0021434146984241178,0.10694839798661755,1161.0738255033557
650859,Luis Rengifo,2025,543,969,299,30.856553147574818,0.1074176394927482,0.009610560507010401,-2.2524888306335895,-1.5881968459441347,3.4189100579344447,95.71505981247276,93.92280627115815,9.224187254997032,8.340322530977911,37.06462112510036,-3.753250292231455,-3.088958307542,-1.8102492447032008,0.18245913558493818,184.0,167.0,17.0,32.11787420833171,30.07937181660831,28.721182693862247,-0.002103717638517439,0.09939724942750101,1070.7182320441989
672761,Wenceel Pérez,2025,382,793,260,32.78688524590164,0.10659221829451818,0.009143166771763337,-2.6264679081177533,-1.6731289601115231,4.038521716642794,95.48591376540884,92.913814229335,10.895893696072037,9.514685406174241,37.06462112510036,-4.197630984096404,-3.2442920360901732,-3.004823715466423,0.23745908408017075,214.0,168.0,46.0,27.713976756574727,26.041792188406422,25.04148503003335,-0.0021086816748654516,0.09130571074189493,1245.5497382198953
700932,Kyle Manzardo,2025,528,934,258,27.62312633832976,0.12339818099694974,0.009248131303244244,-2.232247102602803,-1.6798000655014285,3.0709405513237438,95.46791518566513,93.97741826344715,8.285368791329924,7.627097775155575,37.06462112510036,-3.854944134927927,-3.302497097826553,-2.9971225484529986,0.1525873565623521,130.0,169.0,-39.0,31.83673069721303,29.872353246922565,28.444379858476456,-0.0021031878482767304,0.08842613507068645,1061.3636363636365
682177,Daniel Schneemann,2025,423,824,214,25.970873786407765,0.13113192581673844,0.008720889265323295,-2.522900953897027,-1.8531187682216108,3.289728092702161,95.00030295206048,93.19323690000299,8.875655524978075,8.080025723987545,37.06462112510036,-4.096138300766767,-3.426356115091351,-3.386739684187498,0.17124796072947046,101.0,170.0,-69.0,28.062232124782025,26.28358695228462,25.174454622741454,-0.0021585499666230633,0.08079519150054372,1168.7943262411347
664728,Kyle Isbel,2025,409,663,181,27.300150829562593,0.12271294301326392,0.010774480798432507,-2.5878445316107923,-1.92345035653462,3.2414913412423343,94.81054898674778,93.0180197367287,8.745513222168563,7.981468855240789,37.06462112510036,-4.0407991611588905,-3.376404986082718,-2.670479514234447,0.16709581321723505,128.0,171.0,-43.0,22.21104268540077,20.44699532968608,19.456564590544126,-0.0026607049105802265,0.08581439781570661,972.6161369193154
682998,Corbin Carroll,2025,640,1262,401,31.774960380348656,0.11387716703837833,0.008280596527576945,-2.7398774465307567,-2.014789411318461,3.3405610442746956,94.56411707402012,92.60783635887405,9.012802351330254,8.183086692854962,37.06462112510036,-4.602414290739986,-3.8773262555276906,-2.9835294729018202,0.17564436687810167,199.0,172.0,27.0,45.66474398238971,42.742208039423566,40.755502072267056,-0.0023157971021918705,0.10030404756890914,1183.125
682928,CJ Abrams,2025,637,1107,365,32.97199638663053,0.10594795000889456,0.009657069791703892,-3.044980362128544,-2.224788416091531,3.4480941306500306,93.99754172966605,91.78467155552153,9.302925609335214,8.398390213899601,37.06462112510036,-4.532712629169863,-3.7125206831328503,-3.758475795612588,0.18500864414696466,218.0,173.0,45.0,38.671001753246514,35.43824760212004,33.85877184527784,-0.0029202837860221056,0.1100255339292954,1042.7001569858712
592518,Manny Machado,2025,674,1316,393,29.86322188449848,0.12028961632574371,0.008021082568868715,-2.867720398413248,-2.2248459219904486,3.0526780137371565,93.99738657929038,92.26291727430822,8.23609663628766,7.5886089711613485,37.06462112510036,-4.8051534098362705,-4.1622789334134715,-2.8720288787229196,0.15105123188110733,167.0,174.0,-7.0,47.27381921601728,44.05241330179973,41.87603021896787,-0.0024478768345118154,0.09452826793883241,1171.5133531157269
668709,JJ Bleday,2025,342,660,164,24.848484848484848,0.15207817331948037,0.01225295790287267,-3.625702871535825,-2.2872877046130977,4.36709530178309,93.82891923569635,90.21788767434485,11.782382145613434,10.087973525606595,37.06462112510036,-5.297967378842702,-3.959552211919975,-3.665608574576552,0.2669363939652562,80.0,175.0,-95.0,24.94082042439478,22.874169787619362,21.92097901845444,-0.0031312888435991214,0.09689370382249017,1157.8947368421052
596146,Max Kepler,2025,474,918,246,26.797385620915033,0.1350114046228479,0.010200630820701015,-3.4737087970958163,-2.539919432116589,3.5284759780841135,93.14732120545935,90.62796626094904,9.519795079450066,8.55691885433576,37.06462112510036,-5.003994382579372,-4.070205017600145,-3.7081535927134617,0.1920590378203443,117.0,176.0,-59.0,33.21280553722059,30.46857558751489,29.259649974982885,-0.0029893572436881207,0.09200107793067468,1162.0253164556962
682985,Riley Greene,2025,654,1334,420,31.484257871064468,0.12219352946407243,0.00970443402488096,-3.7461019372283118,-2.570491996272866,3.943763369650924,93.06483671424307,89.89305212487001,10.640236565052021,9.343024196685292,37.06462112510036,-5.42448085548527,-4.2488709145298245,-4.304327397204125,0.22896804121388117,192.0,177.0,15.0,51.32128237491042,47.23803126333156,45.408598242431474,-0.0030609078797442725,0.11769538449754874,1223.8532110091744
681624,Andy Pages,2025,625,1089,365,33.51698806244261,0.1051996568328785,0.008825725895979216,-3.3699714905492333,-2.5817454472564334,3.22469180441227,93.03447500908607,90.90784854059369,8.700188229439345,7.9469708541661666,37.06462112510036,-4.816628505998274,-4.028402462705474,-3.5157789768593375,0.1656544710609103,223.0,178.0,45.0,38.39787474400065,34.88748777467853,33.380553383585784,-0.0032234958395979045,0.10178951402816508,1045.44
682829,Elly De La Cruz,2025,691,1383,395,28.56109906001446,0.11863370849531235,0.008084757858614285,-3.3119958725333976,-2.5946216075182864,3.0713731052164155,92.9997352495229,91.06426621398674,8.286535817673489,7.628008126561362,37.06462112510036,-5.050200902037833,-4.3328266370227215,-1.8602544423678757,0.1526237836302907,145.0,179.0,-34.0,46.860314855648376,43.045999609114084,41.04416681680147,-0.0027580009013263166,0.09511484049510087,1200.8683068017367
578428,Jose Iglesias,2025,342,650,222,34.15384615384615,0.10960060562011788,0.009443992512606851,-3.9424156578155625,-2.655853187401169,4.081898354578738,92.83453302156484,89.36339954883354,11.01292345819894,9.592315036303384,37.06462112510036,-5.496009839426676,-4.209447369012282,-4.478825195748652,0.24134971426848642,227.0,180.0,47.0,24.33133444766617,22.084157522711298,21.198608839192964,-0.003457195269161339,0.091259978743266,1140.3508771929826
643396,Isiah Kiner-Falefa,2025,459,741,238,32.11875843454791,0.10073161229820754,0.008073201408065027,-3.340970662574122,-2.675007808838665,2.9298519980163964,92.78285403266368,90.98609250234155,7.904713198409803,7.327043363530576,37.06462112510036,-4.845627477414406,-4.179664623678949,-4.123261645273448,0.14081776441750762,205.0,181.0,24.0,23.974123726973396,21.41828117010419,20.267218706751375,-0.003449180238689883,0.08233756392212221,968.6274509803922
571448,Nolan Arenado,2025,433,807,276,34.20074349442379,0.10795352131265983,0.010056491832264576,-4.0397592859017974,-2.7108453498948313,4.120617491249974,92.68616468317538,89.10076735367988,11.117387325617287,9.66110666574364,37.06462112510036,-5.785789412117963,-4.456875476110997,-4.895840518987393,0.2448238232768836,228.0,182.0,46.0,29.795171882294113,26.87981226430165,25.61976052321565,-0.0036125893655420864,0.10467963033575424,1118.24480369515
676391,Ernie Clement,2025,587,950,346,36.421052631578945,0.08879191277283298,0.009470476363798809,-3.653292289777046,-2.7417589529932678,3.3999198466474687,92.60276007209329,90.14345168281508,9.172951843139238,8.30239155326317,37.06462112510036,-4.63134561491641,-3.7198122781326317,-3.491327922968077,0.18080329657028313,244.0,183.0,61.0,30.72200181940021,27.147864195901665,26.19100202614032,-0.003762250129998467,0.10791795992400069,971.0391822827938
686469,Vinnie Pasquantino,2025,681,1267,388,30.623520126282557,0.10899143199374435,0.008114043121421641,-3.5084991917942197,-2.787634303970788,3.0068421047386513,92.47898880562687,90.53410210250809,8.11243178391051,7.491548667519922,37.06462112510036,-4.888058471319176,-4.167193583495743,-3.0109307452266916,0.14721197254819893,178.0,184.0,-6.0,42.288675613572806,38.30652903088637,36.74072924862554,-0.0031429728355851926,0.09587782580990872,1116.2995594713657
670242,Matt Wallner,2025,395,760,218,28.68421052631579,0.1284235753032613,0.010193129398875504,-4.195206577703417,-2.894177486818741,3.988930343596973,92.19153629805004,88.68137201903731,10.76209663693459,9.425202907317422,37.06462112510036,-6.165789621815574,-4.864760530930898,-3.8062450656814493,0.23301363705899597,148.0,185.0,-37.0,27.99633941611096,25.234495085789543,23.93719458174904,-0.003634005697791337,0.09525669332591624,1154.4303797468356
677594,Julio Rodríguez,2025,703,1245,452,36.30522088353413,0.09288218098607456,0.008355616083186034,-3.8482008748388434,-2.914865337112319,3.370430479193315,92.1357206720822,89.61759014924121,9.093389806461131,8.243261497551899,37.06462112510036,-5.28532242297011,-4.351986885243586,-3.6909189297458047,0.17823708698324928,243.0,186.0,57.0,41.982745805705704,37.47393711401953,35.790109700125726,-0.003621533085691709,0.11191924517035429,1062.588904694168
592885,Christian Yelich,2025,644,1314,338,25.72298325722983,0.14347356019019153,0.008886329714260094,-3.8107576796659117,-2.946175848925235,3.232177784736585,92.05124520501285,89.71861153846991,8.720385334109721,7.962354433910059,37.06462112510036,-5.588719336800977,-4.7241375060603,-3.607872629372746,0.16629643271952746,96.0,187.0,-91.0,48.49406334428473,44.403850101443325,42.495504589451684,-0.003112795466393769,0.0957044595984219,1224.223602484472
673962,Josh Jung,2025,512,972,320,32.92181069958848,0.1087716606020263,0.010497261317261128,-4.475191033983998,-3.0275981067704727,4.143565138990186,91.83156871737138,87.92597658322379,11.179299863891343,9.701653999968833,37.06462112510036,-6.118818695369805,-4.67122576815628,-3.831180346372312,0.24688317015603248,216.0,188.0,28.0,34.806931392648416,30.988101710315405,29.58553943926618,-0.003928837121741782,0.11341219310936809,1139.0625
527038,Wilmer Flores,2025,465,915,271,29.617486338797818,0.1210469251662066,0.009049666268047549,-4.077041382336958,-3.0391377009381246,3.5039892146149714,91.80043500058873,89.00018060733403,9.453730021381633,8.508845040272137,37.06462112510036,-5.504250836032051,-4.466347154633217,-3.4794660928400023,0.1899070776252054,162.0,189.0,-27.0,32.80371672004199,29.644009648730844,28.53792232211715,-0.0034532317719247452,0.0897746904250926,1180.6451612903227
609280,Miguel Andújar,2025,340,620,222,35.80645161290323,0.09171336804164336,0.010793727355500573,-4.686856846397877,-3.062144181441755,4.37267362849185,91.73836373207102,87.3549042074953,11.797432418729494,10.097414889152795,37.06462112510036,-5.92393751345314,-4.299224848497018,-4.669746610462797,0.2674362808621319,239.0,190.0,49.0,20.360367705244826,17.704482158952697,17.003469780954713,-0.004283686364987307,0.09951278602596157,1094.1176470588234
621020,Dansby Swanson,2025,643,1209,304,25.144747725392886,0.14006834115664207,0.01017865441038232,-4.0350614227355095,-3.221013044578909,3.041357238654355,91.30973703007146,89.11344214442019,8.20555329134265,7.564697655416258,37.06462112510036,-5.439170303785518,-4.6251219256289176,-3.692607651469797,0.15010082229695726,87.0,191.0,-104.0,42.58077571161919,38.256534886920974,36.75179820272904,-0.00357670870529216,0.09373763835073318,1128.149300155521
665833,Oneil Cruz,2025,540,1233,349,28.304947283049476,0.12911968131453966,0.00842601515177266,-4.443130867110162,-3.2551663888984668,3.6605049480731475,91.21759162757488,88.01247461261313,9.876008001587891,8.812819062310588,37.06462112510036,-6.376524341442892,-5.1885598632311964,-2.9334247992245426,0.20371810557515604,142.0,192.0,-50.0,45.06276877877434,41.0639509983752,39.32389687147574,-0.003243161216868732,0.09382141300489165,1370.0
671218,Heliot Ramos,2025,690,1320,400,30.303030303030305,0.11697158011531637,0.008000352539347621,-4.106973674553435,-3.2868615066645286,3.0310893383192483,91.13207849725288,88.91942356380335,8.177850592587276,7.54297549106317,37.06462112510036,-5.861593499961293,-5.041481332072387,-3.5070711402048254,0.1492400255892369,173.0,193.0,-20.0,46.78863204612655,42.0656123203901,40.047799521171065,-0.0035780452467700386,0.09594218649757195,1147.8260869565217
691176,Jasson Domínguez,2025,429,900,279,31.0,0.1230933294082425,0.00882943925086469,-4.6719493978841315,-3.288070668166201,3.936905329313045,91.12881619086752,87.39512436370147,10.62173363657278,9.33048965769204,37.06462112510036,-6.594533401308433,-5.210654671590502,-5.390996244164056,0.22835408933105186,186.0,194.0,-8.0,34.34303890489966,31.002595085412505,29.627947522964128,-0.003711604243874616,0.09382957701529425,1258.7412587412587
668901,Mark Vientos,2025,461,873,289,33.10423825887743,0.10382997067893111,0.010418158049767425,-4.9884558561794545,-3.380638511152548,4.20211463329018,90.87906901909983,86.54119290915604,11.337265850114102,9.80435653507517,37.06462112510036,-6.523006576020058,-4.9151892309931515,-2.940489468450357,0.25213788967833156,220.0,195.0,25.0,30.006861526211093,26.174064610046546,24.99501814030235,-0.00439037447441529,0.10927239172363142,1136.225596529284
668904,Royce Lewis,2025,406,735,231,31.428571428571427,0.11296379260530262,0.010261792756702743,-4.8889454232833645,-3.497798679833451,3.8615862385449016,90.56297198337009,86.80967112335449,10.418523436436303,9.191842260300678,37.06462112510036,-6.528627349854389,-5.137480606404475,-4.395338380946417,0.22161800825453237,191.0,196.0,-5.0,26.094636091824906,22.786449688736496,21.676931585090102,-0.004500933881752938,0.09638220368067026,1086.2068965517242
695578,James Wood,2025,684,1419,348,24.52431289640592,0.15524591445844343,0.007550608369556984,-4.323158040807346,-3.527039971439734,2.912542950738362,90.48407925300171,88.33616017221425,7.858013551272948,7.289805665260481,37.06462112510036,-6.44081137522408,-5.6446933058564674,-4.3855777175123025,0.13939006588998937,73.0,197.0,-124.0,54.02557823153832,49.09717806501794,46.68305326378287,-0.003473150223058756,0.08814262742314075,1244.7368421052631
664034,Ty France,2025,484,941,302,32.093517534537725,0.11031145368044522,0.008220299985128974,-4.539892613995742,-3.5289308029860713,3.2814625850290495,90.4789778072323,87.75141232747877,8.853355262835334,8.063190183990217,37.06462112510036,-6.237879136731227,-5.226917325721556,-5.197408597478936,0.1705350797492538,204.0,198.0,6.0,33.31405901149446,29.651878969537893,28.282169841197934,-0.003891796006330038,0.08629124925070807,1166.5289256198346
663968,Jake Mangum,2025,427,681,299,43.906020558002936,0.07351664511695433,0.007832211833087369,-4.790105273503402,-3.598731114707947,3.5372309516886804,90.29065722117724,87.07634091999522,9.543415916082976,8.574060564810372,37.06462112510036,-5.8110980221297694,-4.619723863334315,-5.49261668608133,0.1928292959141287,264.0,199.0,65.0,21.981476889969343,18.572518636992754,17.84591213088699,-0.005005812412594108,0.09646427069669386,956.9086651053864
669127,Shea Langeliers,2025,523,968,311,32.12809917355372,0.11168925928476456,0.009525941373769145,-4.92350587198349,-3.6485264206867445,3.64110715792574,90.15630995290023,86.71642735705919,9.823672945789166,8.775571687808599,37.06462112510036,-6.412296408249355,-5.137316956952609,-4.551725260071397,0.20199971574920061,206.0,200.0,6.0,34.73535963756178,30.443703685816168,29.145974601704424,-0.0044335288757702575,0.10201081569190878,1110.5162523900574
663586,Austin Riley,2025,446,852,238,27.93427230046948,0.1285757684548704,0.010571172011171477,-5.0356560773020895,-3.697754023396329,3.7117783000145983,90.0234943427165,86.41384715547,10.014343024002914,8.910693600937352,37.06462112510036,-6.802402771599579,-5.464500717693818,-5.026761344021852,0.20826818994243326,138.0,201.0,-63.0,30.601032892259155,26.857861874797937,25.544580165370135,-0.004393393212982652,0.09452481572588023,1146.1883408071749
672820,Lenyn Sosa,2025,543,1043,429,41.1313518696069,0.08511903400167521,0.009373120542986491,-5.791540636449871,-3.768055854130408,4.533554834314738,89.83382066307253,84.37447770772488,12.231488402412376,10.365568792304058,37.06462112510036,-7.401809550383399,-5.378324768063937,-6.153087888279999,0.2818293364383335,258.0,202.0,56.0,36.51606558671867,31.274721310731532,29.81742794362169,-0.0050252581744843075,0.12704140787671528,1152.486187845304
621439,Byron Buxton,2025,535,1005,299,29.751243781094526,0.12727027116508635,0.009898728342119516,-5.147416920916712,-3.8200089755710227,3.653542565028094,89.69365162892737,86.11231744810456,9.857223557463792,8.799463845037145,37.06462112510036,-7.075613505642012,-5.748205560296323,-5.38199589563742,0.20310113204436253,165.0,203.0,-38.0,38.05381107836082,33.46403099054342,31.744722369163362,-0.00456694536101234,0.1027622659687708,1127.1028037383178
663698,Joey Bart,2025,331,692,160,23.121387283236995,0.15705640591522022,0.010969718511008619,-5.641008386660955,-3.9355760522801404,4.096034421925337,89.38185274038874,84.78061230513744,11.051062435254412,9.617485242874857,37.06462112510036,-7.28329607106617,-5.577863736685355,-4.396454215182272,0.24261797793557177,49.0,204.0,-155.0,25.129024946435234,22.01706865312727,21.11107328056373,-0.0044970466666300005,0.08589883896938193,1254.380664652568
657757,Gavin Sheets,2025,545,1191,375,31.48614609571788,0.1162369368738109,0.009269734681197548,-5.528368846618224,-3.9589628119748124,3.920687340133009,89.31875548218196,85.08451272722067,10.577977653946391,9.300788250466342,37.06462112510036,-7.503179680875042,-5.93377364623163,-4.9579870743351275,0.22690258080278775,193.0,205.0,-12.0,43.58885132767909,38.567249625334206,36.773463117550925,-0.004216290262254312,0.103193319152136,1311.1926605504589
691016,Tyler Soderstrom,2025,620,1090,316,28.990825688073397,0.12598478898562362,0.009096178362354919,-4.941557495120262,-3.97028769812502,3.081094971590647,89.28820104561565,86.66772424722342,8.312765321926124,7.648453242718118,37.06462112510036,-6.4793926268045094,-5.508122829809268,-4.733083445395197,0.15344302574531657,156.0,206.0,-50.0,39.81119331945706,34.70491724116612,33.115820938425735,-0.004684656952560493,0.09643446497963762,1054.8387096774193
663624,Ryan Mountcastle,2025,355,674,268,39.762611275964396,0.08728991676087514,0.010853628839211574,-6.65583287383228,-4.079901056454311,4.967126778481636,88.99246523339913,82.04262536134516,13.40126143935644,11.049129818363054,37.06462112510036,-8.303871210792021,-5.727939393414053,-6.070094913742543,0.3202256191916739,255.0,207.0,48.0,23.393697691914536,19.45566324156377,18.480573892195924,-0.005842781083606477,0.1132015567338669,1139.1549295774648
666023,Freddy Fermin,2025,348,642,199,30.99688473520249,0.12800069961202742,0.009462970718456535,-5.584820944688666,-4.0933420512668865,3.774970117531387,88.95620155551825,84.93220549634434,10.18483395470339,9.03016200915786,37.06462112510036,-7.463771591468438,-5.972292698046659,-5.480109764428387,0.21389025866339942,185.0,208.0,-23.0,25.472139222793455,22.23294307487403,21.14315169974176,-0.005045476865918109,0.0864119881982548,1106.896551724138
672275,Patrick Bailey,2025,453,825,237,28.72727272727273,0.13189193514732966,0.009813372986627657,-5.553865530914467,-4.185669474211624,3.585520099308686,88.70710303476685,85.0157229122373,9.673699583240992,8.668167047968172,37.06462112510036,-7.196430772757251,-5.828234716054408,-6.752818831968794,0.19708540586920553,149.0,209.0,-60.0,31.258388629917132,27.065220154076712,25.825083396485407,-0.0050826284555641485,0.09424799907472424,1092.7152317880796
682622,Noelvi Marte,2025,361,627,210,33.49282296650718,0.11030242599838856,0.011725611990842698,-6.51252005472717,-4.356517144143442,4.433501230700332,88.2461576244383,82.42928200251626,11.96154471871275,10.199740132594746,37.06462112510036,-7.756658392076884,-5.600655481493156,-6.590429484738201,0.2728840397374015,222.0,210.0,12.0,23.163509459661597,19.245143226734083,18.496586660428672,-0.0062493879313038495,0.10652928556836087,1042.1052631578948
673357,Luis Robert,2025,426,795,260,32.70440251572327,0.1150022796454757,0.009095156362432877,-6.121177311146671,-4.421428911410192,3.9144851136556533,88.07102628545155,83.48512105253552,10.561244105109017,9.289407440427254,37.06462112510036,-7.65870755542262,-5.9589591556861405,-5.409895386232978,0.22634762671145817,212.0,211.0,1.0,29.90059270782368,25.554556816909546,24.46291034347362,-0.0054667118124706125,0.09857106076843472,1119.718309859155
641680,Jonah Heim,2025,435,820,246,30.0,0.12073954176316469,0.010600835538374051,-6.02371894843991,-4.4276223022797545,3.7912336752340297,88.0543165750011,83.74806280061874,10.22871288077618,9.06070278761211,37.06462112510036,-7.677808717477549,-6.081712071317393,-6.3492044046957465,0.21533949545927486,170.0,212.0,-42.0,29.701927273738512,25.334731036119578,24.13551595356729,-0.005325849070266994,0.0959868265707917,1131.0344827586207
660821,Jesús Sánchez,2025,496,1001,308,30.76923076923077,0.12327216489163383,0.008780273777879577,-5.980941990339739,-4.45178760810518,3.7031921044584117,87.98911880663903,83.86347463217582,9.991177548960808,8.894362250618629,37.06462112510036,-7.651226807154142,-6.122072424919583,-5.894170113348736,0.20750546955217072,180.0,213.0,-33.0,37.96782678662322,33.023581407942366,31.642812626042463,-0.004939306072608243,0.09675861186564035,1210.8870967741934
691406,Junior Caminero,2025,653,1268,408,32.17665615141956,0.11511486987329224,0.0094155102041563,-6.350518734343182,-4.725833236438749,3.7305892081435608,87.2497462728996,82.86636004477441,10.065094677622877,8.946390398759146,37.06462112510036,-8.162167776578464,-6.537482278674031,-5.591870279574103,0.2099402032232101,207.0,214.0,-7.0,46.96686690830323,40.05538568575974,38.08370764479367,-0.005450694970460171,0.1140196579143765,1165.084226646248
592663,J. T. Realmuto,2025,548,1112,362,32.55395683453237,0.1175085941039087,0.008146769965316016,-6.217080268849167,-4.733262735479702,3.5630287201451063,87.22970155420175,83.22637577255868,9.613018053305296,8.624428421317592,37.06462112510036,-8.214299210104858,-6.730481676735393,-6.650536599446509,0.19510148088727197,211.0,215.0,-4.0,42.53811106561495,36.85984442006605,35.03571778705251,-0.005106354897076355,0.09758795955207059,1217.5182481751824
693304,Nick Gonzales,2025,409,644,204,31.67701863354037,0.11359642253654474,0.008926681299152785,-5.927916320078221,-4.787162466072808,3.1104372890686633,87.08428058682915,84.00653739297553,8.391930619148456,7.709980201653245,37.06462112510036,-7.3507929118209,-6.210039057815488,-5.965755663745594,0.1559216591113701,196.0,216.0,-20.0,23.173670197455127,19.132807239268473,18.162879695897214,-0.006274631922650083,0.08355079251224024,944.7432762836186
667670,Brent Rooker,2025,697,1324,353,26.661631419939575,0.1377917431495824,0.007612399963871807,-5.84430270405773,-4.93605255774135,2.7425522372294506,86.6825765166162,84.23212614441124,7.399380201332153,6.919201830221254,37.06462112510036,-7.40973697898301,-6.50148683266663,-5.1374090138093225,0.12557752508168846,112.0,217.0,-105.0,48.64048533180259,41.85135369058886,40.03284087455066,-0.00512774293143031,0.08755731666970261,1139.74175035868
671277,Luis García,2025,526,959,363,37.851929092805,0.09506085094873852,0.009099773402415053,-6.774537357557374,-4.946076482385662,3.888222464530669,86.65553206198524,81.72236177811725,10.490387724205128,9.241080846097285,37.06462112510036,-7.971964120674544,-6.143503245502831,-6.547439308664392,0.22399868102125045,250.0,218.0,32.0,34.50708889439208,28.568077810933453,27.518333681934067,-0.006192920837808791,0.11007185747239909,1093.916349809886
669720,Austin Hays,2025,417,804,275,34.20398009950249,0.11275648329474754,0.010371215873736532,-7.384898893246311,-5.03228141070368,4.380752107646656,86.42295197428636,80.07561208215017,11.819228079684827,10.111070660359566,37.06462112510036,-8.64812136517639,-6.295503882633759,-7.629294952567518,0.2681601331003942,229.0,219.0,10.0,31.008032906055572,25.875528175249386,24.99758855725798,-0.006383712351748988,0.10737556419189294,1156.8345323741007
669357,Nolan Gorman,2025,401,818,227,27.750611246943762,0.1495523198323716,0.010460760908826007,-7.308094021205747,-5.095838758903293,4.227188940309325,86.25147484523357,80.28283090621782,11.40491609516723,9.848010225735006,37.06462112510036,-9.446774255479005,-7.23451899317655,-7.811894111465055,0.2543881654735925,135.0,220.0,-85.0,33.948376601948354,29.064133764442516,27.634782474536554,-0.00597095701406582,0.09877979717377522,1223.9401496259352
681481,Kerry Carpenter,2025,463,856,294,34.345794392523366,0.1054955636559579,0.010427651436785618,-7.247121118516638,-5.0962165761843625,4.1680407589132,86.2504554977545,80.44733522553439,11.245334856776887,9.744718267156676,37.06462112510036,-8.450623042006084,-6.2997184996738085,-7.796925146377357,0.24907979341749817,230.0,221.0,9.0,31.015695714851624,25.423333918396285,24.494631600770262,-0.006533132939784275,0.10993217373374792,1109.2872570194384
547180,Bryce Harper,2025,574,1231,439,35.662063363119415,0.1012932298800523,0.007048079896232469,-6.670992436590075,-5.146859658041492,3.4949702822281687,86.11382093811284,82.00172500327423,9.429397026431106,8.491090226621058,37.06462112510036,-8.114275516673038,-6.590142738124454,-5.437325421122958,0.1891153727710004,238.0,222.0,16.0,44.467727917342955,38.08581181967178,36.705071006392416,-0.005184334766589092,0.09529609459489735,1286.759581881533
686797,Brooks Lee,2025,528,1018,324,31.827111984282908,0.1139781370489613,0.008780957131536073,-6.669225917758541,-5.186795280095906,3.4363417521768675,86.00607500454556,82.0064910545056,9.27121780249295,8.375039172031222,37.06462112510036,-8.150974687215836,-6.6685440495532005,-7.214677769050477,0.18398127138146347,200.0,223.0,-23.0,36.92891640386346,31.05999759623595,29.756058679113526,-0.005765146176451391,0.0947774745039995,1156.8181818181818
606192,Teoscar Hernández,2025,546,1005,303,30.149253731343283,0.12131692259123394,0.00886155169698353,-6.512269911123329,-5.203358674985928,3.224912415080706,85.96138712055473,82.4299568876122,8.700783434952687,7.9474244598388255,37.06462112510036,-8.234096029286345,-6.9251847931489445,-5.9855093284729675,0.1656733824055385,171.0,224.0,-53.0,36.75902754514389,30.832861926021657,29.266000158493313,-0.00589668220808182,0.09257128357985585,1104.3956043956043
665161,Jeremy Peña,2025,543,927,333,35.92233009708738,0.0984029488081996,0.008426365924901804,-6.971462490267004,-5.46155650093522,3.397773126646546,85.2647718089404,81.19105961791178,9.167160012720476,8.298096461053028,37.06462112510036,-8.25015187144287,-6.740245882111087,-6.666153752050102,0.1806162743239148,241.0,225.0,16.0,32.768181953130465,26.45900839943883,25.301794509474668,-0.006806012463529276,0.10099574782438102,1024.3093922651933
669394,Jake Burger,2025,375,671,270,40.23845007451565,0.09217615539498109,0.012633010525129289,-9.558429405940915,-5.56414751556972,5.485429627666411,84.98798221411833,74.21144715420309,14.799637662967097,11.79444612960072,37.06462112510036,-10.787684910304,-6.793403019932805,-9.02327488204566,0.3648841711567502,256.0,226.0,30.0,24.887561956644895,18.913543577931826,18.145258887704895,-0.0089031570472624,0.13235166377959015,1073.6000000000001
572233,Christian Walker,2025,637,1221,349,28.58312858312858,0.1408637340926721,0.008045771524018757,-6.875241932225918,-5.6481666226813125,3.0221668536990562,84.76129945152375,81.45066178062194,8.153777812806048,7.52407283479199,37.06462112510036,-9.099503681479632,-7.872428371935027,-7.83050016124374,0.14849297340478773,146.0,227.0,-81.0,49.16144319834257,41.862228013629384,39.500803456505025,-0.005978063214343311,0.09182243131490828,1150.0784929356357
607208,Trea Turner,2025,638,1227,385,31.377343113284432,0.11981190173603865,0.00688531448914536,-6.726735333407096,-5.67952482141412,2.785699401823412,84.676695325592,81.85133119072485,7.515790846535651,7.014105553401284,37.06462112510036,-8.425003464562037,-7.37779295256906,-6.5113299986425215,0.1290459906731997,189.0,228.0,-39.0,46.12758216837488,38.974820263852,37.168995151057246,-0.005829471804827122,0.08456319784554513,1153.9184952978057
681297,Colton Cowser,2025,358,719,174,24.200278164116828,0.15964449413054385,0.012324478048684818,-8.319460503069399,-5.88059687449954,4.191984157605099,84.13420481312524,77.55417362829748,11.309933921774975,9.786663658261556,37.06462112510036,-9.979203398993128,-7.5403397704232695,-7.295222615824574,0.25122869805103804,70.0,229.0,-159.0,27.77814197871463,22.814197211883222,21.823883950648728,-0.006903956560266214,0.09327966200224204,1205.0279329608938
701358,Cam Smith,2025,495,966,289,29.91718426501035,0.13616485504527148,0.007272112476939465,-7.255653840971901,-5.891407961823912,3.1329212167990628,84.10503660096981,80.4243140204168,8.45259204518735,7.756942734510178,37.06462112510036,-9.242373170304576,-7.878127291156588,-7.304734245425845,0.15782692396116305,168.0,230.0,-62.0,39.35164310808346,33.36572868928164,31.72668524258218,-0.006196598777227556,0.08316007248582957,1170.9090909090908
694192,Jackson Chourio,2025,589,1066,395,37.05440900562852,0.10164908025146609,0.00782255310149462,-7.485330323169891,-5.894723310396529,3.382094384610025,84.09609182163044,79.80464902661373,9.124858913827268,8.266682321711157,37.06462112510036,-8.801707349918882,-7.21110033714552,-8.034742428496509,0.179251343228519,246.0,231.0,15.0,40.1513866993291,32.80328743208399,31.511043984158732,-0.006893151282593912,0.10168834178172698,1085.9083191850593
666176,Jo Adell,2025,570,1147,378,32.95553618134263,0.11884860307050349,0.009082264079933894,-8.025620973749973,-5.9487133419841065,3.8504284691019115,83.9504272230221,78.34694992116086,10.388419879177938,9.17114923539669,37.06462112510036,-9.7539264876792,-7.677018855913333,-7.538557753587687,0.22062130165205884,217.0,232.0,-15.0,44.92477196065032,37.30043203558784,35.65854179735508,-0.006647201329609831,0.10800676443422731,1207.3684210526314
680718,Addison Barger,2025,501,941,293,31.137088204038253,0.12966418633055357,0.009760813075519835,-8.022117943122911,-6.005976646482628,3.778963995968766,83.79593136481476,78.35640106492201,10.195609401250918,9.037669807609921,37.06462112510036,-9.952431502377937,-7.936290205737654,-8.375329380345045,0.21424606900475282,187.0,233.0,-46.0,37.99160659485219,31.293138112344565,29.681326290366616,-0.0071184574734406295,0.10286423911632124,1126.946107784431
681393,Connor Norby,2025,336,609,194,31.85550082101806,0.12189797115889302,0.009948594604688764,-8.48099143253665,-6.25001351660479,3.911190759309278,83.13752217914282,77.11836469631879,10.55235596799504,9.283357464888683,37.06462112510036,-9.92755344825308,-7.696575532321221,-9.082495089750653,0.22605289280401517,201.0,234.0,-33.0,23.648206404825245,18.89885120260472,18.08877647380352,-0.007798612811527954,0.08875409068608119,1087.5
663616,Trevor Larnach,2025,565,1106,306,27.66726943942134,0.14200555260498973,0.0076022661082028485,-7.704911583621806,-6.299412204488603,3.094402975715961,83.00424498276442,79.21222084635313,8.348670192180691,7.676391900803317,37.06462112510036,-9.414185274513892,-8.00868589538069,-7.594975485462488,0.15456608212467496,132.0,235.0,-103.0,43.45369909712686,36.19824068921633,34.58867463029294,-0.0065600889764109716,0.08761863922004816,1174.513274336283
681460,Brooks Baldwin,2025,327,618,204,33.00970873786408,0.11979939192871242,0.01153798421939229,-9.384855476917332,-6.333495512941341,4.549332408133096,82.91228853637934,74.67974798597939,12.274056148525592,10.3914379945674,37.06462112510036,-11.181998510731646,-8.130638546755655,-9.162343866995258,0.28323780671188925,219.0,236.0,-17.0,24.439075953457333,19.32432971853739,18.344886765108587,-0.00827628840601933,0.099735538183735,1133.9449541284403
665019,Kody Clemens,2025,386,725,203,28.000000000000004,0.1409968129232649,0.00994080737909905,-8.441783901730192,-6.464837631478795,3.631080838044338,82.5579287330128,77.22414624653112,9.79662202883102,8.756272067398818,37.06462112510036,-9.84303123964828,-7.866084969396883,-8.574758656721352,0.20111219956676613,139.0,237.0,-98.0,28.62235302342278,23.19147204664302,22.29000292591572,-0.007490870312799665,0.08675668889639282,1126.9430051813472
686668,Brenton Doyle,2025,540,985,295,29.949238578680205,0.1296738768490038,0.007835601039331038,-7.967402745500905,-6.514207966451572,3.1034126726544486,82.42472803252232,78.50402215468665,8.372978269978324,7.695275152535481,37.06462112510036,-9.741742038841016,-8.288547259791683,-8.274503352047056,0.1553274554786025,169.0,238.0,-69.0,38.25379367045612,31.083131199505303,29.486225835499205,-0.007279860376599811,0.08899465492192091,1094.4444444444446
664040,Brandon Lowe,2025,552,1035,330,31.88405797101449,0.11981855905331242,0.008119598161214686,-8.13677633455479,-6.56668632229429,3.2151603662485533,82.28314192088882,78.04705380073473,8.674472498711795,7.92735819044133,37.06462112510036,-9.88410631183999,-8.314016299579489,-8.267656388094364,0.16483782874144218,202.0,239.0,-37.0,39.5401244875931,32.05429025980269,30.446746680700308,-0.007232690075159813,0.09194334335757423,1125.0
572191,Michael Taylor,2025,323,604,180,29.80132450331126,0.1376547169877208,0.00883622781366314,-8.864624813492876,-6.567595224452361,3.888649946058553,82.28068971139503,76.08332543431908,10.49154106535609,9.24186922579838,37.06462112510036,-11.064975885279559,-8.767946296239044,-8.494420587050861,0.2240369024260957,166.0,240.0,-74.0,24.777849057789744,20.005726033192747,18.82120370621425,-0.00790086593476324,0.08517882651300367,1121.981424148607
680776,Jarren Duran,2025,696,1334,419,31.40929535232384,0.12090646573178701,0.007045654192475267,-7.853487561584701,-6.60008866238514,2.866653104801233,82.19302272075426,78.81136425197052,7.7342031775415085,7.190632856333859,37.06462112510036,-9.273753120454119,-8.020354221254557,-7.87651089155197,0.13562325124764943,190.0,241.0,-51.0,50.65980914161876,41.54976357018051,39.90225552189198,-0.006829119618769305,0.09104481470319127,1150.0
669224,Austin Wells,2025,447,876,258,29.45205479452055,0.13525116923215535,0.008292059628893534,-8.536705937791334,-6.686025781060033,3.464755762740317,81.96116518095953,76.96804748393818,9.347878536370539,8.431419914739072,37.06462112510036,-10.416361319758288,-8.565681163026987,-8.898454240110794,0.18646673228939925,159.0,242.0,-83.0,34.89480166189608,28.534955738241536,27.134612478676157,-0.0072600980863636345,0.08721212035259733,1175.8389261744967
514888,José Altuve,2025,650,1256,485,38.61464968152866,0.10172133770244347,0.007911188468158421,-9.280093408209446,-6.981399176944912,3.792675948577132,81.1642505304956,74.9623950643194,10.232604120722312,9.063407102956782,37.06462112510036,-10.830672400796269,-8.531978169531735,-8.869866249474049,0.2154680578502681,252.0,243.0,9.0,49.33484878568508,39.28141426012485,37.601620351489125,-0.008004326851560694,0.11593458830429393,1159.3846153846155
553993,Eugenio Suárez,2025,657,1279,405,31.665363565285382,0.13517098566743116,0.00904904493110408,-9.66527533400131,-7.503145533866897,3.568738510831832,79.75658375532205,73.92317784288389,9.628423015000317,8.635547494541884,37.06462112510036,-11.594075587964076,-9.431945787829664,-10.523938309961958,0.1956048756551269,195.0,244.0,-49.0,54.74424919530962,44.160772704578186,42.04873642648896,-0.008274805700337323,0.10926814602223062,1168.0365296803652
664056,Harrison Bader,2025,498,1013,333,32.87265547877591,0.11895172496242609,0.007673057514002429,-9.582662607933623,-7.523912700485758,3.4783161742710775,79.70055413465289,74.14606620261878,9.384464399436537,8.458236319933851,37.06462112510036,-11.228412695835996,-9.16966278838813,-9.251417310520544,0.18765474555755468,215.0,245.0,-30.0,39.61092441248789,31.65731444790298,30.291341874944013,-0.007851539945296058,0.09070733885805952,1220.4819277108434
677950,Alek Thomas,2025,470,785,275,35.03184713375796,0.1108481284430011,0.009127624056404512,-9.969498586363708,-7.788589740764834,3.528019843414306,78.98645796357444,73.10238636268613,9.518564432391061,8.556025098001903,37.06462112510036,-11.328056536295586,-9.147147690696713,-10.05456898472724,0.19201891940390076,233.0,246.0,-13.0,30.4832353218253,22.673794762507065,21.609591035060426,-0.009948331922698391,0.09863766851353442,1002.1276595744681
596115,Trevor Story,2025,653,1185,421,35.527426160337555,0.11125700843187447,0.007983055664828714,-9.676334186519254,-7.795228813234202,3.275380689700775,78.96854580834976,73.89334116256111,8.836946366309055,8.050788454727472,37.06462112510036,-10.99940427232464,-9.118298899039587,-9.656539556068152,0.17001089431188662,237.0,247.0,-10.0,46.839200549819154,36.308123510157365,34.86818223343917,-0.008886984843596445,0.10355344225367583,1088.8208269525269
678662,Ezequiel Tovar,2025,391,768,314,40.88541666666667,0.10319221917153924,0.008434732764643406,-11.417457752911277,-7.943169098378613,4.415886985976348,78.56940430722639,69.19580611825191,11.914021651730538,10.17022695218455,37.06462112510036,-13.37288479845743,-9.898596143924767,-11.892573765805187,0.27130713208211604,257.0,248.0,9.0,32.40235681986332,24.961980184216138,23.68769355953523,-0.009687990410998935,0.10383956189220668,1178.5166240409208
687263,Zach Neto,2025,547,1130,344,30.442477876106196,0.13222482220952278,0.009384369854454906,-10.531933341084432,-7.980749890301929,3.7764442629672748,78.4680116832563,71.58494267205081,10.188811185256785,9.032933740414089,37.06462112510036,-12.225032802103446,-9.673849351320943,-9.660130287496056,0.21402158239807892,175.0,249.0,-74.0,45.48533884007584,35.88372627745387,34.34018393549153,-0.008497002267807056,0.10241885905271844,1239.4881170018282
666160,Mickey Moniak,2025,460,790,300,37.9746835443038,0.10849455631750435,0.010321068584408333,-11.969786828652266,-8.574090956673334,4.225154451033285,76.86718305379651,67.70562745467737,11.399427062191089,9.844475589027516,37.06462112510036,-13.180108437666984,-9.784412565688053,-11.958296048984975,0.2542055888185054,251.0,250.0,1.0,32.548366895251306,23.371530326617904,22.44361709303995,-0.01161624882105494,0.11524859110506647,1030.4347826086957
663853,Romy Gonzalez,2025,339,624,220,35.256410256410255,0.1198538858674864,0.010603899644796664,-12.461911610499007,-8.710883399160332,4.410542557180912,76.49811832755718,66.37787941110307,11.899602432989848,10.161253234732449,37.06462112510036,-14.049467713902002,-10.298439502563328,-12.96751678572402,0.27082856666643496,236.0,251.0,-15.0,26.367854890847006,19.32687483091507,18.429905632492375,-0.011283621890916567,0.09975810022062082,1104.424778761062
681351,Logan O'Hoppe,2025,454,894,283,31.655480984340045,0.13151630769844755,0.008392696775251712,-11.788708970387637,-9.030351108530109,3.7237415179671123,75.63619744539974,68.19417381713296,10.046619673782054,8.93340888154757,37.06462112510036,-13.34736027259103,-10.589002410733503,-11.280823924318037,0.20933138448003938,194.0,252.0,-58.0,37.21911507866066,28.298991957734017,27.11961247240011,-0.009977766354504078,0.09423568028252438,1181.4977973568282
701538,Jackson Merrill,2025,483,856,324,37.850467289719624,0.11280618763413656,0.008235189124499756,-13.11119540625071,-10.09618176355258,3.708078121895,72.76059633936094,64.62611782271333,10.004359978156824,8.903658579286173,37.06462112510036,-14.44908261273476,-11.43406897003663,-11.947562474808752,0.20793946292917065,249.0,253.0,-4.0,36.54920479346025,25.994692491428427,24.917693290208767,-0.012330037736018484,0.10202529832252749,1063.3540372670807
521692,Salvador Pérez,2025,631,1203,513,42.643391521197,0.09624094982808269,0.008363879384008023,-14.078118969687884,-10.128154188457618,4.238353286092181,72.67433503698011,62.01736712167791,11.435037395328845,9.867383592933319,37.06462112510036,-15.444284831451844,-11.494320050221578,-12.452229411203549,0.25539003343439076,262.0,254.0,8.0,49.37160726180642,34.56611881201799,33.129367714062894,-0.012307139193506587,0.12851163515693664,1143.8985736925515
691718,Pete Crow-Armstrong,2025,646,1227,513,41.80929095354523,0.10102431660880584,0.008390282674983105,-14.319150031620522,-10.5673131745613,4.054114104704,71.48948821331655,61.367067578296336,10.937961812750144,9.542659130059373,37.06462112510036,-15.729884616476483,-11.97804775941726,-13.496659295622448,0.23885742346891375,260.0,255.0,5.0,51.8254744203174,36.408522886272635,34.889631983244385,-0.012564752676483099,0.12461059053745296,1139.6284829721362
592206,Nick Castellanos,2025,589,1169,481,41.14627887082977,0.10470086953758369,0.007509229677411585,-14.179578463714837,-10.724913386872773,3.864855040735212,71.0642843193403,61.74363035883739,10.427342634072986,9.197897007601405,37.06462112510036,-15.56333297639567,-12.108667899553605,-13.037909066820658,0.22191006787446563,259.0,256.0,3.0,50.36111824757776,36.44149872236436,35.08311304241601,-0.011907287874434045,0.11096601712223862,1190.8319185059422
682657,Angel Martínez,2025,483,888,350,39.414414414414416,0.11114830635970561,0.007500012395006832,-13.721804613331667,-10.733230193770206,3.593463450027382,71.0418456523717,62.9786999116546,9.695130668943676,8.68357566533726,37.06462112510036,-15.14182309439195,-12.15324867483049,-14.764650655976748,0.19778671047624266,254.0,257.0,-3.0,38.90190722589696,27.85585451216497,26.712739634911443,-0.012439248551499991,0.09707393383546528,1103.1055900621118
669911,Michael Toglia,2025,337,684,211,30.84795321637427,0.14403250624295283,0.009778785741845073,-15.371012072394127,-10.799062207367584,4.432571880416716,70.86423149742005,58.52915366242664,11.959037340368102,10.198185375131922,37.06462112510036,-17.099012862284848,-12.527062997258305,-14.368964768743634,0.272800854057002,181.0,258.0,-77.0,30.390858817263045,21.757473703268346,20.786913259613055,-0.012621908061395761,0.09519330091847174,1217.8041543026707
678882,Ceddanne Rafaela,2025,586,1036,438,42.277992277992276,0.09619102983709976,0.006466473059085134,-13.236965463558368,-10.826420763476829,3.2149612219998147,70.79041836975605,64.2867913882594,8.673935209397367,7.926948108092297,37.06462112510036,-14.33269856231949,-11.92215386223795,-12.022946989873073,0.1648207750562177,261.0,259.0,2.0,42.131671068649695,29.203568132574354,28.133402139450993,-0.01247886383791056,0.09755335879159473,1060.7508532423208
673237,Yainer Diaz,2025,568,1030,460,44.66019417475729,0.09327980205435454,0.007448018802604419,-14.348662288953836,-11.051787810675084,3.7256271825583234,70.18238019114472,61.28744378493904,10.051707179155027,8.93698512908403,37.06462112510036,-15.436594388313411,-12.139719910034659,-14.27136483292693,0.2094990182921681,265.0,260.0,5.0,42.90870894500309,29.32530864479346,28.295399590733062,-0.013187767281756925,0.10989498310049675,1088.0281690140844
671739,Michael Harris,2025,640,1096,473,43.15693430656935,0.09604319287159156,0.0066226908860470505,-13.741761778875961,-11.344578652587753,3.140126971292807,69.39243324706443,62.92485566628397,8.472033103196342,7.771959809430581,37.06462112510036,-14.855732280997225,-12.458549154709017,-14.469432069668049,0.15843860642999494,263.0,261.0,2.0,45.42843022826281,30.770550997461786,29.582315795199104,-0.013373977400365899,0.10117440422506449,1027.5
686780,Pedro Pagés,2025,388,725,260,35.86206896551724,0.12844827688394994,0.009547208513467176,-17.674678826120655,-12.908397948209902,4.178609771922088,65.1732634615594,52.31388237730759,11.273849954700632,9.763255887994786,37.06462112510036,-19.1853150085215,-14.419034130610747,-16.985243038646253,0.25002835621615827,240.0,262.0,-22.0,33.39655198982698,21.966926348935623,20.990048284316412,-0.01576500088398808,0.10035598720877274,1121.1340206185566
691023,Jordan Walker,2025,394,821,280,34.104750304506695,0.13182216063427166,0.007732465415311224,-17.81836992564961,-13.543655187011414,3.8721760062713724,63.45934539220319,51.92620513910255,10.447094530393336,9.211445144914265,37.06462112510036,-19.11354310687943,-14.838828368241234,-16.969026731532068,0.22256427878208238,226.0,263.0,-37.0,36.91020497759607,25.20947539308616,24.35897833741191,-0.014251802173580888,0.08874185086356304,1250.253807106599
696100,Hunter Goodman,2025,577,1126,416,36.9449378330373,0.12653227788166754,0.007161635136682457,-17.96981153213265,-14.352199381063567,3.469457682208395,61.27790074361726,51.51761710586218,9.360564270974997,8.440724857682424,37.06462112510036,-19.694079395074233,-16.07646724400515,-17.30340914589027,0.1868785300014322,245.0,264.0,-19.0,52.6374275987737,35.356458842039466,33.69828791384398,-0.015347219144524185,0.09942989073930393,1170.8838821490467
672356,Gabriel Arias,2025,470,920,359,39.02173913043478,0.12403299831297068,0.008041166370540396,-19.58483314038978,-14.420823831394445,4.136180212966119,61.09275262056143,47.16030396132438,11.159375402774792,9.688623331359084,37.06462112510036,-21.148275302604343,-15.984265993609009,-19.699224833373012,0.24622041877336717,253.0,265.0,-12.0,44.52784639435647,29.18639376771781,27.961697407316404,-0.016675491985476805,0.1068198949526389,1174.468085106383
595879,Javier Báez,2025,435,816,377,46.200980392156865,0.10586206342664883,0.008040231900364821,-22.08740460930828,-15.692733681839695,4.428043236614206,57.66115177901416,40.40838962103792,11.946819101883417,10.19060535798301,37.06462112510036,-23.284583719921194,-16.88991279245261,-22.445105645101435,0.27239547474787384,266.0,266.0,0.0,39.90999791184661,23.896629570098106,23.028674714903744,-0.01962422590900552,0.11238407619245516,1125.5172413793102
672695,Geraldo Perdomo,2026,608,1278,270,21.12676056338028,0.09135200948823437,0.010508541446749184,25.733082950379437,22.957796727817605,3.006143058939578,152.19333148585696,158.50279730697332,6.834306576947231,6.418349947837702,43.98607269213801,17.929109911611945,15.153823689050114,25.65760387765378,0.11802175786942103,16.0,1.0,15.0,24.665042561823277,50.74123328487445,42.833207272256715,0.020403905104108895,0.08521117349914045,1261.1842105263156
621493,Taylor Ward,2026,590,1221,186,15.233415233415235,0.12535144706275292,0.01258445980060383,25.3634491545429,22.88056305232765,2.848684200111387,152.01774482680122,157.66245450477854,6.476332224632903,6.119111388842689,43.98607269213801,17.548480679797336,15.065594577582086,25.336428899713397,0.10727339164683371,1.0,2.0,-1.0,23.315369153672044,48.25609415563923,40.57137515547276,0.020426474203085326,0.08016545024556329,1241.6949152542372
678246,Miguel Vargas,2026,619,1267,268,21.152328334648775,0.09422751914243445,0.013347183997878818,23.303940907947588,19.954612908692127,3.571096420923264,145.36575258345076,152.98027189436465,8.118698038621565,7.4460363926055075,43.98607269213801,16.194875866322832,12.84554786706737,23.05831919284176,0.15884209376144928,17.0,3.0,14.0,25.252975130172434,49.29487416687169,41.960688732262156,0.018975453067639512,0.10350293560499234,1228.1098546042003
680757,Steven Kwan,2026,567,1123,226,20.124666073018698,0.09508514197873563,0.010729063403624672,21.624400900514033,19.51965114261683,2.86625319996959,144.37689011073212,149.16192689414424,6.516274412654939,6.152768586576515,43.98607269213801,15.307237285714502,13.202487527817299,19.75853349010806,0.10845671748424407,10.0,4.0,6.0,21.489242087194253,41.92430093818001,35.95458132219446,0.018196846706131576,0.08082700433396053,1188.3597883597884
650402,Gleyber Torres,2026,376,799,154,19.27409261576971,0.12248240327747321,0.01286329729639021,23.107371041482548,19.442605062961796,3.790588000985574,144.20172994084314,152.53338074352047,8.617700487870783,7.825340661962355,43.98607269213801,15.290689595118533,11.625923616597781,22.299903609610165,0.17543724540253997,6.0,5.0,1.0,18.862290104730874,33.3429092907266,28.44445558433849,0.01812342826782945,0.08403685450345867,1275.0
641487,J. P. Crawford,2026,413,876,166,18.949771689497716,0.13333101948130247,0.013645969212783065,20.024125056494068,16.973595031136334,3.736521432651363,138.58856677188678,145.52378475942714,8.494783016441525,7.732961234645669,43.98607269213801,12.25097279395865,9.200442768600917,19.00665466619738,0.17131956387565442,4.0,6.0,-2.0,22.13294923389621,35.916221981116294,30.565702173737748,0.01573432962011425,0.08689888937144688,1272.639225181598
641343,Jake Bauers,2026,518,1143,238,20.822397200349958,0.13889918623513475,0.011559570269865751,17.071523492446826,14.62007253750815,3.6536150158438248,133.2379583870449,138.8112019273277,8.306299681300862,7.58996648717164,43.98607269213801,9.147926296465888,6.696475341527213,15.697082397025856,0.16504220248123996,14.0,7.0,7.0,33.05800632396207,47.7964216057745,40.95571602657762,0.01289450155889101,0.09329925537858379,1323.938223938224
666018,Jonathan Aranda,2026,607,1227,352,28.687856560717194,0.07781132019274568,0.011423155305014308,17.38013909266321,14.445291122737189,4.026113388105989,132.84060212386072,139.51282310268564,9.153154945850869,8.219692119863476,43.98607269213801,10.656890308470608,7.722042338544586,18.25560942022177,0.19356480549603972,115.0,8.0,107.0,27.38958470784648,44.9724920899241,38.17080540324925,0.014329997866403927,0.11627896599180369,1212.8500823723227
663757,Trent Grisham,2026,486,972,187,19.238683127572017,0.13981756013012525,0.011871498948680573,16.284231304473405,14.335004137678116,3.2960358781937096,132.58987052108503,137.02133495401608,7.493362504224745,6.95481182904355,43.98607269213801,8.887307235397442,6.938080068602153,16.146349442496835,0.13857537491867858,5.0,9.0,-4.0,26.14588374433342,39.33611110095688,33.34460260500535,0.013570192753727837,0.08563352406902112,1200.0
668885,Austin Martin,2026,336,648,116,17.901234567901234,,,16.495407410651865,14.202584650792115,3.594447029414297,132.28882185094614,137.50143261505642,8.171784406787383,7.4869268411602246,43.98607269213801,9.2081371109153,6.915314351055551,16.52152506017821,0.1605914697631914,2.0,10.0,-8.0,15.770765850903222,25.00819400086827,20.92732263301579,0.014255290354884327,0.07907380037245705,1157.142857142857
680777,Ryan Jeffers,2026,325,715,183,25.594405594405593,0.10022458254994379,0.012425685796781641,17.927111772431157,14.06165731929898,4.6947850458411,131.96843104797654,140.7563364383641,10.673344444047713,9.267603133602623,43.98607269213801,10.06736072751275,6.201906274380573,18.96379498644952,0.24606517277153309,65.0,11.0,54.0,18.341098606639715,28.05161748337326,23.794252334042454,0.013581145282144816,0.09510312819249349,1320.0
665742,Juan Soto,2026,394,849,170,20.023557126030624,0.12991887488927276,0.01665775489538038,17.188194311254286,13.530764392992225,4.672636771354222,130.761474177736,139.07644683706093,10.622991518379864,9.234582815366583,43.98607269213801,10.042983883674557,6.385553965412496,17.35558878543273,0.24431484416854252,9.0,12.0,-3.0,22.08620873117637,33.37312299556668,28.681101481455997,0.013294363091154669,0.10530600777281579,1292.8934010152284
805300,Jakob Marsee,2026,556,1080,231,21.38888888888889,0.11854793422668418,0.011112909789489265,14.794997903190112,13.139971773691887,3.1989711226045188,129.8730279142209,133.6356419149795,7.27269093786656,6.777305260349919,43.98607269213801,8.432715226475162,6.777689096976937,13.464257758467133,0.1315919700589831,21.0,13.0,8.0,27.384572806364044,41.09460419665355,35.19888891623103,0.012694473509527317,0.09020320800276983,1165.4676258992806
672515,Gabriel Moreno,2026,487,1119,329,29.40125111706881,0.08524589967929644,0.00998484870303548,16.034817807616342,13.103939563643351,4.264070232423903,129.79111059848162,136.4543066161994,9.694137192625645,8.604743304489164,43.98607269213801,9.095610214774744,6.164731970801753,15.933900842854328,0.2121246467567212,129.0,14.0,115.0,28.04590099448853,41.060828115003794,35.42850461881403,0.01163085533558111,0.10346346450548322,1378.6447638603697
593428,Xander Bogaerts,2026,544,1063,247,23.23612417685795,0.10588049238624324,0.011179975376988754,14.630337262581152,12.931198274885706,3.2727536470752945,129.39839245342995,133.26129469430026,7.440431588383794,6.912430744332101,43.98607269213801,8.250877490766195,6.551738503070748,14.180125430939961,0.1368916254390449,36.0,15.0,21.0,26.15248161940208,39.41732073747566,33.6332772110301,0.01247868214306075,0.09101109352043536,1172.4264705882354
805808,Kevin McGonigle,2026,632,1273,251,19.7172034564022,0.13342958100642816,0.010590255815976196,14.239943065836016,12.927103978727722,2.8773163676407747,129.3890842885782,132.37375422330268,6.541425936748976,6.1739280671165355,43.98607269213801,7.243446601313179,5.930607514204885,14.456662049840538,0.10920396934352315,8.0,16.0,-8.0,33.49082483261347,48.490231528627405,41.120588585996686,0.011782723249029016,0.08494527805479499,1208.5443037974683
665877,José Fermín,2026,330,663,145,21.87028657616893,0.11681457349473004,0.013658419213874704,15.163684864126996,12.83713607304139,3.8465371537107163,129.18454703353382,134.47383213831984,8.74489791492169,7.920209319846689,43.98607269213801,8.198118873415659,5.871570082330054,14.79271735217217,0.17971677353350604,24.0,17.0,7.0,16.938113156735856,25.278139832005703,21.447078537114468,0.012579225754554823,0.08216291841438227,1205.4545454545455
668939,Adley Rutschman,2026,359,783,200,25.54278416347382,0.09007139263008329,0.014584073311033393,16.28363853285544,12.477401426683205,5.005475980204583,128.36670942189707,137.01998731922697,11.379683781360304,9.718768263449768,43.98607269213801,8.950255157127762,5.144018050955525,17.758611356733805,0.27060620309246775,64.0,18.0,46.0,18.014278526016657,27.757322248175164,23.369514528364768,0.012443223144519164,0.10703053562740289,1308.6350974930363
802139,JJ Wetherholt,2026,583,1150,244,21.217391304347828,0.11795526873020219,0.012293878713028035,13.983014660198227,12.290488243059059,3.3686650792424824,127.94177222658898,131.78964113951807,7.658481135199396,7.086220440757802,43.98607269213801,7.398455977259401,5.705929560120232,13.636127402370773,0.14386150880462173,19.0,19.0,0.0,28.781085570169335,42.367914814995274,35.96991862807305,0.011814634125935603,0.09652197922566014,1183.5334476843911
608324,Alex Bregman,2026,651,1288,304,23.60248447204969,0.10534846684976296,0.011098841894568261,13.818020699686528,12.27424461115026,3.2198284486557545,127.90484319220465,131.41453613374384,7.320108960833097,6.815629142027581,43.98607269213801,7.298007838841041,5.754231750304774,13.583412402060322,0.133084413926215,40.0,20.0,20.0,32.02593392232794,47.018486381487826,39.944272427470466,0.011640180480714196,0.09734295816463866,1187.0967741935483
668709,JJ Bleday,2026,485,957,217,22.675026123301986,0.12213828570679452,0.009953922450574566,13.51850524797542,11.952112272520571,3.2965579309623303,127.17249242998881,130.73360366266957,7.494549363466021,6.955760708055691,43.98607269213801,6.154739293471297,4.588346318016447,13.867313786979183,0.13861319053126178,32.0,21.0,11.0,26.504007998374412,37.431466407154545,31.47908892726371,0.011418451837805781,0.08613808876785319,1183.9175257731958
669364,Xavier Edwards,2026,570,1157,273,23.595505617977526,0.11281993636284059,0.010396318037336021,13.429409908984773,11.859374352406547,3.316223592833136,126.96165769426892,130.5310501416625,7.539258201212111,6.991459323124013,43.98607269213801,6.701339535596264,5.131303979018038,12.520066650929573,0.14003963317722,39.0,22.0,17.0,30.79984262705548,43.557782040591015,37.16611518587193,0.011026741066149988,0.09261913710265973,1217.8947368421052
694497,Evan Carter,2026,412,822,168,20.437956204379564,0.13122361004118005,0.010647006008423833,13.376771688172806,11.792483991953521,3.3428575986333993,126.80958601257731,130.41137994246017,7.5998091987668985,7.039665763778465,43.98607269213801,6.576397352146142,4.992109655926857,13.333752874345386,0.1419774506018501,11.0,23.0,-12.0,22.04556648691825,31.23094971279691,26.561359335391934,0.011174432148270876,0.08006227627223202,1197.0873786407767
663457,Lars Nootbaar,2026,272,547,106,19.378427787934186,,,14.820711207978313,11.491732323240111,4.923645938901847,126.12584306780842,133.69409974768524,11.193647528759463,9.602109200323005,43.98607269213801,7.200000754719462,3.87102186998126,14.941161656513922,0.2641487594503498,7.0,24.0,-17.0,16.195952098622335,22.914674512905837,19.459952440761825,0.012282856333242232,0.09543568731844566,1206.6176470588236
657041,Lane Thomas,2026,374,775,161,20.774193548387096,0.13273230892619087,0.012585832697172105,13.38310372337681,11.455236205579514,3.7542755542172848,126.04287108275298,130.4257754881783,8.53514606883355,7.763372458392616,43.98607269213801,6.106897852086498,4.179030334289203,13.167742109749256,0.17266970184305938,13.0,25.0,-12.0,21.36990173711673,29.712036391354943,25.17653473158398,0.01076404471514608,0.08406121175259768,1243.3155080213903
650333,Luis Arráez,2026,593,1074,366,34.07821229050279,0.06877820061863539,0.009143378006018344,12.618010240742445,11.17084733256434,3.3039748437249616,125.39632808491447,128.68637609239838,7.51141132069176,6.969234878992633,43.98607269213801,7.020249009493093,5.573086101314989,11.956041384357357,0.1391507325436827,206.0,26.0,180.0,25.172821426420555,37.64362154768767,32.111167530802895,0.01161154573674778,0.09964099008578814,1086.6779089376055
605141,Mookie Betts,2026,453,796,164,20.603015075376884,0.11394126079369034,0.013776733203619633,11.909962589848638,10.618897456641795,3.221587375807144,124.14149935813614,127.07666736516217,7.324107788288552,6.818856525092316,43.98607269213801,6.351239057839654,5.060173924632811,10.96957046265264,0.13321048184100878,12.0,27.0,-15.0,18.686366770165215,27.67838852550094,23.481552258834153,0.011296509742884072,0.08621053347281836,1054.3046357615895
670623,Isaac Paredes,2026,586,1350,374,27.703703703703702,0.1101847421461665,0.008882290075125615,12.164906251254104,10.579824125658885,3.5779482557035904,124.0526682154779,127.65626823835181,8.134275321067948,7.458048228239011,43.98607269213801,3.88648258152522,2.3014004559300005,12.197031693186178,0.1593549905532273,96.0,28.0,68.0,41.20909356266627,53.09015200139111,45.00489155062257,0.008800784028685069,0.09510723084809589,1382.2525597269623
668227,Randy Arozarena,2026,594,1262,388,30.744849445324878,0.09198538604670835,0.009980727149337067,12.217264927098903,10.288308227318645,4.017675951097679,123.38992230410595,127.77530290691897,9.133972880956458,8.205792153925884,43.98607269213801,5.2553331285032305,3.3263764287229725,12.452975951301122,0.19291070088179701,156.0,29.0,127.0,35.69032978612284,47.78542206395075,40.89310958334104,0.009584066781163164,0.11196452000236698,1274.7474747474748
666397,Edouard Julien,2026,276,564,105,18.617021276595743,,,12.747338740424722,10.232015790178254,4.603949116450789,123.2619444381701,128.98039756730353,10.466833783216318,9.131446735116898,43.98607269213801,5.3828343503711364,2.867511400124669,13.376525905821014,0.23888807692957847,3.0,30.0,-27.0,15.819811891343665,21.683587711939037,18.295915692514388,0.010396765639353496,0.08917616563696527,1226.0869565217392
701762,Nick Kurtz,2026,428,991,233,23.511604439959637,0.12792395182270322,0.013668830153788517,12.458739836059424,9.828012521184663,4.831745269095804,122.34346446424462,128.3242832868011,10.984716237145266,9.46924903585795,43.98607269213801,4.493502123467843,1.8627748085930822,13.083356024572677,0.2568895102778445,38.0,31.0,7.0,29.806280774689853,38.69351519107891,33.01164562276358,0.008967945929756868,0.10948628540146614,1389.252336448598
803011,Sam Antonacci,2026,495,970,212,21.855670103092784,0.1249735301185645,0.012143704114648941,10.966205023972083,9.785423782015057,3.2461568511192533,122.24664122779046,124.93108466565182,7.379965185433492,6.863864377188405,43.98607269213801,5.015302464764971,3.834521222807944,9.468203662766495,0.13497479653066805,23.0,32.0,-9.0,26.494388385135675,35.54150752991264,30.632012918566776,0.009326926953378318,0.08598794739533702,1175.7575757575758
663656,Kyle Tucker,2026,558,1127,273,24.22360248447205,0.11963831946710642,0.009910725083602074,10.860514257254982,9.749209836305441,3.1567701319137194,122.16431074567836,124.6908023211542,7.176749226984192,6.699462021422922,43.98607269213801,3.852262201205766,2.7409577802562257,10.96102338034835,0.12858643415139115,44.0,33.0,11.0,32.66126121452005,42.761539473767186,36.243865061641415,0.008962092510423365,0.0874508327375776,1211.8279569892475
805811,Bryce Eldridge,2026,416,935,232,24.81283422459893,0.1250548710947638,0.013375878638855254,12.186403331353764,9.68782364655905,4.752807779211706,122.02475250374111,127.7051407081677,10.805256046560423,9.35356384323822,43.98607269213801,3.965237490531903,1.4666578057371886,12.020754362400568,0.2506510474320083,54.0,34.0,20.0,29.0127300939852,37.461969737057146,31.761961420753988,0.00903661993911438,0.10776718159229413,1348.5576923076922
695578,James Wood,2026,556,1270,279,21.968503937007874,0.1259610654065201,0.011856968894788199,11.384244740605627,9.668837939058118,3.9431185177895482,121.98158950614,125.88147575775827,8.964470516355814,8.082230590557714,43.98607269213801,3.8818845180909074,2.1664777165433984,13.540741346797859,0.1871448015492938,25.0,35.0,-10.0,35.14313724841911,45.69253737471366,38.74035023518335,0.008306614272672872,0.10253249169615128,1370.5035971223022
699013,Esmerlyn Valdez,2026,281,660,138,20.909090909090907,0.13927769570942566,0.02266559317980739,14.880345019355255,9.659434526671154,6.883409685634431,121.9602113475288,133.82967405047492,15.649066316540596,11.996627154532145,43.98607269213801,6.7353773364487095,1.5144668437646072,15.461434534270166,0.4123192555752097,15.0,36.0,-21.0,19.22032200790074,26.189283591965452,22.374723727137553,0.01055903270312835,0.1254835279559856,1409.252669039146
624413,Pete Alonso,2026,626,1389,386,27.789776817854573,0.10855582473208039,0.01141605210913878,11.744768097874404,9.629725686443399,4.389941206574926,121.8926698772191,126.70110646175885,9.980298166877665,8.802987827519551,43.98607269213801,4.346330760030921,2.2312883485999153,11.963049678414253,0.22201151307477368,97.0,37.0,60.0,41.90254834658303,54.15625639536533,46.43722010621529,0.008821964038000212,0.12289399541670944,1331.3099041533546
678554,Curtis Mead,2026,331,734,185,25.204359673024523,0.11927788276596397,0.010910052521014022,11.382947879535624,9.538272888153486,4.125296258679622,121.6847567977087,125.87852741299677,9.37864193412514,8.38181995732287,43.98607269213801,3.128599180844436,1.2839241894622972,12.04200930812667,0.20127597996962862,60.0,38.0,22.0,22.066408311703334,28.34600122524715,23.792352193135848,0.008555303696926184,0.08400088397748719,1330.5135951661632
681082,Bryson Stott,2026,540,1151,353,30.668983492615116,0.09169751051856695,0.009480290882907725,11.081294782998162,9.44731323649349,3.9069145928710562,121.47796486086852,125.19273511994811,8.882162815980093,8.02175530391731,43.98607269213801,4.054657406934857,2.420675860430186,9.872411477312523,0.1843546575935205,154.0,39.0,115.0,32.36922121305413,42.34238651775248,36.018412879295504,0.008664783062292222,0.10364271116205326,1278.8888888888887
673548,Seiya Suzuki,2026,565,1282,286,22.308892355694226,0.14047566913139545,0.011544270606935076,11.022732444650918,9.373020144561336,3.946004303325165,121.309063462346,125.05959675418147,8.971031196496128,8.08703764911169,43.98607269213801,2.3329126142436687,0.683200314154087,11.175164778938504,0.1873674835281868,27.0,40.0,-13.0,40.176041371579096,50.555781090292044,42.37286741665855,0.008096520841429757,0.10377930056522919,1361.4159292035397
650490,Yandy Díaz,2026,613,1165,338,29.012875536480685,0.09348747452179293,0.011082137963810426,10.784476855002056,9.36662723125472,3.659844559496916,121.29452951349506,124.51793532576427,8.320462217921698,7.600767250724911,43.98607269213801,4.794240883093068,3.3763912593457315,10.464540749340305,0.16551225729468594,122.0,41.0,81.0,31.59876638836601,42.61690690855978,36.49688249059276,0.00945763134780581,0.10954912218916198,1140.2936378466557
665489,Vladimir Guerrero,2026,548,1077,325,30.176415970287835,0.08935644250670341,0.00918031664266369,10.335241009019326,9.064727448382193,3.5400310506240906,120.60817639216607,123.49662149052608,8.048072569244923,7.391438444601936,43.98607269213801,4.269680451561086,2.999166890923954,10.223701401686304,0.15652121951154047,147.0,42.0,105.0,29.04084381467861,38.48036393624959,32.94048529377107,0.008764642638413169,0.09852093568370288,1179.197080291971
545361,Mike Trout,2026,555,1262,267,21.156893819334393,0.16050251076542854,0.009981871963573793,10.172397318949269,8.94189886404087,3.515514670612683,120.32893212955365,123.12640501039199,7.992335881446038,7.348191281984951,43.98607269213801,1.980552141859508,0.7500536869511087,11.123899731181721,0.15469497263102627,18.0,43.0,-25.0,42.85417037436942,52.26363789439749,44.68618110558946,0.007455996450101486,0.09153790526905245,1364.3243243243242
696285,Jacob Young,2026,433,795,218,27.42138364779874,0.09571598734843698,0.010984201374880298,10.143318726070827,8.876259109841683,3.5849009211460947,120.17970363475575,123.06029637395616,8.1500818366693,7.470225592722364,43.98607269213801,4.208861947110093,2.9418023308809493,9.855590012938476,0.1598757992068123,92.0,44.0,48.0,20.86608524195926,28.186180255940375,23.90348061379038,0.009207666684252973,0.09175510548987374,1101.6166281755195
683734,Andrew Vaughn,2026,312,669,153,22.869955156950674,0.12682036666449442,0.01179868428879545,10.511903065594707,8.854768956875127,4.106383081566803,120.13084691340904,123.89825329296467,9.335643830509039,8.351084112852991,43.98607269213801,3.2613985293461965,1.6042644206266168,10.41496322254402,0.1998025423121469,34.0,45.0,-11.0,19.403516099667648,24.869705693776897,21.09944333492767,0.008170686986710385,0.08255620992397922,1286.5384615384614
668930,Brice Turang,2026,613,1296,324,25.0,0.12566441869305786,0.01005617870080344,9.973448364446966,8.818055614181983,3.438349446060631,120.04738107877975,122.67410512925743,7.816904841961932,7.2111570033560355,43.98607269213801,2.6206214712968445,1.4652287210318615,8.8943588317024,0.1489790486110502,58.0,46.0,12.0,40.71527165655075,50.904811402227395,43.39267325972569,0.007862299186478898,0.09757908381644291,1268.515497553018
686555,Isaac Collins,2026,477,926,198,21.382289416846653,0.13616335213922648,0.010336658071375222,9.546817959410157,8.592006636003921,3.180618402993961,119.53347073320242,121.7041835633499,7.230967004613846,6.743501719517811,43.98607269213801,3.227285064809625,2.272473741403388,8.441073900968828,0.1302825466495376,20.0,47.0,-27.0,26.96034372356684,34.55006400129792,29.526035350090492,0.008196242200573514,0.08309467676008268,1164.7798742138366
669003,Garrett Mitchell,2026,472,975,220,22.564102564102566,0.13134821284069123,0.011915321197256112,9.823331782557673,8.455671012450601,3.8480174933262177,119.22351893435113,122.33282305358777,8.748263388411134,7.922709359292876,43.98607269213801,3.343082203494971,1.9754214333878988,8.313009577239555,0.17983024779060355,30.0,48.0,-18.0,28.89660682495207,36.62429449389744,31.526498158368113,0.007925833506610636,0.09694501409051834,1239.406779661017
680869,Zack Gelof,2026,369,699,174,24.892703862660944,0.10357873141191895,0.017750356374514227,10.641890464322637,8.339218758738955,5.040297448996767,118.9587709207544,124.19377273985351,11.458848541160302,9.767943666084152,43.98607269213801,4.008844867303109,1.706173161719427,10.190473913796179,0.2733515787814613,57.0,49.0,8.0,18.022699265673896,24.56746190123232,20.48813885906531,0.00936303667461863,0.11724455824460948,1136.5853658536585
518692,Freddie Freeman,2026,598,1302,382,29.339477726574504,0.10299725395268716,0.008448281241592788,9.337476694667599,8.233658826778981,3.5201911218082014,118.71878602212797,121.22825731685876,8.002967544855155,7.356451420090668,43.98607269213801,1.8770325111906145,0.7732146433019977,9.533887368962704,0.15504295487068442,127.0,50.0,77.0,39.3449510099265,48.651302782278535,41.21572674607981,0.007147735616245806,0.09723232816279677,1306.3545150501673
694671,Wyatt Langford,2026,400,796,218,27.386934673366838,0.11371180633469019,0.01077511591892163,9.511449889363067,8.169299154377802,3.9025987883774427,118.57246772530789,121.62377613462891,8.872351063692454,8.014525421114817,43.98607269213801,2.7999675216206334,1.4578167866353677,9.140886042357112,0.1840224953986119,90.0,51.0,39.0,24.78917378096246,31.13014037387117,26.655818795376216,0.0079660384333024,0.09221596439230244,1194.0
682829,Elly De La Cruz,2026,565,1209,313,25.88916459884202,0.12448361958532055,0.011408065858946687,8.610191746729285,7.372654726959576,4.026602023860311,116.76133893235108,119.57481361655698,9.15426583328504,8.220496588208322,43.98607269213801,1.054065144456288,-0.1834718753134208,9.218182756484344,0.19360269605848254,70.0,52.0,18.0,38.96337293020533,47.07130349170874,39.955950941235,0.006706311465263366,0.10904926794871878,1283.8938053097345
655316,Andruw Monasterio,2026,327,679,181,26.656848306332844,0.11744582841010714,0.011199865082026837,8.46264018834973,7.265428814212304,4.002301053886508,116.51756651489123,119.23936298559869,9.099018868765413,8.180419841855473,43.98607269213801,1.003851088744037,-0.19336028539339,8.14463078838734,0.19171958529537025,85.0,53.0,32.0,21.257694942229392,25.869833844879995,21.804793785594892,0.006792546248380858,0.08370884861059082,1245.8715596330276
805367,Chase Meidroth,2026,580,1192,337,28.27181208053691,0.11047250951474398,0.009722081879215685,8.004458537531326,7.125571931741474,3.4777037008947,116.19960932091827,118.1977113382119,7.90637465007486,7.281217559119158,43.98607269213801,0.9543197556249646,0.07543314983511262,6.593387038782212,0.1518879461362589,108.0,54.0,54.0,37.22923570646872,44.966878959415666,38.15174480357285,0.006491311453814554,0.09737135037780428,1233.103448275862
660271,Shohei Ohtani,2026,580,1220,367,30.08196721311475,0.09292306849382119,0.011526984040999442,8.60090669245933,7.11031404791782,4.536091650259899,116.16492133244873,119.55370453883836,10.3125634379963,9.02846860060351,43.98607269213801,2.125275981425983,0.6346833368844731,10.028537957009677,0.23353042946289895,139.0,55.0,84.0,34.10276613723238,42.416975939943065,36.15719958594416,0.006814926067795644,0.12553899528963675,1262.0689655172414
687637,Dylan Beavers,2026,298,623,150,24.077046548956663,0.13337853253867146,0.01312292165240296,8.516413098786593,7.110215008764178,4.405852784119432,116.16469617219326,119.3616128413956,10.016472293301435,8.827781071318157,43.98607269213801,1.333608308112345,-0.07258978191006982,7.180889508659262,0.2232638462854106,43.0,56.0,-13.0,20.006779880800718,24.23659838653139,20.66913867382985,0.00678943580374105,0.08766999303085454,1254.3624161073826
800050,Chase DeLauter,2026,498,1005,217,21.592039800995025,0.1403961332891267,0.011685545672345272,7.885748571195362,7.050456332801259,3.4166050277122344,116.02883799639936,117.92783053487939,7.7674700617746035,7.172292244289372,43.98607269213801,1.309606049064404,0.4743138106703011,8.26699499952894,0.1473775214110434,22.0,57.0,-35.0,30.465960923740496,37.01113223783265,31.552933944463952,0.006512608272728508,0.08945195510079351,1210.8433734939758
650859,Luis Rengifo,2026,353,726,225,30.991735537190085,0.09932131257018796,0.009854338458757791,8.292340304780629,7.033352316035701,4.202002324786773,115.98995292274145,118.85219524557095,9.553029101272392,8.505604077356827,43.98607269213801,0.9292482886491846,-0.32973970009574227,6.625107076763658,0.20726483273418647,159.0,58.0,101.0,22.34729532829229,27.225955540938227,22.89400307144756,0.006719917648272639,0.09175113238843036,1233.9943342776205
669707,Jared Triolo,2026,334,616,156,25.324675324675322,0.1232937916116279,0.01348809743965872,8.134033605273968,6.921827586708909,4.171786713284463,115.73640737411436,118.49229337250614,9.484335513386537,8.457010565643694,43.98607269213801,1.8877735658264954,0.6755675472614362,7.226742971823754,0.20490334129610857,62.0,59.0,3.0,19.23383149141395,23.76177686501646,20.284692109724034,0.007350560671432643,0.09356791604582627,1106.5868263473055
683083,Nasim Nuñez,2026,464,905,233,25.74585635359116,0.12175919510999206,0.009724170254022151,7.603758035418166,6.833474061361135,3.3571974831760967,115.53554032702387,117.28674002936673,7.6324101646295786,7.065552745605971,43.98607269213801,1.206123707662522,0.43583973360549066,7.014716897567976,0.14302355862087587,68.0,60.0,8.0,28.36989246062815,34.2501320080182,29.302628127887168,0.006497502262309446,0.08630169577711377,1170.2586206896551
605170,Víctor Caratini,2026,344,658,169,25.6838905775076,0.11283794132191778,0.010212745310522324,7.665106924203124,6.761441813996077,3.6649741854283655,115.3717788385427,117.42621346954935,8.332124150023143,7.609654130208226,43.98607269213801,1.6531982477143323,0.749533137507286,6.388858494601395,0.16589952013852874,67.0,61.0,6.0,19.069612083404106,23.464273386613897,20.01744574542699,0.006678816570227645,0.08191532626637334,1147.6744186046512
807799,Masataka Yoshida,2026,295,550,155,28.18181818181818,0.08443321550935262,0.017090598614201133,8.71304144534097,6.693961093788529,5.519418557865693,115.2183650053054,119.80863694361676,12.548104934251665,10.416688206237806,43.98607269213801,3.533989892123269,1.5149095405708284,9.845877356021175,0.3108670013816565,105.0,62.0,43.0,13.087148403949657,17.371060447908967,14.824693434243597,0.007788930989016927,0.1157131590563359,1118.6440677966102
543807,George Springer,2026,463,943,239,25.344644750795336,0.11296542626916485,0.011938086426276048,7.584377773977322,6.529350803613978,4.065227562109452,114.84413225366451,117.24268003433946,9.242078942947009,8.283908571155857,43.98607269213801,0.9066462292414424,-0.14838074112190203,8.249026576806788,0.1966010749001973,63.0,63.0,0.0,26.998736878330398,32.85134839391623,27.698365551895044,0.006206374883972253,0.1021547947825957,1222.0302375809933
689414,Liam Hicks,2026,503,965,260,26.94300518134715,0.10795510690189489,0.010851047103148263,7.032502608862771,6.253067539269561,3.6118065426087567,114.21601692661964,115.98802115861494,8.211250338006021,7.517243177893927,43.98607269213801,0.7997814157802093,0.02034634618699993,6.56842428614505,0.16189464852328303,88.0,64.0,24.0,28.06832779449267,33.96390914825596,28.738811214721746,0.006109410729288384,0.09747147954104692,1151.093439363817
691026,Masyn Winn,2026,492,973,237,24.35765673175745,0.12252579466729444,0.011795320716221563,6.934601786991982,6.169560086985682,3.6159150787637477,114.02616716924678,115.76544883997215,8.220590876734603,7.52440790826629,43.98607269213801,0.6288492790018804,-0.1361924210044192,7.373472190349505,0.16220340114624204,46.0,65.0,-19.0,29.03861333614878,34.72498680148221,29.554269744930323,0.0058441659458719685,0.09505515067376799,1186.5853658536585
702332,Caleb Durbin,2026,527,948,267,28.164556962025316,0.10247148871122455,0.010042652590610586,6.748620677716794,6.154259855601853,3.193325432079217,113.99138290584841,115.34263066619046,7.2598557603211225,6.766914702608432,43.98607269213801,0.7084576556676893,0.11409683355274858,5.966287918083124,0.13118878154411803,104.0,66.0,38.0,27.359887485896955,33.28742598115821,27.982149460125076,0.006252677737617353,0.09109580457072561,1079.3168880455407
686469,Vinnie Pasquantino,2026,426,919,277,30.141458106637646,0.10683264071960413,0.009412163109219865,6.984266932923965,6.0692440562004615,4.0056728988725085,113.79810400141785,115.87835991134602,9.10668457924973,8.185989009124254,43.98607269213801,-0.15219749247370992,-1.067220369197213,7.799857788740534,0.19198071660822053,145.0,67.0,78.0,29.592641479330343,34.55147100170636,29.48458125967401,0.005395897195186088,0.09381581919853631,1294.3661971830986
683953,Travis Bazzana,2026,451,929,247,26.58772874058127,0.13077741953982927,0.01195465648479635,7.093222627531473,6.054786316752356,4.27529574432943,113.76523509868744,116.12606489598991,9.719657797713749,8.622575849078148,43.98607269213801,-0.3333017200264875,-1.3717380308056049,5.737046292161251,0.21300477571835846,83.0,68.0,15.0,32.30202262633783,37.633761634698985,32.051490833451254,0.005739223905663247,0.10543470736785916,1235.920177383592
667472,Dane Myers,2026,297,629,163,25.914149443561207,0.1226980147586958,0.010939821046991116,6.986876547740279,6.001691515094368,4.193350005439681,113.64452688718241,115.88429273202448,9.533358512793967,8.491711351093999,43.98607269213801,0.047246984348452134,-0.9379380482974593,7.195105519656753,0.2065883088921952,71.0,69.0,2.0,19.999776405667415,23.45828029679885,20.0231636629199,0.005498416361099266,0.08276390800270199,1270.7070707070707
807712,Luke Keaschall,2026,543,1024,240,23.4375,0.12870388879231595,0.010353935721711505,6.412005513120966,5.911629975277867,3.0246942077272783,113.43977675991633,114.57735396837789,6.876481628394859,6.453245277956566,43.98607269213801,-0.13189900506543667,-0.6322745429085357,6.5462320706980925,0.11930856950510835,37.0,70.0,-33.0,30.88893331015583,36.691798299530305,30.76956471057161,0.005666860341186009,0.08554213306228708,1131.4917127071824
573262,Mike Yastrzemski,2026,359,765,201,26.27450980392157,0.13152950386418144,0.011686382903989158,6.948201310208378,5.876390251374863,4.448097098563407,113.35966111933698,115.79636663368287,10.11251249843556,8.89331513647107,43.98607269213801,-0.18490066896245466,-1.2567117277959703,6.11243705371671,0.2265910009209903,75.0,71.0,4.0,26.43743027670047,30.594770727308482,26.326798043104603,0.005434431961579102,0.0962247385179826,1278.5515320334262
682998,Corbin Carroll,2026,605,1291,379,29.35708752904725,0.10823922316972294,0.008687461419073809,6.523282063844025,5.831903626615503,3.5944282737276496,113.25852314079836,114.8303352961311,8.171741766729975,7.486894048368249,43.98607269213801,-0.7902372476122433,-1.4816156848407651,5.865951805665656,0.16059006298274878,128.0,72.0,56.0,41.02266558132499,47.60030832903439,40.22584302331598,0.005094998255390699,0.10087204486734845,1280.3305785123966
687462,Spencer Horwitz,2026,409,849,211,24.852767962308597,0.12000357008190153,0.01180757634961841,6.614363569739428,5.798644001066342,3.9223837666017007,113.18290914865601,115.03740426210332,8.917331160830779,8.047633151343451,43.98607269213801,0.00752190084822618,-0.8081976678248601,7.002667389620018,0.18554601698124557,55.0,73.0,-18.0,25.320753287281224,29.829544453986934,25.325880716359432,0.005310708087992591,0.0917631461867681,1245.476772616137
670764,Taylor Walls,2026,409,814,200,24.57002457002457,0.13041989960631784,0.011249231717653544,6.475777171607477,5.720136806214117,3.8172560801411404,113.00442721097154,114.7223354467946,8.678328949389085,7.870652021973587,43.98607269213801,-0.4262979797750987,-1.181938345168458,6.807155618309377,0.17747480902920326,48.0,74.0,-26.0,26.083979921263566,30.49830135990933,25.79338679838354,0.005422999310375631,0.09120342559233832,1194.1320293398533
671732,Lawrence Butler,2026,471,1006,248,24.652087475149106,0.13964192563992728,0.013053060025589895,6.591882499568105,5.6370590404073475,4.342787519681954,112.81555432298211,114.98629474312293,9.873096764235957,8.729161455721746,43.98607269213801,-1.1173524585974612,-2.0721759177582193,7.316908369613279,0.21830332306552108,49.0,75.0,-26.0,34.63119755870196,39.80582532086293,33.754075878702956,0.005143765171134157,0.10748286827980175,1281.5286624203823
664023,Ian Happ,2026,578,1286,318,24.72783825816485,0.13549640450835904,0.00833504970263588,6.116558188495372,5.601451473549353,3.2064834301321614,112.73460241098212,113.905670168159,7.28976977002378,6.791119993638824,43.98607269213801,-1.1930704153820773,-1.7081771303280968,6.424557970056552,0.13212898608359966,51.0,76.0,-25.0,43.08785663365817,48.98014102190871,41.93853213350677,0.0045818696642694725,0.08613608006625381,1334.9480968858131
679845,Nick Loftin,2026,388,732,182,24.863387978142075,0.12486355740315015,0.00975215203530787,6.1898491820385955,5.56258585703547,3.5588868191825602,112.64624349613672,114.0722933492195,8.090940157561894,7.4246047150588526,43.98607269213801,-0.6805771618569346,-1.3078404868600604,5.719362860304401,0.15792902990251012,56.0,77.0,-21.0,22.725167447373327,26.72793658509162,22.285060882705842,0.0054682638493419285,0.08506268975099403,1131.958762886598
680574,Matt McLain,2026,452,947,250,26.399155227032733,0.11573438935928201,0.008980516224493036,6.085957650114425,5.476072121122019,3.555529585867956,112.44955911260703,113.83610146945949,8.083307665936415,7.418705606143652,43.98607269213801,-0.03471460355268914,-0.6446001325450945,5.388498406484521,0.1576781692914857,79.0,78.0,1.0,28.933597339820505,33.518352102906704,28.907445671810812,0.004841346106743611,0.08703952087743098,1257.0796460176991
700250,Ben Rice,2026,592,1233,312,25.304136253041364,0.12095466029264426,0.009909055919944496,5.93085186000743,5.388057339009133,3.400515271667473,112.24946218026913,113.48347669390247,7.7308908559942315,7.143463804139658,43.98607269213801,-0.5765747736534793,-1.1193692946517766,6.1608738445109195,0.14619515869276026,61.0,79.0,-18.0,37.73785401130501,43.58962784651234,37.168966901300244,0.004745964181027844,0.09555065041216018,1249.662162162162
664761,Alec Bohm,2026,563,1036,276,26.640926640926644,0.11997682210144062,0.010943007076346215,5.827726401302561,5.338445786480168,3.2541029810001705,112.13667295065048,113.2490264409175,7.398030289668945,6.878391120669427,43.98607269213801,-0.2537750799663574,-0.7430556947887501,5.220025825114567,0.1355467248223716,84.0,80.0,4.0,33.11360289999761,38.58195283988651,32.875477283295844,0.005278330057807821,0.09486555666819653,1104.0852575488454
702284,Cole Young,2026,581,1103,341,30.915684496826835,0.09747744818721286,0.011044966719451889,5.992170822805323,5.2858975348992105,3.942998634588095,112.01720729171623,113.622882098943,8.964197968264758,8.082030849827898,43.98607269213801,-0.3563171926168741,-1.0625904805229869,5.03890855806546,0.18713555163321632,157.0,81.0,76.0,33.23980983183959,39.0422285785894,32.894776016988914,0.005260579099501197,0.11496449937278139,1139.0705679862308
808959,Munetaka Murakami,2026,470,1131,253,22.369584438549957,0.1625645818078745,0.01064769386062872,5.935245679308813,5.158739797313882,4.222842383435885,111.72812092914116,113.49346580871192,9.600407867717337,8.538993262343773,43.98607269213801,-2.193270317643386,-2.969776199638317,7.177117868294415,0.20889528413504452,28.0,82.0,-54.0,41.128839197392246,45.77811497951748,39.410777448571594,0.004110765501436991,0.09836037523976848,1443.8297872340427
690993,Colt Keith,2026,399,750,185,24.666666666666668,0.13225406119977245,0.01359574647698513,5.793638157271219,5.042428645537706,4.238148460758935,111.46369370330028,113.17152862866696,9.63520542154802,8.563450430913795,43.98607269213801,-0.42189878311544926,-1.1731082948489622,4.63155911151741,0.21009362298748868,50.0,83.0,-33.0,24.467001321957902,28.319770696543266,24.186438631186128,0.005137025832780481,0.10291227512126372,1127.8195488721803
687551,Drew Gilbert,2026,356,714,186,26.05042016806723,0.12185917732136546,0.011838832586353718,5.737852378386476,5.0298163533031115,4.123776762537043,111.43502032679115,113.0447026233648,9.375187440351135,8.379353759980047,43.98607269213801,-0.8539730649633681,-1.5620090900467325,5.572146548630163,0.2011575538370689,73.0,84.0,-11.0,22.665806981773976,26.070266059616618,22.159116296562377,0.004768149968967286,0.09156822353382811,1203.370786516854
672580,Maikel García,2026,309,573,132,23.036649214659686,0.136050651574299,0.015663402710262356,5.761659708344246,4.992485696667191,4.326951700325853,111.35015106170081,113.09882732352705,9.837094870029723,8.704249887500936,43.98607269213801,-0.4705475007838455,-1.2397215124609007,5.008206967865943,0.2170590985923264,35.0,85.0,-50.0,17.95868600780747,20.925940757604756,17.716354044903788,0.005178455060728249,0.09309191525015044,1112.621359223301
670541,Yordan Álvarez,2026,597,1316,384,29.17933130699088,0.10620373222944239,0.010786341298026914,5.741057405471082,4.981111484440287,4.309760593269452,111.32429239433009,113.05198908221062,9.798011801221278,8.677139007142992,43.98607269213801,-1.4165532727740504,-2.1764991938048457,7.57244407188669,0.21570906868013934,125.0,86.0,39.0,40.782233176105876,46.4945852945496,39.372762669695696,0.004340693099121373,0.11820838446113184,1322.6130653266332
663886,Tyler Stephenson,2026,419,854,194,22.716627634660423,0.1478704039598334,0.0104466149956627,5.423726962322021,4.906264747108834,3.6054909130599624,111.15413231239845,112.33055517432328,8.19689208967365,7.506221854700916,43.98607269213801,-1.4588203299504092,-1.9762825451635964,5.514361848979103,0.16142027641865173,33.0,87.0,-54.0,28.686858368207677,32.47442769689589,27.668115504458974,0.00443509289073561,0.0861585224563507,1222.9116945107398
691720,Kyle Karros,2026,408,887,220,24.80270574971815,0.1301570356190755,0.01128164771781943,5.521995232429371,4.871434163108545,4.069124951836039,111.07494682965697,112.55396286701531,9.250939451485394,8.290287279033722,43.98607269213801,-1.8251932404922349,-2.4757543098130608,7.59730164493688,0.196903961788758,52.0,88.0,-36.0,28.634547836196607,32.38950459424858,27.393416432661887,0.004233322162403577,0.09290693412762183,1304.4117647058822
691406,Junior Caminero,2026,622,1382,416,30.101302460202607,0.09893317394949726,0.012747694718927526,5.945781889858596,4.862632864652942,5.259234942217384,111.05493754508818,113.51741932377912,11.956591303404567,10.070795586065742,43.98607269213801,-0.9689340807465537,-2.0520831059522076,8.47312724148867,0.2905647026763461,141.0,89.0,52.0,41.15620036299086,47.3199942554776,40.1517386992836,0.004460053467790698,0.14665865067540532,1333.1189710610931
681715,Heriberto Hernandez,2026,428,894,219,24.496644295302016,0.13432606815959908,0.014154787202705644,5.671494789525868,4.859427073335741,4.556569255975203,111.04764934880014,112.89384216959107,10.359118186947471,9.059658876712207,43.98607269213801,-2.0582189056132405,-2.870286621803367,5.727457023234074,0.2351467523531144,47.0,90.0,-43.0,29.417408926952195,33.463075210147316,27.949212774281417,0.004525353784334585,0.10870805734397058,1253.271028037383
677942,Blaze Alexander,2026,288,548,164,29.927007299270077,0.11394548690489428,0.011912306474473777,5.699615145801726,4.859398733085202,4.63489353901816,111.0475849187458,112.95777230600645,10.537184284348697,9.178047517524911,43.98607269213801,-0.7193354668391846,-1.5595518795557082,4.637682768138725,0.24133254771204668,136.0,91.0,45.0,18.687059852402662,21.42287512238749,18.341778828319853,0.004992363631359176,0.0950365629062905,1141.6666666666665
592518,Manny Machado,2026,601,1251,378,30.215827338129497,0.1079051046907418,0.010288785193533063,5.437599034697338,4.834733929003804,3.944495730614991,110.99151079670715,112.36209259407067,8.967601536565512,8.084524958515521,43.98607269213801,-1.222623460377077,-1.8254885660706108,5.123571614845184,0.1872510692378922,148.0,92.0,56.0,40.7881295731004,46.23479127285557,39.56346840695603,0.004353846282777912,0.11170845804102246,1248.91846921797
702616,Jackson Holliday,2026,332,644,171,26.552795031055897,0.11324719858499344,0.012103517436525865,5.343683660325952,4.7287428297878575,4.067025574997872,110.75054566222518,112.1485809786357,9.246166629749613,8.286851757993036,43.98607269213801,-0.5149076043672823,-1.1298484349053766,4.765626614397778,0.19674080036484412,82.0,93.0,-11.0,19.36527095803388,22.322109250080903,19.08035541695065,0.004591363807526439,0.08867900326066665,1163.855421686747
660670,Ronald Acuña,2026,403,910,259,28.46153846153846,0.12292547920702036,0.012715685307782623,5.632948412027041,4.70941284579375,5.003401408091783,110.70659997030265,112.8062090276904,11.374967351850172,9.715829737660071,43.98607269213801,-2.4300201306747313,-3.353555696908021,5.55704066065273,0.2704425891300907,111.0,94.0,17.0,31.837699114618275,35.62116279802977,30.20553559351508,0.004157652399353291,0.11140340011689248,1354.8387096774195
686217,Sal Frelick,2026,349,639,152,23.78716744913928,0.13844168844825008,0.01369378902873546,5.195075694144458,4.6772306277274,3.771045095058334,110.63343540684731,111.81072866064947,8.573270729242358,7.792028852600372,43.98607269213801,-1.1509190711266046,-1.6687641375436622,5.062309284694013,0.17394678170536235,41.0,95.0,-54.0,21.043136644134012,24.064939006228037,20.373685384428704,0.004728955183245738,0.08677317198399764,1098.5673352435529
621566,Matt Olson,2026,623,1363,381,27.953044754218638,0.1259114302575035,0.011615158502805891,5.336829050286278,4.65045504555653,4.365354110775505,110.57256254293361,112.1329973867846,9.92440071049071,8.764558637008538,43.98607269213801,-2.068935947579785,-2.755309952309533,5.161257492459627,0.22007737425665277,100.0,96.0,4.0,47.97225492810883,53.51366242532276,45.824009769205155,0.0040655961094746285,0.12277454890282144,1312.6805778491173
608070,José Ramírez,2026,472,1048,307,29.293893129770993,0.11374080149149514,0.010356594576686752,5.238526782575593,4.597768039427228,4.264238829207218,110.45278143290348,111.90951240234712,9.694520488457703,8.605011353929791,43.98607269213801,-1.6855697507410758,-2.3263284938894406,6.380667548816165,0.2121378629042636,126.0,97.0,29.0,34.91842605788901,39.03940046018181,33.59244452063936,0.003932227483103817,0.10362191817124843,1332.2033898305083
656555,Rhys Hoskins,2026,318,691,155,22.431259044862518,0.16223944269324883,0.016663009373959602,5.379005542925111,4.426355094982057,5.397519379553046,110.06308320809285,112.228883402647,12.270973626881194,10.256508426526246,43.98607269213801,-2.4161218559386537,-3.368772303881708,5.934177550725215,0.30137996378823495,29.0,98.0,-69.0,25.14711361745357,27.99798655520388,23.866569033806083,0.004125720604559058,0.10882559648155041,1303.7735849056605
663538,Nico Hoerner,2026,623,1106,367,33.18264014466546,0.08716943240675136,0.00858279860198693,4.720490913022647,4.410379995576303,3.0907403379691236,110.02676466809142,110.73178536774978,7.026633997541583,6.576857804121554,43.98607269213801,-0.4035784468444497,-0.7136893642907935,4.096944557741634,0.123923079885893,194.0,99.0,95.0,31.99118169327775,36.89262475796627,31.572132739304262,0.004431684506951641,0.09649876451409622,1065.1685393258426
666126,Carlos Cortes,2026,340,700,192,27.42857142857143,0.12012177120310047,0.012131377265674698,4.9108265075325646,4.280495305988417,4.543077034437534,109.7314787249772,111.16450323242957,10.328444337904156,9.039119423574295,43.98607269213801,-2.5461599461786224,-3.1764911477227695,4.378729471795183,0.23408174297859813,93.0,100.0,-7.0,23.06338007099529,25.84618175859708,21.62055610149407,0.003975430982288267,0.09730356397248531,1235.2941176470588
664702,Myles Straw,2026,292,547,124,22.6691042047532,0.1392794492004761,0.01492614427825481,4.729870433395397,4.174544610357762,4.378158613566837,109.4906054459004,110.75310920913566,9.953511067491554,8.784589705759895,43.98607269213801,-1.6703660964921985,-2.225691919529834,4.567006349971502,0.22108448089969543,31.0,101.0,-70.0,17.270651700859037,19.572521978444797,16.457740200566167,0.004208172353904497,0.09110231840498693,1123.972602739726
701807,Carson Benge,2026,574,1168,332,28.424657534246577,0.11809446659236558,0.009061239826379594,4.369146580654497,4.066410544215172,3.3257956585225474,109.24476838993174,109.93302268932827,7.561019784148618,7.008803139176952,43.98607269213801,-3.0144727586987727,-3.3172087951380975,3.544425907502533,0.14073529173213642,110.0,102.0,8.0,39.207362908665374,43.38717980415817,36.32351730284355,0.0035786103557301384,0.0930968062952023,1220.9059233449477
605137,Josh Bell,2026,568,1210,366,30.247933884297524,0.10073897913082941,0.009794595960240486,4.439667668989104,4.017379950892943,3.9811234813493384,109.13329994021267,110.09334863801706,9.050872782422598,8.145379819116817,43.98607269213801,-2.1911745179956124,-2.613462236091774,4.635692667646416,0.19008067895196074,150.0,103.0,47.0,36.870466361883565,41.07335175519325,34.79615448484772,0.003473459002735277,0.10834529299011361,1278.169014084507
607043,Brandon Nimmo,2026,587,1107,317,28.63595302619693,0.11241007122674627,0.009713032897821982,4.006389874402108,3.7514955261034437,3.350446060122924,108.52882582257448,109.108314585035,7.617061162911633,7.053370685054942,43.98607269213801,-1.728334571248229,-1.9832289195468924,4.176070796755952,0.14253079614252784,112.0,104.0,8.0,35.63399257887857,39.5535773393353,33.94310525667405,0.003540726974215654,0.0985180191015185,1131.5161839863713
694384,Nolan Schanuel,2026,444,847,232,27.390791027154666,0.11224535271058005,0.009588508776893902,4.011162345822995,3.739166841966286,3.47501170797408,108.50079721401137,109.11916454532651,7.900254547151688,7.276436598578262,43.98607269213801,-1.8454681860333386,-2.117463689890047,3.0440289993884173,0.15168854765272796,91.0,105.0,-14.0,26.04092182885457,29.009181964763588,24.6752753711899,0.0035044393576257574,0.08835808336272138,1144.5945945945946
677800,Wilyer Abreu,2026,621,1326,401,30.24132730015083,0.11046478597125428,0.00872209719622498,3.9573958986187625,3.669778699191137,3.6578117619483828,108.34304695687703,108.9969293833457,8.31584076066462,7.597243795432926,43.98607269213801,-2.72248503642899,-3.010102235856615,4.336404771034722,0.1653588412382179,149.0,106.0,43.0,44.29637917447297,48.39228392954339,41.47860716176896,0.003088917613175278,0.10396566596570546,1281.1594202898552
656716,Zach McKinstry,2026,396,708,205,28.954802259887007,0.11349669210649348,0.010724683265523208,3.8572534906743026,3.5708561487029677,3.7811447149275987,108.11815179249048,108.76926093782349,8.596231678586376,7.809255400537531,43.98607269213801,-1.9412088263626721,-2.2276061683340074,4.187776932891991,0.17471675187639213,120.0,107.0,13.0,23.266821881831163,25.8126091856762,21.9856240564318,0.0035957447794421464,0.0937887194072142,1072.7272727272727
808982,Jung Hoo Lee,2026,538,955,304,31.83246073298429,0.09911346379680179,0.008736478524844523,3.6891982207048306,3.505760159334528,3.1016458580261426,107.97015951815389,108.38719620759466,7.051427118158074,6.597174799621562,43.98607269213801,-2.078521739435709,-2.2619598008060113,2.9210082271931457,0.12468990002863234,172.0,108.0,64.0,30.130492994227744,33.438474065459744,28.266751834533725,0.0034638545248502598,0.08999565633608986,1065.0557620817845
683737,Michael Busch,2026,643,1312,336,25.609756097560975,0.13910464115423468,0.008999222207541164,3.4711454587320274,3.310442276055563,3.1519498186230916,107.52611468458575,107.89146483485091,7.165790500742899,6.690544905339322,43.98607269213801,-3.6308938259121466,-3.7915970085886115,3.3744318627388163,0.12824435979693816,66.0,109.0,-43.0,46.739159427822855,50.45907031109735,42.848051544387005,0.002835297929325068,0.09325499424089637,1224.2612752721618
656305,Matt Chapman,2026,348,707,186,26.308345120226306,0.13421008063912698,0.013356982939700618,3.513918075224122,3.206352635536886,4.584373909280345,107.28947241545842,107.98870610663133,10.42233058942711,9.101851259674143,43.98607269213801,-3.7566133162485653,-4.064178755935801,4.5237578868607,0.2373420899031482,77.0,110.0,-33.0,24.96307499887762,27.00114748250761,22.78423927545345,0.0028827050687835797,0.09999961290396361,1218.9655172413793
805999,A. J. Ewing,2026,426,874,230,26.31578947368421,0.13157907753154954,0.0093661227778571,3.2511918120693144,3.076596914379152,3.7058667890859143,106.99447967522015,107.39141190172776,8.425091312478765,7.680277567930139,43.98607269213801,-3.7970374526622415,-3.971632350352404,2.8037016255868963,0.16899315955994834,78.0,111.0,-33.0,30.263187832256396,32.57153401882561,27.567291240866204,0.002641128359919008,0.08900049795919508,1230.9859154929577
677649,Ezequiel Duran,2026,529,1095,389,35.52511415525114,0.0935651612546637,0.00812582045529961,3.225864301048248,3.0516382215631466,3.756961966999125,106.93773741275291,107.33383115066063,8.541253485607589,7.767967563522318,43.98607269213801,-3.498628250790597,-3.672854330275698,3.7405843442565967,0.17287416717107582,221.0,112.0,109.0,36.39684772806418,39.240984753488384,33.312223820283805,0.002597385411346306,0.10010001916730482,1241.9659735349717
665833,Oneil Cruz,2026,354,827,259,31.318016928657798,0.10809580887231916,0.01249923035292516,3.4014656433363424,3.0095007769718736,5.7831909873895055,106.84194017055263,107.73305147550559,13.14777754282933,10.752171583982328,43.98607269213801,-4.052436907640401,-4.44440177400487,5.295980292672505,0.3312132228471116,164.0,113.0,51.0,27.996814497930664,30.00367922749911,25.605876722422828,0.0024266804468784063,0.11864974025128903,1401.6949152542372
677951,Bobby Witt,2026,557,1160,382,32.93103448275862,0.0931766425039435,0.009794264529219377,3.0994750150466346,2.9189522429911845,4.170546635755528,106.63608288792037,107.04649182194579,9.48151626298968,8.455011609715031,43.98607269213801,-3.308135518202228,-3.4886582902576775,4.87362335565138,0.20480648807861324,192.0,114.0,78.0,35.59347743650642,38.47082340880804,32.52242496377535,0.0024804706657772634,0.11367577718301507,1249.5511669658888
592663,J. T. Realmuto,2026,409,826,247,29.90314769975787,0.11812464096753618,0.011614115857835984,2.882279052458285,2.7282286388378996,4.515702522553947,106.20248290392504,106.55270833709476,10.266209839099991,8.997314926136672,43.98607269213801,-4.02449157903489,-4.1785419926552745,2.968283217365959,0.23192156772699773,135.0,115.0,20.0,29.176786318981435,31.14153987307383,26.433424559272652,0.0023786362640343794,0.1071044113068389,1211.7359413202935
592626,Joc Pederson,2026,418,858,257,29.953379953379955,0.11921786396783968,0.011723040064121738,2.7715654935169605,2.6375676035138365,4.644386642681238,105.99636985546398,106.30100694125471,10.558766351312302,9.19229860933667,43.98607269213801,-3.6855815243073433,-3.8195794143104673,3.36621263678734,0.24208258140162583,137.0,116.0,21.0,30.638991039734798,32.56984833355161,28.07136924446735,0.002250416426359925,0.11046119947343286,1231.578947368421
661388,William Contreras,2026,578,1094,309,28.244972577696526,0.11354281752023329,0.010294404426779655,2.711737601262708,2.632970733852255,3.580499903257188,105.98591911644539,106.1649914058988,8.140076356253465,7.462518669727439,43.98607269213801,-3.35239391528249,-3.4311607826929422,3.457710063581807,0.1595460863053477,107.0,117.0,-10.0,35.084730613752086,37.69703783630183,31.85525780869662,0.002387849380758448,0.10428253824025309,1135.6401384083044
695731,Braden Montgomery,2026,308,622,169,27.170418006430868,0.12586968991686345,0.010238969714198453,2.5914733596647195,2.5152193794234017,4.1627703529049445,105.71821766636822,105.89157704031147,9.463837296956475,8.442468223172483,43.98607269213801,-4.0049387031196755,-4.081192683360994,2.985276568206604,0.20419925973253653,89.0,118.0,-29.0,21.271977595949924,22.602267253911148,19.216109061681824,0.002138729353635406,0.08568143404456462,1211.6883116883118
665487,Fernando Tatís,2026,626,1157,306,26.44770959377701,0.12168445460615836,0.009977094564618977,2.5002357162368885,2.4631881983613244,3.1946726922458035,105.59992753979509,105.68415310395233,7.262918684751807,6.7693949120277495,43.98607269213801,-3.3249526687341997,-3.362000186609764,2.654486365313702,0.13128496578592838,81.0,119.0,-38.0,37.23544310948446,39.84402237342494,33.76640915843844,0.002254606105393679,0.09799022904814664,1108.9456869009584
676475,Alec Burleson,2026,611,1240,472,38.064516129032256,0.08359059801145226,0.00951665474810644,2.529966470602615,2.459603596279861,4.435241383180108,105.59177813735457,105.75174439489074,10.083285712326973,8.873416589866816,43.98607269213801,-3.449719020752362,-3.520081895075116,4.42855055353395,0.2255781531066851,241.0,120.0,121.0,39.45476226140546,42.03111145063579,35.94179839193931,0.0020777009590567173,0.12826151874468264,1217.6759410801965
666139,Josh Lowe,2026,300,677,240,35.450516986706056,0.10954665589605272,0.010466435839015685,2.506469956714052,2.4171324411310806,5.504926846936032,105.49522222192643,105.69832631855323,12.515158799162291,10.397817389876932,43.98607269213801,-5.421297715120908,-5.51063523070388,2.578749217914414,0.3097416916309667,219.0,121.0,98.0,26.291197415052654,27.544432393409682,23.5805485574922,0.0018511594953574979,0.10578576283324533,1354.0
656941,Kyle Schwarber,2026,615,1420,369,25.985915492957744,0.14741526429146629,0.010831778527596666,2.352174883138506,2.3249682875684767,4.1453064582113255,105.2856919139863,105.34754466397025,9.424134059943592,8.414246069588742,43.98607269213801,-6.0110329919891745,-6.038239587559205,2.8788771591354343,0.20283631460651225,72.0,122.0,-50.0,54.396232523551056,56.80721177876803,48.23492370676215,0.0016978727149415272,0.11275513680136193,1385.3658536585367
680700,Richie Palacios,2026,354,766,248,32.375979112271544,0.10658800780420423,0.010460186510213083,2.3446205652244356,2.3126796152818283,4.774241221854194,105.25775427024016,105.33037032343083,10.853983839997456,9.385118699479218,43.98607269213801,-4.682407712322582,-4.71434866226519,1.6977712310404673,0.25234507531250644,182.0,123.0,59.0,26.43382593544265,27.817152068925065,23.671205385172325,0.0018059087904470194,0.10177520482526245,1298.3050847457628
671056,Iván Herrera,2026,637,1325,383,28.905660377358487,0.1266053388557523,0.009103563329400328,2.2906754253195203,2.279973106691206,3.4162479959848127,105.18339776012493,105.20772891308606,7.766658369105607,7.171653191369652,43.98607269213801,-4.398534231620959,-4.409236550249273,1.2894135095093442,0.1473512598376633,119.0,124.0,-5.0,48.48984478175313,50.92177852496735,43.82006760584888,0.0018354216929918673,0.09963906252965417,1248.0376766091051
810938,Ben Williamson,2026,270,541,171,31.608133086876155,0.10338815656250033,0.01363118867307764,2.2162961699733743,2.2167952359209724,5.194939597367491,105.03976622654288,105.03863162661828,11.810419251855658,9.982985246010495,43.98607269213801,-4.379688375392814,-4.379189309445216,2.3066485714636857,0.28551974859998913,169.0,125.0,44.0,17.679374772187558,18.676708048675575,15.708515003260791,0.0018434995868540083,0.10050655414581842,1202.2222222222222
663616,Trevor Larnach,2026,427,870,262,30.114942528735632,0.11614512873884786,0.01076629824561828,2.118648504131922,2.1400776678062527,4.308304061948368,104.86535291019234,104.81663484476213,9.794700454624643,8.674838794854717,43.98607269213801,-4.358546017492013,-4.337116853817681,2.6816477613813943,0.21559471972603644,144.0,126.0,18.0,30.43002372957814,31.937795248352025,27.328191813796323,0.0017330707112343498,0.10394972499416004,1222.4824355971898
664770,Nathan Lukes,2026,399,780,270,34.61538461538461,0.10202447029788261,0.010858622938808214,2.0122108408307264,2.060263895200399,4.535151444415706,104.68390053738224,104.57465447055105,10.310425929947392,9.027034162981847,43.98607269213801,-4.530713347291342,-4.482660292921669,1.4818601159406308,0.2334562290115159,211.0,127.0,84.0,27.546606980428304,28.884727189580737,24.533682604479562,0.0017155387296826066,0.10798567272846957,1172.9323308270675
596019,Francisco Lindor,2026,385,901,270,29.966703662597116,0.12609233584592874,0.010814506871606693,1.9975938135688895,2.0552056518974453,4.888042147379355,104.67240088989529,104.5414234354365,11.112704199784208,9.55086914412137,43.98607269213801,-5.867429034688955,-5.8098171963604,0.9863305278389995,0.26133710976608443,138.0,128.0,10.0,34.04493067840076,35.32672004210747,30.27999704780868,0.0014226297044469525,0.10449175551553513,1404.155844155844
646240,Rafael Devers,2026,620,1332,401,30.105105105105107,0.1178269404254882,0.008698033875411319,2.017964163739933,2.050286612318711,3.6071875403004126,104.66121771468171,104.58773434460454,8.200749281590568,7.509183535818537,43.98607269213801,-4.960276290540193,-4.927953841961415,1.9209591699153694,0.1615476826449725,143.0,129.0,14.0,47.24860311062077,49.33383274648537,42.12298427706257,0.0015654877146130612,0.10213087410012558,1289.032258064516
691718,Pete Crow-Armstrong,2026,648,1377,466,33.84168482207698,0.10672358187668254,0.009043158422289383,1.9650770844356231,2.017142820624211,4.183523433435558,104.58586706465556,104.46749837883766,9.51101832326875,8.475911608507355,43.98607269213801,-4.846721766785446,-4.794656030596858,3.0160044836762925,0.20582026452131974,203.0,130.0,73.0,49.73318915453407,51.85547240572454,44.498729646405785,0.0015412369289691161,0.12175841649389266,1275.0
678391,Jorbit Vivas,2026,326,617,175,28.363047001620746,0.12315833399416826,0.010771889659355577,1.9532051095574547,2.0052924849651164,4.066187064257558,104.55892595595046,104.44050807451734,9.244260320117965,8.28547928619949,43.98607269213801,-3.919512712921265,-3.867425337513603,2.2344413242224443,0.19667563717705835,109.0,131.0,-22.0,21.552708448979445,22.613949891838995,19.423106541625557,0.0017200023385081854,0.08894286651079934,1135.5828220858896
669127,Shea Langeliers,2026,414,851,276,32.432432432432435,0.10020435366422996,0.013711979810594601,1.497070843336244,1.7233292650434373,5.5575381728506645,103.91789755158446,103.40351104726798,12.63476785424403,10.466106618713049,43.98607269213801,-4.627561715162774,-4.401303293455581,2.1126223933859745,0.313823602286613,183.0,132.0,51.0,27.656401611327468,28.689380493229475,24.463384027865153,0.0012138412243266844,0.13145186892606314,1233.3333333333333
608348,Carson Kelly,2026,384,782,194,24.808184143222505,0.14704552620952327,0.01261068187314583,1.3942091076494554,1.5589463387270468,4.108454733860963,103.54418169959895,103.16966035455731,9.340353621966575,8.354454903331831,43.98607269213801,-5.283235272125681,-5.118498041048089,1.677378031740423,0.19996386949332973,53.0,133.0,-80.0,28.526832084647516,29.419125913543166,25.14556151048708,0.0011410407019125978,0.09402754645459266,1221.875
542303,Marcell Ozuna,2026,278,669,179,26.756352765321374,0.14470419951408442,0.01352634100033563,1.175626411950766,1.5327387086790494,5.9322285092276426,103.48460004467053,102.67272420563451,13.486606432785617,10.935128007895756,43.98607269213801,-6.746526961296458,-6.389414664568175,0.6551083770112751,0.3425808137515376,87.0,134.0,-47.0,25.90205171302111,26.446758617224962,22.776160887620417,0.0008142106191387964,0.10626698484293234,1443.884892086331
802415,Chandler Simpson,2026,554,857,258,30.105017502917153,0.10146335528995754,0.0091520361385323,1.4283110282929916,1.5138065718146405,2.8633187681894405,103.44155883706621,103.24718925985925,6.509603137861465,6.147151711117945,43.98607269213801,-2.9820751866961968,-2.8965796431745474,0.4153043892634513,0.1082587871373648,142.0,135.0,7.0,26.177545664809045,27.496352847599574,23.424096242426224,0.001538864857398517,0.09031040779462264,928.1588447653429
687093,Vaughn Grissom,2026,399,749,240,32.04272363150868,0.1021352409540586,0.011933595608982273,1.3004482682617937,1.5094389176788543,4.462916989806405,103.43162920737102,102.9565000661999,10.146204734036413,8.916205445440047,43.98607269213801,-4.007054510515036,-3.798063861097975,1.3922868015472563,0.22775893727692714,177.0,136.0,41.0,24.512457828974064,25.377255927368157,21.847766579481565,0.0011546036026623403,0.10844250608829678,1126.3157894736842
691016,Tyler Soderstrom,2026,450,911,238,26.125137211855105,0.13126992526300327,0.009577454038816552,1.3697555321951294,1.5064116976488127,3.601175620541689,103.42474698341974,103.11406644958316,8.187081501334754,7.498685914941368,43.98607269213801,-4.777009760813479,-4.640353595359796,0.6529456160085705,0.16109632040780528,74.0,137.0,-63.0,31.242242212594775,32.269558861741125,27.659484891984665,0.0011276801856710725,0.08948420339421694,1214.6666666666665
641355,Cody Bellinger,2026,498,962,290,30.14553014553015,0.11159631110635193,0.008403831092693626,1.37444200626298,1.4915256498525566,3.2990001395870188,103.39090434440888,103.12472089946017,7.500101595059375,6.9601988173395615,43.98607269213801,-4.609395251739373,-4.492311608149796,1.8785702069714179,0.13879013070241927,146.0,138.0,8.0,32.36293022084206,33.50371708604033,28.53713216189838,0.0011858491322227374,0.08828214775737188,1159.0361445783133
672640,Otto Lopez,2026,617,1128,357,31.648936170212767,0.10279002043970294,0.007622774733491691,1.3484908839734757,1.4431762595707618,2.872666289255479,103.28098457362098,103.06572240129658,6.53085423052314,6.165037541797631,43.98607269213801,-4.558628852920205,-4.463943477322919,0.7880494194862623,0.10888968592319884,170.0,139.0,31.0,36.69603729697395,38.08273542266,32.008247293221004,0.0012293423100053701,0.08795581189321575,1096.9205834683955
502671,Paul Goldschmidt,2026,356,727,237,32.599724896836314,0.11214555061898479,0.011170123673326537,1.200701523498535,1.4421296689300371,4.5839996694471425,103.27860520538766,102.72973113990498,10.42147977504361,9.101284574157003,43.98607269213801,-5.7485821523360805,-5.507154006904578,0.7380803199765451,0.23731253676408784,187.0,140.0,47.0,26.578495496699396,27.290911733975197,23.167670086313322,0.0009799398036806019,0.10087327470559228,1225.2808988764043
660821,Jesús Sánchez,2026,296,598,228,38.12709030100335,0.09080604484068477,0.01282653069552785,0.9228690113556958,1.373683648448951,6.004717847130577,103.12299681324922,102.09809368027678,13.651407092326862,11.0224241098355,43.98607269213801,-5.167632845834468,-4.716818208741212,0.9992508966207859,0.34807235269453035,244.0,141.0,103.0,20.703778223676128,21.15906026927827,18.15441268639779,0.0007613412133815105,0.12113857875352022,1212.162162162162
681393,Connor Norby,2026,324,661,186,28.139183055975792,0.1354412812023257,0.009773696309569618,0.7273199462069639,1.0431369770699102,4.260627312119772,102.37151651244454,101.65352326700666,9.686309896180635,8.59926798308404,43.98607269213801,-5.9959409566554225,-5.6801239257924765,-0.021569494799454376,0.21185477674339875,103.0,142.0,-39.0,25.19207830363258,25.58483107458434,21.954270187038652,0.0005941796837394259,0.08948836577037562,1224.0740740740741
695600,Carter Jensen,2026,543,1175,282,24.0,0.1597330991623855,0.010037638026179409,0.7704407768366183,1.0118086480908324,3.6760484616726563,102.30029322047585,101.75155618513386,8.35730092886812,7.6288187841433945,43.98607269213801,-7.0374233227555445,-6.79605545150133,0.9538806059415951,0.166736196931142,42.0,143.0,-101.0,45.044733963792716,45.74198286682986,38.67586585669895,0.0005934033217337357,0.0970534267469992,1298.3425414364642
687859,Troy Johnston,2026,415,793,287,36.19167717528373,0.09402432160575162,0.010739143370102606,0.4930973055197502,0.8935397922052678,4.51856911287886,102.03141525832329,101.1210305338487,10.2727268799483,9.001700868120807,43.98607269213801,-5.10195493255254,-4.7015124458670225,0.13222210519432231,0.2321477335278759,228.0,144.0,84.0,26.984980300850715,27.326039270501877,23.45612813916854,0.0004300869730783866,0.11098420667233488,1146.5060240963855
682985,Riley Greene,2026,521,1133,303,26.74315975286849,0.144021408371496,0.01151476557288669,0.47296364188391715,0.8457337326132457,4.283037723974173,101.92273072100026,101.07525771894714,9.737258777230448,8.634857129400572,43.98607269213801,-6.8617569006814465,-6.488986809952118,0.76258797241573,0.2136119804313154,86.0,145.0,-59.0,43.63848673656329,44.04917683226582,37.680194494471564,0.0003624802256862619,0.11049011295549342,1304.798464491363
686527,Dominic Canzone,2026,457,937,328,35.005336179295625,0.09903971564208999,0.009953652765703624,0.3575765105200319,0.7987160972986531,4.581462882121739,101.8158386243958,100.81293120443542,10.41571252379761,9.097442424027134,43.98607269213801,-5.780852553906961,-5.339712967128339,0.5918137297681332,0.23711221384742348,217.0,146.0,71.0,32.48502673060552,32.757380839451606,28.081944035379717,0.0002906660713405453,0.11399854979811959,1230.1969365426696
668804,Bryan Reynolds,2026,630,1259,316,25.09928514694202,0.14523512881072576,0.0076232337940353,0.5851462580825461,0.7687663595023466,2.925107574732452,101.74774948625898,101.33029893843451,6.650076707701345,6.265027160776267,43.98607269213801,-6.292505528196455,-6.108885426776655,1.5564980459017856,0.1124504532542489,59.0,147.0,-88.0,45.89430070418934,46.50870427517601,39.28716989958306,0.00048800919061689707,0.08656020503708488,1199.047619047619
681198,TJ Rumfield,2026,569,1174,357,30.40885860306644,0.11834256415905174,0.00801851230106239,0.4512010733330692,0.7150894731845308,3.4434577355578795,101.62571793619652,101.02578167523858,7.82851826681348,7.2202713693311935,43.98607269213801,-6.444870584213534,-6.180982184362073,-0.14069616611287286,0.149355883474432,152.0,148.0,4.0,42.24829540478147,42.676184422659,36.136409800752304,0.00036447105441015954,0.09530632520210647,1237.9613356766256
571970,Max Muncy,2026,493,1052,272,25.85551330798479,0.13666376592142646,0.008534883408368952,0.3865268658960551,0.6425892419793499,3.3130458449175135,101.46089251131122,100.87874829972066,7.532033760108075,6.985696844724985,43.98607269213801,-6.5020864495447785,-6.246024073461484,1.1633435699624939,0.13980888226740948,69.0,149.0,-80.0,37.17254433062799,37.49014057210592,31.829996631252033,0.0003018975679447959,0.08392961763035235,1280.3245436105478
547180,Bryce Harper,2026,615,1408,452,32.10227272727273,0.11214846337440333,0.006851841541145841,0.2955693338635987,0.5905027802960641,3.4982717511716888,101.34247670718193,100.67196118174112,7.953135019933169,7.317690596164547,43.98607269213801,-6.968191146733068,-6.673257700300603,1.8675692436258096,0.153413429929734,179.0,150.0,29.0,50.691105445230306,50.9940640124405,43.54870951982891,0.0002151694369390544,0.09555998680503872,1373.658536585366
694374,Tim Tawa,2026,295,621,202,32.52818035426731,0.11170479483298705,0.012158629620159166,-0.11697759373332227,0.5484079340573581,5.187800843392249,101.24677631007367,99.73405765376678,11.794189673858988,9.973177975788055,43.98607269213801,-6.4918443815732765,-5.826458853782596,-1.9076522642814242,0.28495903578348186,185.0,151.0,34.0,22.564368556263386,22.506854572677835,19.372545068656525,-9.261511044372e-05,0.10235481105577801,1263.050847457627
543760,Marcus Semien,2026,489,916,255,27.838427947598255,0.13045403771522843,0.008642588852063472,0.2399580676550278,0.499758197696338,3.1954314872325162,101.13617371842716,100.54553192173921,7.264643764851646,6.770791617893159,43.98607269213801,-5.370096090367381,-5.110295960326071,0.15479111901277137,0.13133914652167294,98.0,152.0,-54.0,33.26577961738325,33.461345442522095,28.889151303733836,0.0002134998091035455,0.08604772295215705,1123.926380368098
691781,Brady House,2026,312,609,207,33.99014778325123,0.09437985191385855,0.011914928500563063,-0.4828387874401135,0.2681449087637831,5.099959371628901,100.60961320789094,98.90229166213692,11.594486753395602,9.85155375500198,43.98607269213801,-5.794817527849176,-5.04383383164528,1.0759411602188416,0.27805118919539407,205.0,153.0,52.0,19.53662934616872,19.28555317669986,16.52332423168715,-0.00041227614034295405,0.10746360703830109,1171.1538461538462
643217,Andrew Benintendi,2026,430,855,284,33.21637426900585,0.10451822893419749,0.009291484914688359,-0.24408809627754846,0.23600063943039062,4.0444708829538465,100.53653491886438,99.44507867754882,9.194889735351953,8.249876139891589,43.98607269213801,-6.151903374402842,-5.671814638694903,0.18043715466572374,0.1949890173262861,195.0,154.0,41.0,29.683177017312087,29.508247214979843,25.274312932323383,-0.00020459626003771118,0.09912788976479063,1193.0232558139535
663837,Matt Vierling,2026,292,538,173,32.15613382899628,0.12316896920338928,0.013696974888723705,-0.6142574167807227,0.13634104796931146,4.934600381398242,100.30996413097294,98.60351838846819,11.21855187194342,9.617815620278297,43.98607269213801,-6.6734911305834546,-5.92289266583342,-2.8122141848826994,0.26501361620956454,180.0,155.0,25.0,21.308231672186345,21.009293062686393,18.06046598863573,-0.0005556479730482373,0.10353625478495518,1105.4794520547946
592885,Christian Yelich,2026,445,961,234,24.349635796045785,0.15833412973132682,0.010115232067354112,-0.3801514205654262,0.10195291441875531,3.922481199993974,100.23178453582872,99.13574593661467,8.917552670473059,8.047795964486584,43.98607269213801,-7.959048304813847,-7.476943969829665,-1.0921988287034494,0.18555352468822914,45.0,156.0,-111.0,37.05018635713048,36.76824072021112,31.147225531060208,-0.0002933877595414754,0.09384430827942573,1295.7303370786515
606192,Teoscar Hernández,2026,424,903,269,29.789590254706532,0.11906151225446283,0.012445946001374934,-0.6778568668665566,0.06347133870775312,4.820390491126621,100.14429871735082,98.45892841670378,10.958901752527247,9.452697559763275,43.98607269213801,-7.029040187845775,-6.287711982271465,-0.5506814831659775,0.25599225124826713,132.0,157.0,-25.0,32.0275467964505,31.548527943864805,27.060358397039487,-0.0005304749198069767,0.11335820285520341,1277.830188679245
686611,Dylan Crews,2026,381,727,236,32.46217331499312,0.11077352715687919,0.011043282938961925,-0.657433316796731,0.015288214246346188,4.541423681330941,100.03475694307457,98.50536027301605,10.324685527432111,9.03659954534699,43.98607269213801,-6.360476822908166,-5.687755291865089,-2.2987614863267662,0.23395124901315326,184.0,158.0,26.0,26.142552409023487,25.72508225285756,22.103649626476802,-0.0005742368035294693,0.1069543715303934,1144.8818897637796
673962,Josh Jung,2026,394,752,218,28.98936170212766,0.11862224386957626,0.00986783673008499,-0.499186255143227,-0.036777279396239315,3.7214706417146033,99.91638880867212,98.86512656258932,8.460565842650855,7.70712233644945,43.98607269213801,-6.384296032880891,-5.921887057133903,1.3832124471553158,0.17017658308502287,121.0,159.0,-38.0,25.859649163567624,25.531850189356906,21.667294768642506,-0.00043590289123765833,0.08911496654344404,1145.1776649746193
679529,Spencer Torkelson,2026,547,1177,261,22.1750212404418,0.17256335822573646,0.009740922944413994,-0.5666642275007974,-0.1485693297842436,3.4540714172137554,99.6622355198108,98.71171897644301,7.852647908325604,7.239189257213906,43.98607269213801,-7.949551147221307,-7.531456249504753,0.16218803289586656,0.15013956576770845,26.0,160.0,-134.0,45.03903649691721,44.52242760951232,37.79169570103379,-0.00043892004027603536,0.09178657349793838,1291.0420475319927
702222,Justin Crawford,2026,416,745,280,37.58389261744966,0.09505800209778749,0.008805790562576922,-0.7591040243775289,-0.22630846107632885,3.836683002030086,99.48549973383557,98.27421731944436,8.722495024466797,7.903554129609801,43.98607269213801,-6.260711841697005,-5.727916278395805,-1.131103491002096,0.1789617253386102,237.0,161.0,76.0,26.616240587380496,26.089928463812075,22.27548037713724,-0.0007064592262663356,0.09745853120851608,1074.5192307692307
686948,Drake Baldwin,2026,540,1096,374,34.12408759124087,0.11145736890320022,0.010275902842442007,-1.1386208308934236,-0.3763212109795514,4.454560160084203,99.14445371467134,97.41140601739392,10.12720592552561,8.903304145760677,43.98607269213801,-8.02638199905532,-7.264082379141446,-0.2629577204742064,0.22710030273243942,207.0,162.0,45.0,41.685055969796885,40.660297221992806,34.4613121706471,-0.0009349988574854756,0.12109941939488743,1217.7777777777778
621020,Dansby Swanson,2026,460,920,242,26.304347826086953,0.13835777336268346,0.010951721072182402,-1.0294026871497228,-0.4383257225225171,3.8764598452141263,99.00348975097097,97.65970766620927,8.812925564748129,7.970642840208465,43.98607269213801,-7.583205304979795,-6.992128340352589,-0.873914496976751,0.18201282577434447,76.0,163.0,-87.0,33.482581153769395,32.69337242695461,27.668790419951552,-0.000857835572624769,0.09798237390042025,1200.0
669224,Austin Wells,2026,344,721,210,29.126213592233007,0.1418049817761637,0.010332230031883749,-1.4523876608138626,-0.60914354482183,4.488041704607,98.61514450474978,96.69807379490496,10.203324438667572,8.95489372559746,43.98607269213801,-8.942475101677285,-8.099230985685253,-0.7669269414333022,0.22973976170379062,123.0,164.0,-41.0,29.779046172994377,28.946343914127763,24.6520271146994,-0.0011549268500230438,0.09582888692077789,1257.5581395348836
671976,Tristan Peters,2026,433,750,239,31.866666666666667,0.10806595885997079,0.011674340038887922,-1.289088233095193,-0.6231433222993209,3.9785676933405587,98.58331675423548,97.06932637037723,9.04506233413214,8.141143859947402,43.98607269213801,-6.407723761951504,-5.741778851155632,-0.9360053100454268,0.18988302957287786,173.0,165.0,8.0,25.82776416753302,24.897472159315985,21.203523519324683,-0.0012403893442893745,0.10484138898492194,1039.2609699769052
553993,Eugenio Suárez,2026,444,978,281,28.732106339468306,0.1425321995355732,0.010216634575949969,-1.5189873780818077,-0.6789645688976064,4.42515190118242,98.45641011497041,96.54666287505748,10.060347810895523,8.857772357044515,43.98607269213801,-8.994087629518797,-8.154064820334595,-1.6465846408275917,0.22478344540402853,117.0,166.0,-49.0,40.051548069496064,38.92749740971552,33.395923223652154,-0.0011493360529453351,0.1047105583888166,1321.6216216216217
703607,Henry Bolte,2026,399,772,225,29.14507772020725,0.1251328860678848,0.00952527425675339,-1.3393624781245816,-0.7174616879086801,3.7824798670874165,98.36888895962535,96.95503054455695,8.599267076106774,7.811530916713988,43.98607269213801,-7.014454823195853,-6.392554032979951,-1.866576589042625,0.1748185871214433,124.0,167.0,-43.0,28.15489936527408,27.264223317321232,23.490286907848837,-0.001153725450716123,0.09052939545854342,1160.9022556390976
643289,Mauricio Dubón,2026,552,1086,408,37.569060773480665,0.09135970210073026,0.007561027426419982,-1.2978004225812039,-0.7426819855351677,3.558371212379024,98.3115519525163,97.04951967031789,8.08976795287987,7.42369889611306,43.98607269213801,-6.895454160674609,-6.340335723628572,-0.40943153044662406,0.15789049683944772,236.0,168.0,68.0,37.274758457097946,36.08078206832324,30.930940629277305,-0.001099425772352401,0.09934000255024912,1180.4347826086957
677587,Brayan Rocchio,2026,532,1061,358,33.741753063147975,0.10320943549834505,0.008569547312027312,-1.4083411659153005,-0.8292574780866603,3.582370407402774,98.11472716855015,96.798211161582,8.144328848078953,7.465794791536631,43.98607269213801,-7.811683953404204,-7.232600265575564,-1.7863251569141123,0.15968620177298115,202.0,169.0,33.0,36.94897790840753,35.700248741295965,30.022618136389134,-0.0011769360670231541,0.09751539374232994,1196.6165413533834
606466,Ketel Marte,2026,548,1056,340,32.196969696969695,0.1127061535214947,0.009506594048951827,-1.5534473128183546,-0.8817885614649741,3.8252758191635388,97.99530054061275,96.46832004373053,8.69656140009804,7.88424535247387,43.98607269213801,-7.601808308463926,-6.930149557110545,-1.1004931618187361,0.17808836861954805,181.0,170.0,11.0,38.3200921973082,36.90127698493411,31.377107275577814,-0.001343575011717895,0.10751278307726647,1156.2043795620439
691594,Javier Sanoja,2026,422,752,289,38.430851063829785,0.09070983107992962,0.009844301193547917,-1.8403572883542867,-1.0004184684848836,4.19814212106086,97.72560174788303,95.8160454532163,9.544253133131452,8.499408079671074,43.98607269213801,-7.157272530893825,-6.317333711024422,-2.1331506453636275,0.20696297417994636,246.0,171.0,75.0,26.21514118209966,24.920756555957148,21.181192835371004,-0.0017212561517852593,0.10767364547654125,1069.1943127962086
666182,Bo Bichette,2026,617,1253,515,41.10135674381484,0.0879862649289709,0.007916191859692001,-1.7994195337366277,-1.0200465003506793,4.031676996456981,97.68097845995466,95.9091152639816,9.165803513932708,8.228848446665674,43.98607269213801,-7.7426547634552,-6.9632817300692516,-1.4139153220275003,0.1939962887538741,256.0,172.0,84.0,45.312926438420014,43.46252335122751,37.350896456666916,-0.0014767782020690334,0.11712351805241701,1218.4764991896272
643446,Jeff McNeil,2026,460,816,290,35.53921568627451,0.10326086367977708,0.010428831721584746,-1.91448275519642,-1.1285659987356491,3.982385122137252,97.4342651442547,95.64752514143275,9.053741055743439,8.14747028906739,43.98607269213801,-7.256860415308147,-6.470943658847375,-2.701072631275812,0.19017825793447557,222.0,173.0,49.0,29.94565046713535,28.477880354818094,24.382057482065772,-0.0017987378827417346,0.10688204599128308,1064.3478260869565
683146,Brett Baty,2026,430,846,249,29.432624113475175,0.12903122143667106,0.008913511063642033,-1.8528903605444733,-1.1566273801587657,3.732746036231965,97.37046908403464,95.78755217927048,8.486199853207513,7.726484729026758,43.98607269213801,-8.07401401191563,-7.377751031529922,-1.8615756055625947,0.1710327171041102,131.0,174.0,-43.0,32.12877413773109,30.80086937934088,26.342397429191557,-0.001569627373983695,0.09197302414016202,1180.4651162790697
694249,Cole Carrigg,2026,296,626,221,35.3035143769968,0.10935358488020565,0.011508409990527156,-2.7499650099324398,-1.2040701933261015,5.523320651873934,97.26261036816476,93.74810061089185,12.556976137724527,10.421761545837857,43.98607269213801,-9.133887164359876,-7.587992347753538,-2.3462664184098863,0.31116988419825725,218.0,175.0,43.0,24.16714225852545,22.810492853625444,19.661091257441242,-0.0021671715733226895,0.1089064372027578,1268.918918918919
687401,Joey Ortiz,2026,366,714,227,31.79271708683473,0.11624944092793615,0.009972763941713715,-2.1882458913965204,-1.258217042304266,4.250593310620384,97.13951038295548,95.02513919187051,9.663498126715293,8.583294734067948,43.98607269213801,-8.041411011280834,-7.11138216218858,-2.8289866661630763,0.2110684618638135,171.0,176.0,-5.0,26.388623090641506,25.05379309688963,21.483362373760198,-0.0018695097951706968,0.09703541856382282,1170.4918032786884
682928,CJ Abrams,2026,595,1243,463,37.24859211584876,0.09876205363511423,0.008802155490077426,-2.420628384858997,-1.43215699103129,4.276428336133618,96.74406714812875,94.49682993569085,9.722232685024364,8.624373393415729,43.98607269213801,-9.121495021167087,-8.13302362733938,-2.155329183766786,0.21309359498655764,235.0,177.0,58.0,45.72683083305789,43.32637435140605,36.68134827040053,-0.0019311797921575528,0.12028496595090518,1253.4453781512607
665750,Leody Taveras,2026,448,931,288,30.934479054779807,0.12566246367452197,0.009066916569567535,-2.311662083158733,-1.4348487924209832,4.026174872752454,96.73794748064097,94.74455903499674,9.153294727928927,8.219793348590716,43.98607269213801,-9.479889227301527,-8.603075936563776,-2.1176657054194026,0.19356957317815454,158.0,178.0,-20.0,36.19078953826233,34.46474851617048,29.112472248543856,-0.0018539645779719162,0.0985245720665301,1246.875
672960,Kazuma Okamoto,2026,570,1222,343,28.068739770867428,0.13657341241826904,0.008081030363512279,-2.1459188120954624,-1.4701754766178938,3.517548080157471,96.65763414045222,95.12136755851127,7.996958730044092,7.35178357333412,43.98607269213801,-8.895675885489977,-8.219932550012409,-2.3725491353416834,0.15484626026759601,102.0,179.0,-77.0,46.844680459466275,44.80605758797558,38.393788368250796,-0.0016682674889449175,0.09559342996549507,1286.3157894736842
641680,Jonah Heim,2026,352,670,225,33.582089552238806,0.1140758320621149,0.010739579241953106,-2.8528583001984735,-1.721447194858839,4.404003821410388,96.0863812350164,93.51417818052124,10.01226877478778,8.824903114467013,43.98607269213801,-8.590644273596023,-7.459233168256389,-4.25287464375722,0.22311829691743998,200.0,180.0,20.0,25.667062213975854,23.993385344526082,20.627217573466186,-0.0024980251782832407,0.09981635321316076,1142.0454545454545
665862,Jazz Chisholm,2026,519,1113,320,28.751123090745732,0.13898986199090646,0.009607783493464856,-2.8338215986523747,-1.921342877266157,3.8583435895571414,95.63192901827406,93.55745711037557,8.771739219734375,7.940133930271949,43.98607269213801,-9.94489678681235,-9.032418065426134,-2.744308074322401,0.1806221260534944,118.0,181.0,-63.0,44.47675583709007,42.02550015425577,35.87442011649738,-0.0022023860582518454,0.1000390190911903,1286.705202312139
647304,Josh Naylor,2026,575,1052,401,38.11787072243346,0.09089052868523645,0.009175543792842746,-2.972318609456515,-1.992492960954261,3.9642697242699065,95.47017308205741,93.24259151240892,9.012556660868867,8.117417831654771,43.98607269213801,-7.794918519853377,-6.815092871351123,-3.40884176397771,0.1887778764347761,242.0,182.0,60.0,36.447102002779815,33.598630002050655,28.976971754586994,-0.002707673004495399,0.11713101861894122,1097.7391304347827
656811,Ryan O'Hearn,2026,398,802,256,31.92019950124688,0.12740475574236995,0.011734189908750716,-3.466226698492599,-2.0209993455555058,4.798347465085227,95.40536533074767,92.11971770529959,10.908788103610066,9.42048060712156,43.98607269213801,-10.245628535676401,-8.800401182739307,-4.408441036306763,0.25425026471828477,175.0,183.0,-8.0,32.61561747004671,30.316353760046614,25.81935054138136,-0.0028669123566085917,0.11239224109201279,1209.0452261306534
663993,Nathaniel Lowe,2026,390,823,231,28.068043742405834,0.14139165265295914,0.011097715121547924,-3.3191841005127296,-2.1053138633093633,4.354447661066544,95.21368075289507,92.45401124182202,9.899605476359907,8.747466216612837,43.98607269213801,-10.594797917948874,-9.380927680745508,-4.527667153853169,0.219219832601942,101.0,184.0,-83.0,32.661471762833564,30.50400209750029,25.774853116166796,-0.00262146982422026,0.09866122736952897,1266.1538461538462
575929,Willson Contreras,2026,509,1091,378,34.64711274060495,0.11285064247355327,0.008817048367337097,-3.3710809826434893,-2.1799686174720296,4.276669281651525,95.04395713450073,92.33602643673612,9.722780461861804,8.624755760468206,43.98607269213801,-10.221521849871865,-9.030409484700405,-3.193803048772373,0.21311249068421206,212.0,185.0,27.0,42.657542855003136,39.79774248806057,33.98628515236184,-0.0026212652309281033,0.10983982286705037,1286.051080550098
676724,Jared Young,2026,311,645,182,28.217054263565895,0.13155050567969317,0.011012897457411712,-3.3847265593453537,-2.1826972501554938,4.294891012907785,95.03775373302281,92.30500394287228,9.764206600048306,8.653632726476081,43.98607269213801,-9.727318940461624,-8.525289631271765,-2.7715765218557444,0.21454194437428453,106.0,186.0,-80.0,23.942192033704156,22.187775433776817,18.900198382898214,-0.00272002573632146,0.08765595566508742,1244.3729903536978
681624,Andy Pages,2026,553,1196,382,31.93979933110368,0.12773786507875645,0.00837025215923939,-3.1145985832828815,-2.2060503868891432,3.724082809240657,94.98466161703168,92.91912554893864,8.466504466779305,7.71161068466666,43.98607269213801,-11.1088698084173,-10.200321612023561,-3.460576828946057,0.17037485012635598,176.0,187.0,-11.0,48.795864460084964,45.92524276582591,38.55718945332702,-0.0024001853630928557,0.09924933842865401,1297.6491862567814
662139,Daulton Varsho,2026,489,999,358,35.83583583583583,0.10443939754181594,0.009235571516354126,-3.563352127577373,-2.3750496918706263,4.179923925931419,94.6004506733443,91.8989082009718,9.502835034141457,8.470118369506718,43.98607269213801,-9.804741479730424,-8.616439044023679,-2.8603045598662726,0.20553900663407343,224.0,188.0,36.0,37.38930431997011,34.485172335994555,29.398440013989813,-0.0029070390229985576,0.10778125653290034,1225.7668711656443
545121,Ildemaro Vargas,2026,457,818,328,40.09779951100245,0.0823994847630286,0.008690575243929072,-3.3995356405789936,-2.4039896463565,3.8139206191059807,94.53465722393037,92.27133628325353,8.670745955884517,7.864993988627749,43.98607269213801,-7.963160482464886,-6.9676144882423925,-3.533557752133178,0.177219735510166,254.0,189.0,65.0,27.02703100227338,24.43771802269905,20.961757101462624,-0.00316541929043317,0.10156871254134046,1073.9606126914662
681297,Colton Cowser,2026,352,782,230,29.411764705882355,0.13495731779942058,0.009346640944302141,-3.741658482742349,-2.4069598999313735,4.414617538749148,94.52790451018922,91.49353817302465,10.036398497423047,8.841412627703367,43.98607269213801,-11.231579848232991,-9.896881265422017,-2.9961757450895847,0.22395389137550142,130.0,190.0,-60.0,31.040183093866734,28.84507678399122,24.45098958290338,-0.002807041316976357,0.09261495518642664,1332.9545454545455
695734,Daylen Lile,2026,599,1191,454,38.11922753988245,0.09957559623461862,0.008882182875337874,-3.7320588087437687,-2.5453078771299187,4.101861523252767,94.21337773220917,91.51536252198567,9.325364307839028,8.343723533564717,43.98607269213801,-9.816573758190227,-8.629822826576376,-3.840541924014404,0.1994504887776088,243.0,191.0,52.0,45.20732069051685,41.48148197978765,35.407107888590275,-0.00312832805266935,0.11865900054345815,1192.9883138564273
571448,Nolan Arenado,2026,529,1150,367,31.91304347826087,0.1305895306987335,0.008718757639568381,-3.6894869839859212,-2.600785791357879,3.9060796290398123,94.08725164085236,91.61214730442308,8.880264570057825,8.0203569078888,43.98607269213801,-11.062461638578137,-9.973760445950095,-4.32039356383144,0.18429038778208176,174.0,192.0,-18.0,47.92635776643519,44.67346007555427,38.17295408842213,-0.0028286066877225395,0.10155389710729426,1304.3478260869565
694192,Jackson Chourio,2026,501,1013,344,33.95853899308983,0.11834670810113641,0.009711733486350025,-3.837682921210562,-2.632932377932828,4.0953546992608905,94.0141680837002,91.27523171238586,9.310571389095363,8.333122646023607,43.98607269213801,-10.277073503784884,-9.07232296050715,-3.7625862629053874,0.19894399811378302,204.0,193.0,11.0,40.711267586790925,37.506802347580106,32.12991121113055,-0.0031633417958645796,0.10744179981896924,1213.1736526946108
642715,Willy Adames,2026,504,1020,322,31.56862745098039,0.13068940408906185,0.008955987589511976,-3.6752073775271388,-2.6401744073399387,3.7931158833565326,93.99770371449452,91.64461123126358,8.623447494175826,7.82964296522021,43.98607269213801,-10.866463337263667,-9.831430367076468,-4.498919283836068,0.17563020613151395,167.0,194.0,-27.0,42.08198811667792,38.99481391955512,32.95415891337644,-0.003026641369728232,0.09976433481246813,1214.2857142857142
666152,David Hamilton,2026,352,708,203,28.67231638418079,0.14246136364863968,0.011054202847511522,-4.033829427125071,-2.7209899136361484,4.236842815786828,93.81397395334525,90.82930304926707,9.632237107051644,8.561366345544725,43.98607269213801,-10.44310580567104,-9.130266292182117,-4.710325409802191,0.20999137453770148,114.0,195.0,-81.0,28.919656820673854,26.553143556760478,22.79303474801351,-0.0033425328586347107,0.09341511149691571,1206.8181818181818
701675,Nathan Church,2026,412,813,348,42.80442804428044,0.0897856006329487,0.008261866281335056,-4.143582737957677,-2.7312643889946866,4.389869194611521,93.79061547933361,90.57978472649982,9.980134451503687,8.802875483077386,43.98607269213801,-9.917980832523279,-8.50566248356029,-5.195243541839574,0.22200584645318455,259.0,196.0,63.0,31.245389020266146,28.400128873535206,24.435042181933493,-0.0034997049775288293,0.10571881161160927,1183.9805825242718
642086,Dominic Smith,2026,288,580,183,31.551724137931036,0.11859220479138768,0.009872572792532534,-4.1757065744026995,-2.7334366210064838,4.43520065559567,93.78567702523019,90.50675289055971,10.083193120326948,8.873353488145133,43.98607269213801,-10.088989509866186,-8.646719556469971,-4.684286630958034,0.22557494480037418,166.0,197.0,-31.0,21.702373476823947,19.698034321110654,16.859658512088178,-0.003455757165022924,0.0883976080059755,1208.3333333333333
693304,Nick Gonzales,2026,555,1045,330,31.57894736842105,0.11898287109044996,0.008719576741796214,-3.6595074040559896,-2.8079687793869375,3.3825787661931956,93.61623212183517,91.68030428706565,7.690113163473655,7.11125590618491,43.98607269213801,-9.395347827781581,-8.543809203112529,-4.27503455303132,0.14487982374935715,168.0,198.0,-30.0,39.26434745984849,35.879303111096704,30.573650719150525,-0.003239276888757694,0.09679022642376896,1129.7297297297298
701398,Sal Stewart,2026,625,1289,400,31.03180760279286,0.1222198037650363,0.007790220944645687,-3.645138427101725,-2.8230635082897453,3.318564446753659,93.5819150574124,91.71297139298083,7.544580008268874,6.995702707514231,43.98607269213801,-10.04568592464098,-9.223611005829,-2.8028236947970027,0.14020967559614123,161.0,199.0,-38.0,48.88792150601452,45.090902311116885,38.4236653345135,-0.0029457092280043683,0.09628365418228473,1237.4399999999998
668715,Spencer Steer,2026,383,768,203,26.432291666666668,0.15556251984971597,0.00980365396740054,-3.8831907370429612,-2.8360720206075793,3.740527864084742,93.55234089558877,91.17177211018196,8.503891425508687,7.739830392026366,43.98607269213801,-10.920924638539457,-9.873805922104076,-4.229744490307767,0.17162406397427282,80.0,200.0,-120.0,31.57919152949234,29.100421442346583,24.60800130189132,-0.0032275652176377047,0.08615883298116231,1203.1331592689294
683002,Gunnar Henderson,2026,646,1307,401,30.68094873756695,0.1259391182725607,0.006895202396783402,-3.6070905037019907,-2.93233655180422,2.9744768654265794,93.33348859688412,91.79947132596197,6.762315167905936,6.358608541794235,43.98607269213801,-10.00410980315004,-9.32935585125227,-2.752917314134774,0.11583491178408196,155.0,201.0,-46.0,50.50158642729685,46.61795231831104,39.730494872571974,-0.0029714109479615993,0.08858375163932614,1213.9318885448915
691788,Joe Mack,2026,295,576,158,27.430555555555557,0.1467871219466668,0.014440033078307829,-4.951150353345902,-2.9389756065194783,5.133233177923442,93.31839505861412,88.74382264586477,11.670132984709376,9.897830683585983,43.98607269213801,-11.944942096422567,-9.932767349596144,-4.515102611941427,0.2806695734745258,94.0,202.0,-108.0,23.192365267573354,20.75804967717829,17.319435403498925,-0.0042262423444358824,0.10515998524218162,1171.5254237288136
665019,Kody Clemens,2026,517,1017,331,32.54670599803343,0.12471409744447415,0.01121649312891067,-4.513117589808983,-3.003673343082242,4.4183426729607715,93.17130819087853,89.73966686820019,10.044867392197299,8.847200712763291,43.98607269213801,-10.661705083927465,-9.152260837200725,-3.6220591325237805,0.22424721293644048,186.0,203.0,-17.0,41.28036625412094,37.391563264235536,32.09353037347011,-0.0038237984167998106,0.11938182442867155,1180.2707930367505
682657,Angel Martínez,2026,369,689,291,42.23512336719884,0.08901969532737553,0.010843790987045285,-5.358826506228537,-3.1419234836000918,5.285058601118479,92.85700383939557,87.81699256549821,12.015300020324661,10.105801550838603,43.98607269213801,-10.58220738140363,-8.365304358775186,-5.322792900808354,0.2925882122712305,257.0,204.0,53.0,25.904731340266277,22.609053038935727,19.396673800703045,-0.004783277650697461,0.12382698880429054,1120.3252032520325
701358,Cam Smith,2026,506,1070,319,29.813084112149536,0.13133926922776268,0.009321290361484132,-4.42019460451308,-3.192004826655041,3.9155221384900165,92.74314656596843,89.95092233978157,8.901731613765714,8.036161572246995,43.98607269213801,-11.292915133300287,-10.064725355442249,-4.405737154284633,0.18501741715073777,133.0,205.0,-72.0,41.897226883656295,38.169529433850265,32.37353512123972,-0.003483829392342086,0.1009478471455015,1268.774703557312
663728,Cal Raleigh,2026,459,1118,401,35.86762075134168,0.12253414716979365,0.009883441464617703,-5.625682567882639,-3.266815443670986,5.3892275897163815,92.5730686016556,87.21030948305561,12.252122683095648,10.24549312890021,43.98607269213801,-14.148201261138396,-11.789334136926744,-4.8858499354618985,0.30073295855690646,225.0,206.0,19.0,49.13619301508725,44.832545850657034,38.31281905031638,-0.003849416068363344,0.12330113031240786,1461.437908496732
686681,Michael Massey,2026,391,731,279,38.16689466484268,0.09769727210565629,0.010369126951716608,-5.471130007971868,-3.574222740908233,4.702797846286706,91.8741944389432,87.56167651914564,10.691561120270862,9.279520936846714,43.98607269213801,-10.613028907342636,-8.716121640279002,-5.366267239424695,0.24669844155803933,245.0,207.0,38.0,27.257538917478104,23.692185862283104,20.341381746193154,-0.004877363960595076,0.11335041882564956,1121.7391304347827
682626,Francisco Álvarez,2026,374,863,277,32.0973348783314,0.13623657646031026,0.012367693166431442,-6.496128509520422,-3.660512632120022,5.707499521471866,91.67801895445352,85.23139686739633,12.975697015323703,10.657441902953924,43.98607269213801,-14.485205953429853,-11.649590076029453,-6.727602852849801,0.32540276712661986,178.0,208.0,-30.0,37.73753167950594,33.688278241904875,28.708419968534667,-0.004692066555737037,0.12110465525335085,1384.4919786096257
641857,Ryan McMahon,2026,323,641,184,28.70514820592824,0.13860549108886447,0.01173739289911504,-5.583817430381738,-3.7512230653629475,4.553341314525057,91.47179360244763,87.30548764954918,10.351779633508661,9.054748824133238,43.98607269213801,-12.2084068939881,-10.375812528969309,-5.668977863962279,0.23489193700971825,116.0,209.0,-93.0,25.50341036035106,22.497455310328892,18.9312179824208,-0.004689477457132869,0.09681718764386012,1190.7120743034056
669357,Nolan Gorman,2026,274,587,193,32.87904599659284,0.13075733498673703,0.01497229672235822,-7.76023114540991,-3.765451657238588,6.7146975086139475,91.43944565455234,82.35752666594179,15.2655081430221,11.82118513611018,43.98607269213801,-15.037382873907323,-11.042603385736001,-7.8165283891713955,0.40034769472273596,190.0,210.0,-20.0,25.23616565244025,21.692326762703058,18.369094140022572,-0.006037204241460293,0.12656298660633308,1285.4014598540148
677594,Julio Rodríguez,2026,581,1207,472,39.105219552609775,0.10749239760802906,0.008418904022912836,-5.529265489603253,-3.8965347496061153,4.246504129716448,91.14143520637028,87.42950858945053,9.654201591121957,8.576778264484147,43.98607269213801,-13.167757705290352,-11.535026965293214,-5.192341854540406,0.21074809558443958,251.0,211.0,40.0,50.73641167098972,45.38223958855723,37.985632959700226,-0.004435933788262207,0.11835941166626784,1246.471600688468
608369,Corey Seager,2026,359,746,206,27.61394101876676,0.14096928550041143,0.01035534661650433,-5.807593453842333,-4.024468323751202,4.3920648461804355,90.85058502058419,86.79674474579684,9.98512614872631,8.806300323925033,43.98607269213801,-12.289496068912113,-10.506370938820982,-3.486577297433703,0.22217862694984492,95.0,212.0,-117.0,29.039672813084756,25.56479606320243,21.686457665185674,-0.004658011729064784,0.09621494325155652,1246.7966573816157
514888,José Altuve,2026,502,971,358,36.8692070030896,0.10416123840646442,0.007888747285877178,-5.3411250587960595,-4.065085366689557,3.703408580067877,90.75824433078759,87.85723586604557,8.419502704840975,7.676043249306047,43.98607269213801,-10.97969395590561,-9.703654263799107,-5.3085204378088084,0.1688068710772814,232.0,213.0,19.0,37.28972334951426,32.82098205032156,28.103379406406567,-0.004602205251485791,0.0994361910771294,1160.5577689243028
666176,Jo Adell,2026,587,1219,445,36.50533223954061,0.11105029335966057,0.009363890670560595,-5.918019796405804,-4.122901568189441,4.372472164143297,90.62680226751328,86.54569632113672,9.94058322675583,8.775698747779753,43.98607269213801,-12.768668588865285,-10.973550360648922,-5.969188189304199,0.22063718440240387,230.0,214.0,16.0,49.41738054504896,43.62758451089861,36.92536644227575,-0.0047496275915917515,0.12252142842733997,1245.9965928449744
672275,Patrick Bailey,2026,307,633,194,30.647709320695103,0.1383696950748716,0.010068683857565814,-6.070991201752569,-4.197569479611716,4.440748908089401,90.45704873678804,86.1979239559669,10.09580677768291,8.881946121211444,43.98607269213801,-12.857562909130499,-10.984141186989646,-6.417333938365415,0.22601203348696683,153.0,215.0,-62.0,26.843720844525087,23.73739701296169,20.264934489353315,-0.0049073046312217965,0.0903111739682672,1237.1335504885994
700932,Kyle Manzardo,2026,354,755,234,30.99337748344371,0.13187473079372558,0.010871434799178192,-6.562824691204814,-4.322031752600692,4.810242950946149,90.17409036980652,85.07976664082165,10.935831858900928,9.437880474955392,43.98607269213801,-13.408036698624786,-11.167243760020664,-5.392453264780372,0.2551903455347353,160.0,216.0,-56.0,30.858687005731785,26.986620437920944,22.94794535354316,-0.005128564990477934,0.10328697247513552,1279.6610169491526
701538,Jackson Merrill,2026,593,1229,456,37.1033360455655,0.11035292310035107,0.009532453583026524,-6.303239376140874,-4.325114494101378,4.518462375582817,90.1670819207407,85.66992006706818,10.272484218374965,9.001537592596431,43.98607269213801,-13.185285662388916,-11.207160780349419,-5.743078262446932,0.23213931207514774,234.0,217.0,17.0,50.32093293376008,44.09123135034085,37.28947560409904,-0.0050689191077455086,0.1273849649377573,1243.5075885328836
624585,Jorge Soler,2026,363,747,208,27.84471218206158,0.14813719894281102,0.011280023652579851,-6.332165308018291,-4.331823093208416,4.541438568866272,90.15183027698974,85.60415849730978,10.324719373452952,9.036622238337479,43.98607269213801,-12.784107997093537,-10.783765782283663,-4.834248270602444,0.23395242402596833,99.0,218.0,-119.0,30.81253738010469,26.981577368753623,23.0781520418631,-0.00512846052389701,0.10052834149971603,1234.7107438016528
686797,Brooks Lee,2026,561,1084,376,34.686346863468636,0.11224727285647282,0.007414030821394288,-5.616913885387113,-4.523824521675044,3.308988307109691,89.71532522728808,87.23024461697152,7.522809163413067,6.978335598679597,43.98607269213801,-11.395679408085947,-10.302590044373877,-4.934791345243555,0.13951438757149395,214.0,219.0,-5.0,42.20497459403378,36.95316011119683,31.550014347473418,-0.004844847308890176,0.09397064380611636,1159.3582887700536
671277,Luis García,2026,490,986,381,38.640973630831645,0.10238243185497249,0.010294251565943094,-6.976571254073556,-4.552513134466459,4.917188397502449,89.65010318986681,84.13913580577396,11.178966651372216,9.592837429037356,43.98607269213801,-13.289367944709436,-10.86530982510234,-5.7471323690712195,0.26363888304783933,247.0,220.0,27.0,39.00770653674452,33.31017334591778,28.154722715231816,-0.005778431228019003,0.12788606378009226,1207.3469387755104
621439,Byron Buxton,2026,407,805,279,34.6583850931677,0.11459640541326094,0.010955784524298023,-7.5402488730654245,-5.033796732148718,4.831290116351202,88.55593049331624,82.85764467803202,10.983681471555284,9.4685861514098,43.98607269213801,-13.46198205128901,-10.955529910372302,-7.071516552532978,0.2568535449969238,213.0,221.0,-8.0,31.972397110299802,26.857594958070422,22.840685952175424,-0.006353791493452646,0.11550700844890723,1186.7321867321866
682177,Daniel Schneemann,2026,280,572,191,33.39160839160839,0.1254824929898265,0.011615709735875123,-7.804511444575384,-5.035156235907397,5.077875355442721,88.55283973372923,82.25685775768213,11.54427991556139,9.82070010403821,43.98607269213801,-14.899587912844492,-12.130232704176505,-8.364589411322367,0.2763122837146452,198.0,222.0,-24.0,23.96715616105686,20.32505082025501,17.014015135062763,-0.0063673170293738575,0.09908109618868749,1225.7142857142856
663968,Jake Mangum,2026,431,811,370,45.62268803945746,0.08457472934073701,0.0073869216275034,-6.747594803990032,-5.055745136711432,3.9633102418513078,88.50603196130514,84.65970160323933,9.0103753285519,8.11582393089979,43.98607269213801,-11.764846079234854,-10.072996411956254,-7.479872027964341,0.1887037485125784,267.0,223.0,44.0,31.292649856072693,26.445627588539853,22.841568755822323,-0.005976599590052824,0.09997091388717955,1129.0023201856147
664983,Jake McCarthy,2026,516,892,338,37.89237668161435,0.10087167019065293,0.009122201557325281,-6.613161624627488,-5.0964585268508085,3.7421003334850704,88.41347223126438,84.96532829626885,8.507466351170576,7.742525407250354,43.98607269213801,-11.59365184732925,-10.076948749552571,-6.310833263996891,0.1717436040593521,240.0,224.0,16.0,34.09462452444069,28.407305527261048,24.124083935737534,-0.006375918158273139,0.10775351639919226,1037.2093023255813
630105,Jake Cronenworth,2026,361,761,218,28.64651773981603,0.14922553634056815,0.009525655923791803,-7.097620183262083,-5.211141066060023,4.1410736102829535,88.15274756959275,83.86393749462725,9.414510905000895,8.407394759183868,43.98607269213801,-13.549752869250552,-11.663273752048493,-8.48211080666492,0.20250612964139564,113.0,225.0,-112.0,32.531166922243855,28.260765445314505,24.378732279244772,-0.0056115656727061146,0.09031847032633145,1264.819944598338
701678,Hao-Yu Lee,2026,292,558,169,30.286738351254485,0.13822800010345399,0.009675440799178833,-7.31504227906289,-5.270376779049965,4.294113829843176,88.01807832234138,83.36963990792847,9.762439715630029,8.652402690176649,43.98607269213801,-13.243667719766405,-11.19900221975348,-8.012905337349718,0.21448095828149288,151.0,226.0,-75.0,23.360532017483724,19.80054477500645,16.915280393864073,-0.006379905452468231,0.08846837583836692,1146.5753424657535
657757,Gavin Sheets,2026,412,957,297,31.03448275862069,0.13992426642021843,0.008905537462645873,-7.978967318231815,-5.764225794495301,4.328683781932721,86.895338815903,81.86024159493111,9.841032665565576,8.706977546203841,43.98607269213801,-15.418227893313876,-13.203486369577362,-7.133388813335214,0.21719515992205743,162.0,227.0,-65.0,41.55750712680487,36.07861623495236,30.97032397339601,-0.005725068852510462,0.09608284583206647,1393.6893203883496
693307,Dillon Dingler,2026,557,1135,388,34.18502202643172,0.1232049348203743,0.00810466262920726,-7.3046866938256185,-5.785535289894585,3.5802713392177945,86.84689280994009,83.39318278094137,8.139556728049799,7.462118291727643,43.98607269213801,-14.425767948571602,-12.906616544640569,-7.671468409836019,0.159528966876337,209.0,228.0,-19.0,47.80351471030523,41.02233056287045,34.41159346471459,-0.005974611583642981,0.09865564855340844,1222.62118491921
645277,Ozzie Albies,2026,617,1244,484,38.90675241157556,0.10439428836044123,0.007309900160979103,-7.395595887043327,-5.8763213143336115,3.560280964791561,86.6404956053648,83.18650555868972,8.094109673555646,7.427053641190953,43.98607269213801,-13.57971259766751,-12.060438024957795,-7.513604342776286,0.15803322947324408,250.0,229.0,21.0,50.526835566453556,42.921697795944,36.562364445185466,-0.006113454799444979,0.1038025436225538,1209.7244732576987
656775,Cedric Mullins,2026,462,968,302,31.198347107438018,0.14303489816208828,0.009480522449147698,-8.17593529623898,-6.066047194531706,4.147293911639641,86.20916389378873,81.41244535864114,9.428652429751748,8.417461504152767,43.98607269213801,-15.236651500265932,-13.126763398558657,-8.680655058691787,0.20299136866819922,163.0,230.0,-67.0,43.19653924495066,36.901069066846645,31.46431758974589,-0.006503584894735553,0.10264028769729253,1257.142857142857
664034,Ty France,2026,437,912,302,33.114035087719294,0.1250439351453166,0.007481872846029756,-7.829558376689854,-6.152802240189527,3.677966829281641,86.01193090537208,82.19991488785655,8.361662235735436,7.632135694476509,43.98607269213801,-14.29256479707073,-12.615808660570403,-7.126846056604476,0.1668812178732788,193.0,231.0,-38.0,37.76326841388561,32.06074006286317,27.35351705335243,-0.006252772314717592,0.08870346309005063,1252.1739130434783
694208,Moisés Ballesteros,2026,300,658,243,36.93009118541033,0.12279237324917879,0.010132704702839768,-9.805987598341998,-6.214069666006376,5.363552238872223,85.87264266692064,77.70660802801177,12.193751136665798,10.211287397348093,43.98607269213801,-17.001023015938138,-13.409105083602515,-10.631773900577663,0.29872824899031986,233.0,232.0,1.0,29.838546699550445,24.935552900379445,21.338035191581376,-0.007451358357402734,0.10454651787294673,1316.0
805779,Jacob Wilson,2026,338,585,249,42.56410256410256,0.09069058829565044,0.009279858379754223,-8.682135069319806,-6.338010119057283,4.301413120993347,85.5908706298525,80.26162706071362,9.779034266367168,8.66394952665866,43.98607269213801,-13.420592439559082,-11.076467489296558,-9.166100323613863,0.2150538001076487,258.0,233.0,25.0,22.58195648561696,17.691020396566802,15.02168941133201,-0.00836057451119685,0.10018407031637812,1038.4615384615386
691023,Jordan Walker,2026,608,1166,421,36.106346483704975,0.11258645174934372,0.008110330383683053,-8.036165891977818,-6.348229932978655,3.6478715872526704,85.56763642571498,81.73020367555071,8.293242301453942,7.580000466362486,43.98607269213801,-13.697005459704416,-12.009069500705252,-6.568558842928891,0.16460906903752623,226.0,234.0,-8.0,47.398896186473706,39.255581415936184,33.519263987306566,-0.006983974931850362,0.10825366173986524,1150.657894736842
677588,José Tena,2026,275,583,174,29.845626072041163,0.1442717403416864,0.011830372579731826,-10.215767316509398,-6.4298730018670724,5.437334171681381,85.38202524496728,76.77499560369856,12.36149044207177,10.30918796741256,43.98607269213801,-16.711263761403604,-12.925369446761279,-9.740952977343573,0.304483813578028,134.0,235.0,-101.0,25.103282819453437,20.42105613271996,17.443953595476785,-0.008031263613608017,0.10321271233944729,1272.0
669477,Casey Schmitt,2026,407,715,263,36.78321678321678,0.11203776759830833,0.010405237473672675,-8.838989052653522,-6.558624816151353,4.188849853021935,85.08931483368455,79.90502786070877,9.523127655292223,8.48447858644616,43.98607269213801,-14.062996552600387,-11.782632316098217,-9.375737918837281,0.20623653803812092,231.0,236.0,-5.0,29.46593287835509,23.470151970971784,19.926533550174494,-0.008385707562773853,0.10626369950692348,1054.0540540540542
665161,Jeremy Peña,2026,411,805,312,38.75776397515528,0.11197512907178421,0.010629420556844862,-10.05683050695816,-6.650907646820876,5.092591004304544,84.87951471964523,77.13632999848222,11.577735161645347,9.841271760687794,43.98607269213801,-16.306284884547605,-12.90036202441032,-9.780938466923244,0.2774710921061175,249.0,237.0,12.0,34.936240270396674,28.04731137313033,23.766435124481564,-0.008557675648778063,0.12295082009287925,1175.1824817518248
669016,Brandon Marsh,2026,523,1013,367,36.229022704837114,0.1155448498124426,0.007977009810036588,-8.533206397543664,-6.701502408328322,3.7240353882292956,84.76449021663592,80.6002084858354,8.466396657628684,7.711529218008519,43.98607269213801,-14.762958644802513,-12.931254655587171,-8.891669950884651,0.17037125041238593,229.0,238.0,-9.0,42.404959881166434,34.96684830464087,29.536580929113576,-0.0073426570350696545,0.10199045166990306,1162.1414913957935
678882,Ceddanne Rafaela,2026,564,1068,486,45.50561797752809,0.08563784655246075,0.007102396625487965,-8.602280625425275,-6.722829843386131,3.767758284864758,84.71600342581219,80.4431718975383,8.5657983408421,7.786417465501336,43.98607269213801,-13.812791100085727,-11.933340318046582,-8.116602951261658,0.17369633826247716,266.0,239.0,27.0,41.619993424495924,33.53384963659616,28.63596979041534,-0.007571295681554082,0.10837403932574217,1136.1702127659573
650489,Willi Castro,2026,479,1046,395,37.76290630975143,0.11453716654495436,0.009619924741789163,-11.117156454422526,-7.501063615374969,5.012612457549053,82.94673028011502,74.72573527481669,11.395908183557832,9.728869171956132,43.98607269213801,-17.717146097816133,-14.101053258768577,-10.476266501009821,0.27116898817934093,239.0,240.0,-1.0,45.24218078525697,36.36698421580965,31.097992483833757,-0.008484891557789021,0.12373214728360027,1310.2296450939457
671218,Heliot Ramos,2026,389,796,272,34.17085427135678,0.13406768608946912,0.009310692012244584,-10.402576956357498,-7.6615431378533385,4.328578893852889,82.58188860943079,76.35029380966571,9.840794208087077,8.706812390099957,43.98607269213801,-17.270881697915577,-14.529847879411417,-12.197656270405144,0.21718692037716403,208.0,241.0,-33.0,36.4664106163356,29.722073222963818,25.269122315520335,-0.008472785670065049,0.09946886320454212,1227.7634961439587
691723,Coby Mayo,2026,386,843,275,32.62158956109134,0.13731550109396543,0.010976817768445193,-11.559670546712908,-7.721446935973155,5.106703040234552,82.44570050612117,73.71970298958047,11.609818125788973,9.860953176010158,43.98607269213801,-18.380106378267403,-14.54188276752765,-11.84221554032382,0.27858202261335246,188.0,242.0,-54.0,37.76176280084049,30.325041415788526,25.937227697488463,-0.008821733552849311,0.11315216577177015,1310.3626943005183
664040,Brandon Lowe,2026,591,1292,434,33.591331269349844,0.13294958322101713,0.007889623301420843,-9.974839194740852,-7.800189289519487,3.8287467699659845,82.26668394763581,77.32273289194164,8.704452422392162,7.890123841011598,43.98607269213801,-17.157036003471198,-14.982386098249833,-10.195420546288815,0.17835403278073234,201.0,243.0,-42.0,57.70011911792144,47.8749025111017,40.80043865450231,-0.007604656816423946,0.10492080574047069,1311.6751269035533
669065,Kyle Stowers,2026,448,924,310,33.549783549783555,0.13245374420027012,0.00900046339866607,-10.911369618000048,-8.122353162459582,4.267902280689894,81.53426149384018,75.19358071731116,9.702849150823894,8.610834153777976,43.98607269213801,-17.42056303748154,-14.631546581941073,-10.890883399627887,0.2124250570036387,199.0,244.0,-45.0,41.06066070208374,32.9135047206437,28.053306967430853,-0.008817268378181857,0.10483474547476296,1237.5
683357,Owen Caissie,2026,323,701,211,30.099857346647646,0.15802235747519014,0.010539042066232183,-12.343302662306431,-8.313518447507661,5.083373619090477,81.09965737178986,71.93815699642434,11.556779925931123,9.828392156803028,43.98607269213801,-19.562857232553206,-15.533073017754436,-12.03338192719549,0.27674529582282453,140.0,245.0,-105.0,33.34271742726512,26.697906160723495,22.811379283740646,-0.009479046029303322,0.10335804680985233,1302.1671826625388
572233,Christian Walker,2026,568,1200,378,31.5,0.1467405948964852,0.008101841224357125,-10.38223840225264,-8.313772610453984,3.641917186157093,81.09907954583093,76.3965324321661,8.279705286823761,7.569660181179832,43.98607269213801,-17.40964458686164,-15.341178795062984,-10.998293797083223,0.16416027124156843,165.0,246.0,-81.0,55.467944870871406,45.63942585007224,38.98681466197572,-0.008190432517332638,0.09952599507558846,1267.6056338028168
691777,Max Muncy,2026,272,553,184,33.273056057866185,0.148020120217042,0.011277121648222848,-12.658221751875745,-8.326426544786854,5.267191495233652,81.07031149822316,71.2222051728245,11.974680104084628,10.08159729741801,43.98607269213801,-19.596273412020413,-15.264478204931521,-13.975193700057519,0.29118834342345223,196.0,247.0,-51.0,27.235702119935727,21.49730825908539,18.35205817315314,-0.010376842424684153,0.10153930721274178,1219.8529411764707
676356,Jonny DeLuca,2026,317,584,208,35.61643835616438,0.12237797583705852,0.010799852647123038,-12.268447286386783,-8.682048276319009,4.713806538894515,80.26182437999103,72.10833671772741,10.716588798201691,9.29587017650435,43.98607269213801,-17.650307450697785,-14.06390844063001,-12.681529197078568,0.24756850479939785,223.0,248.0,-25.0,25.454618974108172,18.972789324467158,16.129373204322842,-0.011099023372672974,0.10305601446957491,1105.3627760252366
695506,Jac Caglianone,2026,507,988,388,39.27125506072874,0.10917426447226516,0.00811278862388745,-11.361190334636532,-8.752494134434647,4.007332013689562,80.1016694632093,74.17093720970635,9.110456488664479,8.188728324520183,43.98607269213801,-16.886841275719842,-14.278145075517957,-9.997556345017985,0.19210922489808063,252.0,249.0,3.0,42.35961461523888,32.75940878247101,28.090233737255616,-0.009716807523044402,0.10772923169594373,1169.2307692307693
694212,Samuel Basallo,2026,369,759,302,39.789196310935445,0.10893488919179566,0.009593444747133377,-13.25456073552129,-8.954964175169888,5.097841564796841,79.64136457954228,69.86646016731021,11.58967203204759,9.84859978568017,43.98607269213801,-19.223225590753707,-14.923629030402305,-13.545785317869534,0.2778844679730584,253.0,250.0,3.0,32.89833653592229,24.7467816835767,21.07605279760876,-0.010739861465540965,0.11379955447090662,1234.1463414634147
607208,Trea Turner,2026,623,1232,425,34.49675324675325,0.12737465502370504,0.007698053007397973,-11.074301604185822,-9.079984460268626,3.452656061323137,79.35713760166735,74.82316350064774,7.849430171883152,7.236668030151412,43.98607269213801,-16.862815522088482,-14.868498378171287,-10.672309832912124,0.1500350043297747,210.0,251.0,-41.0,54.13422838507464,42.635411886061696,36.625004934639435,-0.00933345495049752,0.10213739106902059,1186.5168539325841
676609,José Caballero,2026,416,865,307,35.49132947976879,0.12226541400042229,0.008507490551662472,-11.941681560242833,-9.170698112332193,4.053560181916417,79.1509049318437,72.85122124036032,9.215553773776541,8.264791451941276,43.98607269213801,-18.169364734995497,-15.398381287084858,-11.25742675438877,0.19569471303169017,220.0,252.0,-32.0,37.53548209812964,29.255916216361275,24.938055881866095,-0.009571752464472097,0.0955587921618106,1247.5961538461538
696100,Hunter Goodman,2026,510,1099,445,40.49135577797998,0.11000444422294452,0.009051007408414528,-13.848744261859274,-9.522622202260617,4.988391756283028,78.350824205402,68.51561547950024,11.340843705681968,9.694539867272947,43.98607269213801,-19.812158850323378,-15.486036790724722,-12.659336459255622,0.269258669785855,255.0,253.0,2.0,48.95197767921031,37.180545056629924,32.111642656435436,-0.010711039692975781,0.12790297091917024,1292.941176470588
668904,Royce Lewis,2026,447,932,311,33.36909871244635,0.13923405998795388,0.008396988763286524,-12.432844144992428,-9.686558210475996,3.947053119530942,77.97812439798165,71.73458919142229,8.973415624433393,8.088784247487874,43.98607269213801,-18.84584254802841,-16.09955661351198,-12.20526513259598,0.18744842567195288,197.0,254.0,-57.0,43.30179265625366,34.0393237682343,29.261639957972495,-0.009938271339076566,0.09632106764283616,1251.0067114093958
669394,Jake Burger,2026,549,1122,406,36.185383244206776,0.12920458889697697,0.007648520159361527,-12.343059805351489,-9.76319446197351,3.813337130472488,77.80389595064129,71.93870911881237,8.669419425467545,7.86400393054522,43.98607269213801,-18.64626661262338,-16.0664012692454,-12.408224989574158,0.1771751209082166,227.0,255.0,-28.0,52.45706309217265,41.16316337027604,35.39572914162226,-0.010065864279765252,0.10416693070472788,1226.2295081967213
663586,Austin Riley,2026,566,1239,408,32.92978208232446,0.14124822283761412,0.008057482755751811,-12.931657036705126,-10.132749794042706,3.912049636504572,76.96373153165408,70.60056457594018,8.893837064939431,8.03035183245264,43.98607269213801,-20.09747099600948,-17.29856375334706,-11.896322292848408,0.1847499973157721,191.0,256.0,-65.0,57.629274917746564,45.43041177978806,38.670660611510954,-0.009845732960418484,0.10484165890268368,1313.4275618374559
676391,Ernie Clement,2026,566,934,424,45.396145610278374,0.09526945731357996,0.008021587642984974,-13.39263578715069,-10.727958104227497,3.7283102493534783,75.6105570521985,69.55255387111552,8.476115327340578,7.718871060855322,43.98607269213801,-17.523769711585352,-14.85909202866216,-13.390158109303886,0.17069581233725914,265.0,257.0,8.0,40.3942499009579,27.760530141745754,23.86349380636239,-0.013526466551619007,0.11508104250582737,990.1060070671377
671739,Michael Harris,2026,557,1081,480,44.40333024976873,0.09761046405416361,0.008118550051591525,-14.406216600018707,-10.79880723344213,4.326157063243453,75.44948531999246,67.24823172814506,9.83528830482905,8.702998265812699,43.98607269213801,-19.736896087863244,-16.129486721286668,-13.564885411230117,0.21699667934972322,262.0,258.0,4.0,46.85302274599854,33.47925166898117,28.530604211098826,-0.012371666121200152,0.12214997445207035,1164.4524236983843
672724,Oswald Peraza,2026,344,674,261,38.724035608308604,0.12827642920054574,0.009853902278356043,-15.396640070809424,-10.98681393677553,4.748991649497614,75.02206206570634,64.99655657241391,10.796580278344424,9.347934403281071,43.98607269213801,-21.79525015906117,-17.385424025027277,-15.099034642702403,0.25034942968868906,248.0,259.0,-11.0,33.48014802134244,24.6527410474117,20.984204596814035,-0.0130970429880278,0.10487661216039473,1175.581395348837
521692,Salvador Pérez,2026,571,1209,548,45.32671629445823,0.10161215518334207,0.0075427826808914635,-15.923230741534908,-11.757326328737971,4.486736111142454,73.27034306738766,63.799380651728434,10.200356241270898,8.952886979000283,43.98607269213801,-22.002464497401434,-17.836560084604496,-14.972801242691107,0.22963680619321336,264.0,260.0,4.0,55.68346104047146,40.529853118110736,34.74444899377776,-0.012534001590041954,0.12280109363669524,1270.402802101576
695657,Colson Montgomery,2026,571,1129,371,32.86093888396812,0.1471793942394054,0.00730526299786783,-15.76051194707704,-13.230921850391008,3.325315899850423,69.92020191710391,64.1693131883219,7.559929078289328,7.007934356138769,43.98607269213801,-21.948160498475655,-19.418570401789623,-14.771845947048677,0.1407004039334777,189.0,261.0,-72.0,54.603555262819405,39.604801393184424,33.71622252177007,-0.013284990141395026,0.09418262611410448,1186.339754816112
665926,Andrés Giménez,2026,457,884,385,43.55203619909502,0.10410179330050773,0.00666689002683661,-16.696555713216792,-13.546237174239739,3.673649240837523,69.20334927591531,62.04126740280429,8.351846427731076,7.624669246635246,43.98607269213801,-21.799712598545753,-18.6493940595687,-17.41880295272481,0.16655486087995458,261.0,262.0,-1.0,40.079190420695475,27.36198048579535,23.475075991469794,-0.014385984089253534,0.09411015848678753,1160.612691466083
680776,Jarren Duran,2026,565,1077,376,34.91179201485608,0.13778673328543917,0.007302285188657946,-17.365073024864603,-14.512607416809875,3.3932145647751866,67.00635785698633,60.52142880223902,7.7142930866425905,7.13036317879415,43.98607269213801,-22.833317500283158,-19.98085189222843,-16.95799872251997,0.14565942649428354,215.0,263.0,-48.0,51.80781171532513,35.45570128357763,30.30643773589182,-0.015183018042476789,0.09736450679543568,1143.716814159292
687263,Zach Neto,2026,621,1404,530,37.749287749287745,0.13272363786893268,0.006838089895213749,-19.131973765676253,-15.35381653775157,3.8105589020564703,65.09391360030222,56.5044738147403,8.663103270725879,7.859288753956137,43.98607269213801,-26.20868033838493,-22.430523110460246,-17.8606777663193,0.17696271981142253,238.0,264.0,-26.0,70.34352807053432,50.54193522305939,43.217543920305914,-0.014103698609312624,0.1052556639366928,1356.5217391304348
678662,Ezequiel Tovar,2026,463,923,410,44.42036836403034,0.11486569584752386,0.0072426478643870945,-19.729383363425395,-15.499640628621288,4.015235593314117,64.76239027497523,55.146294824925825,9.128424857152098,8.201768718597224,43.98607269213801,-25.409107498752213,-21.179364763948108,-18.67101321749263,0.19272157265829226,263.0,265.0,-2.0,47.09493529748478,31.87042780204152,27.487574010947657,-0.016494591002647087,0.1019858506519116,1196.1123110151188
670042,Luke Raley,2026,284,584,204,34.93150684931507,0.13737714731151385,0.0075202139771714084,-20.739985726113467,-15.821920302255448,4.2907859855931205,64.02970455445222,52.84874403024279,9.754874038481839,8.647134139638844,43.98607269213801,-26.92516844604021,-22.007103022182193,-19.510350041556737,0.21421983781074952,216.0,266.0,-50.0,28.024938051548826,18.208011474521783,15.280358320423126,-0.01680980578258055,0.08404222071235536,1233.8028169014085
666160,Mickey Moniak,2026,392,734,315,42.915531335149865,0.12306943814743977,0.0070322021713362225,-25.323532438913382,-19.95592803954193,4.0432076102135905,54.63125753641375,42.42829402807843,9.192017751874143,8.247801587922252,43.98607269213801,-30.27847416883651,-24.91086976946506,-23.522112873828824,0.19489096397798167,260.0,267.0,-7.0,38.766873016443526,22.222165156353448,18.984936559470338,-0.022540473923828443,0.09750184385171054,1123.469387755102
