batter,player,game_year,plate_appearances,chases,chases_in_play,chase_rate,chase_plus,xchase_plus,luck,luck_raw,luck_se,luck_z,chase_plus_rank,xchase_plus_rank,rank_move,chase_plus_raw,xchase_plus_raw,chase_plus_se,xchase_plus_se,league_chase_cost_per_600_pa
605612,Harold Castro,2021,339,266,72,42.8341384863124,98.31327464624688,77.40742749903812,20.90584714720876,24.70687204376354,13.683415280945173,1.8056071190186758,157.0,240.0,83.0,91.35240805051497,66.64553600675143,19.861079773930356,12.655677059907198,36.68254102877607
664056,Harrison Bader,2021,397,250,71,30.94059405940594,97.16148450392456,78.03326280708673,19.128221696837826,21.465547201325634,10.332321677402001,2.0775144126874507,163.0,236.0,73.0,92.45710768491044,70.9915604835848,15.101721063008403,10.355147170674082,36.68254102877607
595879,Javier Báez,2021,547,549,114,44.74327628361858,71.41556155409609,53.66866279782269,17.746898756273396,13.737502989451343,10.163071680988647,1.3517077730691536,248.0,251.0,3.0,43.48606429608027,29.74856130662893,17.889999288365253,13.83686239940371,36.68254102877607
607680,Kevin Pillar,2021,345,250,52,36.44314868804665,87.14724462248415,69.55293328316334,17.59431133932081,17.19750080423575,10.99567333504201,1.5640243466881827,221.0,247.0,26.0,76.01671314953464,58.81921234529889,15.463593900329654,11.152570605855695,36.68254102877607
623912,Harold Ramírez,2021,361,288,77,42.04379562043796,98.89556953237197,83.00955404025564,15.886015492116329,18.325613106360308,12.99676766641108,1.4100131337825732,152.0,229.0,77.0,92.55644636525145,74.23083325889114,19.818558662205422,12.801919144854663,36.68254102877607
594838,Philip Gosselin,2021,372,231,60,31.21621621621621,113.62295636247758,98.41623832961112,15.206718032866462,22.682186325558234,10.62951468398735,2.133887294001054,67.0,141.0,74.0,119.1444588810362,96.46227255547797,15.849688283331025,11.020455808187402,36.68254102877607
570482,Gio Urshela,2021,442,310,89,36.13053613053613,90.96502208396758,76.18817858574614,14.776843498221439,14.189086200121068,10.313613288591734,1.375762868268111,193.0,243.0,50.0,80.21442421639993,66.02533801627887,17.123219439809386,12.03564748473224,36.68254102877607
572816,Corey Dickerson,2021,364,272,87,35.55555555555556,112.47422453521445,98.00152008233091,14.472704452883534,27.254140828394725,12.996942952753965,2.0969654885358833,74.0,143.0,69.0,121.64606850940656,94.39192768101184,21.96753056430701,14.529957155118115,36.68254102877607
595281,Kevin Kiermaier,2021,387,235,44,30.40103492884864,103.22549280351411,88.80128470473039,14.424208098783723,17.98421760295861,8.617508633936154,2.086939319345259,126.0,202.0,76.0,102.05673395132402,84.07251634836541,15.393626428744131,10.94468757118799,36.68254102877607
408234,Miguel Cabrera,2021,524,312,88,30.46875,102.69980879806047,89.65793059136583,13.041878206694648,15.628464672845439,8.629793127540838,1.8109894920851892,128.0,190.0,62.0,101.51892361820484,85.8904589453594,13.698727058469172,10.037602994152298,36.68254102877607
543877,Christian Vázquez,2021,499,296,112,29.92922143579373,106.6379551730338,93.70684171329432,12.931113459739478,16.851868743922225,10.278882719403247,1.6394650278586484,109.0,170.0,61.0,107.5155470368189,90.66367829289668,15.000386216002736,10.511107054713106,36.68254102877607
621563,Joey Wendle,2021,496,315,81,33.33333333333333,90.02653290543753,77.44012782331299,12.586405082124543,11.403540364616575,9.294895413392313,1.2268605355350286,202.0,239.0,37.0,81.76210178088441,70.35856141626783,14.539392332734506,10.27218801367435,36.68254102877607
572041,AJ Pollock,2021,420,248,52,33.288590604026844,96.26013168978947,83.99989023063164,12.26024145915784,12.260452203685446,8.965025826643897,1.3675869362526096,169.0,227.0,58.0,91.79003437859464,79.5295821749092,13.952981481978064,9.348034970594393,36.68254102877607
663886,Tyler Stephenson,2021,405,170,43,21.03960396039604,128.1625071630499,116.33931600402047,11.82319115902942,20.512407381230986,7.821029732878782,2.622724638802867,18.0,60.0,42.0,139.28519356343483,118.77278618220384,13.659607566119435,9.4053817364519,36.68254102877607
650489,Willi Castro,2021,450,339,77,40.26128266033254,88.21023497384276,76.41684678497269,11.793388188870068,8.40430235900422,10.241993129825428,0.8205729346302998,216.0,242.0,26.0,77.22279966549337,68.81849730648915,15.839110189583415,10.448404988177554,36.68254102877607
518792,Jason Heyward,2021,353,195,51,29.95391705069124,83.99773287975154,72.23897093170527,11.75876194804627,9.26321443712957,9.413648529252566,0.9840195762933439,234.0,245.0,11.0,72.21346778178045,62.95025334465088,14.677793247141716,10.7913029196943,36.68254102877607
670032,Nicky Lopez,2021,567,250,81,24.20135527589545,123.01577937335968,111.26245766715944,11.75332170620024,16.622285647544288,7.736276558502608,2.1486157483958417,34.0,81.0,47.0,128.80334887373607,112.18106322619178,11.181526786587249,7.784331590415221,36.68254102877607
546318,Odúbel Herrera,2021,491,323,93,32.560483870967744,96.33857340281702,84.8651559783271,11.473417424489924,11.38731377388676,9.615830990567662,1.184225657153997,168.0,225.0,57.0,92.0734177332204,80.68610395933364,13.690037687925807,9.230254781712894,36.68254102877607
666969,Adolis García,2021,622,471,90,35.81749049429658,78.34247312479886,66.92101230857136,11.421460816227494,9.236490549725339,7.842719360255521,1.1777152956069064,243.0,248.0,5.0,64.86314441355594,55.626653863830605,13.942888062504888,11.038012782176745,36.68254102877607
592696,Eddie Rosario,2021,413,290,104,35.15151515151515,109.77242280197656,98.41438325127028,11.35803955070628,18.74942424548304,12.359463731931832,1.5170095282566465,88.0,142.0,54.0,114.43406239247008,95.68463814698704,19.69888288131923,13.023905411742913,36.68254102877607
542583,Jesús Aguilar,2021,508,291,75,27.27272727272727,104.2723037148293,93.2028989767746,11.0694047380547,14.176192353233361,7.906367568117289,1.7930095244242585,119.0,173.0,54.0,103.73745869843812,89.56126634520476,15.511930107630798,11.2506801653052,36.68254102877607
593428,Xander Bogaerts,2021,602,414,107,31.245283018867926,128.1413637144034,117.7535317585028,10.387831955900609,20.689303133503614,9.176348926454548,2.254633438562728,19.0,55.0,36.0,141.82140490855377,121.13210177505016,15.15571804598246,10.448249608990483,36.68254102877607
544725,Leury García,2021,472,268,64,32.445520581113804,84.80952695341321,74.87182290217348,9.937704051239734,8.292501905500146,8.121655971433832,1.0210358496675096,229.0,244.0,15.0,77.51629785357245,69.22379594807231,11.77538552191935,8.774435456790123,36.68254102877607
493329,Yuli Gurriel,2021,603,319,125,26.019575856443723,137.63826689150036,127.7573426738228,9.88092421767756,23.48264779262371,9.447510338896207,2.485591118746242,7.0,24.0,17.0,155.58897866118326,132.10633086855955,14.606458324857911,8.869484062577866,36.68254102877607
663624,Ryan Mountcastle,2021,588,481,102,38.11410459587955,95.7858236833928,85.92980107658707,9.856022606805737,10.620646712773606,8.885188760738625,1.195320324504925,172.0,219.0,47.0,90.29428193686012,79.67363522408651,15.067635250363788,11.603986857995803,36.68254102877607
666182,Bo Bichette,2021,688,523,114,38.42762674504041,94.27880176842606,84.49017296032989,9.788628808096178,9.33390687253808,8.515628326262515,1.0960913880837146,177.0,226.0,49.0,89.85345390337328,80.5195470308352,12.551823791576073,8.914631411441125,36.68254102877607
606192,Teoscar Hernández,2021,593,373,69,30.87748344370861,86.65893175097908,76.96643580275777,9.692495948221307,8.970474408351635,7.054005700048216,1.2716851658186665,224.0,241.0,17.0,79.734671314312,70.76419690596036,12.034322366441774,9.531823912756776,36.68254102877607
664058,David Fletcher,2021,662,296,120,29.16256157635468,108.4598415308472,98.95416455982388,9.50567697102332,11.305894402254637,8.180431830359224,1.3820657193543493,94.0,138.0,44.0,109.53161358751156,98.22571918525692,11.153317931988608,7.020368979969689,36.68254102877607
596059,Rougned Odor,2021,352,196,46,29.03703703703704,100.53217205795542,91.02894873500992,9.503223322945502,10.87717878559971,9.92642855817218,1.0957796877150545,139.0,181.0,42.0,96.86831322457796,85.99113443897825,17.544273749295346,12.162182320448233,36.68254102877607
519317,Giancarlo Stanton,2021,574,365,72,28.20710973724884,105.16581979477554,95.69864250470292,9.467177290072627,13.088408365677608,7.725248341145317,1.6942378791847577,114.0,156.0,42.0,105.18801142872064,92.09960306304303,15.711601064380778,12.591840771555669,36.68254102877607
571466,Tucker Barnhart,2021,385,224,56,28.9405684754522,99.50674145492302,90.58308558431446,8.923655870608556,9.470784898004311,10.027938170984733,0.9444398974664091,148.0,182.0,34.0,96.5156262142268,87.04484131622249,14.334227597165906,10.03407309440122,36.68254102877607
544369,Didi Gregorius,2021,405,254,64,31.909547738693465,97.47764382239,88.70862449973086,8.769019322659133,8.435241309090628,9.380442982172776,0.8992369896732518,162.0,204.0,42.0,92.489156725408,84.05391541631737,15.86900580786495,10.827777831396334,36.68254102877607
553882,Omar Narváez,2021,443,262,62,31.490384615384613,103.41869313123644,94.8225153642654,8.596177766971039,10.353793179034156,8.952802120435287,1.156486320121052,123.0,161.0,38.0,102.45568765738662,92.10189447835246,14.740297159523896,10.46751528396432,36.68254102877607
572191,Michael Taylor,2021,526,327,57,30.05514705882353,91.57253623186068,83.06852230724088,8.504013924619798,8.38732016245477,7.1477297823782875,1.173424348403953,191.0,228.0,37.0,86.9358773877318,78.54855722527702,11.494488837550652,9.198335994921935,36.68254102877607
665862,Jazz Chisholm,2021,505,327,74,31.024667931688803,100.52169009912107,92.03144828322472,8.490241815896354,10.423272358837878,9.110507394917773,1.1440935073113951,140.0,178.0,38.0,97.68524641051494,87.26197405167706,15.41909016438632,12.281690593629994,36.68254102877607
660271,Shohei Ohtani,2021,621,393,79,27.36768802228412,111.6104473719341,103.4699561755218,8.140491196412299,11.879987752291726,7.015317728697903,1.6934354524947144,78.0,113.0,35.0,114.83842527987792,102.9584375275862,13.873720849967713,11.60899207540759,36.68254102877607
624413,Pete Alonso,2021,632,379,90,31.14215283483977,100.78032486695112,92.65014277329492,8.130182093656202,8.827726689689001,7.706799380973694,1.1454465405551646,138.0,175.0,37.0,98.8876273585682,90.0599006688792,12.96437701205742,9.274328674649674,36.68254102877607
605113,Nick Ahmed,2021,474,289,69,31.41304347826087,97.1493552554014,89.28715250681208,7.8622027485893256,7.62267891186022,8.622121128431921,0.88408395084175,165.0,195.0,30.0,93.72331942665798,86.10064051479776,12.877783227293408,9.121944485943931,36.68254102877607
608385,Jesse Winker,2021,484,239,74,24.263959390862944,131.38768747431624,123.56268452436802,7.825002949948214,16.781269180516745,9.054195730550614,1.8534246088687354,14.0,33.0,19.0,143.88324051367698,127.10197133316024,13.559767033065686,8.860698519424687,36.68254102877607
572287,Mike Zunino,2021,372,215,39,28.40158520475561,88.60957736845147,80.83708141327861,7.772495955172857,6.9575994327126836,8.181922150944654,0.8503624581553108,213.0,232.0,19.0,77.89843169848379,70.9408322657711,15.82657088239653,12.967730357493627,36.68254102877607
663586,Austin Riley,2021,657,432,95,31.486880466472307,108.01294799717596,100.59528222511068,7.417665772065277,10.000530372446548,8.04305402104803,1.2433747611636026,98.0,131.0,33.0,109.36228129717271,99.36175092472617,13.449832016437473,10.69307008750684,36.68254102877607
543063,Brandon Crawford,2021,544,312,63,28.10810810810811,101.7910014266234,94.40463713681056,7.386364289812832,8.259326601801845,7.26465183297054,1.1369198127729927,135.0,167.0,32.0,100.6606949156404,92.40136831383856,11.434390767681547,8.803734749325105,36.68254102877607
663616,Trevor Larnach,2021,300,155,17,25.08090614886732,102.60464084069146,95.59433109971236,7.010309740979096,8.855744593327799,6.980579703053455,1.26862595515586,130.0,158.0,28.0,101.08715510246556,92.23141050913776,15.233545393991456,12.104319375963888,36.68254102877607
600869,Jeimer Candelario,2021,626,391,85,29.070631970260223,116.76024744525812,109.8393475277783,6.920899917479815,11.48870145004355,8.347374605923221,1.376325131244412,54.0,88.0,34.0,122.48178471416531,110.99308326412176,13.787195139611375,9.931155215377842,36.68254102877607
543228,Yan Gomes,2021,369,216,51,32.87671232876712,102.15437994726445,95.2776443627794,6.876735584485047,8.3604690036872,9.901581233682572,0.844356957376372,134.0,159.0,25.0,99.88786712988752,91.52739812620032,17.151604402053277,12.57314066692221,36.68254102877607
643446,Jeff McNeil,2021,425,206,56,28.296703296703296,113.77396898383802,106.89761377605086,6.876355207787157,10.140882790358916,8.7345757460236,1.161004619483154,66.0,98.0,32.0,117.41968794239156,107.27880515203265,12.76603533070892,9.160936299124296,36.68254102877607
592626,Joc Pederson,2021,480,324,77,32.72727272727273,105.44177959726842,98.56660230757672,6.875177289691706,9.113694935773992,9.391228136122207,0.9704476138450181,112.0,140.0,28.0,105.6420148810321,96.5283199452581,15.779702089348625,11.385886421119082,36.68254102877607
664040,Brandon Lowe,2021,613,375,72,30.2907915993538,103.41207494740452,96.58260450351088,6.829470443893641,8.09495306612898,7.00382006824455,1.1557911235943434,124.0,153.0,29.0,102.62847168365352,94.53351861752454,13.270960314837396,9.98587767523473,36.68254102877607
608369,Corey Seager,2021,407,194,39,27.132867132867133,107.86574120724693,101.2757879138179,6.5899532934290335,8.6379138798752,7.628905616984459,1.132261206724639,100.0,128.0,28.0,109.0292304814031,100.3913166015279,12.821054308126302,9.84101797647623,36.68254102877607
547180,Bryce Harper,2021,585,328,70,25.0381679389313,121.92044287197218,115.44589581111664,6.474547060855542,11.471679862842763,7.656114723009291,1.4983683340541345,35.0,63.0,28.0,130.12360613287524,118.65192627003248,13.739388265128277,11.24909552273012,36.68254102877607
642133,Rowdy Tellez,2021,321,227,61,32.56814921090388,98.97451737906847,92.50917753736208,6.465339841706395,7.478936600508376,11.977479841663651,0.6244165466672633,150.0,177.0,27.0,92.47072822046144,84.99179161995306,20.20261328794683,15.710397641675293,36.68254102877607
571771,Enrique Hernández,2021,585,296,66,25.042301184433164,108.86680110059376,102.41958356616232,6.447217534431445,8.201624042419297,7.026394064252396,1.1672593320869977,91.0,116.0,25.0,110.11887380380584,101.91724976138654,11.37946143256598,8.893873573486799,36.68254102877607
578428,Jose Iglesias,2021,506,418,124,43.04840370751803,86.74551847531754,80.43382290054532,6.311695574772216,1.2106513056612869,11.409662345840674,0.10610754893221032,222.0,233.0,11.0,74.27474733923626,73.06409603357497,16.188322634793124,11.09851132874675,36.68254102877607
543333,Eric Hosmer,2021,566,372,106,31.986242476354253,94.39665936823047,88.10482351814564,6.291835850084837,4.880599331792922,9.502704749742609,0.5136010704662921,176.0,210.0,34.0,89.66142678835025,84.78082745655733,13.054941719762155,8.985354961254997,36.68254102877607
665487,Fernando Tatís,2021,542,349,52,29.13188647746244,91.66142244493342,85.41704413826604,6.244378306667386,5.3260925070550655,6.84854208007552,0.7776972740738908,190.0,222.0,32.0,85.52025788683586,80.1941653797808,13.27213237420188,10.46298460137357,36.68254102877607
516770,Starlin Castro,2021,346,174,55,27.401574803149607,102.83082670041578,96.70528312954818,6.125543570867606,6.788805170591317,10.703195668429258,0.6342783390026172,127.0,152.0,25.0,101.64079663654444,94.85199146595312,14.137876307973784,9.566533722048058,36.68254102877607
542364,Rafael Ortega,2021,331,170,33,24.78134110787172,113.09057685645648,107.1024923722057,5.988084484250777,9.26986646658122,8.898953619956112,1.0416805011539028,69.0,95.0,26.0,116.92726137154328,107.65739490496206,13.646747894726774,10.4922870003685,36.68254102877607
622534,Manuel Margot,2021,463,254,74,30.023640661938533,95.54718395686903,89.59488816775682,5.952295789112213,5.100503066800215,9.166291304746576,0.5564413018555306,173.0,191.0,18.0,91.4365464360881,86.33604336928788,12.8729211950179,9.316400571200706,36.68254102877607
592325,Ben Gamel,2021,399,184,25,23.203026481715007,111.1287924397543,105.29523125682915,5.833561182925152,8.405956997343438,5.836595309261887,1.4402158367917546,83.0,107.0,24.0,113.77566003776718,105.36970304042374,13.057718022206569,10.750153136883007,36.68254102877607
596115,Trevor Story,2021,594,383,72,30.73836276083467,92.34125469006084,86.51484845342807,5.826406236632764,4.7360059857592205,7.309055828770377,0.6479641278859916,184.0,217.0,33.0,87.71330096547894,82.97729497971972,11.823765444384726,8.862572599130766,36.68254102877607
668227,Randy Arozarena,2021,600,328,77,25.09563886763581,107.39721029441836,101.87850969511602,5.518700599302335,7.1836331479086795,7.610785139526118,0.943875436793104,105.0,119.0,14.0,108.30716470126016,101.12353155335148,12.455518489683424,9.923464086762127,36.68254102877607
645277,Ozzie Albies,2021,686,471,120,34.27947598253275,92.14051855251516,86.74881417495376,5.391704377561396,3.409707005180721,8.235200338751236,0.4140405654900874,188.0,215.0,27.0,86.87246729073648,83.46276028555576,12.517126622065176,8.596210601994224,36.68254102877607
543510,James McCann,2021,412,276,53,32.05574912891986,72.07679395179322,66.81954216994524,5.257251781847984,-1.5488927460002628,8.89007675235458,-0.17422715114242757,247.0,249.0,2.0,53.48511360076986,55.03400634677012,14.741413068646956,11.2604919843327,36.68254102877607
666185,Dylan Carlson,2021,614,307,77,23.92829306313328,117.0106928987086,111.7560291829751,5.2546637157335,8.92699136738706,7.45715462505742,1.1971042329457293,52.0,78.0,26.0,122.11214229111496,113.1851509237279,12.880701404169532,9.346325527571754,36.68254102877607
553869,Elías Díaz,2021,371,181,33,27.97527047913447,107.03318513362872,101.81408701192876,5.2190981216999575,7.1029183592904985,7.661167915750939,0.927132577878536,107.0,120.0,13.0,107.9939307970589,100.8910124377684,13.969521306393556,10.862274683804522,36.68254102877607
543939,Kolten Wong,2021,488,251,64,28.45804988662132,107.8650700481646,102.70668439584831,5.158385652316284,6.863644873928905,8.593401798538705,0.7987110384034478,101.0,114.0,13.0,109.13102945897144,102.26738458504254,13.375367977909672,8.816025625714301,36.68254102877607
606466,Ketel Marte,2021,370,174,48,24.611032531824613,125.25066640211983,120.33288579904384,4.917780603075997,12.80057735569575,9.840647573148704,1.3007860773942908,30.0,43.0,13.0,137.7794679015274,124.97889054583165,15.510973331559445,11.172057835727228,36.68254102877607
503556,Marwin González,2021,309,205,48,33.49673202614379,93.08898866636802,88.22200301950686,4.866985646861167,3.319628155111573,10.570240803394087,0.31405416554423676,181.0,208.0,27.0,82.72265830003566,79.40303014492409,18.237074187364325,14.686644607836564,36.68254102877607
641820,Trey Mancini,2021,615,408,109,30.97949886104784,89.92382793789658,85.07804317087461,4.845784767021968,2.4264120069100272,8.690557328804093,0.27920096664777716,203.0,224.0,21.0,82.527383035536,80.10097102862598,13.7081790687504,10.12666440494276,36.68254102877607
662139,Daulton Varsho,2021,314,185,47,30.833333333333336,103.61989961037024,99.1450270966034,4.47487251376684,5.394170971945755,11.511240533971284,0.46860031775261757,122.0,136.0,14.0,102.64280621857148,97.24863524662572,15.805293517272066,11.509484960945738,36.68254102877607
641658,Garrett Hampson,2021,492,224,52,25.083986562150056,111.25711457998348,106.85403180771397,4.403082772269514,6.422861938088715,7.761235838335867,0.8275565994739673,81.0,99.0,18.0,113.6235217638524,107.20065982576368,12.216562100953144,8.839513416781887,36.68254102877607
600474,Pedro Severino,2021,418,243,42,28.354725787631278,98.822491327506,94.51204365136654,4.310447676139461,4.176996683513039,7.592464371848238,0.5501503173331626,154.0,166.0,12.0,95.94630988052444,91.7693131970114,13.271973781681764,10.353687088364596,36.68254102877607
596748,Maikel Franco,2021,402,268,76,35.78104138851803,90.79731700040053,86.61407465626735,4.183242344133177,-0.09799251673955212,10.710942904266401,-0.009148822621444426,196.0,216.0,20.0,79.20684762706311,79.30484014380266,17.67518726569899,12.773534643194814,36.68254102877607
650490,Yandy Díaz,2021,541,191,64,18.83629191321499,120.97737926484665,116.89856322517852,4.078816039668126,7.688510757656232,7.206437180222947,1.0668948559985048,38.0,59.0,21.0,126.44591216398148,118.75740140632524,11.546897757457277,8.024223535210044,36.68254102877607
444876,Alcides Escobar,2021,349,247,69,36.05839416058394,111.03492050587886,106.98164029685556,4.053280209023299,7.953706185778643,12.49898605394213,0.6363481126751138,84.0,96.0,12.0,115.67361034603098,107.71990416025234,17.42305712284998,12.471429031952812,36.68254102877607
606992,Eric Haase,2021,380,237,45,29.36802973977695,90.79906029796072,86.74990464019557,4.049155657765155,2.1828617871066314,8.49262586343482,0.25703025450644057,195.0,214.0,19.0,81.75226887303364,79.56940708592701,15.616626093986396,12.707494442807583,36.68254102877607
607208,Trea Turner,2021,645,334,73,26.6560255387071,123.47879687242904,119.60851929480688,3.8702775776221614,8.230612433943065,7.662409055691855,1.0741546652131724,31.0,48.0,17.0,130.74771241652726,122.5170999825842,12.371934594651242,9.056577114435912,36.68254102877607
663993,Nathaniel Lowe,2021,644,306,70,22.887060583395662,117.85549622827835,114.04010586340382,3.8153903648745313,5.950182935177139,6.418197715982825,0.9270800306384737,48.0,70.0,22.0,121.27202539810706,115.32184246292992,10.18515142538874,7.647466034080798,36.68254102877607
621550,Patrick Wisdom,2021,374,259,35,29.532497149372865,92.26810558343306,88.65008300333326,3.6180225800997903,1.5944424238065835,8.819260458533483,0.18079094401433707,186.0,205.0,19.0,84.6910358360588,83.09659341225222,15.085980725212725,11.805886142876169,36.68254102877607
628338,Guillermo Heredia,2021,343,173,29,25.292397660818715,105.08585337187884,101.4685452576226,3.6173081142562467,4.641413488603874,8.667312195420308,0.5355078234122378,115.0,125.0,10.0,105.06079085782716,100.41937736922328,14.630994626455433,11.004374322023631,36.68254102877607
543068,C. J. Cron,2021,544,367,89,31.502145922746784,98.11961470000011,94.55830101177602,3.5613136882240894,3.0736961191634578,9.119033948965681,0.33706378727892433,159.0,165.0,6.0,94.9714780530277,91.89778193386424,13.170913541752103,10.219831573303306,36.68254102877607
571980,Tyler Naquin,2021,452,367,90,38.30897703549061,101.51960924075688,97.97376360033326,3.5458456404236216,3.9487457254994354,11.381119722873208,0.3469558199588607,136.0,144.0,8.0,98.2010082213928,94.25226249589336,18.842076490928232,14.724430581070289,36.68254102877607
624428,Adam Frazier,2021,635,299,92,26.436781609195403,126.7057339521781,123.19200041072732,3.513733541450776,6.651616999971026,7.426202596578367,0.8956956012802246,22.0,35.0,13.0,132.3912767729599,125.73965977298889,10.09038771622951,7.593957491805964,36.68254102877607
571970,Max Muncy,2021,587,194,44,15.849673202614378,134.81324717268248,131.3967917256866,3.416455446995883,7.373861844133046,5.320409427761924,1.3859575929732393,9.0,18.0,9.0,142.77971736550154,135.4058555213685,10.183075182493768,7.906258344377013,36.68254102877607
670541,Yordan Álvarez,2021,595,335,87,26.503164556962027,101.20418520596122,97.8627959391214,3.341389266839826,3.615272498001815,7.848665867183155,0.46062255154955617,137.0,146.0,9.0,99.36133934514456,95.74606684714274,13.465212165698231,11.018536052746848,36.68254102877607
518692,Freddie Freeman,2021,681,352,108,25.958702064896755,134.48348758663562,131.23244822529955,3.251039361336069,9.27750288290008,7.834034508228905,1.184256065397076,10.0,19.0,9.0,147.00651628852938,137.7290134056293,12.838864331960227,10.095995361534085,36.68254102877607
657077,Alex Verdugo,2021,600,304,84,26.596675415573053,109.61099428334316,106.36582211389204,3.2451721694511235,4.428923356997316,7.838211121275556,0.5650426211378411,89.0,103.0,14.0,110.98908616247196,106.56016280547465,10.90180278095944,7.73452884094141,36.68254102877607
592518,Manny Machado,2021,631,349,104,29.180602006688964,111.13205551939726,107.9270733838765,3.2049821355207513,5.417241256835894,8.268533678298596,0.6551634748799369,82.0,92.0,10.0,113.99943919084885,108.58219793401295,13.587075015566706,9.642311643592471,36.68254102877607
425877,Yadier Molina,2021,472,328,100,38.95486935866984,92.26495082465318,89.07118333299886,3.1937674916543273,0.7194475736466757,10.117864700321132,0.07110666083762131,187.0,199.0,12.0,82.96577291814461,82.24632534449793,16.71059576139952,13.259215077432282,36.68254102877607
642715,Willy Adames,2021,555,319,62,27.54749568221071,103.2951196306516,100.15520457538042,3.1399150552711745,3.619419022183166,7.4923014477619665,0.4830850770512346,125.0,133.0,8.0,102.63780601289184,99.01838699070868,11.761088866277728,9.791041524098889,36.68254102877607
606132,Raimel Tapia,2021,531,316,111,32.916666666666664,92.7761809275897,89.89310971135703,2.883071216232679,0.16240367914723208,10.011019836620497,0.016222490994689313,182.0,187.0,5.0,87.02931176098016,86.86690808183293,13.40570498908352,9.06570779875254,36.68254102877607
614177,Franmil Reyes,2021,462,271,51,25.78496669838249,98.9562176122386,96.13591587232008,2.82030173991852,2.3655877587975738,7.826460932762188,0.30225510343954254,151.0,154.0,3.0,95.39751926066243,93.03193150186486,14.921944561917329,11.977801836247307,36.68254102877607
641487,J. P. Crawford,2021,686,281,81,21.732405259087397,129.47073380420048,126.70156221280016,2.7691715914003225,6.229041865008412,6.766696749104118,0.9205439664239587,17.0,26.0,9.0,135.54390954475764,129.31486767974923,9.818485960654725,7.040908452723485,36.68254102877607
665120,Jared Walsh,2021,575,363,93,31.48308759757155,105.45385109200517,102.68705872837572,2.766792363629449,3.393172828435084,9.242859377165704,0.3671128911490148,111.0,115.0,4.0,105.60603773202348,102.2128649035884,13.497073057710235,9.121030968686776,36.68254102877607
571745,Mitch Haniger,2021,691,416,88,29.4826364280652,89.02489467433158,86.2672398215869,2.757654852744679,1.179219373263436,7.089887247955914,0.16632413633988563,209.0,218.0,9.0,84.32835268864841,83.14913331538497,10.614178632733942,8.265499270378795,36.68254102877607
571448,Nolan Arenado,2021,646,380,114,29.118773946360157,110.53736003141302,107.79627812693865,2.7410819044743704,4.839620387572438,8.686051765546376,0.5571714880596286,85.0,93.0,8.0,113.23406212132596,108.39444173375352,13.882294175236725,9.428924368831783,36.68254102877607
645302,Víctor Robles,2021,365,182,39,26.68621700879765,91.3179281608985,88.59316004280223,2.7247681180962786,0.9687892867770245,7.543249912618347,0.12843128598410003,192.0,206.0,14.0,85.78944794258179,84.82065865580476,12.435123548412902,9.713528368813527,36.68254102877607
456781,Donovan Solano,2021,343,199,50,29.701492537313435,110.05563990536984,107.33209056898808,2.7235493363817653,5.1608169207529215,10.891599499933506,0.4738346209649399,87.0,94.0,7.0,113.23834846001836,108.07753153926544,15.801880674516534,11.538528966933844,36.68254102877607
668942,Josh Rojas,2021,550,244,52,21.34733158355205,117.05896506923676,114.41929700995811,2.639668059278648,4.950127070869925,6.7931712405415725,0.72869163687905,51.0,65.0,14.0,121.0857010385922,116.13557396772228,11.420594705649826,8.668819384342695,36.68254102877607
593871,Jorge Polanco,2021,643,378,91,29.85781990521327,90.80664720752824,88.45748885336184,2.3491583541664056,0.7049668610084439,7.406368659096396,0.0951838739680631,194.0,207.0,13.0,86.29520250018984,85.5902356391814,11.030945120544368,8.433548950983443,36.68254102877607
520471,Freddy Galvis,2021,393,253,80,32.645161290322584,98.24020826723944,95.97912394106729,2.2610843261721527,-0.07332670071431835,11.193181752981499,-0.006551014924311982,158.0,155.0,-3.0,92.63334349564197,92.70667019635628,17.730315344969394,12.191567814089812,36.68254102877607
514888,José Altuve,2021,676,392,132,29.992348890589135,111.45599413667578,109.22700730102916,2.228986835646623,4.422312825770561,8.776124273482806,0.5039027124003528,79.0,90.0,11.0,114.433624189358,110.01131136358744,13.486586299713135,8.765245862940736,36.68254102877607
642708,Amed Rosario,2021,584,379,113,34.93087557603687,84.78953853084276,82.73103943886846,2.058499091974298,-2.112524696594818,9.605740139463474,-0.21992315697942796,230.0,230.0,0.0,75.9577782268059,78.07030292340072,12.951657791053552,9.269525885743189,36.68254102877607
621020,Dansby Swanson,2021,650,310,71,24.04965089216447,108.06311800065208,106.20065208245197,1.8624659182001153,2.4400351795834325,6.81052003879776,0.35827442921879493,97.0,105.0,8.0,108.79520807598011,106.35517289639668,9.821814691463976,7.367379381418128,36.68254102877607
547989,José Abreu,2021,647,437,99,32.63629574309186,89.00826469704599,87.63051921083917,1.3777454862068197,-1.3976588437721773,7.805957571077542,-0.17905027423550846,210.0,211.0,1.0,81.46421728729007,82.86187613106225,13.44545176263244,10.614534784176938,36.68254102877607
656305,Matt Chapman,2021,623,301,70,22.699849170437407,119.29658911000656,117.98695867320956,1.3096304367970077,3.1791304768206743,6.584986422368042,0.48278466695416816,42.0,54.0,12.0,124.47946449166284,121.30033401484216,11.889487479285137,10.253322130782264,36.68254102877607
514917,César Hernández,2021,630,314,73,25.88623248145095,100.41649434100007,99.19626605766535,1.2202282833347198,0.6901948676380556,6.825777939642449,0.10111592755304456,142.0,135.0,-7.0,99.15318662448531,98.46299175684726,10.17480757667926,7.188262121266508,36.68254102877607
571976,Wil Myers,2021,501,280,64,27.3972602739726,114.7824740102756,113.56401117422834,1.2184628360472658,3.4610008980488516,8.769287853388889,0.3946729718435858,61.0,71.0,10.0,118.83525950548685,115.374258607438,12.737250293796992,9.338473631007227,36.68254102877607
664023,Ian Happ,2021,537,266,56,23.23144104803493,108.1428583074359,106.9244408201766,1.2184174872593019,1.83874014667893,7.071724581511245,0.2600129749801408,96.0,97.0,1.0,109.16199330055596,107.32325315387703,11.434011266568026,9.30368760780893,36.68254102877607
518626,Josh Donaldson,2021,541,253,61,22.792792792792792,126.66868606535796,125.53295572454196,1.1357303408159964,5.041728939750129,7.147909901803703,0.7053431015516717,23.0,30.0,7.0,135.79583097473744,130.7541020349873,12.795656246739847,10.231836495282,36.68254102877607
664034,Ty France,2021,645,371,81,30.68651778329198,90.41548292343562,89.33495666441243,1.0805262590231877,-0.5631478021118994,6.971921538330602,-0.08077368613742932,199.0,193.0,-6.0,86.4451824608952,87.0083302630071,10.209779614630625,7.806445709345161,36.68254102877607
656976,Pavin Smith,2021,544,238,60,23.8,107.93090128057251,106.85390492424648,1.0769963563260347,1.638235634347339,6.954185019249186,0.23557550306940386,99.0,100.0,1.0,108.74672941524923,107.1084937809019,10.610320030074298,7.575849369679972,36.68254102877607
663697,Jonathan India,2021,629,296,63,22.289156626506024,118.5707963686026,117.49957033045604,1.0712260381465626,3.0611081856708466,6.440934248762073,0.47525841243592604,46.0,57.0,11.0,122.33208396928904,119.2709757836182,10.398413174452076,7.642127325803687,36.68254102877607
593934,Miguel Sanó,2021,530,314,51,26.610169491525426,88.17422692575323,87.1338158437703,1.0404110819829384,-0.5182923525623124,7.28060721318128,-0.07118806678980877,217.0,213.0,-4.0,81.53971184444224,82.05800419700455,12.2949170484081,10.798025208860432,36.68254102877607
669242,Tommy Edman,2021,691,357,95,28.26603325415677,105.36269527966492,104.38410766253692,0.9785876171279995,1.1151786490139841,7.022720559467845,0.15879581702998705,113.0,110.0,-3.0,105.42362391589216,104.30844526687818,10.081559346552266,6.937942967609324,36.68254102877607
605170,Víctor Caratini,2021,353,175,42,26.19760479041916,98.77730482429098,97.86816264691268,0.9091421773782997,-0.6315397843957555,9.200953411099821,-0.06863851561664037,155.0,145.0,-10.0,95.22726124283568,95.85880102723144,14.692456144814296,10.739472735607457,36.68254102877607
605137,Josh Bell,2021,569,280,67,23.708721422523286,107.64819627383817,106.7401801491564,0.9080161246817653,1.3692473132831964,6.85303351058216,0.19980163692018485,103.0,101.0,-2.0,108.45125454279952,107.08200722951632,11.102384232016425,9.065619894524668,36.68254102877607
647351,Abraham Toro,2021,376,229,65,30.49267643142477,121.89900316833426,121.04601100671236,0.8529921616218985,7.285338456206816,11.350139524827675,0.6418721497009462,36.0,40.0,4.0,132.51586545267213,125.23052699646531,15.640559376621884,10.363948799684064,36.68254102877607
527038,Wilmer Flores,2021,436,231,83,25.72383073496659,116.24431662960303,115.40713098039838,0.8371856492046561,6.5333433881855,10.468016705436213,0.6241242798927353,55.0,64.0,9.0,124.7357820047715,118.202438616586,17.181651894489967,10.52345326471677,36.68254102877607
666158,Gavin Lux,2021,379,153,28,21.57968970380818,104.97492562014156,104.2257724628447,0.7491531572968597,0.8996445814201053,7.287716592292553,0.1234467024104044,116.0,111.0,-5.0,104.91524136714014,104.01559678572004,12.151681112922534,10.363182428123308,36.68254102877607
571657,Kyle Farmer,2021,525,356,99,36.06889564336373,90.08312518160888,89.33463295554205,0.7484922260668299,-2.6269941058172037,9.948368589419735,-0.2640628040874016,200.0,194.0,-6.0,82.85526299596553,85.48225710178274,13.622594183225456,10.04499824669428,36.68254102877607
502671,Paul Goldschmidt,2021,677,359,108,25.37102473498233,126.59783354954884,125.91033402248082,0.6874995270680131,4.789902592507872,8.343009374391478,0.574121684102415,24.0,28.0,4.0,134.17431195325668,129.3844093607488,11.67735050005185,8.270461269996549,36.68254102877607
663647,Ke'Bryan Hayes,2021,395,206,49,26.01010101010101,92.26904236469966,91.60681566772595,0.6622266969737041,-1.9412696563579033,8.61846537695109,-0.22524539711554267,185.0,180.0,-5.0,86.34213174839851,88.28340140475642,13.342982295443974,10.088695391143824,36.68254102877607
602074,Yonathan Daza,2021,331,206,60,33.38735818476499,86.39167110358034,85.80284768083399,0.5888234227463442,-5.555710538388425,11.862093603257353,-0.46835834585412617,225.0,220.0,-5.0,72.99887378011914,78.55458431850757,16.61695149286051,12.448916934927698,36.68254102877607
543760,Marcus Semien,2021,726,314,56,21.28813559322034,119.81428631121244,119.34208909659662,0.472197214615818,2.062580018569392,5.230032704970122,0.3943722984006034,40.0,49.0,9.0,123.22454911210107,121.16196909353168,9.472777003974244,7.230197921112752,36.68254102877607
669720,Austin Hays,2021,526,297,55,29.909365558912388,89.26127415525181,88.85057880578889,0.41069534946292663,-0.8277347951543845,6.982515349330172,-0.11854392776004259,205.0,201.0,-4.0,84.78479514663,85.61252994178439,10.43941353857578,9.070508092460978,36.68254102877607
641933,Tyler O'Neill,2021,535,295,45,27.882797731569,102.34868523161292,101.96680183148274,0.3818834001301781,0.13571023521387815,6.549831949320282,0.02071965147563239,133.0,118.0,-15.0,100.97586183280492,100.84015159759105,13.80673929030478,12.295904751638464,36.68254102877607
521692,Salvador Pérez,2021,660,623,140,45.27616279069768,58.39484522320523,58.10208752165576,0.2927577015494691,-11.92445875104848,9.28302619226133,-1.2845443397530372,251.0,250.0,-1.0,28.45795786510732,40.3824166161558,15.73150089628958,12.459090993733046,36.68254102877607
457705,Andrew McCutchen,2021,573,216,49,19.13197519929141,129.8192497896806,129.59392051523355,0.22532927444706274,3.7664613119213755,6.087638035322021,0.6187065147545585,16.0,22.0,6.0,137.3587324770062,133.59227116508484,10.862258227236556,8.180313505297386,36.68254102877607
542340,Jonathan Villar,2021,502,287,53,28.000000000000004,102.63564965635028,102.41698197184816,0.21866768450212248,-0.12215540313897577,7.679532141289749,-0.015906620467436475,129.0,117.0,-12.0,101.79185760737596,101.91401301051494,11.4297856216975,8.895063686652138,36.68254102877607
666915,Bobby Dalbec,2021,449,255,47,28.683914510686165,90.08271640196668,90.10684850239818,-0.024132100431501158,-1.6031330092857559,7.590110594498217,-0.21121339265435818,201.0,184.0,-17.0,83.73800576873776,85.34113877802352,12.763062580870988,11.457888014661808,36.68254102877607
641531,Hunter Dozier,2021,541,328,49,29.92700729927008,77.79603502259798,77.83338734649996,-0.03735232390198462,-2.5054590137807935,6.3960458870260695,-0.39171998732262714,244.0,238.0,-6.0,69.36447164434952,71.86993065813031,10.916610931138544,9.494338886833509,36.68254102877607
570256,Gregory Polanco,2021,381,243,41,29.56204379562044,89.03514542380205,89.16731885735663,-0.1321734335545841,-3.5019117502742176,9.35878642035935,-0.37418438598577985,208.0,196.0,-12.0,79.27388413999455,82.77579589026877,15.306944361100507,12.870197237967291,36.68254102877607
623520,David Bote,2021,324,171,42,27.66990291262136,87.98739861998524,88.20492783751499,-0.2175292175297443,-3.9246055213722,9.897720712879975,-0.39651609044343744,218.0,209.0,-9.0,80.37494345453256,84.29954897590476,13.09796936592534,9.768428117218573,36.68254102877607
592663,J. T. Realmuto,2021,533,328,78,30.68288119738073,88.73454024361395,89.10135401386282,-0.36681377024886785,-3.749292170916604,8.513065545955284,-0.44041622264942654,211.0,198.0,-13.0,82.37775367315555,86.12704584407216,12.238729818975717,8.76142792306467,36.68254102877607
573262,Mike Yastrzemski,2021,528,241,62,23.489278752436647,105.82602741293132,106.24048870411106,-0.41446129117973385,-0.3846197478124509,7.2932637145763675,-0.052736300628173804,110.0,104.0,-6.0,106.07304415491257,106.45766390272502,11.718802627575172,8.589270897788927,36.68254102877607
541645,Avisaíl García,2021,514,348,85,37.66233766233766,79.6988658950983,80.16135029756303,-0.46248440246473876,-6.233821557705909,9.6200719804834,-0.6480015503369096,239.0,234.0,-5.0,67.97933975011658,74.21316130782249,13.343095994717384,9.916060006074831,36.68254102877607
455117,Martín Maldonado,2021,425,206,33,23.382519863791146,104.2864454570574,104.896469297671,-0.6100238406136071,-0.8359591926717087,5.920881911776533,-0.1411882900432451,118.0,109.0,-9.0,104.03240476523165,104.86836395790336,10.77975963424764,9.29122067243499,36.68254102877607
570731,Jonathan Schoop,2021,672,464,108,35.17816527672479,78.80151161861455,79.51867541202105,-0.7171637934064989,-5.5388163600268285,7.762596707952926,-0.713526229483519,240.0,235.0,-5.0,68.58593798150156,74.12475434152839,12.243432225065028,9.323065324627027,36.68254102877607
457763,Buster Posey,2021,449,197,71,22.15973003374578,133.40439655791448,134.31285051376176,-0.9084539558472784,11.249715277739597,9.64291772407906,1.1666298105653485,11.0,13.0,2.0,156.5581608072878,145.3084455295482,17.787553286763753,12.42454801550475,36.68254102877607
592178,Kris Bryant,2021,579,317,56,27.02472293265132,100.4399652510008,101.36625293409368,-0.9262876830928803,-1.7481031053378189,6.671735427589471,-0.26201625114043475,141.0,126.0,-15.0,98.90939170086098,100.6574948061988,11.227484594459929,8.917505588324168,36.68254102877607
572122,Kyle Seager,2021,669,396,81,29.53020134228188,84.18843127946629,85.27035951108167,-1.0819282316153789,-3.658251144907851,6.919086851792501,-0.5287187779641936,233.0,223.0,-10.0,78.26709915717822,81.92535030208607,10.451715100313066,8.342213579902769,36.68254102877607
501571,Juan Lagares,2021,327,209,51,34.09461663947798,84.50145088680247,85.58783129761093,-1.0863804108084594,-10.000956002997071,11.659707741005407,-0.8577364223140208,232.0,221.0,-11.0,68.42389816548504,78.42485416848211,17.35233472237879,12.306839526586955,36.68254102877607
664702,Myles Straw,2021,633,236,79,18.971061093247588,142.45621498733357,143.55827506930288,-1.102060081969313,4.010861285154505,7.628133835226644,0.5257984943358477,5.0,6.0,1.0,152.72425395040972,148.7133926652552,10.309481777659052,7.416634148638397,36.68254102877607
443558,Nelson Cruz,2021,577,362,88,31.23382226056945,88.54317217487663,89.66368161015342,-1.1205094352767873,-4.680998527294776,8.277378365926443,-0.565517041792357,214.0,189.0,-25.0,80.70942723001264,85.39042575730741,13.507735366260713,10.692166654478257,36.68254102877607
519203,Anthony Rizzo,2021,574,330,112,29.7029702970297,111.6301438103106,112.77087119148784,-1.1407273811772427,0.3091723532371873,9.703362515383114,0.031862393345301124,76.0,74.0,-2.0,114.9312383595174,114.6220660062802,14.008691062592987,9.91551978973516,36.68254102877607
458015,Joey Votto,2021,526,257,50,22.079037800687285,123.44296508467347,124.62626914730554,-1.183304062632061,1.710250906724383,6.437556951794745,0.26566769343261143,33.0,32.0,-1.0,131.84948592093443,130.13923501421004,13.317890468183938,10.754370727091915,36.68254102877607
623993,Anthony Santander,2021,438,313,68,33.051742344244985,92.56622399272014,93.8914176764261,-1.3251936837059617,-5.131066123825761,10.11982346333067,-0.5070311890734315,183.0,169.0,-14.0,83.92203549003887,89.05310161386463,16.30335414508703,13.362929280734754,36.68254102877607
643217,Andrew Benintendi,2021,541,297,83,30.12170385395537,112.87862964985798,114.21930947581188,-1.3406798259538988,-0.1420846894783807,8.67576766984867,-0.016377189303048625,73.0,69.0,-4.0,115.99848579506744,116.14057048454582,12.473233081577357,9.271173526985564,36.68254102877607
516416,Jean Segura,2021,566,315,105,30.0,99.61302433980924,100.9856603261782,-1.3726359863689623,-2.6575361689966854,9.396234352017975,-0.28282991562741744,145.0,129.0,-16.0,97.6778972372512,100.33543340624789,11.640058260003194,8.129568718527004,36.68254102877607
502054,Tommy Pham,2021,560,190,31,16.170212765957448,131.5462990443718,132.95980483214746,-1.413505787775648,0.46023798568629104,5.053328540150326,0.09107620492702023,13.0,15.0,2.0,137.25737908459803,136.79714109891174,9.139570930065192,7.515519341658158,36.68254102877607
660670,Ronald Acuña,2021,356,157,39,20.989304812834224,131.3794344263198,132.8394169382827,-1.4599825119629202,10.334432715041771,9.112408640709498,1.1341054953212815,15.0,16.0,1.0,155.36071939297778,145.026286677936,18.78793188081196,13.42233801856423,36.68254102877607
444482,David Peralta,2021,534,287,67,27.437858508604208,93.16992197693985,94.788226538164,-1.61830456122415,-3.440952508587614,7.082077126983205,-0.48586769769526317,180.0,162.0,-18.0,89.55535794521991,92.99631045380752,10.805253169172715,8.480866572861727,36.68254102877607
608336,Joey Gallo,2021,608,257,35,18.99482631189948,118.6860934686314,120.3373796579221,-1.6512861892907011,-0.6350869958369714,4.630754652070806,-0.13714546408822798,45.0,42.0,-3.0,122.4724400284662,123.10752702430317,10.38852893312275,8.625435417581112,36.68254102877607
592192,Mark Canha,2021,616,280,77,21.18003025718608,125.52077580814765,127.20703161708896,-1.6862558089413113,0.6608817393921242,7.274150064060139,0.09085346515703396,28.0,25.0,-3.0,131.590220031428,130.92933829203588,10.724150477734092,8.306785861372198,36.68254102877607
641313,Tim Anderson,2021,546,373,86,36.967294350842415,69.86029254893462,71.56445414000002,-1.7041615910654002,-8.063826118804414,8.62345720279142,-0.9351036282981897,249.0,246.0,-3.0,56.915595275727625,64.97942139453204,11.907814447028226,8.994014467453837,36.68254102877607
656555,Rhys Hoskins,2021,444,243,49,25.55205047318612,111.38280746687668,113.09169727844012,-1.7088898115634379,-1.1986608662719647,8.118130164399219,-0.14765233397322244,80.0,73.0,-7.0,114.7890404213578,115.98770128762976,14.508788192409842,12.152631568054522,36.68254102877607
573131,Darin Ruf,2021,311,141,28,19.943422913719942,121.69566071388516,123.41079578746006,-1.7151350735748991,0.545102146392594,8.875352994236897,0.061417517336668136,37.0,34.0,-3.0,132.81922488671904,132.27412274032645,16.107405303526786,14.079768302916426,36.68254102877607
649966,Luis Urías,2021,565,287,72,25.197541703248465,111.6291843996875,113.48460051114417,-1.8554161114566625,-1.0913387795342828,7.834860594719462,-0.1392926863650673,77.0,72.0,-5.0,114.0078005847295,115.09913936426378,11.892216833213672,8.86056282574247,36.68254102877607
452678,Asdrúbal Cabrera,2021,350,189,42,27.876106194690266,87.23609458438669,89.10775683041858,-1.8716622460318888,-5.518035970566501,9.068919959175016,-0.6084556921228432,220.0,197.0,-23.0,78.85835290167593,84.37638887224243,13.44904516047312,11.052552206322291,36.68254102877607
666971,Lourdes Gurriel,2021,541,369,95,34.71307619943556,113.85250075425704,115.78181362737048,-1.929312873113446,-0.012310790361922841,9.451596516480715,-0.0013025090883277296,65.0,61.0,-4.0,120.08285190400048,120.0951626943624,16.613324850572898,12.842463261470105,36.68254102877607
543807,George Springer,2021,343,167,37,24.167872648335745,99.54779257513664,101.57864908633532,-2.030856511198678,-3.8092537567098788,8.783724676461528,-0.4336718074643039,146.0,124.0,-22.0,96.61129878218756,100.42055253889744,14.25486139266654,11.744479997076407,36.68254102877607
676801,Chas McCormick,2021,322,162,33,25.63291139240506,108.47554592953104,110.62321868418192,-2.147672754650884,-1.9807296466130992,10.542107850269149,-0.18788743909146496,93.0,85.0,-8.0,110.59242224249714,112.57315188911024,15.637904643365092,11.97199897821763,36.68254102877607
668731,Akil Baddoo,2021,461,230,62,24.083769633507853,108.77456688160426,110.92465994779486,-2.150093066190607,-1.9142422218834412,8.907266524866113,-0.21490793124237567,92.0,83.0,-9.0,110.27612836528624,112.19037058716968,12.618482297091337,9.39560869954094,36.68254102877607
608596,Tom Murphy,2021,325,164,19,23.73371924746744,99.52783614861646,101.73813707345496,-2.2103009248385064,-3.2395877352021216,6.349859477677626,-0.5101825869675712,147.0,122.0,-25.0,97.60134636991476,100.84093410511689,11.52542746936705,10.584722994018987,36.68254102877607
621028,Kevin Newman,2021,554,250,101,26.260504201680675,96.56367134924884,98.8009168150348,-2.2372454657859606,-4.16619370034438,9.021761274264206,-0.461793830904062,167.0,139.0,-28.0,93.72947375147594,97.89566745182032,11.305346264434098,7.729239558343398,36.68254102877607
500871,Eduardo Escobar,2021,599,367,104,29.15011914217633,111.94983109603042,114.35241029185237,-2.402579195821943,-1.4004353447573834,9.387577686435895,-0.1491796277522019,75.0,66.0,-9.0,115.31158657389848,116.71202191865586,13.801446519110987,10.200912356251331,36.68254102877607
656775,Cedric Mullins,2021,672,351,107,27.63779527559055,102.4674930535186,105.02562236377426,-2.5581293102556657,-3.554497123819317,7.842455449045551,-0.4532377833592806,132.0,108.0,-24.0,101.47026440096036,105.02476152477968,12.026993371415289,8.687006169518208,36.68254102877607
665489,Vladimir Guerrero,2021,691,331,71,24.646314221891288,113.05722977607846,115.6867488001531,-2.6295190240746393,-2.0875162846084407,6.322407106263336,-0.3301774544920444,70.0,62.0,-8.0,115.34673549638856,117.434251780997,10.564128171195357,8.21066905306585,36.68254102877607
663757,Trent Grisham,2021,527,179,44,16.98292220113852,137.4893858357897,140.1197959937706,-2.63041015798089,1.8081407752240182,6.400300585478012,0.28250872768797863,8.0,7.0,-1.0,147.306784537288,145.49864376206398,10.82677491590898,7.938377149268812,36.68254102877607
663656,Kyle Tucker,2021,563,295,71,26.12931798051373,119.46373959597857,122.09898116564295,-2.6352415696643874,-1.0932546248718609,8.107187952220013,-0.13485004064479497,41.0,38.0,-3.0,125.1919323693137,126.28518699418557,12.426226412014756,10.041210019554963,36.68254102877607
668804,Bryan Reynolds,2021,636,324,72,25.174825174825177,115.60095813717705,118.29543897850586,-2.6944808413288115,-2.0860270322283867,7.61663640095141,-0.27387772271337735,58.0,53.0,-5.0,118.92872647649732,121.0147535087257,11.081527111192216,9.180146412354713,36.68254102877607
640457,Austin Meadows,2021,588,310,63,24.9597423510467,97.95661510348114,100.73642606590543,-2.7798109624242926,-4.587262543018824,6.772111481648084,-0.6773755209804154,160.0,130.0,-30.0,95.27277762964218,99.860040172661,12.02200377155888,9.160054000127946,36.68254102877607
543257,Robbie Grossman,2021,668,229,49,15.728021978021978,152.68956972637105,155.47092647101715,-2.7813567446461036,1.2084551084428767,5.682362178566562,0.21266773754778912,2.0,2.0,0.0,163.57663863366716,162.36818352522428,9.4044894640689,7.497623263540609,36.68254102877607
592206,Nick Castellanos,2021,577,437,94,36.6303436714166,78.39481865700859,81.24254792968961,-2.847729272681022,-8.799587268167969,8.82222042486371,-0.9974345283153485,242.0,231.0,-11.0,66.36313891107886,75.16272617924683,13.185799445092368,10.25048007378475,36.68254102877607
664761,Alec Bohm,2021,417,223,74,26.08187134502924,114.10343465553416,116.97783481056648,-2.874400155032319,-0.8436095987329821,11.315907931151482,-0.07455076551220563,64.0,58.0,-6.0,119.81991468081218,120.66352427954516,15.689353145110172,11.261494483889347,36.68254102877607
646240,Rafael Devers,2021,658,432,110,32.677760968229954,98.86896748588086,101.7612205127036,-2.8922530268227433,-4.856491397434141,8.301453059426253,-0.5850170280634933,153.0,121.0,-32.0,96.09050896935258,100.94700036678672,13.092874472235394,10.118892497646296,36.68254102877607
474832,Brandon Belt,2021,378,155,39,18.995098039215684,145.12220464204637,148.0415056698448,-2.91930102779844,18.645421488977064,8.743912976001987,2.132388730325903,3.0,4.0,1.0,187.2469786241941,168.60155713521704,20.17347688650584,14.018351442331554,36.68254102877607
605141,Mookie Betts,2021,550,209,60,18.41409691629956,141.04529233197718,143.99916813978672,-2.9538758078095384,1.3620653335430006,7.386208301016564,0.18440656938358205,6.0,5.0,-1.0,153.141225796075,151.779160462532,11.407232627107946,9.059544191968554,36.68254102877607
669257,Will Smith,2021,498,214,49,21.16716122650841,131.7927401463287,134.899915553186,-3.1071754068572943,2.341181728968195,7.441911581545462,0.3145941339552978,12.0,11.0,-1.0,147.07768785670845,144.73650612774026,14.882715384878823,11.635449374633245,36.68254102877607
622110,Matt Duffy,2021,321,130,40,21.34646962233169,106.81653713891242,110.01062350673132,-3.1940863678188975,-3.717797962936686,10.066416934102469,-0.3693268406498969,108.0,87.0,-21.0,107.83214594273656,111.54994390567325,15.25805043436563,11.272282089838534,36.68254102877607
605548,Bradley Zimmer,2021,341,155,16,22.96296296296296,94.1187381754816,97.34207678562564,-3.22333861014404,-5.1458982367934425,6.547085960815293,-0.7859829957315294,179.0,149.0,-30.0,90.04208956658601,95.18798780337946,11.959289685060506,10.732331625417997,36.68254102877607
643396,Isiah Kiner-Falefa,2021,673,372,135,31.103678929765888,94.27383710880228,97.6583022337344,-3.3844651249321203,-5.753173670351373,8.81809462624145,-0.652428207475877,178.0,147.0,-31.0,90.78846483392496,96.54163850427634,11.136748070434937,7.89121450806051,36.68254102877607
595777,Jurickson Profar,2021,411,195,57,22.54335260115607,118.90835380920922,122.34128519655816,-3.432931387348944,-0.18441017074471233,9.130470971168302,-0.020197224363018358,44.0,37.0,-7.0,125.55558962998845,125.73999980073316,13.65314636139856,8.984050800814078,36.68254102877607
642165,Josh VanMeter,2021,310,116,16,18.06853582554517,115.71504938846518,119.18490610702948,-3.4698567185643014,-3.8328224217575553,6.056500488444608,-0.6328444006683926,57.0,51.0,-6.0,119.0639733746414,122.89679579639896,11.056616334176317,10.3830372600186,36.68254102877607
607732,Jacob Stallings,2021,427,212,44,23.399558498896248,108.4282218244975,111.96559336084734,-3.5373715363498377,-4.061394852893855,7.7584615691254335,-0.5234794058987229,95.0,77.0,-18.0,109.58000334859597,113.64139820148982,11.617440406101844,9.966789103176565,36.68254102877607
657656,Ramón Laureano,2021,377,227,43,30.3475935828877,95.388843018909,98.98022545270295,-3.591382433793953,-6.894476319805889,8.94078867332849,-0.7711261916270306,174.0,137.0,-37.0,89.44256638975463,96.33704270956052,15.356306766952969,13.401653864676558,36.68254102877607
572233,Christian Walker,2021,444,257,52,28.17982456140351,91.9150702198425,95.69304969492607,-3.777979475083569,-6.2374501653867895,8.244582307704768,-0.7565513852118059,189.0,157.0,-32.0,87.10441795591677,93.34186812130356,11.858927641404431,10.174402155768604,36.68254102877607
650402,Gleyber Torres,2021,515,232,56,22.45885769603098,110.50000835277596,114.3213267820826,-3.821318429306629,-3.7212745112004626,7.388085214871457,-0.5036859217202746,86.0,67.0,-19.0,112.5814836907565,116.30275820195696,12.238716041771832,9.363399179345892,36.68254102877607
592567,Colin Moran,2021,359,231,67,31.343283582089555,107.67145327948435,111.5122125019086,-3.8407592224242535,-4.96930628857038,11.607626305086114,-0.4281070184343356,102.0,79.0,-23.0,109.79117721720472,114.7604835057751,17.954993046758908,14.35325954943184,36.68254102877607
488726,Michael Brantley,2021,509,218,79,24.22222222222222,117.00690623128034,120.91944460697144,-3.912538375691099,-2.2138063800526737,9.274863778436186,-0.2386888296084429,53.0,41.0,-12.0,121.54843119203194,123.76223757208462,12.155219382313817,8.576263447344198,36.68254102877607
660162,Yoán Moncada,2021,609,323,55,24.01486988847584,119.12006055924108,123.10207759655307,-3.9820170373119907,-3.490515367133696,6.699552233246501,-0.5210072622185148,43.0,36.0,-7.0,123.6393208553268,127.1298362224605,11.172091670398554,9.572095391417433,36.68254102877607
657557,Paul DeJong,2021,398,221,37,27.38537794299876,88.72944202980469,92.76798973117116,-4.038547701366468,-6.580040646412954,7.244905044349792,-0.9082300742567554,212.0,174.0,-38.0,83.06278899260215,89.6428296390151,11.55349380531132,10.23588425223973,36.68254102877607
683734,Andrew Vaughn,2021,464,274,66,29.21108742004264,85.26450176548957,89.36281711721209,-4.098315351722519,-8.690396409975392,8.354272141228092,-1.0402338184661877,227.0,192.0,-35.0,76.4879396845965,85.17833609457189,13.0645462628606,10.478439602369782,36.68254102877607
608348,Carson Kelly,2021,359,167,41,22.476446837146703,113.36527188267104,117.5590345231261,-4.193762640455063,-3.809870148636591,8.050725398218296,-0.47323315107477804,68.0,56.0,-12.0,117.76198115633537,121.57185130497196,14.363071030608626,11.474845898448653,36.68254102877607
620443,Luis Torrens,2021,378,193,45,26.11637347767253,97.15960641184827,101.35904901759758,-4.1994426057493115,-6.317397219807376,8.341595527203275,-0.7573367947661014,164.0,127.0,-37.0,94.1099236506555,100.42732087046288,12.15770384213542,10.21439050140306,36.68254102877607
500743,Miguel Rojas,2021,538,271,66,26.387536514118796,89.09395599879566,93.47188654890908,-4.377930550113419,-6.40989231841975,6.717636798663399,-0.9541885800814833,207.0,172.0,-35.0,85.440449773503,91.85034209192276,9.3817815324123,7.59435135662382,36.68254102877607
598265,Jackie Bradley,2021,426,230,43,28.151774785801717,90.48244586275749,94.92002798045424,-4.437582117696749,-8.350615528055968,8.119088692866626,-1.0285163574321783,197.0,160.0,-37.0,83.57668772296499,91.92730325102096,13.495865451574598,11.03131541947799,36.68254102877607
457708,Justin Upton,2021,360,186,34,24.538258575197887,96.07890951577455,100.54139411663772,-4.462484600863164,-7.356710745770059,8.602516497780496,-0.8551812423339307,170.0,132.0,-38.0,91.75460899834796,99.11131974411802,13.585484411969269,11.444164132853546,36.68254102877607
592885,Christian Yelich,2021,469,190,32,18.009478672985782,115.4530026883818,120.27859064935426,-4.825587960972456,-4.951883153715002,6.282705146171544,-0.7881769140053473,59.0,45.0,-14.0,118.34618649710472,123.29806965081973,10.406425948756828,9.022589297560314,36.68254102877607
669221,Sean Murphy,2021,447,248,61,29.66507177033493,94.9836105368785,99.84768429331277,-4.864073756434266,-7.968866736774416,8.361231582573271,-0.9530733191726642,175.0,134.0,-41.0,90.13144765401914,98.10031439079356,13.591969303862792,11.773159155710044,36.68254102877607
621466,DJ Stewart,2021,317,148,29,22.322775263951737,107.126142018943,112.00856360641592,-4.882421587472919,-6.2562655001938765,8.113200784294811,-0.7711217393145858,106.0,76.0,-30.0,108.27360658360372,114.5298720837976,14.906853004397076,12.187518018400306,36.68254102877607
669256,Nick Solak,2021,510,329,91,30.547818012999077,89.84505092225771,94.73559505967016,-4.890544137412448,-8.803903867762301,9.720323648068105,-0.9057212688089928,204.0,163.0,-41.0,83.47629640771675,92.28020027547905,12.687426589857107,9.902139810703442,36.68254102877607
656941,Kyle Schwarber,2021,472,217,53,20.945945945945947,127.88506710558256,132.9960031395625,-5.1109360339799395,-4.66598480292879,7.355133596477919,-0.6343847792463138,21.0,14.0,-7.0,141.22286510677537,145.88884990970416,15.048981772930844,13.76693381709718,36.68254102877607
596142,Gary Sánchez,2021,435,240,51,25.236593059936908,109.1408106665368,114.2810378234078,-5.140227156871006,-6.147949619173602,8.570880628363527,-0.7173066439437105,90.0,68.0,-22.0,111.67653877918504,117.82448839835864,15.63103983734862,12.548761823989867,36.68254102877607
663898,Brendan Rodgers,2021,413,227,48,30.968622100954978,84.64559736000864,89.98717283775855,-5.341575477749913,-9.26740149301662,8.499876498793121,-1.0902983701389637,231.0,186.0,-45.0,77.53136802508536,86.79876951810198,11.58335816334405,9.334541346687455,36.68254102877607
592348,Niko Goodrum,2021,325,189,35,28.37837837837838,89.21739849320966,94.60087887924612,-5.383480386036467,-10.455558066114918,9.459661945565811,-1.1052781934787776,206.0,164.0,-42.0,79.62796299922584,90.08352106534076,15.25825338446191,13.344044713925127,36.68254102877607
596019,Francisco Lindor,2021,522,285,69,26.12282309807516,100.31087886098804,105.69437446808902,-5.383495607100983,-7.489303679759189,8.461688434098557,-0.8850838385373665,143.0,106.0,-37.0,98.34387637567689,105.83318005543607,12.556346067881904,9.2698899263622,36.68254102877607
518735,Yasmani Grandal,2021,375,147,33,16.315205327413985,125.49842458976306,131.11788363242755,-5.619459042664488,-5.016768627476978,7.179556708176077,-0.6987574346705673,29.0,20.0,-9.0,133.36638342923348,138.38315205671046,12.216805068626066,10.7000201951237,36.68254102877607
630105,Jake Cronenworth,2021,639,284,79,23.825503355704697,114.11641387574775,119.77179506379112,-5.655381188043364,-5.268061701200438,6.836380946533837,-0.7705921806290558,63.0,47.0,-16.0,116.45601108165069,121.72407278285112,10.029917167818802,7.378631167127836,36.68254102877607
621566,Matt Olson,2021,662,340,89,23.826208829712684,112.88362976205086,118.74032560428796,-5.856695842237102,-6.186584075441274,6.877089605515753,-0.8995933498495264,72.0,52.0,-20.0,115.30490131213348,121.49148538757476,10.984831647519655,9.082691350960967,36.68254102877607
641857,Ryan McMahon,2021,594,287,55,24.404761904761905,95.79288376346408,101.67572199474937,-5.882838231285291,-7.651989225976905,6.194198423135965,-1.23534777274747,171.0,123.0,-48.0,93.4849586555832,101.1369478815601,9.771762887290778,8.12567098501786,36.68254102877607
592669,Hunter Renfroe,2021,572,369,100,31.810344827586206,87.74208547077374,93.67175640009484,-5.929670929321091,-9.884682314000017,8.481386239553736,-1.1654559802856141,219.0,171.0,-48.0,80.60298460708154,90.48766692108155,12.594419781533183,10.735114279784211,36.68254102877607
543543,Brad Miller,2021,376,183,36,24.20634920634921,104.60990174669736,110.62053099492758,-6.010629248230217,-7.6745272491633045,8.29429165219426,-0.9252781998729214,117.0,86.0,-31.0,104.40203811852754,112.07656536769085,12.413286969893536,10.347775390822491,36.68254102877607
502110,J. D. Martinez,2021,627,421,75,33.81526104417671,83.81364778826249,89.89295306845852,-6.0793052801960386,-9.871918913609932,7.0746959987269,-1.395384185466965,235.0,188.0,-47.0,76.93713765614558,86.80905656975551,11.163753953810687,9.151671790326406,36.68254102877607
621035,Chris Taylor,2021,579,245,48,21.10249784668389,114.17379407789184,120.33228879945813,-6.158494721566285,-6.416713316544502,6.2650073199140515,-1.0242148155435087,62.0,44.0,-18.0,116.68490162176664,123.10161493831114,10.358030004312564,8.625591269045426,36.68254102877607
575929,Willson Contreras,2021,481,286,55,27.39463601532567,86.29206316890289,92.569371171018,-6.27730800211512,-10.78005596148985,7.828590494841366,-1.3770110939629996,226.0,176.0,-50.0,77.74560705493049,88.52566301642034,13.23907262175085,11.55021528684976,36.68254102877607
596847,Ji Man Choi,2021,307,131,20,19.43620178041543,118.38022171415275,124.80887999288784,-6.428658278735085,-7.6146182255634045,6.951115966369153,-1.095452624068481,47.0,31.0,-16.0,124.57110637242168,132.1857245979851,13.436196166498377,12.382646859112722,36.68254102877607
596146,Max Kepler,2021,490,196,48,20.696937697993665,115.42784602235986,121.94640692333166,-6.518560900971806,-6.7953677014225775,7.071803750120447,-0.9609101074541044,60.0,39.0,-21.0,119.66814770909704,126.46351541051962,12.613680977563789,10.477454799422512,36.68254102877607
553993,Eugenio Suárez,2021,573,293,53,23.45876701361089,97.5029582175448,104.15077598361488,-6.647817766070077,-8.807217351047996,6.311818437527848,-1.395353405396357,161.0,112.0,-49.0,95.12643517561716,103.93365252666516,10.971240366176207,10.07400514179207,36.68254102877607
458731,Brett Gardner,2021,457,173,44,17.404426559356136,125.64968608701108,132.34290596403494,-6.693219877023864,-5.009617968326779,6.739549205421185,-0.7433164764636072,27.0,17.0,-10.0,132.863604581051,137.87322254937777,11.654818059954566,9.123660469119134,36.68254102877607
607043,Brandon Nimmo,2021,384,109,22,15.117891816920942,144.9524201700908,151.75101122149903,-6.798591051408238,-1.4036014005093307,6.459997196588805,-0.21727585288280016,4.0,3.0,-1.0,157.85390947275727,159.2575108732666,11.188085060299484,8.127175912872183,36.68254102877607
592743,Andrelton Simmons,2021,450,238,90,28.778718258766627,90.481455931644,97.32711959717152,-6.8456636655275105,-11.45017992060859,10.13894116826916,-1.12932699091332,198.0,150.0,-48.0,84.11649165645687,95.56667157706546,12.956221649138262,9.69285744260662,36.68254102877607
593160,Whit Merrifield,2021,719,381,138,29.285165257494235,103.73479906913263,110.6455919287836,-6.910792859650968,-8.116583223873889,8.63457998307941,-0.9400090380515782,121.0,84.0,-37.0,103.3072810344316,111.42386425830549,10.876355946176336,7.5484134481945695,36.68254102877607
664774,LaMonte Wade,2021,378,175,25,22.52252252252252,102.5568205775458,109.49691895616009,-6.94009837861428,-8.628549301646757,6.3050034727340885,-1.368524115642571,131.0,89.0,-42.0,101.83004342454008,110.45859272618684,10.444017561179576,9.408071429124984,36.68254102877607
621043,Carlos Correa,2021,640,329,88,24.120234604105573,103.88635170931802,110.99807150524352,-7.111719795925495,-8.628725787576599,7.451313083973305,-1.1580141231933656,120.0,82.0,-38.0,103.48659338114112,112.11531916871772,11.13919834288834,8.772929946806281,36.68254102877607
467793,Carlos Santana,2021,658,325,99,22.67969295184927,112.90584079584232,120.07750651923006,-7.171665723387733,-7.49102599215864,7.29600938400196,-1.0267292156427725,71.0,46.0,-25.0,115.14336115905256,122.6343871512112,10.544692430444217,8.35801316937145,36.68254102877607
624585,Jorge Soler,2021,599,297,54,23.13084112149533,98.72056027923428,106.61203231268532,-7.891472033451038,-10.54956276270346,6.339051984187728,-1.6642177393431261,156.0,102.0,-54.0,96.48131224576636,107.03087500846982,11.617106350922615,10.43364871899958,36.68254102877607
543105,Alex Dickerson,2021,309,195,40,31.30016051364366,80.68346913874164,88.72287727655862,-8.039408137816977,-16.473147747748826,10.403366423533633,-1.5834439619933636,238.0,203.0,-35.0,64.90498156551749,81.37812931326631,15.790945745420986,13.607276766193422,36.68254102877607
643393,Tony Kemp,2021,397,156,46,20.93959731543624,117.63456728535562,125.75142282936066,-8.116855544005048,-8.15802082902546,7.58453839099093,-1.075612042351282,49.0,29.0,-20.0,121.03565015066248,129.19367097968794,10.251487525740876,8.26399723286893,36.68254102877607
642086,Dominic Smith,2021,493,330,72,34.090909090909086,81.78847503482281,90.34805836569691,-8.559583330874105,-14.246182889879904,8.90915338280329,-1.5990501316744985,237.0,183.0,-54.0,72.07451140690947,86.32069429678937,12.679941230167522,10.619148117338556,36.68254102877607
516782,Starling Marte,2021,525,309,73,30.56379821958457,83.14523829237926,91.71658350451987,-8.571345212140614,-13.686261959355889,8.654242124850606,-1.5814512422821945,236.0,179.0,-57.0,75.34450115972942,89.03076311908531,11.708194634146398,9.106767078862168,36.68254102877607
462101,Elvis Andrus,2021,537,326,73,32.21343873517787,78.58707315326035,87.17869523234306,-8.591622079082711,-13.68361486158328,8.067894830708452,-1.6960576642000804,241.0,212.0,-29.0,70.161232209749,83.84484707133228,11.074319793402594,8.76213064691499,36.68254102877607
641355,Cody Bellinger,2021,349,232,50,31.18279569892473,88.50433347534036,97.11983629486744,-8.61550281952708,-15.25738426896551,10.378601734060444,-1.4700809087696178,215.0,151.0,-64.0,78.14427096087441,93.40165522983992,15.515693321844669,13.900792537871348,36.68254102877607
624424,Michael Conforto,2021,478,239,57,23.226433430515065,117.46878323353124,126.10218260375636,-8.63339937022512,-8.223741751358844,8.039041629841064,-1.0229753906028014,50.0,27.0,-23.0,122.61658651339606,130.8403282647549,12.696606861626805,9.614534248328686,36.68254102877607
545341,Randal Grichuk,2021,546,333,77,32.36151603498542,69.0000480417521,78.00138598437971,-9.001337942627615,-15.385202702954672,8.065995378145162,-1.9074152639165802,250.0,237.0,-13.0,56.7619550426876,72.14715774564228,11.439587909027496,9.436175811503784,36.68254102877607
594807,Adam Duvall,2021,557,377,84,34.0867992766727,84.92072591350474,94.06462276596083,-9.143896852456095,-14.952292386540648,8.293029637810893,-1.8029951705909493,228.0,168.0,-60.0,74.99241423507164,89.94470662161228,13.776674383084163,12.428016343393727,36.68254102877607
608324,Alex Bregman,2021,396,134,39,17.17948717948718,127.90405758890884,137.0833456815526,-9.179288092643759,-8.390809870372124,8.32890052640835,-1.0074330752021203,20.0,10.0,-10.0,135.76065591965883,144.15146579003095,11.545192215056495,9.52122839233544,36.68254102877607
457759,Justin Turner,2021,611,282,72,22.77867528271405,120.37267069410498,130.20401694658253,-9.831346252477545,-10.154156174811732,7.498172769778494,-1.3542174189074734,39.0,21.0,-18.0,124.33762701773108,134.4917831925428,10.025311900771896,8.36792105166752,36.68254102877607
665742,Juan Soto,2021,635,165,47,12.20414201183432,157.00668516265608,166.86283993895827,-9.85615477630219,-6.4672549054448325,5.9892725074987165,-1.0798064201199178,1.0,1.0,0.0,167.24379683949107,173.7110517449359,8.731742009095367,6.747698722364753,36.68254102877607
543281,Josh Harrison,2021,556,332,116,36.32385120350109,86.73980271255135,97.51293737283326,-10.773134660281912,-16.222954436232214,10.155892419753647,-1.5973932930480705,223.0,148.0,-75.0,79.83387808581952,96.05683252205174,12.044772925836996,8.923573855062816,36.68254102877607
607054,Jace Peterson,2021,302,131,27,20.760697305863708,123.45981076814036,134.44003207731393,-10.980221309173572,-13.234734219813419,9.103346109759924,-1.453831817470296,32.0,12.0,-20.0,131.21638934366393,144.45112356347735,12.786824990697257,11.829621852602422,36.68254102877607
518934,DJ LeMahieu,2021,669,266,97,20.52469135802469,125.91957373095676,137.50880199265424,-11.589228261697485,-11.566217323398917,7.665935248526658,-1.508780983458198,26.0,9.0,-17.0,130.63463587243734,142.20085319583626,9.361081097871438,7.706533119155635,36.68254102877607
476704,Jed Lowrie,2021,515,203,45,20.94943240454076,107.546291402496,119.23665584493833,-11.69036444244233,-13.31730716207494,6.8335780961795445,-1.9488044147062957,104.0,50.0,-54.0,108.09525089080758,121.41255805288252,9.371022104636817,7.935131302305382,36.68254102877607
650333,Luis Arráez,2021,478,226,97,23.014256619144604,126.4340066435416,138.40945351994256,-11.975446876400966,-8.628166615215235,10.965372120361131,-0.7868557966394922,25.0,8.0,-17.0,138.12074032605378,146.748906941269,14.558637905429633,10.134604491899584,36.68254102877607
592450,Aaron Judge,2021,624,343,72,23.83599722029187,99.2006929143662,111.49594552122096,-12.29525260685476,-16.18174221302509,7.405365508740407,-2.185137545733036,149.0,80.0,-69.0,97.04513202615787,113.22687423918296,11.850374940739773,10.490824940291372,36.68254102877607
608070,José Ramírez,2021,621,336,106,23.98286937901499,100.0145998771392,112.39650756077552,-12.381907683636314,-15.790553118706143,8.32475600565134,-1.8968187305413606,144.0,75.0,-69.0,98.22507284323108,114.01562596193722,11.624570300188283,9.505900693931672,36.68254102877607
453568,Charlie Blackmon,2021,583,275,86,26.49325626204239,96.57819194174718,109.03043253811954,-12.452240596372363,-15.618846469778433,8.213444255711595,-1.9016195865598224,166.0,91.0,-75.0,94.13775668366829,109.75660315344672,10.499552711211866,8.638898782892696,36.68254102877607
672284,Jarred Kelenic,2021,377,227,52,29.712041884816752,76.1866004378341,89.04181442624648,-12.855213988412373,-20.520045149399394,9.357779756223511,-2.1928326680003636,245.0,200.0,-45.0,63.04523909316002,83.56528424255941,13.244360199832371,11.866550971456002,36.68254102877607
664238,Dylan Moore,2021,379,164,31,21.079691516709516,115.93183272151327,129.05073131837997,-13.1188985968667,-15.798438673891354,8.038896290105301,-1.9652497188372624,56.0,23.0,-33.0,119.4185161663884,135.21695484027975,11.16794142734699,10.272944265607991,36.68254102877607
664913,Seth Brown,2021,306,169,36,26.365054602184085,73.1109692245347,90.03396205057228,-16.922992826037586,-29.34613693307528,9.761814941326808,-3.006217297650042,246.0,185.0,-61.0,52.54871033547557,81.89484726855085,15.751346278360636,14.937275714927484,36.68254102877607
657757,Gavin Sheets,2022,410,295,79,33.29571106094808,104.17247851228944,84.59641040836345,19.57606810392599,26.9048652954245,10.207681535802282,2.6357469324506986,132.0,232.0,100.0,104.2459693940513,77.3411040986268,17.11823001089044,12.046366474934713,35.58017043222186
623912,Harold Ramírez,2022,432,351,85,42.44256348246675,105.257149293699,86.85679098830377,18.40035830539523,24.92980339336303,11.088985487956341,2.2481590782528387,121.0,224.0,103.0,106.2430160007504,81.31321260738737,18.003817284573895,11.179372806568592,35.58017043222186
671739,Michael Harris,2022,441,337,72,39.18604651162791,91.75792357065802,74.71807326503982,17.039850305618202,18.504520676063002,10.39475684732204,1.7801783098784316,203.0,254.0,51.0,82.44592348663377,63.94140281057077,17.141895505988217,12.01527451343294,35.58017043222186
677951,Bobby Witt,2022,631,421,106,34.87986743993372,108.952308607604,92.20492710328448,16.74738150431952,21.48193784091619,8.791145472779277,2.4435880292770062,98.0,188.0,90.0,111.24757310078172,89.76563525986553,13.52438659257784,8.869085631596342,35.58017043222186
642708,Amed Rosario,2022,670,491,159,40.21294021294021,114.94110946996511,98.38322610395444,16.55788336601067,24.05088149659943,10.48279743791922,2.294319015418598,62.0,150.0,88.0,121.02165183825264,96.9707703416532,14.747737125848118,9.517589275043484,35.58017043222186
671277,Luis García,2022,375,282,85,40.7514450867052,104.10450855841266,88.24719665964243,15.857311898770234,22.44502063335915,12.95101754550896,1.7330700506341634,133.0,209.0,76.0,104.13151760306354,81.6864969697044,18.86207761493592,12.66731285202968,35.58017043222186
593428,Xander Bogaerts,2022,625,378,114,29.4392523364486,120.06105028020404,104.53003023598068,15.531020044223368,23.499469776422572,8.724158803989187,2.6936086681133387,42.0,113.0,71.0,128.01224014382834,104.51277036740576,13.903902883796018,8.248855578719967,35.58017043222186
543281,Josh Harrison,2022,421,260,89,36.26220362622036,102.15463867982508,86.9035310497942,15.251107630030887,18.3648019161585,11.106520756218451,1.6535152924354095,142.0,222.0,80.0,100.92170739058804,82.55690547442954,15.796792323184969,9.912203538172228,35.58017043222186
622534,Manuel Margot,2022,362,234,57,32.40997229916898,102.95725691960789,88.74017642810354,14.217080491504348,19.040041658768416,10.267557107570317,1.8543886787569075,137.0,204.0,67.0,102.19714337889693,83.15710172012851,16.257695711778627,11.865335372981958,35.58017043222186
669304,José Miranda,2022,481,310,72,32.804232804232804,95.78837366658978,81.60253760215929,14.18583606443049,15.251186443383773,8.375980035434605,1.8208241159677543,178.0,243.0,65.0,91.0302638129799,75.77907736959612,14.938930601330991,10.066476014820283,35.58017043222186
518595,Travis d'Arnaud,2022,421,290,85,36.069651741293534,115.65720443350158,101.94437461243685,13.71282982106473,26.57381091376446,11.520796448411385,2.306594950510453,56.0,127.0,71.0,127.60639018533196,101.0325792715675,20.024644117644776,11.660469589997083,35.58017043222186
592669,Hunter Renfroe,2022,524,344,86,32.02979515828678,100.80138959094997,87.35073758077485,13.45065201017512,15.73053814483876,9.11605878772641,1.725585421412364,150.0,215.0,65.0,99.04448411426954,83.31394596943078,14.442812084060508,9.675206564020138,35.58017043222186
543333,Eric Hosmer,2022,415,292,78,33.5632183908046,100.4164023487562,87.00829459361512,13.408107755141074,16.681943057379456,10.731685366302269,1.5544569643982602,154.0,219.0,65.0,97.40172328720608,80.71978022982663,17.89593082103512,11.957906436499924,35.58017043222186
673357,Luis Robert,2022,400,321,85,43.67346938775511,89.23785169492744,76.4876479483087,12.750203746618737,12.730191456201055,11.881993452533228,1.0713851599949327,209.0,252.0,43.0,77.24657204362731,64.51638058742626,17.723468999474388,13.055776099125165,35.58017043222186
545341,Randal Grichuk,2022,538,332,69,33.100697906281155,93.1533989048594,80.53442105704771,12.618977847811692,11.639553837753013,8.1879096495941,1.421553770849196,194.0,245.0,51.0,87.55921819833745,75.91966436058443,14.109650652529934,8.760247378364875,35.58017043222186
444482,David Peralta,2022,483,311,59,33.12034078807242,100.70499132325988,88.13621396096815,12.568777362291726,14.673698751316579,8.462595740322477,1.7339477391551992,153.0,211.0,58.0,98.65077753381588,83.9770787824993,15.392117640050737,10.051827238051445,35.58017043222186
665926,Andrés Giménez,2022,550,408,102,38.89418493803623,81.35605885347721,68.8649803791258,12.491078474351411,9.83781192693668,9.169601808082918,1.0728723158147109,240.0,263.0,23.0,69.32635387731901,59.48854195038233,14.345795655614255,10.249561939605083,35.58017043222186
621563,Joey Wendle,2022,370,250,82,39.68253968253968,103.85141492471658,91.43073613159862,12.420678793117958,16.828549473803946,12.15546825567049,1.3844427149857825,135.0,191.0,56.0,103.6552937580251,86.82674428422115,18.46416668445658,11.82198971494398,35.58017043222186
665750,Leody Taveras,2022,340,204,45,31.19266055045872,100.928993863644,88.87944432075398,12.04954954289002,15.615365191779617,10.516475531401559,1.4848477653138719,148.0,201.0,53.0,98.6671503738016,83.05178518202199,16.716391922100613,12.175919381851182,35.58017043222186
628450,Yadiel Hernández,2022,328,210,49,31.343283582089555,114.81462866928064,102.96508113713624,11.849547532144399,22.65300309405184,11.611869932387608,1.9508488491477598,63.0,121.0,58.0,125.05596942105772,102.40296632700588,19.251964062100885,11.625801296894515,35.58017043222186
607208,Trea Turner,2022,708,486,109,33.2421340629275,103.98124763647628,92.42390854805444,11.557339088421841,13.551342472537144,7.767458190180725,1.7446302433488665,134.0,184.0,50.0,103.94883634873912,90.39749387620198,11.591581146960817,8.155897582439307,35.58017043222186
680911,Owen Miller,2022,472,332,100,34.98419388830348,106.01630214261304,94.60839689886195,11.407905243751088,15.617905591879676,10.70703597931664,1.4586581778607663,116.0,173.0,57.0,107.35557851078252,91.73767291890285,16.37495153086001,10.713133634727336,35.58017043222186
664023,Ian Happ,2022,636,346,75,26.78018575851393,120.30943677081736,109.60835065836676,10.701086112450596,15.154950615770801,7.065782886559666,2.144836723556582,40.0,89.0,49.0,125.55534920622064,110.40039859044984,11.206839598624386,7.986049750666033,35.58017043222186
643446,Jeff McNeil,2022,587,292,102,29.17082917082917,113.6829301178228,102.99646507740655,10.686465040416252,14.21992143229295,8.525224160932384,1.6679821156441885,70.0,120.0,50.0,116.97609007898846,102.75616864669551,11.54204513083864,7.673829832084743,35.58017043222186
630105,Jake Cronenworth,2022,678,275,63,21.982414068745005,126.0350233149331,115.49949149837076,10.53553181656234,14.519162077436974,5.544765467754097,2.6185349338712336,23.0,66.0,43.0,131.36669148167655,116.84752940423958,9.714185660889337,7.050270171117801,35.58017043222186
607054,Jace Peterson,2022,328,161,30,23.40116279069768,112.63071800077034,102.12377008938832,10.506947911382028,15.707317689878039,7.224333719840955,2.1742237137716054,77.0,126.0,49.0,117.0580776812774,101.35075999139936,14.181933720281638,11.113797819744113,35.58017043222186
575929,Willson Contreras,2022,478,311,68,32.633788037775446,106.7118261797087,96.7353382066756,9.976487973033088,13.775601124420035,8.639037123012343,1.594575984368108,110.0,160.0,50.0,108.36785591540692,94.59225479098689,15.623730201311645,10.428752895203449,35.58017043222186
650391,Eloy Jiménez,2022,328,209,64,32.25308641975309,100.32359163252455,90.44125091499876,9.882340717525793,11.76555121277788,12.552112432650175,0.9373363468425987,155.0,194.0,39.0,96.55336656483374,84.78781535205586,19.764122912239625,12.635262082631456,35.58017043222186
547989,José Abreu,2022,675,420,115,30.0,113.2263114426383,103.77548790550614,9.450823537132166,13.394169841707551,8.022002933098863,1.6696790007945617,72.0,116.0,44.0,116.99361208502896,103.5994422433214,12.649249162630277,9.07722533586938,35.58017043222186
664983,Jake McCarthy,2022,355,180,36,30.0,104.85222062039466,95.60972424183343,9.242496378561228,11.465781109119945,9.385470118932636,1.2216522948585011,125.0,166.0,41.0,105.21437880157586,93.74859769245592,13.457639276369216,9.09208339553171,35.58017043222186
521692,Salvador Pérez,2022,468,428,117,43.58452138492871,81.54674248393383,72.38871831855741,9.158024165376418,5.062817350147732,12.167373050842668,0.41609781577273985,237.0,259.0,22.0,60.116489978914814,55.05367262876708,19.22830659512444,14.678132961070393,35.58017043222186
646240,Rafael Devers,2022,603,437,126,36.44703919933278,111.39554041505365,102.35675650322524,9.038783911828403,14.677464754921814,9.94896491920199,1.4752755562132487,83.0,125.0,42.0,116.3458973829396,101.66843262801778,16.21205157737276,11.01130779913506,35.58017043222186
608369,Corey Seager,2022,654,362,62,30.73005093378608,92.92686580619284,84.32463933168016,8.602226474512676,8.372827094075461,5.791009518188963,1.44583203805438,195.0,233.0,38.0,90.51492479770891,82.14209770363345,9.170086205197851,6.562717934345249,35.58017043222186
518735,Yasmani Grandal,2022,376,164,39,20.89171974522293,114.95982630395248,106.60511196733282,8.354714336619665,12.566963108762707,8.25228826879977,1.5228458700692569,61.0,103.0,42.0,119.69540245661224,107.12843934784954,13.003699567422457,10.30863839092178,35.58017043222186
664056,Harrison Bader,2022,312,220,62,34.26791277258567,92.1890095438466,84.00578062331853,8.183228920528066,5.545361084115328,12.787143545591018,0.43366691429903886,199.0,234.0,35.0,81.12936866629472,75.5840075821794,19.01708721810257,12.791489221162776,35.58017043222186
663728,Cal Raleigh,2022,415,273,47,31.09339407744875,97.72203104678611,89.57063651417127,8.151394532614844,9.201885615690458,8.287410275740562,1.1103451270690443,172.0,196.0,24.0,94.1000051840423,84.89811956835185,14.886018115456984,11.149970169799104,35.58017043222186
596115,Trevor Story,2022,394,276,57,33.053892215568865,94.01661304490064,85.89450002894193,8.122113015958703,6.675400538859961,10.631213300311984,0.6279058043792672,186.0,227.0,41.0,86.35485405001707,79.6794535111571,17.20644854932365,11.529112279484368,35.58017043222186
608070,José Ramírez,2022,665,418,128,28.80771881461061,107.18061188861378,99.07102714777773,8.109584740836056,11.093006156050564,8.857492912206139,1.252386681649359,108.0,144.0,36.0,108.86194034447682,97.76893418842626,14.505879912168172,9.686880119945846,35.58017043222186
592626,Joc Pederson,2022,430,266,58,29.78723404255319,109.15942526918002,101.06714068239636,8.092284586783663,12.61368902697258,9.2982077075445,1.356572086116975,95.0,135.0,40.0,112.45565159349756,99.84196256652498,15.87372669108912,11.736098785086778,35.58017043222186
543068,C. J. Cron,2022,627,426,95,33.464257659073056,97.7989159101116,89.81958840457303,7.979327505538578,8.998887022048905,7.899224399431171,1.139211467735607,171.0,195.0,24.0,94.5886104980838,85.58972347603489,14.100026655473606,10.6974643937612,35.58017043222186
553869,Elías Díaz,2022,381,253,52,33.42140026420079,96.6915988801264,88.9147590300777,7.776839850048702,8.061573872153744,9.454448677312868,0.8526751952759021,176.0,200.0,24.0,92.0652177164508,84.00364384429706,15.605713212660204,11.190052366697014,35.58017043222186
605612,Harold Castro,2022,442,347,114,39.74799541809851,99.22826618627492,91.6398929247588,7.588373261516125,8.39829409419147,12.89341411531195,0.6513630927449876,162.0,189.0,27.0,95.79287346482695,87.39457937063548,16.597960315320705,11.44316699252612,35.58017043222186
578428,Jose Iglesias,2022,467,369,124,41.60090191657272,106.38847619974597,98.81363497723868,7.574841222507288,10.86152318760081,12.799324906481441,0.8486012556881536,113.0,147.0,34.0,108.0884868995928,97.22696371199198,16.899924072230064,10.453958195264605,35.58017043222186
572041,AJ Pollock,2022,526,320,83,34.04255319148936,98.62389260351542,91.1517258207977,7.472166782717721,8.190493069439086,8.83095107629893,0.9274757609541348,166.0,193.0,27.0,96.24414368317146,88.05365061373237,13.026097439685584,9.596824795576232,35.58017043222186
516416,Jean Segura,2022,386,255,81,35.172413793103445,104.497610221533,97.04340825159342,7.454201969939575,10.777944736987138,12.13498750064075,0.88817106209776,130.0,159.0,29.0,104.83460590522434,94.0566611682372,17.604943048562202,12.558957662406325,35.58017043222186
543760,Marcus Semien,2022,726,355,93,24.825174825174827,108.9031209266187,101.5190185117414,7.3841024148773045,9.138158183504956,6.569690798505405,1.3909571186491567,99.0,128.0,29.0,110.24778138229242,101.10962319878746,10.404197160350972,7.259911765007327,35.58017043222186
660162,Yoán Moncada,2022,434,239,53,27.985948477751755,102.53894400298684,95.19631552545296,7.342628477533879,9.10054841328406,8.751859775071637,1.0398416619066053,140.0,168.0,28.0,101.71864531710906,92.618096903825,14.406993565469351,10.46420727617192,35.58017043222186
660757,Oscar González,2022,381,357,98,46.911957950065705,80.08193046686665,72.73945508656502,7.342475380301636,-0.830243635480528,13.667596210569807,-0.060745402680133384,247.0,258.0,11.0,59.42138693980276,60.251630575283286,18.294441744358032,12.52641426116841,35.58017043222186
514888,José Altuve,2022,601,365,122,28.627450980392155,117.40381187534138,110.4467204904551,6.957091384886269,12.457215088160055,9.257324445760645,1.345660418531057,48.0,84.0,36.0,124.11835356748702,111.66113847932697,13.99277096880076,9.14815387805672,35.58017043222186
621020,Dansby Swanson,2022,695,361,74,26.48569332355099,113.16292353872107,106.27889104741998,6.884032491301099,8.928731768205495,6.323611272906871,1.411967210328077,73.0,104.0,31.0,115.47123993120826,106.54250816300276,9.93588626195213,8.00825347523723,35.58017043222186
596019,Francisco Lindor,2022,706,446,122,29.93288590604027,108.1298814835496,101.27866472351346,6.851216760036138,9.352927600426383,8.064287954499598,1.159795837301143,103.0,132.0,29.0,109.94666184672668,100.5937342463003,13.196339440419504,9.047557035731044,35.58017043222186
642715,Willy Adames,2022,614,384,70,29.79053529868115,93.9660276152592,87.14187954961207,6.8241480656471225,6.827055666248782,6.843614511554532,0.997580394793162,187.0,216.0,29.0,90.6701238133301,83.84306814708131,11.257058558881772,8.693849308903888,35.58017043222186
570482,Gio Urshela,2022,549,375,126,36.44314868804665,114.19431986033474,107.56555504705705,6.628764813277698,11.969054960087789,10.759046936511323,1.1124642387673063,67.0,99.0,32.0,120.44696485236238,108.4779098922746,15.496995029295354,11.163150525552725,35.58017043222186
405395,Albert Pujols,2022,350,256,73,35.35911602209944,95.15173112344726,88.55931463313372,6.592416490313539,4.075743387309089,12.326544455079071,0.3306476849340941,182.0,205.0,23.0,85.81886562029115,81.74312223298206,20.16214221414406,13.036374115541292,35.58017043222186
666969,Adolis García,2022,653,526,137,37.6521116678597,94.34126062954286,87.84785002457046,6.4934106049723965,6.199943373844704,9.400953670880561,0.6595015347271648,185.0,213.0,28.0,87.68033141133525,81.48038803749054,16.308676469289495,12.330010241619766,35.58017043222186
453568,Charlie Blackmon,2022,572,326,90,32.43781094527363,106.40189977046744,99.99978185086162,6.402117919605814,8.243711902021218,8.882573636956947,0.9280769559536582,112.0,139.0,27.0,107.31753872620982,99.0738268241886,12.36701065653908,8.950375922789796,35.58017043222186
592273,Brandon Drury,2022,570,346,87,30.40421792618629,100.26234918281877,93.99121242636905,6.271136756449721,7.165739950426129,8.176200657188339,0.876414394762458,156.0,178.0,22.0,98.52341335372284,91.35767340329672,13.314330807493942,9.958990624549292,35.58017043222186
621550,Patrick Wisdom,2022,527,296,52,26.666666666666668,101.21543412756476,95.11283753326131,6.102596594303449,7.072607621882057,6.741215748166712,1.0491590665682917,147.0,169.0,22.0,100.24398828568803,93.17138066380598,11.490800375443335,9.040607344343549,35.58017043222186
595879,Javier Báez,2022,590,590,158,47.73462783171521,68.71927393306207,63.259680999767134,5.459592933294935,-4.7484040302540365,11.081330858254335,-0.4285048511765186,264.0,267.0,3.0,42.10621410687367,46.85461813712771,17.104434823339492,12.605540750277244,35.58017043222186
571657,Kyle Farmer,2022,577,394,113,36.78804855275444,92.47569661292016,87.05881886064111,5.416877752279049,3.373558471088913,9.540695524701706,0.3535967018708931,198.0,218.0,20.0,86.61896275986696,83.24540428877805,14.008865442261245,9.325273201428288,35.58017043222186
683734,Andrew Vaughn,2022,552,344,104,33.04514889529299,97.81809013246536,92.59679426001928,5.221295872446078,4.788410552923054,9.094252370807261,0.5265315231732464,170.0,183.0,13.0,94.1765927230698,89.38818217014675,15.04011607730992,10.33625988479324,35.58017043222186
573131,Darin Ruf,2022,386,197,40,24.502487562189053,116.66409794879095,111.44976527277,5.214332676020959,10.045405147541231,8.21283407188748,1.223135042010241,49.0,83.0,34.0,123.2945825743983,113.24917742685707,14.307593401073731,10.283947559708992,35.58017043222186
669289,Santiago Espinal,2022,492,246,70,25.59833506763788,114.7844962857286,109.64457535947612,5.139920926252472,8.436654498073665,8.327178006420104,1.013146889806986,64.0,88.0,24.0,119.08938054708696,110.6527260490133,12.499351599170543,8.977266882390774,35.58017043222186
642350,José Siri,2022,324,246,53,36.49851632047478,83.98919009688258,79.04381720330903,4.945372893573548,1.186577835441625,11.740692756982169,0.10106540218727462,229.0,248.0,19.0,69.14228211582096,67.95570428037934,16.949797993947055,13.177638851438545,35.58017043222186
663898,Brendan Rodgers,2022,580,292,83,27.547169811320757,103.0486564561281,98.1034080364576,4.945248419670506,5.686852045957139,7.529960476443447,0.7552299993801765,136.0,153.0,17.0,102.7508430117606,97.06399096580346,10.619803523354111,7.987697663028675,35.58017043222186
502671,Paul Goldschmidt,2022,647,353,100,25.43227665706052,139.9139000631323,135.00816200478113,4.905738058351176,13.390445006898545,8.07231831265295,1.658810330349548,3.0,13.0,10.0,155.3085665455185,141.91812153861994,12.921086654766455,9.547612504292417,35.58017043222186
516782,Starling Marte,2022,503,316,89,32.98538622129436,100.12130693145724,95.2228483149325,4.898458616524735,5.210289481778304,9.605038749475936,0.5424537701175421,158.0,167.0,9.0,98.67802439034018,93.46773490856188,11.911468036211398,8.645906723051482,35.58017043222186
665161,Jeremy Peña,2022,556,403,72,38.0188679245283,71.75777878904184,66.87792730673101,4.879851482310826,1.7060609637031234,8.073716491248462,0.2113104870046422,261.0,266.0,5.0,61.314557518024,59.60849655432088,11.207053279786305,8.784072734248216,35.58017043222186
543877,Christian Vázquez,2022,426,260,107,32.059186189889026,108.6580453189741,103.85374442414532,4.804300894828785,8.594099362215317,11.99523326925064,0.7164595443296622,101.0,115.0,14.0,112.17601682609454,103.58191746387922,17.27270736354089,11.833154513363828,35.58017043222186
622682,Víctor Reyes,2022,335,290,92,42.70986745213549,98.15307491604118,93.36795841465702,4.785116501384152,3.8206315238960826,15.65928486260181,0.2439850579013785,168.0,180.0,12.0,90.94957408342437,87.12894255952828,21.74360154807147,14.89851184741068,35.58017043222186
457705,Andrew McCutchen,2022,581,244,56,21.070811744386877,124.671885276801,119.8999630318648,4.771922244936206,7.729409350282538,6.552479661494527,1.1796159239843516,26.0,48.0,22.0,130.14806943174378,122.41866008146124,10.16551746434453,8.130525723226484,35.58017043222186
656775,Cedric Mullins,2022,667,351,107,30.0,109.12707335039232,104.56444835165088,4.562624998741441,6.181343136035608,8.032785244735303,0.76951430266194,96.0,112.0,16.0,110.73506974350752,104.55372660747192,11.122413402833608,7.994203467920752,35.58017043222186
598265,Jackie Bradley,2022,372,193,50,28.635014836795254,87.26314141549277,82.86698127216162,4.396160143331144,1.896238140040282,9.036420233888451,0.20984395268925135,216.0,240.0,24.0,80.05175381611693,78.15551567607665,12.911976962973396,9.313812084787733,35.58017043222186
656308,Michael Chavis,2022,428,301,64,39.29503916449087,78.41140708504038,74.22352881645311,4.187878268587269,-1.4397055006553714,9.530338231600952,-0.15106551999188833,254.0,255.0,1.0,62.43110687708057,63.870812377735945,15.5569671977678,11.680405970355745,35.58017043222186
624585,Jorge Soler,2022,303,177,31,25.991189427312776,102.11013584648288,98.11651640392294,3.9936194425599325,5.589139748294826,9.390263978373385,0.5952058175539169,143.0,152.0,9.0,100.75068245359742,95.1615427053026,16.398602897510973,13.48155420790614,35.58017043222186
657041,Lane Thomas,2022,549,280,64,26.168224299065415,113.111816968784,109.3301948862738,3.7816220825101965,6.676250921367952,7.4020313504946476,0.9019484794429851,74.0,90.0,16.0,117.07162857628852,110.39537765492057,13.05030901003824,9.531417420862512,35.58017043222186
677551,Wander Franco,2022,344,187,72,30.40650406504065,100.2220728158294,96.49324216642732,3.7288306494020844,3.2385515618057923,12.52924248592102,0.25847943843731325,157.0,162.0,5.0,97.00273024818743,93.76417868638164,18.02101624344163,11.592099532830671,35.58017043222186
681082,Bryson Stott,2022,471,256,85,28.28729281767956,112.65269287899063,109.04902371781291,3.60366916117772,6.658567368408583,9.708035761487087,0.6858820395804369,76.0,92.0,16.0,116.79686077386528,110.1382934054567,13.703285431297456,9.940605436880135,35.58017043222186
656555,Rhys Hoskins,2022,674,335,68,23.167358229598893,124.55384850356278,120.95536893035955,3.598479573203221,6.6847072114052395,6.466955194056933,1.0336714900311075,28.0,43.0,15.0,130.54509104934664,123.8603838379414,10.66343013883496,8.444827661313136,35.58017043222186
676801,Chas McCormick,2022,408,245,59,29.34131736526946,102.87973873080384,99.3223923908116,3.557346339992236,4.388192097592167,9.873474870531114,0.44444252455530053,138.0,140.0,2.0,102.23954451556848,97.85135241797632,14.428302224938683,10.537071681427168,35.58017043222186
596847,Ji Man Choi,2022,423,197,30,19.939271255060728,123.31199199050178,119.92442028205627,3.387571708445506,7.386248092803015,6.578106890810994,1.122853157512676,31.0,47.0,16.0,132.28670693317514,124.90045884037212,13.46582589555938,11.418918531217926,35.58017043222186
624415,Cavan Biggio,2022,302,101,23,16.53027823240589,131.5101701217164,128.20354779638066,3.306622325335752,11.29709836623556,7.728499904869343,1.461745294079362,10.0,29.0,19.0,145.7297283754952,134.43263000925964,14.193204522899162,10.290602458290124,35.58017043222186
660688,Keibert Ruiz,2022,432,251,88,31.691919191919197,104.78054653448042,101.4816270955877,3.2989194388927245,4.604758855458954,10.884591069955308,0.42305299536419433,126.0,129.0,3.0,105.1984589166914,100.59370006123244,15.173010078160814,10.628098486565024,35.58017043222186
662139,Daulton Varsho,2022,592,333,92,30.24523160762943,110.07830827656866,106.77983948109404,3.2984687954746192,5.262618653922033,8.177184671394455,0.6435734137608267,92.0,102.0,10.0,112.4811696404376,107.21855098651557,12.472696070072343,9.046527713411471,35.58017043222186
605204,J. D. Davis,2022,363,187,30,25.65157750342936,110.11928616166428,106.82552931567236,3.293756845991922,5.933906183442332,7.732324760757298,0.7674155402212012,91.0,101.0,10.0,113.47650496048502,107.54259877704268,14.692937090277516,11.444659725462628,35.58017043222186
602104,Ramón Urías,2022,443,238,60,29.166666666666668,104.57734674226826,101.36793089645532,3.2094158458129414,4.257853757755967,8.690582060057228,0.4899388474018884,128.0,131.0,3.0,104.83693707255377,100.5790833147978,14.17211664183994,9.84156167324054,35.58017043222186
605141,Mookie Betts,2022,634,275,67,22.46732026143791,124.66956420785796,121.47164529457748,3.197918913280475,6.7882521970215635,6.444001362779992,1.0534219058720153,27.0,42.0,15.0,130.7180930248262,123.92984082780464,10.68414608375339,7.648272983039839,35.58017043222186
543305,Aaron Hicks,2022,452,209,40,20.530451866404714,135.43075090674594,132.3176443918242,3.1131065149217534,9.674580489509708,7.421168797601132,1.3036464677419795,7.0,16.0,9.0,148.60154311804962,138.9269626285399,12.777284978461047,9.78079763127558,35.58017043222186
607732,Jacob Stallings,2022,383,195,54,26.24495289367429,101.73127368260997,98.627921570584,3.1033521120259735,3.6185195521365188,8.896290535081782,0.40674475927547415,146.0,148.0,2.0,100.26276386678188,96.64424431464536,15.605438413822435,11.50667165286554,35.58017043222186
608336,Joey Gallo,2022,409,249,42,27.302631578947366,95.41306166811522,92.340250372071,3.0728112960442218,2.594190228595167,7.561007694329264,0.34310112269040577,179.0,185.0,6.0,91.05628097007276,88.4620907414776,13.981908775736398,11.24442983748207,35.58017043222186
682985,Riley Greene,2022,419,244,51,27.695800227014757,102.011241946004,99.04779799149946,2.963443954504541,3.395197960253057,8.766304736422372,0.38730092808052163,145.0,145.0,0.0,101.02186397587674,97.62666601562368,13.650315606343415,10.098919503994708,35.58017043222186
596059,Rougned Odor,2022,469,284,60,31.106243154435926,95.10346470463573,92.21380532124428,2.8896593833914466,1.8703875428585235,8.713770196840086,0.21464733411684309,183.0,187.0,4.0,91.05082916288497,89.18044162002644,13.250325576312695,9.893829091702043,35.58017043222186
665482,Gilberto Celestino,2022,347,146,38,22.0211161387632,107.95518908687042,105.14404824671615,2.811140840154266,4.289251946277332,8.366881341721603,0.5126464414989251,104.0,110.0,6.0,109.55987752590474,105.2706255796274,12.678277982130584,9.949750151198248,35.58017043222186
500743,Miguel Rojas,2022,504,284,66,30.7027027027027,105.40708622975276,102.61112120117818,2.795965028574585,3.8743227638351243,8.110042249292064,0.4777191837901114,120.0,123.0,3.0,106.01707246976488,102.14274970592976,13.3409101740134,9.637965756355133,35.58017043222186
519203,Anthony Rizzo,2022,536,324,91,30.30869971936389,107.80033090811555,105.02509087673472,2.7752400313808323,4.592433992390738,9.415879299945026,0.48773288676476034,105.0,111.0,6.0,109.70933601084027,105.11690201844954,14.11277687298673,9.670516700105502,35.58017043222186
592450,Aaron Judge,2022,680,359,58,23.02758178319436,123.57214113649948,120.93328194313058,2.6388591933689014,5.164661332714658,5.968752549962098,0.8652832044021416,30.0,44.0,14.0,130.05665785306238,124.89199652034772,11.369584256432017,9.864787092167004,35.58017043222186
645302,Víctor Robles,2022,405,223,48,33.28358208955224,83.43229411650253,80.82646392925173,2.6058301872508025,0.22668927825900198,8.422025278639092,0.026916242917716878,230.0,244.0,14.0,76.0955364316244,75.8688471533654,11.753303975241195,9.13537124082999,35.58017043222186
592518,Manny Machado,2022,636,394,112,30.877742946708462,105.19628767715366,102.798996372652,2.397291304501664,3.4328291530954402,8.495557715060361,0.40407343087198955,122.0,122.0,0.0,105.73072333366538,102.29789418056994,13.61071286689139,10.46755642840816,35.58017043222186
679529,Spencer Torkelson,2022,403,195,38,24.59016393442623,114.77196350172528,112.3934014584392,2.378562043286081,6.083356036429905,8.002252325537277,0.760205475777904,65.0,77.0,12.0,120.4674123831102,114.3840563466803,14.38550092453858,10.13782307978392,35.58017043222186
666971,Lourdes Gurriel,2022,494,280,83,29.75557917109458,110.27735231687794,107.96038530635448,2.316967010523456,4.558048860845403,9.813079551057413,0.4644870998069356,89.0,95.0,6.0,113.292850363908,108.7348015030626,13.746515059623013,9.655510612468406,35.58017043222186
677594,Julio Rodríguez,2022,559,382,78,33.71579876434245,95.40632625559316,93.26882628694564,2.137499968647518,0.9020935218499773,8.665811679116361,0.10409798357653235,180.0,181.0,1.0,91.25653784488796,90.35444432303798,13.640421977684326,10.138070964342,35.58017043222186
571771,Enrique Hernández,2022,403,214,57,27.40076824583867,81.5094688949701,79.38927543888012,2.1201934560899787,-0.9010933589822656,8.797486923881156,-0.10242622316791504,239.0,247.0,8.0,71.98204213565681,72.88313549463908,12.810209279107353,10.163004702601524,35.58017043222186
607043,Brandon Nimmo,2022,671,287,73,21.595184349134687,133.39291983757565,131.27848299476457,2.114436842811074,7.505319126733411,6.449626852027419,1.1636826903209352,8.0,20.0,12.0,141.89580091972556,134.39048179299215,10.617144110305594,6.841052509231764,35.58017043222186
668227,Randy Arozarena,2022,644,425,127,31.2960235640648,97.82884806507228,95.76513004620011,2.0637180188721658,1.301014351973322,8.967197525126954,0.14508594779224546,169.0,164.0,-5.0,94.67544749256184,93.37443314058852,14.007945189659674,10.394670624962144,35.58017043222186
624503,Nick Gordon,2022,441,297,76,39.6,80.22100232400928,78.15817148212724,2.0628308418820325,-1.6623047106616582,10.378242143678703,-0.16017208768578922,244.0,250.0,6.0,68.36537917153095,70.0276838821926,13.89865591088698,11.093748914246548,35.58017043222186
643396,Isiah Kiner-Falefa,2022,531,286,102,30.71965628356606,102.87319225264014,100.901357665631,1.9718345870091412,2.2638274756178305,9.405994112080704,0.24067923588323917,139.0,136.0,-3.0,102.37662267074224,100.1127951951244,12.672530365789864,9.203875058188393,35.58017043222186
669016,Brandon Marsh,2022,460,290,66,31.65938864628821,85.38713589574881,83.4843867888287,1.902749106920112,-1.3552709923182533,9.489219386712069,-0.14282217926335064,223.0,236.0,13.0,76.94596830406718,78.30123929638543,13.249900536783176,9.9104911901619,35.58017043222186
571980,Tyler Naquin,2022,334,247,62,38.117283950617285,100.10724594744596,98.20616434398018,1.9010816034657836,0.7749375495100423,13.265232007645501,0.05841869550893661,159.0,151.0,-8.0,95.60552231912725,94.8305847696172,20.99946011167549,14.509284541665286,35.58017043222186
665833,Oneil Cruz,2022,360,247,57,30.721393034825876,75.6698626220625,73.77060496103886,1.8992576610236398,-9.514578467715815,11.371375266171208,-0.8367130839504354,258.0,257.0,-1.0,49.64063895357139,59.155217421287205,18.872236075893813,13.77607277882874,35.58017043222186
660670,Ronald Acuña,2022,526,275,63,24.66367713004484,113.39523730787543,111.55952350805194,1.8357137998234947,3.6321592781142584,8.172860701568686,0.44441712770378033,71.0,81.0,10.0,116.7082934854095,113.07613420729524,11.754175997183872,9.36620732289475,35.58017043222186
669221,Sean Murphy,2022,607,365,89,29.99178307313065,114.50999138524224,112.77900983742404,1.7309815478182031,3.6559738558600827,8.219540237067589,0.4447905540230546,66.0,76.0,10.0,118.0779220536092,114.42194819774912,11.527985571272843,8.98935919585699,35.58017043222186
624413,Pete Alonso,2022,669,471,138,33.739255014326645,99.64400253464576,97.93520608657872,1.708796448067048,1.4088400622279948,9.001552689461699,0.15651078328712698,160.0,154.0,-6.0,97.18308865182172,95.77424858959373,14.69225839753672,11.371711574082138,35.58017043222186
669720,Austin Hays,2022,581,395,93,36.54024051803885,78.96489654183844,77.30995471091282,1.6549418309256225,-2.450874869353484,8.500501662205297,-0.2883212034709079,250.0,251.0,1.0,69.61629102879039,72.06716589814387,12.02930020981313,8.76905731901659,35.58017043222186
622761,Jorge Mateo,2022,532,375,75,36.8369351669941,70.89985042621718,69.30586919159171,1.593981234625474,-3.208044957627287,8.542995367075426,-0.375517581338162,262.0,262.0,0.0,57.03613740782117,60.24418236544846,12.744550945028273,10.13874592965215,35.58017043222186
455117,Martín Maldonado,2022,379,233,36,31.317204301075268,73.54929333864033,72.08348979169895,1.4658035469413733,-0.9594452086626291,7.538018330249185,-0.12728082721853934,259.0,260.0,1.0,61.4041253449862,62.36357055364883,12.435409784160688,10.939404748439406,35.58017043222186
593160,Whit Merrifield,2022,552,293,95,29.536290322580644,115.66238755194824,114.21514631640754,1.4472412355407016,4.942280328413247,9.666413616036449,0.5112837630094859,55.0,72.0,17.0,121.26390226312432,116.32162193471108,13.707278524904789,9.38518118015591,35.58017043222186
624428,Adam Frazier,2022,600,308,105,28.65116279069768,104.5605481199655,103.45665615258116,1.1038919673843424,1.449069204669172,8.508227255625673,0.17031388103920728,129.0,119.0,-10.0,104.73109968588142,103.28203048121225,11.684335288743268,7.717145471397887,35.58017043222186
643393,Tony Kemp,2022,559,298,104,29.534192269573836,117.77916305691032,116.81113752763554,0.968025529274783,3.886318562734317,9.12615457809882,0.42584404301684786,46.0,60.0,14.0,122.71001428399175,118.82369572125744,11.825675219508083,8.137406458423136,35.58017043222186
595978,Austin Hedges,2022,336,184,44,28.177641653905056,87.7531769852957,86.98715090367023,0.7660260816254691,-2.3688308963977818,8.983623374454222,-0.26368323756022266,214.0,220.0,6.0,79.59159968470212,81.9604305810999,13.94099923409234,10.684719294081564,35.58017043222186
543592,Austin Nola,2022,399,150,40,20.920502092050206,131.1265276301235,130.4610349295973,0.6654927005261868,5.378771222625318,8.465806643857006,0.6353524771946315,11.0,23.0,12.0,140.211313437655,134.8325422150297,11.42490733253272,8.235397990541516,35.58017043222186
596748,Maikel Franco,2022,387,270,73,38.57142857142858,92.18626373280304,91.6087298047796,0.577533928023442,-2.9188657150679944,11.346275514305953,-0.25725320272610536,200.0,190.0,-10.0,84.03959069415365,86.95845640922164,16.31974885705132,11.962180465216203,35.58017043222186
553993,Eugenio Suárez,2022,626,292,45,21.807318894697534,119.44415439479386,118.86822331451998,0.5759310802738753,3.3817743110005836,5.724358969831061,0.5907690850317843,43.0,53.0,10.0,125.3033074328016,121.92153312180102,12.172609400310824,9.270623007706543,35.58017043222186
663538,Nico Hoerner,2022,510,308,108,33.734939759036145,106.08982324494237,105.6582684171902,0.4315548277521657,1.2122129778241373,10.593908806874035,0.11442546843876668,115.0,108.0,-7.0,107.09961477323984,105.8874017954157,13.956896648783603,9.457395319983188,35.58017043222186
661388,William Contreras,2022,374,238,48,28.918590522478738,99.40175505731152,99.11312499781212,0.2886300594993969,-0.5132648836905389,9.238633478202612,-0.05555636392563062,161.0,143.0,-18.0,95.87804738577408,96.39131226946462,17.11913316652296,14.058605827160756,35.58017043222186
542364,Rafael Ortega,2022,370,204,41,25.53191489361702,120.79866631044364,120.52109457620884,0.2775717342347974,3.240284736998646,9.240296285930874,0.3506689219405498,37.0,45.0,8.0,128.19197727642128,124.95169253942264,13.108258263707418,10.570681476636896,35.58017043222186
666915,Bobby Dalbec,2022,352,229,39,29.246487867177525,82.20806613622919,82.02713632671005,0.18092980951914228,-4.201774414681253,8.7776414563229,-0.4786905953710994,236.0,242.0,6.0,69.91833444558951,74.12010886027076,14.77979633230994,11.839532129893946,35.58017043222186
623205,Andrew Velazquez,2022,347,184,36,29.11392405063291,85.00471528598827,84.88145990616133,0.12325537982694357,-2.3077516652153918,8.68005579460599,-0.2658682985251648,227.0,231.0,4.0,76.69727754535796,79.00502921057335,13.01206278163558,10.91934605485352,35.58017043222186
606992,Eric Haase,2022,351,263,51,35.49257759784076,76.34737253015464,76.28082854254438,0.06654398761025959,-5.607786578125278,10.207291794868437,-0.5493902487381137,256.0,253.0,-3.0,62.26327220575843,67.87105878388371,14.050746526036283,10.902718181097027,35.58017043222186
641820,Trey Mancini,2022,585,369,79,30.54635761589404,98.90141454721672,99.14720234831113,-0.24578780109440856,-1.351703923025525,8.44031208236016,-0.16014857150253012,164.0,142.0,-22.0,96.21766369312743,97.56936761615296,14.19928256900212,10.737148072592449,35.58017043222186
543939,Kolten Wong,2022,494,218,59,22.04246713852376,113.96990003337068,114.34679799199436,-0.3768979586236867,1.4274572125660967,7.905181869876922,0.18057234306088407,68.0,71.0,3.0,117.733974051296,116.3065168387299,12.159469930152548,8.990805411106235,35.58017043222186
663993,Nathaniel Lowe,2022,645,359,71,29.306122448979597,93.8930648220701,94.35634487792342,-0.46328005585331766,-1.3923702743922206,6.832146040262059,-0.20379691332517444,189.0,176.0,-13.0,91.50670116232874,92.89907143672096,9.544305159228056,7.5387324267126,35.58017043222186
592206,Nick Castellanos,2022,558,437,93,39.72727272727273,78.43870352225068,78.92455460828967,-0.4858510860389913,-4.4717601402890494,9.240968368081713,-0.48390601094734836,253.0,249.0,-4.0,67.6289172787312,72.10067741902024,12.801831548960356,10.3137032288797,35.58017043222186
640461,Chad Pinder,2022,379,217,48,30.349650349650343,88.34610383836339,88.84093769361643,-0.49483385525303447,-4.998622531508772,9.704597156270305,-0.5150777977712426,212.0,202.0,-10.0,77.47832552378708,82.47694805529585,16.38749031056346,12.708352488824971,35.58017043222186
606132,Raimel Tapia,2022,434,351,98,42.54545454545455,82.98805225734424,83.6952934310367,-0.7072411736924664,-6.923000972931732,12.098335720452113,-0.5722275470690129,234.0,235.0,1.0,69.0726524023305,75.99565337526224,16.015193037526565,12.13976100861319,35.58017043222186
621043,Carlos Correa,2022,592,339,92,26.904761904761905,118.27731070374888,119.0860673160278,-0.8087566122789127,2.087817460946269,8.515478305995746,0.24517911806272083,45.0,50.0,5.0,125.0281411230421,122.94032366209584,13.592218572285953,10.337040450267478,35.58017043222186
650859,Luis Rengifo,2022,514,323,88,35.14689880304679,91.8940361546142,92.72015751429052,-0.8261213596763213,-4.32880447715614,9.695579176170497,-0.4464719846541345,202.0,182.0,-20.0,85.75658117653379,90.08538565368993,13.994085017850972,9.414855725136643,35.58017043222186
624431,Jose Trevino,2022,353,256,84,40.31496062992126,86.04533064231462,86.90374187959429,-0.8584112372796682,-9.865652878116734,12.743603862672622,-0.7741650622877793,221.0,221.0,0.0,71.07406744538812,80.93972032350486,17.96497142982293,11.610910580721017,35.58017043222186
660821,Jesús Sánchez,2022,343,251,56,32.810457516339866,88.34808780684749,89.30069964904271,-0.9526118421952248,-6.984174652297483,11.961770698780391,-0.5838746476731561,211.0,197.0,-14.0,75.85680117490723,82.84097582720472,17.57005176903176,12.99414790205044,35.58017043222186
541645,Avisaíl García,2022,382,311,56,41.13756613756614,66.79146421352715,67.80702889150304,-1.0155646779758882,-8.708657699712305,10.27310210442271,-0.8477145083531399,266.0,265.0,-1.0,44.00417210280378,52.71282980251608,15.412710396174528,12.81626566673679,35.58017043222186
668804,Bryan Reynolds,2022,608,391,72,31.71127331711273,87.7131482475223,88.74176132375288,-1.0286130762305845,-3.3751270557934703,7.280234684613451,-0.46360140874671196,215.0,203.0,-12.0,82.19664977742553,85.571776833219,11.447396108283694,8.941152963591247,35.58017043222186
606192,Teoscar Hernández,2022,536,328,62,30.3422756706753,78.56077728798196,79.66686353420044,-1.1060862462184815,-4.5772399867528435,7.6224432202021575,-0.6004951240071617,252.0,246.0,-6.0,67.82370448982986,72.40094447658271,12.789188121098654,10.799580270072209,35.58017043222186
670541,Yordan Álvarez,2022,555,292,70,24.893435635123616,104.58163972425616,105.77013476132883,-1.18849503707267,-1.2416216833959197,8.002994038075638,-0.1551446468020204,127.0,107.0,-20.0,104.81509295859136,106.05671464198728,13.382664089597773,10.043625871140067,35.58017043222186
592325,Ben Gamel,2022,420,213,35,23.745819397993312,110.80670374018464,112.07606399907992,-1.2693602588952757,-0.2140374592295302,7.422035814501729,-0.028838106495165085,85.0,79.0,-6.0,113.72723941354764,113.94127687277717,12.985541253328297,10.020180954518713,35.58017043222186
641645,Luis Guillorme,2022,335,134,45,20.97026604068857,130.7923313912642,132.09432273319027,-1.3019913419260547,6.61927214557852,10.471536219622744,0.6321204460119789,12.0,18.0,6.0,145.8206349044983,139.20136275891977,14.785965140714008,10.183544993001574,35.58017043222186
670764,Taylor Walls,2022,465,182,43,19.956140350877195,115.04459697490248,116.48540554442964,-1.4408085695271637,0.10510244474235719,6.98399697938036,0.01504903926113699,60.0,61.0,1.0,119.1964559018962,119.09135345715384,12.12878295108288,9.386013824412151,35.58017043222186
621493,Taylor Ward,2022,565,235,51,20.65026362038665,129.5276603333209,131.02659447182688,-1.4989341385059731,1.0524767423728747,6.666564876675072,0.15787392185370797,16.0,21.0,5.0,136.82533687510394,135.77286013273107,10.556427099676384,8.488709298177811,35.58017043222186
680977,Brendan Donovan,2022,468,213,57,21.668362156663274,141.10858945962417,142.65345754752343,-1.5448680878992604,3.6105888166972875,8.536610275514395,0.42295345578250876,1.0,6.0,5.0,154.27762509245366,150.66703627575637,11.75629065872275,9.190154604958437,35.58017043222186
665489,Vladimir Guerrero,2022,698,421,116,30.842490842490843,92.72838947290232,94.27523664103116,-1.546847168128835,-3.6486275542410738,7.761924424686914,-0.470067389813351,196.0,177.0,-19.0,88.60908441900024,92.25771197324131,11.878731767421804,8.835475175351945,35.58017043222186
641933,Tyler O'Neill,2022,383,212,45,26.20519159456119,108.59300946996426,110.1399052423302,-1.546895772365943,-0.7986468838196146,9.60519957793592,-0.08314734923927915,102.0,86.0,-16.0,111.28242613322922,112.08107301704884,15.210616302794222,11.88369304420458,35.58017043222186
677950,Alek Thomas,2022,412,240,78,33.66058906030855,86.97324746765226,88.54829265860691,-1.5750451909546541,-6.065187997995167,11.403507163791675,-0.5318704071369643,217.0,206.0,-11.0,78.95763307902934,85.0228210770245,13.497063371695878,9.372288347199516,35.58017043222186
666158,Gavin Lux,2022,472,225,55,23.734177215189877,109.83242298429874,111.46128990924365,-1.6288669249449015,-0.9372352314366168,8.071937991478478,-0.11611031110819402,93.0,82.0,-11.0,111.95805865809498,112.8952938895316,11.979030079389496,9.17282212766928,35.58017043222186
647351,Abraham Toro,2022,353,206,52,30.97744360902256,83.27082372716899,84.97327650091822,-1.7024527737492292,-5.87617267583731,9.610706692059743,-0.6114194162945517,231.0,229.0,-2.0,73.12436869166656,79.00054136750387,13.768071044941449,11.034135071232017,35.58017043222186
605119,Brian Anderson,2022,382,230,51,29.187817258883246,96.0683829740327,97.78455619038544,-1.7161732163527432,-3.787738239435882,9.817845459416171,-0.3858013710944197,177.0,155.0,-22.0,91.98951774947888,95.77725598891476,14.07136741408848,10.838717250595936,35.58017043222186
545361,Mike Trout,2022,495,241,55,22.735849056603776,125.7439339328007,127.47980467357915,-1.7358707407784522,2.239589981046919,8.067157676488913,0.27761822327757707,25.0,31.0,6.0,137.49553731206876,135.25594733102184,14.518476047167308,11.678379861480837,35.58017043222186
518692,Freddie Freeman,2022,702,399,133,27.441540577716644,127.11728853625054,128.87361680555412,-1.7563282693035802,2.5139839433277587,9.04053822443654,0.27807901265573653,21.0,28.0,7.0,136.78181347515465,134.2678295318269,12.767877029465886,9.44291641579574,35.58017043222186
443558,Nelson Cruz,2022,507,324,70,31.213872832369944,85.29679543827254,87.09758705180329,-1.8007916135307482,-5.45584246774132,8.86217950579922,-0.6156321324986854,225.0,217.0,-8.0,77.48620962005276,82.94205208779408,12.71469544241622,9.745353788872103,35.58017043222186
670032,Nicky Lopez,2022,481,258,88,29.86111111111111,93.82100635992632,95.62444483360736,-1.803438473681041,-3.7930269386541084,9.386691446374051,-0.40408560996423315,190.0,165.0,-25.0,90.12157120536467,93.91459814401878,11.84165366745824,8.721850535490853,35.58017043222186
458015,Joey Votto,2022,368,173,39,23.56948228882834,106.12265747795593,107.98817797070778,-1.8655204927518554,-1.929046845087882,8.32997877114886,-0.23157884288603417,114.0,94.0,-20.0,107.02148071489256,108.95052755998044,13.061707774575556,10.71886854168534,35.58017043222186
670768,Luis González,2022,351,182,49,25.38354253835425,105.83741390377836,107.70845404763756,-1.8710401438592044,-1.8732995745868806,10.146051096690103,-0.18463336688674847,117.0,98.0,-19.0,107.11263928284092,108.9859388574278,16.76992163046476,12.898991914998362,35.58017043222186
668942,Josh Rojas,2022,509,201,54,19.705882352941178,116.54910890165677,118.47293873256388,-1.9238298309071098,-0.9135904813121556,7.249541776886393,-0.12602044507487944,51.0,54.0,3.0,120.0227981985246,120.93638867983675,10.403560086583058,8.445198048419945,35.58017043222186
518626,Josh Donaldson,2022,544,324,71,29.24187725631769,92.64119641898851,94.58930494989896,-1.9481085309104458,-3.661683735071037,7.556956901378991,-0.48454474239529594,197.0,174.0,-23.0,89.0902696900568,92.75195342512784,10.986684785131237,8.562561637811541,35.58017043222186
594777,Kole Calhoun,2022,424,303,54,32.58064516129032,80.15854308828465,82.11435646779806,-1.9558133795134154,-6.369179719985411,9.029807613440584,-0.705350544844952,245.0,241.0,-4.0,67.72996434064217,74.09914406062758,14.21194472691014,11.94331599229518,35.58017043222186
500871,Eduardo Escobar,2022,541,379,89,34.11341134113412,95.3337482631612,97.29094060828707,-1.9571923451258755,-4.5460907760853075,9.236468223851414,-0.4921892942094357,181.0,158.0,-23.0,90.7328656702118,95.2789564462971,14.302926940809847,10.480166604401454,35.58017043222186
502054,Tommy Pham,2022,623,260,44,21.978021978021975,113.71035791202422,115.72263482013128,-2.0122769081070544,-1.4798395888192601,5.607139156609351,-0.263920610401637,69.0,65.0,-4.0,116.06492886781996,117.54476845663922,9.74570447954301,8.113932697447288,35.58017043222186
493329,Yuli Gurriel,2022,581,381,137,35.27777777777778,98.76737417680312,100.79707089772748,-2.0296967209243633,-3.7763272183137957,10.200478186341519,-0.3702108028004327,165.0,137.0,-28.0,96.26438072461008,100.04070794292387,13.538508672491211,8.89058659588304,35.58017043222186
669357,Nolan Gorman,2022,314,221,45,31.08298171589311,80.94264848619153,83.06487457058212,-2.12222608439059,-9.559965406390141,10.609707972775567,-0.901058297826947,241.0,238.0,-3.0,62.63974130349387,72.19970670988401,17.5364363334684,14.208593822998672,35.58017043222186
641355,Cody Bellinger,2022,551,364,84,31.818181818181817,98.31086860971644,100.43501236329529,-2.124143753578849,-3.6607550497378014,8.88008312038873,-0.412243331521603,167.0,138.0,-29.0,95.74876384256258,99.40951889230038,13.143851207875512,9.895551365984012,35.58017043222186
605170,Víctor Caratini,2022,313,149,34,24.58745874587459,111.51145734474454,113.66998209826626,-2.158524753521718,-0.6125376068319497,9.447579664587282,-0.06483540002609847,81.0,73.0,-8.0,116.15315375943572,116.76569136626767,15.57566540615164,11.715542630051544,35.58017043222186
606466,Ketel Marte,2022,557,314,99,28.060768543342267,111.20150984656624,113.42185480665944,-2.2203449600932004,-0.6269596682439555,9.503865318715793,-0.0659689134071897,84.0,74.0,-10.0,115.00541380370944,115.6323734719534,14.403486117667262,10.038621693557028,35.58017043222186
669257,Will Smith,2022,574,251,72,21.63793103448276,129.97611423159577,132.23025730942092,-2.254143077825148,2.8278742613958627,7.437121913263893,0.38023771754399105,13.0,17.0,4.0,139.63114395914698,136.80326969775112,12.036738416306356,8.148611470007177,35.58017043222186
664702,Myles Straw,2022,595,211,76,19.646182495344505,129.22984839629387,131.56436288399175,-2.3345144876978736,1.2723745292825015,7.462781612155986,0.17049601548167434,17.0,19.0,2.0,135.8107055289882,134.5383309997057,10.083739511674787,6.652028703310879,35.58017043222186
614177,Franmil Reyes,2022,475,274,41,28.691099476439792,92.09089989317164,94.51557087665122,-2.4246709834795865,-4.166087335566331,7.119992731801943,-0.5851252230860029,201.0,175.0,-26.0,87.05405098813027,91.2201383236966,12.781090859946634,11.425501271004665,35.58017043222186
666185,Dylan Carlson,2022,487,244,62,24.94887525562372,112.97895404467904,115.4055933120034,-2.4266392673243615,-1.0287825924789615,8.697827199018715,-0.11828041290530908,75.0,67.0,-8.0,116.76317955315751,117.79196214563648,12.852521127823776,9.421234237180062,35.58017043222186
596103,Austin Slater,2022,324,185,40,26.24113475177305,107.43855082396512,109.91416247175916,-2.4756116477940395,-2.509018732345325,10.495410238147693,-0.23905866234992784,106.0,87.0,-19.0,109.2778778948362,111.78689662718152,14.578802673435376,11.919135747124436,35.58017043222186
647304,Josh Naylor,2022,498,316,99,33.2982086406744,85.62734964843665,88.4256116684365,-2.7982620199998536,-6.249557176997044,9.44105596315384,-0.6619553153151041,222.0,208.0,-14.0,77.139542250326,83.38909942732305,13.372678967376997,11.159684253965692,35.58017043222186
660271,Shohei Ohtani,2022,652,379,108,28.560663149962323,100.72847615932196,103.53628987921768,-2.8078137198957194,-3.673189098693129,7.928097490294019,-0.46331280653271917,151.0,118.0,-33.0,99.64316163842692,103.31635073712005,11.227211589540852,8.970008432534016,35.58017043222186
663697,Jonathan India,2022,425,202,56,24.815724815724817,110.3376050501168,113.27002358320036,-2.932418533083549,-2.7327691633554707,9.360675826392495,-0.2919414382079559,88.0,75.0,-13.0,112.64672428732268,115.37949345067815,11.97118023410336,9.892297675422869,35.58017043222186
650402,Gleyber Torres,2022,573,313,95,28.22362488728584,100.71089963696484,103.67333139182227,-2.962431754857434,-4.361160258811722,8.706644051898072,-0.5009002587927064,152.0,117.0,-35.0,99.08372163817542,103.44488189698714,13.711157604770756,9.773708273993638,35.58017043222186
408234,Miguel Cabrera,2022,432,274,67,31.712962962962965,85.12013670617202,88.08518915355013,-2.9650524473781132,-7.33916390155926,9.641469043661164,-0.7612080553621061,226.0,212.0,-14.0,76.35739988258958,83.69656378414884,13.404503940945464,10.309487958205535,35.58017043222186
656896,Emmanuel Rivera,2022,361,189,36,28.335832083958024,70.65278677637102,73.79449137583998,-3.141704599468966,-8.237750982698827,7.712620466071247,-1.0680871720497194,263.0,256.0,-7.0,58.707401444819936,66.94515242751876,11.786196618464384,9.434366133329348,35.58017043222186
502110,J. D. Martinez,2022,597,406,86,32.145684877276324,85.33679243639729,88.52990193088212,-3.1931094944848297,-6.527035051278659,7.987300559118535,-0.8171765921375284,224.0,207.0,-17.0,78.45202126322775,84.97905631450641,11.950110550258596,9.400582607604568,35.58017043222186
663457,Lars Nootbaar,2022,347,145,43,20.59659090909091,129.73254955363336,133.01961874572245,-3.287069192089092,5.280676604391829,9.56970948967545,0.5518115894833626,14.0,15.0,1.0,147.02879305590494,141.7481164515131,16.18674577643203,11.100143442778412,35.58017043222186
663647,Ke'Bryan Hayes,2022,561,316,78,27.21791559000861,97.67668718761333,101.21978760584236,-3.543100418229031,-5.2938753033499495,7.904159263542876,-0.6697581775417161,173.0,133.0,-40.0,95.10291087226516,100.3967861756151,12.503851359054524,9.83169688945484,35.58017043222186
641680,Jonah Heim,2022,451,264,61,29.36596218020022,105.45837428493807,109.06122974721148,-3.6028554622734106,-4.223976244858022,8.145425286884873,-0.5185703749145104,119.0,91.0,-28.0,106.0021672251269,110.22614346998492,12.36057087074104,10.265800325533505,35.58017043222186
570731,Jonathan Schoop,2022,509,335,79,37.05752212389381,68.02041345786128,71.76276669674277,-3.742353238881492,-9.293966553983708,8.59643759494243,-1.081141630045876,265.0,261.0,-4.0,55.88329303190936,65.17725958589307,11.438492047064992,8.960406740779929,35.58017043222186
664761,Alec Bohm,2022,633,369,108,31.56544054747648,102.06573076537232,105.83057163818395,-3.7648408728116323,-4.821877781853857,8.851477919276862,-0.5447539750794282,144.0,106.0,-38.0,101.26303702563294,106.0849148074868,12.460825927838735,9.220312724509196,35.58017043222186
666624,Christopher Morel,2022,422,235,45,28.76376988984088,105.06130088602748,108.83399403504416,-3.772693149016675,-4.348633358221122,8.290739643717647,-0.5245169363768796,124.0,93.0,-31.0,105.4161040230231,109.76473738124422,11.824444891060717,9.42098775180546,35.58017043222186
608348,Carson Kelly,2022,354,171,50,24.393723252496432,106.43417743568368,110.3905242420111,-3.956346806327417,-4.606962273185744,9.535741745142195,-0.4831257385439024,111.0,85.0,-26.0,107.73678356622202,112.34374583940776,14.649327751517369,11.658262481689636,35.58017043222186
663757,Trent Grisham,2022,520,217,56,20.318352059925093,122.4891523931906,126.45169473704937,-3.9625423438587717,-1.87032905601572,7.432831412165058,-0.25163076522287553,32.0,33.0,1.0,129.69426183507807,131.5645908910938,12.332061194464387,9.690177524082552,35.58017043222186
643217,Andrew Benintendi,2022,523,216,70,22.73684210526316,115.54347773540869,119.52490630178038,-3.98142856637169,-3.083093103581561,8.00328972131848,-0.38522822625914455,57.0,49.0,-8.0,119.0543140010024,122.13740710458396,10.907963193662509,8.384160509345419,35.58017043222186
572191,Michael Taylor,2022,456,278,60,31.34160090191657,94.39028890973502,98.43492424535172,-4.044635335616704,-6.698855947024285,9.120349008134303,-0.7344955704052197,184.0,149.0,-35.0,89.94528959201118,96.64414553903546,13.3562235341139,10.761296277955198,35.58017043222186
608324,Alex Bregman,2022,655,243,86,18.202247191011235,140.2401959707718,144.328039409884,-4.08784343911222,0.6154991093750368,7.321569743199056,0.0840665500655469,2.0,2.0,0.0,150.5510024208876,149.93550331151258,10.52669739357279,7.52373821123316,35.58017043222186
657077,Alex Verdugo,2022,643,297,106,25.10566356720203,93.29121653444626,97.52840380210414,-4.237187267657873,-6.396699757273566,8.09628811560836,-0.7900780784890478,193.0,157.0,-36.0,90.19841364652878,96.59511340380234,10.558001311248503,7.2561267455297696,35.58017043222186
545358,Max Stassi,2022,376,150,29,21.45922746781116,96.73352558297876,101.11772668285492,-4.384201099876165,-5.977100238288557,6.78432514745576,-0.8810161819160559,175.0,134.0,-41.0,94.22811581448428,100.20521605277284,11.516987236120048,10.20109563423193,35.58017043222186
542932,Jon Berti,2022,404,169,40,22.266139657444008,120.56402126306652,125.20302801200285,-4.639006748936325,-2.8950767926331196,8.263746565501023,-0.35033465386260837,39.0,37.0,-2.0,126.5296568280306,129.42473362066372,11.858292827298552,9.068560684931734,35.58017043222186
572228,Luke Voit,2022,567,377,52,30.72534637326813,80.09916371877644,84.93897325522852,-4.83980953645208,-8.26874902881562,6.46309389997899,-1.279379374148115,246.0,230.0,-16.0,71.47415067487245,79.74289970368807,11.82453836298562,10.282784366270551,35.58017043222186
621439,Byron Buxton,2022,383,203,35,27.284946236559136,91.34868239467002,96.43408423138824,-5.085401836718219,-8.789251722372498,7.875999457641245,-1.1159538252437564,205.0,163.0,-42.0,83.87170778109814,92.66095950347064,15.111332150346277,13.581043459681394,35.58017043222186
621035,Chris Taylor,2022,453,220,20,23.20675105485232,115.06160746690423,120.1969219168824,-5.135314449978168,-5.216994367520812,5.695125842063939,-0.9160454943749144,59.0,46.0,-13.0,117.90255898992687,123.11955335744769,10.025161401207413,8.674308251698054,35.58017043222186
680757,Steven Kwan,2022,635,257,103,20.300157977883096,138.85170204579097,144.02008354922134,-5.168381503430368,-0.5157068493188603,8.39678860607971,-0.06141715285596947,5.0,3.0,-2.0,149.401991217591,149.91769806690985,10.858734578883771,7.7460406898236975,35.58017043222186
673548,Seiya Suzuki,2022,440,197,50,21.36659436008677,132.04899841873873,137.2408022918333,-5.191803873094557,-0.5089896230982731,8.71085304480864,-0.05843166225856753,9.0,10.0,1.0,143.00847859080864,143.5174682139069,12.339823321320878,8.782551860634939,35.58017043222186
669261,Jack Suwinski,2022,373,186,30,24.50592885375494,93.93008816630206,99.2038467288916,-5.273758562589549,-7.314221203450103,7.502453041039807,-0.9749106276893649,188.0,141.0,-47.0,90.44079889513158,97.75502009858168,11.562067909387595,10.342386966149563,35.58017043222186
665120,Jared Walsh,2022,454,257,61,30.815347721822544,89.69122285410971,94.97167408469714,-5.280451230587431,-11.159282070169041,9.25386566966531,-1.2059049124464594,207.0,170.0,-37.0,80.48734870659707,91.64663077676612,15.770303264339049,11.74453320355964,35.58017043222186
547180,Bryce Harper,2022,418,312,68,35.49488054607509,78.00621631639821,83.32928515408597,-5.323068837687757,-11.579542813606196,10.452590582705092,-1.107815590975673,255.0,237.0,-18.0,65.48483005850326,77.06437287210946,13.66334456245924,10.855980928493564,35.58017043222186
527038,Wilmer Flores,2022,603,338,90,26.86804451510334,117.73749730766528,123.0822759470383,-5.344778639373018,-2.943959208849762,8.172422804333493,-0.3602308983926656,47.0,39.0,-8.0,124.22290806598716,127.16686727483692,13.582976698755736,9.418784739757816,35.58017043222186
571448,Nolan Arenado,2022,620,411,133,32.93269230769231,100.82518208427668,106.17476696458654,-5.3495848803098625,-6.917486906525312,9.779753790236384,-0.7073273064840736,149.0,105.0,-44.0,99.5372780999164,106.45476500644172,12.410900298265776,8.527228840987288,35.58017043222186
668939,Adley Rutschman,2022,470,251,60,23.30547818012999,112.4266758206768,117.8096549403237,-5.38297911964689,-5.25988688119584,7.954252647942863,-0.661267263437522,78.0,58.0,-20.0,115.54977212482204,120.80965900601788,12.05583109660088,9.551296849050464,35.58017043222186
514917,César Hernández,2022,617,296,87,25.60553633217993,108.99778623676286,114.4268274210035,-5.429041184240631,-5.460515005390164,8.312101337515465,-0.6569355670322402,97.0,70.0,-27.0,110.49215772638988,115.95267273178004,10.862133150195898,7.900880968897438,35.58017043222186
542583,Jesús Aguilar,2022,504,405,99,36.55234657039711,82.70161611912644,88.15064712901557,-5.449031009889126,-11.770839662784908,10.019232578506669,-1.174824475882095,235.0,210.0,-25.0,70.62957326098561,82.40041292377052,14.8164764530542,11.824324694038545,35.58017043222186
571970,Max Muncy,2022,564,198,45,16.44518272425249,138.25316623804167,143.78452319141897,-5.531356953377298,-1.5641484910945849,6.064640447615036,-0.2579128152122683,6.0,4.0,-2.0,149.45915557583987,151.02330406693446,11.288648675014132,8.607496102036544,35.58017043222186
657656,Ramón Laureano,2022,381,220,42,29.49061662198391,86.69480483935817,92.26243293029898,-5.567628090940815,-10.304672025205946,7.971494826682166,-1.2926900473815996,218.0,186.0,-32.0,77.91138053597368,88.21605256117962,14.015086911978278,11.449526271557987,35.58017043222186
642731,Thairo Estrada,2022,539,317,101,32.379979570990805,80.567213750859,86.15368464795685,-5.586470897097854,-10.863813667380555,9.21783228337321,-1.1785649091247088,243.0,226.0,-17.0,71.44610194625643,82.30991561363699,12.28030686249953,9.130130946288649,35.58017043222186
642133,Rowdy Tellez,2022,594,335,93,27.19155844155844,112.34542899846862,117.96813437281706,-5.622705374348442,-5.0936652299185425,8.170527728872448,-0.6234193676277359,79.0,56.0,-23.0,117.01116917150904,122.10483440142758,14.807697631090871,11.14891445290985,35.58017043222186
641857,Ryan McMahon,2022,599,315,66,25.735294117647054,112.2023246395299,117.85368774619712,-5.651363106667219,-6.05311533830627,7.228178388651036,-0.8374330312337431,80.0,57.0,-23.0,115.10581061153648,121.15892594984275,11.783582446259118,10.008717662089538,35.58017043222186
543063,Brandon Crawford,2022,457,228,44,26.26728110599078,87.93147659378883,93.7449377283964,-5.813461134607564,-8.51246158458818,7.259112622875903,-1.172658701803655,213.0,179.0,-34.0,83.20663585337712,91.7190974379653,10.665607793111183,8.635339797124153,35.58017043222186
595777,Jurickson Profar,2022,659,334,102,23.772241992882563,120.60701859712466,126.4697281785971,-5.86270958147243,-3.815606443434575,7.706521018124525,-0.49511399948963597,38.0,32.0,-6.0,125.963559759415,129.77916620284958,11.222006879813067,7.792844019066598,35.58017043222186
573262,Mike Yastrzemski,2022,559,248,63,21.62162162162162,110.12829481367194,116.0254253304947,-5.897130516822756,-6.143676141696432,7.1367137154552465,-0.860855063919925,90.0,64.0,-26.0,111.82532511655492,117.96900125825135,10.438550348484254,8.267862754799932,35.58017043222186
664034,Ty France,2022,604,373,83,32.40660295395308,81.51373719874776,87.47971440678906,-5.965977208041295,-9.377666182412938,7.480839469541754,-1.253558002493452,238.0,214.0,-24.0,75.1725734882403,84.55023967065324,10.451869432561631,8.273013296034783,35.58017043222186
605137,Josh Bell,2022,643,332,99,25.01883948756593,116.13283983728552,122.28363492494664,-6.150795087661123,-5.758962586602834,7.956256228807897,-0.7238281951944768,53.0,41.0,-12.0,119.68661063107577,125.4455732176786,10.702893724981443,8.472392258912457,35.58017043222186
656941,Kyle Schwarber,2022,666,318,60,21.530128639133377,127.73927869410322,133.94712274491525,-6.207844050812028,-5.81915848129529,6.133149198350736,-0.9488043243526699,20.0,14.0,-6.0,135.39239448455277,141.21155296584806,11.211500659050529,9.965023320937751,35.58017043222186
656582,Connor Joe,2022,467,203,44,21.898597626752967,121.35045587636016,127.61170686342712,-6.261250987066958,-6.028481065217321,6.977104534884545,-0.8640376584693206,34.0,30.0,-4.0,126.66150648083747,132.6899875460548,10.931171548022812,9.410416647289646,35.58017043222186
621438,Tyrone Taylor,2022,402,241,58,32.61163734776725,84.98619790035744,91.27955827097094,-6.293360370613499,-13.451715925967335,10.051786206309869,-1.3382413483409752,228.0,192.0,-36.0,72.64036560420467,86.09208153017201,15.854846431832271,12.477533251878972,35.58017043222186
650489,Willi Castro,2022,392,288,59,40.05563282336578,78.66328145218004,84.98010235303161,-6.316820900851567,-11.619171838903966,10.449833748908514,-1.1119001620592854,251.0,228.0,-23.0,67.82863024779701,79.44780208670097,12.87305565536916,10.621355653617648,35.58017043222186
641487,J. P. Crawford,2022,603,247,71,20.46396023198012,119.10461217935764,125.50334896916948,-6.398736789811835,-5.603625900478789,7.1496229812370995,-0.7837652300246458,44.0,36.0,-8.0,122.93463477012097,128.53826067059975,9.952175678608835,7.633438441743096,35.58017043222186
594807,Adam Duvall,2022,314,214,48,34.796747967479675,76.32597013087843,82.91240147239176,-6.586431341513332,-16.276830323566102,11.306199542662078,-1.4396376308544856,257.0,239.0,-18.0,56.4466466578688,72.7234769814349,16.686609302643717,13.710941055516283,35.58017043222186
592885,Christian Yelich,2022,666,333,56,23.125,109.80454846745737,116.40651787913365,-6.601969411676279,-7.195255572966445,5.916369877551374,-1.2161605379453333,94.0,62.0,-32.0,111.09319554524656,118.288451118213,9.349709283613242,8.002955390223365,35.58017043222186
670623,Isaac Paredes,2022,381,170,48,20.45728038507822,116.44106431424264,123.0465568267642,-6.605492512521565,-5.250807583973611,7.786200582677058,-0.6743735315085183,52.0,40.0,-12.0,123.06683826512936,128.31764584910297,14.430913306098343,10.710050816951632,35.58017043222186
592192,Mark Canha,2022,530,265,79,24.835988753514528,123.5784149428977,130.21935780900708,-6.640942866109384,-4.427980635967032,8.593295410860474,-0.5152831858160971,29.0,24.0,-5.0,131.43773913646692,135.86571977243395,12.514932644167692,9.403611744225213,35.58017043222186
641531,Hunter Dozier,2022,500,346,52,33.046800382043934,61.82050881831989,68.54180467227951,-6.721295853959624,-12.605547006091172,7.1958506324729195,-1.7517799701408145,267.0,264.0,-3.0,46.069913442186696,58.67546044827787,12.0365841160488,10.46673492621903,35.58017043222186
572233,Christian Walker,2022,665,305,62,23.407521105141974,105.08774494025288,111.81400023133408,-6.726255291081202,-7.807392663779041,6.058441167622996,-1.288680115522561,123.0,80.0,-43.0,105.36058038300108,113.16797304678012,10.232743458093523,8.69157205196576,35.58017043222186
663586,Austin Riley,2022,688,418,84,30.57790782735918,89.62408171532746,96.59012002868946,-6.966038313361992,-9.517599148586186,6.646560037194762,-1.431958651591925,208.0,161.0,-47.0,85.54227415078114,95.05987329936733,10.477790790442914,8.732455587256252,35.58017043222186
593871,Jorge Polanco,2022,445,247,64,25.15274949083503,116.62383243849672,123.64722690214508,-7.0233944636483585,-7.6642671361120165,9.64872444217098,-0.7943295698874309,50.0,38.0,-12.0,122.2869411242147,129.95120826032672,13.243935228024991,11.52600531084514,35.58017043222186
664913,Seth Brown,2022,552,335,59,29.105125977410943,79.23984281923143,86.4202132751398,-7.180370455908374,-11.809751770908036,6.82867486829633,-1.7294353587893727,248.0,225.0,-23.0,69.57892805892297,81.388679829831,12.296085262389015,10.522126313539008,35.58017043222186
596146,Max Kepler,2022,447,204,51,23.943661971830984,111.43006483037664,118.99785504870468,-7.567790218328042,-7.4879359493558155,8.223880154306663,-0.910511316903682,82.0,51.0,-31.0,113.8295380528601,121.31747400221592,11.260456328120902,8.043841581292956,35.58017043222186
663656,Kyle Tucker,2022,607,300,65,26.17801047120419,107.26208413846842,114.90437176684767,-7.6422876283792505,-8.770387272518406,6.617536016087787,-1.3253252043051758,107.0,68.0,-39.0,108.32419427305751,117.09458154557592,11.380973028335076,9.243287959145064,35.58017043222186
669004,MJ Melendez,2022,537,270,64,24.08563782337199,110.51553048375196,118.37999885550528,-7.864468371753318,-9.031733159359362,7.602169115240979,-1.1880468616848268,87.0,55.0,-32.0,112.51655405312152,121.54828721248089,10.988959716714689,9.60977708160152,35.58017043222186
457759,Justin Turner,2022,528,291,83,26.919518963922297,106.96264450053069,114.87551955649872,-7.91287505596803,-9.406565381325748,8.46619905879379,-1.1110730229707042,109.0,69.0,-40.0,108.12794116843727,117.53450654976302,12.52384801280458,10.19887989192877,35.58017043222186
592663,J. T. Realmuto,2022,557,348,104,31.550317316409792,104.41706742492902,112.37624863477735,-7.959181209848339,-9.955852976707163,10.165407515780437,-0.9793855250025177,131.0,78.0,-53.0,104.60377932219996,114.55963229890712,14.565415618201358,10.628993928029892,35.58017043222186
672386,Alejandro Kirk,2022,539,263,93,23.44028520499109,121.77610507396152,130.03521153439607,-8.259106460434552,-8.119398443848098,8.610020470354304,-0.9430173217130555,33.0,25.0,-8.0,128.3912808458737,136.5106792897218,12.052072955275456,10.10681447379738,35.58017043222186
596142,Gary Sánchez,2022,469,282,62,28.95277207392197,80.63244375352625,89.04337138138027,-8.410927627854022,-12.915856742572117,8.255279915256814,-1.5645570925707752,242.0,198.0,-44.0,72.04625825274991,84.96211499532203,11.931329683536305,10.242907128169758,35.58017043222186
462101,Elvis Andrus,2022,577,338,107,29.46817785527463,108.80494553207647,117.39091452404531,-8.58596899196884,-9.68549747766005,9.218836974736591,-1.0506203227372715,100.0,59.0,-41.0,111.36829466022247,121.05379213788252,14.513332312860886,10.72567549511707,35.58017043222186
666182,Bo Bichette,2022,698,454,116,35.30326594090202,89.08006593343822,97.74472028717932,-8.6646543537411,-13.293446211962973,8.37814628104346,-1.5866810826687232,210.0,156.0,-54.0,82.9055418521284,96.19898806409137,12.65087741861946,9.483729802652991,35.58017043222186
602074,Yonathan Daza,2022,409,282,82,35.92356687898089,99.1481978954678,107.90611982654768,-8.757921931079878,-12.803816641640111,12.029175436837303,-1.0643968665076247,163.0,96.0,-67.0,96.18745809004643,108.99127473168654,15.283002160034687,11.523995145935752,35.58017043222186
656305,Matt Chapman,2022,618,253,65,19.372128637059724,129.0473462842168,137.95165716218509,-8.9043108779683,-7.586810481708966,6.603316280985025,-1.148939435712934,18.0,9.0,-9.0,137.33740435825024,144.9242148399592,11.359006587581067,9.157342992312437,35.58017043222186
673490,Ha-Seong Kim,2022,582,278,92,24.84361036639857,120.24098083340864,129.1892049515655,-8.948224118156858,-8.311963288454251,8.650445160884818,-0.9608711614101552,41.0,26.0,-15.0,125.07211973338067,133.38408302183493,10.7774243443243,8.273573747775766,35.58017043222186
621566,Matt Olson,2022,699,441,101,28.67360208062419,93.5152567002377,102.53793329332608,-9.022676593088377,-11.848216270055076,7.348454315678346,-1.6123412844489258,192.0,124.0,-68.0,90.24494791768646,102.09316418774154,10.971319658005369,9.22637556561327,35.58017043222186
650333,Luis Arráez,2022,601,303,129,24.317817014446227,127.84766969940932,136.89598531690714,-9.04831561749782,-6.451129865830211,9.913391276749266,-0.6507490409422862,19.0,11.0,-8.0,137.6449858887422,144.09611575457242,12.656272713289749,9.4565950797669,35.58017043222186
543257,Robbie Grossman,2022,478,182,42,18.938605619146724,121.0056065794428,130.49199820240614,-9.486391622963339,-10.142432791716843,7.522508710915394,-1.3482779723471583,36.0,22.0,-14.0,126.28943496636502,136.43186775808186,11.01360108064386,9.593946459574134,35.58017043222186
663624,Ryan Mountcastle,2022,609,490,116,37.95507358636716,91.6378234864205,101.43202439738376,-9.794200910963255,-15.242627376109766,9.776298454958226,-1.5591409618206973,204.0,130.0,-74.0,85.00109175852832,100.24371913463808,14.401489387294449,12.199393669579276,35.58017043222186
600869,Jeimer Candelario,2022,466,312,89,33.69330453563715,79.06056470215039,88.97285280983394,-9.912288107683551,-17.456050455546105,10.715587284463968,-1.6290334810537936,249.0,199.0,-50.0,66.51911423006752,83.97516468561362,13.959495710259784,11.309170544719764,35.58017043222186
672695,Geraldo Perdomo,2022,501,206,68,21.193415637860085,116.12027490225654,126.18709338374627,-10.066818481489733,-10.44702928657631,8.301236510646017,-1.2584907408888297,54.0,35.0,-19.0,120.11095969185072,130.55798897842703,11.34766787893128,9.01431656214606,35.58017043222186
663837,Matt Vierling,2022,357,189,57,28.251121076233183,105.48589647025018,116.25195407782974,-10.766057607579555,-15.14467328139338,11.4422218664923,-1.3235780129157813,118.0,63.0,-55.0,106.58464319289284,121.72931647428622,17.39773899753625,13.743688701067102,35.58017043222186
543807,George Springer,2022,584,284,65,25.86520947176685,96.96526008516692,107.74302681192256,-10.777766726755644,-12.877427988107229,6.640473999195584,-1.9392332519737565,174.0,97.0,-77.0,95.3842983307408,108.26172631884803,9.296617653696932,8.173525216547388,35.58017043222186
649966,Luis Urías,2022,473,225,67,23.29192546583851,115.1617935176488,126.2797016226497,-11.117908105000893,-11.952510715218267,8.700165883337764,-1.3738256115448642,58.0,34.0,-24.0,119.44586781490784,131.3983785301261,12.255097839363216,9.734093631299292,35.58017043222186
669242,Tommy Edman,2022,627,360,81,30.664395229982965,83.13262536999919,94.6872997431407,-11.55467437314151,-15.518414848932466,7.571849289024613,-2.049488078351796,232.0,172.0,-60.0,77.69954763866853,93.217962487601,10.041560068214045,7.694806200413766,35.58017043222186
650559,Bryan De La Cruz,2022,355,236,62,31.29973474801061,93.76763944050064,105.53198691423844,-11.7643474737378,-20.627264786792793,12.304373254539636,-1.6764173485376404,191.0,109.0,-82.0,85.45140569900781,106.0786704858006,17.708459282891504,15.599052859521631,35.58017043222186
519317,Giancarlo Stanton,2022,452,262,60,26.76200204290092,83.09890697979804,94.94813214922344,-11.849225169425395,-17.654398239681797,8.48483298957837,-2.0807007352255593,233.0,171.0,-62.0,73.38143332054096,91.03583156022276,13.418549708063628,12.724029258312356,35.58017043222186
650490,Yandy Díaz,2022,553,215,61,19.8339483394834,126.21121147867926,138.21709642682634,-12.005884948147084,-11.26202267761829,7.167939783407638,-1.5711659162773164,22.0,8.0,-14.0,131.59257316032694,142.85459583794523,9.720434659567708,7.438619358793221,35.58017043222186
649557,Aledmys Díaz,2022,327,202,64,32.95269168026101,86.3996334373337,98.83257686245577,-12.432943425122062,-21.22278626871008,12.598416662110738,-1.6845598012754102,220.0,146.0,-74.0,75.29897168547492,96.521757954185,15.62361069928508,12.636545327935607,35.58017043222186
665742,Juan Soto,2022,662,251,94,17.109747784594408,139.4421889074525,152.30008661581024,-12.85789770835774,-12.03258227449345,7.2479751513106185,-1.6601301775044928,4.0,1.0,-3.0,151.16064607620115,163.1932283506946,11.348179078765137,9.56945121478246,35.58017043222186
596129,Dan Vogelbach,2022,460,228,65,20.43010752688172,121.29750676281994,135.3044042221118,-14.006897459291864,-16.40733144046831,9.393394452533977,-1.7466882204698904,35.0,12.0,-23.0,129.31695954147816,145.72429098194647,13.452885129212987,11.667588265185904,35.58017043222186
608385,Jesse Winker,2022,546,207,47,18.64864864864865,129.54658748608708,143.65521436582603,-14.10862687973895,-14.312789020468813,7.14167476141649,-2.004122212032797,15.0,5.0,-10.0,135.5948820248349,149.90767104530372,9.606820996171251,8.012864841275782,35.58017043222186
467793,Carlos Santana,2022,506,224,62,21.663442940038685,125.99327864207945,140.3836273892928,-14.390348747213352,-16.299995869819668,8.596416989070292,-1.8961383435149675,24.0,7.0,-17.0,135.6646543412491,151.96465021106877,13.09580342616626,11.39329595597385,35.58017043222186
542303,Marcell Ozuna,2022,507,364,87,33.48666053357866,71.79043841201813,86.8780847506694,-15.087646338651268,-24.6258621494043,9.2686188768659,-2.6569074073020156,260.0,223.0,-37.0,56.01212349371593,80.63798564312023,13.782375099973311,11.868022969184992,35.58017043222186
643265,Garrett Cooper,2022,469,290,77,30.687830687830687,90.69986184503249,107.34877663384476,-16.648914788812277,-23.340489947293136,9.949000574646675,-2.346013528913887,206.0,100.0,-106.0,84.82435263204245,108.16484257933558,13.066666198862553,10.970736269273806,35.58017043222186
669222,Nick Senzel,2022,417,204,54,27.60487144790257,102.1660830672021,118.88587468789768,-16.719791620695588,-20.32296255150851,9.569986019154173,-2.1236146542777,141.0,52.0,-89.0,101.44155059858382,121.76451315009233,12.14580644157022,8.995969619687733,35.58017043222186
623993,Anthony Santander,2022,646,457,101,32.75985663082437,86.69060892352454,104.22125400222411,-17.530645078699578,-23.38805478597351,8.078038444304871,-2.8952641098734073,219.0,114.0,-105.0,80.73966448522606,104.12771927119957,11.534649290279798,9.556423419618373,35.58017043222186
518934,DJ LeMahieu,2022,541,260,100,24.832855778414515,110.64959878515386,129.1080149402422,-18.458416155088358,-20.965341703879545,9.58410052613417,-2.18751270885679,86.0,27.0,-59.0,113.08204137262922,134.04738307650877,11.991623081670124,8.992662046342707,35.58017043222186
514888,José Altuve,2023,407,278,82,32.28803716608595,114.60892982232546,94.16410925291684,20.44482056940862,27.614644265609158,10.068366336093916,2.7427134992708684,77.0,175.0,98.0,119.4790601505252,91.86441588491604,15.091240584252008,10.725164080560797,38.000847621265336
594807,Adam Duvall,2023,350,238,51,34.34343434343434,94.87665927090389,79.17760919787337,15.69905007303052,19.884551791170495,8.92517652682678,2.227916919223128,171.0,249.0,78.0,88.44425943301461,68.55970764184411,19.859033902044622,14.42841007701369,38.000847621265336
518792,Jason Heyward,2023,376,205,54,28.47222222222222,110.0018180864034,94.6728501494278,15.328967936975602,20.76037174923674,9.092702161353651,2.2831905610494663,101.0,171.0,70.0,113.10472623279156,92.34435448355482,15.703223536701431,11.087996395929752,38.000847621265336
545341,Randal Grichuk,2023,467,316,71,35.15016685205784,105.28209664462804,90.30013909216356,14.981957552464479,20.511561844626684,8.33240015868577,2.4616630807445374,118.0,198.0,80.0,106.34272591570075,85.83116407107407,17.243187199688368,12.63625648460205,38.000847621265336
670541,Yordan Álvarez,2023,486,271,62,26.46484375,126.0371438492154,111.18360040541732,14.853543443798074,23.981780194883,7.719547178063211,3.106630433328071,35.0,91.0,56.0,137.6175903701585,113.6358101752755,16.36983961844597,12.690699157392512,38.000847621265336
641355,Cody Bellinger,2023,553,326,92,31.166347992351817,128.16259053475656,113.81800591087148,14.344584623885083,20.78586206784533,8.832536337286355,2.353328791878079,26.0,80.0,54.0,136.31410313783053,115.5282410699852,13.131112465578433,9.094528417915846,38.000847621265336
656811,Ryan O'Hearn,2023,369,232,52,30.933333333333334,92.13042673880383,78.3385720627814,13.791854676022439,15.11992925166146,9.360088641322257,1.6153617589593188,191.0,252.0,61.0,86.71312065590313,71.59319140424167,15.852791465887757,11.309242092530065,38.000847621265336
592206,Nick Castellanos,2023,674,541,106,41.04704097116844,75.85930961139185,62.94504689550352,12.914262715888327,10.895074220716147,7.709479123914163,1.4132049708676857,253.0,275.0,22.0,66.92547959427957,56.03040537356342,13.02766795667611,9.040991238137796,38.000847621265336
673237,Yainer Diaz,2023,376,313,82,44.2090395480226,93.0889369547259,80.23721115589414,12.851725798831751,14.586517783735985,12.255178684161924,1.1902329749452765,183.0,246.0,63.0,84.71602325244855,70.12950546871257,20.60288532634314,14.390208278318296,38.000847621265336
647304,Josh Naylor,2023,489,350,104,39.59276018099548,96.35842630088496,83.62488864477754,12.733537656107416,14.181492476779923,10.468466846397595,1.3546866685316057,163.0,229.0,66.0,93.64143602441736,79.45994354763744,14.19733795356785,9.981857480279814,38.000847621265336
676694,Jake Meyers,2023,342,172,31,26.666666666666668,110.22721406328488,98.76321955979404,11.463994503490838,16.492995316931044,7.219882707427673,2.284385492850649,100.0,145.0,45.0,113.66057081791008,97.16757550097904,16.24268464863851,12.341939138714183,38.000847621265336
606115,Orlando Arcia,2023,533,276,72,26.462128475551296,98.03597893424444,86.8335941240443,11.202384810200144,12.407055158463365,6.488134247050071,1.9122685638177759,156.0,213.0,57.0,96.83893992799857,84.4318847695352,10.793567270750987,8.26471968138433,38.000847621265336
500743,Miguel Rojas,2023,425,248,78,33.11081441922563,94.34603309874598,83.32664375675431,11.019389341991669,11.622726492499666,9.174664022728022,1.2668285687309266,177.0,234.0,57.0,91.0001078108096,79.37738131830993,13.89751467984198,9.648996875622844,38.000847621265336
608841,Joey Meneses,2023,661,413,87,31.67177914110429,94.6878267672874,84.08318796785946,10.604638799427946,10.96896217525341,6.706735129313972,1.6355144438774665,173.0,225.0,52.0,92.63164589921948,81.66268372396607,11.105856260906087,7.697379439714273,38.000847621265336
660162,Yoán Moncada,2023,359,200,41,28.449502133712663,107.0269349716237,96.59552579004074,10.431409181582964,14.352716781054411,8.769918231756314,1.636585017301815,112.0,156.0,44.0,108.92948587736298,94.57676909630857,16.604769793230506,11.616152442863902,38.000847621265336
543305,Aaron Hicks,2023,313,144,38,20.600858369098717,117.78713065857772,107.61367630627346,10.173454352304262,15.045971809987591,8.50821525360337,1.7684051662439282,65.0,100.0,35.0,123.6582186369375,108.61224682694991,14.62331527198536,11.286630236838862,38.000847621265336
500871,Eduardo Escobar,2023,306,237,65,35.80060422960725,98.70551708979984,88.67645716956808,10.02905992023176,13.399848388219397,12.72094264796938,1.0533691377311876,148.0,205.0,57.0,94.1621436590986,80.7622952708792,22.473290513373207,15.88908157564076,38.000847621265336
628451,Andy Ibáñez,2023,383,253,66,35.09015256588072,98.39722197063328,88.48051796885184,9.91670400178144,11.867756571989077,10.226855225003533,1.1604502372316488,152.0,207.0,55.0,96.15947687257037,84.29172030058129,15.279630863555548,11.485513815832922,38.000847621265336
592885,Christian Yelich,2023,627,341,62,24.98168498168498,123.35931645825728,113.58098178618766,9.778334672069619,12.835991253137252,6.462843086591356,1.9861214454933074,47.0,82.0,35.0,127.75392482665973,114.91793357352248,10.739864598095402,8.13809951014775,38.000847621265336
670770,TJ Friedl,2023,555,259,73,24.573055028463,112.97019934950454,103.19830678578889,9.771892563715653,12.123276296891305,7.194255910322125,1.6851327570231625,87.0,125.0,38.0,115.23983074551354,103.11655444862224,11.150717412189486,7.936577852990202,38.000847621265336
666165,Blake Sabol,2023,343,183,30,27.85388127853881,104.23707460489462,94.72279300690752,9.514281597987093,11.790167818236483,7.08690559100498,1.663655267709661,122.0,170.0,48.0,104.50931078180932,92.71914296357284,13.164232816426154,10.313698570924371,38.000847621265336
676475,Alec Burleson,2023,346,218,70,33.95638629283489,111.50279639861212,102.00224356604866,9.500552832563457,15.87704629407635,12.24573110957808,1.296537230158354,92.0,130.0,38.0,117.26045242652248,101.38340613244613,19.304192209820503,12.807127710343174,38.000847621265336
661388,William Contreras,2023,608,307,84,24.818108326596604,112.88064548252608,103.5387454112724,9.341900071253676,11.795469541588389,6.579684319758781,1.7927105569740807,88.0,124.0,36.0,115.2885951139319,103.49312557234352,11.539674077521273,8.767974704862793,38.000847621265336
650402,Gleyber Torres,2023,672,354,108,25.95307917888563,126.95669461550035,117.63176617360703,9.32492844189332,14.08143294652011,6.982098360620287,2.016790973031941,31.0,65.0,34.0,133.68082934713146,119.59939640061135,12.22779355801901,8.298947292899227,38.000847621265336
641313,Tim Anderson,2023,525,341,87,35.70680628272251,87.19068618342203,77.95107276697952,9.23961341644251,8.605691833499705,8.55157082105411,1.0063287802414438,214.0,253.0,39.0,81.95502048724349,73.34932865374378,12.997439195093651,9.270750156923992,38.000847621265336
665862,Jazz Chisholm,2023,382,211,52,26.641414141414145,102.92571812237944,93.69982737928645,9.22589074309299,13.089213030886086,9.662329689131937,1.3546642944308414,126.0,181.0,55.0,102.6377331248042,89.54852009391811,17.55817904248055,14.075677825437015,38.000847621265336
681082,Bryson Stott,2023,637,369,123,29.42583732057416,120.84107080433544,112.09617036644374,8.744900437891701,13.274311959116005,8.704262491806203,1.5250358053438575,55.0,88.0,33.0,126.71869221125372,113.44438025213772,13.287672852311658,8.87560451888961,38.000847621265336
607054,Jace Peterson,2023,429,188,48,22.40762812872467,127.332576777848,118.59116830080966,8.741408477038348,14.554583913796463,7.640578028121742,1.9049061288592546,29.0,62.0,33.0,135.9277412456734,121.37315733187693,13.71567869466038,9.542024373613684,38.000847621265336
807799,Masataka Yoshida,2023,579,294,113,27.5797373358349,129.99381329312968,121.35505258739964,8.638760705730036,14.126623279049099,8.75875548517982,1.6128573634635577,23.0,50.0,27.0,138.7016828373813,124.5750595583322,13.095956105619589,9.421766215187814,38.000847621265336
672695,Geraldo Perdomo,2023,493,166,43,16.869918699186993,151.88765186903618,143.25067612524396,8.63697574379222,14.337780269422979,5.868061003068139,2.443359103105168,2.0,6.0,4.0,162.50279363955988,148.1650133701369,10.706920476234629,7.761307420944269,38.000847621265336
665161,Jeremy Peña,2023,632,441,87,36.11793611793612,81.54001757012098,72.91905879808408,8.6209587720369,7.933356345256712,7.485046024133454,1.059894130200109,236.0,265.0,29.0,76.81883519690003,68.88547885164331,10.62932252012246,7.941634074760256,38.000847621265336
650490,Yandy Díaz,2023,600,231,58,19.93097497842968,131.23754503715685,122.6507423015592,8.586802735597644,11.846636609598178,6.028390550106495,1.9651408632423293,20.0,43.0,23.0,136.93887400939647,125.0922373997983,10.357114353902478,7.916750562459479,38.000847621265336
656305,Matt Chapman,2023,581,227,43,19.1722972972973,130.25233190433792,121.67150950977174,8.580822394566184,11.552225077885936,5.1560661038003355,2.240511437464163,22.0,49.0,27.0,135.95184134489807,124.39961626701214,10.543823775856366,8.595070650229406,38.000847621265336
678225,Jihwan Bae,2023,372,211,55,27.947019867549667,94.65266793306236,86.16399566118801,8.48867227187435,9.041070899281948,9.383570643360525,0.9635000622794995,175.0,215.0,40.0,91.47464688797638,82.43357598869443,13.779285310480782,10.103083854122811,38.000847621265336
602104,Ramón Urías,2023,394,203,50,28.71287128712871,110.3063543885144,101.83639840309868,8.469955985415709,11.73842467883486,8.550539773097489,1.3728284985899246,99.0,131.0,32.0,113.06910582245962,101.33068114362476,14.486424430414557,11.084417764090244,38.000847621265336
542194,Christian Bethancourt,2023,333,297,60,45.27439024390244,64.09222270437746,55.66818803892792,8.42403466544954,3.036194125551944,10.945220095837929,0.277399092842957,275.0,278.0,3.0,42.3422459937981,39.30605186824616,17.016104369198935,12.813800515706326,38.000847621265336
608369,Corey Seager,2023,528,267,51,28.283898305084747,95.87362669486232,87.59889198141744,8.274734713444886,8.904909155952012,5.9956507225242675,1.4852281375394896,166.0,210.0,44.0,94.06927817074948,85.16436901479747,11.19165378206011,8.514948119441577,38.000847621265336
600869,Jeimer Candelario,2023,575,343,72,28.654970760233915,108.05702585655668,99.97627019125946,8.080755665297218,10.22068016806945,7.331794358001299,1.3940216635939149,106.0,137.0,31.0,109.5570565606706,99.33637639260115,13.005727917820863,8.963039604722576,38.000847621265336
621566,Matt Olson,2023,715,438,115,26.11806797853309,124.9628671918898,117.0004209878954,7.9624462039944035,13.093376889323963,7.096524015534076,1.8450408764435882,37.0,67.0,30.0,133.10745502826074,120.01407813893678,14.06633414620009,10.513862861713228,38.000847621265336
660688,Keibert Ruiz,2023,559,355,117,36.9022869022869,93.71440602404168,85.80255241962465,7.911853604417033,7.389057114364732,8.78216775635203,0.8413705271139147,180.0,217.0,37.0,89.66491837391303,82.2758612595483,14.782856962765369,9.724331736869098,38.000847621265336
666134,Nolan Jones,2023,422,238,72,26.182618261826185,130.82851987625347,123.04257978425366,7.785940091999805,14.797579334112754,9.833236716635774,1.5048533621771103,21.0,40.0,19.0,146.12661412677636,131.3290347926636,17.09170470014789,14.435439429027406,38.000847621265336
669016,Brandon Marsh,2023,470,263,48,25.41062801932367,107.38971619680348,99.63941568945452,7.750300507348953,9.896077663048573,7.14970585473773,1.3841237477610309,109.0,140.0,31.0,108.60402466293549,98.70794699988691,12.64583888543321,10.369755081968792,38.000847621265336
660707,Elehuris Montero,2023,306,284,46,43.69230769230769,62.89193784143336,55.157178338492685,7.734759502940676,2.7998599809159117,10.886454231439899,0.2571875030558584,276.0,279.0,3.0,32.354669167908725,29.554809186992813,19.8617154802242,15.944318807900007,38.000847621265336
457759,Justin Turner,2023,624,338,87,26.060138781804167,134.2176335384142,126.65368942926165,7.563944109152544,13.015310966897772,7.407400318525603,1.7570686620442282,14.0,32.0,18.0,143.23984073022496,130.22452976332718,12.382599614090282,8.694383084323915,38.000847621265336
643446,Jeff McNeil,2023,645,326,103,30.38210624417521,112.75195809215587,105.41965598734504,7.332302104810836,9.122326659514158,7.334922319233821,1.2436841540357366,89.0,113.0,24.0,114.7403481955668,105.61802153605264,10.558274902831467,7.754591730869006,38.000847621265336
680776,Jarren Duran,2023,361,209,53,29.98565279770445,102.03127875603332,94.79585380217264,7.235424953860672,9.098569372284075,11.09439726016893,0.8201048834757098,129.0,168.0,39.0,101.28564063897592,92.18707126669185,16.797106154838946,11.816050827681538,38.000847621265336
677649,Ezequiel Duran,2023,436,330,77,37.88748564867968,92.85374643346074,86.030873916752,6.822872516708742,7.654090877676495,9.544383901672596,0.8019470881022673,186.0,216.0,30.0,87.99020611159621,80.33611523391971,15.526569794883445,12.436042231638844,38.000847621265336
645277,Ozzie Albies,2023,661,490,144,35.45586107091172,84.53888278780761,77.80505979152662,6.733822996280992,5.095436667827556,8.803609955229753,0.578789461793526,227.0,254.0,27.0,77.7418643634484,72.64642769562084,13.729584042566346,9.788113028920446,38.000847621265336
621493,Taylor Ward,2023,407,192,33,23.24455205811138,121.89671838223504,115.3324754856362,6.5642428965988415,10.155379582925832,6.986306162307244,1.4536121588424624,52.0,71.0,19.0,128.0720076893865,117.91662810646068,13.225300144597462,10.417605764743392,38.000847621265336
668715,Spencer Steer,2023,665,316,65,24.214559386973185,118.8917415159128,112.33829782413548,6.553443691777318,9.110417999617638,6.073681387129605,1.4999828635929124,60.0,87.0,27.0,122.578164342761,113.46774634314336,11.166324240243997,8.007309111087196,38.000847621265336
673490,Ha-Seong Kim,2023,627,261,85,20.48665620094192,154.98130236278587,148.43261106176558,6.548691301020284,15.100781343971448,7.456755902774962,2.025114076531838,1.0,3.0,2.0,168.5868443790972,153.48606303512574,11.752359571542476,7.399139946354771,38.000847621265336
593160,Whit Merrifield,2023,589,357,115,32.5432999088423,100.44447888611282,94.0321899121904,6.412288973922415,7.08384659834708,8.643102531812398,0.819595344643175,138.0,178.0,40.0,99.665831675738,92.58198507739093,11.714548989158006,8.459383780400744,38.000847621265336
666160,Mickey Moniak,2023,319,284,54,46.86468646864687,65.15636553552275,58.83655656107213,6.319808974450623,2.1570344843606293,11.31251299219011,0.19067686250170893,274.0,277.0,3.0,41.53938279296536,39.38234830860473,17.976301788688694,14.455827412559303,38.000847621265336
668227,Randy Arozarena,2023,650,391,103,27.65205091937765,118.83765670117911,112.58594259309872,6.251714108080392,9.680600860285878,7.791042020744984,1.242529668625791,61.0,86.0,25.0,124.42230490556116,114.74170404527528,13.767837350798288,10.905029620370623,38.000847621265336
657136,Connor Wong,2023,401,264,45,34.87450462351387,79.26743975769341,73.03649580368072,6.230943954012687,5.363680581439766,8.02836998483562,0.6680908567456344,244.0,264.0,20.0,71.34547275620652,65.98179217476675,13.104899047993268,10.522782713599309,38.000847621265336
621550,Patrick Wisdom,2023,302,161,31,24.174174174174173,107.18189138387848,100.95115464233407,6.230736741544405,10.339903582671056,8.445903980364003,1.2242506671530293,111.0,134.0,23.0,110.00573418823504,99.66583060556398,19.80906929140737,14.700253832235804,38.000847621265336
666969,Adolis García,2023,629,410,92,29.645697758496027,110.81870417303584,104.62682341673056,6.191880756305281,8.970966430000203,7.5368498327174045,1.190280638345388,97.0,117.0,20.0,113.7917546136776,104.8207881836774,14.498390869624622,10.815604125060114,38.000847621265336
682985,Riley Greene,2023,412,234,51,26.50056625141563,110.83661039542852,104.7283298036572,6.108280591771319,8.572022561845657,8.466929528185851,1.012412177674322,96.0,115.0,19.0,113.53842834551482,104.96640578366916,13.80454760997682,11.288796849498617,38.000847621265336
668930,Brice Turang,2023,449,229,53,26.81498829039813,113.08866862452346,107.02911427214153,6.059554352381937,7.754133224375096,7.0402829235848525,1.1013951155853203,85.0,103.0,18.0,115.2623340357423,107.5082008113672,10.845406679826176,8.50113773133918,38.000847621265336
650391,Eloy Jiménez,2023,488,353,96,36.69438669438669,88.17388846930575,82.15685951730153,6.017028952004225,5.511353016442413,9.50913829492745,0.5795849051204132,213.0,242.0,29.0,81.55908067838887,76.04772766194645,15.073202788933768,11.672473844117912,38.000847621265336
624424,Michael Conforto,2023,466,245,59,24.47552447552448,126.8717925077867,120.86467153017868,6.007120977608011,9.357686944558125,8.223780880110596,1.137881356638515,32.0,52.0,20.0,133.13689800637565,123.77921106181752,11.824386781490151,9.091804252527108,38.000847621265336
516782,Starling Marte,2023,340,244,60,37.712519319938174,82.19718867658284,76.21736758710178,5.979821089481064,4.108314542297109,11.188846768878536,0.36717944459872937,235.0,257.0,22.0,72.02839367029381,67.9200791279967,15.839395114544455,12.051430615157877,38.000847621265336
673357,Luis Robert,2023,589,470,82,40.90513489991297,71.36773593617801,65.65698644998648,5.710749486191531,2.8853295061257924,7.936020512025885,0.3635738468358915,262.0,274.0,12.0,60.1330029794824,57.247673473356606,13.546873602539623,10.31850295227356,38.000847621265336
657041,Lane Thomas,2023,680,367,82,27.49063670411985,98.83191852787957,93.19781642127178,5.634102106607784,6.1535867889995615,6.295019073325369,0.9775326678635312,147.0,184.0,37.0,97.54503980988532,91.39145302088576,12.124237467176004,9.063002258106504,38.000847621265336
605137,Josh Bell,2023,618,362,91,27.824750192159875,101.07968118793364,95.57820512294607,5.501476064987571,6.276929077488319,7.442633539208491,0.8433747334758414,134.0,163.0,29.0,100.39613248137007,94.11920340388176,12.379088658685166,9.246148918102987,38.000847621265336
682928,CJ Abrams,2023,611,383,97,35.20220588235294,102.13709617588157,96.6547300128694,5.482366163012173,6.11410902530352,7.698398676858575,0.7942052993023813,128.0,153.0,25.0,101.79097034046109,95.67686131515757,11.9087516819618,8.117944153528839,38.000847621265336
543877,Christian Vázquez,2023,354,223,74,33.18452380952381,88.83871088693917,83.40844052493547,5.4302703620036965,3.6067914369636327,11.413010860177797,0.3160245338544648,209.0,233.0,24.0,80.6093910549185,77.00259961795487,17.19150554279275,12.31347009543902,38.000847621265336
596129,Dan Vogelbach,2023,319,152,40,21.52974504249292,123.4747425850488,118.25289421800674,5.221848367042057,10.907539102258752,9.030903021268633,1.207801598197928,46.0,63.0,17.0,134.66444200261816,123.7569029003594,17.088142023380648,13.577974227716624,38.000847621265336
650489,Willi Castro,2023,407,278,53,35.1010101010101,95.66142268956548,90.47535765662457,5.186065032940917,5.532424845724279,8.543598971731965,0.647552028604023,167.0,197.0,30.0,92.74291220089884,87.21048735517456,14.037462929365129,10.87123579029946,38.000847621265336
502671,Paul Goldschmidt,2023,683,383,101,26.61570535093815,136.05311613485898,131.07904048176638,4.974075653092598,10.409540859531887,7.526179499985854,1.3831108943855848,13.0,21.0,8.0,147.33769946142743,136.92815860189555,13.453326697804265,10.184108032153476,38.000847621265336
660271,Shohei Ohtani,2023,578,371,85,29.727564102564106,116.33339797160455,111.42571317141623,4.907684800188321,8.13925936760154,7.995203699059394,1.0180177608932082,72.0,90.0,18.0,122.19815396569886,114.05889459809733,15.415843804217385,12.93948778853524,38.000847621265336
543760,Marcus Semien,2023,751,304,74,21.760916249105225,129.68587333962992,124.7798311854836,4.90604215414632,7.4276831008842805,5.730121299242953,1.2962523327151216,24.0,36.0,12.0,134.07456255284396,126.64687945195968,9.351454793306884,6.561908550677194,38.000847621265336
623912,Harold Ramírez,2023,434,371,87,43.95734597156398,88.51475141030741,83.67861716069561,4.836134249611803,2.805467557036181,10.717700035335021,0.26176022353554196,211.0,228.0,17.0,80.35834536236418,77.552877805328,16.928091588835127,12.121721649134557,38.000847621265336
669720,Austin Hays,2023,564,343,75,30.9009009009009,100.88219661088624,96.0706207817887,4.811575829097535,5.678950587737319,7.4146559491953505,0.7659088468364613,135.0,161.0,26.0,100.13042891306893,94.4514783253316,12.46568403500623,10.044856327077907,38.000847621265336
642350,José Siri,2023,364,265,58,37.911301859799714,83.45060008699195,78.69286661463794,4.757733472354019,2.238477773246842,10.249715032367854,0.21839414717169134,229.0,250.0,21.0,72.17791905919407,69.93944128594723,17.19253013910836,12.973555997483292,38.000847621265336
646240,Rafael Devers,2023,646,456,137,32.57142857142858,111.86756887568087,107.21980535265692,4.647763523023954,7.1951287439434,8.784436030861647,0.8190769126971086,90.0,101.0,11.0,115.1417094413152,107.9465806973718,14.23962334393702,10.1721969056223,38.000847621265336
677950,Alek Thomas,2023,402,242,57,33.84615384615385,92.81997491139674,88.62253720062944,4.1974377107673035,3.3860203955167663,9.24529876008676,0.366242398799992,187.0,206.0,19.0,88.23315446248682,84.84713406697006,15.05434454926054,10.954851042584442,38.000847621265336
666624,Christopher Morel,2023,429,245,43,28.959810874704488,95.05612666988208,90.89832742751165,4.15779924237043,3.72345758410799,7.648257532765855,0.4868373702318924,169.0,193.0,24.0,92.04170018602154,88.31824260191355,13.740007484237232,9.820963744284631,38.000847621265336
673962,Josh Jung,2023,515,338,67,33.0078125,94.6540435521332,90.55903417306796,4.095009379065246,4.10440517743416,7.831144125886846,0.52411309400711,174.0,195.0,21.0,91.17496178769755,87.0705566102634,14.418321997815507,11.272733528020495,38.000847621265336
660670,Ronald Acuña,2023,731,321,91,22.749822820694543,131.2672277048709,127.31384981902254,3.9533778858483544,6.67076759087854,6.575215412175676,1.0145321746457046,19.0,29.0,10.0,137.70597988505045,131.0352122941719,11.000692792782727,8.75012021242566,38.000847621265336
453568,Charlie Blackmon,2023,412,217,67,29.088471849865957,108.42749559692312,104.59903779501732,3.828457801905799,5.838291156709303,9.382567772969827,0.6222487593991908,105.0,118.0,13.0,110.60467551718314,104.76638436047384,15.078546576984486,10.224946784201638,38.000847621265336
592518,Manny Machado,2023,601,338,89,29.31483087597572,101.67567456912452,98.04172138013264,3.6339531889918817,4.005980789541027,7.405976447601638,0.5409118997182781,132.0,148.0,16.0,101.22434254328094,97.21836175373991,11.655837828913754,8.29425771665989,38.000847621265336
667452,Corey Julks,2023,326,208,52,30.4093567251462,99.74462736717756,96.11144755958064,3.6331798075969175,4.865121238725365,9.62276931740641,0.5055843155176709,142.0,159.0,17.0,97.8150171203744,92.94989588164904,16.590038430483325,14.073352470978197,38.000847621265336
682626,Francisco Álvarez,2023,423,222,54,26.33451957295373,98.4424043567176,94.81304596020485,3.6293583965127567,4.227616736666079,7.525278949890714,0.5617887077431827,151.0,167.0,16.0,96.16133690386944,91.93372016720336,15.496758963695948,12.425464986083156,38.000847621265336
622534,Manuel Margot,2023,334,188,58,31.281198003327788,94.81683686455848,91.2954363209242,3.521400543634286,3.4684620295071653,10.569040601427751,0.32817188998579655,172.0,190.0,18.0,91.11023187502396,87.64176984551679,15.022548179041106,11.87070990104334,38.000847621265336
666139,Josh Lowe,2023,501,387,88,35.80018501387604,86.20570791248113,82.7738388984515,3.4318690140296297,2.147274430919765,9.194229051129241,0.23354589264404235,216.0,237.0,21.0,79.12246058844065,76.97518615752088,14.67876431591358,11.53743728347892,38.000847621265336
666181,Will Benson,2023,329,131,18,19.37869822485207,124.16059759168172,120.77348853650142,3.3871090551803036,6.242073613604674,7.0592547322478225,0.884239746313427,40.0,53.0,13.0,130.59488473276568,124.352811119161,12.741942935854912,10.102542346906484,38.000847621265336
666397,Edouard Julien,2023,409,124,23,14.335260115606935,139.52340508991043,136.2471661295981,3.2762389603123268,5.26698301395075,4.961703990154084,1.0615270528839398,8.0,15.0,7.0,146.92699392393942,141.66001090998867,10.360164141042208,8.982234084927962,38.000847621265336
665926,Andrés Giménez,2023,614,492,122,40.49382716049383,76.77302370389609,73.85262365941648,2.9204000444796065,0.6200953900231525,8.533267086911529,0.07266799265831787,251.0,261.0,10.0,69.28029001387691,68.66019462385376,12.133622836929195,9.149768547780596,38.000847621265336
669127,Shea Langeliers,2023,487,303,40,31.23711340206185,83.31307376552648,80.51157178075664,2.8015019847698426,2.378486325250364,5.674715987330326,0.419137509359182,231.0,245.0,14.0,79.12276696758701,76.74428064233665,10.446200763858243,8.83681712181505,38.000847621265336
605141,Mookie Betts,2023,688,229,55,16.764275256222547,142.66205318470517,139.95223028023554,2.7098229044696325,5.613244419881511,5.59497352449097,1.003265591036412,7.0,11.0,4.0,149.1851011136188,143.5718566937373,9.327634804014524,6.958358215943604,38.000847621265336
665923,Esteury Ruiz,2023,493,295,76,34.42240373395566,86.38304133107268,83.77943608435962,2.603605246713059,0.8702230943847269,8.578069281390537,0.10144743133196757,215.0,226.0,11.0,81.53319290969131,80.66296981530658,12.209183439239265,8.667735290636497,38.000847621265336
553869,Elías Díaz,2023,525,387,77,36.40639698965193,74.34105341566485,71.7541643189878,2.586889096677041,0.27215522789653335,7.617802500958063,0.035726212101495854,257.0,266.0,9.0,65.74991633038013,65.4777611024836,12.437316986738423,9.724917730390166,38.000847621265336
621020,Dansby Swanson,2023,639,305,75,23.828125,113.3356027497187,110.8113763964133,2.5242263533054086,3.543347497405051,6.476425731694699,0.5471146654341169,83.0,92.0,9.0,115.18442010277668,111.64107260537163,9.876958450358424,7.5759783139033745,38.000847621265336
669743,Alex Call,2023,438,180,44,19.65065502183406,133.7781226735909,131.39661397494515,2.381508698645746,4.860668185322368,6.852625783390592,0.7093146976015624,16.0,19.0,3.0,140.62930702231648,135.7686388369941,10.868232942031412,8.753937055891871,38.000847621265336
664056,Harrison Bader,2023,344,235,63,35.87786259541985,71.0484718847497,68.67689990782605,2.371571976923647,-0.9199005886429461,10.399503055244287,-0.08845620639334842,265.0,269.0,4.0,56.96518271820718,57.88508330685013,15.092359894828569,12.180982310121014,38.000847621265336
456781,Donovan Solano,2023,446,271,47,30.51801801801802,98.07242108658664,95.7420431571963,2.3303779293903375,2.4160583424129385,7.424170426232641,0.3254314224625034,154.0,162.0,8.0,96.54668145622234,94.1306231138094,12.22720773573362,9.81509605079216,38.000847621265336
660821,Jesús Sánchez,2023,402,276,62,31.435079726651484,86.00365307568912,83.72636184382914,2.2772912318599765,-0.45996267736879304,10.099703334772919,-0.045542196847025984,218.0,227.0,9.0,78.45162009658179,78.91158277395058,15.06851695589262,10.759409684336916,38.000847621265336
670042,Luke Raley,2023,403,256,18,32.040050062578224,68.68499154146437,66.45516777410937,2.2298237673550005,1.0364395600010496,4.875876265326386,0.21256477884220296,267.0,273.0,6.0,60.3667484812684,59.33030892126735,11.197379435877322,9.59872853522436,38.000847621265336
668472,Nick Pratto,2023,344,202,27,28.09457579972184,82.90075847333446,80.6811721618431,2.219586311491369,1.2298157834341765,6.996243858581821,0.17578229236901802,233.0,244.0,11.0,76.15021933425899,74.92040355082482,13.124891820543889,10.967482026404722,38.000847621265336
665487,Fernando Tatís,2023,635,400,91,32.388663967611336,84.58371011913759,82.3863242738828,2.197385845254786,0.4851402157930522,7.607769228506269,0.06376904993059392,225.0,240.0,15.0,79.34627994055211,78.86113972475906,12.066285178906348,8.91406665904463,38.000847621265336
666135,Alex Kirilloff,2023,317,226,54,33.531157270029674,93.30119204551016,91.22720814470236,2.0739839008078036,0.82535203272991,11.615744766988033,0.07105459437052732,182.0,191.0,9.0,86.80086298611403,85.97551095338412,18.3428817198535,14.193283843259572,38.000847621265336
678246,Miguel Vargas,2023,303,126,30,20.96505823627288,121.17636513330656,119.11954873702206,2.0568163962845034,4.746573593344465,7.91142678563949,0.5999642949310051,54.0,61.0,7.0,127.0347177766356,122.28814418329114,13.140064862198257,10.006023607230263,38.000847621265336
686668,Brenton Doyle,2023,431,257,49,31.925465838509314,71.36413005620575,69.38329213039808,1.980837925807677,-0.3852927018061294,8.295556636858878,-0.046445671902738156,263.0,267.0,4.0,62.586431357995934,62.971724059802064,11.97356854182923,9.484745577109342,38.000847621265336
671739,Michael Harris,2023,538,377,108,38.2741116751269,91.29154510805664,89.32100522973668,1.9705398783199541,0.7510366389095111,9.696983415661917,0.07745054381515051,197.0,203.0,6.0,87.06523481515244,86.31419817624293,13.509017079841412,10.008993193151053,38.000847621265336
592663,J. T. Realmuto,2023,534,323,64,30.85004775549188,91.72419262718508,89.77432574130303,1.9498668858820452,1.0002022015269603,7.745019188090148,0.12914134584263065,194.0,202.0,8.0,88.49384587604476,87.4936436745178,12.027040234492937,8.856558042564616,38.000847621265336
678662,Ezequiel Tovar,2023,615,510,93,42.00988467874794,70.09917117992038,68.1531303345711,1.9460408453492732,-0.7775223820033332,7.79735066183843,-0.09971622615469393,266.0,270.0,4.0,61.71960154137044,62.49712392337377,11.47462908804257,8.753425072367746,38.000847621265336
683146,Brett Baty,2023,388,206,45,27.57697456492637,89.87770897495079,87.97109937149997,1.9066096034508178,1.1182409147842804,7.798600293973883,0.14338995109780983,203.0,208.0,5.0,83.9335353313692,82.81529441658492,15.161270808747847,12.5360946265678,38.000847621265336
663647,Ke'Bryan Hayes,2023,525,302,74,30.65989847715736,97.9769513113669,96.08797042812114,1.8889808832457646,1.3389496043509581,8.29527046842856,0.1614112052701527,157.0,160.0,3.0,95.93772365248095,94.59877404813,14.01114615692897,9.644140795174367,38.000847621265336
596019,Francisco Lindor,2023,681,386,99,27.3371104815864,98.87130329194358,97.01916454033449,1.8521387516090897,1.9248791277701258,6.68280406289542,0.28803464977486476,146.0,151.0,5.0,97.7621516822404,95.83727255447027,11.304603038424474,9.16053582243328,38.000847621265336
657757,Gavin Sheets,2023,342,230,48,30.104712041884817,97.0131267374602,95.1686086871371,1.844518050323103,1.8360251109483414,9.220399455397754,0.19912641744317336,160.0,165.0,5.0,93.86932398928516,92.03329887833682,16.033738573282623,13.2296395142694,38.000847621265336
608336,Joey Gallo,2023,332,201,19,26.34338138925295,92.10729861801464,90.26446013443146,1.8428384835831793,1.5376758117521803,5.004258343607947,0.30727346714949055,192.0,199.0,7.0,88.10364726385161,86.56597145209943,13.614370932131404,11.480334744252149,38.000847621265336
668804,Bryan Reynolds,2023,633,355,64,26.02639296187683,101.29653605789764,99.481727342823,1.8148087150746335,2.0323356790434843,6.221879938611994,0.3266433455957794,133.0,141.0,8.0,100.81107323977524,98.77873756073176,10.953353669332076,8.843605182600353,38.000847621265336
518692,Freddie Freeman,2023,724,377,106,27.259580621836587,114.35095720791377,112.64317392054718,1.7077832873665812,3.0783717341393952,7.166961246134384,0.42952258682852024,78.0,85.0,7.0,117.17825882070244,114.09988708656304,11.63331488966918,8.935102227130445,38.000847621265336
655316,Andruw Monasterio,2023,315,147,28,22.40853658536585,116.56173554809962,114.92563848420026,1.6360970638993564,4.097758447401461,7.918631177184679,0.5174831805789877,71.0,72.0,1.0,122.2953073498851,118.19754890248365,15.109510758195997,11.935096828961862,38.000847621265336
681481,Kerry Carpenter,2023,453,297,77,33.63533408833522,92.62675303646051,91.0058977940116,1.6208552424489113,1.026573457737669,9.45917671035465,0.10852672374900375,188.0,192.0,4.0,88.13727905460573,87.11070559686806,14.759755534606793,12.117584525709091,38.000847621265336
592273,Brandon Drury,2023,522,348,67,35.15151515151515,75.2259049661208,73.6325660573131,1.593338908807695,-1.3408865520308666,7.021533845293903,-0.1909677545639945,256.0,262.0,6.0,67.22334010026604,68.56422665229691,12.190667115056366,9.006773093913118,38.000847621265336
571771,Enrique Hernández,2023,509,277,77,27.979797979797983,107.55252455385263,106.139947817098,1.4125767367546302,2.3174826261625583,8.66085304569245,0.2675813356878487,107.0,108.0,1.0,108.89908489953172,106.58160227336916,13.052070418838545,9.603027811078745,38.000847621265336
543257,Robbie Grossman,2023,420,135,37,15.807962529274006,143.0813417382574,141.75571204580322,1.3256296924541857,7.111177518017399,6.8223165513511415,1.042340598606356,5.0,7.0,2.0,154.55689277322227,147.44571525520487,12.306243167120718,8.51437653860786,38.000847621265336
672284,Jarred Kelenic,2023,414,247,41,28.65429234338747,88.76333966387668,87.43997024630991,1.3233694175667665,-0.5244870467273302,8.35805604887302,-0.06275227680461065,210.0,211.0,1.0,83.196114227372,83.72060127409932,14.103645698558871,10.473536033810545,38.000847621265336
650333,Luis Arráez,2023,608,326,138,31.8359375,123.7684221373463,122.56644824548847,1.2019738918578327,5.414807626975232,9.696138171497829,0.5584499242071722,42.0,44.0,2.0,131.15440663837322,125.73959901139798,13.78268503317007,9.045631559055815,38.000847621265336
643396,Isiah Kiner-Falefa,2023,363,181,38,26.61764705882353,111.80563525032032,110.60987102608183,1.1957642242384878,2.6340757024173485,8.182286817838335,0.3219241467647843,91.0,93.0,2.0,114.62356893912325,111.9894932367059,13.259040941313812,9.91322414603029,38.000847621265336
664702,Myles Straw,2023,517,208,74,23.825887743413517,120.5293217752203,119.63628299588557,0.8930387793347307,2.5958381159508406,7.654578160939971,0.33912229536004573,56.0,57.0,1.0,124.45680508525628,121.86096696930544,10.960367712550845,8.246066412885593,38.000847621265336
681546,James Outman,2023,567,312,44,25.7001647446458,113.70243848874684,112.83781130705115,0.8646271816956812,1.6851416509138772,6.122368559790303,0.27524341836937616,80.0,84.0,4.0,116.20856165569842,114.52342000478454,11.29257667270534,9.507138076218926,38.000847621265336
670623,Isaac Paredes,2023,570,360,92,28.776978417266186,110.40326526338752,109.75787184624348,0.6453934171440494,1.7586574233515364,8.060678215679832,0.21817735137107347,98.0,94.0,-4.0,112.64036297715242,110.88170555380088,12.944953590672087,9.568118538462713,38.000847621265336
624585,Jorge Soler,2023,576,326,60,25.81155977830562,116.74760666850142,116.123465028335,0.6241416401664139,2.0296570154600744,6.528660784999718,0.3108841280471217,70.0,69.0,-1.0,121.54895420577256,119.51929719031249,13.730009557263973,11.55169984159182,38.000847621265336
683002,Gunnar Henderson,2023,622,318,85,26.677852348993287,98.64743313398814,98.06090237103972,0.5865307629484278,0.1926383229885431,7.359171118019191,0.026176633196755183,149.0,147.0,-2.0,97.21254117787718,97.01990285488864,12.552352023731778,9.341773540189749,38.000847621265336
622761,Jorge Mateo,2023,352,231,50,33.821376281112734,75.48871339571625,75.01868844126665,0.4700249544495989,-3.074055659239761,10.008607743348103,-0.3071411866733245,255.0,258.0,3.0,65.28624405786044,68.3602997171002,13.829278141290825,10.568807972248054,38.000847621265336
593871,Jorge Polanco,2023,343,210,47,28.6493860845839,105.98182360981248,105.61499971100892,0.3668238988035597,0.9198053009641569,10.142026527653394,0.0906924566265137,115.0,112.0,-3.0,107.1357485166876,106.21594321572344,15.339763644353672,12.739195452004417,38.000847621265336
691023,Jordan Walker,2023,466,294,66,33.48519362186788,85.81831022849086,85.45794268837967,0.3603675401111843,-2.2282489292649927,8.537717612376214,-0.2609888298524818,220.0,220.0,0.0,80.00875471994203,82.23700364920703,13.146516306428184,9.205651197127972,38.000847621265336
686894,Joey Wiemer,2023,410,236,49,29.24411400247832,91.650042178949,91.60048376257186,0.049558416377138315,-1.091789169334021,8.043129048774933,-0.13574184408993337,195.0,188.0,-7.0,87.95193428269263,89.04372345202665,12.827765561094916,10.053311973119152,38.000847621265336
672275,Patrick Bailey,2023,352,181,32,26.73559822747415,96.1563043520421,96.16939437450132,-0.01309002245922386,-0.6581456544588349,7.85342172010016,-0.083803681747329,164.0,158.0,-6.0,93.53828687347992,94.19643252793875,13.740943674768596,11.159483585049166,38.000847621265336
677594,Julio Rodríguez,2023,705,494,101,37.82542113323124,76.14362024872966,76.24756927146453,-0.1039490227348665,-2.193036358883816,6.790526385908278,-0.3229552812628506,252.0,256.0,4.0,69.0647207086395,71.25775706752331,11.656893495106262,9.350832702628695,38.000847621265336
663993,Nathaniel Lowe,2023,722,319,61,20.876963350785346,122.59811971521592,122.764942907585,-0.16682319236907972,0.5308896793953721,5.191734024229318,0.10225671748933238,48.0,42.0,-6.0,125.47265194831552,124.94176226892014,8.856704370959024,7.45275621134597,38.000847621265336
671277,Luis García,2023,483,286,100,30.952380952380956,106.30682762692363,106.49448519258895,-0.18765756566531877,0.3983784733032252,10.164387828724967,0.03919355302218906,113.0,105.0,-8.0,107.67808949484125,107.27971102153802,15.75449675610719,11.923797479022964,38.000847621265336
595777,Jurickson Profar,2023,522,262,50,25.387596899224807,109.43360469489832,109.6353587088361,-0.20175401393777292,0.2035859782054814,6.591273094248224,0.03088720119685796,102.0,95.0,-7.0,110.60480726949956,110.40122129129408,10.092747920767705,7.981460248837571,38.000847621265336
502054,Tommy Pham,2023,480,198,45,20.689655172413797,114.6561805988413,114.88059146935748,-0.2244108705161807,0.656584300662459,6.965222991271027,0.09426608473056858,76.0,73.0,-3.0,117.51304838885474,116.85646408819228,11.534136113287548,9.293680658233882,38.000847621265336
596146,Max Kepler,2023,492,240,52,24.896265560165972,105.77990782194765,106.03564971333284,-0.255741891385199,-0.052420746793188755,7.231542395176395,-0.007248902644635617,116.0,110.0,-6.0,106.33016934985469,106.38259009664787,11.035788665921642,8.709780749611896,38.000847621265336
547180,Bryce Harper,2023,536,399,93,33.41708542713568,88.43495840936279,88.82640689181575,-0.39144848245295805,-1.3193795242697774,9.012391299527179,-0.14639616505987668,212.0,204.0,-8.0,83.76617040708999,85.08554993135976,12.773234465954474,10.97847392652602,38.000847621265336
543228,Yan Gomes,2023,418,306,91,37.45410036719706,83.09477335977472,83.52014538291881,-0.4253720231440923,-3.31140221902308,10.672021375532374,-0.310288192133413,232.0,231.0,-1.0,74.76399111225892,78.075393331282,14.649839967679132,11.383419643126432,38.000847621265336
641680,Jonah Heim,2023,500,304,80,30.33932135728543,105.56446289930804,106.01150048293592,-0.4470375836278748,-0.1956577673358595,8.522060470627988,-0.022958974300899503,117.0,111.0,-6.0,106.31920374928546,106.51486151662132,13.55680394049169,10.548855140926293,38.000847621265336
621035,Chris Taylor,2023,385,172,27,22.10796915167095,121.9005324028363,122.35355458652327,-0.45302218368696856,0.6949726460996715,6.914888321260216,0.10050381348357264,51.0,46.0,-5.0,127.34131912095155,126.64634647485188,12.41260475465329,10.581429189698977,38.000847621265336
643289,Mauricio Dubón,2023,491,336,119,40.97560975609756,92.22403365433476,92.6936469134492,-0.4696132591144391,-2.592371367445395,10.946941977340845,-0.23681237854474457,189.0,186.0,-3.0,87.57496874963167,90.16734011707706,14.747068044873938,10.472446723556374,38.000847621265336
502110,J. D. Martinez,2023,479,308,45,32.11678832116788,89.55573698645789,90.02607818694848,-0.47034120049059425,-1.783153609895166,7.046816260735889,-0.25304386320255123,204.0,200.0,-4.0,85.1489756841026,86.93212929399776,12.901652379190368,10.40914426540506,38.000847621265336
542932,Jon Berti,2023,424,154,30,21.448467966573816,111.17904435891658,111.69093940627988,-0.5118950473632964,-0.28264257142204485,5.977721283395139,-0.04728266140597202,94.0,89.0,-5.0,112.4557344388206,112.73837701024264,9.277742365592356,8.022175365661125,38.000847621265336
657557,Paul DeJong,2023,400,262,49,36.137931034482754,66.7763473041687,67.52947113775315,-0.7531238335844535,-3.560474935225919,8.360889676405842,-0.42584881191214174,269.0,271.0,2.0,56.74077994495421,60.30125488018013,11.97441109499606,9.810136868292902,38.000847621265336
664774,LaMonte Wade,2023,516,185,44,17.518939393939394,122.48731637756548,123.24262553332974,-0.7553091557642659,-0.18658572165303156,5.798592401516119,-0.03217776121050451,49.0,39.0,-10.0,125.5956155558923,125.78220127754533,9.236508688416164,7.950188597649884,38.000847621265336
672386,Alejandro Kirk,2023,421,238,83,26.89265536723164,117.09771761908507,117.92579415792598,-0.8280765388409037,1.158933511185353,9.80976552551537,0.11814079634940781,69.0,64.0,-5.0,123.44837297376743,122.28943946258208,15.58726816456604,12.229255373790537,38.000847621265336
519203,Anthony Rizzo,2023,417,297,67,34.53488372093023,85.44833911196866,86.29429682133743,-0.8459577093687614,-3.654164816785581,9.639451613511131,-0.3790843051345082,223.0,214.0,-9.0,78.32774809972207,81.98191291650765,14.40386311908299,10.90289432364464,38.000847621265336
543063,Brandon Crawford,2023,316,195,29,31.55339805825243,89.00581435889518,89.85590970075293,-0.8500953418577524,-2.7017457019433238,7.99706825393586,-0.3378420211198804,207.0,201.0,-6.0,83.61028099908833,86.31202670103166,14.000803108793914,11.072272378091736,38.000847621265336
663586,Austin Riley,2023,714,400,94,27.548209366391184,101.8705556726313,102.74734885668984,-0.8767931840585419,-1.0729453693184468,6.528754142532335,-0.16434151844202835,131.0,127.0,-4.0,101.47180606382015,102.5447514331386,11.626639544664394,9.529348502628178,38.000847621265336
527038,Wilmer Flores,2023,453,276,78,28.57142857142857,126.03846991937388,127.02037828231111,-0.9819083629372329,2.43532575519248,9.211546269541163,0.2643775196836509,34.0,30.0,-4.0,135.2206643474727,132.78533859228023,14.576131772859696,10.959516615123423,38.000847621265336
669257,Will Smith,2023,548,298,92,25.55746140651801,142.9398206185076,143.98755882192597,-1.047738203418362,3.751831004837868,8.986565921759201,0.41749329360101256,6.0,5.0,-1.0,155.17880887460257,151.4269778697647,12.731735052343314,9.46129871659672,38.000847621265336
680574,Matt McLain,2023,401,209,45,25.707257072570727,113.05281142314544,114.25545738750296,-1.2026459643575151,-0.13825506701199686,8.109871368123986,-0.01704775091198255,86.0,77.0,-9.0,117.4035928277474,117.5418478947594,15.37232275015106,12.339790282691853,38.000847621265336
668942,Josh Rojas,2023,352,169,45,25.80152671755725,113.27624777545766,114.48814086231052,-1.2118930868528537,-0.07821379068511192,9.810905645438101,-0.007972127498900161,84.0,76.0,-8.0,116.9223333987785,117.00054718946362,13.912100676421106,10.670923430928624,38.000847621265336
592192,Mark Canha,2023,508,245,72,24.16173570019724,126.47660730296003,127.7883004124696,-1.3116931095095623,0.7503040349810703,8.253319134844588,0.09090936903352868,33.0,26.0,-7.0,132.22807867857568,131.4777746435946,11.425978362091604,8.625866618361533,38.000847621265336
606192,Teoscar Hernández,2023,677,483,81,35.38461538461539,77.0139968393797,78.40812574742068,-1.394128908040983,-3.132697752337421,6.932830052959838,-0.4518642067390612,250.0,251.0,1.0,70.29961189924013,73.43230965157755,11.538423777789085,9.726483022582556,38.000847621265336
656775,Cedric Mullins,2023,455,225,54,26.408450704225352,114.87962744769575,116.40640390468812,-1.5267764569923656,-0.7537323464945871,8.036011000857613,-0.09379433980542683,75.0,68.0,-7.0,118.19285067570016,118.94658302219474,12.299612892333018,9.877923445545536,38.000847621265336
641584,Jake Fraley,2023,377,221,43,30.567081604426004,98.10149226609268,99.64869395036048,-1.5472016842678045,-2.470174944448715,8.609217850165013,-0.28692210923683026,153.0,139.0,-14.0,96.37639872464204,98.84657366909076,13.037018378086438,9.633540920212088,38.000847621265336
474832,Brandon Belt,2023,404,170,29,17.875920084121976,129.34694875161125,130.91606881337154,-1.5691200617602874,0.10121184129005201,6.070836124878075,0.016671812450230604,25.0,23.0,-2.0,137.94635143316154,137.8451395918715,13.175453003191656,11.1177704742817,38.000847621265336
670764,Taylor Walls,2023,349,120,29,17.991004497751124,127.29545282447155,128.87518803507115,-1.579735210599594,-0.7975744013884025,7.017110490386439,-0.11366137136946797,30.0,25.0,-5.0,134.18425244358792,134.98182684497633,12.288511742515905,10.853985395437356,38.000847621265336
677951,Bobby Witt,2023,693,420,123,30.837004405286343,111.1873735998395,112.86190885830878,-1.6745352584692768,-1.104671823507033,8.011251514187137,-0.1378900439651368,93.0,83.0,-10.0,113.40054487390938,114.50521669741642,12.20883592020382,9.374563134763198,38.000847621265336
624428,Adam Frazier,2023,457,245,65,28.755868544600936,104.576227735716,106.27163578046968,-1.6954080447536768,-1.7287629381214629,9.060755594909033,-0.19079677406736398,120.0,107.0,-13.0,104.9467462761515,106.67550921427296,12.922479691207014,8.93249663382847,38.000847621265336
592178,Kris Bryant,2023,334,177,44,25.83941605839416,89.88726295539587,91.58868651276104,-1.7014235573651746,-3.254463147764696,8.784832865789877,-0.370463866243638,202.0,189.0,-13.0,84.86358446663615,88.11804761440085,13.942931358759004,11.707372021378704,38.000847621265336
595879,Javier Báez,2023,542,478,130,44.42379182156134,45.61880448309372,47.33411112761321,-1.7153066445194938,-10.677313634194629,9.634481429705758,-1.1082395780299634,280.0,280.0,0.0,22.738034836741438,33.41534847093607,14.395873931616464,10.911847171514896,38.000847621265336
641598,Mitch Garver,2023,344,125,30,17.53155680224404,117.74324055444274,119.46640699581248,-1.7231664413697416,-0.6205045702959495,6.679286777236799,-0.09289982463556543,66.0,59.0,-7.0,122.66079868805836,123.28130325835431,13.403722684508908,10.856747965788308,38.000847621265336
683734,Andrew Vaughn,2023,614,383,96,31.969949916527547,75.62676502454477,77.35031873856742,-1.723553714022657,-3.7619655140479153,7.250542230890808,-0.5188529897833195,254.0,255.0,1.0,68.60423856966834,72.36620408371626,11.501902428122786,9.538137104672671,38.000847621265336
605204,J. D. Davis,2023,547,274,43,26.70565302144249,97.27794901589668,99.07908067697822,-1.8011316610815413,-2.4058013263246067,5.754993897828591,-0.4180371637287637,159.0,143.0,-16.0,95.96712500126732,98.37292632759193,10.57434373184839,8.479206556674429,38.000847621265336
467793,Carlos Santana,2023,623,307,93,24.07843137254902,124.76262894617132,126.58237008135936,-1.819741135188039,0.10118542348942583,7.436115299789661,0.013607296203743369,38.0,34.0,-4.0,129.87491421608135,129.77372879259192,11.19647230752846,8.232293320922961,38.000847621265336
571448,Nolan Arenado,2023,609,423,123,34.27876823338736,78.2534918567825,80.14547150180704,-1.8919796450245343,-4.465312288039726,8.421537819511988,-0.5302252847091629,246.0,247.0,1.0,71.07974714855273,75.54505943659245,12.216824034307765,9.689386092493097,38.000847621265336
408234,Miguel Cabrera,2023,370,195,62,28.46715328467153,102.67484362231885,104.64536446643868,-1.9705208441198323,-2.519921911881312,10.658763464095761,-0.2364178471892837,127.0,116.0,-11.0,102.34661758140744,104.86653949328876,15.239027412746832,11.418004088565043,38.000847621265336
663757,Trent Grisham,2023,555,244,53,21.688888888888886,117.99337526303472,119.982429852415,-1.9890545893802738,-1.5948772316188098,5.9541500608737525,-0.2678597642506791,63.0,55.0,-8.0,121.1655406263096,122.76041785792842,10.672607388352064,9.115387029847373,38.000847621265336
664023,Ian Happ,2023,691,335,66,23.00824175824176,124.69867841566732,126.90278551564744,-2.2041070999801207,-1.7226983444254529,5.459860000235857,-0.3155206075523979,39.0,31.0,-8.0,128.0965956194103,129.81929396383575,9.141796229526832,7.814992147827833,38.000847621265336
642086,Dominic Smith,2023,582,343,97,30.67978533094812,99.22481768161032,101.46423496688844,-2.2394172852781224,-2.833310270075799,8.085939740321546,-0.3503996271388401,144.0,133.0,-11.0,98.29757792468295,101.13088819475875,10.763294036126698,8.259685328180437,38.000847621265336
462101,Elvis Andrus,2023,408,218,49,28.09278350515464,93.02517297098292,95.29570311021313,-2.2705301392302033,-4.065014531684454,8.052024845690854,-0.5048437640949283,185.0,164.0,-21.0,89.61952069036953,93.68453522205398,13.099450604002662,9.55410061437335,38.000847621265336
656582,Connor Joe,2023,471,195,37,19.877675840978597,137.46012668413326,139.77028860513894,-2.3101619210056867,0.23461864050716486,6.561880417537778,0.035754787588037316,10.0,12.0,2.0,146.1922361805906,145.95761754008345,11.58728400575843,9.12058872298624,38.000847621265336
545361,Mike Trout,2023,359,154,39,19.922380336351875,124.11002551665015,126.4727328011262,-2.362707284476045,-0.32079979236317513,8.968503372108598,-0.03576960157709696,41.0,35.0,-6.0,134.96231336613056,135.28311315849373,16.568228427911155,13.711313086957434,38.000847621265336
663624,Ryan Mountcastle,2023,470,365,94,38.871139510117146,85.50508367998752,87.91662169081957,-2.4115380108320466,-5.34467180104447,10.81561494851798,-0.49416254429220674,222.0,209.0,-13.0,77.37564812097534,82.72031992201981,15.41480654549908,12.563664745252186,38.000847621265336
687263,Zach Neto,2023,326,158,27,25.649350649350648,100.59809561340371,103.07284223121796,-2.4747466178142474,-3.388171528175363,7.5900680603443735,-0.44639540795127414,136.0,126.0,-10.0,99.48481746084336,102.87298898901872,14.384289715757127,11.32769565108879,38.000847621265336
668709,JJ Bleday,2023,304,124,26,20.097244732576986,114.91243704379156,117.39154509126774,-2.4791080474761884,-2.2607302990663385,7.1989567301360395,-0.31403582266337876,74.0,66.0,-8.0,118.55527295904425,120.81600325811058,12.878502520635005,11.044821292230774,38.000847621265336
663457,Lars Nootbaar,2023,505,174,53,17.042115572967678,148.22364149019626,150.74655423710828,-2.522912746912027,0.24487700097782295,7.261551103158765,0.03372240964761672,3.0,2.0,-1.0,159.9874392975091,159.74256229653128,11.723110361002629,9.625654131105096,38.000847621265336
682829,Elly De La Cruz,2023,428,316,65,33.26315789473684,80.20352069503966,82.79562365177966,-2.592102956740007,-6.011910055538749,9.45332938541881,-0.6359569005192771,241.0,236.0,-5.0,70.43398970578507,76.44589976132382,14.843603405394727,12.079474694494898,38.000847621265336
676116,Ryan Noda,2023,491,195,17,19.32606541129832,120.17581574648152,122.79932220645732,-2.6235064599758005,-2.7333941575779335,4.319769613081307,-0.6327638745595495,57.0,41.0,-16.0,122.82016085336306,125.553555010941,9.087809480617048,8.37552866307515,38.000847621265336
669394,Jake Burger,2023,539,404,54,38.88354186717999,59.369862235695656,62.03212008215187,-2.662257846456214,-5.60882675888201,6.712490815327433,-0.835580548739777,279.0,276.0,-3.0,47.54904114330768,53.15786790218969,11.85297876696983,10.12980770372818,38.000847621265336
664761,Alec Bohm,2023,609,331,102,30.09090909090909,103.29752378913676,106.13129984154614,-2.8337760524093767,-3.2192459273407934,7.855280960890457,-0.40981932325128023,124.0,109.0,-15.0,103.26613494781104,106.48538087515183,11.840659595072209,8.614520521844813,38.000847621265336
518735,Yasmani Grandal,2023,405,224,62,27.58620689655172,91.90155352001432,94.74192455943438,-2.840371039420063,-4.500603685482602,8.29799638376432,-0.5423723363254757,193.0,169.0,-24.0,87.83687433307983,92.33747801856244,13.594617339389035,11.310138665703445,38.000847621265336
457705,Andrew McCutchen,2023,473,186,46,18.655967903711137,136.7599100295065,139.6005019911516,-2.8405919616450888,-1.3808598113363928,6.948120654012654,-0.19873860574642202,12.0,13.0,1.0,143.8510209668214,145.2318807781578,10.550957420235632,8.72181306723054,38.000847621265336
666182,Bo Bichette,2023,603,413,111,36.743772241992886,96.8624401484454,99.7988323404305,-2.9363921919850924,-4.0514526473568395,8.950559402178628,-0.45264798157427877,161.0,138.0,-23.0,94.95652152086696,99.0079741682238,12.339772500871907,9.742372545303368,38.000847621265336
672515,Gabriel Moreno,2023,380,195,62,26.42276422764228,98.57333451365965,101.54928970883746,-2.975955195177818,-4.325120215517131,9.844223600123058,-0.4393561535379047,150.0,132.0,-18.0,96.5984022849789,100.92352250049603,14.613102201687225,11.526246419214685,38.000847621265336
621043,Carlos Correa,2023,579,317,75,26.97872340425532,93.58649548568717,96.6855246773455,-3.0990291916583317,-4.32576894801764,7.335226506257324,-0.5897253403596382,181.0,152.0,-29.0,91.16462411350508,95.49039306152272,11.35766969896118,8.99390287895921,38.000847621265336
607208,Trea Turner,2023,693,506,99,35.38461538461539,71.32668072744505,74.45771914426537,-3.131038416820317,-6.007528064540786,7.119712792380729,-0.843787978493997,264.0,259.0,-5.0,63.794012619331134,69.80154068387192,11.085469975835734,8.753228695799631,38.000847621265336
623993,Anthony Santander,2023,655,522,137,34.61538461538461,93.0399048512684,96.20599389259534,-3.1660890413269414,-5.335579652553292,8.939774866856217,-0.5968360201479677,184.0,157.0,-27.0,88.91120779290479,94.24678744545808,14.43336389459363,11.147189915130436,38.000847621265336
624415,Cavan Biggio,2023,338,105,11,16.00609756097561,137.2151490429826,140.3903948302309,-3.1752457872482864,-3.5667295216763364,4.542744841036671,-0.78514854927718,11.0,10.0,-1.0,142.52126069893478,146.08799022061112,9.065221379492566,8.677664865221383,38.000847621265336
671213,Triston Casas,2023,500,234,52,22.15909090909091,131.78845944088513,135.02620760950208,-3.237748168616946,-2.5371926214916414,6.953496162142031,-0.3648801354497414,18.0,16.0,-2.0,140.8205065386821,143.35769916017375,12.908808001441647,11.359740438539683,38.000847621265336
680977,Brendan Donovan,2023,370,165,48,23.044692737430168,117.17039737270473,120.5818406872446,-3.4114433145398664,-3.1105580969643967,8.822434044901831,-0.3525736867097212,68.0,54.0,-14.0,120.87630839392916,123.98686649089356,11.875662958984025,9.909687404716228,38.000847621265336
516416,Jean Segura,2023,326,235,60,36.83385579937304,79.2067754302073,82.64574507866557,-3.4389696484582686,-6.278217229424328,10.89294673606578,-0.5763561854789571,245.0,238.0,-7.0,69.05997168324508,75.33818891266941,14.81279282277286,12.912626951152516,38.000847621265336
679529,Spencer Torkelson,2023,680,319,68,23.62962962962963,104.47029569784338,107.91014271835184,-3.439847020508452,-3.7779272690882095,5.7350202925764835,-0.6587469749633543,121.0,98.0,-23.0,104.6756934730007,108.45362074208892,10.092649210647991,8.018698996536,38.000847621265336
669357,Nolan Gorman,2023,464,275,47,27.69385699899295,90.70312664277036,94.14623594657262,-3.4431093038022595,-4.720925636179075,7.068014912327014,-0.6679280809022511,198.0,176.0,-22.0,86.64804117395009,91.36896681012917,12.922640404821973,11.775425739022262,38.000847621265336
669261,Jack Suwinski,2023,533,213,33,18.251928020565558,127.60019847020077,131.06690210862124,-3.4667036384204692,-3.3160834957825784,5.014182168304609,-0.6613408497090583,27.0,22.0,-5.0,132.8535528026999,136.1696362984825,10.663317552063358,9.51428180629187,38.000847621265336
547989,José Abreu,2023,595,452,115,36.540016168148746,91.37633101301242,94.87559850585887,-3.4992674928464567,-5.595353087522568,8.917551394819485,-0.6274539769709769,196.0,166.0,-30.0,87.09343727569521,92.68879036321778,13.646953424052969,10.86638250530811,38.000847621265336
657077,Alex Verdugo,2023,601,244,71,22.181818181818183,110.98373083143107,114.48852257976218,-3.504791748331101,-3.3322536073280418,7.032025238096471,-0.4738682661824552,95.0,75.0,-20.0,112.38767711659416,115.7199307239222,9.853875857002818,7.470510862279886,38.000847621265336
592669,Hunter Renfroe,2023,544,369,95,33.48457350272233,81.32514698344056,84.83038346315483,-3.50523647971427,-6.86037682333982,8.409401157677902,-0.81579849679025,237.0,221.0,-16.0,74.37307656111581,81.23345338445563,12.835556252109129,9.56607953023442,38.000847621265336
519058,Mike Moustakas,2023,383,235,47,33.098591549295776,90.68299901426634,94.19451591870836,-3.5115169044420185,-5.159740979846006,8.811843581897739,-0.5855461382049173,200.0,174.0,-26.0,86.46854464897149,91.6282856288175,13.163711957088292,11.347528495522624,38.000847621265336
665750,Leody Taveras,2023,555,296,71,28.13688212927757,100.54047171098514,104.2380573002444,-3.697585589259262,-4.402028443956567,7.910174236713778,-0.5565020835477016,137.0,121.0,-16.0,99.897103002279,104.29913144623556,10.824774992777504,8.458312587348537,38.000847621265336
650859,Luis Rengifo,2023,440,252,50,28.734321550741164,100.32235439194254,104.02192687249774,-3.6995724805552044,-4.734449118418681,7.7810934118464505,-0.6084555046223508,139.0,122.0,-17.0,99.32579817737488,104.06024729579356,12.988426852726931,9.71003272908439,38.000847621265336
641857,Ryan McMahon,2023,626,330,59,25.306748466257662,103.12947977243049,106.88455667349434,-3.755076901063859,-4.242514547914624,6.061534552581269,-0.6999076737272699,125.0,104.0,-21.0,103.07724652467428,107.3197610725889,9.790770247791327,8.291690892934954,38.000847621265336
680777,Ryan Jeffers,2023,332,206,40,30.205278592375368,90.63328953381172,94.39173861922944,-3.7584490854177233,-5.617742375114005,8.762998380409682,-0.6410753638472507,201.0,172.0,-29.0,86.23869066657721,91.85643304169122,13.415940955141824,11.396237892624448,38.000847621265336
668731,Akil Baddoo,2023,353,179,32,25.24682651622003,96.80653437936591,100.62491159158832,-3.8183772122224013,-4.992888360930138,7.61517781817934,-0.6556496092594004,162.0,136.0,-26.0,94.92762543294384,99.92051379387398,12.200087515628852,10.31293288405338,38.000847621265336
673548,Seiya Suzuki,2023,583,233,49,19.812925170068027,123.51199747660068,127.35672683392228,-3.8447293573215973,-3.8896405337768982,5.595957493761801,-0.6950804287046406,45.0,28.0,-17.0,126.6284574368165,130.5180979705934,9.009765856602796,8.057582154335496,38.000847621265336
664040,Brandon Lowe,2023,435,269,25,30.395480225988702,83.4488292760692,87.32708601491741,-3.878256738848208,-5.002218458821673,6.132688920207342,-0.8156647962917629,230.0,212.0,-18.0,79.62194108448446,84.62415954330613,10.01681867101125,8.897847570505816,38.000847621265336
669221,Sean Murphy,2023,435,202,42,23.24510932105869,117.18455718180633,121.07934673613408,-3.894789554327758,-4.072706475478,6.858774133524914,-0.5937951004350865,67.0,51.0,-16.0,120.1267069060968,124.1994133815748,10.57594887248653,9.348206645251716,38.000847621265336
642136,Matt Thaiss,2023,304,115,27,18.945634266886326,118.0093734793198,121.96170913289704,-3.9523356535772365,-4.822400265273046,7.20111600486203,-0.6696740146967597,62.0,48.0,-14.0,122.02873195797224,126.85113222324529,12.006953647942828,11.414184265635548,38.000847621265336
643393,Tony Kemp,2023,417,162,57,23.34293948126801,123.5354556908858,127.52767726133686,-3.992221570451065,-2.9991739050456943,8.166377918857464,-0.36725876941356406,44.0,27.0,-17.0,128.8689618013574,131.86813570640308,11.779742953232612,9.40725604905841,38.000847621265336
572191,Michael Taylor,2023,387,244,54,30.80808080808081,80.54385572970406,84.55608237404505,-4.012226644340984,-6.946685175838951,8.345676856470513,-0.8323692967399157,240.0,224.0,-16.0,70.33178959229235,77.2784747681313,15.28856752932526,13.509802377787231,38.000847621265336
605119,Brian Anderson,2023,361,200,38,28.328611898017,79.46705822978168,83.5712906509084,-4.10423242112671,-5.99769738716374,7.0040125669110616,-0.8563230476625014,243.0,230.0,-13.0,73.02633713681129,79.02403452397503,11.865525167711064,10.416121628792151,38.000847621265336
669004,MJ Melendez,2023,601,330,66,26.93877551020408,100.24584310008647,104.35191184316436,-4.106068743077884,-4.854075128618291,6.959095985065553,-0.6975151857418398,140.0,120.0,-20.0,99.58278011851986,104.43685524713815,10.46588074458512,8.830746891464155,38.000847621265336
650559,Bryan De La Cruz,2023,626,454,124,34.55098934550989,94.6329347822778,98.8081494851938,-4.175214702915994,-6.178228848538836,8.935993508372944,-0.6913868998170033,176.0,144.0,-32.0,91.56734760011376,97.7455764486526,13.518131083716767,10.116508707328094,38.000847621265336
543807,George Springer,2023,679,279,63,23.134328358208958,115.18215058722288,119.40875774640084,-4.226607159177959,-4.328856739081587,5.7817729928625505,-0.748707488935565,73.0,60.0,-13.0,116.77827739703132,121.1071341361129,8.426442136445345,7.257335525703766,38.000847621265336
667670,Brent Rooker,2023,519,303,38,27.52043596730245,89.07603099878318,93.41725683343056,-4.341225834647375,-6.066140199860357,6.263455778175534,-0.9684973303391545,206.0,182.0,-24.0,85.16619850825265,91.232338708113,11.947460645010985,10.072045882452914,38.000847621265336
672356,Gabriel Arias,2023,345,216,29,32.97709923664122,81.31102102418296,85.68188039350972,-4.370859369326752,-7.214721840719335,7.317329239970925,-0.9859774795028906,238.0,219.0,-19.0,73.66896249911514,80.88368433983447,13.453149691481585,11.304880891583087,38.000847621265336
664034,Ty France,2023,656,414,83,34.38538205980066,88.92750297090457,93.32786762823648,-4.400364657331906,-5.783995856724175,6.87236726324677,-0.8416307853127736,208.0,183.0,-25.0,86.01807620316211,91.80207205988629,10.253272226052166,8.380912843179726,38.000847621265336
643265,Garrett Cooper,2023,456,382,95,39.54451345755693,86.08972399563959,90.84266064228484,-4.752936646645253,-9.44876271499389,11.137467918326143,-0.8483762004329931,217.0,194.0,-23.0,76.97305479426753,86.42181750926142,16.59712218602924,12.827930567565485,38.000847621265336
663886,Tyler Stephenson,2023,518,252,57,24.277456647398843,89.41473587952673,94.20937883524608,-4.794642955719354,-6.5025003326584425,6.655372537595038,-0.9770302557711013,205.0,173.0,-32.0,86.25156072703936,92.7540610596978,10.875496753303716,8.552001219607677,38.000847621265336
542303,Marcell Ozuna,2023,589,377,87,29.89690721649485,100.13926252572456,104.98547159223486,-4.846209066510298,-6.234227360805292,7.837694452496419,-0.7954159732291682,141.0,114.0,-27.0,99.02867064884909,105.26289800965438,13.322702995547788,10.75083578671128,38.000847621265336
663837,Matt Vierling,2023,526,294,84,28.739002932551323,103.94552428835055,108.80266271074788,-4.857138422397327,-5.521452998155681,8.974752624949037,-0.615220633804047,123.0,97.0,-26.0,104.08839259038868,109.60984558854436,11.87007385150553,8.852885779024252,38.000847621265336
656716,Zach McKinstry,2023,515,289,60,27.21280602636535,94.22745875915678,99.1477988216874,-4.920340062530627,-6.217434767409998,7.265277260636525,-0.8557739153461125,178.0,142.0,-36.0,92.15598017546068,98.37341494287068,10.86421665661678,8.944382258225394,38.000847621265336
455117,Martín Maldonado,2023,407,250,40,32.6797385620915,61.92440976365472,66.91015449660956,-4.985744732954842,-6.5270790415859565,6.476945369253853,-1.0077403265696958,277.0,272.0,-5.0,51.454890111944565,57.98196915353052,11.493209581736878,10.811032802478715,38.000847621265336
592626,Joc Pederson,2023,419,266,63,28.418803418803417,108.94186605985507,114.18842324202744,-5.246557182172367,-6.307963459142371,9.159753957998847,-0.6886607967928963,103.0,78.0,-25.0,111.5645934399194,117.87255689906178,15.760774093126846,13.107383680807011,38.000847621265336
663656,Kyle Tucker,2023,666,273,67,21.61520190023753,127.37849691517236,132.71164910583286,-5.333152190660499,-4.879179782242005,6.157122915795791,-0.7924447585291359,28.0,18.0,-10.0,131.37481528999905,136.25399507224105,9.343374218487387,7.698212983645474,38.000847621265336
676801,Chas McCormick,2023,454,286,65,30.55555555555556,99.08542635509336,104.56467723585814,-5.479250880764781,-7.436472106547001,8.846381966675697,-0.8406229953172015,145.0,119.0,-26.0,97.3493398647268,104.7858119712738,14.488662431377644,12.023968057396123,38.000847621265336
663697,Jonathan India,2023,527,212,40,19.906103286384976,118.99190321534748,124.61851312076156,-5.626609905414085,-6.159580943000975,5.6983033167795005,-1.0809499952140444,59.0,37.0,-22.0,121.53157061726388,127.69115156026486,9.23836915727092,8.450576154753717,38.000847621265336
665742,Juan Soto,2023,706,256,65,16.591056383668178,148.07346132900838,153.7619459679887,-5.688484638980327,-3.9654141494847295,5.956603603400947,-0.6657173136753065,4.0,1.0,-3.0,157.59090712379435,161.55632127327908,10.562294927312491,8.685024600395625,38.000847621265336
642715,Willy Adames,2023,638,448,87,32.0,77.04174515270695,82.8113609692413,-5.769615816534355,-8.111610047804447,7.003181824919007,-1.158274945674177,249.0,235.0,-14.0,70.9984713322974,79.11008138010185,10.95236364460071,9.225908281990858,38.000847621265336
592450,Aaron Judge,2023,451,199,20,19.39571150097466,113.81583473464772,119.6752824195,-5.85944768485227,-6.5682720183139764,5.264985665518855,-1.2475384427597838,79.0,56.0,-23.0,116.1299870839525,122.69825910226648,10.792135943733214,9.600527587614454,38.000847621265336
630105,Jake Cronenworth,2023,521,260,61,26.61207778915046,95.03451511274127,100.90831607206806,-5.873800959326786,-7.1694744852379415,6.51570672885029,-1.1003371980345422,170.0,135.0,-35.0,93.34489326736788,100.51436775260582,10.273505523318192,8.078407009729057,38.000847621265336
677551,Wander Franco,2023,489,243,78,26.21359223300971,113.48887985834897,119.51477718433048,-6.025897325981518,-6.027159460516003,9.078247345010372,-0.663912232335097,81.0,58.0,-23.0,116.8761032451576,122.9032627056736,13.26688242670129,10.216231018198412,38.000847621265336
553993,Eugenio Suárez,2023,693,343,56,23.73702422145329,107.50963041411492,113.62774652581312,-6.1181161116982,-6.664641676456839,5.660048778879711,-1.177488381606486,108.0,81.0,-27.0,108.08881601971616,114.753457696173,8.604748151659528,7.449723600585726,38.000847621265336
606466,Ketel Marte,2023,649,305,74,24.4,117.8652674658456,124.03099095574188,-6.16572348989628,-5.675310425113025,6.663073866670455,-0.8517555918900511,64.0,38.0,-26.0,120.90132847524886,126.57663890036189,10.487318421004977,7.802859299400133,38.000847621265336
572233,Christian Walker,2023,662,352,76,26.38680659670165,92.16313006439869,98.53550677426207,-6.3723767098633886,-7.372859864024903,5.873190094101661,-1.2553416024162634,190.0,146.0,-44.0,90.59143762960888,97.96429749363378,8.551219904546267,7.22368149075113,38.000847621265336
621439,Byron Buxton,2023,346,193,37,28.01161103047896,83.91100784793709,90.48878688973323,-6.577779041796148,-10.184548578542746,7.8694264623240295,-1.2941919754003273,228.0,196.0,-32.0,75.64142480954884,85.82597338809158,14.898221814842918,12.99835861860776,38.000847621265336
668670,Jake Rogers,2023,364,147,28,22.34042553191489,95.37245030371864,102.11754777243526,-6.745097468716622,-8.05840082356157,6.530955404615918,-1.2338777903560774,168.0,129.0,-39.0,93.7411244084736,101.79952523203517,10.304626714237996,9.485894683091145,38.000847621265336
663538,Nico Hoerner,2023,681,378,128,30.533117932148627,102.01523934448868,108.8302737447785,-6.815034400289818,-7.71339471970181,8.269937083952088,-0.9327029506270059,130.0,96.0,-34.0,101.71779432316956,109.43118904287137,10.548013672708546,7.617355281026331,38.000847621265336
656941,Kyle Schwarber,2023,719,349,66,21.583178726035868,119.58751316885156,126.6172496511623,-7.029736482310739,-8.097219737909029,5.14157452378293,-1.5748521587024422,58.0,33.0,-25.0,122.82930887602532,130.92652861393435,10.24357749788524,9.55878650321918,38.000847621265336
642731,Thairo Estrada,2023,529,384,101,38.2851445663011,66.4763569371234,73.55694782330325,-7.0805908861798486,-11.867314969466904,9.243853689506865,-1.2838060151187867,271.0,263.0,-8.0,55.43278190153252,67.30009687099943,12.510287988295154,9.99473114463588,38.000847621265336
595281,Kevin Kiermaier,2023,408,203,50,27.284946236559136,77.6277095625247,84.75161783164118,-7.123908269116484,-10.25099635402178,7.85303332258487,-1.3053550052488008,248.0,222.0,-26.0,71.23948713376198,81.49048348778376,11.387825271584736,9.089788299288594,38.000847621265336
643565,Mike Tauchman,2023,401,160,46,18.912529550827426,133.92319032696446,141.09095035363868,-7.167760026674216,-6.386915137774082,8.28814375401023,-0.7706086341327953,15.0,9.0,-6.0,141.71473050111788,148.10164563889197,11.562527311416268,9.534909870768733,38.000847621265336
666971,Lourdes Gurriel,2023,590,331,94,30.39485766758494,90.6890344591678,97.95337102250431,-7.264336563336514,-9.111635086953385,7.916651221622011,-1.1509456248454681,199.0,149.0,-50.0,87.85679999352826,96.96843508048164,10.793822131239825,9.003156119211084,38.000847621265336
642133,Rowdy Tellez,2023,350,182,55,24.20212765957447,107.23035751487464,114.81438202010536,-7.584024505230715,-10.12921852722944,10.042244591663602,-1.0086608063338787,110.0,74.0,-36.0,108.97636872401212,119.10558725124156,15.477166621664434,13.737330075945016,38.000847621265336
663728,Cal Raleigh,2023,570,393,91,31.38977635782748,78.06961218099336,85.74274881998812,-7.673136638994762,-10.608823228630442,7.77148468593646,-1.3650960733189792,247.0,218.0,-29.0,70.09801171196295,80.7068349405934,12.83148641073576,11.601011460003908,38.000847621265336
682998,Corbin Carroll,2023,646,348,101,27.951807228915666,96.11505609694514,103.89304942396308,-7.777993327017938,-9.500771148265912,7.656627017136053,-1.2408559443998695,165.0,123.0,-42.0,94.4014829212754,103.90225406954131,11.08539318294577,8.11579110339728,38.000847621265336
642708,Amed Rosario,2023,546,415,114,39.6370582617001,66.30759689237854,74.10254395714692,-7.79494706476838,-13.518112808266899,9.52789530244201,-1.418793173010853,272.0,260.0,-12.0,54.98489869688492,68.50301150515182,12.638560456392092,9.541549700439546,38.000847621265336
593428,Xander Bogaerts,2023,665,326,109,25.429017160686428,106.22979559395,114.0655774796442,-7.835781885694203,-8.758315169385938,7.346236505355557,-1.1922179694325041,114.0,79.0,-35.0,106.82123251965608,115.57954768904202,10.487229084051474,8.452720554045843,38.000847621265336
671221,Drew Waters,2023,335,218,35,32.011747430249635,72.84603645173401,80.70857436192635,-7.862537910192344,-11.650724093606058,8.585940223448214,-1.3569537861197678,260.0,243.0,-17.0,62.53782103078703,74.18854512439309,13.286318455676245,11.674780800996144,38.000847621265336
608324,Alex Bregman,2023,721,273,93,18.660287081339717,138.88340917750537,146.9537996699193,-8.070390492413935,-6.562764012244401,6.827862536214361,-0.9611740097923909,9.0,4.0,-5.0,145.0140464068157,151.5768104190601,9.512213018906168,7.197314906580385,38.000847621265336
641487,J. P. Crawford,2023,638,242,55,18.6010760953113,121.69120934307225,129.9042771201904,-8.213067777118141,-9.126144376339326,5.191235601372804,-1.757990790078175,53.0,24.0,-29.0,124.74351804042108,133.8696624167604,9.350163073773045,8.572122255741219,38.000847621265336
571970,Max Muncy,2023,574,313,62,23.694171082513247,99.32934366562056,107.61997616538602,-8.290632499765465,-10.006890390424886,6.358129339159084,-1.5738733606429562,143.0,99.0,-44.0,98.3540324994822,108.36092288990709,11.1790961330971,9.71421237117734,38.000847621265336
665489,Vladimir Guerrero,2023,672,366,101,29.04761904761905,93.94742672959651,102.25647446780916,-8.30904773821264,-10.111454996256413,6.842920472188919,-1.4776519816869875,179.0,128.0,-51.0,91.88881661658463,102.00027161284105,10.669040529717408,8.883088980756266,38.000847621265336
575929,Willson Contreras,2023,490,327,67,31.594202898550726,85.43674074662809,93.78389496084066,-8.347154214212566,-11.361043759020689,8.198551532707405,-1.3857379213507162,224.0,180.0,-44.0,80.0891639760732,91.45020773509388,12.478412629899143,10.59762558793597,38.000847621265336
657656,Ramón Laureano,2023,406,220,29,27.3972602739726,85.58691329071854,94.10541877480205,-8.518505484083505,-11.059400932270208,6.510121061877004,-1.698801117084227,221.0,177.0,-44.0,80.74377641078777,91.80317734305798,11.925200208702725,10.698657632761208,38.000847621265336
669242,Tommy Edman,2023,526,252,68,28.767123287671232,97.8545907191766,106.42747110997487,-8.572880390798275,-9.996226373478137,7.906319958466986,-1.2643336502936544,158.0,106.0,-52.0,96.73815499279402,106.73438136627216,10.252401198255953,7.549964032739812,38.000847621265336
573262,Mike Yastrzemski,2023,377,159,31,20.20330368487929,113.42202060957862,122.00177925389968,-8.57975864432106,-10.155979918393797,6.9865914317589155,-1.4536387332208676,82.0,47.0,-35.0,115.80786755903893,125.96384747743272,11.171569653094762,10.263554869470491,38.000847621265336
668939,Adley Rutschman,2023,683,356,94,23.405654174884944,132.39015743523203,141.13493308743065,-8.744775652198626,-8.198209529229615,7.142104215735406,-1.147870330870755,17.0,8.0,-9.0,137.6604579825988,145.85866751182843,9.757847416468852,7.822087053020235,38.000847621265336
607043,Brandon Nimmo,2023,680,267,54,20.045045045045047,122.30163882122704,131.31524814721934,-9.013609325992292,-9.122520576324476,5.426114392666638,-1.681225259211916,50.0,20.0,-30.0,124.69549727721584,133.8180178535403,8.145542666142035,6.633066166544952,38.000847621265336
683011,Anthony Volpe,2023,599,331,76,28.559102674719583,98.06620598068189,107.11963244876702,-9.053426468085135,-10.858538570251568,7.690523143774371,-1.4119375713785827,155.0,102.0,-53.0,96.80930141897072,107.66783998922229,11.091384255296765,8.967928220004108,38.000847621265336
680757,Steven Kwan,2023,716,285,102,21.300448430493272,123.5810871103237,132.98860783194465,-9.407520721620955,-9.076747925892406,6.899387437772751,-1.3155875079864403,43.0,17.0,-26.0,126.66860371331764,135.74535163921004,8.952455267832242,6.758815016207908,38.000847621265336
592696,Eddie Rosario,2023,514,447,118,43.609756097560975,59.39814723597395,68.82264454467324,-9.424497308699287,-16.45931485934402,9.935892253202791,-1.656551262825785,278.0,268.0,-10.0,43.03119108801261,59.49050594735663,13.95170026458911,11.350837414335915,38.000847621265336
686823,Will Brennan,2023,456,294,100,38.73517786561265,72.03826273830518,82.20358243824855,-10.165319699943367,-16.568696897166056,10.4027355547857,-1.5927249914128359,261.0,241.0,-20.0,61.30922202109773,77.87791891826379,13.379188648713829,9.832597354364047,38.000847621265336
624413,Pete Alonso,2023,650,374,101,27.95216741405082,85.92436205720534,96.61704899083162,-10.692686933626277,-13.767727946992636,6.6500947080635555,-2.07030554471632,219.0,155.0,-64.0,81.45547180067115,95.22319974766378,11.565163076004485,9.666641484972226,38.000847621265336
672580,Maikel García,2023,517,191,70,20.471596998928188,125.57991832741509,136.28947362105848,-10.70955529364339,-11.211255113927905,8.390991848856757,-1.3361060665856086,36.0,14.0,-22.0,130.4758718636681,141.687126977596,10.75311209240617,8.963774106574304,38.000847621265336
518934,DJ LeMahieu,2023,564,253,81,23.1897341888176,105.17462614027303,116.09727967287624,-10.922653532603206,-12.790364471422677,7.488884645228674,-1.7079131375820682,119.0,70.0,-49.0,105.60546210092008,118.39582657234276,11.320430524586165,9.51398198175456,38.000847621265336
664913,Seth Brown,2023,378,236,39,31.550802139037437,73.2873250979871,84.57662800716437,-11.28930290917728,-16.34674460591276,8.152906099961138,-2.0050205908774887,259.0,223.0,-36.0,61.93801046893458,78.28475507484734,14.042851726645624,12.568293161136364,38.000847621265336
444482,David Peralta,2023,422,259,61,34.21400264200793,84.54553244283372,96.63728345646436,-12.091751013630642,-16.669443733977914,9.171129302940901,-1.8175999032782726,226.0,154.0,-72.0,78.32430327270937,94.99374700668729,13.137501150632191,10.511574643018568,38.000847621265336
608070,José Ramírez,2023,674,388,111,28.19767441860465,79.74634646095271,92.34851183075487,-12.602165369802165,-15.530980929016508,7.297647093999482,-2.1282175924603033,242.0,187.0,-55.0,75.17140743195269,90.7023883609692,10.059113852642486,8.325418867729736,38.000847621265336
662139,Daulton Varsho,2023,583,309,66,27.91327913279133,80.71145755725485,93.96149017631922,-13.25003261906437,-15.432593081332826,6.139862607893103,-2.5135078855825617,239.0,179.0,-60.0,77.157579944322,92.59017302565482,9.052288227647256,8.196548538157602,38.000847621265336
519317,Giancarlo Stanton,2023,413,251,54,27.25298588490771,66.76076347659802,80.10501063580509,-13.344247159207072,-17.91178184182767,8.412986684580565,-2.129063377059258,270.0,248.0,-22.0,56.44297513139785,74.35475697322552,12.139035009777349,10.823573848824852,38.000847621265336
643217,Andrew Benintendi,2023,618,307,97,26.765475152571927,108.66334184771866,122.55919373974378,-13.89585189202512,-15.463276459569556,8.262031344551445,-1.8716070920945016,104.0,45.0,-59.0,109.84964509069658,125.31292155026614,10.877439180385748,8.428263769820166,38.000847621265336
521692,Salvador Pérez,2023,575,549,143,47.573656845753895,68.55506270535534,83.50078092591768,-14.945718220562341,-26.044998982232222,10.824706818264138,-2.406069690339089,268.0,232.0,-36.0,49.98165659576906,76.02665557800128,16.700731986239884,13.33082093155548,38.000847621265336
658668,Edward Olivares,2023,381,222,56,31.35593220338983,82.3562070737828,97.61011400423304,-15.253906930450242,-19.51195810683818,9.10393180154655,-2.143245196929479,234.0,150.0,-84.0,76.33671154270232,95.8486696495405,12.232563258276874,11.702779542371305,38.000847621265336
571657,Kyle Farmer,2023,366,218,57,32.537313432835816,66.06280642278423,82.63265603552624,-16.569849612742004,-23.037828288778194,10.10492092084959,-2.279862303646929,273.0,239.0,-34.0,54.21214164260619,77.24996993138438,12.887426928037552,11.07882992687962,38.000847621265336
686681,Michael Massey,2023,459,299,81,32.32432432432432,73.67457766309855,93.0163553767966,-19.34177771369805,-27.591223660199283,9.653832983052313,-2.8580589397637985,258.0,185.0,-73.0,62.41453260723579,90.00575626743507,14.07828733844564,11.601646786737142,38.000847621265336
642708,Amed Rosario,2024,346,242,77,39.03225806451613,97.54801320971526,71.7913718749041,25.756641334811164,31.716786724240315,13.100860268780723,2.420969774009516,158.0,259.0,101.0,92.55170922000408,60.83492249576377,19.593633024118585,11.609315567249514,36.1415087388917
547180,Bryce Harper,2024,622,462,82,33.261339092872575,102.26542270412163,85.79074625564756,16.47467644847407,20.610784984128088,7.765704350344339,2.6540779888451698,123.0,218.0,95.0,102.19906740343932,81.58828241931123,13.828116092728305,9.657500527814657,36.1415087388917
678662,Ezequiel Tovar,2024,695,570,105,43.81245196003075,72.36509017702237,57.35323717190823,15.011853005114133,12.2820195579907,7.145762803891387,1.718783549784531,262.0,267.0,5.0,58.42671904908276,46.14469949109206,13.147479515108214,9.718824058926057,36.1415087388917
641584,Jake Fraley,2024,381,197,53,31.72302737520129,101.93881807987816,87.3974678856677,14.541350194210466,18.1474966003353,9.271158843855837,1.9574140521130186,125.0,211.0,86.0,101.67452721499347,83.52703061465817,14.694244456777806,9.72794299755486,36.1415087388917
607208,Trea Turner,2024,539,353,70,34.4390243902439,85.65371137243713,73.10492080867427,12.548790563762864,12.269195647556998,7.546455673883107,1.6258222638235886,233.0,258.0,25.0,78.6342335780361,66.3650379304791,12.496069858717076,9.30197080668102,36.1415087388917
592192,Mark Canha,2024,460,229,66,24.0041928721174,134.83988036634753,122.29387030965928,12.546010056688246,24.094675605505557,8.177240246567411,2.9465534677937173,7.0,38.0,31.0,150.69590412525204,126.60122851974648,13.490646385239405,9.33539807318292,36.1415087388917
641355,Cody Bellinger,2024,564,335,112,32.4298160696999,108.85034541218133,96.79247110461232,12.057874307569008,16.833897300430593,9.708584603767209,1.7339187932604057,88.0,167.0,79.0,112.17302778912816,95.33913048869756,13.844717013815911,9.361961260087789,36.1415087388917
608070,José Ramírez,2024,672,452,149,31.652661064425768,114.77687491332652,103.7237996847788,11.053075228547726,18.37379221065619,9.101824691096873,2.018693265827112,59.0,116.0,57.0,122.22826604673207,103.85447383607588,14.970297741134836,9.806303294357264,36.1415087388917
607680,Kevin Pillar,2024,314,234,64,38.48684210526316,93.8371963702102,83.15163789281651,10.685558477393684,11.089238682104067,12.83687592607614,0.8638580559603278,186.0,233.0,47.0,85.5604795567057,74.47124087460163,18.97875201240152,12.93395093815582,36.1415087388917
669304,José Miranda,2024,427,289,70,35.76732673267327,91.82216253306906,81.16128649322735,10.66087603984171,11.190860451792872,9.238156146340497,1.2113738147006639,205.0,239.0,34.0,85.1994083761977,74.00854792440482,15.273607737790227,11.198058988916742,36.1415087388917
667670,Brent Rooker,2024,610,397,58,31.137254901960787,84.99306111415186,74.36254550282915,10.630515611322707,11.88794356857386,6.110523200455843,1.9454870194563738,234.0,255.0,21.0,77.8119724190665,65.92402885049265,12.39685838760942,10.63289470926766,36.1415087388917
647351,Abraham Toro,2024,362,214,47,30.96960926193922,96.59108334131106,86.01565019923562,10.57543314207544,11.875539179296254,9.48928484235171,1.2514683009929717,163.0,216.0,53.0,93.82252318809287,81.94698400879662,13.328777294784764,9.564505002026348,36.1415087388917
643289,Mauricio Dubón,2024,427,301,103,41.289437585733886,96.8030250212396,86.56171031766354,10.241314703576066,11.702830731919889,11.525920627354946,1.0153488914495103,161.0,215.0,54.0,93.20834860456192,81.50551787264203,15.47289911303614,10.83579982431126,36.1415087388917
596146,Max Kepler,2024,399,227,44,30.42895442359249,94.4920005526118,84.43431102741991,10.05768952519189,11.170301511796282,8.356562099338344,1.336710166095783,180.0,225.0,45.0,90.73821837319308,79.5679168613968,13.300226738223074,10.00974773935694,36.1415087388917
678882,Ceddanne Rafaela,2024,569,496,117,46.70433145009416,66.84235212789436,56.86026461382404,9.982087514070315,3.2864964694148426,9.40674097735154,0.349376737100308,267.0,268.0,1.0,46.82645946006018,43.539962990645336,14.479868691093822,10.538378060825522,36.1415087388917
666163,Ben Rortvedt,2024,328,190,41,27.94117647058824,101.3140107348756,91.37040307958692,9.943607655288673,14.07721099107873,8.464801820656849,1.6630290099321392,134.0,196.0,62.0,100.4642690331958,86.38705804211708,17.11248450581862,12.75808120712706,36.1415087388917
621043,Carlos Correa,2024,364,184,57,25.662482566248254,122.91339384518608,112.98490257959398,9.9284912655921,21.933964011702912,10.285267155316276,2.1325614279611225,27.0,74.0,47.0,138.29201668986755,116.35805267816464,16.70684348889056,11.539871776170417,36.1415087388917
592696,Eddie Rosario,2024,322,212,52,34.75409836065574,91.2395053886784,81.49227459415124,9.747230794527155,7.290847039682191,11.757722106217111,0.6200900968587293,209.0,237.0,28.0,80.65837577322252,73.36752873354033,18.79486997794249,12.025346723965326,36.1415087388917
609280,Miguel Andújar,2024,319,220,62,36.24382207578254,97.45962011625085,88.09635704320908,9.363263073041765,11.987189278760042,12.037011166878093,0.9958609419375513,160.0,208.0,48.0,93.96275264944644,81.9755633706864,16.244467402872274,12.51319221882432,36.1415087388917
623993,Anthony Santander,2024,663,493,124,34.11764705882353,107.8586579413686,98.7928893386252,9.065768602743404,14.20238611273912,7.927730046124243,1.7914820547758774,95.0,157.0,62.0,111.53515757419616,97.33277146145704,15.829704910885424,11.315240481035303,36.1415087388917
595909,Jake Cave,2024,347,218,44,33.59013867488444,93.37953081710596,84.80804570771957,8.571485109386387,8.4166976966834,9.329509080003302,0.9021586907207793,192.0,224.0,32.0,87.0541258507437,78.6374281540603,16.16476213098833,11.385507795194496,36.1415087388917
665828,Oswaldo Cabrera,2024,327,195,41,29.367469879518072,108.23113516732056,99.67692930571684,8.55420586160372,16.08225712140758,9.444456254371984,1.7028250952999922,91.0,151.0,60.0,114.36559405126586,98.28333692985828,19.78443445509668,12.364278758467057,36.1415087388917
592663,J. T. Realmuto,2024,413,232,61,30.526315789473685,86.76981160448179,78.53207494273246,8.237736661749324,6.691805976319074,9.084025256138176,0.7366564697513744,226.0,248.0,22.0,78.12082257651288,71.4290166001938,14.35773209706991,10.54762838702674,36.1415087388917
666160,Mickey Moniak,2024,418,305,66,39.1025641025641,62.20649694167228,54.20752812530685,7.9989688163654264,2.697485542432112,8.114510394727953,0.33242739379379993,269.0,269.0,0.0,42.81911279226575,40.12162724983364,13.403603351838216,10.539520542365588,36.1415087388917
676609,José Caballero,2024,480,340,66,34.69387755102041,89.46025694611116,81.46779507597397,7.992461870137191,6.923896515704314,8.566284334731257,0.808273020734553,216.0,238.0,22.0,82.49039575757082,75.56649924186651,14.166088866231595,10.242869937856476,36.1415087388917
668901,Mark Vientos,2024,453,288,58,32.39595050618673,101.43902827236916,93.48044445997692,7.958583812392234,10.832402607155188,8.598885972685432,1.2597448834145,131.0,187.0,56.0,100.79226945952996,89.95986685237477,15.875887317302109,11.830371356958928,36.1415087388917
666139,Josh Lowe,2024,386,275,51,33.092659446450064,101.95298321268942,94.12591574053778,7.82706747215164,12.149025875670858,9.723667194438306,1.2494283928824503,124.0,184.0,60.0,101.53801353521789,89.38898765954703,18.705498347996908,14.202457884588044,36.1415087388917
666969,Adolis García,2024,634,469,106,33.765298776097914,87.88628632344822,80.08013595742881,7.806150366019409,6.474001416287678,8.169702296134854,0.792440309526404,221.0,244.0,23.0,80.89391377851504,74.41991236222736,13.397198642929592,9.725754432060782,36.1415087388917
691718,Pete Crow-Armstrong,2024,409,286,71,41.26984126984127,86.65870997804689,78.87695877896046,7.781751199086429,4.395133498107782,10.427357355898836,0.42150022753573524,227.0,247.0,20.0,75.89964791803565,71.50451441992787,15.957020410857552,10.821697817695528,36.1415087388917
647304,Josh Naylor,2024,631,402,112,32.47172859450727,89.46027217793512,81.78624307358595,7.674029104349174,6.789952352993893,7.701071505727315,0.8816893010205373,215.0,236.0,21.0,83.24357616679417,76.45362381380028,13.378824872458672,9.8089809797062,36.1415087388917
670541,Yordan Álvarez,2024,623,374,105,30.88356729975227,110.30222821839476,102.8807544685012,7.421473749893565,11.662344541848555,8.475349269113739,1.3760311429700027,82.0,120.0,38.0,114.45620490481112,102.79386036296256,13.986898788498,10.273892072092975,36.1415087388917
518595,Travis d'Arnaud,2024,339,186,36,27.63744427934621,116.8195446096814,109.61981576747924,7.199728842202163,13.707464741776704,8.757924666452901,1.5651498801174828,51.0,92.0,41.0,125.4290941316908,111.7216293899141,14.908878615576606,11.245617902194642,36.1415087388917
657136,Connor Wong,2024,485,263,54,29.617117117117115,108.1355705070915,101.26511737929324,6.870453127798257,9.621195139285533,8.13161781252039,1.1831833911908174,93.0,135.0,42.0,110.46750590962615,100.84631077034062,12.299251941670194,9.14748112838591,36.1415087388917
663616,Trevor Larnach,2024,399,207,36,25.81047381546135,94.33013812319504,87.63367226491343,6.696465858281613,7.732045881899026,6.944554055729378,1.1133970331068204,181.0,210.0,29.0,90.23529686312509,82.50325098122606,13.751192593353082,11.284648081034163,36.1415087388917
671289,Tyler Freeman,2024,380,194,46,29.260935143288087,106.42441356070348,99.92325294456904,6.501160616134442,10.208647930536728,8.480089020940545,1.2038373542220746,105.0,146.0,41.0,109.2782608630482,99.06961293251148,16.240031709429882,10.034206799884156,36.1415087388917
666149,Tyler Fitzgerald,2024,340,173,26,26.86335403726708,99.0635219007539,92.5848978322708,6.4786240684831,7.789251749122386,7.029788411649066,1.1080350208286232,146.0,192.0,46.0,96.95411271358704,89.16486096446465,15.356612452597014,11.157468545010437,36.1415087388917
683737,Michael Busch,2024,565,284,55,23.37448559670782,120.4960355275431,114.01748429518352,6.478551232359578,11.169242439300433,6.400767560293066,1.744984852846154,36.0,71.0,35.0,127.3791746932464,116.20993225394596,11.900040496871368,8.848414198820631,36.1415087388917
664728,Kyle Isbel,2024,426,240,60,30.967741935483872,98.71069623111757,92.2511367941759,6.45955943694166,7.156765225898141,9.239431962314148,0.7745893097204676,150.0,193.0,43.0,96.37417453597674,89.2174093100786,15.368749436262975,10.34702240367151,36.1415087388917
641680,Jonah Heim,2024,491,284,82,32.126696832579185,94.7104436529753,88.2901064461523,6.420337206823007,6.430558766093299,8.773190690257662,0.7329783419884195,179.0,207.0,28.0,91.14116987023505,84.71061110414175,13.15228729951349,9.63116789702796,36.1415087388917
662139,Daulton Varsho,2024,508,269,65,25.965250965250963,105.38327004499736,99.01127696940974,6.371993075587625,8.9099876068762,7.657672078996919,1.163537366834246,107.0,156.0,49.0,106.91286590617548,98.00287829929928,13.805889209275506,9.645509819256915,36.1415087388917
664983,Jake McCarthy,2024,489,265,65,31.13983548766158,101.49415602897004,95.14633387397184,6.347822154998198,7.384621179282675,8.362037047333779,0.8831127077626676,130.0,177.0,47.0,101.14041417789775,93.75579299861508,12.095186893062753,8.167990260528686,36.1415087388917
467793,Carlos Santana,2024,593,295,87,23.63782051282051,118.71868689488618,112.47686806887084,6.241818826015333,13.462397296533936,7.901519177255262,1.703773286444183,42.0,76.0,34.0,128.26174740632806,114.79935010979412,14.755065270237298,9.834118627215483,36.1415087388917
457705,Andrew McCutchen,2024,514,181,29,17.38712776176753,129.02282136087084,122.9007813880244,6.122039972846437,10.7693496050303,4.7522456512986,2.2661601262315774,16.0,30.0,14.0,137.07103234803918,126.30168274300888,10.609381304954743,8.166388577931972,36.1415087388917
572138,Jon Singleton,2024,406,191,38,22.73809523809524,131.6726879034673,125.62992727326848,6.042760630198828,16.16503903268668,8.08369157031011,1.9997100201172753,12.0,25.0,13.0,149.22091454271285,133.05587551002617,14.940209334949614,11.309369091223898,36.1415087388917
666310,Bo Naylor,2024,391,213,44,27.203065134099617,101.5683581724539,95.53861998827688,6.02973818417702,8.087963658971873,7.7697736284862335,1.0409522909804043,127.0,175.0,48.0,101.07351243065231,92.98554877168044,14.934058366191817,11.34748858935186,36.1415087388917
669357,Nolan Gorman,2024,402,238,41,30.318471337579616,81.91173964599338,75.90009032223658,6.011649323756799,3.703782269901268,7.379162795061738,0.5019244557634509,240.0,254.0,14.0,71.12159613989871,67.41781386999745,14.006471270156773,10.956529987541469,36.1415087388917
643396,Isiah Kiner-Falefa,2024,495,242,79,30.32581453634085,85.77501130303509,79.94710552411706,5.827905778918023,4.266499072002517,8.121812985500313,0.5253136312815132,231.0,245.0,14.0,80.52830760704477,76.26180853504225,10.842849354743286,7.825224672707593,36.1415087388917
606192,Teoscar Hernández,2024,647,385,63,29.034690799396685,96.3886330381152,90.64050187452943,5.748131163585768,6.499598005643492,6.325076990958728,1.0275919194239422,164.0,199.0,35.0,94.4913538349492,87.9917558293057,10.846338911580744,9.02698248119726,36.1415087388917
663898,Brendan Rodgers,2024,538,301,56,29.33723196881092,91.5088341078595,85.84027854481825,5.668555563041252,5.504484399694846,7.004217682859965,0.7858814001690554,207.0,217.0,10.0,88.06681640900688,82.56233200931203,10.851429803933746,8.541466166867083,36.1415087388917
680777,Ryan Jeffers,2024,461,325,95,34.871244635193136,100.16564403608466,94.57794315934504,5.587700876739618,6.7783349806306035,10.509547399752305,0.6449692572670026,139.0,181.0,42.0,98.32967635152092,91.55134137089031,17.514083237568432,11.646360236047467,36.1415087388917
519317,Giancarlo Stanton,2024,457,294,57,31.11111111111111,83.31451774787051,77.78175920143434,5.53275854643617,3.578720687699473,8.190704159362138,0.4369246670457416,238.0,251.0,13.0,70.4752586863479,66.89653799864843,15.830340018171825,12.863051656757582,36.1415087388917
664913,Seth Brown,2024,401,239,34,30.10075566750629,73.58507144528637,68.10068890764505,5.4843825376413236,3.247660416669497,6.7095067899573655,0.48403862136789544,257.0,264.0,7.0,60.46595361662958,57.21829319996008,13.022514093809878,10.94481118880703,36.1415087388917
666023,Freddy Fermin,2024,369,226,43,30.706521739130437,109.51639861988684,104.04215552990924,5.474243089977605,9.053441796104309,9.27567785932283,0.9760409895008207,85.0,114.0,29.0,113.34772843033392,104.2942866342296,14.154437597071814,10.74724324469243,36.1415087388917
663368,Blake Perkins,2024,432,206,56,24.03733955659277,117.69651992620524,112.27065681651032,5.425863109694916,10.32115354823766,8.731478159481512,1.1820625740247566,47.0,77.0,30.0,124.63885290869486,114.3176993604572,12.998449516601836,9.336914488004272,36.1415087388917
650490,Yandy Díaz,2024,622,273,99,22.807017543859647,136.61794478566478,131.31489794133282,5.303046844331959,13.96412390339583,8.123023390092174,1.719079612700386,4.0,15.0,11.0,151.18328442013342,137.2191605167376,12.589556840865123,9.007271776198786,36.1415087388917
592669,Hunter Renfroe,2024,424,220,63,26.506024096385545,107.30333786022496,102.11630557073867,5.187032289486282,8.46122252770644,8.563016423231442,0.9881123788051094,101.0,128.0,27.0,110.2313782679468,101.77015574024036,14.904488091474368,11.114914822364582,36.1415087388917
690993,Colt Keith,2024,552,306,75,29.9412915851272,97.9645951648008,92.82070068339692,5.143894481403876,5.4515170286814225,8.163486770717181,0.667792719189094,153.0,190.0,37.0,95.95783219944742,90.506315170766,12.98835786109597,9.282110941267211,36.1415087388917
668930,Brice Turang,2024,616,319,88,28.155339805825243,120.06237468979248,114.9188187269332,5.143555962859281,10.33494008090642,7.864585771636958,1.3141111790246616,39.0,64.0,25.0,126.94102472015112,116.6060846392447,12.0412720962061,7.457884046842693,36.1415087388917
650391,Eloy Jiménez,2024,346,213,55,33.229329173166924,90.81135073930464,85.6792383431675,5.1321123961371455,3.584150300879216,10.43851945427713,0.34335810902863517,211.0,219.0,8.0,83.8063088178905,80.22215851701128,15.007216416326754,10.969994083898476,36.1415087388917
682985,Riley Greene,2024,582,284,65,23.164763458401303,111.41257118251492,106.67156033743647,4.741010845078449,7.4768294421278085,6.7374626838407226,1.1097396442818748,75.0,98.0,23.0,115.03588626494584,107.55905682281804,12.232380138713626,9.936516291748454,36.1415087388917
673357,Luis Robert,2024,422,308,51,36.0233918128655,88.56957252043021,83.8891079001881,4.68046462024212,3.9246018911832294,9.299771226123857,0.42201058453552975,220.0,228.0,8.0,80.54704184697886,76.62243995579563,14.700524708624195,12.05779363809661,36.1415087388917
691026,Masyn Winn,2024,635,377,113,30.501618122977348,115.95765926997043,111.62782970345442,4.329829566516011,9.004555318362975,8.535195053049971,1.0549911586549252,55.0,82.0,27.0,122.6966585988851,113.69210328052212,13.602877004647487,9.727088882342688,36.1415087388917
664034,Ty France,2024,531,269,46,27.22672064777328,99.05162860863092,94.72572069974886,4.3259079088820585,4.738958183999159,6.308265464356059,0.7512299871931447,147.0,180.0,33.0,98.08116626320182,93.34220807920266,10.397536238271348,7.942527341279495,36.1415087388917
669701,Josh Smith,2024,588,287,65,26.162260711030083,109.22484938837567,104.95939067492564,4.26545871345003,6.003299801485369,6.325683178123414,0.9490358009466917,87.0,108.0,21.0,111.22752978882949,105.22422998734412,10.449615444676262,7.623432637926083,36.1415087388917
687401,Joey Ortiz,2024,513,257,73,24.759152215799617,107.00153937598762,102.75728447849232,4.244254897495296,6.706888956714522,7.751092783136207,0.8652830180676556,102.0,121.0,19.0,109.34520525123676,102.63831629452224,13.76433427224078,10.202999777829003,36.1415087388917
571745,Mitch Haniger,2024,425,205,37,23.92065344224037,107.32509001231912,103.162855455947,4.162234556372127,6.365289842631498,6.700545130998594,0.9499659681693491,100.0,118.0,18.0,109.51813047338976,103.15284063075826,12.870390420045943,10.37439464859176,36.1415087388917
666176,Jo Adell,2024,450,287,61,29.98955067920585,87.6191548781255,83.46327892909287,4.155875949032634,2.3189848093517185,8.070496025653343,0.2873410509069653,225.0,230.0,5.0,77.10528494946502,74.7863001401133,16.278756010768262,13.033103199106504,36.1415087388917
681297,Colton Cowser,2024,561,287,54,25.153374233128837,94.79311362264136,90.69163020048956,4.1014834221518015,4.025419354567902,6.440197182690733,0.6250459792422178,178.0,198.0,20.0,92.3326971620362,88.3072778074683,10.979043015629475,8.582099214975056,36.1415087388917
650333,Luis Arráez,2024,669,403,178,35.35087719298245,126.76257428163512,122.77909315609924,3.9834811255358886,11.367642762208689,10.0714363636902,1.1287012449576315,21.0,34.0,13.0,138.43968985099215,127.07204708878346,13.358865530740026,9.203573715194254,36.1415087388917
650559,Bryan De La Cruz,2024,622,400,87,32.70645952575634,87.7231977367706,83.77287835332945,3.9503193834411547,3.224729952215796,7.679381694288418,0.4199205197228582,224.0,229.0,5.0,82.31981008637827,79.09508013416247,11.711363080381668,9.645345520928863,36.1415087388917
664761,Alec Bohm,2024,603,282,86,27.431906614785994,112.42132152164186,108.58832718319712,3.8329943384447347,7.043757753020429,7.957521576126608,0.8851697963537335,69.0,94.0,25.0,116.5877704835924,109.54401273057196,12.43986772563214,8.276949366518371,36.1415087388917
693304,Nick Gonzales,2024,387,234,59,34.31085043988269,99.87085997360936,96.05027921165544,3.82058076195392,4.1372729415104885,10.809767346345488,0.3827346888191074,142.0,171.0,29.0,98.30890037418636,94.17162743267588,15.181645821908578,10.076340143231326,36.1415087388917
664023,Ian Happ,2024,657,311,63,23.34834834834835,113.2218221009679,109.54105201488282,3.680770086085076,5.850610283286429,5.639565361608899,1.037422196241258,62.0,93.0,31.0,116.599012673417,110.74840239013056,10.777831236450368,8.575965108255888,36.1415087388917
676391,Ernie Clement,2024,451,305,124,43.44729344729345,88.59033500480405,84.9684130328919,3.621921971912144,-1.7113453950120885,12.191351027956255,-0.14037372815266863,219.0,223.0,4.0,78.23969506358752,79.9510404585996,16.710409796850186,10.311648309520097,36.1415087388917
642715,Willy Adames,2024,688,386,63,28.11361981063365,94.03500368089438,90.46951827612926,3.5654854047651128,3.4543566357123723,5.888000164273362,0.5866774013819469,185.0,200.0,15.0,91.61291261101394,88.15855597530157,10.38752685485077,8.37495178975192,36.1415087388917
663624,Ryan Mountcastle,2024,506,377,101,38.23529411764706,89.16263106827077,85.62826186107819,3.534369207192583,1.9405478750807958,10.448861432932038,0.18571859599599091,218.0,220.0,2.0,81.06122609005712,79.12067821497632,15.100038028070184,11.96203878358572,36.1415087388917
677800,Wilyer Abreu,2024,449,256,55,28.16281628162816,104.95478147752726,101.4521613007452,3.5026201767820595,5.4734087580666255,8.699055469490244,0.6291957531784036,110.0,133.0,23.0,106.3699093387752,100.89650058070858,14.347563493082506,11.086401558542518,36.1415087388917
664056,Harrison Bader,2024,434,277,65,33.616504854368934,69.7866512962971,66.2909283373878,3.4957229589092975,-1.000464834608593,8.910533542852159,-0.11227889214458371,265.0,266.0,1.0,54.29693509891937,55.29739993352796,13.300581684910696,10.727460922080848,36.1415087388917
641487,J. P. Crawford,2024,453,168,45,18.666666666666668,133.36505467497068,129.87676319707202,3.488291477898656,10.555531993397352,7.495880008197286,1.4081778232647955,11.0,16.0,5.0,147.43853114125147,136.88299914785412,13.00883193868249,10.072888023603694,36.1415087388917
670042,Luke Raley,2024,455,233,30,28.449328449328448,73.91437777973637,70.44960217244515,3.464775607291216,0.3841600581919806,5.713883263883321,0.06723274530654208,256.0,263.0,7.0,64.1710936576305,63.78693359943851,11.28733948782465,8.86567197724819,36.1415087388917
671732,Lawrence Butler,2024,451,252,57,27.184466019417474,104.98958403919882,101.52866391065096,3.460920128547855,5.550452340548901,8.492029089130845,0.6536073160245129,109.0,131.0,22.0,106.53088581360136,100.98043347305246,14.87277887922822,11.261413582242032,36.1415087388917
677951,Bobby Witt,2024,705,433,138,31.93215339233038,122.63615111637132,119.19779769536144,3.4383534210098787,9.550153152361744,9.04426637695455,1.0559345284982131,30.0,47.0,17.0,132.95791284458693,123.40775969222518,13.780552279219032,10.08278921634594,36.1415087388917
682998,Corbin Carroll,2024,683,346,95,25.0,109.29984650172769,105.86317483415556,3.436671667572128,5.503598002909385,7.058135864462455,0.7797523465961982,86.0,105.0,19.0,111.80291782773897,106.29931982482958,11.618759583999916,7.952544585220363,36.1415087388917
553869,Elías Díaz,2024,349,228,49,33.38213762811127,97.68670779510414,94.43904123181358,3.247666563290565,3.3210877018194083,10.040022105170182,0.33078489937877625,155.0,183.0,28.0,94.77187535293773,91.45078765111832,15.184552904862862,11.480226238790497,36.1415087388917
682626,Francisco Álvarez,2024,342,197,47,29.098966026587885,101.09060092257354,97.93842514051248,3.1521757820610645,4.485101067363999,9.966427226135028,0.4500209519016693,136.0,159.0,23.0,99.92533584247988,95.44023477511588,18.242130125727336,13.54540923770694,36.1415087388917
594807,Adam Duvall,2024,325,214,43,33.64779874213836,80.07563222722523,77.38248992981107,2.6931422974141555,-0.9310782110090372,9.307485374348547,-0.10003542026239344,244.0,252.0,8.0,65.68078808973789,66.61186630074693,15.498044568250425,12.695833514087283,36.1415087388917
665926,Andrés Giménez,2024,633,427,103,37.68755516328332,97.7247355538155,95.03609618594078,2.6886393678747282,2.6489964358600417,8.30456293732169,0.3189808369029438,154.0,179.0,25.0,96.0819022322084,93.43290579634836,11.445982052495664,8.710905810064729,36.1415087388917
571448,Nolan Arenado,2024,631,370,114,30.130293159609124,104.43499770940498,102.06290726349351,2.372090445911468,3.356412918014115,8.52896887696721,0.3935309140449826,114.0,129.0,15.0,105.20650807488911,101.850095156875,11.866710600450702,8.507784167750202,36.1415087388917
680869,Zack Gelof,2024,548,295,49,29.76791120080727,80.46780699836332,78.14414543379687,2.32366156456645,0.6630080692713136,6.42086913697111,0.10325830586606094,243.0,250.0,7.0,73.05991213732192,72.3969040680506,11.216834487148349,9.41398246871511,36.1415087388917
592450,Aaron Judge,2024,685,282,42,18.87550200803213,135.5104888830266,133.19272232919917,2.3177665538274255,6.865567778513736,4.901557188487375,1.4006911506896966,6.0,13.0,7.0,146.86774367129425,140.0021758927805,11.301337612672723,9.36542427378637,36.1415087388917
677587,Brayan Rocchio,2024,440,257,81,29.50631458094145,91.27535088331358,88.97326958370493,2.302081299608645,0.8364563666203679,9.737757679294036,0.08589825236655602,208.0,205.0,-3.0,85.97443537771113,85.13797901109076,13.324399477739174,10.205933769444911,36.1415087388917
642350,José Siri,2024,449,319,61,35.56298773690078,72.7720750239209,70.55448605091185,2.2175889730090574,-3.342620905601102,8.16132187140766,-0.40956856723316176,260.0,261.0,1.0,56.9181969938297,60.260817899430805,14.117809782770395,11.03746134124771,36.1415087388917
694671,Wyatt Langford,2024,559,266,69,23.11033883579496,113.18452588597376,111.038912367965,2.1456135180087585,4.101442738865245,7.318797677856805,0.5603984314628968,63.0,85.0,22.0,116.57491418566624,112.473471446801,10.817517612794916,8.407872841577099,36.1415087388917
642731,Thairo Estrada,2024,382,223,52,35.00784929356358,75.90666509165233,73.90894311558034,1.9977219760719862,-3.6436318415771396,8.862866713612998,-0.4111121107102594,253.0,257.0,4.0,61.62482013623303,65.26845197781017,14.170287634725522,10.675751906647715,36.1415087388917
683734,Andrew Vaughn,2024,619,398,80,33.166666666666664,85.9292390350318,84.02391324096405,1.9053257940677497,-0.05063772147472889,6.9316247363917975,-0.007305317786301276,230.0,227.0,-3.0,79.17759538605921,79.22823310753394,12.357465648438655,9.829842596570549,36.1415087388917
663886,Tyler Stephenson,2024,512,235,42,23.97959183673469,103.85716645155844,101.97199180605212,1.885174645506325,2.6265322394365995,6.044235387576212,0.4345516133993353,116.0,130.0,14.0,104.33864691500044,101.71211467556384,11.07262859780514,9.046544591183038,36.1415087388917
686217,Sal Frelick,2024,523,262,93,26.043737574552683,127.72160418771388,125.84437239332806,1.8772317943858212,8.244898704888982,9.299716916443908,0.8865752343826961,20.0,23.0,3.0,138.85258272079085,130.60768401590187,12.79340786417172,9.01469036944948,36.1415087388917
701538,Jackson Merrill,2024,593,387,88,34.55357142857143,101.65562645690868,99.83847011919438,1.8171563377142945,2.272195716688401,8.209089333594857,0.27679022901963957,126.0,149.0,23.0,101.26298475440647,98.99078903771807,14.06625768497248,9.872175878265018,36.1415087388917
672640,Otto Lopez,2024,436,245,54,32.19448094612352,94.04675289548167,92.23861789387156,1.8081350016101112,0.8943918647388784,8.399131550018852,0.10648623127433585,184.0,194.0,10.0,90.6605479891243,89.76615612438542,12.290766007631817,9.335632088865992,36.1415087388917
572233,Christian Walker,2024,551,288,45,24.51063829787234,96.25191350901784,94.44819212249912,1.803721386518717,1.82518596371699,5.5502467923823176,0.32884771290207265,166.0,182.0,16.0,94.53549261353324,92.71030664981625,10.200977331455809,8.759498858853092,36.1415087388917
600869,Jeimer Candelario,2024,462,322,84,34.96199782844734,84.60290596768527,82.83602517853828,1.7668807891469953,-1.9690612517464672,9.5924276961134,-0.20527246220936116,235.0,234.0,-1.0,74.45538349137829,76.42444474312475,14.574098430770167,11.02940120214436,36.1415087388917
641857,Ryan McMahon,2024,646,342,83,26.47058823529412,108.2250028536748,106.51642900706403,1.7085738466107614,3.2597814331955988,7.43310462911678,0.43854911182421147,92.0,100.0,8.0,110.56019148083269,107.30041004763709,12.213067784457632,9.554921410639547,36.1415087388917
686676,Korey Lee,2024,395,238,41,35.20710059171598,69.18719046813868,67.57116815695585,1.6160223111828316,-1.7432724999783105,7.756831284102888,-0.2247402884153265,266.0,265.0,-1.0,56.85864165025143,58.60191415022974,11.758424396179134,9.86217201715288,36.1415087388917
672386,Alejandro Kirk,2024,385,216,68,28.30930537352556,101.32950719153531,100.03622340257058,1.2932837889647288,1.663750483220383,9.875680901089455,0.16846944528522012,133.0,145.0,12.0,100.77953012643856,99.11577964321818,13.866866305160546,10.60390131992905,36.1415087388917
665161,Jeremy Peña,2024,645,431,90,37.05932932072227,72.66709956595317,71.54682786232252,1.1202717036306495,-2.0890561247176507,7.038283005729691,-0.2968133169719095,261.0,260.0,-1.0,63.24449895783872,65.33355508255637,10.864676583921485,8.70858727820256,36.1415087388917
673237,Yainer Diaz,2024,621,490,128,42.79475982532751,71.59693744077897,70.48501789752812,1.111919543250849,-4.466424876942739,9.114887304280648,-0.49001427311615364,264.0,262.0,-2.0,57.56402924493433,62.03045412187707,13.026435285118785,9.992360887921222,36.1415087388917
665862,Jazz Chisholm,2024,615,372,109,29.062500000000004,103.65859905417835,102.61261886086032,1.0459801933180302,1.9058105389332525,8.991140947498904,0.21196537236616209,117.0,123.0,6.0,104.34056466050814,102.43475412157488,14.175172415203672,10.827172813865367,36.1415087388917
621493,Taylor Ward,2024,662,267,46,21.023622047244096,121.9002533752474,120.86875995848776,1.0314934167596448,2.786877515196238,5.225660544856388,0.5333062665043099,32.0,44.0,12.0,125.96328631863356,123.17640880343733,8.807578975097075,7.103216645919751,36.1415087388917
661388,William Contreras,2024,674,359,69,25.771715721464467,101.54921916348884,100.53434964012844,1.014869523360403,1.2799895741845546,5.791119831919565,0.2210262628532555,128.0,140.0,12.0,101.32419090402354,100.04420132983898,9.95609824138349,8.430385783532216,36.1415087388917
650489,Willi Castro,2024,636,409,71,32.02819107282694,84.29400511104652,83.30229830796831,0.9917068030782019,-0.4163587483449618,6.471262019477513,-0.06433965231075257,236.0,231.0,-5.0,78.94586143760691,79.36222018595187,10.489757735312391,8.746854861326419,36.1415087388917
670770,TJ Friedl,2024,337,149,36,24.227642276422763,101.51164492773216,100.52628210537785,0.9853628223543183,1.2630275611663393,8.461744722476293,0.14926325510759672,129.0,141.0,12.0,101.11523981631812,99.85221225515178,12.929977382516196,9.871420500162822,36.1415087388917
606466,Ketel Marte,2024,577,285,76,26.21895124195032,111.25691460564724,110.4124703504432,0.8444442552040385,3.0502500737992904,7.6249376787572025,0.40003606616971776,76.0,89.0,13.0,115.31483382178052,112.26458374798123,13.058415402825176,9.959641635253169,36.1415087388917
642133,Rowdy Tellez,2024,421,227,56,27.4818401937046,91.05146773589102,90.21539668280724,0.8360710530837849,-0.5897408683059098,8.522549233208704,-0.06919770741927117,210.0,201.0,-9.0,85.84201492282536,86.43175579113127,13.077945148356063,10.610809493308984,36.1415087388917
573262,Mike Yastrzemski,2024,473,227,55,23.91991570073762,115.1657150950108,114.48711820501796,0.6785968899928321,4.350696367300955,7.877984436515629,0.5522600866199774,57.0,67.0,10.0,121.98628761424536,117.6355912469444,14.102884699682498,10.380622188599007,36.1415087388917
668942,Josh Rojas,2024,475,195,40,21.95945945945946,112.51070735336027,111.87707803291028,0.6336293204499981,2.0115075581102957,6.050725342035154,0.3324407313840703,67.0,79.0,12.0,115.6719834371842,113.6604758790739,10.787894572748856,8.910362748690682,36.1415087388917
679032,Johan Rojas,2024,361,226,71,34.93044822256569,97.62101792580428,97.01093916457752,0.6100787612267595,-0.6714497906883565,12.178740659187673,-0.055132941038678995,156.0,166.0,10.0,94.3773489650286,95.04879875571696,15.907596536417229,11.068340622490236,36.1415087388917
657757,Gavin Sheets,2024,500,364,92,32.38434163701068,100.9980152298137,100.46106937423087,0.5369458555828288,0.6521812487744825,9.59800986672911,0.06794963308333608,137.0,142.0,5.0,100.24621628993717,99.59403504116268,14.15857800957273,11.061405466823093,36.1415087388917
664774,LaMonte Wade,2024,395,169,30,20.09512485136742,107.5176545610926,106.98697845328785,0.5306761078047515,1.6077032040983994,5.843600828166167,0.27512200976310136,97.0,97.0,0.0,109.6431986569148,108.0354954528164,12.430366064780436,10.340956982056634,36.1415087388917
645277,Ozzie Albies,2024,434,292,84,33.71824480369515,101.4207579352943,100.92539391377532,0.49536402151898073,0.598834379598884,10.716392850400432,0.05588021902132001,132.0,136.0,4.0,100.85225136426432,100.25341698466544,14.744233184073954,10.686269251588191,36.1415087388917
606115,Orlando Arcia,2024,601,319,72,27.47631352282515,94.1693044158732,93.67593911602218,0.4933652998510212,-0.12876586266187928,6.6278708769648915,-0.019427937727242686,182.0,185.0,3.0,91.52819642846272,91.6569622911246,10.935203700189303,9.050441230358372,36.1415087388917
663647,Ke'Bryan Hayes,2024,394,210,57,28.187919463087248,98.30273345160188,97.8837405915814,0.41899286002048086,0.0021349234848457854,9.085251633798713,0.00023498782102011347,151.0,160.0,9.0,96.2146007654469,96.21246584196206,13.785623048453814,11.021928241176171,36.1415087388917
666397,Edouard Julien,2024,301,109,19,17.868852459016395,117.47229918769158,117.15300026132353,0.3192989263680488,2.166716741280169,6.4812886007191635,0.3343033885329146,48.0,56.0,8.0,123.35754623445266,121.19082949317249,12.056648996226244,10.573274237673475,36.1415087388917
608324,Alex Bregman,2024,636,280,79,23.82978723404256,122.88958428044953,122.58748755143448,0.302096729015048,4.5752895392267305,7.009896635420501,0.6526900148724196,28.0,35.0,7.0,130.16442503069464,125.58913549146791,11.497397497813257,7.733812645986238,36.1415087388917
686469,Vinnie Pasquantino,2024,556,342,93,30.92224231464738,96.68540789975503,96.42615925266117,0.2592486470938695,-0.8316343369815655,8.390919335730665,-0.09911123009373424,162.0,168.0,6.0,94.3486316769402,95.18026601392177,12.346110155787184,8.430418883223243,36.1415087388917
665742,Juan Soto,2024,710,283,80,18.036966220522626,148.4612391436171,148.32738313811657,0.1338560055005189,6.0720435969286655,6.664465919166444,0.9111073071085829,1.0,1.0,0.0,162.77070215103373,156.69865855410507,10.75547697880238,8.465603238929349,36.1415087388917
807799,Masataka Yoshida,2024,416,197,58,25.718015665796344,106.57007030942168,106.5000437301169,0.07002657930478051,1.489873102883081,8.667721502385659,0.17188751420693615,103.0,101.0,-2.0,108.72724589092964,107.23737278804656,13.870877234449122,9.289238871668164,36.1415087388917
656555,Rhys Hoskins,2024,517,277,52,25.48298068077277,116.02263434369468,115.9867103194003,0.035924024294374135,1.9522407228842695,6.746407027157614,0.289374879847234,54.0,60.0,6.0,120.78192873298885,118.82968801010458,11.404245693632385,9.267763451650117,36.1415087388917
668715,Spencer Steer,2024,656,329,75,24.88653555219365,104.56203401595997,104.54190964203652,0.020124373923451344,0.4781275047264586,6.48563649629244,0.07372098405450005,113.0,110.0,-3.0,105.28882493620762,104.81069743148116,11.175020849482072,8.79301404647696,36.1415087388917
672580,Maikel García,2024,627,231,91,20.77338129496403,121.58388145499242,121.56945299008764,0.01442846490478189,3.8762526229071312,7.691362746240204,0.5039747507425747,35.0,43.0,8.0,128.63868958566687,124.76243696275974,11.701051276083415,8.194530047649637,36.1415087388917
592885,Christian Yelich,2024,313,170,35,25.073746312684364,116.86805714337784,116.87614141258018,-0.008084269202342398,7.085121635987846,9.958082595377642,0.7114945641520014,50.0,57.0,7.0,128.43946731984417,121.35434568385632,17.25515414922849,11.24706243364063,36.1415087388917
656941,Kyle Schwarber,2024,690,312,50,21.066846725185687,110.5516628449072,110.6620248662498,-0.11036202134259554,0.7090557455396862,4.719290607983799,0.1502462561513271,79.0,87.0,8.0,112.81237200412744,112.10331625858775,10.159396788501953,8.637751374625516,36.1415087388917
624585,Jorge Soler,2024,571,337,55,26.938449240607515,95.39068792989906,95.60030048290037,-0.20961255300130688,-0.7885320746281366,6.371037506532977,-0.12376823614985182,175.0,173.0,-2.0,93.1470969236062,93.93562899823434,10.922217073521304,9.200006340283712,36.1415087388917
673548,Seiya Suzuki,2024,580,266,65,20.846394984326015,117.1263100074852,117.40999006096116,-0.2836800534759618,1.804932385648513,6.859845489051858,0.2631156034824895,49.0,53.0,4.0,122.29084739714908,120.48591501150057,11.426177248885883,9.144514240436212,36.1415087388917
669127,Shea Langeliers,2024,535,314,62,30.7843137254902,97.54822115568636,97.84879566355971,-0.3005745078733497,-0.7275435917897397,7.041193013865433,-0.10332675021932641,157.0,161.0,4.0,95.37061795242494,96.09816154421468,12.93567908725283,11.243676546064297,36.1415087388917
621020,Dansby Swanson,2024,594,267,56,23.98921832884097,110.40045376819693,110.72215412615398,-0.32170035795705587,0.4796232927820938,6.43076131383862,0.07458266127059834,81.0,86.0,5.0,112.45710037818894,111.97747708540685,9.781118443183692,8.028973950473313,36.1415087388917
668804,Bryan Reynolds,2024,688,421,77,30.3314121037464,92.321463411145,92.8978777450798,-0.5764143339347925,-1.4226802228854325,6.341596941122404,-0.2243410037083863,199.0,189.0,-10.0,89.06432494795399,90.48700517083942,10.973510189427136,9.509044676300572,36.1415087388917
672695,Geraldo Perdomo,2024,387,138,45,19.00826446280992,128.5997247488129,129.20910832083226,-0.6093835720193681,5.726762847129805,8.5327191366628,0.6711533281956329,17.0,17.0,0.0,138.90577668957445,133.17901384244465,12.102205304279952,7.679011140564159,36.1415087388917
656716,Zach McKinstry,2024,325,169,48,27.980132450331123,95.5416287434052,96.15390283691038,-0.612274093505178,-2.4047818814436113,10.036072274879887,-0.23961384649079684,173.0,170.0,-3.0,91.29234509761103,93.69712697905464,15.19594346539576,11.607353319064124,36.1415087388917
641933,Tyler O'Neill,2024,470,275,51,26.49325626204239,92.13420931809507,92.80163451324964,-0.6674251951545642,-1.961283111147182,7.623288365145845,-0.25727520949021054,202.0,191.0,-11.0,87.89143344837089,89.85271655951807,12.40946161823068,10.467951017965731,36.1415087388917
679529,Spencer Torkelson,2024,380,176,21,23.404255319148938,104.14607135213814,104.84602916649814,-0.6999578143600047,-0.5466511100314762,5.737423390513763,-0.09527815411623748,115.0,109.0,-6.0,104.70087504576928,105.24752615580076,10.861404885328644,9.704043113000813,36.1415087388917
683002,Gunnar Henderson,2024,716,345,90,23.31081081081081,121.60363367548524,122.31629106157756,-0.7126573860923173,2.2702324319704843,7.226257386323957,0.31416434685360217,34.0,37.0,3.0,129.12638840527012,126.85615597329964,12.076673558312477,9.578422605819076,36.1415087388917
608385,Jesse Winker,2024,504,185,45,19.31106471816284,136.97780446860915,137.7067915599417,-0.7289870913325558,3.756334672551475,5.968175724862382,0.6293941140009062,3.0,7.0,4.0,148.29002040547755,144.53368573292607,11.03703919500316,8.74258162127097,36.1415087388917
621438,Tyrone Taylor,2024,342,212,48,32.766615146831526,86.37799838067106,87.15778048171079,-0.7797821010397286,-5.740534836601967,10.254962278272972,-0.5597811752817802,229.0,213.0,-16.0,75.02698553365632,80.76752037025828,16.245847951578934,12.405981713002156,36.1415087388917
596019,Francisco Lindor,2024,687,345,93,26.59984579799537,117.88305528030816,118.7200229593636,-0.8369676790554479,1.5637607009968804,7.355200013193622,0.21260614234716055,46.0,49.0,3.0,123.15196037498248,121.5881996739856,11.255581049673768,8.449440938182763,36.1415087388917
665750,Leody Taveras,2024,529,294,69,28.79529872673849,92.79247835944707,93.63378005596036,-0.841301696513284,-2.7060118857927478,7.802758144722264,-0.3468019686888638,195.0,186.0,-9.0,88.98571938278852,91.69173126858126,12.15077145862936,8.856761178211476,36.1415087388917
683011,Anthony Volpe,2024,689,390,101,29.235382308845576,96.0344808480058,97.08369283246732,-1.0492119844615218,-2.0377125469892263,7.030681211881818,-0.2898314523983112,170.0,165.0,-5.0,94.18651496693656,96.22422751392578,10.402158723347211,7.368852845440192,36.1415087388917
643446,Jeff McNeil,2024,468,253,59,31.119311193111933,95.22688240543242,96.394532716699,-1.1676503112665841,-2.314771732890179,7.9510889588025515,-0.29112637839720357,176.0,169.0,-7.0,92.59111694544956,94.90588867833974,11.702328317700252,9.193746157559334,36.1415087388917
664238,Dylan Moore,2024,438,154,26,18.0327868852459,133.7090735795032,134.8895576615447,-1.1804840820414881,1.3551767191096928,5.889416750382936,0.23010372275345906,10.0,10.0,0.0,141.7420148517106,140.3868381326009,9.77408546384684,8.18644957386082,36.1415087388917
668670,Jake Rogers,2024,334,159,30,25.98039215686275,100.2601878231566,101.45868746110328,-1.1984996379466821,-1.9463195875606942,8.57403445242216,-0.22700160564561997,138.0,132.0,-6.0,98.77047061083324,100.71679019839394,16.12197235462223,12.834250431553295,36.1415087388917
680474,Max Schuemann,2024,461,192,37,21.524663677130047,116.1569554852317,117.35655741959212,-1.199601934360416,-0.4617138149528728,5.651966607825314,-0.08169082498003728,53.0,55.0,2.0,120.92115224535952,121.3828660603124,11.354299366612272,10.482003380301997,36.1415087388917
622534,Manuel Margot,2024,344,198,56,30.69767441860465,101.2092171642534,102.40928532483002,-1.2000681605766204,-1.639202127466703,10.62878566484052,-0.1542228980013305,135.0,126.0,-9.0,100.44378184233118,102.08298396979788,15.506930438741929,12.63618202865806,36.1415087388917
681351,Logan O'Hoppe,2024,522,358,59,34.25837320574163,81.96233105668458,83.185725115215,-1.223394058530431,-2.8564638004535112,7.157684376751853,-0.39907652392878634,239.0,232.0,-7.0,74.73885662330532,77.59532042375884,11.474273482492022,10.38849366698714,36.1415087388917
676356,Jonny DeLuca,2024,362,262,79,37.971014492753625,86.55102969290247,87.78454042233446,-1.233510729431984,-7.433659498059214,12.306891050802982,-0.6040241574718574,228.0,209.0,-19.0,74.75894134624141,82.19260084430063,16.648652542777658,11.838801813536035,36.1415087388917
621566,Matt Olson,2024,677,440,118,28.909329829172144,112.9151844182196,114.15970843374468,-1.2445240155250872,0.5197711062758401,8.019328977821187,0.06481478783491176,65.0,69.0,4.0,117.58420170664068,117.06443060036484,12.855973192220128,10.118521163187165,36.1415087388917
682829,Elly De La Cruz,2024,694,389,64,27.01388888888889,89.89973257135877,91.19387934037044,-1.2941467690116752,-2.7157091515761778,6.227081630959269,-0.4361126628041053,213.0,197.0,-16.0,86.43876568442823,89.15447483600441,10.156473703462543,8.101396151598674,36.1415087388917
663837,Matt Vierling,2024,567,242,53,22.06016408386509,112.28280355292677,113.60470714212828,-1.3219035892015114,-0.023918297670718403,6.310416808548952,-0.0037902880897368635,70.0,72.0,2.0,115.15459998218708,115.1785182798578,10.399928399428772,7.644064786631194,36.1415087388917
672275,Patrick Bailey,2024,447,214,43,24.797219003476243,110.8155663648066,112.1422355939785,-1.3266692291718982,-0.19956285541213958,7.243792249109426,-0.027549500116692945,77.0,78.0,1.0,114.02036348722986,114.219926342642,11.905064109264313,9.473845617109935,36.1415087388917
677594,Julio Rodríguez,2024,613,481,98,37.46105919003115,78.69936806231516,80.110210157724,-1.4108420954088388,-5.0280299678499745,8.706494716921114,-0.5775033617235159,247.0,243.0,-4.0,69.11859472313024,74.14662469098022,12.271009903918223,9.989480245972624,36.1415087388917
502110,J. D. Martinez,2024,495,318,46,30.0,93.64732079965736,95.16100804825948,-1.5136872486021105,-2.7854224503569753,6.980272976516585,-0.39904205175468715,190.0,176.0,-14.0,89.67612888421972,92.4615513345767,13.002701280608662,11.390888164409905,36.1415087388917
514888,José Altuve,2024,680,495,151,37.16216216216216,104.94764382738497,106.49702110112234,-1.5493772737373774,-1.1364403555690359,9.595380391094755,-0.1184361962996005,111.0,102.0,-9.0,106.27207127658669,107.40851163215572,13.899547264458104,10.332952876077194,36.1415087388917
641598,Mitch Garver,2024,431,182,28,20.17738359201774,120.4551345190642,122.16598968759116,-1.7108551685269617,0.5936004768981604,5.863230736352401,0.10124119339493157,37.0,39.0,2.0,127.31069442582434,126.71709394892618,11.889616315075154,9.628194976580462,36.1415087388917
670032,Nicky Lopez,2024,446,223,70,27.875,98.72306960190863,100.4382875375677,-1.7152179356590693,-2.4377639881711133,8.55264155986156,-0.28503053367883374,149.0,143.0,-6.0,97.41094478912872,99.84870877729983,11.536438593483878,9.083716753526556,36.1415087388917
666971,Lourdes Gurriel,2024,550,341,95,32.97872340425532,112.42294791565224,114.22452489933788,-1.801576983685635,0.13235992422274023,9.537222531893619,0.013878246395123185,68.0,68.0,0.0,117.90247799440176,117.77011807017902,14.264914307470717,11.146252938229289,36.1415087388917
607043,Brandon Nimmo,2024,664,331,68,24.35614422369389,119.83044753381692,121.63423867848718,-1.8037911446702566,0.28272804847384236,6.586344471433513,0.042926398657115304,40.0,42.0,2.0,125.0366870442708,124.75395899579696,10.545137302547504,8.085726959567644,36.1415087388917
666181,Will Benson,2024,388,173,19,21.89873417721519,97.48371149472496,99.3209018383765,-1.8371903436515424,-2.6009382274671964,4.932742468577409,-0.5272803605774499,159.0,153.0,-6.0,95.70105558969648,98.30199381716368,11.626856062964116,10.075275480285844,36.1415087388917
656775,Cedric Mullins,2024,498,255,64,27.6273022751896,110.70374608238636,112.67040000601564,-1.9666539236292806,-0.9624572377750837,8.026970970909034,-0.11990291745954676,78.0,75.0,-3.0,114.40544867390908,115.36790591168416,12.880568075431514,10.489567039713444,36.1415087388917
669394,Jake Burger,2024,576,402,69,36.94852941176471,72.0392045958285,74.01441609316035,-1.9752114973318555,-6.040198670746179,7.238393853808385,-0.8344667052854837,263.0,256.0,-7.0,60.41723153583797,66.45743020658415,11.940777384702066,10.002001689573769,36.1415087388917
453568,Charlie Blackmon,2024,498,278,83,29.41798941798941,112.9497429241828,114.98732704585431,-2.0375841216715145,0.3264651925990876,9.26417706170333,0.03523952429068352,64.0,63.0,-1.0,118.74085554084049,118.4143903482414,14.294240744856166,10.597887472618533,36.1415087388917
676694,Jake Meyers,2024,512,290,65,31.453362255965292,93.77870084190336,95.86454450898238,-2.0858436670790184,-3.6423333547076595,7.879553114878662,-0.46225125988807403,187.0,172.0,-15.0,90.40067153044022,94.04300488514788,12.083452082671668,9.795555408287017,36.1415087388917
660821,Jesús Sánchez,2024,536,388,86,36.26168224299066,78.06097707425099,80.27265938570233,-2.211682311451341,-6.7724402923158635,8.507374232710008,-0.7960670480765386,249.0,242.0,-7.0,66.00395318750344,72.7763934798193,13.583984980954982,11.239445568362312,36.1415087388917
595777,Jurickson Profar,2024,663,292,92,22.12121212121212,136.38583121031826,138.6277280396489,-2.241896829330642,3.958525330292673,7.46821085522702,0.5300500222917637,5.0,6.0,1.0,149.97500515040556,146.0164798201129,12.201815242254034,8.976240567958987,36.1415087388917
650402,Gleyber Torres,2024,665,297,75,21.459537572254337,124.1003233942968,126.444119279076,-2.3437958847792117,-0.5108770038334001,6.221752013291271,-0.0821114378622026,23.0,21.0,-2.0,129.98311040931358,130.49398741314698,10.046527875396343,8.204283340182922,36.1415087388917
605137,Josh Bell,2024,602,326,91,27.60372565622354,89.5136702760447,91.90891721241309,-2.3952469363683804,-5.217009143876069,8.038115640072112,-0.6490338504049272,214.0,195.0,-19.0,84.46188622017078,89.67889536404685,12.085339773332551,8.73569909267739,36.1415087388917
694192,Jackson Chourio,2024,569,337,87,32.095238095238095,81.90983662680979,84.39980335579263,-2.4899667289828358,-6.162611007937031,8.63593274577147,-0.713601088539569,241.0,226.0,-15.0,74.0259303968111,80.18854140474814,11.971971542094414,9.303077849780664,36.1415087388917
663993,Nathaniel Lowe,2024,566,282,58,23.53923205342237,123.12215382318747,125.75140807606095,-2.62925425287348,0.1486013028779496,7.016573497064732,0.02117861416831371,25.0,24.0,-1.0,131.15950246782663,131.01090116494868,12.016942060503489,9.492082989671346,36.1415087388917
672820,Lenyn Sosa,2024,368,256,79,37.5366568914956,85.66315981462878,88.33123736425645,-2.668077549627668,-8.616255647599345,12.414189850754898,-0.6940650780425592,232.0,206.0,-26.0,73.79533410991732,82.41158975751667,16.252838223558335,12.402689905107248,36.1415087388917
680776,Jarren Duran,2024,737,395,78,28.25464949928469,77.90306180360204,80.75422096880318,-2.851159165201139,-4.910602737362893,5.747805561960847,-0.8543439203757017,250.0,240.0,-10.0,72.4260386844584,77.3366414218213,9.125880515944372,7.669930972898772,36.1415087388917
672284,Jarred Kelenic,2024,449,255,33,29.859484777517565,77.4096963724545,80.27389690396194,-2.8642005315074357,-5.540756272183543,6.411624508755143,-0.8641735436343131,252.0,241.0,-11.0,68.98626209354201,74.52701836572555,11.205114234144723,9.84124689617821,36.1415087388917
643565,Mike Tauchman,2024,352,176,42,22.886866059817944,120.38350565044192,123.24982591684255,-2.866320266400635,0.21904808157214006,8.61294543663409,0.02543242415544006,38.0,29.0,-9.0,129.7458764229723,129.52682834140015,13.922019038519766,10.997546923211964,36.1415087388917
521692,Salvador Pérez,2024,645,559,163,43.40062111801242,79.31035113254684,82.1968637537459,-2.88651262119906,-6.955480416623217,9.760148845190631,-0.7126408138796541,246.0,235.0,-11.0,66.64941579049204,73.60489620711526,14.291753400410933,12.572004110306183,36.1415087388917
665487,Fernando Tatís,2024,436,219,51,28.47854356306892,103.59981380062388,106.60406010315276,-3.004246302528884,-3.2769546123246585,9.126304519147943,-0.35906698110382623,118.0,99.0,-19.0,104.25136483277426,107.52831944509892,14.189370249578936,10.24023728146227,36.1415087388917
669707,Jared Triolo,2024,447,220,46,25.37485582468281,107.50326877011445,110.51903196947762,-3.015763199363178,-2.797894178037126,7.860128001615685,-0.3559603835283606,98.0,88.0,-10.0,109.41132920294864,112.20922338098576,11.793848544040063,9.444817982651491,36.1415087388917
663728,Cal Raleigh,2024,623,431,90,33.10291858678956,96.03585198151256,99.15456473373824,-3.118712752225676,-5.035260967466016,7.7770529844850715,-0.6474510302953024,169.0,155.0,-14.0,93.00472774330282,98.03998871076884,13.323710526004795,10.318683518293772,36.1415087388917
663697,Jonathan India,2024,633,238,65,18.53582554517134,128.2907054755496,131.50798597523357,-3.217280499683966,-1.0696174216447787,5.991570757959983,-0.178520368840468,19.0,14.0,-5.0,134.85348613672454,135.92310355836932,9.71489678988162,7.762389038375714,36.1415087388917
571771,Enrique Hernández,2024,395,189,49,26.507713884992988,118.61387710804703,121.9369259378263,-3.3230488297792675,-1.1362174617365781,9.159330313664489,-0.1240502769117841,43.0,41.0,-2.0,126.89851042989886,128.03472789163544,13.792171493293935,11.212735026350042,36.1415087388917
553993,Eugenio Suárez,2024,639,341,76,27.455716586151368,98.06704574170132,101.42459198087084,-3.3575462391695226,-4.580344476422482,7.156870121466329,-0.6399926781798357,152.0,134.0,-18.0,96.42135968417446,101.00170416059694,11.90037035319843,9.5961631897398,36.1415087388917
641343,Jake Bauers,2024,346,140,12,20.0,99.3073264176849,102.67554284931254,-3.36821643162763,-4.230591981551342,4.076011306889771,-1.0379244960386347,143.0,122.0,-21.0,98.28708850525682,102.51768048680816,11.093543789518042,10.796116144612284,36.1415087388917
686668,Brenton Doyle,2024,602,336,63,30.243024302430243,91.68127156046626,95.13014300093126,-3.4488714404649983,-4.996631623995569,6.9698719668509685,-0.7168900157362686,206.0,178.0,-28.0,88.38209269026918,93.37872431426474,10.709041821718124,9.157610074405628,36.1415087388917
646240,Rafael Devers,2024,588,379,110,30.466237942122188,118.97512973722164,122.46827924986846,-3.4931495126468235,-0.345746700991981,8.986543453405254,-0.03847382509022063,41.0,36.0,-5.0,131.40365813466198,131.74940483565396,16.707920006550196,13.641223118379218,36.1415087388917
516782,Starling Marte,2024,368,206,44,30.338733431516932,98.86844125659144,102.42761271758891,-3.559171460997476,-4.880964227025515,9.43606031527448,-0.5172671712499048,148.0,125.0,-23.0,97.32367566902536,102.20463989605088,12.77285486544606,10.568966970060783,36.1415087388917
681082,Bryson Stott,2024,570,323,103,28.383128295254835,110.50164071586208,114.10127236642992,-3.5996316505678436,-2.136298279031081,8.883619687670155,-0.24047610705308717,80.0,70.0,-10.0,113.9310059747824,116.06730425381348,12.55128478631233,8.346815266650173,36.1415087388917
665489,Vladimir Guerrero,2024,686,357,111,27.67441860465116,114.71327437204916,118.3164304286725,-3.603156056623348,-1.2544429381257203,7.935561111485604,-0.15807866898159115,60.0,51.0,-9.0,119.8051573258052,121.05960026393092,12.407069129771154,8.372833953026552,36.1415087388917
696285,Jacob Young,2024,520,240,69,26.755852842809364,96.24966053809352,99.91807079670411,-3.6684102586105922,-5.239125633140844,7.9270584405567375,-0.6609167413647687,167.0,147.0,-20.0,94.1534834650049,99.39260909814574,11.271046483870938,7.866343884296254,36.1415087388917
657557,Paul DeJong,2024,479,310,47,34.675615212527966,73.38101919548552,77.06978124346664,-3.6887620479811147,-6.496891987926084,7.142816222456537,-0.9095700891057913,258.0,253.0,-5.0,63.67483449394593,70.17172648187201,11.161799272357912,10.09926218595636,36.1415087388917
666624,Christopher Morel,2024,610,316,69,26.532325776658272,100.01864923593246,103.7488117519816,-3.7301625160491483,-4.619476333612383,6.622591632978525,-0.6975330187367696,140.0,115.0,-25.0,99.25360992339624,103.87308625700862,10.950378419784432,9.34318483338561,36.1415087388917
670623,Isaac Paredes,2024,642,395,108,26.779661016949152,122.17701527234988,125.9133490657524,-3.7363337934025225,-0.35000982452828566,7.970399371837368,-0.04391371224947791,31.0,22.0,-9.0,130.28037426757302,130.6303840921013,12.351067619310284,8.957162620014676,36.1415087388917
680977,Brendan Donovan,2024,648,281,79,23.61344537815126,116.7737276341002,120.54010837172942,-3.7663807376292198,-2.86302865190666,6.429558812607364,-0.4452916188110305,52.0,46.0,-6.0,119.8477711802019,122.71079983210856,8.922788167295826,6.954182782427851,36.1415087388917
668227,Randy Arozarena,2024,644,355,102,24.738675958188157,118.31083533159378,122.0774149490476,-3.7665796174538144,-1.767554050784014,7.779903342193944,-0.22719486001808875,44.0,40.0,-4.0,124.12329481707746,125.89084886786148,11.661960265522366,8.834073865135835,36.1415087388917
542303,Marcell Ozuna,2024,686,425,98,26.529338327091136,112.04880308162952,115.82929559255716,-3.780492510927644,-2.8753489576838405,7.310417593004551,-0.3933221216302753,71.0,62.0,-9.0,116.55282959421224,119.42817855189608,13.181186537335224,10.49208190723216,36.1415087388917
669257,Will Smith,2024,541,302,75,26.63139329805996,121.70888120104732,125.55131625394516,-3.842435052897841,-1.5661839688632995,7.761837854764765,-0.20178004206849864,33.0,26.0,-7.0,130.18046606347875,131.74665003234205,12.780701426000258,10.348016534722726,36.1415087388917
592518,Manny Machado,2024,641,346,84,29.80189491817399,93.75488024913084,97.6159142171344,-3.861033968003568,-5.2260322735153295,7.157069140133989,-0.7301916708069544,188.0,163.0,-25.0,91.31794128880767,96.543973562323,10.24901485929207,8.612787348354765,36.1415087388917
456781,Donovan Solano,2024,308,183,36,29.756097560975608,95.41829798226767,99.30506864329926,-3.8867706610315906,-5.937754445775369,9.440095372212266,-0.628993056919071,174.0,154.0,-20.0,91.84474721939492,97.78250166517029,13.81168405498182,12.291159399810486,36.1415087388917
543760,Marcus Semien,2024,715,338,81,25.39444027047333,107.84692091970432,111.76446243183044,-3.917541512126121,-3.914785331767021,6.507041860125413,-0.6016228903884091,96.0,81.0,-15.0,109.13752590409534,113.05231123586236,9.388996393317123,7.62149220071706,36.1415087388917
656811,Ryan O'Hearn,2024,492,255,62,26.370217166494317,103.19530394102638,107.27180660614977,-4.076502665123385,-4.652109667357436,7.566844125975078,-0.614801836790573,120.0,96.0,-24.0,103.53258844781884,108.18469811517627,12.52530139554318,9.305510739251984,36.1415087388917
502671,Paul Goldschmidt,2024,653,392,88,29.518072289156628,105.86827623841448,110.2007075301072,-4.332431291692714,-4.476880840591093,7.59553006903811,-0.5894099292477741,106.0,90.0,-16.0,107.0414672719465,111.5183481125376,11.215126030345264,8.526648727233379,36.1415087388917
668709,JJ Bleday,2024,642,318,70,24.72783825816485,96.21982218186965,100.55586221819216,-4.336040036322515,-5.383869714340904,6.174996781648749,-0.8718821895326379,168.0,139.0,-29.0,94.7574797096549,100.1413494239958,9.391240242230236,7.784182467908826,36.1415087388917
663457,Lars Nootbaar,2024,404,138,28,17.037037037037038,139.09017520152713,143.44547857381576,-4.355303372288631,2.1444885798279074,6.951873346586531,0.30847635923644695,2.0,3.0,1.0,153.73270383703357,151.58821525720566,12.190247659744122,8.841136996424781,36.1415087388917
687462,Spencer Horwitz,2024,381,199,56,26.04712041884817,130.25841696051862,134.7075654596779,-4.449148499159293,4.332852566723801,10.432701211137166,0.41531454596805417,15.0,11.0,-4.0,152.5329528903654,148.2001003236416,17.254225484651336,12.862311867999676,36.1415087388917
608369,Corey Seager,2024,523,265,58,27.836134453781515,93.02463388419612,97.69561436493994,-4.670980480743822,-6.019716435254054,6.768565010816831,-0.8893637610976561,194.0,162.0,-32.0,90.44315578268768,96.46287221794174,10.129195313147786,9.302865946227293,36.1415087388917
680757,Steven Kwan,2024,543,201,72,19.23444976076555,134.5719099573454,139.33181553690096,-4.75990557955555,-0.42978230628349934,7.710041200825456,-0.05574319190894671,8.0,5.0,-3.0,144.5122503300088,144.9420326362923,10.725983989366147,7.745075938667856,36.1415087388917
680700,Richie Palacios,2024,320,152,32,23.565891472868216,108.34223179788611,113.18173014346388,-4.839498345577766,-5.56663597746315,7.585410215926694,-0.7338609012568855,90.0,73.0,-17.0,110.99208737455189,116.55872335201504,12.881074446658737,11.432049784586544,36.1415087388917
656305,Matt Chapman,2024,644,315,85,24.418604651162788,123.07545083481529,127.93332989553976,-4.857879060724471,-2.315769529173963,7.251492767570093,-0.31935073279400866,26.0,20.0,-6.0,130.42130316357571,132.73707269274968,11.501341167433802,8.662156126405405,36.1415087388917
642086,Dominic Smith,2024,307,169,38,27.12680577849117,109.7827813470966,114.6410612669438,-4.858279919847192,-5.121738723866329,10.071820783089413,-0.5085216302166267,83.0,66.0,-17.0,115.74686038089467,120.868599104761,17.338660946255327,14.500743584829795,36.1415087388917
664040,Brandon Lowe,2024,421,252,40,31.072749691738597,90.69578543970336,95.58177380175668,-4.885988362053325,-8.068589196773274,8.351367645150173,-0.9661398635059355,212.0,174.0,-38.0,85.37617381961367,93.44476301638694,13.013047705815458,10.411142943490615,36.1415087388917
657077,Alex Verdugo,2024,620,279,87,25.6198347107438,102.431797306087,107.37155941416113,-4.93976210807412,-5.50764719937969,7.1108317937074155,-0.774543310707134,122.0,95.0,-27.0,102.4422399686,107.9498871679797,10.232533087402087,7.317513395356308,36.1415087388917
668939,Adley Rutschman,2024,637,378,119,29.121725731895225,111.80077161028991,116.76315576271796,-4.962384152428044,-3.793792846903017,8.712576203005868,-0.43543869901466636,73.0,58.0,-15.0,115.79721792537606,119.59101077227908,12.578904719671469,8.974638909351025,36.1415087388917
663586,Austin Riley,2024,470,256,37,28.28729281767956,94.86979193226136,99.89503723211511,-5.025245299853751,-6.55153781282641,6.57957276855996,-0.995739091773935,177.0,148.0,-29.0,92.66379297775023,99.21533079057664,10.448750452407658,8.915462046730806,36.1415087388917
624424,Michael Conforto,2024,486,239,57,24.63917525773196,106.54672440988249,111.8398021647282,-5.2930777548457115,-5.765987185709989,7.592382398819141,-0.7594437269923054,104.0,80.0,-24.0,108.3208402649254,114.08682745063538,12.614490265362448,10.023282464251505,36.1415087388917
671739,Michael Harris,2024,469,326,79,39.95098039215687,72.96095926648869,78.29186051836467,-5.330901251875986,-11.746377926223445,9.561032590915673,-1.2285679203085405,259.0,249.0,-10.0,59.778233532947226,71.52461145917067,12.914905132637951,10.245514536344777,36.1415087388917
672761,Wenceel Pérez,2024,422,257,74,28.55555555555556,104.60095034725124,110.0404195420723,-5.439469194821058,-6.5907629779491685,10.205078261670366,-0.6458316936876086,112.0,91.0,-21.0,105.78647065828996,112.37723363623913,14.146001582803196,11.48737243106352,36.1415087388917
519203,Anthony Rizzo,2024,375,250,77,33.96739130434783,81.7414181644115,87.22319925534566,-5.481781090934163,-12.658248203857795,11.4561838761026,-1.1049271154125486,242.0,212.0,-30.0,68.51402886935406,81.17227707321186,15.443794519917397,12.09678708241348,36.1415087388917
592206,Nick Castellanos,2024,659,448,100,37.933954276037255,79.47136599742905,85.05139039510266,-5.580024397673611,-10.007401705401932,7.609147211786871,-1.3151804567402863,245.0,222.0,-23.0,70.90719193687661,80.91459364227855,11.795471010617122,9.384532250306814,36.1415087388917
665833,Oneil Cruz,2024,595,403,83,31.80741910023678,87.81940422062023,93.42432200484588,-5.604917784225648,-9.074775424226033,8.30730612258065,-1.0923848586197242,222.0,188.0,-34.0,81.8162434513821,90.89101887560814,12.38491351004883,10.00655534520365,36.1415087388917
694384,Nolan Schanuel,2024,604,255,89,21.77625960717336,123.30358943771952,129.03265842082232,-5.729068983102792,-4.187519786652558,7.334391925125467,-0.5709430078732701,24.0,18.0,-6.0,129.69840270331662,133.88592248996918,10.672323869974338,8.51942503854907,36.1415087388917
669004,MJ Melendez,2024,450,266,64,28.26780021253985,93.69726930600405,99.47969992767251,-5.7824306216684676,-8.76439303163778,8.734735562110131,-1.0033953482983844,189.0,152.0,-37.0,89.6375729283867,98.40196596002448,13.184492558603974,10.580945566196537,36.1415087388917
676059,Jordan Westburg,2024,444,245,51,30.434782608695656,92.20012310144524,98.174964096499,-5.9748409950537535,-9.468412080911136,8.518770464491547,-1.1114763709596287,201.0,158.0,-43.0,87.38531191150985,96.85372399242098,13.26224338962543,10.080007473723196,36.1415087388917
663538,Nico Hoerner,2024,639,356,129,32.27561196736174,112.5753819107924,118.55860844052476,-5.983226529732363,-4.988358954299542,9.169823542234928,-0.5439972679216625,66.0,50.0,-16.0,116.28510749056382,121.27346644486336,11.649103746898842,8.263587904575603,36.1415087388917
643376,Danny Jansen,2024,323,140,41,20.348837209302324,117.96018275246055,123.98597890448455,-6.025796152024,-4.528970542177987,8.937195911286048,-0.5067552045556843,45.0,28.0,-17.0,126.70355458653368,131.23252512871167,14.463338903222398,11.605282834709929,36.1415087388917
663656,Kyle Tucker,2024,339,121,27,17.41007194244604,131.33535158355636,137.42408387322428,-6.088732289667917,-3.04541606241753,7.900773608327261,-0.38545795809257477,13.0,8.0,-5.0,145.05859244946998,148.1040085118875,13.28877246936381,10.97990333503337,36.1415087388917
657041,Lane Thomas,2024,526,234,57,22.98624754420432,122.84114433979848,128.969544776539,-6.1284004367405345,-5.458271444581669,7.456314734059262,-0.732033402459415,29.0,19.0,-10.0,130.65207769206,136.11034913664167,11.927601031825663,10.346609181145338,36.1415087388917
671218,Heliot Ramos,2024,514,310,61,29.980657640232103,83.61190578627118,89.76965453114262,-6.157748744871441,-9.295264109082865,7.4800548522745185,-1.2426732547631494,237.0,202.0,-35.0,76.5759747747044,85.87123888378727,11.811150834640785,10.590286775992627,36.1415087388917
543807,George Springer,2024,613,262,58,23.646209386281587,105.0649713443602,111.24463661589728,-6.1796652715370755,-6.60405594665562,5.749935091327119,-1.1485444342870599,108.0,84.0,-24.0,105.54953612345008,112.1535920701057,8.220639237329062,6.6065351680835045,36.1415087388917
656896,Emmanuel Rivera,2024,302,174,38,28.903654485049834,108.35489281873512,114.7553078077998,-6.4004149890646715,-7.453063334698996,10.890922326951406,-0.6843372040451657,89.0,65.0,-24.0,112.18475136047256,119.63781469517156,15.469297421127738,12.77603633865315,36.1415087388917
671277,Luis García,2024,527,352,106,35.77235772357724,93.16453462813516,99.76476185955246,-6.600227231417307,-10.177605108465173,9.937190907108407,-1.0241933765391171,193.0,150.0,-43.0,88.54172779157774,98.71933290004291,13.65715374501816,10.845068724859852,36.1415087388917
656582,Connor Joe,2024,415,177,30,22.04234122042341,99.10264998094952,105.78302805469934,-6.6803780737498215,-8.240120916573844,5.54209349662777,-1.4868245946387872,145.0,106.0,-39.0,98.19036214305892,106.43048305963276,10.158900313441949,9.838473499090728,36.1415087388917
593428,Xander Bogaerts,2024,462,212,60,25.696969696969692,111.91811767313874,118.78669531819124,-6.868577645052497,-6.603331855407603,8.5227766846502,-0.7747864457484167,72.0,48.0,-24.0,115.83933954648164,122.44267140188924,12.382954619561392,9.519100739506808,36.1415087388917
502054,Tommy Pham,2024,479,169,45,18.75693673695893,115.90239687259164,122.85021196231553,-6.947815089723889,-7.632672551948858,6.711098166602225,-1.137320951425334,56.0,31.0,-25.0,119.75407764008489,127.38675019203374,10.304923688405198,9.443943566244103,36.1415087388917
669016,Brandon Marsh,2024,478,252,36,23.66197183098592,95.92115238490732,102.90896087908057,-6.987808494173251,-9.355900596669912,6.6676415957296795,-1.4031798893722691,171.0,119.0,-52.0,93.46922534650894,102.82512594317885,11.876681589737652,10.571051100607775,36.1415087388917
621439,Byron Buxton,2024,383,244,58,33.33333333333333,99.2687621656324,106.42304299684014,-7.154280831207743,-10.827515247939743,10.568212178986732,-1.0245361338854073,144.0,103.0,-41.0,97.17549922786996,108.0030144758097,15.791953245101078,13.759384267571704,36.1415087388917
457759,Justin Turner,2024,536,286,73,25.176056338028168,128.41113814549038,135.73466494285915,-7.323526797368771,-6.376879849098913,8.34022648860796,-0.7645931267944807,18.0,9.0,-9.0,137.8028675186104,144.17974736770933,11.59469964502771,10.014026164161596,36.1415087388917
518692,Freddie Freeman,2024,632,348,98,26.78983833718245,115.10479641479846,122.80024948339616,-7.6954530685977005,-7.177874171353693,7.945132592587759,-0.9034303817723742,58.0,33.0,-25.0,119.58830398433383,126.76617815568753,11.461587558518108,8.84130416201045,36.1415087388917
660688,Keibert Ruiz,2024,483,333,111,38.67595818815331,77.52050879556764,85.22598308137293,-7.705474285805295,-15.831480157045107,10.636745231498049,-1.4883763606713223,251.0,221.0,-30.0,64.67817654492944,80.50965670197455,13.866244997706264,10.068892637336054,36.1415087388917
660271,Shohei Ohtani,2024,720,390,98,26.71232876712329,109.67202785554768,117.38539250457208,-7.713364649024399,-8.477206258500871,7.442064877802829,-1.1390933024227616,84.0,54.0,-30.0,112.27861708111642,120.7558233396173,11.549415368653346,9.580576867241446,36.1415087388917
624413,Pete Alonso,2024,689,372,94,26.12359550561798,96.2567376004335,104.36116308428925,-8.10442548385575,-10.864439640068724,7.372617873707671,-1.47362033760269,165.0,112.0,-53.0,93.79375965736256,104.65819929743128,12.224489925648776,9.936253301763523,36.1415087388917
593871,Jorge Polanco,2024,467,235,47,24.02862985685072,92.72751385634888,100.9043543793585,-8.176840523009616,-10.783684381308674,7.482555771984113,-1.4411766126334153,196.0,137.0,-59.0,89.54608461176645,100.32976899307512,11.070649786510618,9.836165969944094,36.1415087388917
669911,Michael Toglia,2024,457,287,42,27.30732635585157,89.32669662744695,97.55075836355776,-8.224061736110812,-12.280713135510737,7.230470721067222,-1.6984666156974764,217.0,164.0,-53.0,83.30782946944213,95.58854260495286,13.096779522884717,11.585430115237026,36.1415087388917
669224,Austin Wells,2024,414,208,39,25.52147239263804,94.0784524772129,102.43546622418702,-8.357013746974118,-10.523552057476081,6.622927641152807,-1.5889577280123084,183.0,124.0,-59.0,91.74297722249548,102.26652927997156,10.226714068342694,9.246802213722637,36.1415087388917
687263,Zach Neto,2024,600,369,99,31.538461538461537,91.8523070144072,100.30766509269442,-8.455358078287219,-13.191923659923006,8.937155115283593,-1.4760763900542864,204.0,144.0,-60.0,86.27026941949943,99.46219307942243,14.042315057335752,10.629258822068213,36.1415087388917
593160,Whit Merrifield,2024,336,174,49,25.588235294117645,108.06278856975452,116.5567535108989,-8.493964941144384,-9.817345329585109,10.269688849787297,-0.9559535321061303,94.0,59.0,-35.0,111.04343070079248,120.8607760303776,13.994129792364395,11.157202244866014,36.1415087388917
682928,CJ Abrams,2024,597,394,102,35.916134913400185,78.27523079192807,86.82134502682027,-8.546114234892201,-13.958699701712035,8.48644300713927,-1.6448233600307216,248.0,214.0,-34.0,69.83625563874952,83.79495534046156,11.414907484875584,8.449423352244244,36.1415087388917
575929,Willson Contreras,2024,353,214,24,30.354609929078013,92.01553874518872,100.63418064144636,-8.618641896257643,-11.81307868416863,7.269486364580772,-1.6250224695001385,203.0,138.0,-65.0,87.98471933752981,99.79779802169844,12.026174194053894,11.22479805710614,36.1415087388917
676914,Davis Schneider,2024,454,236,38,23.09197651663405,95.64905671416746,104.4343230833255,-8.785266369158037,-11.152521138280889,6.346142407118802,-1.75737013492961,172.0,111.0,-61.0,93.5872415601632,104.7397626984441,10.669047101020327,9.772958471651924,36.1415087388917
666158,Gavin Lux,2024,488,224,48,23.30905306971904,102.71389424762135,111.53761557060912,-8.823721322987765,-10.38433110771436,6.553312217088861,-1.584592762211981,121.0,83.0,-38.0,102.79671926424598,113.18105037196034,9.829552559908535,8.725937668571074,36.1415087388917
672515,Gabriel Moreno,2024,350,158,56,21.823204419889503,124.6482225734762,134.14112256868515,-9.492899995208944,-7.575967985143052,10.2308799838084,-0.7405001326506551,22.0,12.0,-10.0,136.15513878949417,143.73110677463723,13.876842719890622,10.942598051102555,36.1415087388917
669289,Santiago Espinal,2024,392,203,56,27.884615384615387,92.42149330174058,102.12131939196256,-9.699826090221976,-13.408884909177203,8.83600400820138,-1.5175281605498796,198.0,127.0,-71.0,88.42717354114656,101.83605845032376,12.2128210036063,10.113543155506171,36.1415087388917
673490,Ha-Seong Kim,2024,469,174,60,18.790496760259177,130.75130412776065,140.842896449874,-10.091592322113343,-4.142300875112795,8.418575559581086,-0.4920429644892228,14.0,4.0,-10.0,144.04772296172098,148.19002383683377,13.214505049558726,8.68356971625562,36.1415087388917
592626,Joc Pederson,2024,441,290,79,30.2713987473904,107.48842689801532,117.73216683529633,-10.243739937281006,-13.63999038162504,10.58831777163698,-1.2882112792423555,99.0,52.0,-47.0,111.26109043891492,124.90108082053996,16.607922488284032,13.804845873697811,36.1415087388917
570482,Gio Urshela,2024,458,306,100,36.51551312649165,92.22029849481268,103.21451604799128,-10.9942175531786,-15.833669013354594,10.813149864978653,-1.4642975646380587,200.0,117.0,-83.0,87.38530885887452,103.21897787222912,13.303175057117764,10.474707677536047,36.1415087388917
695578,James Wood,2024,338,147,32,21.060171919770774,111.47260734355513,122.81446605234488,-11.341858708789758,-15.002806244515796,8.795007615795948,-1.705832092466931,74.0,32.0,-42.0,116.50157408232084,131.50438032683664,14.363373292555064,13.082603893264633,36.1415087388917
643217,Andrew Benintendi,2024,523,240,85,25.07836990595611,113.62110634582385,125.19361111027254,-11.572504764448695,-12.367379087342115,9.253839789376826,-1.3364591746595347,61.0,27.0,-34.0,117.7960743264649,130.16345341380702,11.768370691071684,9.343275519401262,36.1415087388917
681624,Andy Pages,2024,442,258,68,30.677764565992867,93.6233074307333,105.35729134567649,-11.733983914943181,-17.375352784631175,9.057785625317718,-1.9182782087560946,191.0,107.0,-84.0,88.8203681004465,106.19572088507768,14.280104888486514,12.250295230784712,36.1415087388917
630105,Jake Cronenworth,2024,656,301,65,22.872340425531917,103.584140896394,115.9738842208639,-12.38974332446989,-14.081293614256737,6.12558691208787,-2.2987664392565463,119.0,61.0,-58.0,103.8321758374276,117.91346945168434,8.812270609111495,7.658796918579576,36.1415087388917
605141,Mookie Betts,2024,516,223,69,21.217887725975263,134.44143529505544,147.05056674526764,-12.609131450212203,-7.233488852016478,9.154702837781592,-0.7901391208640617,9.0,2.0,-7.0,148.65950348062455,155.89299233264103,12.854024023696375,8.826328849750139,36.1415087388917
681807,David Fry,2024,388,215,50,28.439153439153444,92.7205368283338,106.0149415982921,-13.294404769958291,-18.067496354381888,9.166996499548459,-1.9709286847957064,197.0,104.0,-93.0,88.62917191812463,106.69666827250651,12.549875620531925,9.670884741172996,36.1415087388917
665804,Miguel Amaya,2024,364,214,46,33.64779874213836,75.50153793184914,89.07206645214526,-13.570528520296122,-18.894961523166756,8.199610125463852,-2.304373163364016,254.0,204.0,-50.0,65.64123457928446,84.53619610245121,11.685184579264908,11.13774530472274,36.1415087388917
686681,Michael Massey,2024,355,253,56,37.42603550295858,65.66747443555798,79.29261937909297,-13.625144943534991,-22.270340650814198,9.976524139857727,-2.2322745215280753,268.0,246.0,-22.0,49.71986109770723,71.99020174852143,12.716425870557575,10.863408476560696,36.1415087388917
668904,Royce Lewis,2024,323,214,48,33.0246913580247,74.57679634717972,89.32994673239124,-14.753150385211512,-24.26031244684779,10.523301665739929,-2.305389811814538,255.0,203.0,-52.0,59.01693721267843,83.27724965952622,14.432846491261476,12.985002400205504,36.1415087388917
676475,Alec Burleson,2024,593,370,118,34.67666354264292,87.76407928242139,104.05650315034532,-16.29242386792393,-21.570615855153406,9.149484459561313,-2.3575771892384463,223.0,113.0,-110.0,82.68946369957462,104.26007955472802,11.365325418336017,9.57600599796796,36.1415087388917
592273,Brandon Drury,2024,361,183,65,26.79355783308931,100.00465281555798,120.65418119281728,-20.6495283772593,-27.94621065246716,11.866407791164633,-2.355069128272758,141.0,45.0,-96.0,98.6891492378674,126.63535989033456,14.317192500091997,11.505796882192268,36.1415087388917
696100,Hunter Goodman,2025,577,416,75,36.9449378330373,76.12006756071489,61.27790074361726,14.842166817097628,13.687641106633656,7.2787067983695115,1.8805045299667513,252.0,264.0,12.0,65.20525821249583,51.51761710586218,12.720374214014903,9.360564270974995,37.06462112510037
668709,JJ Bleday,2025,342,164,19,24.848484848484848,108.45792215402838,93.82891923569636,14.62900291833202,21.35106333777614,5.2844530201326085,4.040354461745286,98.0,175.0,77.0,111.56895101212098,90.21788767434484,15.08153490862205,11.782382145613434,37.06462112510037
694192,Jackson Chourio,2025,589,395,94,37.05440900562852,97.51124324930524,84.09609182163044,13.4151514276748,15.570879250401404,8.05372943877119,1.9333750120089896,160.0,231.0,71.0,95.37552827701514,79.80464902661373,12.446366767081946,9.124858913827268,37.06462112510037
663968,Jake Mangum,2025,427,299,85,43.906020558002936,103.6823422202027,90.29065722117724,13.391684999025458,16.952730701329543,11.05103360231933,1.5340402817860943,122.0,199.0,77.0,104.02907162132476,87.07634091999522,14.297580397005197,9.543415916082976,37.06462112510037
669720,Austin Hays,2025,417,275,57,34.20398009950249,99.61097390096336,86.42295197428636,13.188021926676996,17.08695137953751,8.827852960686343,1.9355727214343004,144.0,219.0,75.0,97.16256346168768,80.07561208215017,16.953470012097892,11.819228079684828,37.06462112510037
665161,Jeremy Peña,2025,543,333,88,35.92233009708738,98.07897000556022,85.2647718089404,12.814198196619827,14.718331924860465,8.389255441469494,1.7544264836787882,159.0,225.0,66.0,95.90939154277224,81.19105961791178,13.2476526428586,9.167160012720476,37.06462112510037
650333,Luis Arráez,2025,677,388,178,34.09490333919156,127.09733465276156,114.53337912931715,12.563955523444406,22.12760926608985,9.670569927718885,2.2881391098434833,22.0,69.0,47.0,138.62739999353084,116.499790727441,13.811625849611424,8.336249182602971,37.06462112510037
678882,Ceddanne Rafaela,2025,586,438,102,42.27799227799228,83.33655851334011,70.79041836975605,12.546140143584054,11.915127291413526,8.372771371276707,1.423080454852629,234.0,259.0,25.0,76.20191867967293,64.2867913882594,12.023848904963536,8.673935209397367,37.06462112510037
609280,Miguel Andújar,2025,340,222,63,35.80645161290323,103.18790580502298,91.73836373207102,11.449542072951957,15.977093341105459,12.310679376836553,1.2978238529359747,125.0,190.0,65.0,103.33199754860075,87.3549042074953,17.782865153739316,11.797432418729494,37.06462112510037
514888,José Altuve,2025,650,485,175,38.61464968152866,92.54688395554702,81.1642505304956,11.382633425051424,12.154466053229697,9.388289620886539,1.2946411480733535,187.0,243.0,56.0,87.11686111754909,74.9623950643194,14.384805586123258,10.232604120722312,37.06462112510037
682177,Daniel Schneemann,2025,423,214,49,25.970873786407765,105.99038044191506,95.00030295206048,10.990077489854585,14.132968518714804,7.9011386790561655,1.7887255360012317,114.0,170.0,56.0,107.3262054187178,93.193236900003,13.357514305703967,8.875655524978075,37.06462112510037
682829,Elly De La Cruz,2025,691,395,89,28.56109906001446,103.0630057541834,92.9997352495229,10.063270504660494,12.01839671263322,7.220117194578806,1.6645708634282532,126.0,179.0,53.0,103.08266292661996,91.06426621398674,11.753648857959291,8.286535817673489,37.06462112510037
502054,Tommy Pham,2025,447,147,28,19.81132075471698,129.45821880079234,119.76619287982751,9.692025920964824,14.944590925566985,6.370062866870794,2.3460664734237247,17.0,40.0,23.0,136.75662511639578,121.8120341908288,10.48677818208858,6.977443913645841,37.06462112510037
676059,Jordan Westburg,2025,352,168,39,26.794258373205743,108.77732462831332,99.11955328980328,9.657771338510045,14.474032222270338,8.515689901870605,1.6996899122748574,95.0,137.0,42.0,112.46332057970602,97.98928835743568,15.955388326195443,9.651313493889834,37.06462112510037
666160,Mickey Moniak,2025,460,300,66,37.9746835443038,86.23445217785257,76.86718305379651,9.367269124056065,8.733419750338754,9.069674565785602,0.9629253714664323,216.0,250.0,34.0,76.43904720501612,67.70562745467737,15.257295787947283,11.399427062191087,37.06462112510037
641355,Cody Bellinger,2025,656,396,114,30.275229357798167,117.9004374927019,108.55365891590432,9.346778576797576,14.588442574552985,8.233546724291216,1.7718296941842921,52.0,99.0,47.0,124.06078856808116,109.47234599352818,12.839604732064616,8.534886241040999,37.06462112510037
682928,CJ Abrams,2025,637,365,111,32.97199638663053,103.29745933632506,93.99754172966604,9.299917606659022,11.653205606924729,8.152506420978927,1.4294015858653502,124.0,173.0,49.0,103.43787716244626,91.78467155552153,13.86425222921468,9.302925609335214,37.06462112510037
672580,Maikel García,2025,669,253,95,20.909090909090907,142.73509858976348,133.43821427792494,9.29688431183854,18.427754394245312,7.2432407759484425,2.544131137464825,2.0,13.0,11.0,156.39711500960553,137.96936061536022,11.707424374361418,7.627455247262302,37.06462112510037
664761,Alec Bohm,2025,499,218,80,26.424242424242426,120.81514582487917,111.56496756922093,9.250178255658241,16.797303102097374,8.962045370254303,1.874271152191315,39.0,87.0,48.0,130.56450333626253,113.76720023416516,14.771572567214978,10.362035535618134,37.06462112510037
677951,Bobby Witt,2025,676,385,113,30.84935897435897,116.39572624627188,107.41766109225918,8.978065154012697,13.722754588649465,8.274104804883251,1.6585183427396888,59.0,108.0,49.0,121.87076787779236,108.1480132891429,12.766425580196762,8.707824516063251,37.06462112510037
686217,Sal Frelick,2025,594,282,91,26.20817843866171,119.36075641979332,110.61589365069943,8.744862769093885,12.673415398874809,7.631003914933355,1.6607795697855428,45.0,90.0,45.0,124.37952885600365,111.70611345712884,11.059546210398402,7.778011343702379,37.06462112510037
691023,Jordan Walker,2025,394,280,41,34.104750304506695,71.98127129868391,63.45934539220319,8.521925906480718,7.148263398612492,7.911566840597896,0.9035205721743332,258.0,263.0,5.0,59.07446853771504,51.92620513910255,12.876861279283036,10.447094530393336,37.06462112510037
672356,Gabriel Arias,2025,470,359,59,39.02173913043478,69.55973140604962,61.09275262056143,8.466978785488195,6.255018741410673,8.037077519039102,0.7782703011876028,260.0,265.0,5.0,53.415322702735054,47.16030396132438,13.87049818246955,11.159375402774792,37.06462112510037
701538,Jackson Merrill,2025,483,324,72,37.85046728971962,81.14761790949251,72.76059633936094,8.387021570131566,6.295318229590336,8.186238250203107,0.7690123396340369,241.0,253.0,12.0,70.92143605230366,64.62611782271333,13.655310166187114,10.004359978156824,37.06462112510037
686780,Pedro Pagés,2025,388,260,41,35.86206896551724,73.48166066293555,65.1732634615594,8.308397201376152,4.99409961998176,7.9587410305760375,0.627498696187668,256.0,262.0,6.0,57.30798199728935,52.31388237730759,14.77640833350923,11.273849954700632,37.06462112510037
663853,Romy Gonzalez,2025,339,220,46,35.256410256410255,84.61836295996656,76.49811832755718,8.120244632409381,7.761557198409861,10.168823237558879,0.7632699494413766,227.0,251.0,24.0,74.13943660951293,66.37787941110307,15.07123026737021,11.899602432989848,37.06462112510037
694384,Nolan Schanuel,2025,559,251,80,24.368932038834952,123.67943569523634,115.7659736794711,7.913462015765234,14.040431960307984,7.695788566122703,1.8244305751998906,30.0,59.0,29.0,131.83563242362726,117.79520046331928,12.539993271827733,8.022428616617912,37.06462112510037
669357,Nolan Gorman,2025,401,227,39,27.75061124694376,94.1620502541856,86.25147484523357,7.9105754089520275,9.18182315096108,7.849482481139664,1.1697361161099087,182.0,220.0,38.0,89.4646540571789,80.28283090621782,14.54973272202653,11.40491609516723,37.06462112510037
607208,Trea Turner,2025,638,385,73,31.377343113284432,92.46385185382894,84.676695325592,7.787156528236949,7.68820754260507,6.582005540328196,1.168064580848365,189.0,228.0,39.0,89.53953873332992,81.85133119072485,10.514729050517596,7.515790846535651,37.06462112510037
518692,Freddie Freeman,2025,623,343,75,28.55953372189842,108.21714382054384,100.56940380579512,7.64774001474872,10.08406815623438,7.273661945052377,1.3863811973133657,100.0,134.0,34.0,110.0982914290734,100.01422327283902,11.995373962379004,8.163292042815787,37.06462112510037
595879,Javier Báez,2025,435,377,93,46.20098039215687,65.07644604513823,57.66115177901416,7.415294266124064,-2.1912753015558266,11.11538591714366,-0.19713893137764507,263.0,266.0,3.0,38.21711431948209,40.40838962103792,16.800174101623632,11.946819101883415,37.06462112510037
663538,Nico Hoerner,2025,650,353,124,32.71547729379055,114.1670597474727,106.84713159156487,7.3199281559078315,10.4472844869169,8.522572708894085,1.2258369442849342,64.0,112.0,48.0,117.70393052055616,107.25664603363926,11.238782820185364,7.094873576135201,37.06462112510037
669127,Shea Langeliers,2025,523,311,66,32.12809917355372,97.22831671108015,90.15630995290024,7.07200675817991,7.7669940857086175,7.609733706696424,1.0206656875356632,161.0,200.0,39.0,94.4834214427678,86.71642735705919,13.76042261532556,9.823672945789166,37.06462112510037
691016,Tyler Soderstrom,2025,620,316,53,28.9908256880734,96.11771795810242,89.28820104561565,6.829516912486767,7.523705935938182,5.886440011647873,1.2781419535492669,166.0,206.0,40.0,94.1914301831616,86.66772424722342,10.557294617993072,8.312765321926124,37.06462112510037
701762,Nick Kurtz,2025,488,217,46,22.39422084623323,119.13974504476737,112.38487915359356,6.754865891173807,11.657480823445013,6.8754460142282054,1.6955235775716595,47.0,83.0,36.0,126.4953868624578,114.8379060390128,13.48041742687084,10.40427357090878,37.06462112510037
593871,Jorge Polanco,2025,522,278,63,26.859903381642518,103.69698881667132,97.01005888027156,6.686929936399764,8.437705713639374,7.310180542817031,1.1542403999762012,121.0,160.0,39.0,104.00053180358724,95.56282608994786,13.234973221828502,9.050735184073766,37.06462112510037
677594,Julio Rodríguez,2025,703,452,116,36.30522088353413,98.52726430231148,92.1357206720822,6.391543630229279,7.248931233939828,7.901586804961948,0.9174019615133162,156.0,186.0,30.0,96.86652138318104,89.61759014924121,12.156709945914413,9.093389806461133,37.06462112510037
666023,Freddy Fermin,2025,348,199,36,30.99688473520249,95.20385005791412,88.95620155551825,6.247648502395876,7.157939395974097,7.879623405894399,0.9084113576569609,172.0,208.0,36.0,92.09014489231843,84.93220549634434,12.611890544421591,10.18483395470339,37.06462112510037
686797,Brooks Lee,2025,528,324,75,31.827111984282908,92.24028532619576,86.00607500454556,6.234210321650195,5.613760942711622,7.763436545319163,0.7231025731892338,190.0,223.0,33.0,87.62025199721722,82.0064910545056,13.078319821299187,9.27121780249295,37.06462112510037
571448,Nolan Arenado,2025,433,276,91,34.20074349442379,98.81144631864912,92.68616468317538,6.1252816354737405,7.181762602544893,10.305788281157763,0.6968668874825833,152.0,182.0,30.0,96.28252995622478,89.10076735367988,15.501222967575266,11.117387325617289,37.06462112510037
671732,Lawrence Butler,2025,632,325,68,26.0,102.27238951885228,96.29234614455478,5.9800433742974946,7.238963783531801,6.141970169528757,1.1786061448890448,131.0,163.0,32.0,102.04141697906056,94.80245319552876,11.19999277664521,8.729822212204663,37.06462112510037
666624,Christopher Morel,2025,306,189,25,31.239669421487605,104.8477557806508,99.07371989678911,5.774035883861686,9.95726893265116,8.084890569219501,1.2315898214578327,116.0,138.0,22.0,106.5927488044748,96.63547987182363,19.434437111784256,14.105668527590986,37.06462112510037
663586,Austin Riley,2025,446,238,48,27.93427230046948,95.6116708857927,90.0234943427165,5.588176543076202,5.738554941814087,7.597305088056021,0.7553408577517655,170.0,201.0,31.0,92.15240209728408,86.41384715547,13.654975125542338,10.014343024002914,37.06462112510037
672386,Alejandro Kirk,2025,505,288,91,29.003021148036257,131.2444845691896,125.72130830112886,5.523176268060752,12.589887197553907,9.567386655019517,1.3159170473107866,12.0,29.0,17.0,144.1952217946628,131.6053345971089,13.520274749914336,10.103355506826713,37.06462112510037
687597,Jordan Beck,2025,590,312,63,27.296587926509183,102.62502604861218,97.23234209696292,5.392683951649261,6.6169369945024386,6.924249241284736,0.9556179686672749,127.0,156.0,29.0,102.50178155983454,95.8848445653321,11.350801055483712,8.881080123609257,37.06462112510037
683737,Michael Busch,2025,589,255,38,23.160762942779293,120.63096083920576,115.32829108893505,5.302669750270709,8.775145810924002,5.567224396331649,1.5762155764201125,40.0,65.0,25.0,125.95628922791389,117.18114341698988,10.974113130338022,7.809355643687417,37.06462112510037
660271,Shohei Ohtani,2025,711,392,83,26.098535286284957,113.81470944487673,108.8631507888309,4.951558656045833,7.388345162527401,6.1810825807881615,1.1953157179118772,66.0,97.0,31.0,117.67147213487712,110.28312697234972,11.925789015972692,10.285095921017277,37.06462112510037
664056,Harrison Bader,2025,498,333,75,32.87265547877591,84.64697025601079,79.70055413465289,4.946416121357899,2.887548846864192,9.038412268175854,0.3194752309574568,226.0,245.0,19.0,77.03361504948298,74.14606620261878,12.856313400005115,9.384464399436537,37.06462112510037
666969,Adolis García,2025,547,397,103,35.92760180995475,101.77953906844908,96.94421012351988,4.835328944929202,6.513523037560915,9.552961297679133,0.6818328719852931,134.0,161.0,27.0,100.93188187942243,94.41835884186152,16.59542228269642,11.898876349324114,37.06462112510037
686668,Brenton Doyle,2025,540,295,41,29.949238578680205,87.16425734393177,82.42472803252232,4.7395293114094414,4.075141435022971,5.733703838158012,0.7107345531003456,215.0,238.0,23.0,82.57916358970962,78.50402215468665,10.740521077337492,8.372978269978324,37.06462112510037
467793,Carlos Santana,2025,477,252,66,25.099601593625497,108.62447925765602,104.15962957421388,4.464849683442139,6.84161386254695,8.491768905179654,0.8056759361849599,97.0,117.0,20.0,111.12438159592104,104.28276773337409,13.317421105776324,10.647963854049268,37.06462112510037
665966,Carlos Narváez,2025,447,262,59,29.504504504504503,106.42466038566675,102.06930332500754,4.355357060659216,7.0869660972389,8.650284271272964,0.819275514537049,112.0,129.0,17.0,108.60318721416094,101.51622111692204,15.937813442787316,11.21561075494177,37.06462112510037
669065,Kyle Stowers,2025,456,236,47,28.061831153388823,107.14638719837454,102.80892761365784,4.337459584716697,6.594981938869353,7.676558489879271,0.8591065837072872,108.0,123.0,15.0,109.13027330965387,102.53529137078452,13.820059729366646,10.55356599998558,37.06462112510037
669016,Brandon Marsh,2025,426,243,40,28.757396449704142,101.54397904919584,97.23374347765292,4.310235571542918,5.743625909220896,7.673791440846043,0.7484730271204315,136.0,155.0,19.0,100.80100766969358,95.05738176047268,14.230580349622668,11.28792367603293,37.06462112510037
663993,Nathaniel Lowe,2025,610,301,56,24.060751398880896,107.76379337332811,103.69592228745786,4.067871085870252,5.5994435931413875,6.274786844265069,0.892371921487513,104.0,121.0,17.0,109.285620115362,103.6861765222206,11.291453760556474,8.650573722511199,37.06462112510037
680574,Matt McLain,2025,576,305,61,26.18025751072961,104.4049483862012,100.34728349779684,4.057664888404361,5.189447821842748,6.690363974037901,0.7756600152070217,118.0,135.0,17.0,104.85704522942754,99.6675974075848,11.35055055300486,8.73220731814369,37.06462112510037
680718,Addison Barger,2025,501,293,60,31.137088204038253,87.82167679182443,83.79593136481476,4.025745427009667,3.327328494332477,7.419263297944937,0.4484715477416894,209.0,233.0,24.0,81.68372955925449,78.35640106492201,12.693061984092052,10.195609401250918,37.06462112510037
656716,Zach McKinstry,2025,510,259,60,26.72858617131063,121.99512242397844,118.224859078299,3.7702633456794388,8.121172251134084,7.941166630837374,1.0226674024944529,36.0,49.0,13.0,129.7173074908098,121.5961352396757,12.731445449088906,9.42157762759593,37.06462112510037
671218,Heliot Ramos,2025,690,400,92,30.303030303030305,94.8078769826543,91.13207849725288,3.6757984854014296,3.437515894809806,6.850602088172901,0.5017830331649891,176.0,193.0,17.0,92.35693945861316,88.91942356380335,10.915858390135472,8.177850592587276,37.06462112510037
668715,Spencer Steer,2025,566,260,51,24.78551000953289,107.75110305926812,104.09308665947408,3.658016399794036,4.710104334249095,5.593947295740389,0.842000127143795,105.0,118.0,13.0,108.85886628318306,104.14876194893397,9.64652125969004,7.815295295817945,37.06462112510037
670623,Isaac Paredes,2025,439,207,47,21.49532710280374,142.0451219595013,138.4226913816973,3.6224305778040105,13.635631287115757,8.143665776615432,1.674384934395334,3.0,6.0,3.0,161.4104581620138,147.77482687489805,14.06115007550783,10.139906123678944,37.06462112510037
670242,Matt Wallner,2025,395,218,43,28.68421052631579,95.72701121979802,92.19153629805004,3.5354749217479764,3.3302927609081223,7.880059606729249,0.4226227880388352,169.0,185.0,16.0,92.01166477994543,88.68137201903731,14.263041462229788,10.76209663693459,37.06462112510037
701350,Roman Anthony,2025,303,132,30,20.401854714064918,117.02984934152454,113.55519488913706,3.474654452387483,9.093061738273335,9.008449629146755,1.0093925273060103,55.0,77.0,22.0,128.29663260926742,119.20357087099408,17.894830587736788,14.816161588206054,37.06462112510037
668904,Royce Lewis,2025,406,231,63,31.428571428571427,93.98136570717377,90.56297198337008,3.418393723803689,3.1048203817440054,9.398655528597688,0.3303472898114881,183.0,196.0,13.0,89.9144915050985,86.80967112335449,13.401865637174875,10.418523436436304,37.06462112510037
677587,Brayan Rocchio,2025,381,207,47,30.849478390462,101.24736330318564,97.88842915562054,3.358934147565094,4.095235094523389,8.676093424647439,0.47201371563029276,137.0,150.0,13.0,100.48771513911066,96.39248004458727,13.120151793703013,9.867690086656555,37.06462112510037
624428,Adam Frazier,2025,453,255,65,29.65116279069768,108.85611668670091,105.51947532412566,3.33664136257525,5.354857301651208,8.603096580348526,0.6224337076353355,94.0,115.0,21.0,111.30602927276873,105.95117197111752,12.919942640352724,9.632178796951177,37.06462112510037
607043,Brandon Nimmo,2025,649,289,67,24.55395072217502,121.8492135420363,118.54144187384398,3.3077716681923164,6.6911222032536415,6.591473814394169,1.015117770572321,37.0,46.0,9.0,127.50763405651252,120.81651185325887,10.940324625088984,7.65644528635159,37.06462112510037
668804,Bryan Reynolds,2025,652,338,49,25.920245398773005,102.03178981371651,98.85410362339864,3.1776861903178713,3.8103874588776847,5.1166096503673515,0.7447094305120803,133.0,140.0,7.0,101.8167332337034,98.00634577482572,9.378679564985829,8.128609784590603,37.06462112510037
672761,Wenceel Pérez,2025,382,260,58,32.78688524590164,98.65979207529338,95.48591376540884,3.173878309884543,2.991967430723875,10.032243089414075,0.2982351408411315,155.0,168.0,13.0,95.90578166005888,92.913814229335,15.891675014953016,10.895893696072037,37.06462112510037
596115,Trevor Story,2025,653,421,71,35.527426160337555,82.10678572814669,78.96854580834976,3.1382399197969306,1.8154165440147807,6.605306489934095,0.2748421359071401,237.0,247.0,10.0,75.7087577065759,73.89334116256111,11.04617136589862,8.836946366309055,37.06462112510037
547180,Bryce Harper,2025,574,439,84,35.662063363119415,89.24626022724644,86.11382093811284,3.1324392891336004,1.392712913826145,8.435120497107414,0.16510883446226243,204.0,222.0,18.0,83.39443791710038,82.00172500327423,13.019447900267014,9.429397026431106,37.06462112510037
663728,Cal Raleigh,2025,692,487,102,32.018408941485866,99.36379962575114,96.41095681795092,2.9528428078002236,3.2853138096324415,7.369901526517489,0.44577445136975336,146.0,162.0,16.0,97.269047241792,93.98373343215955,15.139925778107312,11.232235862506895,37.06462112510037
677800,Wilyer Abreu,2025,413,222,51,28.793774319066145,109.23746033465306,106.29774788665917,2.939712447993898,5.047037556684799,8.717167287646898,0.5789767925914372,90.0,114.0,24.0,112.09552451142484,107.04848695474004,13.520973546929682,10.589838552987,37.06462112510037
666018,Jonathan Aranda,2025,415,233,64,28.276699029126213,119.2701311911919,116.33170264646216,2.9384285447297316,7.195620613750194,9.986934123799422,0.7205034622790419,46.0,55.0,9.0,127.40820724311304,120.21258662936285,14.122320225093254,10.842246331359702,37.06462112510037
660670,Ronald Acuña,2025,407,202,46,23.24510932105869,125.67493678999313,122.76795637348177,2.9069804165113595,9.391162707813322,8.297436057118484,1.1318150140797427,25.0,32.0,7.0,140.5725659296054,131.18140322179207,16.184620474409314,12.985376697852722,37.06462112510037
657757,Gavin Sheets,2025,545,375,92,31.48614609571788,92.21402973078472,89.31875548218196,2.8952742486027603,2.3033891971982,8.458045578513294,0.2723311403109129,191.0,205.0,14.0,87.38790192441887,85.08451272722067,13.350572377630888,10.577977653946393,37.06462112510037
657656,Ramón Laureano,2025,485,243,50,25.90618336886993,116.42144300302998,113.60222332695592,2.8192196760740558,5.985771683518195,8.010124084154464,0.7472757750855795,58.0,76.0,18.0,122.29924116701083,116.31346948349264,13.214972694466187,10.240468847126207,37.06462112510037
663757,Trent Grisham,2025,582,194,47,17.290552584670234,137.18211306805935,134.42635121858473,2.7557618494746237,8.660551442362731,6.034096026814282,1.4352690782309432,6.0,11.0,5.0,148.41833981054748,139.75778836818475,11.447416593738769,8.13933645073747,37.06462112510037
606466,Ketel Marte,2025,548,267,74,25.0,129.22146873786087,126.54771105640046,2.6737576814604154,8.666175871236476,8.041445265055582,1.0776888464186511,19.0,26.0,7.0,141.01244816669526,132.3462722954588,13.38921961115373,9.846284464570342,37.06462112510037
702616,Jackson Holliday,2025,645,250,59,22.321428571428573,123.22545128627604,120.57289444715778,2.6525568391182617,4.650496406475,6.1775469192812364,0.7528063270486806,35.0,38.0,3.0,127.6279314525221,122.9774350460471,9.315879795624245,7.380887771975703,37.06462112510037
671056,Iván Herrera,2025,447,223,38,25.485714285714284,118.31181323231344,115.6932951367006,2.618518095612842,4.507806016723137,6.6096194398881805,0.6820068927900936,49.0,61.0,12.0,122.72825572514188,118.22044970841874,10.724299803555484,8.979939004586747,37.06462112510037
680776,Jarren Duran,2025,696,419,73,31.40929535232384,84.70475019799343,82.19302272075426,2.5117274772391767,1.3952792344997818,6.1565117567361565,0.2266347064103524,224.0,241.0,17.0,80.2066434864703,78.81136425197052,9.8975512433122,7.734203177541507,37.06462112510037
646240,Rafael Devers,2025,723,402,96,25.73623559539053,123.50414376796934,120.99408423579206,2.51005953217728,5.779705835609505,6.602013775036361,0.8754458915950495,32.0,36.0,4.0,130.73781896391338,124.95811312830388,11.859927849640195,9.360361849555686,37.06462112510037
663886,Tyler Stephenson,2025,341,174,28,25.4014598540146,110.64332365363524,108.26334542269429,2.3799782309409494,4.985653295502061,7.840148585838959,0.6359131132421716,81.0,104.0,23.0,115.06119001496546,110.0755367194634,15.184507460558102,12.366303137365774,37.06462112510037
592885,Christian Yelich,2025,644,338,65,25.72298325722983,94.42496263312972,92.05124520501283,2.3737174281168905,2.4285690826419994,5.921862389630048,0.4101022487274848,179.0,187.0,8.0,92.14718062111191,89.71861153846991,10.285739377318276,8.720385334109721,37.06462112510037
669394,Jake Burger,2025,375,270,53,40.23845007451565,87.25185546231715,84.98798221411833,2.26387324819882,1.7860521513376568,9.765355289369465,0.18289679160797637,213.0,226.0,13.0,75.99749930554074,74.21144715420309,16.873905433757372,14.799637662967095,37.06462112510037
805367,Chase Meidroth,2025,505,216,73,22.5,123.63256576681522,121.42715080645648,2.2054149603587376,7.538823464136527,8.257749845342705,0.9129391911028105,31.0,35.0,4.0,132.43095367610275,124.89213021196622,13.039108009539133,8.643504467290244,37.06462112510037
693304,Nick Gonzales,2025,409,204,39,31.67701863354037,89.28042264713291,87.08428058682915,2.1961420603037567,0.9372554057008102,7.820471451304132,0.11984640715548098,203.0,216.0,13.0,84.94379279867634,84.00653739297553,11.221811469865749,8.391930619148456,37.06462112510037
676694,Jake Meyers,2025,382,151,29,23.630672926447573,116.78660327301498,114.63093096693518,2.1556723060797935,3.9197476102916795,7.222107209502731,0.5427429275951677,56.0,67.0,11.0,120.65877144070951,116.73902383041784,10.582890677649546,8.592579363512735,37.06462112510037
691718,Pete Crow-Armstrong,2025,646,513,105,41.80929095354523,73.63103488266889,71.48948821331655,2.141546669352337,-1.984112671932749,7.722885792971287,-0.2569133773463955,254.0,255.0,1.0,59.38295490636359,61.367067578296336,13.904137511289967,10.937961812750144,37.06462112510037
673962,Josh Jung,2025,512,320,92,32.92181069958848,93.97050209836992,91.83156871737138,2.1389333809985374,1.4082485648542047,9.332465780117339,0.15089780107787318,184.0,188.0,4.0,89.33422514807799,87.92597658322379,14.300734546198386,11.179299863891345,37.06462112510037
641680,Jonah Heim,2025,435,246,70,30.0,90.07108952714401,88.0543165750011,2.016772952142915,0.9280530633073028,9.294105889116882,0.09985393693373183,198.0,212.0,14.0,84.67611586392604,83.74806280061874,12.893320256862332,10.22871288077618,37.06462112510037
676609,José Caballero,2025,372,212,48,27.821522309711288,110.75576297992114,108.75049145144676,2.005271528474381,4.5065963280866015,8.872039383199473,0.5079549507659437,79.0,98.0,19.0,114.8060974265386,110.299501098452,14.43331639683822,10.862470278515906,37.06462112510037
621566,Matt Olson,2025,722,403,101,25.03105590062112,124.78161763939944,122.83282632957236,1.9487913098270866,5.708911619919547,6.751765983204619,0.8455434673122221,28.0,31.0,3.0,133.1339586537708,127.42504703385126,12.36455522397101,9.577225152950636,37.06462112510037
647304,Josh Naylor,2025,601,391,126,37.16730038022813,98.94877738284478,97.08474767524902,1.864029707595762,1.6150425824476997,9.544233877183652,0.16921657654561503,150.0,159.0,9.0,97.04186521587314,95.42682263342545,13.68648805928308,9.741334573884608,37.06462112510037
643565,Mike Tauchman,2025,383,178,36,23.89261744966443,120.16584156790972,118.36706885146506,1.7987727164446596,6.447789098290414,7.313804541438456,0.881591661598094,43.0,48.0,5.0,128.39728124018376,121.94949214189334,13.827436628031384,9.664793685331484,37.06462112510037
670770,TJ Friedl,2025,683,219,38,17.862969004893962,117.71265781504547,116.01289955494082,1.6997582601046588,2.3115127571188765,3.9511087581365953,0.5850288864761652,53.0,57.0,4.0,119.47450425301182,117.16299149589294,6.910159352461848,5.978487941027673,37.06462112510037
694671,Wyatt Langford,2025,569,282,50,23.59832635983264,114.09786256635414,112.53529958341689,1.5625629829372514,3.074815775469972,5.9582573625690936,0.5160595772157393,65.0,82.0,17.0,117.21319135338992,114.13837557791994,10.580644894456269,8.338528425831033,37.06462112510037
643396,Isiah Kiner-Falefa,2025,459,238,72,32.11875843454791,94.3144259433649,92.78285403266368,1.5315719107012171,0.7731196627450743,8.663553480501232,0.08923817051341677,181.0,181.0,0.0,91.75921216508664,90.98609250234156,10.82464917258487,7.904713198409803,37.06462112510037
693307,Dillon Dingler,2025,466,251,61,30.57247259439708,99.8608383028638,98.39220397442016,1.4686343284436418,1.5074870005426817,8.829816516537976,0.17072687724815172,143.0,145.0,2.0,98.2417915718058,96.73430457126312,14.323355452974036,10.865895714336798,37.06462112510037
669364,Xavier Edwards,2025,616,277,96,26.28083491461101,120.9824828632982,119.56873676541808,1.4137460978801215,3.994277909230206,8.037896736407564,0.49693073203319077,38.0,41.0,3.0,126.04341845854496,122.04914054931476,10.593105285390074,7.730624369205283,37.06462112510037
669289,Santiago Espinal,2025,329,144,35,23.452768729641694,109.82469187183308,108.43802710876872,1.3866647630643598,2.7600267093484803,8.446359826578908,0.3267711494676393,87.0,101.0,14.0,112.20954950027864,109.44952279093016,11.807194358125722,9.065297112894134,37.06462112510037
543760,Marcus Semien,2025,534,246,44,23.63112391930836,103.48000489372212,102.09763605701032,1.3823688367118052,1.7658413575069147,6.492875346338847,0.271966003244252,123.0,128.0,5.0,103.59033387295456,101.82449251544764,9.634826026476574,7.949232539195145,37.06462112510037
664034,Ty France,2025,484,302,72,32.093517534537725,91.84436236230516,90.4789778072323,1.3653845550728647,0.3576696079816486,8.257129466413781,0.043316458756821566,193.0,198.0,5.0,88.10908193546042,87.75141232747877,11.549114507860462,8.853355262835334,37.06462112510037
673357,Luis Robert,2025,426,260,63,32.70440251572327,89.40880418454702,88.07102628545155,1.337777899095471,0.16214932371153168,8.717955971183567,0.018599465774718518,201.0,211.0,10.0,83.64727037624705,83.48512105253552,12.995603110163266,10.561244105109015,37.06462112510037
661388,William Contreras,2025,657,320,79,25.196850393700785,111.73287426558252,110.4220140777512,1.3108601878313237,2.326448885160673,6.00200379866215,0.3876120314484372,76.0,92.0,16.0,113.86337623312548,111.5369273479648,9.864511737599814,7.978992813217593,37.06462112510037
682998,Corbin Carroll,2025,640,401,79,31.774960380348656,95.86125112990084,94.56411707402012,1.2971340558807185,0.7075727611298674,6.732018641219467,0.10510558553677662,167.0,172.0,5.0,93.3154091200039,92.60783635887404,11.9170864032389,9.012802351330254,37.06462112510037
665833,Oneil Cruz,2025,540,349,63,28.30494728304948,92.47873837246031,91.21759162757488,1.261146744885437,0.10111805952340092,7.592925614204876,0.013317404207704713,188.0,192.0,4.0,88.11359267213653,88.01247461261313,12.85560034267876,9.876008001587891,37.06462112510037
671289,Tyler Freeman,2025,427,199,46,25.54557124518614,120.26501799495546,119.12810451588392,1.1369134790715378,4.338505586052847,8.349783751899071,0.5195949637697023,41.0,44.0,3.0,126.46526671628456,122.12676113023171,11.966217918209528,8.62083834920785,37.06462112510037
592206,Nick Castellanos,2025,589,481,119,41.14627887082977,72.17866741966054,71.0642843193403,1.1143831003202394,-2.5366667056168737,9.351756893310181,-0.2712502831881236,257.0,256.0,-1.0,59.20696365322052,61.74363035883739,12.950460177919304,10.427342634072986,37.06462112510037
664040,Brandon Lowe,2025,552,330,49,31.88405797101449,83.35683510275713,82.28314192088882,1.0736931818683075,0.18326992239371975,6.239239877438787,0.029373758020817146,233.0,239.0,6.0,78.23032372312845,78.04705380073473,10.197469336677496,8.674472498711795,37.06462112510037
596019,Francisco Lindor,2025,727,379,91,26.91761363636364,104.65467252031128,103.69895308599575,0.955719434315526,1.3401300167614494,5.92530400641964,0.22617067669599994,117.0,120.0,3.0,105.03210152631507,103.69197150955362,9.553128251306028,7.555977796792452,37.06462112510037
553993,Eugenio Suárez,2025,657,405,65,31.665363565285386,80.69354241618115,79.75658375532205,0.9369586608590907,-1.2248885789055635,6.044142281780834,-0.202657138399572,243.0,244.0,1.0,72.69828926397832,73.92317784288389,11.950780908745417,9.628423015000315,37.06462112510037
677950,Alek Thomas,2025,470,275,63,35.03184713375796,79.87449065866738,78.98645796357444,0.8880326950929458,-1.7938129311504127,8.667001512100258,-0.2069704186212518,246.0,246.0,0.0,71.30857343153572,73.10238636268613,12.148955196459925,9.51856443239106,37.06462112510037
687363,Victor Scott,2025,461,194,34,23.629719853836782,108.01587263380004,107.129516699045,0.8863559347550449,1.5245100150342097,6.0936916687328635,0.2501783972524524,101.0,109.0,8.0,109.33710429127898,107.81259427624477,10.252871536857835,8.772502379963893,37.06462112510037
663647,Ke'Bryan Hayes,2025,567,281,69,26.78741658722593,96.75564257757507,95.96644270635764,0.7891998712174342,0.5699163519759338,6.7744765822629835,0.08412699417518037,164.0,165.0,1.0,95.11133416851904,94.5414178165431,10.239666001584228,8.35691026929704,37.06462112510037
664728,Kyle Isbel,2025,409,181,40,27.300150829562597,95.52115209797168,94.81054898674778,0.7106031112239037,0.1526722913097558,7.192715193920942,0.021225960877582033,171.0,171.0,0.0,93.17069202803846,93.0180197367287,11.187503912800445,8.745513222168563,37.06462112510037
673548,Seiya Suzuki,2025,651,267,57,20.45977011494253,134.75249408824453,134.1034047225262,0.6490893657183392,4.788784083395541,5.638630649363773,0.8492813913846046,9.0,12.0,3.0,145.11327367583286,140.32448959243732,11.40530879997775,8.83888998082855,37.06462112510037
592450,Aaron Judge,2025,646,312,51,22.67441860465116,99.45602064995688,98.83384879661024,0.6221718533466429,0.7462381227283288,5.27666732118532,0.14142224197691095,145.0,141.0,-4.0,98.67547634020418,97.92923821747586,9.361053606875464,8.379418481148788,37.06462112510037
668227,Randy Arozarena,2025,708,360,102,25.806451612903224,111.87840447245384,111.31443575568062,0.5639687167732177,2.1977944334799986,7.1713120081056445,0.3064703405730861,75.0,89.0,14.0,115.07318957067288,112.87539513719288,11.980198759346903,8.867077972705491,37.06462112510037
695734,Daylen Lile,2025,350,166,48,26.860841423948216,108.24156576618492,107.67970881180058,0.5618569543843392,2.396295775113799,10.416896254486629,0.23003932424513668,99.0,106.0,7.0,111.33916248534318,108.94286671022938,15.35675499661546,11.063796793012786,37.06462112510037
691026,Masyn Winn,2025,534,271,65,26.032660902977906,115.14598027125568,114.58716146338053,0.5588188078751557,2.280115028951087,7.8596161969303555,0.29010513641131824,63.0,68.0,5.0,119.00485789427958,116.7247428653285,11.255983656272488,8.669916464058376,37.06462112510037
669707,Jared Triolo,2025,378,168,28,24.034334763948497,108.88259569322165,108.41107155909272,0.47152413412892713,1.3905932542696036,6.819247071678217,0.20392181712333507,93.0,103.0,10.0,110.88428234655696,109.49368909228735,11.652058251349333,9.405644096715662,37.06462112510037
592663,J. T. Realmuto,2025,548,362,83,32.55395683453237,87.64867250351254,87.22970155420175,0.4189709493107898,-0.8043592017926784,8.246861728402799,-0.09753518711516723,212.0,215.0,3.0,82.422016570766,83.22637577255868,11.646802883757893,9.613018053305296,37.06462112510037
683002,Gunnar Henderson,2025,643,348,74,27.862289831865496,99.01408297766656,98.64866474597513,0.36541823169143584,0.18451580269625367,6.615199845186311,0.027892702717140203,149.0,142.0,-7.0,97.84523307935902,97.66071727666277,10.802628980172075,8.596339403759512,37.06462112510037
666310,Bo Naylor,2025,414,203,44,25.63131313131313,98.44038883860172,98.13648009028756,0.30390874831415715,-0.28469234518951225,6.768700068706578,-0.04206012119014069,157.0,148.0,-9.0,96.37958306988494,96.66427541507446,13.412567065345156,10.003173820496087,37.06462112510037
676391,Ernie Clement,2025,587,346,129,36.42105263157895,92.8623442296136,92.60276007209328,0.2595841575203224,-1.7404540546032194,9.79020214553627,-0.17777508867850694,186.0,183.0,-3.0,88.40299762821186,90.14345168281508,13.236977602629404,9.172951843139238,37.06462112510037
672695,Geraldo Perdomo,2025,720,255,79,19.04406273338312,140.83541228970867,140.69265338545702,0.14275890425165016,4.19068492066944,5.9394161404045205,0.7055718645745577,4.0,3.0,-1.0,149.82233407829287,145.63164915762343,9.730811941349977,7.1388672164268,37.06462112510037
672640,Otto Lopez,2025,590,309,109,29.512893982808023,113.58990624096296,113.72783796485064,-0.13793172388767516,1.5482938378678597,8.709038783050124,0.17778010598382113,67.0,74.0,7.0,117.6538684983573,116.10557466048944,12.371277538643897,9.529439878059392,37.06462112510037
686948,Drake Baldwin,2025,447,249,65,28.78612716763006,115.39531726933208,115.77561177433252,-0.3802945050004354,3.092334099080986,9.150651320702876,0.33793595567178264,62.0,58.0,-4.0,122.97460889279888,119.8822747937179,15.61537641930284,11.408040670014064,37.06462112510037
605137,Josh Bell,2025,532,293,74,26.85609532538955,112.36960661224911,112.76481034805762,-0.39520373580850787,0.9533678506900429,8.207688897020363,0.11615545650568505,74.0,81.0,7.0,116.2598595392984,115.30649168860836,12.868585986960529,10.36515219861186,37.06462112510037
502671,Paul Goldschmidt,2025,531,273,85,27.547931382441977,118.0146119402322,118.49041757345636,-0.47580563322415514,1.662027867379038,9.201443589845331,0.18062686046494314,51.0,47.0,-4.0,123.63004580935008,121.96801794197104,12.211874642104538,9.482432884227324,37.06462112510037
571970,Max Muncy,2025,386,167,32,20.12048192771084,125.50475291885604,126.07020499234336,-0.5654520734873216,3.3019366262565484,6.844513616582795,0.4824209302844633,27.0,27.0,0.0,137.48512090119706,134.18318427494052,14.568518607701469,11.770585577009951,37.06462112510037
682657,Angel Martínez,2025,483,350,87,39.414414414414416,70.3575892522377,71.0418456523717,-0.6842564001340037,-6.510085303620514,8.914660682883614,-0.7302673130476015,259.0,257.0,-2.0,56.46861460803409,62.9786999116546,13.0214350190775,9.695130668943676,37.06462112510037
649966,Luis Urías,2025,330,140,45,23.1023102310231,109.78938391849051,110.5581187717024,-0.7687348532118818,0.8374171909996591,8.654938843062284,0.09675599171575021,88.0,91.0,3.0,112.93492625781926,112.0975090668196,13.595357542043232,9.281532662247498,37.06462112510037
572233,Christian Walker,2025,637,349,54,28.58312858312858,83.76681060340468,84.76129945152375,-0.9944888481190759,-2.568494819658369,5.726665194540295,-0.4485149266465112,230.0,227.0,-3.0,78.88216696096357,81.45066178062194,10.059502035020357,8.153777812806048,37.06462112510037
545361,Mike Trout,2025,553,252,47,20.930232558139537,124.7675512963944,125.81335938630151,-1.045808089907112,1.259650038858581,6.937273522984999,0.18157710441790012,29.0,28.0,-1.0,133.339641995739,132.0799919568804,12.530202389626195,10.40489663293467,37.06462112510037
700932,Kyle Manzardo,2025,528,258,49,27.62312633832976,94.40810732151432,95.46791518566512,-1.0598078641507982,-2.031184023497545,6.167546538680342,-0.3293342029539275,180.0,169.0,-11.0,91.94623423994962,93.97741826344716,10.682826311406876,8.285368791329924,37.06462112510037
608070,José Ramírez,2025,652,400,128,29.175784099197667,113.06426821794922,114.30635127358612,-1.242083055636897,0.5050486104550771,8.952642438325844,0.056413356607763934,70.0,71.0,1.0,117.76043197042011,117.25538335996504,13.641842520961578,10.317912189160452,37.06462112510037
680777,Ryan Jeffers,2025,462,234,70,24.735729386892174,110.17845406743346,111.44253332784544,-1.2640792604119753,-0.4778549267647634,8.183334866020639,-0.05839366646829312,84.0,88.0,4.0,113.052268980485,113.53012390724976,12.637497041973084,10.16864490102637,37.06462112510037
700337,Edgar Quero,2025,404,135,35,19.203413940256045,119.61648132256664,120.92680734667654,-1.310326024109898,0.9822836589246009,6.758903500053029,0.1453318069886475,44.0,37.0,-7.0,125.69471595884464,124.71243229992004,12.07697473953226,9.165193792104846,37.06462112510037
572191,Michael Taylor,2025,323,180,22,29.80132450331126,80.95792595174017,82.28068971139503,-1.3227637596548618,-2.824989061538119,6.530521536407988,-0.43258245850483185,242.0,240.0,-2.0,73.25833637278096,76.08332543431908,11.79783460546241,10.49154106535609,37.06462112510037
691176,Jasson Domínguez,2025,429,279,52,31.0,89.75069705789458,91.12881619086752,-1.378119132972941,-3.2381294690922715,8.661003442975538,-0.373874631318677,200.0,194.0,-6.0,84.1569948946092,87.39512436370147,12.969008600246909,10.62173363657278,37.06462112510037
663616,Trevor Larnach,2025,565,306,50,27.66726943942134,81.60160628751154,83.00424498276442,-1.4026386952528753,-2.9390066729169035,6.026850577433285,-0.4876521551607088,239.0,235.0,-4.0,76.27321417343623,79.21222084635313,9.960941314853455,8.348670192180691,37.06462112510037
695578,James Wood,2025,684,348,58,24.52431289640592,89.03422592120535,90.48407925300172,-1.4498533317963762,-2.149051343961901,5.180843631677436,-0.4148072199712556,205.0,197.0,-8.0,86.18710882825235,88.33616017221425,9.012163664313878,7.858013551272948,37.06462112510037
606192,Teoscar Hernández,2025,546,303,63,30.149253731343283,84.42513310463545,85.96138712055473,-1.5362540159192832,-3.7392639190024823,7.504894651384492,-0.4982433588608293,229.0,224.0,-5.0,78.69069296860972,82.4299568876122,11.09087559597175,8.700783434952687,37.06462112510037
669224,Austin Wells,2025,447,258,50,29.45205479452055,80.40963713610887,81.96116518095953,-1.5515280448506559,-3.8130700687358825,7.028997514901571,-0.542477083062289,244.0,242.0,-2.0,73.1549774152023,76.96804748393818,11.31209823351334,9.34787853637054,37.06462112510037
642715,Willy Adames,2025,685,386,77,26.955307262569832,101.05438841753988,102.61186681596114,-1.557478398421253,-1.9645926655899615,6.2637984418616695,-0.31364238230597713,138.0,124.0,-14.0,100.38976606520028,102.35435873079024,11.649707480891935,9.305617568770774,37.06462112510037
666158,Gavin Lux,2025,505,196,37,19.58041958041958,127.72237836416728,129.31783976924427,-1.595461405076989,-0.14449084080675334,5.690486494405294,-0.025391649896509227,20.0,21.0,1.0,133.30500503809935,133.4494958789061,9.488250897143857,7.848334598168107,37.06462112510037
656941,Kyle Schwarber,2025,719,344,61,21.648835745752045,106.82052499438002,108.41909447992325,-1.5985694855432229,-1.607601789979995,4.938450229865889,-0.3255275876342388,110.0,102.0,-8.0,107.97398001028785,109.58158180026784,10.978763670708185,9.73805075391219,37.06462112510037
667670,Brent Rooker,2025,697,353,64,26.66163141993957,85.0760431397477,86.6825765166162,-1.606533376868498,-2.7563379582664993,5.492178101517519,-0.5018660916158032,220.0,217.0,-3.0,81.47578818614474,84.23212614441124,8.946026710477815,7.399380201332153,37.06462112510037
543309,Kyle Higashioka,2025,328,170,41,27.64227642276423,97.01084620738894,98.642616473448,-1.631770266059064,-2.912431422084012,9.951127621941467,-0.2926735072377452,162.0,143.0,-19.0,93.89364414837507,96.80607557045909,14.395556548638428,11.713573422025044,37.06462112510037
666182,Bo Bichette,2025,628,416,130,35.22438611346317,96.8823005280779,98.55683239260053,-1.6745318645226206,-3.217732141926703,9.359561602405762,-0.3437909037427163,163.0,144.0,-19.0,94.1275298225379,97.3452619644646,13.390048877327072,9.435032227342692,37.06462112510037
672820,Lenyn Sosa,2025,543,429,119,41.1313518696069,88.15244198314832,89.83382066307253,-1.681378679924208,-5.437448852763026,10.121727740852826,-0.5372056028356363,208.0,202.0,-6.0,78.93702885496185,84.37447770772488,15.725143186371833,12.231488402412376,37.06462112510037
691406,Junior Caminero,2025,653,408,126,32.17665615141956,85.51065491842647,87.2497462728996,-1.739091354473132,-5.175068664575903,8.3034133562936,-0.6232459402558157,218.0,214.0,-4.0,77.6912913801985,82.86636004477441,13.346811984508038,10.065094677622875,37.06462112510037
641857,Ryan McMahon,2025,588,301,44,24.958540630182423,107.63290482548882,109.37206335173038,-1.7391585262415532,-1.7390334464037522,5.874346711633492,-0.2960386119123322,106.0,96.0,-10.0,109.03438222187918,110.77341566828294,10.987988238275932,9.74439591365773,37.06462112510037
687401,Joey Ortiz,2025,508,275,90,33.21256038647343,100.56508449046072,102.35840264931755,-1.7933181588568345,-2.3743781301742217,9.090431212206937,-0.2611953244842584,140.0,127.0,-13.0,99.69996596220751,102.07434409238174,11.884808426908693,8.835661425929747,37.06462112510037
575929,Willson Contreras,2025,556,319,72,30.732177263969174,94.42984631481492,96.22950237155328,-1.7996560567383568,-3.314945249945467,7.653956184556324,-0.433102198394362,178.0,164.0,-14.0,91.18752444989632,94.50246969984178,12.275271706227077,9.359548246619138,37.06462112510037
682663,Agustín Ramírez,2025,583,358,72,32.25225225225225,95.78316287242792,97.60445013346414,-1.8212872610362183,-3.0602225586527965,7.645320442376853,-0.4002739429586818,168.0,151.0,-17.0,93.17357687913956,96.23379943779236,11.999961132642031,9.224429977067992,37.06462112510037
808982,Jung Hoo Lee,2025,615,247,81,22.702205882352946,112.52761231506356,114.37908786150722,-1.8514755464436519,-0.6711286083772734,7.016517417560035,-0.09564981720100335,71.0,70.0,-1.0,115.10571298012992,115.7768415885072,10.388624895002316,7.079082100244519,37.06462112510037
656775,Cedric Mullins,2025,496,273,62,26.50485436893204,113.50294623010164,115.36417012109104,-1.8612238909893932,-0.7840032634466638,8.308734666025778,-0.09435892406727524,69.0,64.0,-5.0,117.27310039987051,118.05710366331718,11.964948324043618,9.400176590180848,37.06462112510037
681351,Logan O'Hoppe,2025,454,283,41,31.655480984340045,73.55156698142298,75.63619744539974,-2.084630463976765,-4.657469871783185,6.147282920297626,-0.7576469038710991,255.0,252.0,-3.0,63.53670394534978,68.19417381713296,11.64130696905744,10.046619673782054,37.06462112510037
621043,Carlos Correa,2025,590,334,87,28.84283246977548,101.73179779281996,103.87595686244458,-2.144159069624621,-2.56839544811821,7.716003816390626,-0.3328660157816832,135.0,119.0,-16.0,101.3355359081531,103.90393135627131,11.13214750137808,9.044183655469508,37.06462112510037
687263,Zach Neto,2025,547,344,70,30.4424778761062,76.31467664147128,78.4680116832563,-2.153335041785013,-5.6069009181859855,7.485875319873108,-0.7489973688582656,251.0,249.0,-2.0,65.97804175386483,71.58494267205081,12.423926682150286,10.188811185256784,37.06462112510037
624424,Michael Conforto,2025,488,235,43,23.59437751004016,109.767465892864,111.929301318518,-2.1618354256540044,-2.1730702436644833,6.2079031104770115,-0.35004899480422236,89.0,85.0,-4.0,111.75155973319524,113.92462997685972,10.815006095101884,9.641212602908608,37.06462112510037
663697,Jonathan India,2025,563,199,43,18.970448045757863,130.60916361150532,132.77104134187564,-2.161877730370321,-1.007312744583487,5.657384341423242,-0.17805273316998557,13.0,14.0,1.0,136.38775206859265,137.39506481317613,9.134619661128616,7.793282811544085,37.06462112510037
665019,Kody Clemens,2025,386,203,48,28.000000000000004,80.38162723175039,82.5579287330128,-2.176301501262415,-6.598727624011673,8.109720742932678,-0.8136812392414646,245.0,237.0,-8.0,70.62541862251945,77.22414624653112,13.110105396910663,9.79662202883102,37.06462112510037
663457,Lars Nootbaar,2025,578,251,60,21.94055944055944,125.58301542469312,127.79717606820056,-2.214160643507441,-0.40107104313986497,6.726710687627874,-0.05962364991815929,26.0,24.0,-2.0,133.53743952916298,133.93851057230285,11.850335168590298,9.866415538676414,37.06462112510037
643289,Mauricio Dubón,2025,397,230,78,34.954407294832826,106.02847005392896,108.25104312851822,-2.2225730745892633,-1.5912053641849013,11.15573853772291,-0.14263559143164498,113.0,105.0,-8.0,107.91529263249676,109.50649799668166,15.774740442277846,10.306958759083136,37.06462112510037
805779,Jacob Wilson,2025,521,269,121,32.52720677146312,99.34859525276806,101.59319735592416,-2.2446021031560974,-3.4007779176415767,10.110994940772065,-0.33634453756159205,147.0,131.0,-16.0,97.80629497870332,101.2070728963449,12.963949924830793,8.269983692296089,37.06462112510037
592626,Joc Pederson,2025,306,173,44,26.86335403726708,95.16999366558824,97.43843601159864,-2.268442346010403,-5.098318191747055,10.571789896675654,-0.4822568592051043,173.0,153.0,-20.0,89.65774267470633,94.75606086645338,16.744251308615997,12.733378907987758,37.06462112510037
578428,Jose Iglesias,2025,342,222,65,34.15384615384615,90.40991863817496,92.83453302156484,-2.42461438338988,-5.485094249580996,10.866135800303544,-0.504787934771418,197.0,180.0,-17.0,83.87830529925255,89.36339954883354,14.376202865626956,11.01292345819894,37.06462112510037
686555,Isaac Collins,2025,442,152,32,18.401937046004843,129.49612787246863,131.92264591427067,-2.4265180418020407,-0.6546646247019225,6.46577206114749,-0.10125080477794299,16.0,17.0,1.0,137.26139774451184,137.91606236921376,10.809245040931875,9.005116378373444,37.06462112510037
680757,Steven Kwan,2025,693,295,90,22.727272727272727,129.97451872340218,132.40870878895137,-2.4341900655491884,-0.5079381787946318,6.742533878910846,-0.07533342626328508,15.0,15.0,0.0,136.18361959911306,136.6915577779077,9.579544994527035,7.547525171025262,37.06462112510037
595777,Jurickson Profar,2025,372,191,43,24.08575031525851,115.52144904473894,117.97227405778432,-2.4508250130453746,-0.1780077596951486,8.525378786017761,-0.020879747887225165,61.0,51.0,-10.0,122.13218939050444,122.31019715019958,14.509873166682484,10.781740170034018,37.06462112510037
592518,Manny Machado,2025,674,393,91,29.86322188449848,91.5312682579675,93.99738657929038,-2.466118321322881,-3.8139723279373072,6.954813990524686,-0.5483931465505051,195.0,174.0,-21.0,88.44894494637091,92.26291727430822,10.347108914456651,8.23609663628766,37.06462112510037
665487,Fernando Tatís,2025,687,340,72,24.40775305096913,107.43149735378437,109.95179363189104,-2.5202962781066702,-2.6077438790452163,5.846532023810621,-0.4460325999113497,107.0,94.0,-13.0,108.57476420948429,111.1825080885295,10.14761092941248,8.694909933433232,37.06462112510037
650489,Willi Castro,2025,450,270,52,32.18116805721097,98.91643209069316,101.46811125171249,-2.5516791610193224,-3.4306942030085708,8.190568710080656,-0.4188590956799125,151.0,132.0,-19.0,97.53229474191718,100.96298894492575,11.614274923779815,9.19544517992532,37.06462112510037
666176,Jo Adell,2025,570,378,66,32.95553618134263,81.39252824684861,83.9504272230221,-2.5578989761734903,-5.636745273136171,7.091828059784491,-0.79482260788306,240.0,232.0,-8.0,72.71020464802469,78.34694992116086,12.65346606881607,10.388419879177938,37.06462112510037
669242,Tommy Edman,2025,376,175,34,28.641571194762683,94.9540660241854,97.518737403523,-2.564671379337611,-3.6976706079538957,7.71308869037785,-0.47940206010683817,174.0,152.0,-22.0,92.49665264779004,96.19432325574394,11.029043610327992,9.004886480416483,37.06462112510037
663656,Kyle Tucker,2025,591,195,36,17.59927797833935,135.4445462879048,138.020593937576,-2.5760476496711817,-1.2620217734773007,5.005578301179652,-0.252123071010573,8.0,7.0,-1.0,141.3895588751048,142.6515806485821,8.54681633739414,7.177082570179215,37.06462112510037
665926,Andrés Giménez,2025,368,236,67,35.11904761904761,102.28893512519208,104.89139252148972,-2.6024573962976376,-3.4852115740025056,11.203431951821088,-0.31108428104800456,130.0,116.0,-14.0,101.8498171319182,105.3350287059207,15.619953273506772,12.14941667464826,37.06462112510037
643446,Jeff McNeil,2025,457,215,55,27.07808564231738,105.91263365348448,108.51843092008812,-2.605797266603645,-2.617918779762107,7.640611219754627,-0.34263211469175886,115.0,100.0,-15.0,106.752521153254,109.3704399330161,10.73232804863036,8.249599864342635,37.06462112510037
668930,Brice Turang,2025,657,311,69,23.740458015267176,116.54335135320024,119.15139562400938,-2.6080442708091454,-1.503712560514117,6.27844417149369,-0.23950401077730255,57.0,43.0,-14.0,120.11223202085884,121.61594458137296,10.250866208548466,7.809555551830532,37.06462112510037
679529,Spencer Torkelson,2025,640,289,46,22.5253312548714,100.00029932009294,102.85937984291526,-2.8590805228223246,-3.306749488784007,4.6555202763720045,-0.7102857022375425,142.0,122.0,-20.0,99.40842075012895,102.71517023891296,8.858885218255448,7.876493431576091,37.06462112510037
630105,Jake Cronenworth,2025,514,233,43,22.33940556088207,115.7961914080457,118.69167082807289,-2.8954794200271863,-2.3456416560325977,6.299029711804883,-0.3723814243385261,60.0,45.0,-15.0,119.92026625265068,122.26590790868327,11.336693969207255,9.5483385273891,37.06462112510037
665862,Jazz Chisholm,2025,530,291,56,26.79558011049724,106.44833979511826,109.43313649280724,-2.984796697688978,-3.097412368988941,7.375209616087836,-0.4199761810474421,111.0,95.0,-16.0,107.8950727548455,110.99248512383444,12.943223602883815,10.22371006993013,37.06462112510037
666971,Lourdes Gurriel,2025,545,339,104,34.69805527123849,98.67696071626968,101.76871559006128,-3.0917548737916007,-4.688760606186818,9.751848186244013,-0.4808073830354331,154.0,130.0,-24.0,96.54418354091226,101.23294414709908,14.0126107001334,10.164877251049136,37.06462112510037
665489,Vladimir Guerrero,2025,672,266,80,21.67889160554197,118.58450152056348,121.7295759006354,-3.145074380071918,-2.3605397002018975,6.462080539947219,-0.3652909748817798,48.0,34.0,-14.0,122.12648010455442,124.48701980475632,9.519648518460476,7.645575851268594,37.06462112510037
671277,Luis García,2025,526,363,86,37.851929092805,83.49127577228386,86.65553206198524,-3.1642562897013846,-7.514300466807114,9.123325996185542,-0.8236360807395066,232.0,218.0,-14.0,74.20806131131013,81.72236177811725,13.769604116898496,10.490387724205128,37.06462112510037
668901,Mark Vientos,2025,461,289,63,33.10423825887743,87.66521780067367,90.87906901909984,-3.2138512184261714,-6.373283163531539,8.368979717027958,-0.7615364571339716,211.0,195.0,-16.0,80.1679097456245,86.54119290915604,13.956660482913176,11.337265850114102,37.06462112510037
668939,Adley Rutschman,2025,367,158,44,21.61422708618331,113.52961444901834,116.8368886743008,-3.3072742252824554,-2.4992628976966813,8.528382382960388,-0.29305239674644284,68.0,53.0,-15.0,116.99344069093996,119.49270358863664,11.454030312099418,8.794421883524798,37.06462112510037
527038,Wilmer Flores,2025,465,271,65,29.617486338797814,88.3427217638629,91.80043500058872,-3.457713236725823,-5.211646207359607,8.102143614030792,-0.6432428818386284,207.0,189.0,-18.0,83.78853439997442,89.00018060733403,11.126083277029752,9.453730021381633,37.06462112510037
682622,Noelvi Marte,2025,361,210,51,33.49282296650718,84.6771404044187,88.2461576244383,-3.569017220019603,-8.695592990245288,9.182449960412239,-0.946979621749543,225.0,210.0,-15.0,73.73368901227097,82.42928200251626,15.426332782997957,11.96154471871275,37.06462112510037
669477,Casey Schmitt,2025,345,212,38,31.736526946107784,94.77258559432975,98.34781608787216,-3.5752304935424064,-6.4397772766906485,8.884969738115519,-0.7247945087606467,177.0,146.0,-31.0,89.26816248190288,95.70793975859353,16.323562202167505,13.654794411195857,37.06462112510037
676475,Alec Burleson,2025,547,276,88,28.870292887029287,98.80061805653656,102.39924828936876,-3.5986302328321926,-4.9115749537877775,8.48913123171851,-0.5785721553504004,153.0,126.0,-27.0,97.2011344677759,102.11270942156368,12.312006005505946,9.007761686688005,37.06462112510037
669397,Nick Allen,2025,415,180,38,25.069637883008355,107.952910680077,111.5653544819372,-3.612443801860209,-3.986048065712751,6.94661963009195,-0.5738111884585783,103.0,86.0,-17.0,109.46411791032352,113.45016597603627,11.034801132887608,9.58598386441822,37.06462112510037
573262,Mike Yastrzemski,2025,554,251,64,22.192749778956674,125.74487324663008,129.36213197261955,-3.6172587259894726,-2.837290738543402,7.263026665546171,-0.3906485366497055,24.0,20.0,-4.0,132.2918576720608,135.1291484106042,10.712619782709664,9.264356076583908,37.06462112510037
593428,Xander Bogaerts,2025,558,239,82,23.781094527363184,108.72745900656858,112.38048962146212,-3.653030614893538,-3.4548280476520006,8.06823681771313,-0.428201120729032,96.0,84.0,-12.0,110.44585555379344,113.90068360144544,10.941480722173702,8.192575855451649,37.06462112510037
682985,Riley Greene,2025,654,420,89,31.484257871064468,89.37171046027046,93.06483671424309,-3.693126253972622,-5.862122303392368,7.4952323191866395,-0.7821134894493181,202.0,177.0,-25.0,84.03092982147764,89.89305212487001,12.495055364106848,10.64023656505202,37.06462112510037
669701,Josh Smith,2025,561,272,59,25.6120527306968,112.4492644069498,116.19189689842466,-3.7426324914748648,-3.571903996736893,6.620263492564922,-0.5395410621870901,72.0,56.0,-16.0,114.98288660481953,118.55479060155642,10.34125590194132,8.50749267268485,37.06462112510037
802415,Chandler Simpson,2025,440,192,77,29.72136222910217,110.06979999231982,113.82986317447448,-3.760063182154667,-2.841500042894097,10.019108972458593,-0.28360805843164916,85.0,73.0,-12.0,112.6931571798016,115.5346572226957,12.16676752918836,8.028110364255648,37.06462112510037
543807,George Springer,2025,583,231,56,20.64343163538874,133.3178902746293,137.2522775987084,-3.934387324079097,-1.814819778905104,6.559776299383271,-0.27665879079988254,10.0,9.0,-1.0,141.41310100856717,143.22792078747227,10.317307636827524,8.245680634102273,37.06462112510037
681393,Connor Norby,2025,336,194,32,31.85550082101806,79.19538506974285,83.13752217914282,-3.9421371093999653,-9.174012081310167,8.54661520579027,-1.0734088127771144,248.0,234.0,-14.0,67.94435261500863,77.11836469631879,13.723501704944,10.55235596799504,37.06462112510037
663624,Ryan Mountcastle,2025,355,268,56,39.7626112759644,85.02459215368955,88.99246523339913,-3.9678730797095767,-10.898547806622062,11.3089563256849,-0.9637094257645404,221.0,207.0,-14.0,71.1440775547231,82.04262536134516,17.54058738046416,13.40126143935644,37.06462112510037
669257,Will Smith,2025,438,179,37,19.41431670281996,136.10233786245436,140.1084642520903,-4.006126389635938,-1.4647679564077691,6.789445466439945,-0.21574191348145877,7.0,5.0,-2.0,147.99261922121684,149.4573871776246,11.966433456764175,9.900374565713047,37.06462112510037
689414,Liam Hicks,2025,391,127,39,17.68802228412256,127.17534128125077,131.2163826839642,-4.0410414027134465,-3.20966541797398,7.61759259529033,-0.4213490519246717,21.0,18.0,-3.0,135.35327556261603,138.56294098059,11.613115449973106,10.097323589222372,37.06462112510037
683146,Brett Baty,2025,431,205,44,24.818401937046005,93.17650568153576,97.22553277527692,-4.049027093741159,-5.4599999914264,7.064566711676668,-0.7728711772799655,185.0,157.0,-28.0,90.41202706976765,95.87202706119405,10.587448243169415,8.89620835254133,37.06462112510037
683734,Andrew Vaughn,2025,447,246,61,28.439306358381504,91.850438942572,95.94170253997945,-4.091263597407448,-6.68197968965292,8.3769480299939,-0.7976627843133206,192.0,166.0,-26.0,86.60363168854062,93.28561137819354,13.691558428090628,11.391121899547574,37.06462112510037
672515,Gabriel Moreno,2025,309,163,53,26.29032258064516,126.73876004274209,130.8818834452652,-4.143123402523116,0.10794812578950541,12.383433304305472,0.008717140322625553,23.0,19.0,-4.0,142.91971188109744,142.81176375530794,16.48493728597001,12.94621107774882,37.06462112510037
672275,Patrick Bailey,2025,453,237,38,28.72727272727273,84.54281556806028,88.70710303476685,-4.164287466706568,-5.988932615650171,6.413762007336948,-0.9337628382218114,228.0,209.0,-19.0,79.02679029658712,85.0157229122373,10.91221982699292,9.673699583240992,37.06462112510037
521692,Salvador Pérez,2025,631,513,142,42.643391521197,68.47602781747567,72.67433503698011,-4.198307219504443,-13.991103861477967,9.099610007581708,-1.5375498345336462,261.0,254.0,-7.0,48.02626326019994,62.01736712167791,15.363880691435511,11.435037395328845,37.06462112510037
702332,Caleb Durbin,2025,499,200,69,24.69135802469136,108.93886397717358,113.1699223604672,-4.231058383293615,-3.983657783981215,7.9296089650680175,-0.5023775827446548,92.0,78.0,-14.0,110.74334609204234,114.72700387602356,11.010613031152824,7.936518393652469,37.06462112510037
624585,Jorge Soler,2025,315,162,25,24.65753424657534,94.92265906486809,99.61752563764612,-4.694866572778039,-7.228917577691277,7.929901731598052,-0.9116024160660676,175.0,136.0,-39.0,90.8180002906045,98.04691786829578,14.22629989665893,12.043745504113428,37.06462112510037
656555,Rhys Hoskins,2025,328,140,32,20.086083213773318,117.52746115411752,122.28610925206058,-4.758648097943066,-4.944481760691687,8.651532420657253,-0.5715151397786772,54.0,33.0,-21.0,124.85053094727256,129.79501270796425,14.177593265625177,12.425879988436888,37.06462112510037
542303,Marcell Ozuna,2025,590,308,77,22.465353756382203,123.38079663966975,128.14587076213945,-4.765074122469699,-4.02983365785218,7.345985809797953,-0.548576292167248,34.0,23.0,-11.0,130.73058175196388,134.76041540981606,11.990864915872676,10.166054952548276,37.06462112510037
608348,Carson Kelly,2025,422,179,44,21.8026796589525,110.67637550168833,115.47678354502266,-4.800408043334329,-4.629872609422222,7.423134545723831,-0.6237085669003946,80.0,63.0,-17.0,113.22436261754426,117.85423522696648,11.506819090070678,8.789910958118394,37.06462112510037
660821,Jesús Sánchez,2025,496,308,76,30.76923076923077,82.99732040834394,87.98911880663903,-4.991798398295089,-8.534657283824004,8.860112514156459,-0.9632673704975584,235.0,213.0,-22.0,75.32881734835182,83.86347463217582,12.359463934902498,9.991177548960808,37.06462112510037
650402,Gleyber Torres,2025,627,229,65,17.20510894064613,147.35911207010136,152.7166984816625,-5.35758641156113,-1.7734526215816686,6.341583964207045,-0.2796545203203695,1.0,1.0,0.0,158.4835109668107,160.25696358839238,9.998489082986946,7.661667570127667,37.06462112510037
666134,Nolan Jones,2025,406,210,51,27.061855670103093,102.04356586990626,107.46604620589385,-5.422480335987586,-6.87853343727798,9.282551432235309,-0.7410175410815447,132.0,107.0,-25.0,101.61230440325242,108.4908378405304,13.362129840160442,10.247519163793784,37.06462112510037
690993,Colt Keith,2025,467,227,41,25.363128491620117,110.22320695231848,115.76174985524946,-5.538542902930985,-5.670044194535123,6.884707358246685,-0.8235708359838118,83.0,60.0,-23.0,112.76519701509392,118.43524120962904,11.84862208489556,9.209928885548983,37.06462112510037
683011,Anthony Volpe,2025,596,271,81,24.04614019520852,110.80134502089894,116.54945008882974,-5.748105067930808,-5.8256461493617735,7.609475274002717,-0.7655779064378747,78.0,54.0,-24.0,113.66653856505972,119.4921847144215,12.103867548720933,9.360624889837831,37.06462112510037
663698,Joey Bart,2025,331,160,26,23.121387283236995,83.62878415503567,89.38185274038874,-5.753068585353063,-8.653954888290485,7.182665501633633,-1.2048389120058869,231.0,204.0,-27.0,76.12665741684695,84.78061230513744,12.422241224833236,11.051062435254412,37.06462112510037
664023,Ian Happ,2025,663,262,66,20.62992125984252,129.31842496794192,135.16058146818975,-5.842156500247825,-3.7961921674865096,6.29954110021404,-0.602614080469691,18.0,10.0,-8.0,137.19890979649887,140.99510196398538,10.92584814669348,8.41461081299012,37.06462112510037
596146,Max Kepler,2025,474,246,39,26.797385620915037,87.25053764822577,93.14732120545936,-5.89678355723359,-7.6524026006496655,6.009080685898553,-1.2734730985735436,214.0,176.0,-38.0,82.97556366029937,90.62796626094904,10.399294056392096,9.519795079450066,37.06462112510037
673237,Yainer Diaz,2025,568,460,126,44.66019417475729,64.22186860669191,70.18238019114472,-5.960511584452803,-13.838699717231876,9.853493514267441,-1.4044460167547708,264.0,260.0,-4.0,47.44874406770717,61.28744378493904,13.129102427738744,10.051707179155027,37.06462112510037
665742,Juan Soto,2025,707,238,70,15.877251501000666,138.27297841281748,144.23864508222138,-5.965666669403902,-4.378811347973738,5.83800188062638,-0.7500530896546952,5.0,2.0,-3.0,148.9149531056936,153.29376445366734,10.96694087570893,9.23329616834702,37.06462112510037
602104,Ramón Urías,2025,389,205,50,27.7027027027027,100.9340202535334,107.00059186169574,-6.066571608162334,-7.9391258437511,9.153123065907094,-0.8673679777476384,139.0,111.0,-28.0,100.07932009486468,108.01844593861578,12.82154226572234,10.918577225115468,37.06462112510037
678246,Miguel Vargas,2025,570,242,65,21.587867975022306,131.63102229289694,137.69910905524122,-6.068086762344279,-2.637555168259098,7.025082638522613,-0.37544827640828726,11.0,8.0,-3.0,141.88999377352897,144.52754894178807,11.951926913202554,8.756252565785326,37.06462112510037
605170,Víctor Caratini,2025,382,160,47,24.06015037593985,104.184878128494,110.31572511048732,-6.130846981993315,-7.145141459438008,8.970348858105094,-0.7965288276366272,119.0,93.0,-26.0,104.68737685628368,111.83251831572169,13.035975165192404,9.381569861101616,37.06462112510037
621020,Dansby Swanson,2025,643,304,52,25.14474772539289,85.12706114662427,91.30973703007146,-6.182675883447189,-7.485710644944589,5.396415935145854,-1.3871633941689978,219.0,191.0,-28.0,81.6277314994756,89.11344214442019,8.832318731470345,8.20555329134265,37.06462112510037
807713,Matt Shaw,2025,439,244,69,30.46192259675406,96.3803112987994,102.61179545619422,-6.231484157394817,-9.743822917837434,9.412199378087577,-1.035233373883038,165.0,125.0,-40.0,92.52368318680686,102.2675061046443,15.231249093594268,10.759643781791407,37.06462112510037
643217,Andrew Benintendi,2025,471,254,80,28.929384965831435,100.28318458239198,106.72476620767168,-6.441581625279696,-8.716966810914002,9.320447107887485,-0.9352520013269766,141.0,113.0,-28.0,98.9677283375492,107.6846951484632,13.875944167289155,11.083329717757792,37.06462112510037
681481,Kerry Carpenter,2025,463,294,72,34.345794392523366,79.66181775097,86.2504554977545,-6.588637746784499,-12.339296246939767,8.919429305234027,-1.3834176856695217,247.0,221.0,-26.0,68.10803897859462,80.44733522553439,14.045160153139506,11.245334856776887,37.06462112510037
687462,Spencer Horwitz,2025,410,188,49,23.354037267080745,112.42525068678444,119.18806182605223,-6.7628111392677965,-7.362173989188037,8.382973970980203,-0.878229374762951,73.0,42.0,-31.0,115.51458719712512,122.87676118631316,11.433728628636931,9.542848357608586,37.06462112510037
457705,Andrew McCutchen,2025,549,228,48,20.860018298261664,110.39926475878772,117.25134265048696,-6.852077891699238,-7.650025727601999,6.381366114803314,-1.1988068996473473,82.0,52.0,-30.0,112.34845763429136,119.99848336189336,10.251196821045395,8.80604344728689,37.06462112510037
681297,Colton Cowser,2025,358,174,30,24.200278164116828,77.27805006504092,84.13420481312524,-6.856154748084322,-10.23442397725482,7.493576272597941,-1.3657596326442218,249.0,229.0,-20.0,67.31974965104266,77.55417362829748,12.420648651682322,11.309933921774975,37.06462112510037
680977,Brendan Donovan,2025,511,228,80,24.945295404814004,120.2208569909549,127.32608288623976,-7.10522589528486,-3.7814446595438085,9.174721606952643,-0.4121590628622686,42.0,25.0,-17.0,128.4278072655045,132.2092519250483,13.784772196093105,8.885345572991355,37.06462112510037
701358,Cam Smith,2025,495,289,34,29.91718426501035,76.94330152001972,84.10503660096981,-7.161735080950095,-9.122434908200603,5.4698959041959245,-1.6677529276567837,250.0,230.0,-20.0,71.3018791122162,80.4243140204168,9.288357175903622,8.45259204518735,37.06462112510037
669221,Sean Murphy,2025,335,168,22,26.291079812206576,89.82776039873076,97.0990628947559,-7.271302496025143,-9.627145246421662,6.552892273905463,-1.4691444394345237,199.0,158.0,-41.0,85.32357899821886,94.95072424464053,11.671620188768165,11.100807528575716,37.06462112510037
642133,Rowdy Tellez,2025,312,193,48,30.345911949685533,91.6335010516987,98.94592548064394,-7.312424428945235,-11.75660878296108,11.259723953972463,-1.0441293970455923,194.0,139.0,-55.0,84.47456396947167,96.23117275243276,15.839718757880044,14.684545267121347,37.06462112510037
686469,Vinnie Pasquantino,2025,681,388,104,30.62352012628256,84.92086790259987,92.47898880562688,-7.558120903027017,-10.137346002918406,7.44471662686,-1.361683259553976,223.0,184.0,-39.0,80.39675609958968,90.53410210250809,9.985252160836602,8.11243178391051,37.06462112510037
666139,Josh Lowe,2025,432,338,92,37.06140350877193,90.54048590530388,98.15882471961292,-7.618338814309041,-13.582367081133157,12.044341177971392,-1.127696972415125,196.0,147.0,-49.0,82.74145139103808,96.32381847217124,15.79126635384679,11.19023630350438,37.06462112510037
664770,Nathan Lukes,2025,437,243,91,31.681877444589308,107.99838084893877,115.686879768238,-7.688498919299235,-9.082680231687519,10.612376895934421,-0.8558572995242069,102.0,62.0,-40.0,110.66697346911523,119.74965370080275,14.596767926316511,11.38899603142795,37.06462112510037
621439,Byron Buxton,2025,535,299,47,29.751243781094526,81.81664336914851,89.69365162892737,-7.8770082597788615,-11.062511595816872,6.985749520895061,-1.5835826295700721,238.0,203.0,-35.0,75.04980585228769,86.11231744810456,11.282042134629355,9.857223557463792,37.06462112510037
650859,Luis Rengifo,2025,543,299,81,30.856553147574814,87.79898335169291,95.71505981247276,-7.916076460779848,-11.127316661567392,8.104485502437106,-1.3729824870710532,210.0,167.0,-43.0,82.79548960959077,93.92280627115817,11.451627724411438,9.224187254997032,37.06462112510037
608369,Corey Seager,2025,435,195,24,23.1042654028436,99.04221739214174,107.0681054360297,-8.02588804388796,-9.558856397914397,5.385603546478971,-1.7748904677849593,148.0,110.0,-38.0,98.17375295412624,107.73260935204064,9.344624068644434,8.732009552374505,37.06462112510037
643376,Danny Jansen,2025,339,129,29,19.876733436055467,107.06814431663774,115.18335749076624,-8.115213174128499,-10.008373526785505,7.0621779650063905,-1.4171794560230186,109.0,66.0,-43.0,108.4906441951793,118.4990177219648,11.81464752861743,10.51269576433798,37.06462112510037
656305,Matt Chapman,2025,535,214,41,20.0750469043152,109.90575677533138,118.17422939947444,-8.268472624143058,-9.596551467826117,5.852310891497504,-1.6397883922688405,86.0,50.0,-36.0,111.82064755616912,121.41719902399524,10.517705842268724,9.256750008373416,37.06462112510037
681460,Brooks Baldwin,2025,327,204,42,33.00970873786408,74.23018016602364,82.91228853637934,-8.682108370355692,-15.85238077847675,10.12345747002601,-1.5659058009986406,253.0,236.0,-17.0,58.82736720750264,74.67974798597939,14.606315760148249,12.274056148525592,37.06462112510037
608324,Alex Bregman,2025,491,184,57,20.10928961748634,123.41224142654636,132.10289338860844,-8.690651962062077,-8.14715178723597,7.686448891890442,-1.0599370270752195,33.0,16.0,-17.0,129.5764279807673,137.72357976800328,10.97276814990484,8.692848715011433,37.06462112510037
624413,Pete Alonso,2025,703,389,100,27.746077032810277,103.8370501555598,112.93416294548727,-9.097112789927479,-11.240021557024761,7.377890100588134,-1.5234737036986705,120.0,80.0,-40.0,104.13350225175134,115.3735238087761,11.926050750808765,10.0603625422052,37.06462112510037
650490,Yandy Díaz,2025,647,294,104,24.05891980360065,111.24656050089683,120.37665133059744,-9.130090829700606,-9.807102782227417,7.720405742070559,-1.2702833387092451,77.0,39.0,-38.0,113.34064257790996,123.14774536013738,10.064284057107232,7.970131135060026,37.06462112510037
681082,Bryson Stott,2025,563,272,93,23.387790197764403,130.00251983285244,140.14125595616042,-10.138736123307979,-8.220878567410011,9.123569233710903,-0.9010594819661677,14.0,4.0,-10.0,139.6623456223353,147.8832241897453,11.942350791472506,9.005354123839806,37.06462112510037
681624,Andy Pages,2025,625,365,74,33.51698806244261,82.81405056809156,93.03447500908608,-10.22042444099452,-12.954622198601996,6.860885291661637,-1.8881852192378685,236.0,178.0,-58.0,77.95322634199168,90.90784854059368,9.795337718400608,8.700188229439345,37.06462112510037
605141,Mookie Betts,2025,664,255,79,21.464646464646464,118.30881334187116,128.5683110638397,-10.259497721968543,-10.543642252752633,6.700006262307539,-1.5736764772994873,50.0,22.0,-28.0,121.12689406202144,131.67053631477407,8.567457052225688,6.902586566256538,37.06462112510037
700250,Ben Rice,2025,531,218,53,21.456692913385822,102.29722371768996,113.1353931868148,-10.838169469124836,-12.49938138687115,6.160143682274777,-2.02907302679269,129.0,79.0,-50.0,102.14466624955872,114.64404763642987,9.260393749288909,7.826476620122116,37.06462112510037
645277,Ozzie Albies,2025,666,428,130,33.62136684996072,86.18842285167885,97.2573749407402,-11.068952089061355,-15.25548056356304,8.962492101021917,-1.7021471697390491,217.0,154.0,-63.0,80.8277291612194,96.08320972478244,11.271500446977212,8.30620398399634,37.06462112510037
621493,Taylor Ward,2025,665,280,48,20.64896755162242,102.44341953650576,113.6258926947708,-11.18247315826504,-12.689571521362552,5.196037299438036,-2.4421632852279487,128.0,75.0,-53.0,102.34283018818977,115.03240170955232,8.439714378366078,7.366917433356527,37.06462112510037
669911,Michael Toglia,2025,337,211,30,30.84795321637427,59.40009829287705,70.86423149742005,-11.464133204543003,-16.79729642845345,7.979880116272095,-2.104955987271213,265.0,258.0,-7.0,41.73185723397319,58.52915366242664,12.70806092981323,11.959037340368102,37.06462112510037
678662,Ezequiel Tovar,2025,391,314,53,40.88541666666667,66.78528183002119,78.56940430722639,-11.784122477205202,-21.006290526786863,9.91100510056237,-2.1194914454836598,262.0,248.0,-14.0,48.189515591465046,69.19580611825191,14.304855670677323,11.914021651730538,37.06462112510037
671739,Michael Harris,2025,640,473,111,43.15693430656935,57.50526973425072,69.39243324706443,-11.887163512813714,-19.50448477417075,8.531397652862577,-2.2862004055837586,266.0,261.0,-5.0,43.42037089211322,62.92485566628397,11.10767103923283,8.472033103196342,37.06462112510037
656811,Ryan O'Hearn,2025,540,293,64,27.104532839963,88.52664651170747,100.8930321628039,-12.366385651096437,-15.649042353124159,7.456803776363654,-2.0986260095415155,206.0,133.0,-73.0,84.63562341152974,100.2846657646539,10.349268663305864,9.017096283230265,37.06462112510037
676572,Eric Wagaman,2025,515,250,59,25.69373072970195,84.99607956065526,97.94623294729764,-12.950153386642384,-16.28259456688454,7.818014299207775,-2.0827020703370303,222.0,149.0,-73.0,80.49441749077398,96.77701205765852,9.98122276061237,8.767162001502646,37.06462112510037
641487,J. P. Crawford,2025,654,277,67,21.949286846275758,109.19018400601036,124.23692484587842,-15.046740839868065,-17.112147932133595,6.251508647816165,-2.737282933794128,91.0,30.0,-61.0,110.34086719089224,127.45301512302584,8.61199267698314,7.735330077263547,37.06462112510037
696285,Jacob Young,2025,366,140,42,23.1404958677686,98.3991796775033,114.28780196903926,-15.888622291535967,-19.148175299481466,8.818714639927212,-2.1713113624050218,158.0,72.0,-86.0,97.15464249110636,116.30281779058782,10.376389427222692,8.536366422301993,37.06462112510037
676391,Ernie Clement,2026,566,424,175,45.39614561027837,93.32130361633055,75.6105570521985,17.71074656413205,18.122902543820302,9.31383862298783,1.9458037955575582,203.0,257.0,54.0,87.67545641493582,69.55255387111552,13.207047121237716,8.476115327340578,43.986072692138
677588,José Tena,2026,275,174,38,29.845626072041163,101.2097837943274,85.38202524496728,15.827758549360112,21.521057705481667,8.333151105257018,2.582583398962366,157.0,235.0,78.0,98.29605330918022,76.77499560369856,17.667461458310505,12.36149044207177,43.986072692138
671739,Michael Harris,2026,557,480,119,44.40333024976873,90.6494337798438,75.44948531999246,15.199948459851342,15.677599518023996,8.243753967665718,1.9017549018949225,216.0,258.0,42.0,82.92583124616905,67.24823172814506,13.866306677808206,9.83528830482905,43.986072692138
664034,Ty France,2026,437,302,51,33.114035087719294,101.08853105113774,86.01193090537208,15.076600145765653,17.47330666019299,7.020125500794732,2.4890305249122506,158.0,231.0,73.0,99.67322154804954,82.19991488785655,12.086251884224696,8.361662235735436,43.986072692138
676356,Jonny DeLuca,2026,317,208,57,35.61643835616438,95.09963163402618,80.26182437999103,14.837807254035155,17.067613418208126,9.343022936653101,1.826776358564968,196.0,248.0,52.0,89.17595013593554,72.10833671772741,14.764068364127048,10.716588798201691,43.986072692138
691594,Javier Sanoja,2026,422,289,116,38.430851063829785,112.27589348879825,97.72560174788303,14.550291740915213,21.86951348068527,10.241886925737132,2.135301203699949,74.0,171.0,97.0,117.68555893390158,95.8160454532163,15.343997625580762,9.544253133131452,43.986072692138
665926,Andrés Giménez,2026,457,385,96,43.55203619909502,83.20583102328382,69.20334927591531,14.002481747368506,11.212809448283231,8.433371218076939,1.3295761752131299,249.0,262.0,13.0,73.25407685108752,62.04126740280429,12.679148730872578,8.351846427731076,43.986072692138
802415,Chandler Simpson,2026,554,258,116,30.105017502917157,115.88905344615068,103.4415588370662,12.447494609084487,16.510905290821484,7.688870821163767,2.1473771214070725,58.0,135.0,77.0,119.75809455068072,103.24718925985924,10.74247479759284,6.509603137861465,43.986072692138
703607,Henry Bolte,2026,399,225,36,29.14507772020725,109.69663782283176,98.36888895962537,11.327748863206395,14.667561831169394,6.7135771980346215,2.184761029554151,89.0,167.0,78.0,111.62259237572636,96.95503054455696,11.166488810911265,8.599267076106774,43.986072692138
694249,Cole Carrigg,2026,296,221,49,35.3035143769968,108.28950633981025,97.26261036816476,11.026895971645487,18.379189647715123,10.813476501179622,1.6996559474383812,97.0,175.0,78.0,112.12729025860696,93.74810061089184,18.39868635645241,12.556976137724527,43.986072692138
701678,Hao-Yu Lee,2026,292,169,36,30.286738351254485,98.8694658575076,88.01807832234138,10.851387535166225,11.976496146338732,8.508902033496515,1.4075254479592707,173.0,226.0,53.0,95.3461360542672,83.36963990792847,14.76203731993785,9.762439715630029,43.986072692138
702332,Caleb Durbin,2026,527,267,96,28.16455696202532,124.60480282038117,113.9913829058484,10.61341991453277,17.11141839239461,7.3424514265584735,2.330477574628643,20.0,66.0,46.0,132.45404905858507,115.34263066619046,11.536565314430009,7.259855760321122,43.986072692138
696100,Hunter Goodman,2026,510,445,71,40.49135577797998,88.83098374086985,78.350824205402,10.480159535467848,10.57918074010972,6.955960431876698,1.5208799480268878,223.0,253.0,30.0,79.09479621960996,68.51561547950024,14.631452090853667,11.340843705681968,43.986072692138
683734,Andrew Vaughn,2026,312,153,44,22.869955156950677,130.37811866326035,120.13084691340904,10.247271749851308,21.32397395878644,8.906466115928,2.3942126631629375,10.0,45.0,35.0,145.22222725175112,123.89825329296468,13.990942860527218,9.33564383050904,43.986072692138
677649,Ezequiel Duran,2026,529,389,86,35.52511415525114,117.14728531286804,106.93773741275292,10.209547900115112,16.328573514095112,7.731091522052822,2.1120657370978084,51.0,112.0,61.0,123.66240466475575,107.33383115066064,13.233799780143157,8.541253485607589,43.986072692138
678882,Ceddanne Rafaela,2026,564,486,120,45.50561797752809,94.72278041637014,84.71600342581219,10.006776990557952,10.119177715865817,8.22995829731143,1.2295539479430362,198.0,239.0,41.0,90.56234961340412,80.4431718975383,12.129984500392352,8.5657983408421,43.986072692138
687263,Zach Neto,2026,621,530,87,37.74928774928775,75.0173812091952,65.09391360030222,9.923467608892977,8.54149343324017,6.200722563397723,1.377499693932413,259.0,264.0,5.0,65.04596724798047,56.5044738147403,10.779554699036131,8.663103270725879,43.986072692138
664040,Brandon Lowe,2026,591,434,58,33.591331269349844,91.66842787236862,82.26668394763581,9.401743924732813,9.38758037777221,5.684345200553197,1.651479642168568,213.0,243.0,30.0,86.71031326971385,77.32273289194164,11.545689899155713,8.704452422392162,43.986072692138
621439,Byron Buxton,2026,407,279,55,34.6583850931677,97.87262033968707,88.55593049331624,9.316689846370835,10.922837426640186,7.533243488257312,1.4499514642884588,182.0,221.0,39.0,93.7804821046722,82.85764467803202,14.645332599028,10.983681471555284,43.986072692138
671277,Luis García,2026,490,381,103,38.640973630831645,98.81472302289755,89.65010318986681,9.164619833030741,10.955077789100883,8.36653935247193,1.3093917721027821,174.0,220.0,46.0,95.09421359487484,84.13913580577396,15.095052402949442,11.178966651372216,43.986072692138
624585,Jorge Soler,2026,363,208,31,27.84471218206158,99.24781587565892,90.15183027698974,9.095985598669174,10.792939579946093,6.237700010412667,1.730275512116535,170.0,218.0,48.0,96.39709807725588,85.60415849730978,13.75673022645898,10.324719373452952,43.986072692138
686948,Drake Baldwin,2026,540,374,93,34.12408759124087,108.050889097521,99.14445371467134,8.90643538284965,12.56843938452161,7.617005483066841,1.650049932675271,101.0,162.0,61.0,109.97984540191553,97.41140601739392,13.46419188862393,10.12720592552561,43.986072692138
694192,Jackson Chourio,2026,501,344,73,33.95853899308983,102.85301182593253,94.0141680837002,8.838843742232328,10.862773704756222,7.232482441273063,1.501942630757933,137.0,193.0,56.0,102.13800541714208,91.27523171238586,12.554100904675114,9.310571389095363,43.986072692138
514888,José Altuve,2026,502,358,92,36.8692070030896,99.3498904845896,90.7582443307876,8.591646153801989,8.999880575091268,7.894792372834104,1.1399768543704532,168.0,213.0,45.0,96.85711644113684,87.85723586604557,12.993289758408665,8.419502704840975,43.986072692138
665019,Kody Clemens,2026,517,331,75,32.54670599803343,101.6544997875018,93.17130819087852,8.483191596623286,10.480720403643673,6.674115625672969,1.5703534357912587,150.0,203.0,53.0,100.22038727184386,89.73966686820019,13.358764916244075,10.0448673921973,43.986072692138
672640,Otto Lopez,2026,617,357,113,31.648936170212767,111.7634047412554,103.28098457362098,8.482420167634416,10.95738489971248,7.577606955809487,1.4460218065693993,76.0,139.0,63.0,114.02310730100906,103.06572240129658,10.256577685293612,6.53085423052314,43.986072692138
663968,Jake Mangum,2026,431,370,94,45.62268803945746,96.85566694456998,88.50603196130514,8.349634983264835,8.449136828007596,9.714789672934268,0.8697189658719197,187.0,223.0,36.0,93.10883843124692,84.65970160323933,13.036024937074837,9.0103753285519,43.986072692138
606192,Teoscar Hernández,2026,424,269,69,29.78959025470653,108.26020018444194,100.14429871735082,8.11590146709112,12.285658045646514,8.65142060453091,1.4200740672823473,98.0,157.0,59.0,110.7445864623503,98.45892841670378,14.859401088068145,10.958901752527249,43.986072692138
700932,Kyle Manzardo,2026,354,234,46,30.99337748344371,98.28529224954312,90.17409036980652,8.111201879736598,9.39490132028864,7.644348629377489,1.228999588556665,180.0,216.0,36.0,94.47466796111028,85.07976664082165,14.601202907467062,10.935831858900928,43.986072692138
643217,Andrew Benintendi,2026,430,284,70,33.21637426900585,108.41094936719855,100.53653491886438,7.8744144483341785,11.159692990944862,8.425406360127218,1.3245287543349256,93.0,154.0,61.0,110.60477166849368,99.44507867754882,13.69807463159867,9.194889735351952,43.986072692138
575929,Willson Contreras,2026,509,378,74,34.64711274060495,102.51244216830172,95.04395713450072,7.468485033801002,9.255949772542237,7.338430685486443,1.261298248799728,141.0,185.0,44.0,101.59197620927836,92.33602643673612,12.900239604852162,9.722780461861804,43.986072692138
687093,Vaughn Grissom,2026,399,240,56,32.04272363150868,110.72569276178578,103.43162920737102,7.2940635544147625,10.898128878647668,7.888195293086917,1.3815744252932742,83.0,136.0,53.0,113.85462894484756,102.9565000661999,13.022461777816872,10.146204734036411,43.986072692138
573262,Mike Yastrzemski,2026,359,201,47,26.27450980392157,120.28781066879408,113.35966111933698,6.928149549457103,14.004161867038704,8.046703390654013,1.7403601434227198,38.0,71.0,33.0,129.80052850072158,115.79636663368288,14.322862255637672,10.11251249843556,43.986072692138
655316,Andruw Monasterio,2026,327,181,34,26.656848306332844,123.15708685227548,116.51756651489124,6.639520337384241,13.994953187840522,7.826188826146956,1.7882207417592575,27.0,53.0,26.0,133.2343161734392,119.23936298559867,13.566984393587322,9.099018868765413,43.986072692138
547180,Bryce Harper,2026,615,452,104,32.10227272727273,107.93826061510006,101.34247670718192,6.595783907918147,8.520751823445394,7.250526469394241,1.17519077537514,102.0,150.0,48.0,109.19271300518652,100.67196118174112,11.02969175552844,7.953135019933169,43.986072692138
687637,Dylan Beavers,2026,298,150,37,24.077046548956663,122.72243447098585,116.16469617219326,6.557738298792586,13.090183436154561,8.877815017626531,1.4744825624508449,28.0,56.0,28.0,132.45179627755016,119.3616128413956,13.48801026900593,10.016472293301437,43.986072692138
676724,Jared Young,2026,311,182,47,28.217054263565892,101.5443118408542,95.0377537330228,6.50655810783141,7.885969451003618,9.036139100251413,0.8727144816511518,153.0,186.0,33.0,100.1909733938759,92.30500394287228,12.724881866531492,9.764206600048306,43.986072692138
664761,Alec Bohm,2026,563,276,88,26.640926640926644,118.55052873212676,112.13667295065048,6.413855781476286,10.016235012687659,7.170077170435276,1.3969494016031072,43.0,80.0,37.0,123.26526145360516,113.2490264409175,10.684717574523477,7.398030289668945,43.986072692138
553993,Eugenio Suárez,2026,444,281,45,28.732106339468302,104.81161481980524,98.4564101149704,6.355204704834847,8.475179956933857,6.053775699161714,1.3999824866500163,124.0,166.0,42.0,105.02184283199134,96.54666287505748,13.335204437671829,10.060347810895523,43.986072692138
645277,Ozzie Albies,2026,617,484,152,38.90675241157556,92.77465341561148,86.6404956053648,6.134157810246677,4.985612093145548,8.176036557204675,0.6097834884008996,206.0,229.0,23.0,88.17211765183526,83.18650555868972,11.640920744294,8.094109673555646,43.986072692138
676609,José Caballero,2026,416,307,87,35.49132947976879,85.1983935906514,79.1509049318437,6.047488658807708,2.649401371020545,9.061665532475411,0.29237465910936106,241.0,252.0,11.0,75.50062261138086,72.85122124036032,13.14947745375762,9.21555377377654,43.986072692138
800050,Chase DeLauter,2026,498,217,60,21.592039800995025,122.03545111728316,116.02883799639936,6.006613120883799,10.693160801587084,6.5805770521852205,1.6249579203751123,31.0,57.0,26.0,128.6209913364665,117.9278305348794,11.31104750972316,7.7674700617746035,43.986072692138
660271,Shohei Ohtani,2026,580,367,99,30.08196721311475,121.7345914563112,116.16492133244871,5.56967012386248,11.277998485380778,7.52826007511763,1.4980883195915038,32.0,55.0,23.0,130.83170302421914,119.55370453883836,13.409012793050966,10.3125634379963,43.986072692138
664023,Ian Happ,2026,578,318,48,24.72783825816485,118.24788905971674,112.73460241098212,5.513286648734621,7.6011182903241945,5.065431357235804,1.5005865748168208,46.0,76.0,30.0,121.5067884584832,113.905670168159,8.979802626751312,7.28976977002378,43.986072692138
668904,Royce Lewis,2026,447,311,56,33.36909871244635,83.414403438291,77.97812439798165,5.436279040309358,4.017203228108102,6.668828003477716,0.6023851906231765,248.0,254.0,6.0,75.75179241953039,71.73458919142229,11.180867924558578,8.973415624433393,43.986072692138
691723,Coby Mayo,2026,386,275,41,32.62158956109134,87.86101218822132,82.44570050612117,5.415311682100153,5.595752201947789,6.170799334484217,0.9068115650232057,231.0,242.0,11.0,79.31545519152826,73.71970298958047,13.299789934737802,11.609818125788973,43.986072692138
693304,Nick Gonzales,2026,555,330,89,31.57894736842105,98.89708941184782,93.61623212183515,5.280857290012662,5.555211856349601,7.052578289891073,0.7876852447440751,172.0,198.0,26.0,97.23551614341524,91.68030428706564,10.16284690602048,7.690113163473655,43.986072692138
668715,Spencer Steer,2026,383,203,44,26.432291666666668,98.81288436725386,93.55234089558876,5.260543471665102,5.729847729404241,6.2030357342225715,0.9237167049985349,175.0,200.0,25.0,96.9016198395862,91.17177211018196,10.8173886574736,8.503891425508687,43.986072692138
694384,Nolan Schanuel,2026,444,232,68,27.390791027154663,113.6531055307215,108.50079721401136,5.1523083167101476,8.22403480895909,7.403822736094135,1.1107822407560308,67.0,105.0,38.0,117.34319935428562,109.11916454532653,11.690969377465995,7.900254547151688,43.986072692138
607208,Trea Turner,2026,623,425,70,34.49675324675325,84.4031613870945,79.35713760166735,5.046023785427153,4.071014642163064,5.5305604090026526,0.7360944174004974,245.0,251.0,6.0,78.8941781428108,74.82316350064774,9.711792558453777,7.849430171883152,43.986072692138
677800,Wilyer Abreu,2026,621,401,102,30.24132730015083,113.35275016843264,108.34304695687705,5.009703211555589,7.913262003315481,6.97345346205885,1.1347694576826157,68.0,106.0,38.0,116.91019138666118,108.9969293833457,11.670017743912052,8.31584076066462,43.986072692138
691720,Kyle Karros,2026,408,220,42,24.80270574971815,116.04099848284072,111.07494682965697,4.966051653183754,7.880501611539884,6.5742192874726415,1.1986977110052293,57.0,88.0,31.0,120.4344644785552,112.55396286701531,11.372387581706125,9.250939451485394,43.986072692138
671218,Heliot Ramos,2026,389,272,47,34.17085427135678,87.5379456671028,82.58188860943079,4.956057057672012,3.515244393889674,7.17929446033828,0.48963646961543345,232.0,241.0,9.0,79.86553820355539,76.35029380966571,12.480768806425871,9.840794208087075,43.986072692138
701398,Sal Stewart,2026,625,400,110,31.03180760279286,98.45143074605356,93.5819150574124,4.869515688641158,4.993700499389064,6.632506567362938,0.7529130123989523,178.0,199.0,21.0,96.7066718923699,91.71297139298083,10.016896697050264,7.544580008268874,43.986072692138
656811,Ryan O'Hearn,2026,398,256,63,31.92019950124688,100.2113570682661,95.40536533074768,4.805991737518411,5.702518284249393,8.274415774409864,0.6891747332646093,161.0,183.0,22.0,97.822235989549,92.1197177052996,13.96532356546637,10.908788103610066,43.986072692138
694212,Samuel Basallo,2026,369,302,78,39.789196310935445,84.4376438654827,79.64136457954228,4.796279285940415,0.4739152574460803,9.65231496027239,0.04909861099608237,244.0,250.0,6.0,70.34037542475629,69.86646016731021,15.549119504245652,11.58967203204759,43.986072692138
665161,Jeremy Peña,2026,411,312,64,38.75776397515528,89.66048191776807,84.87951471964523,4.780967198122838,4.228808219028252,8.339769173555046,0.5070653792718356,220.0,237.0,17.0,81.36513821751048,77.13632999848222,13.880139053135805,11.577735161645348,43.986072692138
691023,Jordan Walker,2026,608,421,91,36.106346483704975,90.2821269634087,85.56763642571498,4.71449053769372,4.0457150406774645,6.633124801350498,0.6099259642836451,218.0,234.0,16.0,85.77591871622818,81.73020367555071,10.452854201181486,8.293242301453942,43.986072692138
672960,Kazuma Okamoto,2026,570,343,53,28.068739770867428,101.2568435470136,96.65763414045222,4.5992094065613855,5.264796996061719,5.00677739596767,1.051534066663689,155.0,179.0,24.0,100.386164554573,95.12136755851128,9.729683351775789,7.996958730044092,43.986072692138
695506,Jac Caglianone,2026,507,388,82,39.27125506072874,84.55816404391223,80.1016694632093,4.456494580702923,2.5059825036795473,7.602903653120346,0.3296086098172577,243.0,249.0,6.0,76.6769197133859,74.17093720970635,11.661387843958035,9.11045648866448,43.986072692138
669003,Garrett Mitchell,2026,472,220,30,22.56410256410257,123.67080733746609,119.22351893435112,4.4472884031149675,7.444425684493098,5.105203943623338,1.458203387504542,25.0,48.0,23.0,129.77724873808086,122.33282305358776,10.419275276114467,8.748263388411134,43.986072692138
667472,Dane Myers,2026,297,163,38,25.914149443561207,117.991594828839,113.6445268871824,4.347067941656604,8.777743892799037,8.905962127389607,0.9856031012981468,49.0,69.0,20.0,124.66203662482351,115.88429273202448,12.967826281847785,9.533358512793969,43.986072692138
695600,Carter Jensen,2026,543,282,47,24.0,106.43371541366425,102.30029322047584,4.133422193188409,5.34026316287617,5.015371947941163,1.0647790868368947,113.0,143.0,30.0,107.09181934801003,101.75155618513386,10.544838445601536,8.35730092886812,43.986072692138
691788,Joe Mack,2026,295,158,37,27.43055555555556,97.36040273601073,93.31839505861412,4.042007677396612,4.144687594910508,7.831433300803708,0.5292374250937125,184.0,202.0,18.0,92.88851024077528,88.74382264586477,14.742854681544504,11.670132984709376,43.986072692138
671976,Tristan Peters,2026,433,239,67,31.866666666666667,102.40349807913633,98.58331675423548,3.820181324900844,4.490282858649877,7.617088319214066,0.5895012202133934,143.0,165.0,22.0,101.55960922902712,97.06932637037724,12.011408438302732,9.04506233413214,43.986072692138
689414,Liam Hicks,2026,503,260,96,26.94300518134715,117.99923668170166,114.21601692661964,3.7832197550820155,7.268987265889081,7.980040739370251,0.9108960095938954,48.0,64.0,16.0,123.25700842450402,115.98802115861494,11.509822645643188,8.211250338006021,43.986072692138
682985,Riley Greene,2026,521,303,56,26.74315975286849,105.6259244293002,101.92273072100026,3.703193708299935,5.010352213127064,5.894232875831579,0.8500431385517976,120.0,145.0,25.0,106.0856099320742,101.07525771894714,11.363504036720382,9.737258777230448,43.986072692138
621566,Matt Olson,2026,623,381,98,27.95304475421864,114.15660408804652,110.5725625429336,3.5840415451129246,6.1049956035045625,6.541892600353459,0.9332155045123652,66.0,96.0,30.0,118.23799299028916,112.1329973867846,11.973526027460895,9.92440071049071,43.986072692138
664983,Jake McCarthy,2026,516,338,95,37.89237668161435,91.96018786621416,88.41347223126438,3.546715634949777,1.9462954863237059,7.823664330544938,0.24877032092558365,210.0,224.0,14.0,86.91162378259256,84.96532829626885,11.78628555461784,8.507466351170576,43.986072692138
663616,Trevor Larnach,2026,427,262,56,30.114942528735632,108.36924186027592,104.86535291019234,3.503888950083578,5.188555456181646,7.154734544077484,0.7251918885623236,94.0,126.0,32.0,110.00519030094377,104.81663484476212,11.890969271860806,9.794700454624644,43.986072692138
687462,Spencer Horwitz,2026,409,211,57,24.8527679623086,116.60141794807978,113.182909148656,3.4185087994237904,5.874851829592075,7.339392401525164,0.8004547935563779,52.0,73.0,21.0,120.9122560916954,115.03740426210332,11.00304950741904,8.917331160830779,43.986072692138
669477,Casey Schmitt,2026,407,263,63,36.78321678321678,88.4602007971388,85.08931483368455,3.370885963454242,0.8592245098004128,8.05850951900755,0.10662325430946826,226.0,236.0,10.0,80.76425237050918,79.90502786070877,12.856281884141934,9.523127655292225,43.986072692138
682928,CJ Abrams,2026,595,463,104,37.24859211584876,100.10100295764492,96.74406714812876,3.356935809516159,3.446970934557797,7.370390699531734,0.4676781835699422,164.0,177.0,13.0,97.94380087024864,94.49682993569084,13.099037442311255,9.722232685024364,43.986072692138
646240,Rafael Devers,2026,620,401,114,30.105105105105107,107.87479322064488,104.66121771468173,3.2135755059631492,4.5947295887362145,6.866406560339997,0.6691607245156631,103.0,129.0,26.0,109.18246393334076,104.58773434460454,11.36379715370692,8.200749281590568,43.986072692138
650489,Willi Castro,2026,479,395,79,37.76290630975143,86.1356434388598,82.94673028011502,3.188913158744782,1.3798227122841666,7.517822191897927,0.18354021644342997,237.0,240.0,3.0,76.10555798710085,74.72573527481669,13.711581064421509,11.395908183557832,43.986072692138
642086,Dominic Smith,2026,288,183,42,31.55172413793104,96.94254032670672,93.7856770252302,3.1568633014765197,3.0611073099335186,8.217302622777522,0.3725197245928904,186.0,197.0,11.0,93.56786020049324,90.50675289055972,12.44349262213668,10.083193120326948,43.986072692138
810938,Ben Williamson,2026,270,171,56,31.608133086876155,108.10592469353963,105.03976622654288,3.066158466996754,7.066333947137181,12.102979990214605,0.5838507502160949,100.0,125.0,25.0,112.10496557375546,105.03863162661828,19.241639995716323,11.810419251855658,43.986072692138
669065,Kyle Stowers,2026,448,310,41,33.549783549783555,84.60028086765337,81.53426149384018,3.066019373813191,1.1851091303345385,5.858962585249443,0.202272861976995,242.0,244.0,2.0,76.3786898476457,75.19358071731116,11.923178187143492,9.702849150823894,43.986072692138
668804,Bryan Reynolds,2026,630,316,46,25.09928514694202,104.76820336394582,101.74774948625898,3.0204538776868333,3.5013042688341613,4.116300729412877,0.8505948663603996,125.0,147.0,22.0,104.83160320726869,101.33029893843452,7.750440661586923,6.650076707701345,43.986072692138
641355,Cody Bellinger,2026,498,290,80,30.14553014553015,106.34033132974382,103.39090434440888,2.949426985334938,3.943560359168927,7.134344780569002,0.5527571880054846,114.0,138.0,24.0,107.06828125862909,103.12472089946016,11.354952197960037,7.500101595059375,43.986072692138
656941,Kyle Schwarber,2026,615,369,54,25.985915492957744,108.2347923308426,105.2856919139863,2.9491004168562966,4.24709319188014,5.122885836070819,0.829043107300162,99.0,122.0,23.0,109.59463785585038,105.34754466397024,11.029937099932132,9.424134059943592,43.986072692138
673962,Josh Jung,2026,394,218,43,28.98936170212766,102.81077179815236,99.91638880867212,2.894382989480235,3.4161661910469974,6.597470338772201,0.5177994012297069,138.0,159.0,21.0,102.28129275363632,98.86512656258932,10.659342594186263,8.460565842650855,43.986072692138
690993,Colt Keith,2026,399,185,49,24.666666666666668,114.2326337081481,111.46369370330028,2.7689400048478205,5.916462693550471,7.123749644552968,0.8305264767515202,64.0,83.0,19.0,119.08799132221743,113.17152862866696,13.008940733945824,9.63520542154802,43.986072692138
701675,Nathan Church,2026,412,348,107,42.80442804428044,96.4855161107335,93.7906154793336,2.6949006313999035,1.2264279189667207,10.474909242474263,0.11708243867104169,189.0,196.0,7.0,91.80621264546654,90.57978472649982,14.2236830060494,9.980134451503687,43.986072692138
664770,Nathan Lukes,2026,399,270,109,34.61538461538461,107.35147694459724,104.68390053738224,2.6675764072149946,4.779928791461444,10.661308495600094,0.4483435399542292,108.0,127.0,19.0,109.35458326201248,104.57465447055104,15.2632087135877,10.310425929947392,43.986072692138
682998,Corbin Carroll,2026,605,379,99,29.35708752904725,115.78382625533398,113.25852314079836,2.5253031145356175,5.362594352512261,6.997562719187543,0.7663517381284564,59.0,72.0,13.0,120.19292964864336,114.8303352961311,11.520650084670686,8.171741766729975,43.986072692138
608324,Alex Bregman,2026,651,304,89,23.60248447204969,130.38827734358068,127.90484319220464,2.483434151376045,6.5999576636525035,5.835359492147906,1.1310284606344212,9.0,20.0,11.0,138.01449379739634,131.41453613374384,10.02627391144585,7.320108960833097,43.986072692138
666018,Jonathan Aranda,2026,607,352,103,28.687856560717197,135.3100015085512,132.84060212386072,2.4693993846904903,9.914572759718453,7.3869553541189115,1.342173098987279,7.0,8.0,1.0,149.4273958624041,139.51282310268564,12.508134574992686,9.153154945850869,43.986072692138
696285,Jacob Young,2026,433,218,62,27.42138364779874,122.59868027123278,120.17970363475575,2.4189766364770264,7.595819056245006,7.946074828369457,0.9559209069018642,29.0,44.0,15.0,130.65611543020117,123.06029637395616,12.31618786194779,8.1500818366693,43.986072692138
699013,Esmerlyn Valdez,2026,281,138,23,20.909090909090907,124.30838575172652,121.9602113475288,2.348174404197721,6.646146667404821,7.407259833035147,0.8972476755525859,21.0,36.0,15.0,140.47582071787974,133.82967405047492,16.67990130086724,15.649066316540596,43.986072692138
669357,Nolan Gorman,2026,274,193,37,32.87904599659284,93.73519955584612,91.43944565455234,2.2957539012937787,0.3081341580140986,9.047210336325726,0.034058471789574725,202.0,210.0,8.0,82.66566082395589,82.35752666594179,18.84815188458434,15.2655081430221,43.986072692138
669364,Xavier Edwards,2026,570,273,85,23.59550561797753,129.24480753825384,126.96165769426892,2.2831498439849156,5.888856871475042,6.555522198169956,0.8983047716807334,11.0,22.0,11.0,136.41990701313753,130.5310501416625,9.946550300329726,7.539258201212111,43.986072692138
665862,Jazz Chisholm,2026,519,320,64,28.75112309074573,97.74982539697535,95.63192901827406,2.117896378701289,1.50550365175134,6.4684216097504565,0.23274667957356918,183.0,181.0,-2.0,95.0629607621269,93.55745711037557,11.75720336831764,8.771739219734375,43.986072692138
682829,Elly De La Cruz,2026,565,313,81,25.88916459884202,118.6579568902429,116.76133893235108,1.89661795789182,4.888390169016773,7.059778643465487,0.6924282496507812,42.0,52.0,10.0,124.46320378557375,119.57481361655698,11.811410453828714,9.15426583328504,43.986072692138
643289,Mauricio Dubón,2026,552,408,138,37.569060773480665,100.13448744853297,98.3115519525163,1.8229354960166688,1.184309504431397,8.977006112985068,0.13192700211246552,163.0,168.0,5.0,98.23382917474927,97.04951967031788,12.343584163490496,8.08976795287987,43.986072692138
805779,Jacob Wilson,2026,338,249,85,42.56410256410256,87.39448889218505,85.5908706298525,1.8036182623325487,-2.464764688803058,10.996691150104692,-0.22413693857170777,234.0,233.0,-1.0,77.79686237191056,80.26162706071362,13.90012035525599,9.779034266367168,43.986072692138
687401,Joey Ortiz,2026,366,227,54,31.79271708683473,98.79887888726624,97.13951038295548,1.6593685043107627,1.4055615718921217,8.118687074199284,0.17312670867176475,176.0,176.0,0.0,96.43070076376264,95.02513919187052,12.026138975307674,9.663498126715291,43.986072692138
666182,Bo Bichette,2026,617,515,133,41.10135674381484,99.28589035796776,97.68097845995466,1.6049118980130999,1.0715095599001216,8.018878063260564,0.13362337616896422,169.0,172.0,3.0,96.98062482388173,95.9091152639816,12.416727364024496,9.165803513932708,43.986072692138
695734,Daylen Lile,2026,599,454,130,38.11922753988245,95.8003675385971,94.21337773220915,1.5869898063879475,0.4686105052108047,8.314656703564658,0.05635957345177006,192.0,191.0,-1.0,91.98397302719648,91.51536252198568,12.32350243506589,9.325364307839028,43.986072692138
701538,Jackson Merrill,2026,593,456,107,37.1033360455655,91.74685289205496,90.1670819207407,1.579770971314261,-0.24068124478948505,7.192471463820195,-0.033462940520538415,212.0,217.0,5.0,85.42923882227869,85.66992006706818,13.073118011904668,10.272484218374965,43.986072692138
678554,Curtis Mead,2026,331,185,48,25.204359673024523,123.2549247425518,121.6847567977087,1.5701679448430923,6.529242723764781,8.939588344913092,0.7303739805289945,26.0,38.0,12.0,132.40777013676154,125.87852741299676,12.896168714274063,9.37864193412514,43.986072692138
663993,Nathaniel Lowe,2026,390,231,49,28.068043742405838,96.73747566429569,95.21368075289509,1.5237949114006,0.625671956803302,6.558609471323263,0.09539704407450664,188.0,184.0,-4.0,93.07968319862532,92.45401124182202,12.780571820192856,9.899605476359907,43.986072692138
676475,Alec Burleson,2026,611,472,143,38.064516129032256,107.0286266464672,105.59177813735457,1.436848509112636,2.4916614023400996,8.490926053369671,0.2934499001261788,110.0,120.0,10.0,108.24340579723084,105.75174439489074,12.596757197717771,10.083285712326973,43.986072692138
669394,Jake Burger,2026,549,406,69,36.185383244206776,79.18678155667641,77.80389595064129,1.3828856060351171,-1.610735689956229,5.877423917612521,-0.27405470705106616,257.0,255.0,-2.0,70.32797342885614,71.93870911881237,10.968139701872971,8.669419425467545,43.986072692138
693307,Dillon Dingler,2026,557,388,90,34.18502202643172,88.16342065900781,86.84689280994009,1.3165278490677252,-2.268076817629364,7.334049219228284,-0.30925301287629203,229.0,228.0,-1.0,81.12510596331201,83.39318278094137,12.181884631311805,8.139556728049799,43.986072692138
666126,Carlos Cortes,2026,340,192,50,27.42857142857143,111.04371092001898,109.7314787249772,1.312232195041787,3.4456741931596753,8.24188558229497,0.4180686760031702,81.0,100.0,19.0,114.61017742558924,111.16450323242957,13.565987694305852,10.328444337904156,43.986072692138
677942,Blaze Alexander,2026,288,164,39,29.92700729927008,112.29934892098728,111.0475849187458,1.2517640022414867,3.7645490577635456,9.08283499599617,0.41446850674079266,73.0,91.0,18.0,116.72232136376998,112.95777230600643,13.853648112912156,10.537184284348696,43.986072692138
681297,Colton Cowser,2026,352,230,42,29.411764705882355,95.743528512572,94.52790451018922,1.215624002382782,0.4348841408173172,7.948630752589648,0.05471183079873635,193.0,190.0,-3.0,91.92842231384196,91.49353817302465,12.280935467334498,10.036398497423049,43.986072692138
608348,Carson Kelly,2026,384,194,43,24.808184143222505,104.71759233067058,103.54418169959897,1.1734106310716186,1.6633442515127115,6.5108769760075615,0.25547161429130033,126.0,133.0,7.0,104.83300460607003,103.16966035455732,11.276203175654242,9.340353621966576,43.986072692138
683953,Travis Bazzana,2026,451,247,48,26.58772874058127,114.9009183869975,113.76523509868744,1.1356832883100623,2.7856673830647196,6.2998881501410215,0.4421772762747166,63.0,68.0,5.0,118.91173227905465,116.12606489598993,11.440879088650515,9.719657797713747,43.986072692138
664702,Myles Straw,2026,292,124,49,22.6691042047532,110.5010161208441,109.4906054459004,1.0104106749436994,2.873497209727759,9.393924590922751,0.30588889466968777,86.0,101.0,15.0,113.62660641886342,110.75310920913566,13.253245659105598,9.953511067491554,43.986072692138
691777,Max Muncy,2026,272,184,21,33.273056057866185,82.05429586126743,81.07031149822316,0.9839843630442715,-0.2531153210599797,6.1001881541397065,-0.04149303507764932,255.0,247.0,-8.0,70.96908985176452,71.2222051728245,13.032474677740389,11.974680104084628,43.986072692138
683146,Brett Baty,2026,430,249,35,29.43262411347517,98.3464719564573,97.37046908403464,0.9760028724226544,0.5963079788802474,5.76885486572417,0.10336678470162766,179.0,174.0,-5.0,96.38386015815072,95.78755217927048,10.531468470062926,8.486199853207513,43.986072692138
683357,Owen Caissie,2026,323,211,26,30.09985734664765,82.06049583263324,81.09965737178986,0.9608384608433767,-0.8310348220317678,6.579805911357321,-0.1263008108791369,253.0,245.0,-8.0,71.10712217439257,71.93815699642434,12.956544659373124,11.556779925931124,43.986072692138
572233,Christian Walker,2026,568,378,66,31.5,82.05827633577084,81.09907954583093,0.9591967899399094,-0.7465605710404049,5.8893393875693665,-0.1267647391176285,254.0,246.0,-8.0,75.64997186112569,76.3965324321661,9.9098081557276,8.279705286823761,43.986072692138
662139,Daulton Varsho,2026,489,358,100,35.83583583583583,95.51567553303384,94.6004506733443,0.9152248596895447,-0.6563627970786996,8.726226158320527,-0.07521725717054129,194.0,188.0,-6.0,91.2425454038931,91.8989082009718,12.829619260488732,9.502835034141455,43.986072692138
571970,Max Muncy,2026,493,272,41,25.85551330798479,102.30585954719233,101.46089251131122,0.8449670358811119,0.930681987021643,5.770360507314226,0.16128662773182995,146.0,149.0,3.0,101.8094302867423,100.87874829972066,8.99592862422263,7.532033760108075,43.986072692138
805999,A. J. Ewing,2026,426,230,52,26.31578947368421,107.7097016063761,106.99447967522016,0.7152219311559378,1.5397669459753587,7.170272419060829,0.21474315841643282,104.0,111.0,7.0,108.93117884770312,107.39141190172776,11.254029840530984,8.425091312478765,43.986072692138
702222,Justin Crawford,2026,416,280,88,37.58389261744966,100.18761872298204,99.48549973383555,0.7021189891464843,-0.225176068274763,9.923129271285418,-0.022692042209543264,162.0,161.0,-1.0,98.0490412511696,98.27421731944436,13.17556396142666,8.722495024466797,43.986072692138
680869,Zack Gelof,2026,369,174,42,24.892703862660944,119.63714758718892,118.9587709207544,0.6783766664345166,4.457761712506155,7.528320858987957,0.5921322690682207,39.0,49.0,10.0,128.65153445235967,124.19377273985351,14.237368552159325,11.458848541160302,43.986072692138
681715,Heriberto Hernandez,2026,428,219,34,24.496644295302016,111.68584854327726,111.04764934880014,0.6381991944771244,1.5374149228732819,5.723771802151987,0.2686017150954995,77.0,90.0,13.0,114.43125709246436,112.89384216959108,11.365321067986976,10.359118186947471,43.986072692138
608369,Corey Seager,2026,359,206,40,27.61394101876676,91.44305499654864,90.8505850205842,0.5924699759644341,-0.5984685658452236,7.078145922582285,-0.08455160043195142,214.0,212.0,-2.0,86.19827617995162,86.79674474579684,11.771096062447048,9.98512614872631,43.986072692138
543760,Marcus Semien,2026,489,255,54,27.83842794759825,101.688138027411,101.13617371842716,0.5519643089838411,0.43648997939467904,6.09214960506068,0.0716479416447836,149.0,152.0,3.0,100.98202190113388,100.5455319217392,9.431551020066326,7.264643764851646,43.986072692138
678391,Jorbit Vivas,2026,326,175,38,28.363047001620743,105.01315775537915,104.55892595595046,0.4542317994286975,0.7864724955473434,7.1925814574667495,0.10934495496479808,123.0,131.0,8.0,105.22698057006468,104.44050807451734,10.988963547526716,9.244260320117965,43.986072692138
679529,Spencer Torkelson,2026,547,261,34,22.1750212404418,100.0892713865671,99.6622355198108,0.4270358667562988,0.29556360168096774,4.489197351257057,0.06583885237261947,165.0,160.0,-5.0,99.00728257812396,98.711718976443,9.264340493512975,7.852647908325604,43.986072692138
656775,Cedric Mullins,2026,462,302,96,31.198347107438018,86.57712421133877,86.20916389378873,0.3679603175500432,-1.3817763691264418,7.667580517470161,-0.18021021963553432,236.0,230.0,-6.0,80.0306689895147,81.41244535864114,11.213718131923608,9.428652429751748,43.986072692138
681624,Andy Pages,2026,553,382,87,31.93979933110368,95.31152700980432,94.98466161703168,0.32686539277264615,-1.2725709611382428,7.0477180747616615,-0.18056496409744346,195.0,187.0,-8.0,91.6465545878004,92.91912554893864,11.747528421378112,8.466504466779305,43.986072692138
657041,Lane Thomas,2026,374,161,28,20.774193548387096,126.3317419657765,126.04287108275298,0.28887088302352026,2.4828731650694635,6.113338747653597,0.40614028889245374,14.0,25.0,11.0,132.90864865324775,130.4257754881783,10.135809408712383,8.53514606883355,43.986072692138
691406,Junior Caminero,2026,622,416,127,30.101302460202607,111.2993310018708,111.05493754508818,0.2443934567826176,2.0044015044403523,7.40712316941663,0.2706045867734929,79.0,89.0,10.0,115.52182082821948,113.51741932377912,14.48472849071763,11.956591303404569,43.986072692138
665750,Leody Taveras,2026,448,288,61,30.934479054779807,96.95802562395504,96.73794748064095,0.22007814331408326,-0.6527727668261178,7.295756938517989,-0.0894729323258839,185.0,178.0,-7.0,94.09178626817062,94.74455903499674,11.479769791264548,9.153294727928929,43.986072692138
686611,Dylan Crews,2026,381,236,38,32.46217331499312,100.2263943378538,100.03475694307456,0.19163739477924935,0.08504694144416192,6.493284412268301,0.01309767692964067,160.0,158.0,-2.0,98.5904072144602,98.50536027301604,11.577147604149427,10.324685527432113,43.986072692138
682177,Daniel Schneemann,2026,280,191,27,33.39160839160839,88.62022862564493,88.55283973372923,0.06738889191569797,-2.14939110932238,8.149408651394845,-0.2637481075334825,225.0,222.0,-3.0,80.10746664835975,82.25685775768213,13.589694590350115,11.54427991556139,43.986072692138
805367,Chase Meidroth,2026,580,337,90,28.27181208053691,116.17336564455532,116.19960932091828,-0.02624367636296654,1.8841008790679439,6.844399365617249,0.27527629210719357,55.0,54.0,-1.0,120.08181221727985,118.1977113382119,10.665801444233184,7.90637465007486,43.986072692138
702616,Jackson Holliday,2026,332,171,43,26.552795031055897,110.70098856357274,110.75054566222518,-0.04955709865244273,1.8324143835385769,8.695456002702034,0.21073240816458283,84.0,93.0,9.0,113.98099536217428,112.1485809786357,13.35926976165528,9.246166629749611,43.986072692138
694497,Evan Carter,2026,412,168,27,20.437956204379564,126.74147245153944,126.80958601257733,-0.06811356103789024,2.2757551548461095,4.832523828572551,0.47092476634891844,13.0,23.0,10.0,132.68713509730628,130.41137994246017,9.548324534032126,7.599809198766898,43.986072692138
691718,Pete Crow-Armstrong,2026,648,466,91,33.84168482207698,104.46572512315318,104.58586706465556,-0.12014194150238211,0.021353392930976156,6.715126067159968,0.0031798945719580746,127.0,130.0,3.0,104.48885177176864,104.46749837883766,11.587348490715115,9.51101832326875,43.986072692138
691016,Tyler Soderstrom,2026,450,238,41,26.125137211855105,103.1356681582894,103.42474698341974,-0.289078825130332,-0.34948992627242603,5.5860762622709155,-0.06256447457277417,134.0,137.0,3.0,102.76457652331074,103.11406644958316,9.999398074065502,8.187081501334754,43.986072692138
663886,Tyler Stephenson,2026,419,194,23,22.716627634660423,110.8550200666628,111.15413231239845,-0.29911224573564255,0.4803576729528345,4.58406028060643,0.10478869027640438,82.0,87.0,5.0,112.81091284727611,112.33055517432328,10.192198480706123,8.19689208967365,43.986072692138
807712,Luke Keaschall,2026,543,240,68,23.4375,113.04762229832372,113.43977675991631,-0.3921544615925967,0.4720316602996064,5.889798117134593,0.08014394566876114,70.0,70.0,0.0,115.04938562867748,114.57735396837788,8.90727086947076,6.876481628394859,43.986072692138
673548,Seiya Suzuki,2026,565,286,67,22.308892355694223,120.88115184820302,121.309063462346,-0.4279116141429853,1.2255134488898705,5.771576191306753,0.21233600809701858,34.0,40.0,6.0,126.28511020307135,125.05959675418148,10.599086509192077,8.971031196496128,43.986072692138
672275,Patrick Bailey,2026,307,194,32,30.647709320695103,89.98031959893827,90.45704873678804,-0.4767291378497731,-1.6394321487263852,7.375876918751367,-0.22226945579291446,219.0,215.0,-4.0,84.55849180724051,86.1979239559669,11.345172646441114,10.09580677768291,43.986072692138
680777,Ryan Jeffers,2026,325,183,50,25.594405594405597,131.4288372081803,131.96843104797654,-0.5395938397962254,8.2712867898191,8.507380676211811,0.9722483458330633,8.0,11.0,3.0,149.0276232281832,140.7563364383641,14.934794625103082,10.673344444047713,43.986072692138
647304,Josh Naylor,2026,575,401,152,38.11787072243346,94.90789871151414,95.4701730820574,-0.562274370543264,-2.1900788861042457,8.774739554960755,-0.24958904733144993,197.0,182.0,-15.0,91.05251262630468,93.24259151240892,11.79006509186044,9.012556660868867,43.986072692138
808982,Jung Hoo Lee,2026,538,304,91,31.83246073298429,107.34729197062003,107.97015951815388,-0.6228675475338434,-0.1374034399746904,7.392680153264833,-0.018586417527344103,109.0,108.0,-1.0,108.24979276761997,108.38719620759466,10.252421718173451,7.051427118158074,43.986072692138
518692,Freddie Freeman,2026,598,382,101,29.339477726574504,118.0492605771281,118.71878602212796,-0.6695254449998629,1.3153386155746034,7.007370169579972,0.18770788237856798,47.0,50.0,3.0,122.54359593243336,121.22825731685876,10.621914825673654,8.002967544855155,43.986072692138
660821,Jesús Sánchez,2026,296,228,59,38.12709030100335,102.37612791342862,103.12299681324922,-0.7468688998205977,-1.5930634110163169,11.276725321392746,-0.14127003767611176,144.0,141.0,-3.0,100.50503026926046,102.09809368027678,17.764490079841252,13.651407092326862,43.986072692138
683737,Michael Busch,2026,643,336,71,25.60975609756097,106.6368367022584,107.52611468458576,-0.8892779823273571,-0.7536351804282759,5.499253395515646,-0.13704318136036903,112.0,109.0,-3.0,107.13782965442265,107.89146483485092,8.771440804087558,7.165790500742899,43.986072692138
502671,Paul Goldschmidt,2026,356,237,71,32.599724896836314,102.3161248913798,103.27860520538766,-0.9624803140078626,-1.612028276294339,10.187372222049776,-0.15823788913938266,145.0,140.0,-5.0,101.11770286361065,102.72973113990498,14.011538905124542,10.42147977504361,43.986072692138
545361,Mike Trout,2026,555,267,37,21.156893819334396,119.24705514185725,120.32893212955364,-1.0818769876963898,-0.15870462840280197,4.920003792458858,-0.03225701342874099,40.0,43.0,3.0,122.9677003819892,123.126405010392,9.266270238750357,7.992335881446038,43.986072692138
669016,Brandon Marsh,2026,523,367,87,36.22902270483712,83.65646957858806,84.76449021663592,-1.1080206380478614,-4.032684311320963,8.026935757215407,-0.5023939935854085,247.0,238.0,-9.0,76.56752417451443,80.6002084858354,10.816741567942676,8.466396657628684,43.986072692138
641487,J. P. Crawford,2026,413,166,50,18.94977168949772,137.43396862548832,138.58856677188678,-1.154598146398456,4.302262360104265,7.053227087038226,0.6099707704024685,6.0,6.0,0.0,149.8260471195314,145.52378475942714,11.335833128504516,8.494783016441525,43.986072692138
695657,Colson Montgomery,2026,571,371,39,32.86093888396812,68.71030895019587,69.92020191710391,-1.2098929669080434,-2.891520171401403,4.598675831931488,-0.6287723416649129,261.0,261.0,0.0,61.27779301692049,64.1693131883219,8.444482152596471,7.559929078289328,43.986072692138
660670,Ronald Acuña,2026,403,259,64,28.46153846153846,109.46139049714137,110.70659997030263,-1.2452094731612675,-0.4161471533110017,8.704625780698201,-0.047807586884869205,90.0,94.0,4.0,112.3900618743794,112.8062090276904,14.086626684378931,11.374967351850172,43.986072692138
805811,Bryce Eldridge,2026,416,232,40,24.81283422459893,120.70539642022248,122.02475250374113,-1.3193560835186418,1.4564975262627513,6.87532627522919,0.21184413189382764,35.0,34.0,-1.0,129.16163823443046,127.7051407081677,13.330001342833,10.805256046560425,43.986072692138
666152,David Hamilton,2026,352,203,48,28.67231638418079,92.46621898123053,93.81397395334524,-1.3477549721147142,-3.0418997027863526,7.486925915608765,-0.4062948848531533,207.0,195.0,-12.0,87.78740334648073,90.82930304926708,11.584409062370367,9.632237107051644,43.986072692138
670042,Luke Raley,2026,284,204,20,34.93150684931507,62.58414754098942,64.02970455445222,-1.4455570134628033,-4.2876982450363315,6.273811959135685,-0.6834279179809891,265.0,266.0,1.0,48.56104578520646,52.84874403024279,10.716033425631013,9.75487403848184,43.986072692138
680757,Steven Kwan,2026,567,226,88,20.124666073018695,142.8890401528212,144.37689011073212,-1.4878499579109246,2.961102161169748,6.8290072463437905,0.43360653376888775,4.0,4.0,0.0,152.123029055314,149.16192689414424,9.065287879447132,6.516274412654939,43.986072692138
592885,Christian Yelich,2026,445,234,42,24.349635796045785,98.6843811424124,100.23178453582872,-1.5474033934163174,-2.4964716462648227,5.81930434072144,-0.42899829603263645,177.0,156.0,-21.0,96.63927429034986,99.13574593661468,11.063387235180285,8.917552670473059,43.986072692138
686555,Isaac Collins,2026,477,198,36,21.382289416846653,117.96156974583494,119.53347073320242,-1.571900987367485,-0.6482753579856961,5.027511803559385,-0.12894556657763176,50.0,47.0,-3.0,121.0559082053642,121.7041835633499,8.842076323045697,7.230967004613846,43.986072692138
670623,Isaac Paredes,2026,586,374,112,27.703703703703702,122.2415837755871,124.0526682154779,-1.8110844398907915,0.7810641018695605,7.325153634913307,0.10662767510388257,30.0,28.0,-2.0,128.43733234022136,127.6562682383518,10.907611026870857,8.134275321067948,43.986072692138
641857,Ryan McMahon,2026,323,184,32,28.70514820592824,89.64888152043139,91.47179360244763,-1.822912082016245,-4.5597048157462154,7.375078711922589,-0.6182584612114003,221.0,209.0,-12.0,82.74578283380296,87.30548764954918,12.656916357236945,10.35177963350866,43.986072692138
666176,Jo Adell,2026,587,445,79,36.50533223954061,88.79310731061842,90.62680226751328,-1.8336949568948597,-3.7936007582984246,6.358071792293532,-0.596659000122735,224.0,214.0,-10.0,82.75209556283829,86.54569632113672,11.511194620577909,9.94058322675583,43.986072692138
681198,TJ Rumfield,2026,569,357,89,30.40885860306644,99.67471368534258,101.62571793619652,-1.9510042508539414,-2.5912476762572396,6.451500664476445,-0.4016503773339572,167.0,148.0,-19.0,98.43453399898134,101.02578167523858,9.474066474918704,7.82851826681348,43.986072692138
694671,Wyatt Langford,2026,400,218,47,27.38693467336684,116.58697105265776,118.57246772530787,-1.9854966726501146,-0.4879305569425867,7.21662180218372,-0.06761204484831683,53.0,51.0,-2.0,121.13584557768634,121.62377613462893,11.309452778339953,8.872351063692454,43.986072692138
671056,Iván Herrera,2026,637,383,97,28.905660377358487,102.93057954732478,105.18339776012492,-2.252818212800136,-2.676801982179555,6.407856863007207,-0.4177374806283254,136.0,124.0,-12.0,102.5309269309065,105.20772891308606,9.629256432187674,7.766658369105607,43.986072692138
678246,Miguel Vargas,2026,619,268,86,21.15232833464877,143.0173321415613,145.36575258345076,-2.348420441889459,4.1854978891448695,6.405873899263138,0.6533843711201252,3.0,3.0,0.0,157.16576978350952,152.98027189436465,11.202590188056586,8.118698038621565,43.986072692138
670541,Yordan Álvarez,2026,597,384,100,29.17933130699088,108.92127027998632,111.32429239433009,-2.40302211434377,-2.437820652710485,7.198072341637338,-0.33867687583644884,91.0,86.0,-5.0,110.61416842950014,113.05198908221062,11.332516341884142,9.798011801221278,43.986072692138
607043,Brandon Nimmo,2026,587,317,76,28.63595302619693,106.08434682152284,108.52882582257448,-2.444479001051633,-2.515180327197129,6.340239257230932,-0.3967011693334143,115.0,104.0,-11.0,106.59313425783787,109.108314585035,10.191542332988291,7.617061162911633,43.986072692138
683083,Nasim Nuñez,2026,464,233,62,25.74585635359116,112.94862854101002,115.53554032702388,-2.5869117860138573,-1.9122193116637476,6.984558559396929,-0.27377812003466906,71.0,60.0,-11.0,115.37452071770298,117.28674002936673,9.86225289528894,7.632410164629578,43.986072692138
542303,Marcell Ozuna,2026,278,179,37,26.75635276532137,100.87759755360588,103.48460004467051,-2.607002491064634,-4.35172029446197,8.71907124253654,-0.4991036514568005,159.0,134.0,-25.0,98.32100391117255,102.67272420563452,15.751214047515248,13.486606432785615,43.986072692138
695731,Braden Montgomery,2026,308,169,27,27.170418006430868,103.0672028492482,105.71821766636822,-2.6510148171200143,-3.3190033834364385,6.693795399818153,-0.49583281011645564,135.0,118.0,-17.0,102.57257365687504,105.89157704031147,11.245551823033548,9.463837296956475,43.986072692138
596019,Francisco Lindor,2026,385,270,71,29.96670366259712,102.01805613770924,104.67240088989529,-2.6543447521860486,-3.9216214661242788,8.884482105548061,-0.44140124540015196,148.0,128.0,-20.0,100.61980196931222,104.5414234354365,14.158969501264272,11.112704199784208,43.986072692138
666139,Josh Lowe,2026,300,240,56,35.450516986706056,102.80174169390142,105.49522222192644,-2.6934805280250202,-4.09675908439614,10.670044121367285,-0.38394959175400034,139.0,121.0,-18.0,101.6015672341571,105.69832631855324,16.00306049134763,12.515158799162291,43.986072692138
669224,Austin Wells,2026,344,210,27,29.126213592233007,95.86694666076215,98.61514450474978,-2.748197843987626,-4.329024605004577,5.707965118755871,-0.7584181954405753,191.0,164.0,-27.0,92.36904918990038,96.69807379490496,11.843974148379402,10.203324438667572,43.986072692138
668227,Randy Arozarena,2026,594,388,105,30.74484944532488,120.59037135324076,123.38992230410597,-2.7995509508652106,0.3460750798158472,7.794162202417395,0.044401831887526076,37.0,29.0,-8.0,128.1213779867348,127.77530290691897,12.624259839651431,9.133972880956458,43.986072692138
802139,JJ Wetherholt,2026,583,244,75,21.217391304347828,125.114077350763,127.94177222658898,-2.8276948758259834,-1.3897568445717923,5.789494238342277,-0.2400480572841412,19.0,19.0,0.0,130.39988429494628,131.78964113951807,9.349985389522624,7.658481135199396,43.986072692138
680776,Jarren Duran,2026,565,376,60,34.91179201485608,64.17203520090912,67.00635785698633,-2.8343226560772052,-5.254743912471021,5.705921842279811,-0.9209281265534263,263.0,263.0,0.0,55.266684889768,60.52142880223902,8.706479610249863,7.7142930866425905,43.986072692138
608070,José Ramírez,2026,472,307,90,29.293893129770996,107.54056869972044,110.45278143290348,-2.91221273318304,-2.8573340719324847,8.39911077019799,-0.34019483134702483,107.0,97.0,-10.0,109.05217833041463,111.90951240234712,12.85284635167714,9.694520488457703,43.986072692138
663586,Austin Riley,2026,566,408,75,32.92978208232446,74.03482790602821,76.96373153165408,-2.928903625625864,-5.915042269184653,6.000597111385363,-0.9857422785411837,260.0,256.0,-4.0,64.68552230675553,70.60056457594018,10.267651330574482,8.893837064939431,43.986072692138
665833,Oneil Cruz,2026,354,259,45,31.3180169286578,103.8968382840594,106.84194017055265,-2.945101886493248,-4.149456784094809,8.517657103803494,-0.48715940704420957,130.0,113.0,-17.0,103.5835946914108,107.7330514755056,14.504991134215198,13.14777754282933,43.986072692138
805808,Kevin McGonigle,2026,632,251,75,19.7172034564022,126.26245036446574,129.3890842885782,-3.1266339241124683,-1.2109800196260494,5.629396128745381,-0.21511721540476128,15.0,16.0,1.0,131.16277420367663,132.37375422330268,8.762889659919237,6.541425936748976,43.986072692138
656305,Matt Chapman,2026,348,186,49,26.308345120226303,104.11557250173978,107.28947241545842,-3.1738999137186426,-4.00729360462951,7.779275806551647,-0.5151242486163812,129.0,110.0,-19.0,103.98141250200182,107.98870610663133,12.562072373693857,10.42233058942711,43.986072692138
682626,Francisco Álvarez,2026,374,277,51,32.0973348783314,88.43513510640908,91.67801895445352,-3.2428838480444426,-7.729153365628548,8.015466408920814,-0.9642799272449556,227.0,208.0,-19.0,77.50224350176778,85.23139686739633,15.311254532333145,12.975697015323703,43.986072692138
686469,Vinnie Pasquantino,2026,426,277,62,30.141458106637646,110.46760490946924,113.79810400141784,-3.330499091948596,-3.14177036542398,7.4247009017400885,-0.42315110157335223,87.0,67.0,-20.0,112.73658954592204,115.87835991134602,11.323110909596071,9.10668457924973,43.986072692138
808959,Munetaka Murakami,2026,470,253,34,22.36958443854996,108.35875200417044,111.72812092914116,-3.369368924970715,-3.850890354092442,5.117701527824648,-0.7524648190511645,95.0,82.0,-13.0,109.64257545461948,113.49346580871192,10.54777153024788,9.600407867717337,43.986072692138
592626,Joc Pederson,2026,418,257,63,29.953379953379955,102.46998414385224,105.99636985546398,-3.526385711611738,-4.902578652621926,7.957135654782177,-0.6161235481357559,142.0,116.0,-26.0,101.3984282886328,106.30100694125473,13.76537342161879,10.558766351312302,43.986072692138
605137,Josh Bell,2026,568,366,106,30.247933884297524,105.57078019542888,109.13329994021268,-3.562519744783799,-4.053332460349935,7.602717173887251,-0.5331426077865626,121.0,103.0,-18.0,106.04001617766713,110.09334863801706,11.749738288687976,9.050872782422598,43.986072692138
543807,George Springer,2026,463,239,50,25.344644750795336,111.193702118215,114.84413225366453,-3.6504301354495254,-3.9371452970898417,6.032743248001606,-0.6526293487451256,80.0,63.0,-17.0,113.30553473724962,117.24268003433946,10.323081098610327,9.242078942947009,43.986072692138
677587,Brayan Rocchio,2026,532,358,95,33.741753063147975,94.43645553092828,98.11472716855016,-3.678271637621876,-5.575740786299107,7.627987565439676,-0.7309582951552337,200.0,169.0,-31.0,91.2224703752829,96.798211161582,10.507169389011889,8.144328848078953,43.986072692138
680700,Richie Palacios,2026,354,248,67,32.375979112271544,101.44852565899537,105.25775427024016,-3.809228611244791,-5.313356013322959,9.101666248335206,-0.5837783839079828,154.0,123.0,-31.0,100.01701431010788,105.33037032343084,12.87361193019672,10.853983839997456,43.986072692138
687859,Troy Johnston,2026,415,287,73,36.19167717528373,98.16835925196314,102.03141525832328,-3.8630560063601393,-6.35538572327134,9.032168366486712,-0.7036389785261971,181.0,144.0,-37.0,94.76564481057736,101.1210305338487,13.667669045234945,10.2727268799483,43.986072692138
656716,Zach McKinstry,2026,396,205,51,28.954802259887007,104.22154281804076,108.11815179249048,-3.8966089744497197,-4.610474507788169,7.439948285742621,-0.6196917412212863,128.0,107.0,-21.0,104.1587864300353,108.76926093782347,10.772962347859451,8.596231678586376,43.986072692138
805300,Jakob Marsee,2026,556,231,52,21.38888888888889,125.9436483688886,129.8730279142209,-3.9293795453322957,-2.162516563363596,5.696818186325257,-0.37960076882118843,16.0,13.0,-3.0,131.4731253516159,133.6356419149795,9.377083045450004,7.27269093786656,43.986072692138
593428,Xander Bogaerts,2026,544,247,65,23.23612417685795,125.4273992257541,129.39839245342995,-3.970993227675848,-1.9411170625479883,6.543951349258265,-0.2966276732433238,17.0,15.0,-2.0,131.32017763175227,133.26129469430026,9.798380558893689,7.440431588383794,43.986072692138
665487,Fernando Tatís,2026,626,306,84,26.44770959377701,101.56014748106924,105.59992753979508,-4.039780058725839,-4.833855055284602,6.41620597397539,-0.7533821505872907,152.0,119.0,-33.0,100.85029804866772,105.68415310395233,9.241411674334875,7.262918684751807,43.986072692138
669127,Shea Langeliers,2026,414,276,65,32.432432432432435,99.7695616380084,103.91789755158446,-4.148335913576062,-6.479104878303843,8.277603253439928,-0.7827271590494892,166.0,132.0,-34.0,96.92440616896414,103.40351104726798,14.49585386443026,12.63476785424403,43.986072692138
641680,Jonah Heim,2026,352,225,66,33.582089552238806,91.77338945181964,96.0863812350164,-4.312991783196765,-8.151052967192427,9.46248612946608,-0.8614071244775868,211.0,180.0,-31.0,85.36312521332881,93.51417818052124,13.18245339601966,10.01226877478778,43.986072692138
669707,Jared Triolo,2026,334,156,38,25.32467532467532,111.34548940974643,115.73640737411436,-4.3909179643679295,-4.518963158540259,7.916891561223587,-0.5708001838339991,78.0,59.0,-19.0,113.97333021396588,118.49229337250614,11.388754539066808,9.484335513386537,43.986072692138
661388,William Contreras,2026,578,309,93,28.24497257769653,101.58166257804976,105.9859191164454,-4.404256538395643,-5.418333086484921,6.564405400565731,-0.8254111006029519,151.0,117.0,-34.0,100.74665831941388,106.1649914058988,10.06113601488359,8.140076356253465,43.986072692138
668939,Adley Rutschman,2026,359,200,61,25.54278416347382,123.96013162421188,128.36670942189707,-4.406577797685188,-1.5374688295086685,9.207051599958906,-0.16698818430815907,22.0,18.0,-4.0,135.4825184897183,137.01998731922697,14.2061889575278,11.379683781360304,43.986072692138
682657,Angel Martínez,2026,369,291,88,42.23512336719884,88.39481865247856,92.85700383939556,-4.462185186916997,-11.542712038470626,11.121722116264566,-1.037852943798191,228.0,204.0,-24.0,76.27428052702759,87.81699256549821,16.10114499123164,12.01530002032466,43.986072692138
677951,Bobby Witt,2026,557,382,108,32.93103448275862,102.0541324896196,106.63608288792037,-4.581950398300762,-5.896135827671685,7.85348422955201,-0.750766876883131,147.0,114.0,-33.0,101.15035599427412,107.0464918219458,11.47027185928009,9.48151626298968,43.986072692138
657757,Gavin Sheets,2026,412,297,82,31.03448275862069,82.23530939496192,86.895338815903,-4.660029420941086,-9.365525194295444,8.432996830819452,-1.1105808981295888,252.0,227.0,-25.0,72.49471640063567,81.86024159493111,12.2662935876531,9.841032665565576,43.986072692138
686681,Michael Massey,2026,391,279,82,38.16689466484268,87.20351480811607,91.8741944389432,-4.670679630827138,-11.608351876163482,9.486774980282686,-1.223635207991154,235.0,207.0,-28.0,75.95332464298215,87.56167651914564,14.96554453961686,10.691561120270862,43.986072692138
592518,Manny Machado,2026,601,378,99,30.215827338129497,106.04205017006132,110.99151079670716,-4.949460626645845,-5.687684100659268,6.98347177207302,-0.8144493578973684,116.0,92.0,-24.0,106.6744084934114,112.36209259407067,11.507960145491014,8.967601536565512,43.986072692138
807799,Masataka Yoshida,2026,295,155,56,28.18181818181818,110.25401973937508,115.2183650053054,-4.964345265930319,-5.307496834877725,10.421890444870199,-0.5092643089037795,88.0,62.0,-26.0,114.50114010873904,119.80863694361676,15.77203122677178,12.548104934251665,43.986072692138
678662,Ezequiel Tovar,2026,463,410,95,44.42036836403034,59.64183670178196,64.76239027497523,-5.12055357319327,-12.425047180614285,8.518955988602631,-1.4585175926765614,266.0,265.0,-1.0,42.721247644311546,55.14629482492583,11.377750444071657,9.128424857152098,43.986072692138
643446,Jeff McNeil,2026,460,290,80,35.53921568627451,92.1893497099038,97.4342651442547,-5.244915434350901,-8.150716941022267,7.966415127963875,-1.0231348492512589,209.0,173.0,-36.0,87.4968082004105,95.64752514143277,11.46918063324539,9.05374105574344,43.986072692138
683002,Gunnar Henderson,2026,646,401,86,30.68094873756695,88.01395126630815,93.33348859688412,-5.319537330575969,-7.487548421717364,6.1376510581261,-1.219937130802513,230.0,201.0,-29.0,84.3119229042446,91.79947132596196,8.79449653759394,6.762315167905936,43.986072692138
670764,Taylor Walls,2026,409,200,46,24.57002457002457,107.66631944880804,113.00442721097154,-5.338107762163503,-6.072326990520324,6.701594922006077,-0.906101765503698,105.0,74.0,-31.0,108.65000845627428,114.7223354467946,10.166354619933912,8.678328949389085,43.986072692138
624413,Pete Alonso,2026,626,386,97,27.789776817854573,116.5165538817858,121.8926698772191,-5.3761159954333095,-4.718196377424746,7.015256919555376,-0.6725621643695672,54.0,37.0,-17.0,121.9829100843341,126.70110646175884,12.43362043701495,9.980298166877663,43.986072692138
681082,Bryson Stott,2026,540,353,110,30.66898349261512,116.08618356109328,121.47796486086852,-5.391781299775246,-4.239207821685042,8.48835612642434,-0.4994144635954121,56.0,39.0,-17.0,120.95352729826308,125.19273511994813,11.946819577806632,8.882162815980093,43.986072692138
665877,José Fermín,2026,330,145,55,21.87028657616893,123.76032971390512,129.18454703353382,-5.424217319628696,-2.142583502144902,9.124761430835264,-0.23480981046852134,24.0,17.0,-7.0,132.33124863617493,134.47383213831984,12.31545148730816,8.74489791492169,43.986072692138
650490,Yandy Díaz,2026,613,338,122,29.012875536480685,115.78135786029952,121.29452951349506,-5.513171653195542,-4.80372044828502,7.527861262602601,-0.6381255287141455,60.0,41.0,-19.0,119.71421487747926,124.51793532576428,10.881857664852625,8.320462217921698,43.986072692138
686797,Brooks Lee,2026,561,376,80,34.68634686346864,84.18198292200657,89.71532522728808,-5.533342305281508,-8.034388011195901,6.489200650844121,-1.2381167486554419,246.0,219.0,-27.0,79.19585660577562,87.23024461697152,9.188772538669406,7.522809163413067,43.986072692138
630105,Jake Cronenworth,2026,361,218,39,28.64651773981603,82.59957108216254,88.15274756959275,-5.553176487430207,-8.818843746018885,6.753857926706513,-1.3057490758203367,251.0,225.0,-26.0,75.04509374860837,83.86393749462725,10.892312261875142,9.414510905000895,43.986072692138
663757,Trent Grisham,2026,486,187,41,19.238683127572017,126.88409920545602,132.58987052108503,-5.705771315629008,-4.569078910024444,5.050432920192042,-0.9046905447960499,12.0,9.0,-3.0,132.45225604399164,137.02133495401608,9.210866843619144,7.493362504224745,43.986072692138
671732,Lawrence Butler,2026,471,248,57,24.652087475149106,107.01510280428944,112.81555432298212,-5.800451518692682,-6.925653730711446,6.767805255879008,-1.023323436308295,111.0,75.0,-36.0,108.06064101241148,114.98629474312293,11.716637734996722,9.873096764235957,43.986072692138
666160,Mickey Moniak,2026,392,315,54,42.915531335149865,48.82249803598344,54.63125753641375,-5.808759500430305,-12.893521595554436,7.612634452113739,-1.6937003446913697,267.0,267.0,0.0,29.534772432523997,42.42829402807843,10.901396885300404,9.192017751874143,43.986072692138
605141,Mookie Betts,2026,453,164,45,20.603015075376884,118.26030862654,124.14149935813614,-5.881190731596149,-5.922149951650184,5.782252881384273,-1.0241942151503445,45.0,27.0,-18.0,121.15451741351198,127.07666736516217,8.458658383595283,7.324107788288552,43.986072692138
701807,Carson Benge,2026,574,332,81,28.424657534246577,103.31879019518853,109.24476838993174,-5.925978194743209,-6.93424507419104,6.971539308176435,-0.9946505022295928,133.0,102.0,-31.0,102.99877761513724,109.93302268932828,10.036853041427314,7.561019784148618,43.986072692138
650402,Gleyber Torres,2026,376,154,32,19.27409261576971,138.1688383704898,144.20172994084314,-6.032891570353343,-4.955171172713904,6.330646527650877,-0.7827275067516092,5.0,5.0,0.0,147.57820957080656,152.53338074352047,9.769740288011825,8.617700487870783,43.986072692138
681393,Connor Norby,2026,324,186,28,28.139183055975792,96.0934667191004,102.37151651244454,-6.278049793344138,-8.457759326216063,6.278454226523829,-1.3471085431324141,190.0,142.0,-48.0,93.1957639407906,101.65352326700666,10.925931843432084,9.686309896180637,43.986072692138
642715,Willy Adames,2026,504,322,62,31.56862745098039,87.48337123365762,93.99770371449452,-6.514332480836899,-9.531841368946516,7.0598589575860995,-1.3501461468581002,233.0,194.0,-39.0,82.11276986231707,91.64461123126358,10.425228448651454,8.623447494175826,43.986072692138
700250,Ben Rice,2026,592,312,69,25.304136253041364,105.67806667258924,112.24946218026912,-6.571395507679881,-7.463329479501041,5.987332005654121,-1.246520064772267,118.0,79.0,-39.0,106.02014721440143,113.48347669390247,9.599579588983378,7.730890855994231,43.986072692138
621020,Dansby Swanson,2026,460,242,49,26.304347826086957,92.39340040773864,99.00348975097096,-6.610089343232318,-9.055063717678166,5.760266412497005,-1.5719869654002525,208.0,163.0,-45.0,88.60464394853112,97.65970766620929,10.39283481425773,8.812925564748129,43.986072692138
605170,Víctor Caratini,2026,344,169,31,25.6838905775076,108.57602580916496,115.3717788385427,-6.795753029377735,-7.66162816105097,6.869021417927421,-1.1153885968465507,92.0,61.0,-31.0,109.76458530849838,117.42621346954935,9.880907505941355,8.332124150023143,43.986072692138
686217,Sal Frelick,2026,349,152,47,23.78716744913928,103.81424688771791,110.63343540684733,-6.819188519129412,-8.215671687080999,8.067739168150228,-1.0183363041178597,131.0,95.0,-36.0,103.59505697356848,111.81072866064947,11.256099880484015,8.573270729242358,43.986072692138
803011,Sam Antonacci,2026,495,212,59,21.855670103092784,115.30677416648282,122.24664122779046,-6.939867061307638,-6.896707694407297,6.350346169226266,-1.0860364948022354,62.0,32.0,-30.0,118.03437697124453,124.93108466565182,9.257505957105,7.379965185433492,43.986072692138
665742,Juan Soto,2026,394,170,47,20.023557126030624,123.81598178269144,130.761474177736,-6.9454923950445675,-7.518028880958042,6.569194336598714,-1.1444369728983539,23.0,12.0,-11.0,131.5584179561029,139.07644683706093,11.688315917165824,10.622991518379864,43.986072692138
621493,Taylor Ward,2026,590,186,39,15.233415233415236,145.06008992131405,152.01774482680122,-6.957654905487175,-6.796275938787431,4.293622638271435,-1.582876864447393,1.0,2.0,1.0,150.8661785659911,157.66245450477854,6.993766055941486,6.476332224632903,43.986072692138
679845,Nick Loftin,2026,388,182,57,24.863387978142075,105.65007520973202,112.64624349613672,-6.996168286404696,-8.034104971946405,7.843682188194486,-1.0242772181716546,119.0,77.0,-42.0,106.0381883772731,114.0722933492195,10.33955053876571,8.090940157561894,43.986072692138
668885,Austin Martin,2026,336,116,23,17.901234567901234,125.26787580563338,132.28882185094614,-7.020946045312755,-6.942887084368522,6.029986703091511,-1.1513934318974495,18.0,10.0,-8.0,130.5585455306879,137.50143261505642,9.319739295641932,8.171784406787383,43.986072692138
701358,Cam Smith,2026,506,319,59,29.813084112149536,85.42086046528055,92.74314656596844,-7.32228610068789,-9.904359454508594,6.399244195569092,-1.547738944134447,240.0,205.0,-35.0,80.04656288527298,89.95092233978157,9.84607223934309,8.901731613765714,43.986072692138
680574,Matt McLain,2026,452,250,49,26.399155227032733,105.03962319126909,112.44955911260703,-7.409935921337947,-8.611903601847516,6.833154075365827,-1.2603116374756207,122.0,78.0,-44.0,105.22419786761196,113.83610146945948,9.994015491448106,8.083307665936415,43.986072692138
663837,Matt Vierling,2026,292,173,46,32.15613382899628,92.87680666810846,100.30996413097294,-7.433157462864486,-12.601134950008628,10.011002187737615,-1.2587286181441097,204.0,155.0,-49.0,86.00238343845957,98.6035183884682,14.28967316013798,11.21855187194342,43.986072692138
694374,Tim Tawa,2026,295,202,57,32.52818035426731,93.80037879522048,101.24677631007368,-7.446397514853203,-13.714036257227335,10.75388667846172,-1.2752632296836743,201.0,151.0,-50.0,86.02002139653945,99.73405765376678,15.85017770534632,11.794189673858988,43.986072692138
656555,Rhys Hoskins,2026,318,155,30,22.43125904486252,102.61493563554788,110.06308320809283,-7.448147572544954,-10.65265083147878,6.977818583470035,-1.5266448538393025,140.0,98.0,-42.0,101.57623257116822,112.228883402647,14.090243106235045,12.270973626881194,43.986072692138
672695,Geraldo Perdomo,2026,608,270,96,21.12676056338028,144.654031338034,152.19333148585696,-7.539300147822956,-1.400910170917257,7.179190404408928,-0.1951348400032574,2.0,1.0,-1.0,157.10188713605606,158.50279730697332,10.291919584674208,6.834306576947231,43.986072692138
663457,Lars Nootbaar,2026,272,106,29,19.378427787934186,118.31327955683344,126.12584306780842,-7.812563510974982,-8.766166530268322,7.745191947852499,-1.131820436380393,44.0,24.0,-20.0,124.92793321741692,133.69409974768524,12.76325377182278,11.193647528759463,43.986072692138
668709,JJ Bleday,2026,485,217,33,22.675026123301983,119.16657834211894,127.1724924299888,-8.005914087869854,-8.743122480744049,5.130356143901435,-1.7041940628502346,41.0,21.0,-20.0,121.99048118192552,130.73360366266957,8.094713207020321,7.494549363466021,43.986072692138
701762,Nick Kurtz,2026,428,233,22,23.51160443995964,114.18758150317429,122.34346446424462,-8.155882961070333,-10.633521851297047,4.761632466217613,-2.2331672859547163,65.0,31.0,-34.0,117.69076143550404,128.3242832868011,11.075426663019034,10.984716237145266,43.986072692138
668930,Brice Turang,2026,613,324,82,25.0,111.84690702680189,120.04738107877976,-8.200474051977878,-9.05790449023334,6.290486317754431,-1.4399370784208014,75.0,46.0,-29.0,113.6162006390241,122.67410512925744,9.024557807908003,7.816904841961932,43.986072692138
571448,Nolan Arenado,2026,529,367,107,31.91304347826087,85.87841592478225,94.08725164085236,-8.208835716070112,-13.25626164179441,7.980621558745773,-1.6610562904423387,238.0,192.0,-46.0,78.35588566262867,91.61214730442308,11.791835915252516,8.880264570057825,43.986072692138
691026,Masyn Winn,2026,492,237,64,24.35765673175745,105.77397355506044,114.02616716924678,-8.25219361418634,-9.5456945541452,6.861904406504546,-1.3911144761936107,117.0,65.0,-52.0,106.21975428582697,115.76544883997217,10.567103451794404,8.220590876734603,43.986072692138
694208,Moisés Ballesteros,2026,300,243,51,36.93009118541033,77.5418205502999,85.87264266692064,-8.330822116620737,-17.15534584197505,9.66149570603143,-1.7756407873022597,258.0,232.0,-26.0,60.55126218603672,77.70660802801177,14.717314166056704,12.193751136665798,43.986072692138
650859,Luis Rengifo,2026,353,225,58,30.991735537190085,107.62373567070532,115.98995292274144,-8.366217252036122,-9.84640114422136,9.641088456067628,-1.0212955922030276,106.0,58.0,-48.0,109.0057941013496,118.85219524557095,12.129840509353864,9.553029101272392,43.986072692138
672724,Oswald Peraza,2026,344,261,44,38.72403560830861,66.57530121886796,75.02206206570634,-8.446760846838373,-15.238339363878168,8.981990837453449,-1.696543632658448,262.0,259.0,-3.0,49.75821720853574,64.99655657241391,12.338614973150744,10.796580278344424,43.986072692138
702284,Cole Young,2026,581,341,127,30.915684496826835,103.5221922114468,112.01720729171625,-8.495015080269454,-10.489563862317752,8.015141650106475,-1.3087184631575919,132.0,81.0,-51.0,103.13331823662524,113.622882098943,12.270506468814467,8.964197968264758,43.986072692138
695578,James Wood,2026,556,279,46,21.968503937007878,113.26042619250131,121.98158950614,-8.721163313638684,-10.048569672545696,5.468479361889341,-1.8375436766892999,69.0,35.0,-34.0,115.83290608521258,125.88147575775828,9.97542193895777,8.964470516355814,43.986072692138
606466,Ketel Marte,2026,548,340,99,32.196969696969695,89.03328794710585,97.99530054061276,-8.962012593506913,-12.955786252264673,7.581561728283353,-1.708854549575523,222.0,170.0,-52.0,83.51253379146584,96.46832004373051,11.08998712433154,8.69656140009804,43.986072692138
545121,Ildemaro Vargas,2026,457,328,118,40.09779951100245,85.4390808683296,94.53465722393037,-9.09557635560077,-14.444541071809866,9.839052707936455,-1.4680824974297064,239.0,189.0,-50.0,77.82679521144365,92.27133628325352,11.723794402907096,8.670745955884517,43.986072692138
672515,Gabriel Moreno,2026,487,329,96,29.40125111706881,120.5938200214636,129.79111059848162,-9.197290577018023,-8.669573195346246,8.570921021674765,-1.0115101018224297,36.0,14.0,-22.0,127.78473342085316,136.4543066161994,12.33460285445645,9.694137192625645,43.986072692138
521692,Salvador Pérez,2026,571,548,151,45.32671629445823,64.03759722820209,73.27034306738766,-9.232745839185569,-17.65819314190575,8.637465990272435,-2.0443719444791455,264.0,260.0,-4.0,46.141187509822686,63.799380651728434,12.321843430498037,10.200356241270898,43.986072692138
663728,Cal Raleigh,2026,459,401,81,35.86762075134168,82.92736188443169,92.5730686016556,-9.645706717223916,-15.66291617639277,7.564075686974278,-2.070697970852553,250.0,206.0,-44.0,71.54739330666284,87.21030948305561,13.470297776298333,12.252122683095648,43.986072692138
650333,Luis Arráez,2026,593,366,149,34.07821229050279,115.42336522111415,125.39632808491449,-9.972962863800333,-9.51876965848632,8.687191853076888,-1.0957245815993921,61.0,26.0,-35.0,119.16760643391206,128.68637609239838,10.788845867498017,7.51141132069176,43.986072692138
691781,Brady House,2026,312,207,47,33.99014778325123,90.44258060532624,100.60961320789094,-10.167032602564703,-15.162265866709319,9.352066650848366,-1.621274359217049,217.0,153.0,-64.0,83.7400257954276,98.90229166213692,12.821248929114246,11.594486753395602,43.986072692138
687551,Drew Gilbert,2026,356,186,42,26.05042016806723,101.2354985379408,111.43502032679116,-10.199521788850362,-12.863623272581322,7.257670379677716,-1.7724176766970428,156.0,84.0,-72.0,100.18107935078348,113.0447026233648,10.671115105524924,9.375187440351135,43.986072692138
666397,Edouard Julien,2026,276,105,20,18.617021276595743,112.91726936677638,123.2619444381701,-10.344675071393723,-12.78777969840337,6.931417466140226,-1.8449010986383816,72.0,30.0,-42.0,116.19261786890016,128.98039756730353,11.480685190071126,10.466833783216318,43.986072692138
677594,Julio Rodríguez,2026,581,472,123,39.105219552609775,80.67303357950175,91.14143520637028,-10.468401626868527,-16.19131651310927,8.4452234536096,-1.9172158797277161,256.0,211.0,-45.0,71.23819207634126,87.42950858945053,11.668150795677626,9.654201591121955,43.986072692138
686527,Dominic Canzone,2026,457,328,88,35.005336179295625,90.83681610281089,101.8158386243958,-10.979022521584909,-15.97636276042158,8.478940825594321,-1.8842403891056445,215.0,146.0,-69.0,84.83656844401384,100.81293120443542,12.305901321451588,10.41571252379761,43.986072692138
663656,Kyle Tucker,2026,558,273,60,24.22360248447205,110.6960685018726,122.16431074567836,-11.468242243805761,-12.654883004027681,5.9322603291144596,-2.1332312309221844,85.0,33.0,-52.0,112.03591931712651,124.6908023211542,8.541681529554527,7.176749226984192,43.986072692138
592663,J. T. Realmuto,2026,409,247,70,29.90314769975787,94.57384705808836,106.20248290392504,-11.628635845836683,-16.41960455679272,8.792485558824465,-1.867458802967654,199.0,115.0,-84.0,90.13310378030204,106.55270833709476,12.436688448266958,10.266209839099991,43.986072692138
641343,Jake Bauers,2026,518,238,32,20.82239720034996,121.5651489501517,133.2379583870449,-11.672809436893203,-13.383103651911568,4.774675304170048,-2.802934817415374,33.0,7.0,-26.0,125.42809827541612,138.8112019273277,8.780887244897013,8.306299681300862,43.986072692138
672580,Maikel García,2026,309,132,48,23.03664921465969,99.22193799476084,111.3501510617008,-12.128213066939963,-16.195752103611966,9.003213325689847,-1.7988857442041128,171.0,85.0,-86.0,96.90307521991508,113.09882732352705,12.37625111014367,9.837094870029723,43.986072692138
665489,Vladimir Guerrero,2026,548,325,111,30.176415970287835,108.2949036930244,120.60817639216609,-12.313272699141692,-13.854570973038065,8.329638846883075,-1.663285915237778,96.0,42.0,-54.0,109.64205051748802,123.49662149052608,10.893122325651827,8.048072569244923,43.986072692138
663538,Nico Hoerner,2026,623,367,131,33.18264014466546,92.83898634149762,110.02676466809142,-17.1877783265938,-20.606919974102823,7.907147101895043,-2.6061131415101824,205.0,99.0,-106.0,90.12486539364696,110.73178536774978,8.964119611456937,7.026633997541583,43.986072692138
